mouse1,mouse2,tissue,cell_type,n_cells,det1,det2,pct_coexpr,cell_R,cell_p,coexpr_rho,coexpr_p,pb_r,pb_p,n_mice,cell_BH,pb_BH,pathway,pw_name,gene1,gene2,kind
Socs3,Irs2,liver,HSC_Fibroblast,2024,0.521739130434783,0.284584980237154,0.229249011857708,0.203581879808735,2.23864931064514e-20,0.0590376026004669,0.204303390339167,0.827599566158955,0.021550811154129,7,3.51244076840222e-17,0.421600743475285,hsa04920,Adipocytokine signaling pathway,SOCS3,IRS2,coherent
Socs3,Irs2,liver,HSC_Fibroblast,2024,0.521739130434783,0.284584980237154,0.229249011857708,0.203581879808735,2.23864931064514e-20,0.0590376026004669,0.204303390339167,0.827599566158955,0.021550811154129,7,3.51244076840222e-17,0.421600743475285,hsa04931,Insulin resistance,SOCS3,IRS2,coherent
Il6,Stat3,liver,HSC_Fibroblast,2024,0.303359683794466,0.357707509881423,0.173418972332016,0.17053332027003,1.12728038874806e-14,0.24769686798466,2.6343177089703e-06,0.853564073231498,0.0145420039567991,7,8.84351464972857e-12,0.400406768374144,hsa04068,FoxO signaling pathway,IL6,STAT3,coherent
Il6,Stat3,liver,HSC_Fibroblast,2024,0.303359683794466,0.357707509881423,0.173418972332016,0.17053332027003,1.12728038874806e-14,0.24769686798466,2.6343177089703e-06,0.853564073231498,0.0145420039567991,7,8.84351464972857e-12,0.400406768374144,hsa04931,Insulin resistance,IL6,STAT3,coherent
Mapk8,Irs2,liver,HSC_Fibroblast,2024,0.0790513833992095,0.284584980237154,0.0523715415019763,0.168829760876944,2.07786543698114e-14,0.434264553996524,4.16315266226644e-06,0.814515951932493,0.0256828267989347,7,1.08672362354113e-11,0.421600743475285,hsa04910,Insulin signaling pathway,MAPK8,IRS2,discordant
Mapk8,Irs2,liver,HSC_Fibroblast,2024,0.0790513833992095,0.284584980237154,0.0523715415019763,0.168829760876944,2.07786543698114e-14,0.434264553996524,4.16315266226644e-06,0.814515951932493,0.0256828267989347,7,1.08672362354113e-11,0.421600743475285,hsa04920,Adipocytokine signaling pathway,MAPK8,IRS2,discordant
Mapk8,Irs2,liver,HSC_Fibroblast,2024,0.0790513833992095,0.284584980237154,0.0523715415019763,0.168829760876944,2.07786543698114e-14,0.434264553996524,4.16315266226644e-06,0.814515951932493,0.0256828267989347,7,1.08672362354113e-11,0.421600743475285,hsa04931,Insulin resistance,MAPK8,IRS2,discordant
Stat3,Junb,liver,HSC_Fibroblast,2024,0.357707509881423,0.889328063241107,0.342885375494071,0.143056150347374,1.01138123539394e-10,-0.245907129808814,5.11401295252355e-11,0.688439007865317,0.087235023392489,7,3.96714289583272e-08,0.529025639397072,hsa04935,"Growth hormone synthesis, secretion and action",STAT3,JUNB,coherent
Ogt,Pik3ca,liver,Kupffer_cell,202,0.099009900990099,0.0693069306930693,0.0396039603960396,0.425408685899512,2.77127349760905e-10,,,0.165593241735657,0.722718586486456,7,8.69625623549719e-08,0.909969376023106,hsa04931,Insulin resistance,OGT,PIK3CA,discordant
Stat3,Socs3,liver,HSC_Fibroblast,2024,0.357707509881423,0.521739130434783,0.261857707509881,0.137887810594075,4.68332902208857e-10,0.212461110201408,7.96846620830473e-07,0.740231306914424,0.057101107919003,7,1.22469053927616e-07,0.48099432284387,hsa04920,Adipocytokine signaling pathway,STAT3,SOCS3,coherent
Stat3,Socs3,liver,HSC_Fibroblast,2024,0.357707509881423,0.521739130434783,0.261857707509881,0.137887810594075,4.68332902208857e-10,0.212461110201408,7.96846620830473e-07,0.740231306914424,0.057101107919003,7,1.22469053927616e-07,0.48099432284387,hsa04931,Insulin resistance,STAT3,SOCS3,coherent
Stat3,Socs3,liver,HSC_Fibroblast,2024,0.357707509881423,0.521739130434783,0.261857707509881,0.137887810594075,4.68332902208857e-10,0.212461110201408,7.96846620830473e-07,0.740231306914424,0.057101107919003,7,1.22469053927616e-07,0.48099432284387,hsa04935,"Growth hormone synthesis, secretion and action",STAT3,SOCS3,coherent
Irs1,Pik3ca,liver,HSC_Fibroblast,2024,0.0340909090909091,0.112154150197628,0.016304347826087,0.135483403516249,9.37409914259256e-10,0.585227272727273,0.000443428265681005,0.759891636050481,0.0474454216694962,7,2.1011373649611e-07,0.468477290281202,hsa04068,FoxO signaling pathway,IRS1,PIK3CA,coherent
Irs1,Pik3ca,liver,HSC_Fibroblast,2024,0.0340909090909091,0.112154150197628,0.016304347826087,0.135483403516249,9.37409914259256e-10,0.585227272727273,0.000443428265681005,0.759891636050481,0.0474454216694962,7,2.1011373649611e-07,0.468477290281202,hsa04081,Hormone signaling,IRS1,PIK3CA,coherent
Irs1,Pik3ca,liver,HSC_Fibroblast,2024,0.0340909090909091,0.112154150197628,0.016304347826087,0.135483403516249,9.37409914259256e-10,0.585227272727273,0.000443428265681005,0.759891636050481,0.0474454216694962,7,2.1011373649611e-07,0.468477290281202,hsa04152,AMPK signaling pathway,IRS1,PIK3CA,coherent
Irs1,Pik3ca,liver,HSC_Fibroblast,2024,0.0340909090909091,0.112154150197628,0.016304347826087,0.135483403516249,9.37409914259256e-10,0.585227272727273,0.000443428265681005,0.759891636050481,0.0474454216694962,7,2.1011373649611e-07,0.468477290281202,hsa04211,Longevity regulating pathway,IRS1,PIK3CA,coherent
Irs1,Pik3ca,liver,HSC_Fibroblast,2024,0.0340909090909091,0.112154150197628,0.016304347826087,0.135483403516249,9.37409914259256e-10,0.585227272727273,0.000443428265681005,0.759891636050481,0.0474454216694962,7,2.1011373649611e-07,0.468477290281202,hsa04213,Longevity regulating pathway - multiple species,IRS1,PIK3CA,coherent
Irs1,Pik3ca,liver,HSC_Fibroblast,2024,0.0340909090909091,0.112154150197628,0.016304347826087,0.135483403516249,9.37409914259256e-10,0.585227272727273,0.000443428265681005,0.759891636050481,0.0474454216694962,7,2.1011373649611e-07,0.468477290281202,hsa04910,Insulin signaling pathway,IRS1,PIK3CA,coherent
Irs1,Pik3ca,liver,HSC_Fibroblast,2024,0.0340909090909091,0.112154150197628,0.016304347826087,0.135483403516249,9.37409914259256e-10,0.585227272727273,0.000443428265681005,0.759891636050481,0.0474454216694962,7,2.1011373649611e-07,0.468477290281202,hsa04931,Insulin resistance,IRS1,PIK3CA,coherent
Irs1,Pik3ca,liver,HSC_Fibroblast,2024,0.0340909090909091,0.112154150197628,0.016304347826087,0.135483403516249,9.37409914259256e-10,0.585227272727273,0.000443428265681005,0.759891636050481,0.0474454216694962,7,2.1011373649611e-07,0.468477290281202,hsa04935,"Growth hormone synthesis, secretion and action",IRS1,PIK3CA,coherent
Rock1,Ppp1r12a,liver,HSC_Fibroblast,2024,0.356225296442688,0.226778656126482,0.149703557312253,0.134896897706927,1.10827426216091e-09,0.379652699388232,7.97408291738004e-12,0.824183076353116,0.0225904303364207,7,2.17360289666308e-07,0.421600743475285,hsa04510,Focal adhesion,ROCK1,PPP1R12A,discordant
Stat3,Junb,liver,Cholangiocyte,636,0.262578616352201,0.783018867924528,0.242138364779874,0.237681564324223,1.28310673827939e-09,0.179769650779734,0.0256868333560823,0.296791761675488,0.518045169247539,7,2.23688274706706e-07,0.809712677484706,hsa04935,"Growth hormone synthesis, secretion and action",STAT3,JUNB,coherent
Zyx,Actn1,liver,T_cell,2018,0.246778989098117,0.214568880079286,0.0361744301288404,-0.134136397670915,1.45459815494968e-09,0.30698506725904,0.00847740497493484,0.185011352667724,0.691262699293931,7,2.28226450511605e-07,0.895616164485696,hsa04510,Focal adhesion,ZYX,ACTN1,coherent
Kras,Pik3ca,liver,HSC_Fibroblast,2024,0.194169960474308,0.112154150197628,0.0548418972332016,0.133324033835804,1.73028901126555e-09,0.435962855144445,1.72989718736829e-06,0.646737719520564,0.116450476214423,7,2.46802132606877e-07,0.559081004720365,hsa04211,Longevity regulating pathway,KRAS,PIK3CA,coherent
Kras,Pik3ca,liver,HSC_Fibroblast,2024,0.194169960474308,0.112154150197628,0.0548418972332016,0.133324033835804,1.73028901126555e-09,0.435962855144445,1.72989718736829e-06,0.646737719520564,0.116450476214423,7,2.46802132606877e-07,0.559081004720365,hsa04213,Longevity regulating pathway - multiple species,KRAS,PIK3CA,coherent
Sos2,Kras,liver,HSC_Fibroblast,2024,0.0844861660079051,0.194169960474308,0.0405138339920949,0.128164828560145,7.19499522299129e-09,0.525886744811223,5.96968034568241e-07,0.668335319289364,0.100769981006375,7,9.40745625406111e-07,0.540699031691291,hsa04068,FoxO signaling pathway,SOS2,KRAS,coherent
Sos2,Kras,liver,HSC_Fibroblast,2024,0.0844861660079051,0.194169960474308,0.0405138339920949,0.128164828560145,7.19499522299129e-09,0.525886744811223,5.96968034568241e-07,0.668335319289364,0.100769981006375,7,9.40745625406111e-07,0.540699031691291,hsa04910,Insulin signaling pathway,SOS2,KRAS,coherent
Sos2,Kras,liver,HSC_Fibroblast,2024,0.0844861660079051,0.194169960474308,0.0405138339920949,0.128164828560145,7.19499522299129e-09,0.525886744811223,5.96968034568241e-07,0.668335319289364,0.100769981006375,7,9.40745625406111e-07,0.540699031691291,hsa04935,"Growth hormone synthesis, secretion and action",SOS2,KRAS,coherent
Stat3,Igf1,liver,HSC_Fibroblast,2024,0.357707509881423,0.302371541501976,0.174901185770751,0.123921044357217,2.22926634943239e-08,0.342519429178017,3.51806937918596e-11,0.938266783882062,0.00175887525833352,7,2.69055300173802e-06,0.280744672159286,hsa04935,"Growth hormone synthesis, secretion and action",STAT3,IGF1,discordant
Kras,Pik3r2,liver,HSC_Fibroblast,2024,0.194169960474308,0.0933794466403162,0.0424901185770751,0.122058995754834,3.6187581249894e-08,0.558654263448875,2.27542541713386e-08,0.500626321498928,0.252479809489377,7,4.05559392722026e-06,0.680374486199904,hsa04211,Longevity regulating pathway,KRAS,PIK3R2,discordant
Kras,Pik3r2,liver,HSC_Fibroblast,2024,0.194169960474308,0.0933794466403162,0.0424901185770751,0.122058995754834,3.6187581249894e-08,0.558654263448875,2.27542541713386e-08,0.500626321498928,0.252479809489377,7,4.05559392722026e-06,0.680374486199904,hsa04213,Longevity regulating pathway - multiple species,KRAS,PIK3R2,discordant
Ppp1ca,Myl12a,liver,T_cell,2018,0.556987115956393,0.493062438057483,0.311199207135778,0.121762725149148,4.09090859813201e-08,0.443366208331799,1.2649240398636e-31,0.844933185207259,0.0166988156240415,7,4.10710746812093e-06,0.400406768374144,hsa04510,Focal adhesion,PPP1CA,MYL12A,coherent
Ppp1ca,Calm1,liver,T_cell,2018,0.556987115956393,0.839444995044599,0.489098116947473,0.121671151739048,4.18825490694295e-08,0.197175909146938,4.1527236867053e-10,0.723481514697905,0.0660998594972726,7,4.10710746812093e-06,0.501017775609762,hsa04910,Insulin signaling pathway,PPP1CA,CALM1,coherent
Prkce,Kras,liver,HSC_Fibroblast,2024,0.0395256916996047,0.194169960474308,0.0217391304347826,0.120269238644101,5.72621535351644e-08,0.370132844938907,0.0133971079851495,0.359742073536324,0.428021254709395,7,5.2849599350984e-06,0.760853000388159,hsa04371,Apelin signaling pathway,PRKCE,KRAS,discordant
Il6,Stat3,liver,Cholangiocyte,636,0.0471698113207547,0.262578616352201,0.0267295597484277,0.209813658639942,9.27187548054048e-08,0.693627450980392,0.00270813644845891,-0.072350789853802,0.877494707873566,7,8.08198479387112e-06,0.965628125393452,hsa04068,FoxO signaling pathway,IL6,STAT3,coherent
Il6,Stat3,liver,Cholangiocyte,636,0.0471698113207547,0.262578616352201,0.0267295597484277,0.209813658639942,9.27187548054048e-08,0.693627450980392,0.00270813644845891,-0.072350789853802,0.877494707873566,7,8.08198479387112e-06,0.965628125393452,hsa04931,Insulin resistance,IL6,STAT3,coherent
Stat3,Junb,liver,Kupffer_cell,202,0.128712871287129,0.336633663366337,0.099009900990099,0.362164875036848,1.181813203752e-07,0.23609022556391,0.31482815183331,0.516011016596622,0.235799976520983,7,9.75928903519416e-06,0.66794509928481,hsa04935,"Growth hormone synthesis, secretion and action",STAT3,JUNB,coherent
Rock2,Myl12a,liver,HSC_Fibroblast,2024,0.388339920948617,0.513339920948617,0.29001976284585,0.116448586387915,1.49205282201999e-07,0.286463068697999,1.50045369516599e-12,0.891583948859754,0.00700625762632853,7,1.136913217998e-05,0.372272914997024,hsa04510,Focal adhesion,ROCK2,MYL12A,coherent
Kras,Araf,liver,HSC_Fibroblast,2024,0.194169960474308,0.101284584980237,0.049901185770751,0.116306510808047,1.54525514545775e-07,0.626930693069307,0,0.841442335971517,0.0176197052730362,7,1.136913217998e-05,0.400406768374144,hsa04068,FoxO signaling pathway,KRAS,ARAF,discordant
Kras,Araf,liver,HSC_Fibroblast,2024,0.194169960474308,0.101284584980237,0.049901185770751,0.116306510808047,1.54525514545775e-07,0.626930693069307,0,0.841442335971517,0.0176197052730362,7,1.136913217998e-05,0.400406768374144,hsa04910,Insulin signaling pathway,KRAS,ARAF,discordant
Rock2,Ppp1r12a,liver,HSC_Fibroblast,2024,0.388339920948617,0.226778656126482,0.156126482213439,0.116180066444832,1.59414217947456e-07,0.231486232572937,3.24919821479216e-05,0.718411317355838,0.0689644093644202,7,1.136913217998e-05,0.506654087900504,hsa04510,Focal adhesion,ROCK2,PPP1R12A,discordant
Ppp1ca,Myl12a,liver,LSEC,745,0.174496644295302,0.296644295302013,0.0993288590604027,0.187631987531895,2.48748884555599e-07,0.569463161791929,2.09659993081227e-07,0.49589883314559,0.25771069099311,7,1.69689999942493e-05,0.680374486199904,hsa04510,Focal adhesion,PPP1CA,MYL12A,coherent
Gnb2,Rras,liver,HSC_Fibroblast,2024,0.507411067193676,0.304841897233202,0.231225296442688,0.113139434199165,3.33841156957586e-07,0.402799578418992,1.10592095227873e-19,0.841780499760742,0.0175292656399238,7,2.18248656361022e-05,0.400406768374144,hsa04371,Apelin signaling pathway,GNB2,RRAS,coherent
Foxo3,Klf2,liver,T_cell,2018,0.0782953419226957,0.775024777006938,0.0520317145688801,-0.112400763714361,4.14435382494043e-07,0.0196766518593347,0.842081735047845,-0.829234116883406,0.0210632011435544,7,2.60099646053261e-05,0.421600743475285,hsa04068,FoxO signaling pathway,FOXO3,KLF2,discordant
Stat3,Socs3,liver,Monocyte,920,0.526086956521739,0.472826086956522,0.308695652173913,0.165097788354543,4.7673040344206e-07,0.198128569342449,0.000786389539452174,0.808300736303509,0.0277896059145199,7,2.87688462692536e-05,0.421600743475285,hsa04920,Adipocytokine signaling pathway,STAT3,SOCS3,coherent
Stat3,Socs3,liver,Monocyte,920,0.526086956521739,0.472826086956522,0.308695652173913,0.165097788354543,4.7673040344206e-07,0.198128569342449,0.000786389539452174,0.808300736303509,0.0277896059145199,7,2.87688462692536e-05,0.421600743475285,hsa04931,Insulin resistance,STAT3,SOCS3,coherent
Stat3,Socs3,liver,Monocyte,920,0.526086956521739,0.472826086956522,0.308695652173913,0.165097788354543,4.7673040344206e-07,0.198128569342449,0.000786389539452174,0.808300736303509,0.0277896059145199,7,2.87688462692536e-05,0.421600743475285,hsa04935,"Growth hormone synthesis, secretion and action",STAT3,SOCS3,coherent
Mapk8,Foxo3,liver,Cholangiocyte,636,0.111635220125786,0.256289308176101,0.0550314465408805,0.197523653201638,5.13740228607475e-07,0.677078228426982,7.94960813411096e-06,0.873269237610271,0.0102451528277646,7,2.98540155068566e-05,0.372272914997024,hsa04068,FoxO signaling pathway,MAPK8,FOXO3,coherent
Ramp1,Gnb2,liver,cDC,731,0.497948016415869,0.917920656634747,0.477428180574555,0.183342197747363,6.00963758718301e-07,0.132717866026188,0.0130843243463178,0.65540657785627,0.110015285508551,7,3.36754334796076e-05,0.546246781528218,hsa04081,Hormone signaling,RAMP1,GNB2,discordant
Stat3,Junb,liver,B_cell,7386,0.219740048740861,0.934606011372868,0.212564310858381,0.0578058479475091,6.65201562756594e-07,0.061975927343982,0.0140457385805676,0.852720769059712,0.0147452588849003,7,3.5989698343624e-05,0.400406768374144,hsa04935,"Growth hormone synthesis, secretion and action",STAT3,JUNB,coherent
Socs3,Irs2,liver,Macrophage_other,214,0.252336448598131,0.163551401869159,0.102803738317757,0.328096988323274,9.19732628515875e-07,-0.10446075663467,0.642617454772122,0.936455145178879,0.0635448548211212,4,4.81020164713803e-05,0.497012047251484,hsa04920,Adipocytokine signaling pathway,SOCS3,IRS2,coherent
Socs3,Irs2,liver,Macrophage_other,214,0.252336448598131,0.163551401869159,0.102803738317757,0.328096988323274,9.19732628515875e-07,-0.10446075663467,0.642617454772122,0.936455145178879,0.0635448548211212,4,4.81020164713803e-05,0.497012047251484,hsa04931,Insulin resistance,SOCS3,IRS2,coherent
Gnb2,Rhoa,liver,cDC,731,0.917920656634747,0.937072503419973,0.879616963064296,0.177653383904258,1.34156391881811e-06,0.157600410852844,5.97801704314568e-05,0.924126785768494,0.00292274006570987,7,6.79004447943747e-05,0.280744672159286,hsa04081,Hormone signaling,GNB2,RHOA,coherent
Rock1,Myl12a,liver,HSC_Fibroblast,2024,0.356225296442688,0.513339920948617,0.269762845849802,0.106590534906186,1.53884100601059e-06,0.27933754644985,3.03325060245275e-11,0.838102823522311,0.0185270791144339,7,7.5451298075957e-05,0.400406768374144,hsa04510,Focal adhesion,ROCK1,MYL12A,coherent
Gnb2,Rhoa,liver,Macrophage_other,214,0.663551401869159,0.677570093457944,0.55607476635514,0.315495622024334,2.48815100344797e-06,0.29120547501377,0.00131320143978237,0.589183919946529,0.410816080053471,4,0.000118300270436663,0.760853000388159,hsa04081,Hormone signaling,GNB2,RHOA,coherent
Traf2,Ikbkg,liver,NK_cell,596,0.0956375838926174,0.0419463087248322,0.00838926174496644,0.186846370386866,4.38116750252774e-06,,,-0.0675928185465177,0.885512819867788,7,0.000202177994454883,0.965708620552574,hsa04920,Adipocytokine signaling pathway,TRAF2,IKBKG,coherent
Gnb2,Rhoa,liver,LSEC,745,0.420134228187919,0.477852348993289,0.261744966442953,0.164747493748422,6.18099922868932e-06,0.339028668186655,1.24588607787612e-06,0.750361871819307,0.0520037908666921,7,0.000277085365423244,0.48099432284387,hsa04081,Hormone signaling,GNB2,RHOA,coherent
Sos1,Kras,liver,HSC_Fibroblast,2024,0.0701581027667984,0.194169960474308,0.0350790513833992,0.0985816886366925,8.86443351955629e-06,0.503051643192488,1.03984950813559e-05,0.596892234095667,0.157090311356592,7,0.000386341560893995,0.611759212867506,hsa04068,FoxO signaling pathway,SOS1,KRAS,coherent
Sos1,Kras,liver,HSC_Fibroblast,2024,0.0701581027667984,0.194169960474308,0.0350790513833992,0.0985816886366925,8.86443351955629e-06,0.503051643192488,1.03984950813559e-05,0.596892234095667,0.157090311356592,7,0.000386341560893995,0.611759212867506,hsa04910,Insulin signaling pathway,SOS1,KRAS,coherent
Sos1,Kras,liver,HSC_Fibroblast,2024,0.0701581027667984,0.194169960474308,0.0350790513833992,0.0985816886366925,8.86443351955629e-06,0.503051643192488,1.03984950813559e-05,0.596892234095667,0.157090311356592,7,0.000386341560893995,0.611759212867506,hsa04935,"Growth hormone synthesis, secretion and action",SOS1,KRAS,coherent
Ogt,Pik3ca,liver,HSC_Fibroblast,2024,0.152173913043478,0.112154150197628,0.0400197628458498,0.0971927011093179,1.18535722207709e-05,0.58423667570009,1.94493079783211e-08,0.76233523206844,0.0463134198094742,7,0.00050265553552404,0.468477290281202,hsa04931,Insulin resistance,OGT,PIK3CA,discordant
Ogt,Pdpk1,liver,HSC_Fibroblast,2024,0.152173913043478,0.115612648221344,0.0380434782608696,0.096933601450159,1.25084854663998e-05,0.693565560302333,2.71467678522462e-12,0.760563422878432,0.0471327183068304,7,0.000516468781494243,0.468477290281202,hsa04931,Insulin resistance,OGT,PDPK1,coherent
Oga,Ogt,liver,HSC_Fibroblast,2024,0.125494071146245,0.152173913043478,0.0444664031620553,0.0965346208358212,1.35848651332502e-05,0.516440504270386,1.88433723767331e-07,0.765321113586669,0.0449505686175406,7,0.000546529574206912,0.468477290281202,hsa04931,Insulin resistance,OGA,OGT,discordant
Stat3,Socs3,liver,cDC,731,0.476060191518468,0.290013679890561,0.165526675786594,0.158405240074027,1.68752678199596e-05,0.325620937615124,0.000267916298470789,0.0695483927151665,0.882216322875314,7,0.000661932380237917,0.965708620552574,hsa04920,Adipocytokine signaling pathway,STAT3,SOCS3,coherent
Stat3,Socs3,liver,cDC,731,0.476060191518468,0.290013679890561,0.165526675786594,0.158405240074027,1.68752678199596e-05,0.325620937615124,0.000267916298470789,0.0695483927151665,0.882216322875314,7,0.000661932380237917,0.965708620552574,hsa04931,Insulin resistance,STAT3,SOCS3,coherent
Stat3,Socs3,liver,cDC,731,0.476060191518468,0.290013679890561,0.165526675786594,0.158405240074027,1.68752678199596e-05,0.325620937615124,0.000267916298470789,0.0695483927151665,0.882216322875314,7,0.000661932380237917,0.965708620552574,hsa04935,"Growth hormone synthesis, secretion and action",STAT3,SOCS3,coherent
Stat3,Junb,liver,T_cell,2018,0.264618434093162,0.858771060455897,0.245787908820615,0.0949989079868181,1.9149648859808e-05,0.0981638649001819,0.0288171464441453,0.741019603110189,0.0566951441032754,7,0.00072507792979785,0.48099432284387,hsa04935,"Growth hormone synthesis, secretion and action",STAT3,JUNB,coherent
Ppp1r12a,Myl12a,liver,HSC_Fibroblast,2024,0.226778656126482,0.513339920948617,0.176877470355731,0.094792130259487,1.94093518492732e-05,0.284395253100394,4.35862094985436e-08,0.826775295455922,0.0217990995910915,7,0.00072507792979785,0.421600743475285,hsa04510,Focal adhesion,PPP1R12A,MYL12A,discordant
Ppp1ca,Calm1,liver,B_cell,7386,0.40360140806932,0.753858651502843,0.321554291903601,0.0487228733986705,2.80047403053184e-05,0.185053629986872,9.69777414759023e-20,0.595151345937191,0.158620393501267,7,0.00102184738462894,0.612993589663762,hsa04910,Insulin signaling pathway,PPP1CA,CALM1,coherent
Gnb2,Kras,liver,HSC_Fibroblast,2024,0.507411067193676,0.194169960474308,0.162549407114625,0.089850813778704,5.16614186087314e-05,0.200462212139928,0.000252777158946639,0.807851535430375,0.0279454922380049,7,0.00184219922266135,0.421600743475285,hsa04371,Apelin signaling pathway,GNB2,KRAS,discordant
Sirt1,Foxo3,liver,HSC_Fibroblast,2024,0.131916996047431,0.113142292490119,0.033102766798419,0.0894013277188043,5.63374592922992e-05,0.606265589144967,5.41740098128253e-08,0.386254935702786,0.392073127691115,7,0.0019642994139915,0.754844053477871,hsa04211,Longevity regulating pathway,SIRT1,FOXO3,coherent
Sirt1,Foxo3,liver,HSC_Fibroblast,2024,0.131916996047431,0.113142292490119,0.033102766798419,0.0894013277188043,5.63374592922992e-05,0.606265589144967,5.41740098128253e-08,0.386254935702786,0.392073127691115,7,0.0019642994139915,0.754844053477871,hsa04213,Longevity regulating pathway - multiple species,SIRT1,FOXO3,coherent
Irs2,Pik3ca,liver,Neutrophil,572,0.0681818181818182,0.0402097902097902,0.00874125874125874,0.163615800785865,8.45644245545572e-05,,,0.582516929501552,0.169945472396124,7,0.00288438222013261,0.621166786447758,hsa04068,FoxO signaling pathway,IRS2,PIK3CA,coherent
Irs2,Pik3ca,liver,Neutrophil,572,0.0681818181818182,0.0402097902097902,0.00874125874125874,0.163615800785865,8.45644245545572e-05,,,0.582516929501552,0.169945472396124,7,0.00288438222013261,0.621166786447758,hsa04081,Hormone signaling,IRS2,PIK3CA,coherent
Irs2,Pik3ca,liver,Neutrophil,572,0.0681818181818182,0.0402097902097902,0.00874125874125874,0.163615800785865,8.45644245545572e-05,,,0.582516929501552,0.169945472396124,7,0.00288438222013261,0.621166786447758,hsa04152,AMPK signaling pathway,IRS2,PIK3CA,coherent
Irs2,Pik3ca,liver,Neutrophil,572,0.0681818181818182,0.0402097902097902,0.00874125874125874,0.163615800785865,8.45644245545572e-05,,,0.582516929501552,0.169945472396124,7,0.00288438222013261,0.621166786447758,hsa04211,Longevity regulating pathway,IRS2,PIK3CA,coherent
Irs2,Pik3ca,liver,Neutrophil,572,0.0681818181818182,0.0402097902097902,0.00874125874125874,0.163615800785865,8.45644245545572e-05,,,0.582516929501552,0.169945472396124,7,0.00288438222013261,0.621166786447758,hsa04213,Longevity regulating pathway - multiple species,IRS2,PIK3CA,coherent
Irs2,Pik3ca,liver,Neutrophil,572,0.0681818181818182,0.0402097902097902,0.00874125874125874,0.163615800785865,8.45644245545572e-05,,,0.582516929501552,0.169945472396124,7,0.00288438222013261,0.621166786447758,hsa04910,Insulin signaling pathway,IRS2,PIK3CA,coherent
Irs2,Pik3ca,liver,Neutrophil,572,0.0681818181818182,0.0402097902097902,0.00874125874125874,0.163615800785865,8.45644245545572e-05,,,0.582516929501552,0.169945472396124,7,0.00288438222013261,0.621166786447758,hsa04931,Insulin resistance,IRS2,PIK3CA,coherent
Irs2,Pik3ca,liver,Neutrophil,572,0.0681818181818182,0.0402097902097902,0.00874125874125874,0.163615800785865,8.45644245545572e-05,,,0.582516929501552,0.169945472396124,7,0.00288438222013261,0.621166786447758,hsa04935,"Growth hormone synthesis, secretion and action",IRS2,PIK3CA,coherent
Prkce,Rras,liver,HSC_Fibroblast,2024,0.0395256916996047,0.304841897233202,0.0271739130434783,0.0869915788585326,8.90400137807271e-05,0.494877344877345,0.000149592481459491,0.835436343126553,0.0192702225086389,7,0.00297242088557364,0.400406768374144,hsa04371,Apelin signaling pathway,PRKCE,RRAS,coherent
Gnb2,Hras,liver,LSEC,745,0.420134228187919,0.139597315436242,0.0912751677852349,0.142651825602896,9.34114567405188e-05,0.588158949498034,2.4633182323991e-07,0.280080806022467,0.542948086097483,7,0.00305338699220571,0.822651195700207,hsa04371,Apelin signaling pathway,GNB2,HRAS,coherent
Gnb2,Rhoa,liver,Cholangiocyte,636,0.75314465408805,0.775157232704403,0.657232704402516,0.150235032102951,0.000142992155547829,0.24827651589603,2.72484847790961e-07,0.754496732083383,0.0499978415015454,7,0.0045786671847866,0.48099432284387,hsa04081,Hormone signaling,GNB2,RHOA,coherent
Gnb2,Plcb1,liver,Monocyte,920,0.815217391304348,0.166304347826087,0.160869565217391,0.124057854445508,0.000161732343085795,0.0589109579787524,0.476945410547648,0.788491022383063,0.0351321857320959,7,0.00507516092603225,0.456599020681271,hsa04081,Hormone signaling,GNB2,PLCB1,discordant
Gnb2,Plcb1,liver,Monocyte,920,0.815217391304348,0.166304347826087,0.160869565217391,0.124057854445508,0.000161732343085795,0.0589109579787524,0.476945410547648,0.788491022383063,0.0351321857320959,7,0.00507516092603225,0.456599020681271,hsa04371,Apelin signaling pathway,GNB2,PLCB1,discordant
Akt1,Ppp1ca,liver,Monocyte,920,0.380434782608696,0.768478260869565,0.335869565217391,0.123610948880351,0.000170845003649996,0.189026619221136,0.000839372527865083,0.375107520948201,0.407036447530025,7,0.00525599628876164,0.757580292022075,hsa04910,Insulin signaling pathway,AKT1,PPP1CA,coherent
Socs3,Irs2,liver,B_cell,7386,0.0645816409423233,0.448415922014622,0.0365556458164094,0.0431617170753152,0.000206851394606016,0.305228977633329,3.14189964009537e-07,0.63094236844054,0.128660746362601,7,0.00624134304109305,0.573397641339326,hsa04920,Adipocytokine signaling pathway,SOCS3,IRS2,coherent
Socs3,Irs2,liver,B_cell,7386,0.0645816409423233,0.448415922014622,0.0365556458164094,0.0431617170753152,0.000206851394606016,0.305228977633329,3.14189964009537e-07,0.63094236844054,0.128660746362601,7,0.00624134304109305,0.573397641339326,hsa04931,Insulin resistance,SOCS3,IRS2,coherent
Tnfrsf1a,Tradd,liver,Cholangiocyte,636,0.254716981132076,0.135220125786164,0.0628930817610063,0.144659852570175,0.000251943808689079,0.762851782363978,1.53961280789678e-07,0.785579951844615,0.0362924661697261,7,0.00736244208146007,0.457701924304456,hsa04920,Adipocytokine signaling pathway,TNFRSF1A,TRADD,coherent
Ramp1,Gnas,liver,pDC,748,0.792780748663102,0.99331550802139,0.790106951871658,0.133403955466396,0.000253391888080844,0.0653106363898846,0.112724353839878,0.68778581401069,0.0876586567258575,7,0.00736244208146007,0.529025639397072,hsa04081,Hormone signaling,RAMP1,GNAS,discordant
Gnb2,Hras,liver,HSC_Fibroblast,2024,0.507411067193676,0.165513833992095,0.125494071146245,0.081070322701768,0.000261199617280932,0.422397070227999,2.05811826197582e-12,0.696018478412673,0.082398671032131,7,0.00742922546792382,0.521427491112013,hsa04371,Apelin signaling pathway,GNB2,HRAS,coherent
Irs2,Pik3r2,liver,HSC_Fibroblast,2024,0.284584980237154,0.0933794466403162,0.0484189723320158,0.080984747026262,0.000265160373616147,0.452367897591567,2.92092931753108e-06,0.705225939358192,0.0767202243040285,7,0.00742922546792382,0.509197359011166,hsa04068,FoxO signaling pathway,IRS2,PIK3R2,discordant
Irs2,Pik3r2,liver,HSC_Fibroblast,2024,0.284584980237154,0.0933794466403162,0.0484189723320158,0.080984747026262,0.000265160373616147,0.452367897591567,2.92092931753108e-06,0.705225939358192,0.0767202243040285,7,0.00742922546792382,0.509197359011166,hsa04081,Hormone signaling,IRS2,PIK3R2,discordant
Irs2,Pik3r2,liver,HSC_Fibroblast,2024,0.284584980237154,0.0933794466403162,0.0484189723320158,0.080984747026262,0.000265160373616147,0.452367897591567,2.92092931753108e-06,0.705225939358192,0.0767202243040285,7,0.00742922546792382,0.509197359011166,hsa04152,AMPK signaling pathway,IRS2,PIK3R2,discordant
Irs2,Pik3r2,liver,HSC_Fibroblast,2024,0.284584980237154,0.0933794466403162,0.0484189723320158,0.080984747026262,0.000265160373616147,0.452367897591567,2.92092931753108e-06,0.705225939358192,0.0767202243040285,7,0.00742922546792382,0.509197359011166,hsa04211,Longevity regulating pathway,IRS2,PIK3R2,discordant
Irs2,Pik3r2,liver,HSC_Fibroblast,2024,0.284584980237154,0.0933794466403162,0.0484189723320158,0.080984747026262,0.000265160373616147,0.452367897591567,2.92092931753108e-06,0.705225939358192,0.0767202243040285,7,0.00742922546792382,0.509197359011166,hsa04213,Longevity regulating pathway - multiple species,IRS2,PIK3R2,discordant
Irs2,Pik3r2,liver,HSC_Fibroblast,2024,0.284584980237154,0.0933794466403162,0.0484189723320158,0.080984747026262,0.000265160373616147,0.452367897591567,2.92092931753108e-06,0.705225939358192,0.0767202243040285,7,0.00742922546792382,0.509197359011166,hsa04910,Insulin signaling pathway,IRS2,PIK3R2,discordant
Irs2,Pik3r2,liver,HSC_Fibroblast,2024,0.284584980237154,0.0933794466403162,0.0484189723320158,0.080984747026262,0.000265160373616147,0.452367897591567,2.92092931753108e-06,0.705225939358192,0.0767202243040285,7,0.00742922546792382,0.509197359011166,hsa04931,Insulin resistance,IRS2,PIK3R2,discordant
Irs2,Pik3r2,liver,HSC_Fibroblast,2024,0.284584980237154,0.0933794466403162,0.0484189723320158,0.080984747026262,0.000265160373616147,0.452367897591567,2.92092931753108e-06,0.705225939358192,0.0767202243040285,7,0.00742922546792382,0.509197359011166,hsa04935,"Growth hormone synthesis, secretion and action",IRS2,PIK3R2,discordant
Ppp1ca,Myl12a,liver,B_cell,7386,0.40360140806932,0.258732737611698,0.121581370159762,0.042273304067745,0.000279001264219633,0.471564666998695,6.54554975084976e-51,0.909959438703672,0.00444910264186446,7,0.007679876904572,0.336217582018999,hsa04510,Focal adhesion,PPP1CA,MYL12A,coherent
Crk,Rapgef1,liver,HSC_Fibroblast,2024,0.201581027667984,0.0894268774703557,0.0385375494071146,0.0803387192779031,0.000296927476790711,0.522477522477522,1.36730740834626e-06,0.162741328912878,0.727365737596025,7,0.00803240019111424,0.912096040020466,hsa04510,Focal adhesion,CRK,RAPGEF1,coherent
Ppp1ca,Calm1,liver,LSEC,745,0.174496644295302,0.620134228187919,0.140939597315436,0.129501347781887,0.000394559763189917,0.00347294215218744,0.971943873717549,0.48658337499724,0.268161229339433,7,0.0104926147194064,0.68460494572031,hsa04910,Insulin signaling pathway,PPP1CA,CALM1,coherent
Ramp1,Gnas,liver,T_cell,2018,0.163528245787909,0.733399405351833,0.131318136769078,0.0786653796982348,0.000404529501955714,0.434002046393238,1.34495921294004e-13,0.135548738883716,0.771993476405308,7,0.0105784464761419,0.928168861153009,hsa04081,Hormone signaling,RAMP1,GNAS,discordant
Rhoa,Diaph1,liver,Monocyte,920,0.895652173913044,0.594565217391304,0.567391304347826,0.115653487822071,0.000439793964404951,0.102001213869292,0.0197559975536192,0.384008006945788,0.395071239220513,7,0.0113120775434651,0.754844053477871,hsa04510,Focal adhesion,RHOA,DIAPH1,discordant
Stat3,Junb,liver,Macrophage_other,214,0.289719626168224,0.808411214953271,0.275700934579439,0.23759845783783,0.000455329285690295,-0.143950905902981,0.275917860779446,0.828314960113893,0.171685039886107,4,0.0115227685362592,0.621958689143135,hsa04935,"Growth hormone synthesis, secretion and action",STAT3,JUNB,coherent
Rock1,Ppp1cb,liver,HSC_Fibroblast,2024,0.356225296442688,0.266798418972332,0.159584980237154,0.0776291952317711,0.000473051321266866,0.383446448673924,9.37425112391732e-13,0.759371455432628,0.0476883352798306,7,0.0117812305248843,0.468477290281202,hsa04510,Focal adhesion,ROCK1,PPP1CB,discordant
Gnb2,Rhoa,liver,Monocyte,920,0.815217391304348,0.895652173913044,0.765217391304348,0.114503541583611,0.000501800401885602,0.108349015757767,0.00399960504260199,0.449460587724536,0.311648272443544,7,0.0123019504774767,0.709519306507433,hsa04081,Hormone signaling,GNB2,RHOA,coherent
Rock2,Myl12a,liver,Cholangiocyte,636,0.544025157232704,0.805031446540881,0.492138364779874,0.137386661604425,0.000511935439905162,0.155102411390149,0.00596457871056629,0.633910946829021,0.126318332447969,7,0.0123573339263261,0.573397641339326,hsa04510,Focal adhesion,ROCK2,MYL12A,coherent
Flt1,Pik3ca,liver,Cholangiocyte,636,0.0471698113207547,0.15251572327044,0.00943396226415094,0.136009458037019,0.000583275040885921,,,-0.0430714831196782,0.926947385148998,7,0.0138660384719699,0.976217405419447,hsa04510,Focal adhesion,FLT1,PIK3CA,coherent
Akt1,Pde3b,liver,Macrophage_other,214,0.205607476635514,0.0560747663551402,0.0233644859813084,0.230319063402712,0.000685517622066846,,,0.911666771838946,0.0883332281610536,4,0.0160533902839236,0.529025639397072,hsa04371,Apelin signaling pathway,AKT1,PDE3B,discordant
Akt1,Pde3b,liver,Macrophage_other,214,0.205607476635514,0.0560747663551402,0.0233644859813084,0.230319063402712,0.000685517622066846,,,0.911666771838946,0.0883332281610536,4,0.0160533902839236,0.529025639397072,hsa04910,Insulin signaling pathway,AKT1,PDE3B,discordant
Traf2,Ikbkg,liver,Cholangiocyte,636,0.124213836477987,0.0864779874213837,0.0283018867924528,0.133736301349646,0.000721524198364481,0.956656346749226,5.11820412567676e-06,0.414096207335847,0.355697764234208,7,0.0166481098122628,0.736405008417742,hsa04920,Adipocytokine signaling pathway,TRAF2,IKBKG,coherent
Pdgfc,Met,liver,Cholangiocyte,636,0.367924528301887,0.196540880503145,0.117924528301887,0.131489590755816,0.000887487751437307,0.434992887624467,0.000112481698725873,0.800046855808452,0.0307322618721347,7,0.0201806997392048,0.4342559962194,hsa04510,Focal adhesion,PDGFC,MET,coherent
Pdgfc,Met,liver,Cholangiocyte,636,0.367924528301887,0.196540880503145,0.117924528301887,0.131489590755816,0.000887487751437307,0.434992887624467,0.000112481698725873,0.800046855808452,0.0307322618721347,7,0.0201806997392048,0.4342559962194,hsa04518,Integrin signaling,PDGFC,MET,coherent
Ramp1,Gnas,liver,Monocyte,920,0.392391304347826,0.857608695652174,0.372826086956522,0.108144779404831,0.00101847193208161,0.134168537519887,0.0128818244381351,0.748510013372672,0.0529161839586959,7,0.0225937851005933,0.48099432284387,hsa04081,Hormone signaling,RAMP1,GNAS,discordant
Prkce,Hras,liver,Cholangiocyte,636,0.0770440251572327,0.430817610062893,0.059748427672956,0.129810444512371,0.00103385588168321,0.295765401028559,0.0717321313053953,0.947796049160891,0.00116267192795552,7,0.0225937851005933,0.280744672159286,hsa04371,Apelin signaling pathway,PRKCE,HRAS,coherent
Ppargc1a,Ogt,liver,Cholangiocyte,636,0.166666666666667,0.316037735849057,0.0817610062893082,0.129778889058165,0.00103680849409989,0.515239477503628,0.000116304103515129,0.482302806150206,0.273026530037427,7,0.0225937851005933,0.686193717752854,hsa04931,Insulin resistance,PPARGC1A,OGT,coherent
Stat3,Socs3,liver,Cholangiocyte,636,0.262578616352201,0.267295597484277,0.106918238993711,0.128138844713832,0.00120142538649034,0.411497499713708,0.000545313354458829,-0.544899089857855,0.205927192140463,7,0.0258224168685389,0.639801513798786,hsa04920,Adipocytokine signaling pathway,STAT3,SOCS3,coherent
Stat3,Socs3,liver,Cholangiocyte,636,0.262578616352201,0.267295597484277,0.106918238993711,0.128138844713832,0.00120142538649034,0.411497499713708,0.000545313354458829,-0.544899089857855,0.205927192140463,7,0.0258224168685389,0.639801513798786,hsa04931,Insulin resistance,STAT3,SOCS3,coherent
Stat3,Socs3,liver,Cholangiocyte,636,0.262578616352201,0.267295597484277,0.106918238993711,0.128138844713832,0.00120142538649034,0.411497499713708,0.000545313354458829,-0.544899089857855,0.205927192140463,7,0.0258224168685389,0.639801513798786,hsa04935,"Growth hormone synthesis, secretion and action",STAT3,SOCS3,coherent
Ramp1,Gnb2,liver,Monocyte,920,0.392391304347826,0.815217391304348,0.366304347826087,0.106017650286419,0.00128019692658793,0.0567722505999444,0.298727555098775,0.818554728197214,0.0243636721373932,7,0.0271436348353576,0.421600743475285,hsa04081,Hormone signaling,RAMP1,GNB2,discordant
Sos2,Kras,liver,Kupffer_cell,202,0.0247524752475248,0.183168316831683,0.0198019801980198,0.223562214183676,0.00138252048701232,,,-0.135114068656404,0.772711216561274,7,0.0289223285882977,0.928168861153009,hsa04068,FoxO signaling pathway,SOS2,KRAS,coherent
Sos2,Kras,liver,Kupffer_cell,202,0.0247524752475248,0.183168316831683,0.0198019801980198,0.223562214183676,0.00138252048701232,,,-0.135114068656404,0.772711216561274,7,0.0289223285882977,0.928168861153009,hsa04910,Insulin signaling pathway,SOS2,KRAS,coherent
Sos2,Kras,liver,Kupffer_cell,202,0.0247524752475248,0.183168316831683,0.0198019801980198,0.223562214183676,0.00138252048701232,,,-0.135114068656404,0.772711216561274,7,0.0289223285882977,0.928168861153009,hsa04935,"Growth hormone synthesis, secretion and action",SOS2,KRAS,coherent
Rock1,Ppp1r12a,liver,Cholangiocyte,636,0.525157232704403,0.394654088050315,0.278301886792453,0.126316806654387,0.00141234231117243,0.300428868759279,4.84697760685654e-05,0.878328141290319,0.00927935206122674,7,0.0291574353451257,0.372272914997024,hsa04510,Focal adhesion,ROCK1,PPP1R12A,discordant
Socs3,Irs1,liver,HSC_Fibroblast,2024,0.521739130434783,0.0340909090909091,0.0271739130434783,0.0702553099365401,0.00156332634512517,0.235569985569986,0.0834808569173438,0.700307665346169,0.0797265791897723,7,0.031732000770536,0.516904970036168,hsa04920,Adipocytokine signaling pathway,SOCS3,IRS1,coherent
Socs3,Irs1,liver,HSC_Fibroblast,2024,0.521739130434783,0.0340909090909091,0.0271739130434783,0.0702553099365401,0.00156332634512517,0.235569985569986,0.0834808569173438,0.700307665346169,0.0797265791897723,7,0.031732000770536,0.516904970036168,hsa04931,Insulin resistance,SOCS3,IRS1,coherent
Rac2,Mapk8,liver,pDC,748,0.957219251336898,0.0855614973262032,0.0815508021390374,-0.115349371121704,0.00157749908228286,-0.144050766790058,0.26728848519929,0.15274462419295,0.743706995798847,7,0.031732000770536,0.919524252488881,hsa04510,Focal adhesion,RAC2,MAPK8,discordant
Ppp1ca,Myl12a,liver,cDC,731,0.856361149110807,0.805745554035568,0.714090287277702,0.11472052259514,0.00189217553033251,0.178258333701911,4.20693360612927e-05,0.678466881998398,0.0938206066583706,7,0.0373553346350536,0.538696261307664,hsa04510,Focal adhesion,PPP1CA,MYL12A,coherent
Stat3,Junb,liver,pDC,748,0.533422459893048,0.751336898395722,0.433155080213904,0.113342920742013,0.00190466970733224,0.0998534482872682,0.0726690256816379,-0.0928346932893504,0.84307717610165,7,0.0373553346350536,0.955574034396949,hsa04935,"Growth hormone synthesis, secretion and action",STAT3,JUNB,coherent
Gnb2,Rras,liver,Cholangiocyte,636,0.75314465408805,0.531446540880503,0.466981132075472,0.122232035510542,0.00201442440143444,0.192292638171556,0.000865105828820676,0.542151269369219,0.208686071387247,7,0.0390201467388968,0.640741450855509,hsa04371,Apelin signaling pathway,GNB2,RRAS,coherent
Rapgef1,Rap1a,liver,HSC_Fibroblast,2024,0.0894268774703557,0.308300395256917,0.0543478260869565,0.0684131705417319,0.00207320891636171,0.485418028537295,1.14055385441166e-07,0.356858458156374,0.432004868383134,7,0.0396690828020918,0.763678274524487,hsa04510,Focal adhesion,RAPGEF1,RAP1A,discordant
Gnb2,Hras,liver,Cholangiocyte,636,0.75314465408805,0.430817610062893,0.397798742138365,0.121384137048191,0.00216569556207456,0.126416356860804,0.0445493971785815,0.860059039063604,0.0130303423063186,7,0.0409394739384939,0.400406768374144,hsa04371,Apelin signaling pathway,GNB2,HRAS,coherent
Ppp1cb,Calm1,liver,Monocyte,920,0.342391304347826,0.957608695652174,0.334782608695652,0.100525903980279,0.00226798581844041,0.262681780877351,2.95919603870078e-06,0.206660264917731,0.656606258450435,7,0.0423627351087263,0.875289056506995,hsa04910,Insulin signaling pathway,PPP1CB,CALM1,discordant
Rac1,Mapk8,liver,HSC_Fibroblast,2024,0.427865612648221,0.0790513833992095,0.0607707509881423,0.0673986889948341,0.00241519394601512,0.213395975145346,0.0177940096764797,0.711037735600312,0.0732470912304537,7,0.0440878791766935,0.506654087900504,hsa04510,Focal adhesion,RAC1,MAPK8,coherent
Gna12,Rhoa,liver,LSEC,745,0.148993288590604,0.477852348993289,0.100671140939597,0.110935591267613,0.00242752600339975,0.31945945945946,0.00539670112895908,-0.323415554435829,0.479210913441266,7,0.0440878791766935,0.790488369106792,hsa04081,Hormone signaling,GNA12,RHOA,coherent
Pdpk1,Sgk1,liver,B_cell,7386,0.0969401570538857,0.0362848632548064,0.00514486867045762,0.0352526942327711,0.00244464339603081,0.559938721634739,0.000256757631025148,0.0325736684072788,0.944730555566811,7,0.0440878791766935,0.979334951882467,hsa04068,FoxO signaling pathway,PDPK1,SGK1,coherent
Rps6ka1,Ppp1ca,liver,T_cell,2018,0.129335976214073,0.556987115956393,0.087215064420218,0.0672610456925501,0.00250230339338398,0.411675784188568,1.37634448782739e-08,-0.0327748791769545,0.944389516430831,7,0.0442783161731459,0.979334951882467,hsa04931,Insulin resistance,RPS6KA1,PPP1CA,coherent
Tnfrsf1a,Mapk8,liver,HSC_Fibroblast,2024,0.243577075098814,0.0790513833992095,0.0360671936758893,0.0671363814031401,0.00251164444831739,0.617857583611008,1.14899637061615e-08,0.720683838745704,0.0676723961213169,7,0.0442783161731459,0.50465618510104,hsa04931,Insulin resistance,TNFRSF1A,MAPK8,discordant
Stat3,Junb,liver,NK_cell,596,0.374161073825503,0.911073825503356,0.350671140939597,0.123133880158179,0.00260185793777121,0.023897844126726,0.731249293056177,0.584874992968804,0.167802444748409,7,0.0453590567151447,0.619487143082951,hsa04935,"Growth hormone synthesis, secretion and action",STAT3,JUNB,coherent
Gnb2,Rhoa,liver,HSC_Fibroblast,2024,0.507411067193676,0.660079051383399,0.405632411067194,0.0660274626961579,0.00295953051423438,0.500077137756727,3.66311177877584e-53,0.708496133773227,0.074755371618394,7,0.0510275096355356,0.506654087900504,hsa04081,Hormone signaling,GNB2,RHOA,coherent
Rock1,Ppp1r12a,liver,cDC,731,0.571819425444596,0.459644322845417,0.298221614227086,0.109481953680807,0.00303754093707079,0.41593206341227,2.26779610388764e-10,0.329096098397791,0.471065360989911,7,0.0518032796767834,0.782965853244108,hsa04510,Focal adhesion,ROCK1,PPP1R12A,discordant
Ppp1ca,Myl12a,liver,Cholangiocyte,636,0.709119496855346,0.805031446540881,0.639937106918239,0.117034208588698,0.00311810780203167,0.129974823905729,0.00865921205063975,0.923882741801201,0.00294590365239615,7,0.0523532213208335,0.280744672159286,hsa04510,Focal adhesion,PPP1CA,MYL12A,coherent
Ramp1,Gnb2,liver,pDC,748,0.792780748663102,0.828877005347594,0.684491978609626,0.107851044990697,0.00314327815682318,0.167612614719927,0.000138764664129345,0.596916269505913,0.157069238130036,7,0.0523532213208335,0.611759212867506,hsa04081,Hormone signaling,RAMP1,GNB2,discordant
Oga,Ogt,liver,B_cell,7386,0.176279447603574,0.290549688600054,0.0613322502030869,0.0343301204381901,0.00316988911757756,0.574739137715684,3.51202938531218e-41,0.793742727076424,0.0330918916552681,7,0.0523532213208335,0.451488504409702,hsa04931,Insulin resistance,OGA,OGT,discordant
Vipr2,Gnb2,liver,HSC_Fibroblast,2024,0.0316205533596838,0.507411067193676,0.0281620553359684,0.0652491676980413,0.00331613755501532,0.215426997245179,0.107536667427077,0.480972751169316,0.274546312539256,7,0.0541981231647816,0.687022590708281,hsa04081,Hormone signaling,VIPR2,GNB2,discordant
Ppp1ca,Pygb,liver,LSEC,745,0.174496644295302,0.0483221476510067,0.0201342281879195,0.10730055056672,0.00336475747110243,0.796428571428571,0.000607856982320984,0.562015308308153,0.189139637092996,7,0.0544258193006156,0.633398684557411,hsa04931,Insulin resistance,PPP1CA,PYGB,discordant
Pdpk1,Sgk1,liver,Cholangiocyte,636,0.202830188679245,0.323899371069182,0.0927672955974843,0.115877301667428,0.00342877369604623,0.373933372296903,0.00373221924113643,0.463953021810993,0.294326624759498,7,0.0548953666234341,0.693321482836649,hsa04068,FoxO signaling pathway,PDPK1,SGK1,coherent
Arhgap5,Rhoa,liver,HSC_Fibroblast,2024,0.194169960474308,0.660079051383399,0.16897233201581,0.0647567304601547,0.00356152768891054,0.298383060818591,1.83846774849149e-08,0.83841782437958,0.0184403837274298,7,0.0563827322441415,0.400406768374144,hsa04510,Focal adhesion,ARHGAP5,RHOA,coherent
Stat3,Foxo3,liver,HSC_Fibroblast,2024,0.357707509881423,0.113142292490119,0.0681818181818182,0.0646915359746064,0.00359522408528784,0.425461428168091,1.97219369011348e-07,0.669665349101294,0.0998428605445359,7,0.0563827322441415,0.540699031691291,hsa04068,FoxO signaling pathway,STAT3,FOXO3,discordant
Stat3,Socs3,liver,Neutrophil,572,0.332167832167832,0.286713286713287,0.127622377622378,0.12143222829179,0.00362988242660596,0.2930264487503,0.0118729993346007,-0.46367563769273,0.294654065142223,7,0.0563827322441415,0.693321482836649,hsa04920,Adipocytokine signaling pathway,STAT3,SOCS3,coherent
Stat3,Socs3,liver,Neutrophil,572,0.332167832167832,0.286713286713287,0.127622377622378,0.12143222829179,0.00362988242660596,0.2930264487503,0.0118729993346007,-0.46367563769273,0.294654065142223,7,0.0563827322441415,0.693321482836649,hsa04931,Insulin resistance,STAT3,SOCS3,coherent
Stat3,Socs3,liver,Neutrophil,572,0.332167832167832,0.286713286713287,0.127622377622378,0.12143222829179,0.00362988242660596,0.2930264487503,0.0118729993346007,-0.46367563769273,0.294654065142223,7,0.0563827322441415,0.693321482836649,hsa04935,"Growth hormone synthesis, secretion and action",STAT3,SOCS3,coherent
Gnb2,Rras2,liver,HSC_Fibroblast,2024,0.507411067193676,0.0454545454545455,0.0405138339920949,0.0645094059092189,0.00369090086425299,0.0242378729008174,0.828574377252829,0.763191825112454,0.0459201535347685,7,0.0563827322441415,0.468477290281202,hsa04371,Apelin signaling pathway,GNB2,RRAS2,discordant
Rap1a,Mapk8,liver,Macrophage_other,214,0.425233644859813,0.0654205607476636,0.0607476635514019,0.197611446350135,0.00370135208486079,0.43956043956044,0.135028154028632,0.637459596088003,0.362540403911997,4,0.0563827322441415,0.736405008417742,hsa04510,Focal adhesion,RAP1A,MAPK8,coherent
Gnb2,Hras,liver,Monocyte,920,0.815217391304348,0.166304347826087,0.157608695652174,0.0946275998814466,0.00406924453673747,0.0431191938277437,0.606177060732529,0.291096009237928,0.526488818921394,7,0.0613908142128951,0.811454771009496,hsa04371,Apelin signaling pathway,GNB2,HRAS,coherent
Akt2,Pde3b,liver,B_cell,7386,0.0603845112374763,0.136745193609532,0.0117790414297319,0.0330262757722736,0.0045307255767043,0.5429899302866,5.52344274524617e-08,0.658582709480836,0.107704923016487,7,0.0677019850461815,0.542403644629583,hsa04371,Apelin signaling pathway,AKT2,PDE3B,discordant
Akt2,Pde3b,liver,B_cell,7386,0.0603845112374763,0.136745193609532,0.0117790414297319,0.0330262757722736,0.0045307255767043,0.5429899302866,5.52344274524617e-08,0.658582709480836,0.107704923016487,7,0.0677019850461815,0.542403644629583,hsa04910,Insulin signaling pathway,AKT2,PDE3B,discordant
Sirt1,Bax,liver,HSC_Fibroblast,2024,0.131916996047431,0.28804347826087,0.0706521739130435,0.0621750598334128,0.00513936630108781,0.488410650382481,9.26669568558052e-10,0.727724281162709,0.0637530448692733,7,0.0760723181736489,0.497012047251484,hsa04211,Longevity regulating pathway,SIRT1,BAX,coherent
Ogt,Akt2,liver,B_cell,7386,0.290549688600054,0.0603845112374763,0.0219333874898457,0.0325183777061163,0.00519068842670817,0.599002624338684,3.77018223915263e-17,0.799322284371791,0.0309985159825193,7,0.0761139265561226,0.4342559962194,hsa04931,Insulin resistance,OGT,AKT2,coherent
Pdpk1,Akt1,liver,Monocyte,920,0.11195652173913,0.380434782608696,0.0532608695652174,0.0919023189917386,0.00527648759832235,0.685902341956222,5.36316565046851e-08,-0.273880664950401,0.552285995924137,7,0.0766556392756275,0.830183483967358,hsa04068,FoxO signaling pathway,PDPK1,AKT1,coherent
Pdpk1,Akt1,liver,Monocyte,920,0.11195652173913,0.380434782608696,0.0532608695652174,0.0919023189917386,0.00527648759832235,0.685902341956222,5.36316565046851e-08,-0.273880664950401,0.552285995924137,7,0.0766556392756275,0.830183483967358,hsa04152,AMPK signaling pathway,PDPK1,AKT1,coherent
Pdpk1,Akt1,liver,Monocyte,920,0.11195652173913,0.380434782608696,0.0532608695652174,0.0919023189917386,0.00527648759832235,0.685902341956222,5.36316565046851e-08,-0.273880664950401,0.552285995924137,7,0.0766556392756275,0.830183483967358,hsa04510,Focal adhesion,PDPK1,AKT1,coherent
Pdpk1,Akt1,liver,Monocyte,920,0.11195652173913,0.380434782608696,0.0532608695652174,0.0919023189917386,0.00527648759832235,0.685902341956222,5.36316565046851e-08,-0.273880664950401,0.552285995924137,7,0.0766556392756275,0.830183483967358,hsa04910,Insulin signaling pathway,PDPK1,AKT1,coherent
Pdpk1,Akt1,liver,Monocyte,920,0.11195652173913,0.380434782608696,0.0532608695652174,0.0919023189917386,0.00527648759832235,0.685902341956222,5.36316565046851e-08,-0.273880664950401,0.552285995924137,7,0.0766556392756275,0.830183483967358,hsa04931,Insulin resistance,PDPK1,AKT1,coherent
Rock1,Ppp1r12a,liver,B_cell,7386,0.391416192797184,0.24817221770918,0.109666937449228,0.0322733531807734,0.00553913463661189,0.394839442819026,1.29519792815206e-31,0.926998383154167,0.00265818789184584,7,0.0797330481178354,0.280744672159286,hsa04510,Focal adhesion,ROCK1,PPP1R12A,discordant
Foxo3,Rbl2,liver,T_cell,2018,0.0782953419226957,0.16402378592666,0.0173439048562934,0.0615876142650575,0.00564773869052917,0.891316526610645,0,0.850441739696613,0.0153026342317096,7,0.0805572909585479,0.400406768374144,hsa04068,FoxO signaling pathway,FOXO3,RBL2,coherent
Akt1,Nos3,liver,LSEC,745,0.153020134228188,0.173154362416107,0.0456375838926175,0.100871816361614,0.00585714920981895,0.424904507257448,0.0128766639212759,-0.0725347241782997,0.877184906101675,7,0.0821040290001701,0.965628125393452,hsa04371,Apelin signaling pathway,AKT1,NOS3,coherent
Akt1,Nos3,liver,LSEC,745,0.153020134228188,0.173154362416107,0.0456375838926175,0.100871816361614,0.00585714920981895,0.424904507257448,0.0128766639212759,-0.0725347241782997,0.877184906101675,7,0.0821040290001701,0.965628125393452,hsa04931,Insulin resistance,AKT1,NOS3,coherent
Rock1,Ppp1r12a,liver,T_cell,2018,0.449454905847374,0.465312190287413,0.231417244796829,0.0613189855847617,0.00586083572212814,0.403806461962398,9.63006443080295e-20,0.518572965210329,0.233073828290797,7,0.0821040290001701,0.66794509928481,hsa04510,Focal adhesion,ROCK1,PPP1R12A,discordant
Prkcz,Srebf1,liver,Cholangiocyte,636,0.20440251572327,0.218553459119497,0.0738993710691824,0.108876039094024,0.00598645293311791,0.720166512488437,6.92126029830712e-08,0.143875828928911,0.758268968562332,7,0.0831216340890443,0.922917502692876,hsa04910,Insulin signaling pathway,PRKCZ,SREBF1,coherent
Foxo3,Bcl2l11,liver,HSC_Fibroblast,2024,0.113142292490119,0.0533596837944664,0.0148221343873518,0.060877943913503,0.00614989783239314,0.523470522803115,0.00339925653697551,0.909540080426913,0.00450004411880114,7,0.0846420149037266,0.336217582018999,hsa04068,FoxO signaling pathway,FOXO3,BCL2L11,discordant
Gnb2,Rras,liver,LSEC,745,0.420134228187919,0.241610738255034,0.135570469798658,0.0999531749110494,0.00632478922300861,0.365649388468259,0.000187654186261921,0.579794879252779,0.172435965441213,7,0.0854210366233251,0.621958689143135,hsa04371,Apelin signaling pathway,GNB2,RRAS,coherent
Mapk8,Foxo3,liver,HSC_Fibroblast,2024,0.0790513833992095,0.113142292490119,0.0192687747035573,0.0606378003990873,0.0063554996733734,0.473684210526316,0.00257980501912217,0.503677496336536,0.249129911733652,7,0.0854210366233251,0.676271334792561,hsa04068,FoxO signaling pathway,MAPK8,FOXO3,coherent
Gnai1,Prkce,liver,HSC_Fibroblast,2024,0.0533596837944664,0.0395256916996047,0.00790513833992095,0.0606213256746251,0.00636982873481774,0.838235294117647,4.03637536560916e-05,0.628214487490132,0.130832603951229,7,0.0854210366233251,0.573397641339326,hsa04371,Apelin signaling pathway,GNAI1,PRKCE,discordant
Akt1,Ppp1ca,liver,Macrophage_other,214,0.205607476635514,0.509345794392523,0.154205607476636,0.185474733488695,0.00650808132234987,0.455213903743316,0.00833180057933632,0.740583641971884,0.259416358028116,4,0.0864347977586726,0.680374486199904,hsa04910,Insulin signaling pathway,AKT1,PPP1CA,coherent
Foxo3,Hspa8,liver,Monocyte,920,0.101086956521739,0.941304347826087,0.1,0.0895596571717545,0.00656282796602305,0.0620812157319149,0.556607436452704,0.657417070691147,0.108549868969846,7,0.0864347977586726,0.542403644629583,hsa04213,Longevity regulating pathway - multiple species,FOXO3,HSPA8,discordant
Crk,Rapgef1,liver,B_cell,7386,0.0989710262659085,0.122799891686975,0.0166531275385865,0.0315984179316204,0.00661069198919102,0.750169288215606,1.76077824484297e-23,0.757526496990913,0.0485553841525884,7,0.0864347977586726,0.473188805810008,hsa04510,Focal adhesion,CRK,RAPGEF1,coherent
Gnb2,Mras,liver,Cholangiocyte,636,0.75314465408805,0.0676100628930818,0.0660377358490566,0.107199814930475,0.00681073414955452,0.328417470221214,0.0342287772898751,0.422973181208652,0.344408767031146,7,0.0883143957078599,0.730876816457028,hsa04371,Apelin signaling pathway,GNB2,MRAS,coherent
Ogt,Pdpk1,liver,cDC,731,0.272229822161423,0.170998632010944,0.06703146374829,0.0998444167186964,0.00690008217577922,0.541938775510204,7.5464194125883e-05,0.670907847673935,0.0989808032711626,7,0.0887395814245705,0.540699031691291,hsa04931,Insulin resistance,OGT,PDPK1,coherent
Stk11,Foxo3,liver,Cholangiocyte,636,0.330188679245283,0.256289308176101,0.121069182389937,0.106506916799553,0.00718020499351776,0.504055208675649,2.96058302823087e-06,0.371607592970329,0.411780095558452,7,0.0915913954051167,0.760853000388159,hsa04068,FoxO signaling pathway,STK11,FOXO3,discordant
Traf2,Mapk8,liver,B_cell,7386,0.0659355537503385,0.0602491199566748,0.00257243433522881,-0.0311742851837238,0.00737601407681878,0.770175438596491,0.000173456388420934,0.297974585400192,0.516297541153067,7,0.0933303716655537,0.808972392015942,hsa04920,Adipocytokine signaling pathway,TRAF2,MAPK8,discordant
Rock2,Myl12a,liver,Neutrophil,572,0.0926573426573426,0.374125874125874,0.0472027972027972,0.111268855781979,0.00773052416835011,0.589133089133089,0.00150036304241366,-0.943812848351235,0.00139427078857295,7,0.0970335393611305,0.280744672159286,hsa04510,Focal adhesion,ROCK2,MYL12A,coherent
Ppp1cb,Calm1,liver,Macrophage_other,214,0.196261682242991,0.827102803738318,0.154205607476636,-0.181134095996761,0.00790144219838358,-0.0939171122994652,0.601878108543863,-0.35269528635385,0.64730471364615,4,0.0980297612355375,0.872837345198738,hsa04910,Insulin signaling pathway,PPP1CB,CALM1,discordant
Pdpk1,Rps6kb2,liver,HSC_Fibroblast,2024,0.115612648221344,0.0340909090909091,0.00889328063241107,0.0589958280721569,0.00793485001715313,0.969040247678019,7.43374267005337e-06,0.577564517233522,0.174489885944966,7,0.0980297612355375,0.625056235268612,hsa04910,Insulin signaling pathway,PDPK1,RPS6KB2,coherent
Ogt,Akt1,liver,HSC_Fibroblast,2024,0.152173913043478,0.195652173913043,0.0607707509881423,0.058715353672446,0.0082372754163867,0.427539351259006,8.13370786000421e-07,0.615073630068859,0.141553992691153,7,0.100970977564928,0.580603466919805,hsa04931,Insulin resistance,OGT,AKT1,coherent
Stat3,Junb,liver,Monocyte,920,0.526086956521739,0.896739130434783,0.495652173913044,0.086801080028176,0.00843355736730173,-0.0261653846729442,0.577321401063804,0.8779858212859,0.00934297006082022,7,0.102575593095321,0.372272914997024,hsa04935,"Growth hormone synthesis, secretion and action",STAT3,JUNB,coherent
Pik3r2,Akt1,liver,Kupffer_cell,202,0.0396039603960396,0.158415841584158,0.0198019801980198,0.183521427358225,0.00893881337702339,,,-0.565810006710245,0.185511326373301,7,0.107884601450382,0.631855080442306,hsa04518,Integrin signaling,PIK3R2,AKT1,coherent
Pik3r2,Akt1,liver,Kupffer_cell,202,0.0396039603960396,0.158415841584158,0.0198019801980198,0.183521427358225,0.00893881337702339,,,-0.565810006710245,0.185511326373301,7,0.107884601450382,0.631855080442306,hsa04935,"Growth hormone synthesis, secretion and action",PIK3R2,AKT1,coherent
Foxo3,Cryab,liver,HSC_Fibroblast,2024,0.113142292490119,0.262845849802372,0.049901185770751,0.057708327483517,0.00940983992620139,0.475270821199767,7.11576527839296e-07,0.622486104539519,0.135453629873567,7,0.111566242795987,0.578887174497043,hsa04213,Longevity regulating pathway - multiple species,FOXO3,CRYAB,coherent
Rhoa,Pip5k1a,liver,HSC_Fibroblast,2024,0.660079051383399,0.107707509881423,0.0978260869565217,0.0576781540149312,0.00944716133797241,0.28672589218976,4.53597640067085e-05,0.624866921772879,0.133523146886491,7,0.111566242795987,0.57712897373252,hsa04510,Focal adhesion,RHOA,PIP5K1A,discordant
Rock2,Ppp1cb,liver,NK_cell,596,0.176174496644295,0.23489932885906,0.0285234899328859,-0.106220316185401,0.00945717673159102,0.806372549019608,0.000128900222057746,0.353312355990448,0.436923029357759,7,0.111566242795987,0.763678274524487,hsa04510,Focal adhesion,ROCK2,PPP1CB,discordant
Rock2,Ppp1r12a,liver,B_cell,7386,0.239777958299486,0.24817221770918,0.0687787706471703,0.0301026497590508,0.00967522389631874,0.40108564496939,4.68707645615383e-21,0.853471520399587,0.0145642325002213,7,0.112479676025816,0.400406768374144,hsa04510,Focal adhesion,ROCK2,PPP1R12A,discordant
Rhoa,Diaph1,liver,T_cell,2018,0.693756194251734,0.369177403369673,0.276511397423191,0.0575307858234403,0.00973940706507361,0.296185318497066,9.22065962843654e-13,0.410881539928738,0.359823354196331,7,0.112479676025816,0.736405008417742,hsa04510,Focal adhesion,RHOA,DIAPH1,discordant
Ramp1,Gnb2,liver,T_cell,2018,0.163528245787909,0.437561942517344,0.0837462834489594,0.0575227149003943,0.00974967236425175,0.436363997993716,3.01817434065033e-09,0.423822646639112,0.34333651141643,7,0.112479676025816,0.730876816457028,hsa04081,Hormone signaling,RAMP1,GNB2,discordant
Rhoa,Rock1,liver,HSC_Fibroblast,2024,0.660079051383399,0.356225296442688,0.301383399209486,0.0573326085844456,0.00988406626764541,0.330328416047365,5.3794477217307e-17,0.682315659365288,0.0912489379974546,7,0.11286596003465,0.538231517736866,hsa04510,Focal adhesion,RHOA,ROCK1,discordant
Ppp1ca,Pygb,liver,Cholangiocyte,636,0.709119496855346,0.273584905660377,0.242138364779874,0.102171980033422,0.00992702516557148,0.209844172273015,0.00910704457465149,0.651543191110456,0.112859845909166,7,0.11286596003465,0.551642050565362,hsa04931,Insulin resistance,PPP1CA,PYGB,discordant
Stat3,Socs3,liver,NK_cell,596,0.374161073825503,0.197986577181208,0.100671140939597,0.105300255568003,0.0100977098805005,0.419227563212003,0.000946221788216998,0.617294308011862,0.139712139020607,7,0.113684262325967,0.579702520344588,hsa04920,Adipocytokine signaling pathway,STAT3,SOCS3,coherent
Stat3,Socs3,liver,NK_cell,596,0.374161073825503,0.197986577181208,0.100671140939597,0.105300255568003,0.0100977098805005,0.419227563212003,0.000946221788216998,0.617294308011862,0.139712139020607,7,0.113684262325967,0.579702520344588,hsa04931,Insulin resistance,STAT3,SOCS3,coherent
Stat3,Socs3,liver,NK_cell,596,0.374161073825503,0.197986577181208,0.100671140939597,0.105300255568003,0.0100977098805005,0.419227563212003,0.000946221788216998,0.617294308011862,0.139712139020607,7,0.113684262325967,0.579702520344588,hsa04935,"Growth hormone synthesis, secretion and action",STAT3,SOCS3,coherent
Rock1,Ppp1ca,liver,cDC,731,0.571819425444596,0.856361149110807,0.51983584131327,0.0950349473453497,0.0101439112336746,0.0229323043126701,0.655872640782605,0.595957342190875,0.15791107789123,7,0.113684262325967,0.611759212867506,hsa04510,Focal adhesion,ROCK1,PPP1CA,coherent
Prkce,Kras,liver,Monocyte,920,0.05,0.482608695652174,0.0369565217391304,0.0844533282903856,0.010386379998925,0.00198624904507257,0.991742071644367,0.724904055640837,0.0653079039172445,7,0.115576100839102,0.497417967214353,hsa04371,Apelin signaling pathway,PRKCE,KRAS,discordant
Pdpk1,Akt1,liver,B_cell,7386,0.0969401570538857,0.053479555916599,0.0082588681288925,0.02956392776745,0.0110566370517293,0.899524061343205,0,0.423412289695044,0.343854317098109,7,0.121490478183076,0.730876816457028,hsa04068,FoxO signaling pathway,PDPK1,AKT1,coherent
Pdpk1,Akt1,liver,B_cell,7386,0.0969401570538857,0.053479555916599,0.0082588681288925,0.02956392776745,0.0110566370517293,0.899524061343205,0,0.423412289695044,0.343854317098109,7,0.121490478183076,0.730876816457028,hsa04152,AMPK signaling pathway,PDPK1,AKT1,coherent
Pdpk1,Akt1,liver,B_cell,7386,0.0969401570538857,0.053479555916599,0.0082588681288925,0.02956392776745,0.0110566370517293,0.899524061343205,0,0.423412289695044,0.343854317098109,7,0.121490478183076,0.730876816457028,hsa04510,Focal adhesion,PDPK1,AKT1,coherent
Pdpk1,Akt1,liver,B_cell,7386,0.0969401570538857,0.053479555916599,0.0082588681288925,0.02956392776745,0.0110566370517293,0.899524061343205,0,0.423412289695044,0.343854317098109,7,0.121490478183076,0.730876816457028,hsa04910,Insulin signaling pathway,PDPK1,AKT1,coherent
Pdpk1,Akt1,liver,B_cell,7386,0.0969401570538857,0.053479555916599,0.0082588681288925,0.02956392776745,0.0110566370517293,0.899524061343205,0,0.423412289695044,0.343854317098109,7,0.121490478183076,0.730876816457028,hsa04931,Insulin resistance,PDPK1,AKT1,coherent
Flt1,Shc1,liver,cDC,731,0.0328317373461012,0.169630642954856,0.0136798905608755,0.0939128729891757,0.0110727459402038,0.806060606060606,0.00823557082285116,0.072981363619873,0.876432680349018,7,0.121490478183076,0.965628125393452,hsa04510,Focal adhesion,FLT1,SHC1,discordant
Sgk1,Foxo3,liver,Kupffer_cell,202,0.153465346534653,0.0346534653465347,0.0198019801980198,0.177929730134488,0.011295839556338,,,0.514222272742108,0.237712126166022,7,0.123077585165933,0.66794509928481,hsa04068,FoxO signaling pathway,SGK1,FOXO3,coherent
Hras,Pik3ca,liver,Cholangiocyte,636,0.430817610062893,0.15251572327044,0.0974842767295597,0.0996881018626048,0.0118910571657067,0.240160157135303,0.060285344328277,0.237534226351748,0.608028640318149,7,0.128669439262027,0.854796359878115,hsa04211,Longevity regulating pathway,HRAS,PIK3CA,discordant
Hras,Pik3ca,liver,Cholangiocyte,636,0.430817610062893,0.15251572327044,0.0974842767295597,0.0996881018626048,0.0118910571657067,0.240160157135303,0.060285344328277,0.237534226351748,0.608028640318149,7,0.128669439262027,0.854796359878115,hsa04213,Longevity regulating pathway - multiple species,HRAS,PIK3CA,discordant
Hras,Pik3ca,liver,Cholangiocyte,636,0.430817610062893,0.15251572327044,0.0974842767295597,0.0996881018626048,0.0118910571657067,0.240160157135303,0.060285344328277,0.237534226351748,0.608028640318149,7,0.128669439262027,0.854796359878115,hsa04510,Focal adhesion,HRAS,PIK3CA,discordant
Gnb2,Rras2,liver,T_cell,2018,0.437561942517344,0.128344895936571,0.0535183349851338,-0.0556527346377085,0.0124042760634791,0.617317823696971,0,-0.122563784131434,0.793488536935444,7,0.132498863817136,0.93773282339612,hsa04371,Apelin signaling pathway,GNB2,RRAS2,discordant
Rock2,Ppp1r12a,liver,Cholangiocyte,636,0.544025157232704,0.394654088050315,0.279874213836478,0.0990884935355303,0.0124138514857355,0.263319245367366,0.000383409917208492,0.8224384700444,0.0231319983583406,7,0.132498863817136,0.421600743475285,hsa04510,Focal adhesion,ROCK2,PPP1R12A,discordant
Ppp1r12a,Myl12a,liver,T_cell,2018,0.465312190287413,0.493062438057483,0.250247770069376,0.0555166070090964,0.0126204366250858,0.404372111684678,2.74066778297352e-21,-0.46649144274441,0.291337614275041,7,0.133793682869997,0.693321482836649,hsa04510,Focal adhesion,PPP1R12A,MYL12A,discordant
Akt2,Pde3b,liver,Cholangiocyte,636,0.172955974842767,0.19496855345912,0.0534591194968554,0.0986796854682788,0.0127818335349262,0.33048128342246,0.0568039720060862,0.92490840973045,0.0028492718935467,7,0.134595280646303,0.280744672159286,hsa04371,Apelin signaling pathway,AKT2,PDE3B,discordant
Akt2,Pde3b,liver,Cholangiocyte,636,0.172955974842767,0.19496855345912,0.0534591194968554,0.0986796854682788,0.0127818335349262,0.33048128342246,0.0568039720060862,0.92490840973045,0.0028492718935467,7,0.134595280646303,0.280744672159286,hsa04910,Insulin signaling pathway,AKT2,PDE3B,discordant
Akt1,Pde3b,liver,HSC_Fibroblast,2024,0.195652173913043,0.0281620553359684,0.0143280632411067,0.0549983317961593,0.0133363705008564,0.53743842364532,0.00303953454044288,0.427763408903335,0.338380689275162,7,0.139498435438958,0.727370364924555,hsa04371,Apelin signaling pathway,AKT1,PDE3B,discordant
Akt1,Pde3b,liver,HSC_Fibroblast,2024,0.195652173913043,0.0281620553359684,0.0143280632411067,0.0549983317961593,0.0133363705008564,0.53743842364532,0.00303953454044288,0.427763408903335,0.338380689275162,7,0.139498435438958,0.727370364924555,hsa04910,Insulin signaling pathway,AKT1,PDE3B,discordant
Rhoa,Diaph1,liver,NK_cell,596,0.778523489932886,0.516778523489933,0.429530201342282,0.101094474016051,0.0135423835696376,0.299925630056835,1.01696272398586e-06,0.273582261777051,0.552736724349644,7,0.140715230601069,0.830183483967358,hsa04510,Focal adhesion,RHOA,DIAPH1,discordant
Gnb2,Hras,liver,T_cell,2018,0.437561942517344,0.0936570862239841,0.0545094152626363,0.0547802245899193,0.0138485078119453,0.423195004846381,5.08141374764468e-06,-0.0532631060686344,0.909705950265246,7,0.14200063194992,0.969935393296569,hsa04371,Apelin signaling pathway,GNB2,HRAS,coherent
Oga,Ogt,liver,Kupffer_cell,202,0.0841584158415842,0.099009900990099,0.0297029702970297,0.172832787160658,0.0139049189429785,,,-0.432817153174531,0.332069989402575,7,0.14200063194992,0.726145084860444,hsa04931,Insulin resistance,OGA,OGT,discordant
Irs2,Pik3ca,liver,HSC_Fibroblast,2024,0.284584980237154,0.112154150197628,0.0602766798418972,0.0546479152400911,0.0139376018612413,0.274680664396872,0.00219985936054666,0.87228349342467,0.0104397758189095,7,0.14200063194992,0.372272914997024,hsa04068,FoxO signaling pathway,IRS2,PIK3CA,coherent
Irs2,Pik3ca,liver,HSC_Fibroblast,2024,0.284584980237154,0.112154150197628,0.0602766798418972,0.0546479152400911,0.0139376018612413,0.274680664396872,0.00219985936054666,0.87228349342467,0.0104397758189095,7,0.14200063194992,0.372272914997024,hsa04081,Hormone signaling,IRS2,PIK3CA,coherent
Irs2,Pik3ca,liver,HSC_Fibroblast,2024,0.284584980237154,0.112154150197628,0.0602766798418972,0.0546479152400911,0.0139376018612413,0.274680664396872,0.00219985936054666,0.87228349342467,0.0104397758189095,7,0.14200063194992,0.372272914997024,hsa04152,AMPK signaling pathway,IRS2,PIK3CA,coherent
Irs2,Pik3ca,liver,HSC_Fibroblast,2024,0.284584980237154,0.112154150197628,0.0602766798418972,0.0546479152400911,0.0139376018612413,0.274680664396872,0.00219985936054666,0.87228349342467,0.0104397758189095,7,0.14200063194992,0.372272914997024,hsa04211,Longevity regulating pathway,IRS2,PIK3CA,coherent
Irs2,Pik3ca,liver,HSC_Fibroblast,2024,0.284584980237154,0.112154150197628,0.0602766798418972,0.0546479152400911,0.0139376018612413,0.274680664396872,0.00219985936054666,0.87228349342467,0.0104397758189095,7,0.14200063194992,0.372272914997024,hsa04213,Longevity regulating pathway - multiple species,IRS2,PIK3CA,coherent
Irs2,Pik3ca,liver,HSC_Fibroblast,2024,0.284584980237154,0.112154150197628,0.0602766798418972,0.0546479152400911,0.0139376018612413,0.274680664396872,0.00219985936054666,0.87228349342467,0.0104397758189095,7,0.14200063194992,0.372272914997024,hsa04910,Insulin signaling pathway,IRS2,PIK3CA,coherent
Irs2,Pik3ca,liver,HSC_Fibroblast,2024,0.284584980237154,0.112154150197628,0.0602766798418972,0.0546479152400911,0.0139376018612413,0.274680664396872,0.00219985936054666,0.87228349342467,0.0104397758189095,7,0.14200063194992,0.372272914997024,hsa04931,Insulin resistance,IRS2,PIK3CA,coherent
Irs2,Pik3ca,liver,HSC_Fibroblast,2024,0.284584980237154,0.112154150197628,0.0602766798418972,0.0546479152400911,0.0139376018612413,0.274680664396872,0.00219985936054666,0.87228349342467,0.0104397758189095,7,0.14200063194992,0.372272914997024,hsa04935,"Growth hormone synthesis, secretion and action",IRS2,PIK3CA,coherent
Rock1,Ppp1ca,liver,LSEC,745,0.353020134228188,0.174496644295302,0.0979865771812081,0.0896755877920139,0.014345566801116,0.687430581266198,0,0.652787263924316,0.111939747400934,7,0.145204931243772,0.548854573975204,hsa04510,Focal adhesion,ROCK1,PPP1CA,coherent
Ppp1ca,Calm1,liver,Neutrophil,572,0.347902097902098,0.711538461538462,0.272727272727273,0.102236162017058,0.0144372015768186,0.291277664772004,0.000225031713734096,-0.119536682399464,0.798514960321963,7,0.145204931243772,0.939190478991505,hsa04910,Insulin signaling pathway,PPP1CA,CALM1,coherent
Foxo3,Plk3,liver,NK_cell,596,0.102348993288591,0.0738255033557047,0.0134228187919463,0.0992021704888443,0.0154044573958403,,,0.523061701715133,0.228333163410371,7,0.152819602974134,0.663373901621538,hsa04068,FoxO signaling pathway,FOXO3,PLK3,discordant
Sos2,Hras,liver,B_cell,7386,0.0342539940427836,0.0529379907933929,0.00338478202003791,0.0281553735637257,0.0155292690903455,0.889957676029242,2.62825050947459e-09,-0.152989350696444,0.743306012696296,7,0.152819602974134,0.919524252488881,hsa04068,FoxO signaling pathway,SOS2,HRAS,discordant
Sos2,Hras,liver,B_cell,7386,0.0342539940427836,0.0529379907933929,0.00338478202003791,0.0281553735637257,0.0155292690903455,0.889957676029242,2.62825050947459e-09,-0.152989350696444,0.743306012696296,7,0.152819602974134,0.919524252488881,hsa04510,Focal adhesion,SOS2,HRAS,discordant
Sos2,Hras,liver,B_cell,7386,0.0342539940427836,0.0529379907933929,0.00338478202003791,0.0281553735637257,0.0155292690903455,0.889957676029242,2.62825050947459e-09,-0.152989350696444,0.743306012696296,7,0.152819602974134,0.919524252488881,hsa04910,Insulin signaling pathway,SOS2,HRAS,discordant
Sos2,Hras,liver,B_cell,7386,0.0342539940427836,0.0529379907933929,0.00338478202003791,0.0281553735637257,0.0155292690903455,0.889957676029242,2.62825050947459e-09,-0.152989350696444,0.743306012696296,7,0.152819602974134,0.919524252488881,hsa04935,"Growth hormone synthesis, secretion and action",SOS2,HRAS,discordant
Pik3ca,Pdpk1,liver,Cholangiocyte,636,0.15251572327044,0.202830188679245,0.0471698113207547,0.0959026247702534,0.0155464297904105,0.630700778642937,0.000255526483530037,0.467593248292264,0.290044440823898,7,0.152819602974134,0.693277012103684,hsa04910,Insulin signaling pathway,PIK3CA,PDPK1,discordant
Zyx,Actn1,liver,cDC,731,0.678522571819426,0.172366621067031,0.116279069767442,-0.0894258602560606,0.0155838983275089,0.29499706859488,0.00630415153890625,-0.0947890785502305,0.839803012875741,7,0.152819602974134,0.955009005497395,hsa04510,Focal adhesion,ZYX,ACTN1,coherent
Calm1,Pygb,liver,B_cell,7386,0.753858651502843,0.020985648524235,0.0182778229082047,0.0279985127608018,0.0161146649743922,0.182684616135011,0.0340718282746603,0.630409665954414,0.129083411435958,7,0.156916946212457,0.573397641339326,hsa04910,Insulin signaling pathway,CALM1,PYGB,discordant
Rac2,Mapk8,liver,T_cell,2018,0.819127849355798,0.0594648166501487,0.0465807730426165,-0.0535171416162496,0.0162017497045367,0.337175657176846,0.000889985093615069,-0.591889907330959,0.161506763215416,7,0.156916946212457,0.615235098028852,hsa04510,Focal adhesion,RAC2,MAPK8,discordant
Ramp1,Gnas,liver,cDC,731,0.497948016415869,0.934336525307797,0.480164158686731,0.0887786033862583,0.0163528963101138,0.175721398543415,0.000945848320396985,0.491019933914182,0.263160497473089,7,0.157409167549501,0.681029247301756,hsa04081,Hormone signaling,RAMP1,GNAS,discordant
Oga,Ogt,liver,Macrophage_other,214,0.163551401869159,0.196261682242991,0.0514018691588785,0.163795636200592,0.0164709228210028,0.918181818181818,0,0.827945134777087,0.172054865222913,4,0.157464704561226,0.621958689143135,hsa04931,Insulin resistance,OGA,OGT,discordant
Bcl2l1,Bax,liver,T_cell,2018,0.0584737363726462,0.317641228939544,0.0262636273538157,0.0533395187608193,0.0165593857569167,0.633673345966214,3.52403359983799e-07,0.765316513869876,0.0449526508637721,7,0.157464704561226,0.468477290281202,hsa04115,p53 signaling pathway,BCL2L1,BAX,discordant
Akt1,Ppp1ca,liver,B_cell,7386,0.053479555916599,0.40360140806932,0.0273490387219063,0.0278386432041172,0.0167311568570393,0.439370208856663,6.08627811261032e-11,0.672544661393032,0.0978511373312201,7,0.158139669329486,0.538696261307664,hsa04910,Insulin signaling pathway,AKT1,PPP1CA,coherent
Prkce,Rras2,liver,pDC,748,0.0494652406417112,0.101604278074866,0.0106951871657754,0.0869996985946249,0.0173154323923035,,,0.738443462299743,0.058027665843497,7,0.162682116308528,0.48099432284387,hsa04371,Apelin signaling pathway,PRKCE,RRAS2,discordant
Akt1,Foxo3,liver,HSC_Fibroblast,2024,0.195652173913043,0.113142292490119,0.0424901185770751,0.0527742808612692,0.017575394944071,0.476163969998585,4.74163730126868e-06,0.485078877978603,0.26986673406353,7,0.164141634924092,0.685325139579335,hsa04068,FoxO signaling pathway,AKT1,FOXO3,coherent
Akt1,Foxo3,liver,HSC_Fibroblast,2024,0.195652173913043,0.113142292490119,0.0424901185770751,0.0527742808612692,0.017575394944071,0.476163969998585,4.74163730126868e-06,0.485078877978603,0.26986673406353,7,0.164141634924092,0.685325139579335,hsa04211,Longevity regulating pathway,AKT1,FOXO3,coherent
Akt1,Foxo3,liver,HSC_Fibroblast,2024,0.195652173913043,0.113142292490119,0.0424901185770751,0.0527742808612692,0.017575394944071,0.476163969998585,4.74163730126868e-06,0.485078877978603,0.26986673406353,7,0.164141634924092,0.685325139579335,hsa04213,Longevity regulating pathway - multiple species,AKT1,FOXO3,coherent
Map2k6,Mapk13,liver,Cholangiocyte,636,0.132075471698113,0.183962264150943,0.0393081761006289,0.0940174201792731,0.0177102958103547,0.810769230769231,2.62951073944091e-06,0.857379723013989,0.0136424391056204,7,0.164422805481932,0.400406768374144,hsa04935,"Growth hormone synthesis, secretion and action",MAP2K6,MAPK13,coherent
Map2k6,Mapk13,liver,Cholangiocyte,636,0.132075471698113,0.183962264150943,0.0393081761006289,0.0940174201792731,0.0177102958103547,0.810769230769231,2.62951073944091e-06,0.857379723013989,0.0136424391056204,7,0.164422805481932,0.400406768374144,hsa04936,Alcoholic liver disease,MAP2K6,MAPK13,coherent
Map2k7,Mapk8,liver,cDC,731,0.125854993160055,0.0998632010943912,0.0246238030095759,0.0875853575958986,0.0178581140840258,0.894736842105263,0,-0.231238263999937,0.617848381346789,7,0.164819888222568,0.858401614284048,hsa04936,Alcoholic liver disease,MAP2K7,MAPK8,discordant
Pik3ca,Akt1,liver,HSC_Fibroblast,2024,0.112154150197628,0.195652173913043,0.0439723320158103,0.0525739622668034,0.0180096914077633,0.475706503234593,3.28578074195693e-06,0.681235960659513,0.0919665725770422,7,0.165246817653688,0.538696261307664,hsa04518,Integrin signaling,PIK3CA,AKT1,discordant
Pik3ca,Akt1,liver,HSC_Fibroblast,2024,0.112154150197628,0.195652173913043,0.0439723320158103,0.0525739622668034,0.0180096914077633,0.475706503234593,3.28578074195693e-06,0.681235960659513,0.0919665725770422,7,0.165246817653688,0.538696261307664,hsa04935,"Growth hormone synthesis, secretion and action",PIK3CA,AKT1,discordant
Stat3,Socs3,liver,LSEC,745,0.212080536912752,0.194630872483221,0.0630872483221477,0.0859444483013047,0.0189643827186924,0.255666049953747,0.0829660727322759,0.0778874530996995,0.868174858772446,7,0.172994863288537,0.962661733861461,hsa04920,Adipocytokine signaling pathway,STAT3,SOCS3,coherent
Stat3,Socs3,liver,LSEC,745,0.212080536912752,0.194630872483221,0.0630872483221477,0.0859444483013047,0.0189643827186924,0.255666049953747,0.0829660727322759,0.0778874530996995,0.868174858772446,7,0.172994863288537,0.962661733861461,hsa04931,Insulin resistance,STAT3,SOCS3,coherent
Stat3,Socs3,liver,LSEC,745,0.212080536912752,0.194630872483221,0.0630872483221477,0.0859444483013047,0.0189643827186924,0.255666049953747,0.0829660727322759,0.0778874530996995,0.868174858772446,7,0.172994863288537,0.962661733861461,hsa04935,"Growth hormone synthesis, secretion and action",STAT3,SOCS3,coherent
Rhoa,Diaph1,liver,Neutrophil,572,0.674825174825175,0.391608391608392,0.300699300699301,0.0978543719434688,0.0192405715023461,0.370159426442406,5.79648179507125e-07,0.502016988757688,0.250950436627721,7,0.174499749636884,0.680036675421232,hsa04510,Focal adhesion,RHOA,DIAPH1,discordant
Rock1,Ppp1ca,liver,B_cell,7386,0.391416192797184,0.40360140806932,0.176414838884376,0.0271470819561556,0.0196426209866805,0.292343054561952,4.32823148820821e-27,0.738023279154916,0.0582466037860645,7,0.177122254759206,0.48099432284387,hsa04510,Focal adhesion,ROCK1,PPP1CA,coherent
Usp7,Foxo3,liver,Neutrophil,572,0.0944055944055944,0.0734265734265734,0.013986013986014,0.097163965952582,0.0201125079904966,,,-0.0823455659686035,0.860679300599099,7,0.180323000211938,0.960273441152172,hsa04068,FoxO signaling pathway,USP7,FOXO3,coherent
Ppp1cb,Pygb,liver,LSEC,745,0.220134228187919,0.0483221476510067,0.00268456375838926,-0.0850569642418613,0.0202375699187326,,,-0.294606109646232,0.521279789406374,7,0.180413336377792,0.809978950573167,hsa04931,Insulin resistance,PPP1CB,PYGB,coherent
Pdpk1,Rps6kb2,liver,cDC,731,0.170998632010944,0.112175102599179,0.0287277701778386,0.0856573142698813,0.0205466565834212,0.572727272727273,0.00761749168522288,0.800882248313289,0.0304268777410395,7,0.181737399596637,0.4342559962194,hsa04910,Insulin signaling pathway,PDPK1,RPS6KB2,coherent
Rhoa,Rock2,liver,HSC_Fibroblast,2024,0.660079051383399,0.388339920948617,0.324110671936759,0.0514449192460297,0.0206374316946103,0.33018372986799,3.77218013075708e-18,0.50638591612039,0.246173608180916,7,0.181737399596637,0.674013592695898,hsa04510,Focal adhesion,RHOA,ROCK2,discordant
Ogt,Irs1,liver,HSC_Fibroblast,2024,0.152173913043478,0.0340909090909091,0.0123517786561265,0.0513069911310455,0.0209802969990888,0.513076923076923,0.00956002191701927,0.475549394189761,0.280782543100353,7,0.181737399596637,0.690289227767032,hsa04931,Insulin resistance,OGT,IRS1,discordant
Akt1,Ppp1ca,liver,Cholangiocyte,636,0.29559748427673,0.709119496855346,0.257861635220126,0.0913766558390037,0.0211821670768231,0.198483396462846,0.0108408878491076,0.514106379140766,0.23783626336155,7,0.181737399596637,0.66794509928481,hsa04910,Insulin signaling pathway,AKT1,PPP1CA,coherent
Sirt1,Bax,liver,Kupffer_cell,202,0.0247524752475248,0.217821782178218,0.0148514851485149,0.161971001381434,0.0212798312309872,,,0.563704417426811,0.187520373605558,7,0.181737399596637,0.631855080442306,hsa04211,Longevity regulating pathway,SIRT1,BAX,coherent
Ramp1,Gnas,liver,Cholangiocyte,636,0.559748427672956,0.864779874213837,0.534591194968554,0.0913046171526582,0.0212846360224891,0.032568582379574,0.549518242734852,0.836807120580069,0.0188861170215702,7,0.181737399596637,0.400406768374144,hsa04081,Hormone signaling,RAMP1,GNAS,discordant
Ppp1ca,Myl12a,liver,Macrophage_other,214,0.509345794392523,0.560747663551402,0.378504672897196,0.157068277281974,0.0215311390631844,0.37141131104539,0.000640811579587848,0.702617475181908,0.297382524818092,4,0.181737399596637,0.695369868017267,hsa04510,Focal adhesion,PPP1CA,MYL12A,coherent
Akt1,Pde3b,liver,Monocyte,920,0.380434782608696,0.0347826086956522,0.00869565217391304,-0.0757231171888545,0.0216203789881732,,,-0.361732932316,0.425279241948576,7,0.181737399596637,0.760853000388159,hsa04371,Apelin signaling pathway,AKT1,PDE3B,discordant
Akt1,Pde3b,liver,Monocyte,920,0.380434782608696,0.0347826086956522,0.00869565217391304,-0.0757231171888545,0.0216203789881732,,,-0.361732932316,0.425279241948576,7,0.181737399596637,0.760853000388159,hsa04910,Insulin signaling pathway,AKT1,PDE3B,discordant
Prkce,Mapk8,liver,HSC_Fibroblast,2024,0.0395256916996047,0.0790513833992095,0.00790513833992095,0.0510192392178298,0.0217115997475232,0.447058823529412,0.0843727715471236,0.813703966123175,0.0259527728588868,7,0.181737399596637,0.421600743475285,hsa04931,Insulin resistance,PRKCE,MAPK8,discordant
Hras,Araf,liver,Cholangiocyte,636,0.430817610062893,0.207547169811321,0.127358490566038,0.0910058353953547,0.0217142390480445,0.159372177055104,0.155012578808718,0.674095177211306,0.0967872945071818,7,0.181737399596637,0.538696261307664,hsa04068,FoxO signaling pathway,HRAS,ARAF,coherent
Hras,Araf,liver,Cholangiocyte,636,0.430817610062893,0.207547169811321,0.127358490566038,0.0910058353953547,0.0217142390480445,0.159372177055104,0.155012578808718,0.674095177211306,0.0967872945071818,7,0.181737399596637,0.538696261307664,hsa04910,Insulin signaling pathway,HRAS,ARAF,coherent
Gnb2,Hras,liver,pDC,748,0.828877005347594,0.264705882352941,0.240641711229947,0.0838568244980947,0.0218103206461699,0.279510828271912,0.000144739510668582,0.625626432318414,0.132910260727141,7,0.181737399596637,0.576066848289734,hsa04371,Apelin signaling pathway,GNB2,HRAS,coherent
Foxo3,Ccnd1,liver,cDC,731,0.0984952120383037,0.580027359781122,0.0465116279069768,-0.084778438445371,0.0218848120457996,-0.0352941176470588,0.842716975212168,0.142376259651646,0.760736893014484,7,0.181737399596637,0.923289344384624,hsa04068,FoxO signaling pathway,FOXO3,CCND1,discordant
Klf2,Nos3,liver,LSEC,745,0.519463087248322,0.173154362416107,0.118120805369128,0.0839422589824881,0.021941690110941,0.162650522841422,0.130004880567415,0.331861797310092,0.46711795576336,7,0.181737399596637,0.782185776513033,hsa04371,Apelin signaling pathway,KLF2,NOS3,coherent
Akt2,Tsc2,liver,cDC,731,0.186046511627907,0.0629274965800274,0.0205198358413133,0.0847000784366376,0.0220077156936654,0.592857142857143,0.0222740629474564,-0.42792995161023,0.338171920535009,7,0.181737399596637,0.727370364924555,hsa04910,Insulin signaling pathway,AKT2,TSC2,discordant
Ogt,Pik3r2,liver,HSC_Fibroblast,2024,0.152173913043478,0.0933794466403162,0.0281620553359684,0.0505689864836064,0.0229003736834663,0.594697951775992,1.80834308025547e-06,0.836039609203339,0.0191006405533041,7,0.187963807858284,0.400406768374144,hsa04931,Insulin resistance,OGT,PIK3R2,coherent
Stat3,Socs3,liver,B_cell,7386,0.219740048740861,0.0645816409423233,0.0177362577849986,0.0264527720542398,0.023001307271377,0.533402373891993,5.39990389571392e-11,0.313423897250807,0.493659890021856,7,0.187963807858284,0.79974168227466,hsa04920,Adipocytokine signaling pathway,STAT3,SOCS3,coherent
Stat3,Socs3,liver,B_cell,7386,0.219740048740861,0.0645816409423233,0.0177362577849986,0.0264527720542398,0.023001307271377,0.533402373891993,5.39990389571392e-11,0.313423897250807,0.493659890021856,7,0.187963807858284,0.79974168227466,hsa04931,Insulin resistance,STAT3,SOCS3,coherent
Stat3,Socs3,liver,B_cell,7386,0.219740048740861,0.0645816409423233,0.0177362577849986,0.0264527720542398,0.023001307271377,0.533402373891993,5.39990389571392e-11,0.313423897250807,0.493659890021856,7,0.187963807858284,0.79974168227466,hsa04935,"Growth hormone synthesis, secretion and action",STAT3,SOCS3,coherent
Prkaa2,Klf2,liver,Cholangiocyte,636,0.124213836477987,0.314465408805031,0.0314465408805031,-0.0896274458623062,0.0237950396993349,0.356390977443609,0.12345478424192,-0.597267287550505,0.156761640986351,7,0.19344257662309,0.611759212867506,hsa04371,Apelin signaling pathway,PRKAA2,KLF2,coherent
Rapgef1,Rap1a,liver,Monocyte,920,0.133695652173913,0.804347826086957,0.119565217391304,0.0742865630894683,0.0242419013377916,0.404034893943151,1.42943089057647e-05,-0.229803728003152,0.620092205910793,7,0.196059501025748,0.858401614284048,hsa04510,Focal adhesion,RAPGEF1,RAP1A,discordant
Ppp1ca,Calm1,liver,NK_cell,596,0.644295302013423,0.904362416107383,0.604026845637584,0.0921258021306756,0.0245035511877489,0.0917747748083765,0.0820489249672601,0.42201331352261,0.345622075137434,7,0.197159342633733,0.730876816457028,hsa04910,Insulin signaling pathway,PPP1CA,CALM1,coherent
Ogt,Akt1,liver,Macrophage_other,214,0.196261682242991,0.205607476635514,0.0700934579439252,0.152769340849447,0.0254259941022985,0.871428571428571,0,0.356028878207193,0.643971121792807,4,0.202539370605673,0.871525750325537,hsa04931,Insulin resistance,OGT,AKT1,coherent
Arhgap5,Rhoa,liver,cDC,731,0.305061559507524,0.937072503419973,0.288645690834473,-0.082657097758826,0.0254303734922355,0.068287323871693,0.323273391631206,-0.667451173925725,0.10138876838967,7,0.202539370605673,0.540699031691291,hsa04510,Focal adhesion,ARHGAP5,RHOA,coherent
Rock1,Ppp1r12a,liver,pDC,748,0.647058823529412,0.398395721925134,0.290106951871658,0.0812690228582785,0.0262404516016159,0.172848103848739,0.0107496548391454,0.840624481152277,0.01783953000171,7,0.207819154227774,0.400406768374144,hsa04510,Focal adhesion,ROCK1,PPP1R12A,discordant
Hras,Pik3ca,liver,HSC_Fibroblast,2024,0.165513833992095,0.112154150197628,0.0360671936758893,0.0493526385282635,0.0263982964055324,0.824293471553746,0,0.771147458689162,0.0423556094159843,7,0.207819154227774,0.468477290281202,hsa04211,Longevity regulating pathway,HRAS,PIK3CA,discordant
Hras,Pik3ca,liver,HSC_Fibroblast,2024,0.165513833992095,0.112154150197628,0.0360671936758893,0.0493526385282635,0.0263982964055324,0.824293471553746,0,0.771147458689162,0.0423556094159843,7,0.207819154227774,0.468477290281202,hsa04213,Longevity regulating pathway - multiple species,HRAS,PIK3CA,discordant
Hras,Pik3ca,liver,HSC_Fibroblast,2024,0.165513833992095,0.112154150197628,0.0360671936758893,0.0493526385282635,0.0263982964055324,0.824293471553746,0,0.771147458689162,0.0423556094159843,7,0.207819154227774,0.468477290281202,hsa04510,Focal adhesion,HRAS,PIK3CA,discordant
Ikbkg,Irs2,liver,T_cell,2018,0.0346878097125867,0.0961347869177403,0.000991080277502478,-0.0493957298347793,0.0264906506345155,,,-0.206794914906,0.656392165403809,7,0.207819154227774,0.875289056506995,hsa04920,Adipocytokine signaling pathway,IKBKG,IRS2,coherent
Foxo3,Hspa8,liver,Cholangiocyte,636,0.256289308176101,0.90251572327044,0.25,0.0877373319164084,0.0269275277938835,-0.0926411197780287,0.245461962828504,0.54101733101616,0.209829682546639,7,0.20963161960404,0.640741450855509,hsa04213,Longevity regulating pathway - multiple species,FOXO3,HSPA8,discordant
Ppp1ca,Myl12a,liver,Monocyte,920,0.768478260869565,0.672826086956522,0.561956521739131,0.0729189229396406,0.0269889019502971,0.155552874181219,0.000385268108104516,0.135646339022505,0.771832333961373,7,0.20963161960404,0.928168861153009,hsa04510,Focal adhesion,PPP1CA,MYL12A,coherent
Ogt,Pik3ca,liver,B_cell,7386,0.290549688600054,0.108448415922015,0.0380449499052261,0.0256403402498252,0.0275547874125608,0.645797702644561,1.48456659601453e-34,0.325262654923024,0.476556728527171,7,0.212972716503979,0.787900428934806,hsa04931,Insulin resistance,OGT,PIK3CA,discordant
Rps6kb2,Rps6,liver,T_cell,2018,0.0450941526263627,0.981169474727453,0.0450941526263627,-0.0488795659648698,0.0281114599905352,-0.428189202102246,2.75379194629595e-05,-0.364899415756892,0.42093207667854,7,0.215426740102452,0.760853000388159,hsa04371,Apelin signaling pathway,RPS6KB2,RPS6,discordant
Rps6kb2,Rps6,liver,T_cell,2018,0.0450941526263627,0.981169474727453,0.0450941526263627,-0.0488795659648698,0.0281114599905352,-0.428189202102246,2.75379194629595e-05,-0.364899415756892,0.42093207667854,7,0.215426740102452,0.760853000388159,hsa04910,Insulin signaling pathway,RPS6KB2,RPS6,discordant
Ogt,Akt2,liver,HSC_Fibroblast,2024,0.152173913043478,0.175395256916996,0.0513833992094862,0.0487960795687351,0.0281468972090521,0.285555013217204,0.00329970200992121,0.811918294400425,0.0265520115284404,7,0.215426740102452,0.421600743475285,hsa04931,Insulin resistance,OGT,AKT2,coherent
Vegfc,Flt1,liver,HSC_Fibroblast,2024,0.0657114624505929,0.0459486166007905,0.00741106719367589,0.0484220377375018,0.0293773353481215,0.889285714285714,0,-0.141903857167714,0.761514687114238,7,0.223752617287392,0.923289344384624,hsa04510,Focal adhesion,VEGFC,FLT1,coherent
Vegfc,Flt1,liver,HSC_Fibroblast,2024,0.0657114624505929,0.0459486166007905,0.00741106719367589,0.0484220377375018,0.0293773353481215,0.889285714285714,0,-0.141903857167714,0.761514687114238,7,0.223752617287392,0.923289344384624,hsa04518,Integrin signaling,VEGFC,FLT1,coherent
Gnb2,Plcb3,liver,pDC,748,0.828877005347594,0.0334224598930481,0.0320855614973262,0.0794602673374289,0.0297797214624501,0.353913043478261,0.0903480213023881,-0.170326618357735,0.715020602925002,7,0.225454484328189,0.906002829312777,hsa04081,Hormone signaling,GNB2,PLCB3,coherent
Gnb2,Plcb3,liver,pDC,748,0.828877005347594,0.0334224598930481,0.0320855614973262,0.0794602673374289,0.0297797214624501,0.353913043478261,0.0903480213023881,-0.170326618357735,0.715020602925002,7,0.225454484328189,0.906002829312777,hsa04371,Apelin signaling pathway,GNB2,PLCB3,coherent
Map2k6,Mapk13,liver,cDC,731,0.0725034199726402,0.0259917920656635,0.00547195622435021,0.0803260373084524,0.0298881661824496,,,-0.596617426337645,0.157331351268647,7,0.225454484328189,0.611759212867506,hsa04935,"Growth hormone synthesis, secretion and action",MAP2K6,MAPK13,coherent
Map2k6,Mapk13,liver,cDC,731,0.0725034199726402,0.0259917920656635,0.00547195622435021,0.0803260373084524,0.0298881661824496,,,-0.596617426337645,0.157331351268647,7,0.225454484328189,0.611759212867506,hsa04936,Alcoholic liver disease,MAP2K6,MAPK13,coherent
Gnb2,Rhoa,liver,Kupffer_cell,202,0.50990099009901,0.648514851485149,0.391089108910891,0.151966019670219,0.0308506036122096,0.0906894516171347,0.426696528077719,0.251192067228578,0.586888336471137,7,0.230911545067271,0.842477401576591,hsa04081,Hormone signaling,GNB2,RHOA,coherent
Rhoa,Rock2,liver,LSEC,745,0.477852348993289,0.38255033557047,0.224161073825503,0.0790822399363635,0.0309059429344339,0.229733881892383,0.00282128106116751,0.0574018244680053,0.902712101507839,7,0.230911545067271,0.969935393296569,hsa04510,Focal adhesion,RHOA,ROCK2,discordant
Prkce,Hras,liver,LSEC,745,0.212080536912752,0.139597315436242,0.0241610738255034,-0.0789249156500617,0.0312421695096214,0.754385964912281,0.000451863194364846,-0.795373260566521,0.0324722380580535,7,0.232317364742161,0.446920539588472,hsa04371,Apelin signaling pathway,PRKCE,HRAS,coherent
Stat3,Socs3,liver,pDC,748,0.533422459893048,0.153743315508021,0.0975935828877005,0.0783758159173312,0.0320922981995379,0.525453535727508,2.62480454844207e-06,-0.228684837283724,0.621843942845738,7,0.237513282429599,0.859220618571821,hsa04920,Adipocytokine signaling pathway,STAT3,SOCS3,coherent
Stat3,Socs3,liver,pDC,748,0.533422459893048,0.153743315508021,0.0975935828877005,0.0783758159173312,0.0320922981995379,0.525453535727508,2.62480454844207e-06,-0.228684837283724,0.621843942845738,7,0.237513282429599,0.859220618571821,hsa04931,Insulin resistance,STAT3,SOCS3,coherent
Stat3,Socs3,liver,pDC,748,0.533422459893048,0.153743315508021,0.0975935828877005,0.0783758159173312,0.0320922981995379,0.525453535727508,2.62480454844207e-06,-0.228684837283724,0.621843942845738,7,0.237513282429599,0.859220618571821,hsa04935,"Growth hormone synthesis, secretion and action",STAT3,SOCS3,coherent
Gnai2,Prkce,liver,B_cell,7386,0.632818846466288,0.115353371242892,0.0808285946385053,0.0248376961493795,0.0327965331650589,0.306588011877045,1.85085921725875e-14,0.867035829974793,0.0115115167995939,7,0.241585730215856,0.392018431902057,hsa04371,Apelin signaling pathway,GNAI2,PRKCE,coherent
Ppp1cb,Pygb,liver,pDC,748,0.307486631016043,0.0762032085561497,0.0320855614973262,0.0778701782861328,0.0332220315499693,0.560869565217391,0.00501134585624515,0.30604761557529,0.504424096485134,7,0.242192205396027,0.80267891215535,hsa04931,Insulin resistance,PPP1CB,PYGB,coherent
Ogt,Pik3r2,liver,Cholangiocyte,636,0.316037735849057,0.14937106918239,0.0707547169811321,0.08442691533088,0.0332725350726109,0.435653348502092,0.00277881364499279,0.394706482638369,0.380878492491332,7,0.242192205396027,0.751696043671572,hsa04931,Insulin resistance,OGT,PIK3R2,coherent
Stat3,Igf1,liver,Macrophage_other,214,0.289719626168224,0.275700934579439,0.0747663551401869,-0.14552129411497,0.033364966660766,0.45,0.082166850881351,-0.276780234607512,0.723219765392488,4,0.242192205396027,0.909969376023106,hsa04935,"Growth hormone synthesis, secretion and action",STAT3,IGF1,discordant
Prkaa2,Pfkfb3,liver,Cholangiocyte,636,0.124213836477987,0.121069182389937,0.0267295597484277,0.0842657372400042,0.0336116016315266,0.431372549019608,0.0853892885273549,0.783842484366206,0.0369949718296172,7,0.242192205396027,0.460675482544995,hsa04152,AMPK signaling pathway,PRKAA2,PFKFB3,discordant
Foxo3,Gadd45a,liver,cDC,731,0.0984952120383037,0.0533515731874145,0.00820793433652531,0.0785805512144292,0.0336506697108566,,,0.764649931673178,0.0452549673013857,7,0.242192205396027,0.468477290281202,hsa04068,FoxO signaling pathway,FOXO3,GADD45A,discordant
Mapk8,Irs2,liver,cDC,731,0.0998632010943912,0.0752393980848153,0.012311901504788,0.0782915128638412,0.0343111944430576,,,-0.399587130014314,0.374473694284322,7,0.245818557448208,0.747264531488988,hsa04910,Insulin signaling pathway,MAPK8,IRS2,discordant
Mapk8,Irs2,liver,cDC,731,0.0998632010943912,0.0752393980848153,0.012311901504788,0.0782915128638412,0.0343111944430576,,,-0.399587130014314,0.374473694284322,7,0.245818557448208,0.747264531488988,hsa04920,Adipocytokine signaling pathway,MAPK8,IRS2,discordant
Mapk8,Irs2,liver,cDC,731,0.0998632010943912,0.0752393980848153,0.012311901504788,0.0782915128638412,0.0343111944430576,,,-0.399587130014314,0.374473694284322,7,0.245818557448208,0.747264531488988,hsa04931,Insulin resistance,MAPK8,IRS2,discordant
Ramp1,Gnb2,liver,Neutrophil,572,0.0891608391608392,0.524475524475525,0.0594405594405594,0.0879475062368367,0.0354768445242902,0.584110007639419,0.000368698310471895,0.576832427602904,0.175166665814239,7,0.253014404811869,0.626051249800775,hsa04081,Hormone signaling,RAMP1,GNB2,discordant
Gnb2,Kras,liver,Cholangiocyte,636,0.75314465408805,0.238993710691824,0.215408805031447,0.0830292309652129,0.0363122065497716,0.273274590699498,0.00128053375997748,0.789210144094015,0.034848787436726,7,0.257800235640686,0.456599020681271,hsa04371,Apelin signaling pathway,GNB2,KRAS,discordant
Pik3ca,Prkcz,liver,Cholangiocyte,636,0.15251572327044,0.20440251572327,0.050314465408805,0.0829460330032014,0.0365003601158286,0.648460410557185,8.75651300144244e-05,-0.0167238914633155,0.97161261026524,7,0.25795125074632,0.993133671339519,hsa04910,Insulin signaling pathway,PIK3CA,PRKCZ,discordant
Pik3ca,Prkcz,liver,Cholangiocyte,636,0.15251572327044,0.20440251572327,0.050314465408805,0.0829460330032014,0.0365003601158286,0.648460410557185,8.75651300144244e-05,-0.0167238914633155,0.97161261026524,7,0.25795125074632,0.993133671339519,hsa04931,Insulin resistance,PIK3CA,PRKCZ,discordant
Pdgfc,Flt1,liver,Cholangiocyte,636,0.367924528301887,0.0471698113207547,0.0110062893081761,-0.0828747231961484,0.0366622873909683,,,-0.749413410263738,0.0524700062435219,7,0.25795125074632,0.48099432284387,hsa04510,Focal adhesion,PDGFC,FLT1,coherent
Pdgfc,Flt1,liver,Cholangiocyte,636,0.367924528301887,0.0471698113207547,0.0110062893081761,-0.0828747231961484,0.0366622873909683,,,-0.749413410263738,0.0524700062435219,7,0.25795125074632,0.48099432284387,hsa04518,Integrin signaling,PDGFC,FLT1,coherent
Akt2,Tsc2,liver,Monocyte,920,0.134782608695652,0.0554347826086957,0.0152173913043478,0.0688035071117731,0.0369288783221929,0.863736263736264,3.42232828151128e-05,0.251528075747867,0.586371108435079,7,0.258667009319288,0.842477401576591,hsa04910,Insulin signaling pathway,AKT2,TSC2,discordant
Prkce,Mapk8,liver,B_cell,7386,0.115353371242892,0.0602491199566748,0.0090712158137016,0.0240262361384767,0.0389412164895692,0.67015863513918,5.55330494873154e-10,0.93716193101137,0.00183752065627106,7,0.271550082987262,0.280744672159286,hsa04931,Insulin resistance,PRKCE,MAPK8,discordant
Calm1,Nos3,liver,LSEC,745,0.620134228187919,0.173154362416107,0.135570469798658,0.0755407985061498,0.0392700117022001,0.165900791501407,0.0973093494125404,-0.141234818335855,0.762616509094747,7,0.272631187436956,0.923289344384624,hsa04371,Apelin signaling pathway,CALM1,NOS3,discordant
Foxo3,Gadd45a,liver,HSC_Fibroblast,2024,0.113142292490119,0.195158102766798,0.0424901185770751,0.0457469014593417,0.0395989492651051,0.387671058408287,0.000226178402786532,0.470078754843263,0.287136628526863,7,0.273703750647357,0.693277012103684,hsa04068,FoxO signaling pathway,FOXO3,GADD45A,discordant
Rps6ka1,Ppp1ca,liver,B_cell,7386,0.0349309504467912,0.40360140806932,0.0174654752233956,0.0239066141015444,0.0399249752057138,0.535895773120378,5.97263218544364e-11,0.368583033741618,0.415896792485479,7,0.274437512649197,0.760853000388159,hsa04931,Insulin resistance,RPS6KA1,PPP1CA,coherent
Foxo3,Cdkn1a,liver,Cholangiocyte,636,0.256289308176101,0.276729559748428,0.0864779874213837,0.0814388959634905,0.0400549333312085,0.548875299979264,1.43162121257041e-05,-0.715221666194166,0.0708000170183927,7,0.274437512649197,0.506654087900504,hsa04068,FoxO signaling pathway,FOXO3,CDKN1A,discordant
Bcl2l1,Bax,liver,pDC,748,0.0213903743315508,0.498663101604278,0.0147058823529412,0.074859693125178,0.0406747424746781,0.809090909090909,0.00442801687615523,0.231622773608921,0.617247352085305,7,0.27747248235987,0.858401614284048,hsa04115,p53 signaling pathway,BCL2L1,BAX,discordant
Foxo3,Klf2,liver,Cholangiocyte,636,0.256289308176101,0.314465408805031,0.0707547169811321,-0.0811022698945976,0.0408876946506227,0.187615283267457,0.216420448297856,-0.570244003286439,0.181315103113055,7,0.277717718211372,0.631855080442306,hsa04068,FoxO signaling pathway,FOXO3,KLF2,discordant
Vipr2,Gnas,liver,HSC_Fibroblast,2024,0.0316205533596838,0.761857707509881,0.0301383399209486,0.0453858885270841,0.0411861318364372,0.0101006094748314,0.938418150008194,0.352842896379149,0.437575723033788,7,0.27853896918694,0.763678274524487,hsa04081,Hormone signaling,VIPR2,GNAS,discordant
Srebf1,Hk3,liver,Monocyte,920,0.0467391304347826,0.103260869565217,0.00978260869565217,0.0671814853498158,0.0416253040558519,,,-0.259278244003228,0.574480246106394,7,0.280300867225887,0.836023318312362,hsa04910,Insulin signaling pathway,SREBF1,HK3,coherent
Pik3cd,Akt1,liver,Macrophage_other,214,0.154205607476636,0.205607476635514,0.0514018691588785,0.138968116111201,0.0422665079259539,0.836363636363636,0.00256466229904208,0.565636415922504,0.434363584077496,4,0.283402354426588,0.763678274524487,hsa04518,Integrin signaling,PIK3CD,AKT1,coherent
Pik3cd,Akt1,liver,Macrophage_other,214,0.154205607476636,0.205607476635514,0.0514018691588785,0.138968116111201,0.0422665079259539,0.836363636363636,0.00256466229904208,0.565636415922504,0.434363584077496,4,0.283402354426588,0.763678274524487,hsa04935,"Growth hormone synthesis, secretion and action",PIK3CD,AKT1,coherent
Foxo3,Sod1,liver,cDC,731,0.0984952120383037,0.6703146374829,0.0779753761969904,0.0749893718163842,0.0426753707829878,0.320002592688618,0.0155944505275385,-0.36005253196342,0.42759321313046,7,0.284926198972374,0.760853000388159,hsa04213,Longevity regulating pathway - multiple species,FOXO3,SOD1,coherent
Rhoa,Rock1,liver,Monocyte,920,0.895652173913044,0.508695652173913,0.484782608695652,0.0666767083950547,0.0431861143225219,0.133944785173797,0.00460294906956881,0.882725464035786,0.00848434008690938,7,0.286322027425688,0.372272914997024,hsa04510,Focal adhesion,RHOA,ROCK1,discordant
Rapgef1,Rap1a,liver,Kupffer_cell,202,0.0346534653465347,0.331683168316832,0.0198019801980198,0.142375932450689,0.0432494075843774,,,-0.303000622404652,0.508894236401987,7,0.286322027425688,0.804137853883561,hsa04510,Focal adhesion,RAPGEF1,RAP1A,discordant
Rapgef1,Rap1a,liver,Macrophage_other,214,0.0654205607476636,0.425233644859813,0.0560747663551402,0.137554285346039,0.0444285433529883,0.328671328671329,0.297385077720106,0.117958951108501,0.882041048891499,4,0.291036628917151,0.965708620552574,hsa04510,Focal adhesion,RAPGEF1,RAP1A,discordant
Pik3ca,Pdpk1,liver,HSC_Fibroblast,2024,0.112154150197628,0.115612648221344,0.0266798418972332,0.0446701671705157,0.0444923283787223,0.795921478940347,0,0.468908364929149,0.28850425304705,7,0.291036628917151,0.693277012103684,hsa04910,Insulin signaling pathway,PIK3CA,PDPK1,discordant
Gnb2,Prkce,liver,Monocyte,920,0.815217391304348,0.05,0.0489130434782609,0.0662579878543245,0.044518031191916,-0.0505928853754941,0.740672134570184,0.611468358070426,0.144570174733135,7,0.291036628917151,0.587644052218365,hsa04371,Apelin signaling pathway,GNB2,PRKCE,coherent
Rock2,Ppp1cb,liver,Monocyte,920,0.297826086956522,0.342391304347826,0.122826086956522,0.0661388172692344,0.0449033693837063,0.693309601437222,0,0.368650807717869,0.415804370756892,7,0.292337703581059,0.760853000388159,hsa04510,Focal adhesion,ROCK2,PPP1CB,discordant
Gna12,Rhoa,liver,Kupffer_cell,202,0.0742574257425743,0.648514851485149,0.0693069306930693,0.140456424659379,0.0461775232009018,0.274725274725275,0.341083289321238,-0.426031771731834,0.340554607277459,7,0.299390635959566,0.728963409029104,hsa04081,Hormone signaling,GNA12,RHOA,coherent
Tnfrsf1a,Mapk8,liver,T_cell,2018,0.0703666997026759,0.0594648166501487,0.00792864222001982,0.0443279646487536,0.0464751084382337,0.573529411764706,0.0223584882119417,-0.0294333326088418,0.950054063821718,7,0.300080021150571,0.982216148887529,hsa04931,Insulin resistance,TNFRSF1A,MAPK8,discordant
Rac1,Mapk8,liver,Macrophage_other,214,0.560747663551402,0.0654205607476636,0.0560747663551402,0.135538248058472,0.0476711252908188,0.657342657342657,0.0239810831714622,0.312385378911234,0.687614621088766,4,0.30654096549711,0.893804948341597,hsa04510,Focal adhesion,RAC1,MAPK8,coherent
Akt1,Ppp1ca,liver,pDC,748,0.252673796791444,0.693850267379679,0.196524064171123,0.0721755646159296,0.0484676866218,0.19877369681675,0.0159238795283413,-0.36920174732912,0.41505336533423,7,0.309189055043006,0.760853000388159,hsa04910,Insulin signaling pathway,AKT1,PPP1CA,coherent
Pik3ca,Akt1,liver,Kupffer_cell,202,0.0693069306930693,0.158415841584158,0.0247524752475248,0.138961750255685,0.0485707165271826,,,0.560496130767525,0.190601765629006,7,0.309189055043006,0.63493454410172,hsa04518,Integrin signaling,PIK3CA,AKT1,discordant
Pik3ca,Akt1,liver,Kupffer_cell,202,0.0693069306930693,0.158415841584158,0.0247524752475248,0.138961750255685,0.0485707165271826,,,0.560496130767525,0.190601765629006,7,0.309189055043006,0.63493454410172,hsa04935,"Growth hormone synthesis, secretion and action",PIK3CA,AKT1,discordant
Foxo3,Klf2,liver,HSC_Fibroblast,2024,0.113142292490119,0.649209486166008,0.0938735177865613,0.0437888826618087,0.0488680720547207,0.0908520705814981,0.212534945816902,0.5505477185397,0.200311068439402,7,0.309189055043006,0.638796882889068,hsa04068,FoxO signaling pathway,FOXO3,KLF2,discordant
Rhoa,Pip5k1a,liver,B_cell,7386,0.7856756024912,0.0848903330625508,0.0709450311399946,0.0229200168982773,0.0488711826964088,0.273208797214417,2.01093178442404e-10,0.515790003805495,0.236035847358031,7,0.309189055043006,0.66794509928481,hsa04510,Focal adhesion,RHOA,PIP5K1A,discordant
Pdpk1,Akt1,liver,Cholangiocyte,636,0.202830188679245,0.29559748427673,0.0880503144654088,0.0775380998736447,0.0506382092988089,0.370745044429255,0.00516123780907374,0.754684788470767,0.0499076351604277,7,0.319081728473218,0.48099432284387,hsa04068,FoxO signaling pathway,PDPK1,AKT1,coherent
Pdpk1,Akt1,liver,Cholangiocyte,636,0.202830188679245,0.29559748427673,0.0880503144654088,0.0775380998736447,0.0506382092988089,0.370745044429255,0.00516123780907374,0.754684788470767,0.0499076351604277,7,0.319081728473218,0.48099432284387,hsa04152,AMPK signaling pathway,PDPK1,AKT1,coherent
Pdpk1,Akt1,liver,Cholangiocyte,636,0.202830188679245,0.29559748427673,0.0880503144654088,0.0775380998736447,0.0506382092988089,0.370745044429255,0.00516123780907374,0.754684788470767,0.0499076351604277,7,0.319081728473218,0.48099432284387,hsa04510,Focal adhesion,PDPK1,AKT1,coherent
Pdpk1,Akt1,liver,Cholangiocyte,636,0.202830188679245,0.29559748427673,0.0880503144654088,0.0775380998736447,0.0506382092988089,0.370745044429255,0.00516123780907374,0.754684788470767,0.0499076351604277,7,0.319081728473218,0.48099432284387,hsa04910,Insulin signaling pathway,PDPK1,AKT1,coherent
Pdpk1,Akt1,liver,Cholangiocyte,636,0.202830188679245,0.29559748427673,0.0880503144654088,0.0775380998736447,0.0506382092988089,0.370745044429255,0.00516123780907374,0.754684788470767,0.0499076351604277,7,0.319081728473218,0.48099432284387,hsa04931,Insulin resistance,PDPK1,AKT1,coherent
Akt2,Ppp1ca,liver,pDC,748,0.172459893048128,0.693850267379679,0.143048128342246,0.0713665476250775,0.0510487544888843,0.0617273065694861,0.527057080530189,0.774453442586925,0.0409209418540187,7,0.320381983172238,0.468477290281202,hsa04910,Insulin signaling pathway,AKT2,PPP1CA,coherent
Rhoa,Diaph1,liver,Macrophage_other,214,0.677570093457944,0.294392523364486,0.261682242990654,0.133350339824516,0.0514112684921981,-0.0302802460697198,0.824298586387326,0.911323299450969,0.0886767005490311,4,0.321371634518959,0.529025639397072,hsa04510,Focal adhesion,RHOA,DIAPH1,discordant
Akt1,Ppp1cb,liver,pDC,748,0.252673796791444,0.307486631016043,0.100267379679144,0.0709478739298781,0.0524289672013925,0.560597439544808,2.86918615614892e-07,-0.506558651887205,0.245985615835671,7,0.325406040287388,0.674013592695898,hsa04910,Insulin signaling pathway,AKT1,PPP1CB,discordant
Pdpk1,Akt1,liver,HSC_Fibroblast,2024,0.115612648221344,0.195652173913043,0.0449604743083004,0.0430701846349136,0.052698706033753,0.605695993379516,2.00627422507944e-10,0.639818139311379,0.121722638899599,7,0.325406040287388,0.571804851597219,hsa04068,FoxO signaling pathway,PDPK1,AKT1,coherent
Pdpk1,Akt1,liver,HSC_Fibroblast,2024,0.115612648221344,0.195652173913043,0.0449604743083004,0.0430701846349136,0.052698706033753,0.605695993379516,2.00627422507944e-10,0.639818139311379,0.121722638899599,7,0.325406040287388,0.571804851597219,hsa04152,AMPK signaling pathway,PDPK1,AKT1,coherent
Pdpk1,Akt1,liver,HSC_Fibroblast,2024,0.115612648221344,0.195652173913043,0.0449604743083004,0.0430701846349136,0.052698706033753,0.605695993379516,2.00627422507944e-10,0.639818139311379,0.121722638899599,7,0.325406040287388,0.571804851597219,hsa04510,Focal adhesion,PDPK1,AKT1,coherent
Pdpk1,Akt1,liver,HSC_Fibroblast,2024,0.115612648221344,0.195652173913043,0.0449604743083004,0.0430701846349136,0.052698706033753,0.605695993379516,2.00627422507944e-10,0.639818139311379,0.121722638899599,7,0.325406040287388,0.571804851597219,hsa04910,Insulin signaling pathway,PDPK1,AKT1,coherent
Pdpk1,Akt1,liver,HSC_Fibroblast,2024,0.115612648221344,0.195652173913043,0.0449604743083004,0.0430701846349136,0.052698706033753,0.605695993379516,2.00627422507944e-10,0.639818139311379,0.121722638899599,7,0.325406040287388,0.571804851597219,hsa04931,Insulin resistance,PDPK1,AKT1,coherent
Pik3cd,Prkcz,liver,B_cell,7386,0.122664500406174,0.0224749526130517,0.00460330354725156,0.0225136459145672,0.0530170651442419,0.772039724980902,7.46148199853827e-07,0.536077331599631,0.214846539106421,7,0.325406040287388,0.648258115111489,hsa04910,Insulin signaling pathway,PIK3CD,PRKCZ,coherent
Pik3cd,Prkcz,liver,B_cell,7386,0.122664500406174,0.0224749526130517,0.00460330354725156,0.0225136459145672,0.0530170651442419,0.772039724980902,7.46148199853827e-07,0.536077331599631,0.214846539106421,7,0.325406040287388,0.648258115111489,hsa04931,Insulin resistance,PIK3CD,PRKCZ,coherent
Gnb2,Prkce,liver,HSC_Fibroblast,2024,0.507411067193676,0.0395256916996047,0.033102766798419,0.0430121218727509,0.0530188369356001,0.296392369702291,0.0151683863444497,0.547080749446848,0.203749262422868,7,0.325406040287388,0.639801513798786,hsa04371,Apelin signaling pathway,GNB2,PRKCE,coherent
Gnb2,Rras,liver,cDC,731,0.917920656634747,0.228454172366621,0.222982216142271,0.0715681579577068,0.0530936560315942,0.0872086216607173,0.268316881480235,0.674041979167184,0.0968236938660891,7,0.325406040287388,0.538696261307664,hsa04371,Apelin signaling pathway,GNB2,RRAS,coherent
Ogt,Pik3cd,liver,Monocyte,920,0.231521739130435,0.277173913043478,0.0858695652173913,0.0636398088143838,0.0536535791501738,0.580063291139241,3.98881948551029e-08,0.695536449040275,0.0827018944365949,7,0.326567806011823,0.521427491112013,hsa04931,Insulin resistance,OGT,PIK3CD,coherent
Akt1,Ppp1ca,liver,LSEC,745,0.153020134228188,0.174496644295302,0.0456375838926175,0.0707125938009284,0.0536994862658064,0.567914438502674,0.000572256155747817,0.272475368697858,0.55440969224838,7,0.326567806011823,0.830183483967358,hsa04910,Insulin signaling pathway,AKT1,PPP1CA,coherent
Rac2,Mapk8,liver,Monocyte,920,0.676086956521739,0.0934782608695652,0.0771739130434783,0.0635058590124747,0.0541601894474763,0.421294433266264,0.000287505505116152,0.569079424708627,0.182412696982116,7,0.327635174090691,0.631855080442306,hsa04510,Focal adhesion,RAC2,MAPK8,discordant
Stat3,Junb,liver,Neutrophil,572,0.332167832167832,0.965034965034965,0.326923076923077,0.0805126087921528,0.054292635604576,0.168607483899193,0.0210686141452127,0.251534940632043,0.586360542570624,7,0.327635174090691,0.842477401576591,hsa04935,"Growth hormone synthesis, secretion and action",STAT3,JUNB,coherent
Ppp1ca,Pygb,liver,T_cell,2018,0.556987115956393,0.0391476709613479,0.0247770069375619,0.0427431980420719,0.0548826335397322,0.546602641056423,5.3379246835577e-05,-0.13303233389013,0.776150416448607,7,0.329926636106666,0.928168861153009,hsa04931,Insulin resistance,PPP1CA,PYGB,discordant
Ppp1ca,Calm1,liver,Kupffer_cell,202,0.341584158415842,0.811881188118812,0.311881188118812,0.13462862234815,0.0560992987040121,0.182584067397931,0.152067535165793,0.44304818968258,0.319450160497794,7,0.332931648614763,0.714165545772599,hsa04910,Insulin signaling pathway,PPP1CA,CALM1,coherent
Sirt1,Foxo3,liver,Cholangiocyte,636,0.147798742138365,0.256289308176101,0.0660377358490566,0.0757637210416294,0.0561750622645429,0.508893481232909,0.000578619558699893,0.145178814706367,0.756125895878425,7,0.332931648614763,0.922917502692876,hsa04211,Longevity regulating pathway,SIRT1,FOXO3,coherent
Sirt1,Foxo3,liver,Cholangiocyte,636,0.147798742138365,0.256289308176101,0.0660377358490566,0.0757637210416294,0.0561750622645429,0.508893481232909,0.000578619558699893,0.145178814706367,0.756125895878425,7,0.332931648614763,0.922917502692876,hsa04213,Longevity regulating pathway - multiple species,SIRT1,FOXO3,coherent
Hras,Araf,liver,pDC,748,0.264705882352941,0.241978609625668,0.0855614973262032,0.0698440765941744,0.0562176990161859,0.381089743589744,0.00202549045279012,-0.301226140653212,0.511503817111001,7,0.332931648614763,0.804252213930337,hsa04068,FoxO signaling pathway,HRAS,ARAF,coherent
Hras,Araf,liver,pDC,748,0.264705882352941,0.241978609625668,0.0855614973262032,0.0698440765941744,0.0562176990161859,0.381089743589744,0.00202549045279012,-0.301226140653212,0.511503817111001,7,0.332931648614763,0.804252213930337,hsa04910,Insulin signaling pathway,HRAS,ARAF,coherent
Ogt,Akt2,liver,cDC,731,0.272229822161423,0.186046511627907,0.0642954856361149,0.0706149838074162,0.0563481207700954,0.52509250693802,0.00018793370389882,0.153743912588496,0.742069957575259,7,0.332931648614763,0.919524252488881,hsa04931,Insulin resistance,OGT,AKT2,coherent
Akt2,Ppp1cb,liver,HSC_Fibroblast,2024,0.175395256916996,0.266798418972332,0.0839920948616601,0.0423969902579037,0.0565111889089842,0.490891892865718,1.07513475434731e-11,0.653104726609106,0.111705580706815,7,0.332931648614763,0.548854573975204,hsa04910,Insulin signaling pathway,AKT2,PPP1CB,discordant
Kras,Pik3ca,liver,Monocyte,920,0.482608695652174,0.0967391304347826,0.0576086956521739,0.062860879366617,0.0566556725176174,0.508385744234801,0.000126227976304364,0.656506121164171,0.109212582640909,7,0.332931648614763,0.543982673535194,hsa04211,Longevity regulating pathway,KRAS,PIK3CA,coherent
Kras,Pik3ca,liver,Monocyte,920,0.482608695652174,0.0967391304347826,0.0576086956521739,0.062860879366617,0.0566556725176174,0.508385744234801,0.000126227976304364,0.656506121164171,0.109212582640909,7,0.332931648614763,0.543982673535194,hsa04213,Longevity regulating pathway - multiple species,KRAS,PIK3CA,coherent
Sos1,Kras,liver,B_cell,7386,0.0441375575412943,0.53479555916599,0.0274844300027078,0.0221574288140806,0.0568891320165236,0.311884504541029,5.90591533171478e-06,0.731884040444935,0.0614965688272698,7,0.333056149753453,0.49346651354546,hsa04068,FoxO signaling pathway,SOS1,KRAS,coherent
Sos1,Kras,liver,B_cell,7386,0.0441375575412943,0.53479555916599,0.0274844300027078,0.0221574288140806,0.0568891320165236,0.311884504541029,5.90591533171478e-06,0.731884040444935,0.0614965688272698,7,0.333056149753453,0.49346651354546,hsa04910,Insulin signaling pathway,SOS1,KRAS,coherent
Sos1,Kras,liver,B_cell,7386,0.0441375575412943,0.53479555916599,0.0274844300027078,0.0221574288140806,0.0568891320165236,0.311884504541029,5.90591533171478e-06,0.731884040444935,0.0614965688272698,7,0.333056149753453,0.49346651354546,hsa04935,"Growth hormone synthesis, secretion and action",SOS1,KRAS,coherent
Tnfrsf1a,Tradd,liver,cDC,731,0.450068399452804,0.138166894664843,0.0560875512995896,-0.0702190580500025,0.0577478341728539,0.677120084269624,1.16548531411843e-06,0.802205858381955,0.0299465113277061,7,0.33682658668107,0.4342559962194,hsa04920,Adipocytokine signaling pathway,TNFRSF1A,TRADD,coherent
Zyx,Actn1,liver,Neutrophil,572,0.575174825174825,0.258741258741259,0.174825174825175,0.0793035891850178,0.058025773039952,0.187833037303559,0.0612884658069008,0.0456083862139022,0.922653302792692,7,0.337065382783901,0.976217405419447,hsa04510,Focal adhesion,ZYX,ACTN1,coherent
Foxo3,Klf2,liver,B_cell,7386,0.0522610343893853,0.93216896831844,0.0499593826157595,0.0220397898077115,0.0582184313157662,0.171378420277026,0.000948444567648545,-0.384725229214872,0.394113245830446,7,0.337065382783901,0.754844053477871,hsa04068,FoxO signaling pathway,FOXO3,KLF2,discordant
Akt2,Foxo3,liver,Kupffer_cell,202,0.103960396039604,0.0346534653465347,0.0148514851485149,0.133306704526062,0.0585794386813562,,,0.00426590239811206,0.992758045058347,7,0.33752977146875,0.99864030064286,hsa04068,FoxO signaling pathway,AKT2,FOXO3,coherent
Akt2,Foxo3,liver,Kupffer_cell,202,0.103960396039604,0.0346534653465347,0.0148514851485149,0.133306704526062,0.0585794386813562,,,0.00426590239811206,0.992758045058347,7,0.33752977146875,0.99864030064286,hsa04211,Longevity regulating pathway,AKT2,FOXO3,coherent
Akt2,Foxo3,liver,Kupffer_cell,202,0.103960396039604,0.0346534653465347,0.0148514851485149,0.133306704526062,0.0585794386813562,,,0.00426590239811206,0.992758045058347,7,0.33752977146875,0.99864030064286,hsa04213,Longevity regulating pathway - multiple species,AKT2,FOXO3,coherent
Ppp1ca,Calm1,liver,pDC,748,0.693850267379679,0.974598930481283,0.681818181818182,0.0691460984245905,0.0587288894907385,0.111716725335522,0.0115818285723668,-0.431526780094236,0.333676494327044,7,0.33752977146875,0.726145084860444,hsa04910,Insulin signaling pathway,PPP1CA,CALM1,coherent
Rock2,Ppp1cb,liver,B_cell,7386,0.239777958299486,0.196994313566206,0.0553750338478202,0.0219673357701396,0.0590499147178258,0.422012932327636,4.29526186581574e-19,0.762863701225833,0.0460705790947446,7,0.337709579906938,0.468477290281202,hsa04510,Focal adhesion,ROCK2,PPP1CB,discordant
Gnai3,Prkce,liver,NK_cell,596,0.256711409395973,0.0285234899328859,0.0134228187919463,0.0773318796061645,0.0591906529473601,,,-0.34383703770206,0.450167888005121,7,0.337709579906938,0.773104466276372,hsa04371,Apelin signaling pathway,GNAI3,PRKCE,discordant
Map2k3,Mapk8,liver,Macrophage_other,214,0.135514018691589,0.0654205607476636,0.00934579439252336,0.128856667043908,0.0598600582669605,,,0.499120628011118,0.500879371988882,4,0.340291418191525,0.801301441409598,hsa04935,"Growth hormone synthesis, secretion and action",MAP2K3,MAPK8,discordant
Rock2,Ppp1cb,liver,HSC_Fibroblast,2024,0.388339920948617,0.266798418972332,0.162549407114625,0.041750862222758,0.0603834460599551,0.324295012033817,1.70844555488624e-09,0.515193342129342,0.236673169756871,7,0.341192493499368,0.66794509928481,hsa04510,Focal adhesion,ROCK2,PPP1CB,discordant
Rapgef1,Rap1a,liver,T_cell,2018,0.105054509415263,0.33597621407334,0.0445986124876115,0.0418015236001607,0.0604534819584603,0.486574363718701,1.1591892177101e-06,0.0907582788657332,0.846557742822114,7,0.341192493499368,0.956951800063326,hsa04510,Focal adhesion,RAPGEF1,RAP1A,discordant
Rac1,Mapk8,liver,NK_cell,596,0.520134228187919,0.0385906040268456,0.0268456375838926,0.0766377020952436,0.061513329055246,0.617647058823529,0.0125816851657007,0.114439182390107,0.806991670996812,7,0.344694717500487,0.942090723061011,hsa04510,Focal adhesion,RAC1,MAPK8,coherent
Ogt,Pdpk1,liver,Cholangiocyte,636,0.316037735849057,0.202830188679245,0.0864779874213837,0.074100972405821,0.0618112248439076,0.382871263973973,0.00391355242138991,0.430010019605616,0.33556907000817,7,0.344694717500487,0.727220816081241,hsa04931,Insulin resistance,OGT,PDPK1,coherent
Socs3,Irs2,liver,Cholangiocyte,636,0.267295597484277,0.161949685534591,0.0691823899371069,0.0740815066202498,0.0618798756353233,0.498238195912615,0.000676651277118422,0.379621620155472,0.40095029286772,7,0.344694717500487,0.754844053477871,hsa04920,Adipocytokine signaling pathway,SOCS3,IRS2,coherent
Socs3,Irs2,liver,Cholangiocyte,636,0.267295597484277,0.161949685534591,0.0691823899371069,0.0740815066202498,0.0618798756353233,0.498238195912615,0.000676651277118422,0.379621620155472,0.40095029286772,7,0.344694717500487,0.754844053477871,hsa04931,Insulin resistance,SOCS3,IRS2,coherent
Ogt,Pik3r2,liver,Kupffer_cell,202,0.099009900990099,0.0396039603960396,0.0198019801980198,0.131580838252263,0.0619527790536248,,,0.177524430236863,0.703351535195901,7,0.344694717500487,0.900129330116124,hsa04931,Insulin resistance,OGT,PIK3R2,coherent
Srebf1,Irs2,liver,T_cell,2018,0.035183349851338,0.0961347869177403,0.000991080277502478,-0.0415088891420584,0.0622772175307299,,,-0.154141175722334,0.741419373880455,7,0.345275456910654,0.919524252488881,hsa04931,Insulin resistance,SREBF1,IRS2,coherent
Ppp1ca,Myl12a,liver,NK_cell,596,0.644295302013423,0.587248322147651,0.404362416107383,0.076161525165049,0.0631497161763701,0.253950488581476,6.67904208499095e-05,-0.247592323439812,0.592438266945625,7,0.34887994605889,0.844418494046869,hsa04510,Focal adhesion,PPP1CA,MYL12A,coherent
Map2k7,Mapk8,liver,HSC_Fibroblast,2024,0.0736166007905138,0.0790513833992095,0.0138339920948617,0.0412015707479529,0.0638458657656438,0.813902572523262,1.60532652934024e-06,0.646645764786452,0.116519750505774,7,0.350199905948069,0.559081004720365,hsa04936,Alcoholic liver disease,MAP2K7,MAPK8,discordant
Hras,Pik3cd,liver,NK_cell,596,0.140939597315436,0.325503355704698,0.0604026845637584,0.0758986990015193,0.0640681857618757,0.469240669240669,0.00426203470605094,0.11472346704795,0.806518527436879,7,0.350199905948069,0.942090723061011,hsa04211,Longevity regulating pathway,HRAS,PIK3CD,coherent
Hras,Pik3cd,liver,NK_cell,596,0.140939597315436,0.325503355704698,0.0604026845637584,0.0758986990015193,0.0640681857618757,0.469240669240669,0.00426203470605094,0.11472346704795,0.806518527436879,7,0.350199905948069,0.942090723061011,hsa04213,Longevity regulating pathway - multiple species,HRAS,PIK3CD,coherent
Hras,Pik3cd,liver,NK_cell,596,0.140939597315436,0.325503355704698,0.0604026845637584,0.0758986990015193,0.0640681857618757,0.469240669240669,0.00426203470605094,0.11472346704795,0.806518527436879,7,0.350199905948069,0.942090723061011,hsa04510,Focal adhesion,HRAS,PIK3CD,coherent
Pdpk1,Sgk1,liver,T_cell,2018,0.145688800792864,0.125371655104063,0.0173439048562934,-0.0412243502810155,0.0640938773333626,0.597198879551821,0.000202989863913135,0.661953533365319,0.105280789902962,7,0.350199905948069,0.542403644629583,hsa04068,FoxO signaling pathway,PDPK1,SGK1,coherent
Hras,Araf,liver,Monocyte,920,0.166304347826087,0.0956521739130435,0.025,0.0610261480843313,0.0642814358910413,0.825098814229249,2.07841344245344e-06,-0.0626653411680448,0.893824771655473,7,0.350199905948069,0.967985919628116,hsa04068,FoxO signaling pathway,HRAS,ARAF,coherent
Hras,Araf,liver,Monocyte,920,0.166304347826087,0.0956521739130435,0.025,0.0610261480843313,0.0642814358910413,0.825098814229249,2.07841344245344e-06,-0.0626653411680448,0.893824771655473,7,0.350199905948069,0.967985919628116,hsa04910,Insulin signaling pathway,HRAS,ARAF,coherent
Usp7,Foxo3,liver,Kupffer_cell,202,0.113861386138614,0.0346534653465347,0.0198019801980198,0.129535623324165,0.0661551844340466,,,0.819814577418169,0.0239601793191084,7,0.359160845595222,0.421600743475285,hsa04068,FoxO signaling pathway,USP7,FOXO3,coherent
Pdpk1,Akt1,liver,cDC,731,0.170998632010944,0.422708618331053,0.0998632010943912,0.0676213400171975,0.0676633871644789,0.410465259780328,0.000347871457216124,-0.355514502088242,0.433866325717365,7,0.366082256762302,0.763678274524487,hsa04068,FoxO signaling pathway,PDPK1,AKT1,coherent
Pdpk1,Akt1,liver,cDC,731,0.170998632010944,0.422708618331053,0.0998632010943912,0.0676213400171975,0.0676633871644789,0.410465259780328,0.000347871457216124,-0.355514502088242,0.433866325717365,7,0.366082256762302,0.763678274524487,hsa04152,AMPK signaling pathway,PDPK1,AKT1,coherent
Pdpk1,Akt1,liver,cDC,731,0.170998632010944,0.422708618331053,0.0998632010943912,0.0676213400171975,0.0676633871644789,0.410465259780328,0.000347871457216124,-0.355514502088242,0.433866325717365,7,0.366082256762302,0.763678274524487,hsa04510,Focal adhesion,PDPK1,AKT1,coherent
Pdpk1,Akt1,liver,cDC,731,0.170998632010944,0.422708618331053,0.0998632010943912,0.0676213400171975,0.0676633871644789,0.410465259780328,0.000347871457216124,-0.355514502088242,0.433866325717365,7,0.366082256762302,0.763678274524487,hsa04910,Insulin signaling pathway,PDPK1,AKT1,coherent
Pdpk1,Akt1,liver,cDC,731,0.170998632010944,0.422708618331053,0.0998632010943912,0.0676213400171975,0.0676633871644789,0.410465259780328,0.000347871457216124,-0.355514502088242,0.433866325717365,7,0.366082256762302,0.763678274524487,hsa04931,Insulin resistance,PDPK1,AKT1,coherent
Nr1h2,Srebf1,liver,Cholangiocyte,636,0.264150943396226,0.218553459119497,0.080188679245283,0.0724185567239888,0.0679813057873413,0.675113122171946,1.6586305343019e-07,0.696409719865787,0.0821529931037416,7,0.366538380688448,0.521427491112013,hsa04931,Insulin resistance,NR1H2,SREBF1,coherent
Akt1,Tsc2,liver,HSC_Fibroblast,2024,0.195652173913043,0.0612648221343874,0.0242094861660079,0.0404086114938531,0.069131753206026,0.741428571428571,4.93049187991774e-09,0.900531906047336,0.00567701269109433,7,0.370837875922927,0.34967018526434,hsa04910,Insulin signaling pathway,AKT1,TSC2,discordant
Rhoa,Pip5k1a,liver,Cholangiocyte,636,0.775157232704403,0.168238993710692,0.143081761006289,-0.0720879150688688,0.0692514325337271,-0.102493251263413,0.333665858811617,-0.037976191822759,0.935576093668002,7,0.370837875922927,0.977571308315948,hsa04510,Focal adhesion,RHOA,PIP5K1A,discordant
Rock1,Myl12a,liver,Neutrophil,572,0.305944055944056,0.374125874125874,0.106643356643357,-0.075922309525836,0.0696092493366154,0.408128189534361,0.00109435954064228,-0.746968426368752,0.0536823211124751,7,0.371486095949488,0.48099432284387,hsa04510,Focal adhesion,ROCK1,MYL12A,coherent
Ogt,Akt1,liver,cDC,731,0.272229822161423,0.422708618331053,0.136798905608755,0.0669394684708461,0.0704859558518933,0.584710471047105,0,-0.308359379573266,0.50104177101667,7,0.374889710954646,0.801301441409598,hsa04931,Insulin resistance,OGT,AKT1,coherent
Oga,Ogt,liver,Cholangiocyte,636,0.248427672955975,0.316037735849057,0.117924528301887,0.071654093951068,0.0709473389775242,0.487766714082504,1.18186926378233e-05,0.775460017890532,0.0404895460717493,7,0.376068833972079,0.468477290281202,hsa04931,Insulin resistance,OGA,OGT,discordant
Pik3ca,Pdpk1,liver,NK_cell,596,0.0671140939597315,0.167785234899329,0.0218120805369128,0.0738645898812901,0.0715547067810717,0.802197802197802,0.00162431011657345,0.0551868303914085,0.906454529283322,7,0.377048649819847,0.969935393296569,hsa04910,Insulin signaling pathway,PIK3CA,PDPK1,discordant
Rap1a,Mapk8,liver,cDC,731,0.79343365253078,0.0998632010943912,0.0766073871409029,-0.0666734816362698,0.0716128092073387,0.299936772715917,0.02471162822367,0.363256221902747,0.423185808282341,7,0.377048649819847,0.760853000388159,hsa04510,Focal adhesion,RAP1A,MAPK8,coherent
Ppp1cb,Pygb,liver,cDC,731,0.359781121751026,0.0902872777017784,0.0369357045143639,0.0664584645931967,0.0725344586951008,0.591575091575091,0.00142057318974476,0.630408336622729,0.129084467059669,7,0.379956099261574,0.573397641339326,hsa04931,Insulin resistance,PPP1CB,PYGB,coherent
Traf2,Mapk8,liver,NK_cell,596,0.0956375838926174,0.0385906040268456,0.0100671140939597,0.0735819607562886,0.0726493497632072,,,0.0221747854382357,0.962364169804122,7,0.379956099261574,0.987122648336947,hsa04920,Adipocytokine signaling pathway,TRAF2,MAPK8,discordant
Gnb2,Rhoa,liver,B_cell,7386,0.375710804224208,0.7856756024912,0.305713512049824,0.0208565534123224,0.0730781739468681,0.218477088215448,8.36190079846868e-26,0.566689227302261,0.184675534878635,7,0.380423855300782,0.631855080442306,hsa04081,Hormone signaling,GNB2,RHOA,coherent
Akt1,Tsc2,liver,Kupffer_cell,202,0.158415841584158,0.0297029702970297,0.0148514851485149,0.126300712721823,0.0732756584635042,,,-0.308397448232459,0.500986139704864,7,0.380423855300782,0.801301441409598,hsa04910,Insulin signaling pathway,AKT1,TSC2,discordant
Rock2,Ppp1r12a,liver,Macrophage_other,214,0.383177570093458,0.242990654205607,0.144859813084112,0.122612707569144,0.0734661747330382,0.723790322580645,8.15736125144487e-06,0.946763909154823,0.0532360908451773,4,0.380423855300782,0.48099432284387,hsa04510,Focal adhesion,ROCK2,PPP1R12A,discordant
Stat3,Foxo3,liver,Kupffer_cell,202,0.128712871287129,0.0346534653465347,0.0198019801980198,0.125945073703431,0.074095068736533,,,0.553795148575586,0.197116108511548,7,0.381885637372705,0.638796882889068,hsa04068,FoxO signaling pathway,STAT3,FOXO3,discordant
Foxo3,Klf2,liver,Neutrophil,572,0.0734265734265734,0.846153846153846,0.0646853146853147,0.0747004133664972,0.0742352577429413,0.311522048364154,0.0609692402693904,0.10543050353735,0.822008716030158,7,0.381885637372705,0.947871310023411,hsa04068,FoxO signaling pathway,FOXO3,KLF2,discordant
Gnb2,Rras2,liver,LSEC,745,0.420134228187919,0.0832214765100671,0.0496644295302014,0.0652046413969898,0.0752979805544483,0.503793266951162,0.00169282901490123,0.428689990108243,0.337219872096535,7,0.386086704215455,0.727370364924555,hsa04371,Apelin signaling pathway,GNB2,RRAS2,discordant
Prmt1,Foxo3,liver,cDC,731,0.493844049247606,0.0984952120383037,0.0451436388508892,-0.0656896916111672,0.0759092905446933,0.134024064171123,0.455571119406688,-0.550883147556075,0.199979914524483,7,0.387953344835908,0.638796882889068,hsa04068,FoxO signaling pathway,PRMT1,FOXO3,discordant
Ogt,Akt1,liver,T_cell,2018,0.353320118929633,0.087215064420218,0.0391476709613479,0.0394785560225106,0.0762197323848416,0.612580484183108,1.97677799460224e-09,0.337025519722661,0.459780627988605,7,0.388275195168235,0.777366169519527,hsa04931,Insulin resistance,OGT,AKT1,coherent
Map2k3,Mapk8,liver,HSC_Fibroblast,2024,0.1699604743083,0.0790513833992095,0.0286561264822134,0.0393329949884415,0.0768706621204739,0.431832164390304,0.000712433665865893,0.620836168314262,0.136799730479316,7,0.390323847466096,0.579702520344588,hsa04935,"Growth hormone synthesis, secretion and action",MAP2K3,MAPK8,discordant
Rock2,Ppp1ca,liver,B_cell,7386,0.239777958299486,0.40360140806932,0.108854589764419,0.0205400183061557,0.0775411786938312,0.402883730591301,9.93361047209071e-33,0.792364292012818,0.0336208388695678,7,0.391716417228526,0.454429164282611,hsa04510,Focal adhesion,ROCK2,PPP1CA,coherent
Rock1,Ppp1r12a,liver,Monocyte,920,0.508695652173913,0.417391304347826,0.25,0.0582043558729644,0.0776442356648003,0.358756767512695,2.16017201799469e-08,0.743889802309493,0.055230325646772,7,0.391716417228526,0.48099432284387,hsa04510,Focal adhesion,ROCK1,PPP1R12A,discordant
Akt2,Pde3b,liver,T_cell,2018,0.0887016848364718,0.249752229930624,0.020812685827552,-0.0392195298989276,0.0781687230096678,0.546552143262296,0.000227896664059316,-0.0988493973747469,0.833006710334066,7,0.393098482058233,0.952435362853783,hsa04371,Apelin signaling pathway,AKT2,PDE3B,discordant
Akt2,Pde3b,liver,T_cell,2018,0.0887016848364718,0.249752229930624,0.020812685827552,-0.0392195298989276,0.0781687230096678,0.546552143262296,0.000227896664059316,-0.0988493973747469,0.833006710334066,7,0.393098482058233,0.952435362853783,hsa04910,Insulin signaling pathway,AKT2,PDE3B,discordant
Sirt1,Foxo3,liver,cDC,731,0.13953488372093,0.0984952120383037,0.0205198358413133,0.0650250872225423,0.0789288757634215,0.721428571428571,0.00334453312493413,-0.725182276070749,0.0651536150459435,7,0.395653054545713,0.497417967214353,hsa04211,Longevity regulating pathway,SIRT1,FOXO3,coherent
Sirt1,Foxo3,liver,cDC,731,0.13953488372093,0.0984952120383037,0.0205198358413133,0.0650250872225423,0.0789288757634215,0.721428571428571,0.00334453312493413,-0.725182276070749,0.0651536150459435,7,0.395653054545713,0.497417967214353,hsa04213,Longevity regulating pathway - multiple species,SIRT1,FOXO3,coherent
Stat3,Igfbp3,liver,HSC_Fibroblast,2024,0.357707509881423,0.0741106719367589,0.0380434782608696,0.038889069769476,0.0802639161710647,0.371841131515547,0.000869162257136651,0.658324865001598,0.107891533467917,7,0.4010639632879,0.542403644629583,hsa04935,"Growth hormone synthesis, secretion and action",STAT3,IGFBP3,coherent
Rock1,Ppp1cb,liver,LSEC,745,0.353020134228188,0.220134228187919,0.103355704697987,0.0640666096866235,0.0805441637309049,0.691282401808718,0,-0.529164001495515,0.221961790280242,7,0.401186644107269,0.655635980999837,hsa04510,Focal adhesion,ROCK1,PPP1CB,discordant
Socs3,Irs2,liver,T_cell,2018,0.176412289395441,0.0961347869177403,0.0252725470763132,0.0388132846308085,0.0813069138754724,0.536470588235294,6.46662543120883e-05,0.674351635978112,0.0966119200522661,7,0.401770509526401,0.538696261307664,hsa04920,Adipocytokine signaling pathway,SOCS3,IRS2,coherent
Socs3,Irs2,liver,T_cell,2018,0.176412289395441,0.0961347869177403,0.0252725470763132,0.0388132846308085,0.0813069138754724,0.536470588235294,6.46662543120883e-05,0.674351635978112,0.0966119200522661,7,0.401770509526401,0.538696261307664,hsa04931,Insulin resistance,SOCS3,IRS2,coherent
Irs2,Pik3ca,liver,Cholangiocyte,636,0.161949685534591,0.15251572327044,0.0393081761006289,0.0691580174461745,0.081376440669154,0.481538461538462,0.0157952827323049,0.079091508714956,0.866149650746178,7,0.401770509526401,0.962661733861461,hsa04068,FoxO signaling pathway,IRS2,PIK3CA,coherent
Irs2,Pik3ca,liver,Cholangiocyte,636,0.161949685534591,0.15251572327044,0.0393081761006289,0.0691580174461745,0.081376440669154,0.481538461538462,0.0157952827323049,0.079091508714956,0.866149650746178,7,0.401770509526401,0.962661733861461,hsa04081,Hormone signaling,IRS2,PIK3CA,coherent
Irs2,Pik3ca,liver,Cholangiocyte,636,0.161949685534591,0.15251572327044,0.0393081761006289,0.0691580174461745,0.081376440669154,0.481538461538462,0.0157952827323049,0.079091508714956,0.866149650746178,7,0.401770509526401,0.962661733861461,hsa04152,AMPK signaling pathway,IRS2,PIK3CA,coherent
Irs2,Pik3ca,liver,Cholangiocyte,636,0.161949685534591,0.15251572327044,0.0393081761006289,0.0691580174461745,0.081376440669154,0.481538461538462,0.0157952827323049,0.079091508714956,0.866149650746178,7,0.401770509526401,0.962661733861461,hsa04211,Longevity regulating pathway,IRS2,PIK3CA,coherent
Irs2,Pik3ca,liver,Cholangiocyte,636,0.161949685534591,0.15251572327044,0.0393081761006289,0.0691580174461745,0.081376440669154,0.481538461538462,0.0157952827323049,0.079091508714956,0.866149650746178,7,0.401770509526401,0.962661733861461,hsa04213,Longevity regulating pathway - multiple species,IRS2,PIK3CA,coherent
Irs2,Pik3ca,liver,Cholangiocyte,636,0.161949685534591,0.15251572327044,0.0393081761006289,0.0691580174461745,0.081376440669154,0.481538461538462,0.0157952827323049,0.079091508714956,0.866149650746178,7,0.401770509526401,0.962661733861461,hsa04910,Insulin signaling pathway,IRS2,PIK3CA,coherent
Irs2,Pik3ca,liver,Cholangiocyte,636,0.161949685534591,0.15251572327044,0.0393081761006289,0.0691580174461745,0.081376440669154,0.481538461538462,0.0157952827323049,0.079091508714956,0.866149650746178,7,0.401770509526401,0.962661733861461,hsa04931,Insulin resistance,IRS2,PIK3CA,coherent
Irs2,Pik3ca,liver,Cholangiocyte,636,0.161949685534591,0.15251572327044,0.0393081761006289,0.0691580174461745,0.081376440669154,0.481538461538462,0.0157952827323049,0.079091508714956,0.866149650746178,7,0.401770509526401,0.962661733861461,hsa04935,"Growth hormone synthesis, secretion and action",IRS2,PIK3CA,coherent
Ppp1cb,Pygb,liver,B_cell,7386,0.196994313566206,0.020985648524235,0.00609260763606824,0.0202722236790047,0.0814880866428613,0.781422924901186,0,0.713607202159805,0.0717389948605,7,0.401770509526401,0.506654087900504,hsa04931,Insulin resistance,PPP1CB,PYGB,coherent
Sos1,Kras,liver,Kupffer_cell,202,0.0346534653465347,0.183168316831683,0.0198019801980198,0.122793538760893,0.0816856549005238,,,-0.296731985509006,0.51813354250774,7,0.401770509526401,0.809712677484706,hsa04068,FoxO signaling pathway,SOS1,KRAS,coherent
Sos1,Kras,liver,Kupffer_cell,202,0.0346534653465347,0.183168316831683,0.0198019801980198,0.122793538760893,0.0816856549005238,,,-0.296731985509006,0.51813354250774,7,0.401770509526401,0.809712677484706,hsa04910,Insulin signaling pathway,SOS1,KRAS,coherent
Sos1,Kras,liver,Kupffer_cell,202,0.0346534653465347,0.183168316831683,0.0198019801980198,0.122793538760893,0.0816856549005238,,,-0.296731985509006,0.51813354250774,7,0.401770509526401,0.809712677484706,hsa04935,"Growth hormone synthesis, secretion and action",SOS1,KRAS,coherent
Srebf1,Irs2,liver,HSC_Fibroblast,2024,0.0637351778656127,0.284584980237154,0.0360671936758893,0.0386135768825082,0.0824301804005922,0.206528446254474,0.0796559183101062,0.36414214305437,0.421970138906646,7,0.404165478276654,0.760853000388159,hsa04931,Insulin resistance,SREBF1,IRS2,coherent
Gnb2,Rras,liver,NK_cell,596,0.578859060402685,0.0419463087248322,0.0318791946308725,0.0706965858195601,0.084625109094488,0.27719298245614,0.249619980498611,-0.37760820462556,0.40366040807498,7,0.413634879031937,0.754844053477871,hsa04371,Apelin signaling pathway,GNB2,RRAS,coherent
Sgk1,Foxo3,liver,Monocyte,920,0.276086956521739,0.101086956521739,0.0358695652173913,0.0567210350886277,0.0855270784996982,0.397727272727273,0.0226233379508477,0.218731453025993,0.637488691234639,7,0.416745298652256,0.867493284082522,hsa04068,FoxO signaling pathway,SGK1,FOXO3,coherent
Rock2,Ppp1r12a,liver,NK_cell,596,0.176174496644295,0.592281879194631,0.124161073825503,0.0702446246339691,0.0866377519891512,0.413580155497964,0.000281902210694926,0.370790091737965,0.412891207695774,7,0.419772589089232,0.760853000388159,hsa04510,Focal adhesion,ROCK2,PPP1R12A,discordant
Socs3,Srebf1,liver,Monocyte,920,0.472826086956522,0.0467391304347826,0.0195652173913044,-0.0565128425813609,0.086683440959153,0.314757481940144,0.202925904973613,0.483871882765232,0.271238525053703,7,0.419772589089232,0.685325139579335,hsa04931,Insulin resistance,SOCS3,SREBF1,coherent
Akt1,Ppp1cb,liver,LSEC,745,0.153020134228188,0.220134228187919,0.0536912751677852,0.0626500713641155,0.0874839824019459,0.617008303131988,2.2326225579297e-05,-0.0418055846572446,0.929090637541826,7,0.420760351500214,0.976217405419447,hsa04910,Insulin signaling pathway,AKT1,PPP1CB,discordant
Ogt,Pik3ca,liver,Cholangiocyte,636,0.316037735849057,0.15251572327044,0.0676100628930818,0.0677982516483083,0.0875603943421058,0.185593476291151,0.232607527719986,0.26228676740296,0.569884877259415,7,0.420760351500214,0.834873363604129,hsa04931,Insulin resistance,OGT,PIK3CA,discordant
Ppp1cb,Calm1,liver,LSEC,745,0.220134228187919,0.620134228187919,0.166442953020134,0.0626090462001392,0.0876919279417273,0.119134727198774,0.187540026684385,-0.443049529470062,0.319448521675094,7,0.420760351500214,0.714165545772599,hsa04910,Insulin signaling pathway,PPP1CB,CALM1,discordant
Akt2,Tsc2,liver,NK_cell,596,0.12248322147651,0.0419463087248322,0.011744966442953,0.0699236847254597,0.0880902126703071,,,-0.181798242408955,0.696444541078811,7,0.421382755121073,0.899347528919335,hsa04910,Insulin signaling pathway,AKT2,TSC2,discordant
Pik3cd,Pdpk1,liver,cDC,731,0.283173734610123,0.170998632010944,0.0656634746922025,0.0630485357838078,0.088489166521235,0.510312635692575,0.000256653741925381,0.431735539637269,0.33341636621152,7,0.422004566175738,0.726145084860444,hsa04910,Insulin signaling pathway,PIK3CD,PDPK1,coherent
Gna12,Rhoa,liver,Monocyte,920,0.0565217391304348,0.895652173913044,0.0554347826086957,0.0560192834293842,0.0894751996224747,0.331002963952679,0.017666314467091,0.0413451057634281,0.929870344796945,7,0.425413903659584,0.976217405419447,hsa04081,Hormone signaling,GNA12,RHOA,coherent
Gnb2,Kras,liver,cDC,731,0.917920656634747,0.510259917920657,0.495212038303694,0.0626937245912659,0.0903001279125542,0.0339417141569918,0.519745870022991,0.821525833678738,0.0234181908753977,7,0.428038974908754,0.421600743475285,hsa04371,Apelin signaling pathway,GNB2,KRAS,discordant
Sos1,Hras,liver,pDC,748,0.0962566844919786,0.264705882352941,0.0200534759358289,-0.0618530967168852,0.0909425789837604,0.678571428571429,0.00690147712258438,-0.0524709997632776,0.91104503793616,7,0.42978586272747,0.969935393296569,hsa04068,FoxO signaling pathway,SOS1,HRAS,discordant
Sos1,Hras,liver,pDC,748,0.0962566844919786,0.264705882352941,0.0200534759358289,-0.0618530967168852,0.0909425789837604,0.678571428571429,0.00690147712258438,-0.0524709997632776,0.91104503793616,7,0.42978586272747,0.969935393296569,hsa04510,Focal adhesion,SOS1,HRAS,discordant
Sos1,Hras,liver,pDC,748,0.0962566844919786,0.264705882352941,0.0200534759358289,-0.0618530967168852,0.0909425789837604,0.678571428571429,0.00690147712258438,-0.0524709997632776,0.91104503793616,7,0.42978586272747,0.969935393296569,hsa04910,Insulin signaling pathway,SOS1,HRAS,discordant
Sos1,Hras,liver,pDC,748,0.0962566844919786,0.264705882352941,0.0200534759358289,-0.0618530967168852,0.0909425789837604,0.678571428571429,0.00690147712258438,-0.0524709997632776,0.91104503793616,7,0.42978586272747,0.969935393296569,hsa04935,"Growth hormone synthesis, secretion and action",SOS1,HRAS,discordant
Foxo3,Cdkn1b,liver,NK_cell,596,0.102348993288591,0.432885906040268,0.063758389261745,0.0692312341161792,0.0912907183940348,0.275631907210855,0.0940704028463692,0.247076401421605,0.593234995472598,7,0.43013554702775,0.844418494046869,hsa04068,FoxO signaling pathway,FOXO3,CDKN1B,coherent
Gnb2,Rras2,liver,Macrophage_other,214,0.663551401869159,0.0233644859813084,0.0233644859813084,0.115213470698432,0.092731966397693,,,0.0378995326225419,0.962100467377458,4,0.435618129574791,0.987122648336947,hsa04371,Apelin signaling pathway,GNB2,RRAS2,discordant
Pik3ca,Akt2,liver,LSEC,745,0.0993288590604027,0.0348993288590604,0.00939597315436242,0.0615055444673797,0.0934361172742881,,,0.659094875270664,0.107334749661901,7,0.437615725383158,0.542403644629583,hsa04518,Integrin signaling,PIK3CA,AKT2,discordant
Pik3ca,Akt2,liver,LSEC,745,0.0993288590604027,0.0348993288590604,0.00939597315436242,0.0615055444673797,0.0934361172742881,,,0.659094875270664,0.107334749661901,7,0.437615725383158,0.542403644629583,hsa04935,"Growth hormone synthesis, secretion and action",PIK3CA,AKT2,discordant
Rhoa,Pip5k1c,liver,Neutrophil,572,0.674825174825175,0.0874125874125874,0.0716783216783217,0.0700391120790101,0.0942322125411463,0.299838843439604,0.0568305244807289,-0.263366957931031,0.568237780449756,7,0.439787559806284,0.834798761728153,hsa04510,Focal adhesion,RHOA,PIP5K1C,coherent
Stat3,Foxo3,liver,NK_cell,596,0.374161073825503,0.102348993288591,0.0503355704697987,0.0685643760825977,0.0944604255288195,0.216017797552837,0.250479733088041,-0.0369922910493119,0.93724289615913,7,0.439787559806284,0.977571308315948,hsa04068,FoxO signaling pathway,STAT3,FOXO3,discordant
Akt2,Ppp1ca,liver,cDC,731,0.186046511627907,0.856361149110807,0.168262653898769,0.0615894915608155,0.0961272273918568,-0.0467425932852665,0.607216407133412,0.664150874393855,0.103716025446023,7,0.446223727153323,0.542403644629583,hsa04910,Insulin signaling pathway,AKT2,PPP1CA,coherent
Rock2,Ppp1r12a,liver,pDC,748,0.330213903743315,0.398395721925134,0.156417112299465,0.0605742260698839,0.0978373334851346,0.300791260171739,0.00103163684178003,0.687749537541096,0.0876822158782121,7,0.452602875823644,0.529025639397072,hsa04510,Focal adhesion,ROCK2,PPP1R12A,discordant
Pdpk1,Rps6kb2,liver,LSEC,745,0.119463087248322,0.0644295302013423,0.0120805369127517,0.0606527720870535,0.0980783797195915,,,-0.313434887434395,0.49364391315156,7,0.452602875823644,0.79974168227466,hsa04910,Insulin signaling pathway,PDPK1,RPS6KB2,coherent
Il6,Stat3,liver,cDC,731,0.027359781121751,0.476060191518468,0.0164158686730506,0.0610953728842865,0.0988301780778743,0.692307692307692,0.0158776933220116,-0.00604909198832408,0.989730930377108,7,0.454734748985879,0.99864030064286,hsa04068,FoxO signaling pathway,IL6,STAT3,coherent
Il6,Stat3,liver,cDC,731,0.027359781121751,0.476060191518468,0.0164158686730506,0.0610953728842865,0.0988301780778743,0.692307692307692,0.0158776933220116,-0.00604909198832408,0.989730930377108,7,0.454734748985879,0.99864030064286,hsa04931,Insulin resistance,IL6,STAT3,coherent
Foxo3,Plk3,liver,HSC_Fibroblast,2024,0.113142292490119,0.0538537549407115,0.0108695652173913,0.0366164233451832,0.0995854394236132,0.701863354037267,0.000393674852584916,0.241769756564842,0.601448669586736,7,0.45687004226798,0.852459767463043,hsa04068,FoxO signaling pathway,FOXO3,PLK3,discordant
Gnai2,Prkce,liver,Cholangiocyte,636,0.79559748427673,0.0770440251572327,0.0770440251572327,0.0652554907186254,0.100135668242124,0.0801020408163265,0.583234928731876,0.221368567128862,0.633332993185207,7,0.457358841387946,0.866370808235468,hsa04371,Apelin signaling pathway,GNAI2,PRKCE,coherent
Gnb2,Rras,liver,Kupffer_cell,202,0.50990099009901,0.237623762376238,0.168316831683168,0.115879461699766,0.100533426845318,0.141634835752483,0.422753391595338,0.118451500108606,0.800318233034274,7,0.457358841387946,0.939191703538352,hsa04371,Apelin signaling pathway,GNB2,RRAS,coherent
Foxo3,Gadd45a,liver,Macrophage_other,214,0.0700934579439252,0.11214953271028,0.014018691588785,0.112554808732734,0.100566475639797,,,0.327767280941519,0.672232719058481,4,0.457358841387946,0.886282491923547,hsa04068,FoxO signaling pathway,FOXO3,GADD45A,discordant
Rhoa,Diaph1,liver,Cholangiocyte,636,0.775157232704403,0.377358490566038,0.341194968553459,0.0650914051500678,0.100994123520615,0.035525817447292,0.602736223704943,0.200424928271752,0.66654068226325,7,0.457976242207646,0.88178948606327,hsa04510,Focal adhesion,RHOA,DIAPH1,discordant
Stat3,Junb,liver,cDC,731,0.476060191518468,0.912448700410397,0.447332421340629,0.0603065349624131,0.103270434811027,0.0399378952438715,0.471694808187365,0.581272573860997,0.171081759611642,7,0.466299667612966,0.621359446367283,hsa04935,"Growth hormone synthesis, secretion and action",STAT3,JUNB,coherent
Ramp1,Gnas,liver,NK_cell,596,0.0604026845637584,0.864093959731544,0.0570469798657718,0.0667706904918099,0.103424018055648,0.295645530939649,0.0898144651588347,-0.564888212354685,0.186389560967262,7,0.466299667612966,0.631855080442306,hsa04081,Hormone signaling,RAMP1,GNAS,discordant
Foxo3,Rbl2,liver,HSC_Fibroblast,2024,0.113142292490119,0.107707509881423,0.0237154150197628,0.0361487827788921,0.103987907918877,0.523122014763352,0.00016988739480059,-0.112839612577364,0.809654752523063,7,0.467498646202631,0.94266513434162,hsa04068,FoxO signaling pathway,FOXO3,RBL2,coherent
Ikbkg,Nfkbie,liver,cDC,731,0.0369357045143639,0.365253077975376,0.0109439124487004,-0.059870746067188,0.105790463106852,,,0.621639317808421,0.136143637596819,7,0.474243533184718,0.578887174497043,hsa04920,Adipocytokine signaling pathway,IKBKG,NFKBIE,coherent
Ogt,Pik3r2,liver,cDC,731,0.272229822161423,0.0738714090287278,0.0109439124487004,-0.0596963831126739,0.10681228224961,,,-0.873300294996232,0.0102390551748472,7,0.477460030910648,0.372272914997024,hsa04931,Insulin resistance,OGT,PIK3R2,coherent
Foxo3,Cdkn1b,liver,Monocyte,920,0.101086956521739,0.493478260869565,0.0597826086956522,0.0528724782754107,0.109013621424388,0.335569985569986,0.0126125284727225,-0.0563421157918282,0.904502397472117,7,0.484953407079916,0.969935393296569,hsa04068,FoxO signaling pathway,FOXO3,CDKN1B,coherent
Pdpk1,Akt1,liver,LSEC,745,0.119463087248322,0.153020134228188,0.0295302013422819,0.0587487695830463,0.109106789483244,0.593450028232637,0.00426606931599801,0.659719772439006,0.106883995376251,7,0.484953407079916,0.542403644629583,hsa04068,FoxO signaling pathway,PDPK1,AKT1,coherent
Pdpk1,Akt1,liver,LSEC,745,0.119463087248322,0.153020134228188,0.0295302013422819,0.0587487695830463,0.109106789483244,0.593450028232637,0.00426606931599801,0.659719772439006,0.106883995376251,7,0.484953407079916,0.542403644629583,hsa04152,AMPK signaling pathway,PDPK1,AKT1,coherent
Pdpk1,Akt1,liver,LSEC,745,0.119463087248322,0.153020134228188,0.0295302013422819,0.0587487695830463,0.109106789483244,0.593450028232637,0.00426606931599801,0.659719772439006,0.106883995376251,7,0.484953407079916,0.542403644629583,hsa04510,Focal adhesion,PDPK1,AKT1,coherent
Pdpk1,Akt1,liver,LSEC,745,0.119463087248322,0.153020134228188,0.0295302013422819,0.0587487695830463,0.109106789483244,0.593450028232637,0.00426606931599801,0.659719772439006,0.106883995376251,7,0.484953407079916,0.542403644629583,hsa04910,Insulin signaling pathway,PDPK1,AKT1,coherent
Pdpk1,Akt1,liver,LSEC,745,0.119463087248322,0.153020134228188,0.0295302013422819,0.0587487695830463,0.109106789483244,0.593450028232637,0.00426606931599801,0.659719772439006,0.106883995376251,7,0.484953407079916,0.542403644629583,hsa04931,Insulin resistance,PDPK1,AKT1,coherent
Ppp1cb,Myl12a,liver,pDC,748,0.307486631016043,0.627005347593583,0.211229946524064,0.058491632505946,0.109950565848048,0.37904735391734,9.04990681009571e-07,-0.362325668851667,0.424464178703528,7,0.486596228866685,0.760853000388159,hsa04510,Focal adhesion,PPP1CB,MYL12A,discordant
Prkce,Rras,liver,Cholangiocyte,636,0.0770440251572327,0.531446540880503,0.0644654088050315,0.0634162293116291,0.110096661088383,0.483623693379791,0.00153987238078768,0.237340156632236,0.608330638834033,7,0.486596228866685,0.854796359878115,hsa04371,Apelin signaling pathway,PRKCE,RRAS,coherent
Gnb2,Plcb1,liver,LSEC,745,0.420134228187919,0.0456375838926175,0.025503355704698,0.0584223361434245,0.111092255835502,0.447368421052632,0.0563498137081099,-0.150553164711577,0.747299734462124,7,0.489617273612086,0.919624514602224,hsa04081,Hormone signaling,GNB2,PLCB1,discordant
Gnb2,Plcb1,liver,LSEC,745,0.420134228187919,0.0456375838926175,0.025503355704698,0.0584223361434245,0.111092255835502,0.447368421052632,0.0563498137081099,-0.150553164711577,0.747299734462124,7,0.489617273612086,0.919624514602224,hsa04371,Apelin signaling pathway,GNB2,PLCB1,discordant
Tnf,Tnfrsf1a,liver,Monocyte,920,0.13695652173913,0.521739130434783,0.066304347826087,-0.0525104030219257,0.111462880125674,0.314066631411951,0.0140262311802347,0.00145047068813332,0.997537607072126,7,0.489874674838045,0.99864030064286,hsa04920,Adipocytokine signaling pathway,TNF,TNFRSF1A,coherent
Tnf,Tnfrsf1a,liver,Monocyte,920,0.13695652173913,0.521739130434783,0.066304347826087,-0.0525104030219257,0.111462880125674,0.314066631411951,0.0140262311802347,0.00145047068813332,0.997537607072126,7,0.489874674838045,0.99864030064286,hsa04931,Insulin resistance,TNF,TNFRSF1A,coherent
Tnf,Tnfrsf1a,liver,Monocyte,920,0.13695652173913,0.521739130434783,0.066304347826087,-0.0525104030219257,0.111462880125674,0.314066631411951,0.0140262311802347,0.00145047068813332,0.997537607072126,7,0.489874674838045,0.99864030064286,hsa04936,Alcoholic liver disease,TNF,TNFRSF1A,coherent
Vipr2,Gnai1,liver,HSC_Fibroblast,2024,0.0316205533596838,0.0533596837944664,0.00444664031620553,0.0352990042487622,0.112382108287056,,,0.563554542374412,0.187663777875153,7,0.492239622048903,0.631855080442306,hsa04081,Hormone signaling,VIPR2,GNAI1,coherent
Vav2,Rac3,liver,Cholangiocyte,636,0.0786163522012579,0.0974842767295597,0.0141509433962264,0.0629698100783072,0.112628441246371,,,0.458157719083722,0.301201099606277,7,0.492239622048903,0.698500329336637,hsa04510,Focal adhesion,VAV2,RAC3,coherent
Rock2,Ppp1ca,liver,Cholangiocyte,636,0.544025157232704,0.709119496855346,0.452830188679245,0.0628659103835876,0.113224206649388,0.203691719320624,0.000504669730801671,0.636005807430588,0.124678583028789,7,0.49346883398025,0.573345089237501,hsa04510,Focal adhesion,ROCK2,PPP1CA,coherent
Foxo3,Sod1,liver,Cholangiocyte,636,0.256289308176101,0.578616352201258,0.188679245283019,0.0627272849635168,0.114022944802151,0.35148743484768,8.27076971682725e-05,0.812139045417107,0.0264775149041232,7,0.495338424919553,0.421600743475285,hsa04213,Longevity regulating pathway - multiple species,FOXO3,SOD1,coherent
Pdpk1,Akt2,liver,Cholangiocyte,636,0.202830188679245,0.172955974842767,0.050314465408805,0.0626820421868047,0.114284582422485,0.332478005865103,0.0635279236875714,0.886660572452828,0.00780754069475995,7,0.495338424919553,0.372272914997024,hsa04068,FoxO signaling pathway,PDPK1,AKT2,coherent
Pdpk1,Akt2,liver,Cholangiocyte,636,0.202830188679245,0.172955974842767,0.050314465408805,0.0626820421868047,0.114284582422485,0.332478005865103,0.0635279236875714,0.886660572452828,0.00780754069475995,7,0.495338424919553,0.372272914997024,hsa04152,AMPK signaling pathway,PDPK1,AKT2,coherent
Pdpk1,Akt2,liver,Cholangiocyte,636,0.202830188679245,0.172955974842767,0.050314465408805,0.0626820421868047,0.114284582422485,0.332478005865103,0.0635279236875714,0.886660572452828,0.00780754069475995,7,0.495338424919553,0.372272914997024,hsa04510,Focal adhesion,PDPK1,AKT2,coherent
Pdpk1,Akt2,liver,Cholangiocyte,636,0.202830188679245,0.172955974842767,0.050314465408805,0.0626820421868047,0.114284582422485,0.332478005865103,0.0635279236875714,0.886660572452828,0.00780754069475995,7,0.495338424919553,0.372272914997024,hsa04910,Insulin signaling pathway,PDPK1,AKT2,coherent
Pdpk1,Akt2,liver,Cholangiocyte,636,0.202830188679245,0.172955974842767,0.050314465408805,0.0626820421868047,0.114284582422485,0.332478005865103,0.0635279236875714,0.886660572452828,0.00780754069475995,7,0.495338424919553,0.372272914997024,hsa04931,Insulin resistance,PDPK1,AKT2,coherent
Calm1,Pygb,liver,T_cell,2018,0.839444995044599,0.0391476709613479,0.0356788899900892,0.0350967028614543,0.11499626111677,0.174851878356978,0.141820781744037,-0.272455926425201,0.554439092106954,7,0.496849365577264,0.830183483967358,hsa04910,Insulin signaling pathway,CALM1,PYGB,discordant
Rock1,Ppp1cb,liver,B_cell,7386,0.391416192797184,0.196994313566206,0.0850257243433523,0.0183274020867874,0.115266519483827,0.390738959511334,2.43883158719771e-24,0.740441658705493,0.0569926250130162,7,0.496849365577264,0.48099432284387,hsa04510,Focal adhesion,ROCK1,PPP1CB,discordant
Tnf,Tnfrsf1a,liver,pDC,748,0.175133689839572,0.184491978609626,0.0280748663101604,-0.0570851179412313,0.118779823120683,0.448051948051948,0.0430530053365473,0.0351087727511628,0.940434223224263,7,0.510590527332469,0.977571308315948,hsa04920,Adipocytokine signaling pathway,TNF,TNFRSF1A,coherent
Tnf,Tnfrsf1a,liver,pDC,748,0.175133689839572,0.184491978609626,0.0280748663101604,-0.0570851179412313,0.118779823120683,0.448051948051948,0.0430530053365473,0.0351087727511628,0.940434223224263,7,0.510590527332469,0.977571308315948,hsa04931,Insulin resistance,TNF,TNFRSF1A,coherent
Tnf,Tnfrsf1a,liver,pDC,748,0.175133689839572,0.184491978609626,0.0280748663101604,-0.0570851179412313,0.118779823120683,0.448051948051948,0.0430530053365473,0.0351087727511628,0.940434223224263,7,0.510590527332469,0.977571308315948,hsa04936,Alcoholic liver disease,TNF,TNFRSF1A,coherent
Gnai2,Prkce,liver,HSC_Fibroblast,2024,0.640810276679842,0.0395256916996047,0.0375494071146245,0.0345084247716123,0.120662514176759,-0.182133849176156,0.115327244154962,0.430609794905942,0.334820141031363,7,0.517266351757746,0.726601384893788,hsa04371,Apelin signaling pathway,GNAI2,PRKCE,coherent
Sos1,Hras,liver,B_cell,7386,0.0441375575412943,0.0529379907933929,0.00324939073923639,0.0180330833818864,0.121223126282772,0.830434782608696,2.07979423975588e-06,0.0470176418398891,0.920268569857161,7,0.518253637977302,0.976217405419447,hsa04068,FoxO signaling pathway,SOS1,HRAS,discordant
Sos1,Hras,liver,B_cell,7386,0.0441375575412943,0.0529379907933929,0.00324939073923639,0.0180330833818864,0.121223126282772,0.830434782608696,2.07979423975588e-06,0.0470176418398891,0.920268569857161,7,0.518253637977302,0.976217405419447,hsa04510,Focal adhesion,SOS1,HRAS,discordant
Sos1,Hras,liver,B_cell,7386,0.0441375575412943,0.0529379907933929,0.00324939073923639,0.0180330833818864,0.121223126282772,0.830434782608696,2.07979423975588e-06,0.0470176418398891,0.920268569857161,7,0.518253637977302,0.976217405419447,hsa04910,Insulin signaling pathway,SOS1,HRAS,discordant
Sos1,Hras,liver,B_cell,7386,0.0441375575412943,0.0529379907933929,0.00324939073923639,0.0180330833818864,0.121223126282772,0.830434782608696,2.07979423975588e-06,0.0470176418398891,0.920268569857161,7,0.518253637977302,0.976217405419447,hsa04935,"Growth hormone synthesis, secretion and action",SOS1,HRAS,discordant
Rhoa,Pip5k1a,liver,LSEC,745,0.477852348993289,0.114093959731544,0.0724832214765101,0.0567287839809432,0.121853493113054,0.289389925532366,0.0337991351322697,-0.30404997948595,0.507353212737908,7,0.51953296384343,0.804064891439848,hsa04510,Focal adhesion,RHOA,PIP5K1A,discordant
Rhoa,Diaph1,liver,cDC,731,0.937072503419973,0.558139534883721,0.537619699042408,0.0566936599749883,0.125661712298421,0.189162808263094,0.000161832354106754,0.561813739212383,0.189333322535007,7,0.531622617539708,0.633398684557411,hsa04510,Focal adhesion,RHOA,DIAPH1,discordant
Bcl2l1,Bax,liver,Cholangiocyte,636,0.349056603773585,0.522012578616352,0.229559748427673,0.0606980865296168,0.126228161415662,0.375196297414013,3.06873673201061e-06,0.499147831582992,0.254110445681135,7,0.531622617539708,0.680374486199904,hsa04115,p53 signaling pathway,BCL2L1,BAX,discordant
Sos1,Hras,liver,Cholangiocyte,636,0.144654088050314,0.430817610062893,0.0880503144654088,0.0606967674711958,0.126236413014581,0.023444976076555,0.863568077481425,0.62260593897452,0.135356125963076,7,0.531622617539708,0.578887174497043,hsa04068,FoxO signaling pathway,SOS1,HRAS,discordant
Sos1,Hras,liver,Cholangiocyte,636,0.144654088050314,0.430817610062893,0.0880503144654088,0.0606967674711958,0.126236413014581,0.023444976076555,0.863568077481425,0.62260593897452,0.135356125963076,7,0.531622617539708,0.578887174497043,hsa04510,Focal adhesion,SOS1,HRAS,discordant
Sos1,Hras,liver,Cholangiocyte,636,0.144654088050314,0.430817610062893,0.0880503144654088,0.0606967674711958,0.126236413014581,0.023444976076555,0.863568077481425,0.62260593897452,0.135356125963076,7,0.531622617539708,0.578887174497043,hsa04910,Insulin signaling pathway,SOS1,HRAS,discordant
Sos1,Hras,liver,Cholangiocyte,636,0.144654088050314,0.430817610062893,0.0880503144654088,0.0606967674711958,0.126236413014581,0.023444976076555,0.863568077481425,0.62260593897452,0.135356125963076,7,0.531622617539708,0.578887174497043,hsa04935,"Growth hormone synthesis, secretion and action",SOS1,HRAS,discordant
Rock2,Myl12a,liver,T_cell,2018,0.162537165510406,0.493062438057483,0.0926660059464817,0.034028936535896,0.126475658010084,0.539780122578302,1.56422900968224e-15,-0.283649454835467,0.537597214819289,7,0.531622617539708,0.819011042514908,hsa04510,Focal adhesion,ROCK2,MYL12A,coherent
Foxo3,Ccnd1,liver,pDC,748,0.124331550802139,0.859625668449198,0.116310160427807,0.0559099396383832,0.126574203781675,0.240449806809069,0.0250992810584702,0.491402608466907,0.262731165313991,7,0.531622617539708,0.681029247301756,hsa04068,FoxO signaling pathway,FOXO3,CCND1,discordant
Hras,Araf,liver,cDC,731,0.288645690834473,0.179206566347469,0.0547195622435021,-0.0565348883018264,0.126726167198225,0.736585365853658,3.48127039538697e-07,-0.555520009609632,0.195429182410355,7,0.531622617539708,0.638796882889068,hsa04068,FoxO signaling pathway,HRAS,ARAF,coherent
Hras,Araf,liver,cDC,731,0.288645690834473,0.179206566347469,0.0547195622435021,-0.0565348883018264,0.126726167198225,0.736585365853658,3.48127039538697e-07,-0.555520009609632,0.195429182410355,7,0.531622617539708,0.638796882889068,hsa04910,Insulin signaling pathway,HRAS,ARAF,coherent
Rhoa,Diaph1,liver,HSC_Fibroblast,2024,0.660079051383399,0.237154150197628,0.202569169960474,0.0339261328092981,0.127060855052512,0.358165693212508,7.44691257717709e-14,0.208362017421853,0.653901854481991,7,0.531622617539708,0.875289056506995,hsa04510,Focal adhesion,RHOA,DIAPH1,discordant
Rac2,Mapk8,liver,Kupffer_cell,202,0.485148514851485,0.0396039603960396,0.0297029702970297,0.107613780871381,0.12740436754865,,,-0.517143666104879,0.23459290866766,7,0.531642161393171,0.66794509928481,hsa04510,Focal adhesion,RAC2,MAPK8,discordant
Ppargc1a,Tfam,liver,Cholangiocyte,636,0.166666666666667,0.174528301886792,0.0393081761006289,0.0603377682108742,0.128497814136072,0.740769230769231,3.69591508251574e-05,0.642367875103876,0.119765973672052,7,0.533278843048733,0.56600244786581,hsa04371,Apelin signaling pathway,PPARGC1A,TFAM,discordant
Met,Pik3cd,liver,cDC,731,0.0574555403556772,0.283173734610123,0.0218878248974008,0.0562627998424157,0.128566604348192,0.405882352941176,0.120020814309248,-0.0412346856248559,0.930057320674668,7,0.533278843048733,0.976217405419447,hsa04510,Focal adhesion,MET,PIK3CD,discordant
Sos1,Kras,liver,LSEC,745,0.0751677852348993,0.197315436241611,0.0134228187919463,-0.0556943578278542,0.128816240608967,0.83030303030303,0.00555680454585398,-0.389251448343727,0.388089097288329,7,0.533278843048733,0.751742955117762,hsa04068,FoxO signaling pathway,SOS1,KRAS,coherent
Sos1,Kras,liver,LSEC,745,0.0751677852348993,0.197315436241611,0.0134228187919463,-0.0556943578278542,0.128816240608967,0.83030303030303,0.00555680454585398,-0.389251448343727,0.388089097288329,7,0.533278843048733,0.751742955117762,hsa04910,Insulin signaling pathway,SOS1,KRAS,coherent
Sos1,Kras,liver,LSEC,745,0.0751677852348993,0.197315436241611,0.0134228187919463,-0.0556943578278542,0.128816240608967,0.83030303030303,0.00555680454585398,-0.389251448343727,0.388089097288329,7,0.533278843048733,0.751742955117762,hsa04935,"Growth hormone synthesis, secretion and action",SOS1,KRAS,coherent
Ppp1cb,Myl12a,liver,Neutrophil,572,0.148601398601399,0.374125874125874,0.0751748251748252,0.0635122016572124,0.129216153928179,0.503114735889206,0.000584519929399318,-0.078833930687237,0.866582845449427,7,0.533526698719245,0.962661733861461,hsa04510,Focal adhesion,PPP1CB,MYL12A,discordant
Pik3r2,Akt2,liver,HSC_Fibroblast,2024,0.0933794466403162,0.175395256916996,0.0281620553359684,0.0335031284974042,0.131872104409447,0.548872180451128,1.38300284409079e-05,0.698144683626652,0.0810682269993185,7,0.543063863040479,0.520537188580566,hsa04518,Integrin signaling,PIK3R2,AKT2,coherent
Pik3r2,Akt2,liver,HSC_Fibroblast,2024,0.0933794466403162,0.175395256916996,0.0281620553359684,0.0335031284974042,0.131872104409447,0.548872180451128,1.38300284409079e-05,0.698144683626652,0.0810682269993185,7,0.543063863040479,0.520537188580566,hsa04935,"Growth hormone synthesis, secretion and action",PIK3R2,AKT2,coherent
Foxo3,Bcl2l11,liver,Monocyte,920,0.101086956521739,0.245652173913043,0.0369565217391304,0.0494729201537685,0.133752757151277,0.309396485867074,0.0753527244654384,0.560952041781959,0.190162401885169,7,0.54924386752133,0.634818741612405,hsa04068,FoxO signaling pathway,FOXO3,BCL2L11,discordant
Rock2,Ppp1r12a,liver,Kupffer_cell,202,0.257425742574257,0.128712871287129,0.0643564356435644,0.105710931407411,0.134312800597179,0.505494505494506,0.0812151207256341,-0.17547536222391,0.706668862539771,7,0.54924386752133,0.90231220419973,hsa04510,Focal adhesion,ROCK2,PPP1R12A,discordant
Gnb2,Rhoa,liver,T_cell,2018,0.437561942517344,0.693756194251734,0.325074331020813,0.0333331660863741,0.13442297331306,0.323813322003809,1.76741711439989e-17,0.567447963873692,0.183955753685216,7,0.54924386752133,0.631855080442306,hsa04081,Hormone signaling,GNB2,RHOA,coherent
Irs2,Pik3cd,liver,T_cell,2018,0.0961347869177403,0.284935579781962,0.0257680872150644,-0.0332511933841657,0.135384151804933,0.494834798941347,0.000231428038215542,0.826041949715544,0.0220213522075069,7,0.55091791221528,0.421600743475285,hsa04068,FoxO signaling pathway,IRS2,PIK3CD,discordant
Irs2,Pik3cd,liver,T_cell,2018,0.0961347869177403,0.284935579781962,0.0257680872150644,-0.0332511933841657,0.135384151804933,0.494834798941347,0.000231428038215542,0.826041949715544,0.0220213522075069,7,0.55091791221528,0.421600743475285,hsa04081,Hormone signaling,IRS2,PIK3CD,discordant
Irs2,Pik3cd,liver,T_cell,2018,0.0961347869177403,0.284935579781962,0.0257680872150644,-0.0332511933841657,0.135384151804933,0.494834798941347,0.000231428038215542,0.826041949715544,0.0220213522075069,7,0.55091791221528,0.421600743475285,hsa04152,AMPK signaling pathway,IRS2,PIK3CD,discordant
Irs2,Pik3cd,liver,T_cell,2018,0.0961347869177403,0.284935579781962,0.0257680872150644,-0.0332511933841657,0.135384151804933,0.494834798941347,0.000231428038215542,0.826041949715544,0.0220213522075069,7,0.55091791221528,0.421600743475285,hsa04211,Longevity regulating pathway,IRS2,PIK3CD,discordant
Irs2,Pik3cd,liver,T_cell,2018,0.0961347869177403,0.284935579781962,0.0257680872150644,-0.0332511933841657,0.135384151804933,0.494834798941347,0.000231428038215542,0.826041949715544,0.0220213522075069,7,0.55091791221528,0.421600743475285,hsa04213,Longevity regulating pathway - multiple species,IRS2,PIK3CD,discordant
Irs2,Pik3cd,liver,T_cell,2018,0.0961347869177403,0.284935579781962,0.0257680872150644,-0.0332511933841657,0.135384151804933,0.494834798941347,0.000231428038215542,0.826041949715544,0.0220213522075069,7,0.55091791221528,0.421600743475285,hsa04910,Insulin signaling pathway,IRS2,PIK3CD,discordant
Irs2,Pik3cd,liver,T_cell,2018,0.0961347869177403,0.284935579781962,0.0257680872150644,-0.0332511933841657,0.135384151804933,0.494834798941347,0.000231428038215542,0.826041949715544,0.0220213522075069,7,0.55091791221528,0.421600743475285,hsa04931,Insulin resistance,IRS2,PIK3CD,discordant
Irs2,Pik3cd,liver,T_cell,2018,0.0961347869177403,0.284935579781962,0.0257680872150644,-0.0332511933841657,0.135384151804933,0.494834798941347,0.000231428038215542,0.826041949715544,0.0220213522075069,7,0.55091791221528,0.421600743475285,hsa04935,"Growth hormone synthesis, secretion and action",IRS2,PIK3CD,discordant
Hras,Pik3ca,liver,B_cell,7386,0.0529379907933929,0.108448415922015,0.00866504197129705,0.0173694992697944,0.135534935701146,0.923304104947458,1.86596781937014e-27,-0.23720224583735,0.608545273412272,7,0.55091791221528,0.854796359878115,hsa04211,Longevity regulating pathway,HRAS,PIK3CA,discordant
Hras,Pik3ca,liver,B_cell,7386,0.0529379907933929,0.108448415922015,0.00866504197129705,0.0173694992697944,0.135534935701146,0.923304104947458,1.86596781937014e-27,-0.23720224583735,0.608545273412272,7,0.55091791221528,0.854796359878115,hsa04213,Longevity regulating pathway - multiple species,HRAS,PIK3CA,discordant
Hras,Pik3ca,liver,B_cell,7386,0.0529379907933929,0.108448415922015,0.00866504197129705,0.0173694992697944,0.135534935701146,0.923304104947458,1.86596781937014e-27,-0.23720224583735,0.608545273412272,7,0.55091791221528,0.854796359878115,hsa04510,Focal adhesion,HRAS,PIK3CA,discordant
Ikbkg,Nfkbie,liver,B_cell,7386,0.029109125372326,0.12049823991335,0.00338478202003791,-0.0173434056892896,0.136123291361533,0.9,2.07996924439707e-06,0.251831824294492,0.585903659607823,7,0.551879700636293,0.842477401576591,hsa04920,Adipocytokine signaling pathway,IKBKG,NFKBIE,coherent
Il6,Stat3,liver,Macrophage_other,214,0.121495327102804,0.289719626168224,0.0654205607476636,0.102034009447026,0.136810942235406,0.0021978021978022,1,0.14649106256824,0.85350893743176,4,0.553238062802454,0.958593788711833,hsa04068,FoxO signaling pathway,IL6,STAT3,coherent
Il6,Stat3,liver,Macrophage_other,214,0.121495327102804,0.289719626168224,0.0654205607476636,0.102034009447026,0.136810942235406,0.0021978021978022,1,0.14649106256824,0.85350893743176,4,0.553238062802454,0.958593788711833,hsa04931,Insulin resistance,IL6,STAT3,coherent
Pdpk1,Prkcz,liver,T_cell,2018,0.145688800792864,0.0480673934588702,0.00941526263627354,0.032934988451552,0.139141608336619,0.610526315789474,0.00651729491819834,0.00856960904433946,0.985452314034096,7,0.560082797020783,0.997401784703893,hsa04910,Insulin signaling pathway,PDPK1,PRKCZ,coherent
Pik3ca,Akt2,liver,Neutrophil,572,0.0402097902097902,0.113636363636364,0.00699300699300699,0.0619041288451071,0.139217521247996,,,0.259956674653658,0.573442964798928,7,0.560082797020783,0.836023318312362,hsa04518,Integrin signaling,PIK3CA,AKT2,discordant
Pik3ca,Akt2,liver,Neutrophil,572,0.0402097902097902,0.113636363636364,0.00699300699300699,0.0619041288451071,0.139217521247996,,,0.259956674653658,0.573442964798928,7,0.560082797020783,0.836023318312362,hsa04935,"Growth hormone synthesis, secretion and action",PIK3CA,AKT2,discordant
Akt2,Ppp1cb,liver,LSEC,745,0.0348993288590604,0.220134228187919,0.0134228187919463,0.054148483317119,0.139791573083356,0.696969696969697,0.0311410954595681,0.486597954977007,0.268144725365846,7,0.56065456025232,0.68460494572031,hsa04910,Insulin signaling pathway,AKT2,PPP1CB,discordant
Met,Shc1,liver,cDC,731,0.0574555403556772,0.169630642954856,0.00820793433652531,-0.0546266016521566,0.140074306959152,,,-0.489200241689899,0.265206418165311,7,0.56065456025232,0.681029247301756,hsa04510,Focal adhesion,MET,SHC1,discordant
Mapk8,Irs2,liver,pDC,748,0.0855614973262032,0.224598930481283,0.0227272727272727,0.0537030693875887,0.142278291650426,0.21078431372549,0.415247112734397,0.47806554160464,0.277881442777708,7,0.567309148567599,0.687767885135246,hsa04910,Insulin signaling pathway,MAPK8,IRS2,discordant
Mapk8,Irs2,liver,pDC,748,0.0855614973262032,0.224598930481283,0.0227272727272727,0.0537030693875887,0.142278291650426,0.21078431372549,0.415247112734397,0.47806554160464,0.277881442777708,7,0.567309148567599,0.687767885135246,hsa04920,Adipocytokine signaling pathway,MAPK8,IRS2,discordant
Mapk8,Irs2,liver,pDC,748,0.0855614973262032,0.224598930481283,0.0227272727272727,0.0537030693875887,0.142278291650426,0.21078431372549,0.415247112734397,0.47806554160464,0.277881442777708,7,0.567309148567599,0.687767885135246,hsa04931,Insulin resistance,MAPK8,IRS2,discordant
Pik3cd,Akt2,liver,T_cell,2018,0.284935579781962,0.0887016848364718,0.0317145688800793,0.0326583643425479,0.14249407859788,0.712042124542125,0,-0.271571446128379,0.555777102460085,7,0.567309148567599,0.830489784533213,hsa04518,Integrin signaling,PIK3CD,AKT2,coherent
Pik3cd,Akt2,liver,T_cell,2018,0.284935579781962,0.0887016848364718,0.0317145688800793,0.0326583643425479,0.14249407859788,0.712042124542125,0,-0.271571446128379,0.555777102460085,7,0.567309148567599,0.830489784533213,hsa04935,"Growth hormone synthesis, secretion and action",PIK3CD,AKT2,coherent
Kras,Araf,liver,pDC,748,0.550802139037433,0.241978609625668,0.151069518716578,0.0536301457645807,0.142821614840154,0.229007252644887,0.0148596834021733,0.9099083542469,0.00445529002777862,7,0.567309148567599,0.336217582018999,hsa04068,FoxO signaling pathway,KRAS,ARAF,discordant
Kras,Araf,liver,pDC,748,0.550802139037433,0.241978609625668,0.151069518716578,0.0536301457645807,0.142821614840154,0.229007252644887,0.0148596834021733,0.9099083542469,0.00445529002777862,7,0.567309148567599,0.336217582018999,hsa04910,Insulin signaling pathway,KRAS,ARAF,discordant
Kras,Pik3ca,liver,B_cell,7386,0.53479555916599,0.108448415922015,0.0652585973463309,0.0170103596553527,0.143807004715247,0.313694376853994,1.81779533845243e-12,0.461599179119142,0.297110346258985,7,0.568960033282601,0.695369868017267,hsa04211,Longevity regulating pathway,KRAS,PIK3CA,coherent
Kras,Pik3ca,liver,B_cell,7386,0.53479555916599,0.108448415922015,0.0652585973463309,0.0170103596553527,0.143807004715247,0.313694376853994,1.81779533845243e-12,0.461599179119142,0.297110346258985,7,0.568960033282601,0.695369868017267,hsa04213,Longevity regulating pathway - multiple species,KRAS,PIK3CA,coherent
Foxo3,Cdkn2b,liver,Cholangiocyte,636,0.256289308176101,0.0345911949685535,0.0188679245283019,0.0580025436362648,0.143982174480754,0.818181818181818,0.00202719852581381,-0.0759552007596595,0.871426080110432,7,0.568960033282601,0.964481813365423,hsa04068,FoxO signaling pathway,FOXO3,CDKN2B,discordant
Ikbkg,Nfkbie,liver,pDC,748,0.0748663101604278,0.286096256684492,0.0280748663101604,0.0534294516847572,0.14432510723166,0.527272727272727,0.0153055155123169,0.121352125240882,0.795499791260575,7,0.568960033282601,0.938450505629957,hsa04920,Adipocytokine signaling pathway,IKBKG,NFKBIE,coherent
Rock2,Ppp1cb,liver,pDC,748,0.330213903743315,0.307486631016043,0.120320855614973,0.05328578678969,0.145408781651177,0.268584598921678,0.0106750375839668,0.392819318514706,0.383366808052332,7,0.571795434613276,0.751742955117762,hsa04510,Focal adhesion,ROCK2,PPP1CB,discordant
Foxo3,Klf2,liver,pDC,748,0.124331550802139,0.874331550802139,0.114973262032086,0.0530707585678569,0.147042358771003,-0.000292466625784235,0.997931959528027,-0.489204590595788,0.265201520008163,7,0.576773652279258,0.681029247301756,hsa04068,FoxO signaling pathway,FOXO3,KLF2,discordant
Foxo3,Cdkn1a,liver,HSC_Fibroblast,2024,0.113142292490119,0.326086956521739,0.0602766798418972,0.0321366536142802,0.148381381575727,0.155931531293371,0.0863274120406755,0.379481859912561,0.401138180350233,7,0.578965133194751,0.754844053477871,hsa04068,FoxO signaling pathway,FOXO3,CDKN1A,discordant
Rock1,Ppp1r12a,liver,Macrophage_other,214,0.331775700934579,0.242990654205607,0.11214953271028,0.0990350650985622,0.148788292106529,0.510434782608696,0.0117776532049255,0.598208810537039,0.401791189462961,4,0.578965133194751,0.754844053477871,hsa04510,Focal adhesion,ROCK1,PPP1R12A,discordant
Hras,Pik3ca,liver,Macrophage_other,214,0.088785046728972,0.0794392523364486,0.00467289719626168,0.0990193941269006,0.148852902771924,,,0.278884613835879,0.721115386164121,4,0.578965133194751,0.909509679173236,hsa04211,Longevity regulating pathway,HRAS,PIK3CA,discordant
Hras,Pik3ca,liver,Macrophage_other,214,0.088785046728972,0.0794392523364486,0.00467289719626168,0.0990193941269006,0.148852902771924,,,0.278884613835879,0.721115386164121,4,0.578965133194751,0.909509679173236,hsa04213,Longevity regulating pathway - multiple species,HRAS,PIK3CA,discordant
Hras,Pik3ca,liver,Macrophage_other,214,0.088785046728972,0.0794392523364486,0.00467289719626168,0.0990193941269006,0.148852902771924,,,0.278884613835879,0.721115386164121,4,0.578965133194751,0.909509679173236,hsa04510,Focal adhesion,HRAS,PIK3CA,discordant
Camkk2,Prkaa2,liver,Cholangiocyte,636,0.0849056603773585,0.124213836477987,0.00628930817610063,-0.0572764080768945,0.149077064251548,,,-0.00117928849880142,0.997997979057027,7,0.578965133194751,0.99864030064286,hsa04152,AMPK signaling pathway,CAMKK2,PRKAA2,coherent
Camkk2,Prkaa2,liver,Cholangiocyte,636,0.0849056603773585,0.124213836477987,0.00628930817610063,-0.0572764080768945,0.149077064251548,,,-0.00117928849880142,0.997997979057027,7,0.578965133194751,0.99864030064286,hsa04211,Longevity regulating pathway,CAMKK2,PRKAA2,coherent
Camkk2,Prkaa2,liver,Cholangiocyte,636,0.0849056603773585,0.124213836477987,0.00628930817610063,-0.0572764080768945,0.149077064251548,,,-0.00117928849880142,0.997997979057027,7,0.578965133194751,0.99864030064286,hsa04920,Adipocytokine signaling pathway,CAMKK2,PRKAA2,coherent
Camkk2,Prkaa2,liver,Cholangiocyte,636,0.0849056603773585,0.124213836477987,0.00628930817610063,-0.0572764080768945,0.149077064251548,,,-0.00117928849880142,0.997997979057027,7,0.578965133194751,0.99864030064286,hsa04936,Alcoholic liver disease,CAMKK2,PRKAA2,coherent
Pik3cd,Prkcz,liver,NK_cell,596,0.325503355704698,0.0268456375838926,0.00503355704697987,-0.0589620767249735,0.150525773250651,,,0.0551484156905618,0.906519446612872,7,0.582141874448301,0.969935393296569,hsa04910,Insulin signaling pathway,PIK3CD,PRKCZ,coherent
Pik3cd,Prkcz,liver,NK_cell,596,0.325503355704698,0.0268456375838926,0.00503355704697987,-0.0589620767249735,0.150525773250651,,,0.0551484156905618,0.906519446612872,7,0.582141874448301,0.969935393296569,hsa04931,Insulin resistance,PIK3CD,PRKCZ,coherent
Akt1,Prkaa2,liver,Cholangiocyte,636,0.29559748427673,0.124213836477987,0.0393081761006289,-0.0570492946443581,0.1506984561208,0.396153846153846,0.050921755662617,0.464539808141323,0.293634478766786,7,0.582141874448301,0.693321482836649,hsa04213,Longevity regulating pathway - multiple species,AKT1,PRKAA2,coherent
Rock2,Ppp1r12a,liver,T_cell,2018,0.162537165510406,0.465312190287413,0.0882061446977205,0.0319254136183986,0.151676394718473,0.530455871236678,2.62814330313307e-14,0.929295697530229,0.00245706695010091,7,0.582141874448301,0.280744672159286,hsa04510,Focal adhesion,ROCK2,PPP1R12A,discordant
Foxo3,Bcl2l11,liver,Macrophage_other,214,0.0700934579439252,0.186915887850467,0.0233644859813084,0.0982831738176508,0.151912333198598,,,-0.447749584939098,0.552250415060902,4,0.582141874448301,0.830183483967358,hsa04068,FoxO signaling pathway,FOXO3,BCL2L11,discordant
Gna11,Plcb3,liver,HSC_Fibroblast,2024,0.206521739130435,0.0429841897233202,0.0177865612648221,0.0317662918625916,0.153116994571379,0.490862290862291,0.00265732001582233,0.714659043320478,0.0711264870955861,7,0.582141874448301,0.506654087900504,hsa04081,Hormone signaling,GNA11,PLCB3,coherent
Gna11,Plcb3,liver,HSC_Fibroblast,2024,0.206521739130435,0.0429841897233202,0.0177865612648221,0.0317662918625916,0.153116994571379,0.490862290862291,0.00265732001582233,0.714659043320478,0.0711264870955861,7,0.582141874448301,0.506654087900504,hsa04935,"Growth hormone synthesis, secretion and action",GNA11,PLCB3,coherent
Akt2,Ppp1ca,liver,B_cell,7386,0.0603845112374763,0.40360140806932,0.0287029515299215,0.0166179813755822,0.153281270423662,0.492180012116397,2.47033485257336e-14,0.835727290859454,0.0191883290449677,7,0.582141874448301,0.400406768374144,hsa04910,Insulin signaling pathway,AKT2,PPP1CA,coherent
Irs2,Pik3r2,liver,cDC,731,0.0752393980848153,0.0738714090287278,0.012311901504788,0.0528329554966938,0.153580639344083,,,-0.239039215207672,0.605688180817004,7,0.582141874448301,0.853840750855238,hsa04068,FoxO signaling pathway,IRS2,PIK3R2,discordant
Irs2,Pik3r2,liver,cDC,731,0.0752393980848153,0.0738714090287278,0.012311901504788,0.0528329554966938,0.153580639344083,,,-0.239039215207672,0.605688180817004,7,0.582141874448301,0.853840750855238,hsa04081,Hormone signaling,IRS2,PIK3R2,discordant
Irs2,Pik3r2,liver,cDC,731,0.0752393980848153,0.0738714090287278,0.012311901504788,0.0528329554966938,0.153580639344083,,,-0.239039215207672,0.605688180817004,7,0.582141874448301,0.853840750855238,hsa04152,AMPK signaling pathway,IRS2,PIK3R2,discordant
Irs2,Pik3r2,liver,cDC,731,0.0752393980848153,0.0738714090287278,0.012311901504788,0.0528329554966938,0.153580639344083,,,-0.239039215207672,0.605688180817004,7,0.582141874448301,0.853840750855238,hsa04211,Longevity regulating pathway,IRS2,PIK3R2,discordant
Irs2,Pik3r2,liver,cDC,731,0.0752393980848153,0.0738714090287278,0.012311901504788,0.0528329554966938,0.153580639344083,,,-0.239039215207672,0.605688180817004,7,0.582141874448301,0.853840750855238,hsa04213,Longevity regulating pathway - multiple species,IRS2,PIK3R2,discordant
Irs2,Pik3r2,liver,cDC,731,0.0752393980848153,0.0738714090287278,0.012311901504788,0.0528329554966938,0.153580639344083,,,-0.239039215207672,0.605688180817004,7,0.582141874448301,0.853840750855238,hsa04910,Insulin signaling pathway,IRS2,PIK3R2,discordant
Irs2,Pik3r2,liver,cDC,731,0.0752393980848153,0.0738714090287278,0.012311901504788,0.0528329554966938,0.153580639344083,,,-0.239039215207672,0.605688180817004,7,0.582141874448301,0.853840750855238,hsa04931,Insulin resistance,IRS2,PIK3R2,discordant
Irs2,Pik3r2,liver,cDC,731,0.0752393980848153,0.0738714090287278,0.012311901504788,0.0528329554966938,0.153580639344083,,,-0.239039215207672,0.605688180817004,7,0.582141874448301,0.853840750855238,hsa04935,"Growth hormone synthesis, secretion and action",IRS2,PIK3R2,discordant
Traf2,Ikbkg,liver,pDC,748,0.132352941176471,0.0748663101604278,0.0160427807486631,0.0521996896930744,0.153803442496203,0.846153846153846,0.000969540146444951,0.593331137745795,0.160228084970144,7,0.582141874448301,0.614664707379356,hsa04920,Adipocytokine signaling pathway,TRAF2,IKBKG,coherent
Vegfb,Flt1,liver,HSC_Fibroblast,2024,0.0741106719367589,0.0459486166007905,0.0024703557312253,-0.0316754349995393,0.154296092919229,,,0.167788874037649,0.719145437932929,7,0.582141874448301,0.908287057548813,hsa04510,Focal adhesion,VEGFB,FLT1,discordant
Vegfb,Flt1,liver,HSC_Fibroblast,2024,0.0741106719367589,0.0459486166007905,0.0024703557312253,-0.0316754349995393,0.154296092919229,,,0.167788874037649,0.719145437932929,7,0.582141874448301,0.908287057548813,hsa04518,Integrin signaling,VEGFB,FLT1,discordant
Foxo3,Klf2,liver,cDC,731,0.0984952120383037,0.696306429548564,0.0656634746922025,-0.0527321569016751,0.154368013551678,0.172818063395571,0.239344330486192,-0.51568610535569,0.236146768585662,7,0.582141874448301,0.66794509928481,hsa04068,FoxO signaling pathway,FOXO3,KLF2,discordant
Igfbp3,Igf1,liver,HSC_Fibroblast,2024,0.0741106719367589,0.302371541501976,0.0365612648221344,0.0316413851769229,0.154739747386457,0.209004072565716,0.074012602473275,0.604529689307206,0.150465159542906,7,0.582141874448301,0.596161200310152,hsa04115,p53 signaling pathway,IGFBP3,IGF1,coherent
Srebf1,Fasn,liver,cDC,731,0.06703146374829,0.180574555403557,0.0205198358413133,0.0526751160827142,0.15481493403063,0.321428571428571,0.242415461665461,-0.00461820202011987,0.992159980355647,7,0.582141874448301,0.99864030064286,hsa04152,AMPK signaling pathway,SREBF1,FASN,coherent
Srebf1,Fasn,liver,cDC,731,0.06703146374829,0.180574555403557,0.0205198358413133,0.0526751160827142,0.15481493403063,0.321428571428571,0.242415461665461,-0.00461820202011987,0.992159980355647,7,0.582141874448301,0.99864030064286,hsa04910,Insulin signaling pathway,SREBF1,FASN,coherent
Srebf1,Fasn,liver,cDC,731,0.06703146374829,0.180574555403557,0.0205198358413133,0.0526751160827142,0.15481493403063,0.321428571428571,0.242415461665461,-0.00461820202011987,0.992159980355647,7,0.582141874448301,0.99864030064286,hsa04936,Alcoholic liver disease,SREBF1,FASN,coherent
Calm1,Pygb,liver,Kupffer_cell,202,0.811881188118812,0.153465346534653,0.143564356435644,0.100467774711418,0.154835872982699,-0.170443349753695,0.375097564392456,-0.056018930642407,0.905048458120774,7,0.582141874448301,0.969935393296569,hsa04910,Insulin signaling pathway,CALM1,PYGB,discordant
Ppp1r12a,Myl12a,liver,LSEC,745,0.284563758389262,0.296644295302013,0.114093959731544,0.0521397723360302,0.155108628504166,0.378635606350127,0.000352684254357424,-0.562514347765197,0.188660529693935,7,0.582141874448301,0.633398684557411,hsa04510,Focal adhesion,PPP1R12A,MYL12A,discordant
Rac2,Mapk8,liver,cDC,731,0.777017783857729,0.0998632010943912,0.0779753761969904,-0.052592948317886,0.155460449581796,-0.0403163080114078,0.765341868297178,0.441596969860111,0.321227417133364,7,0.582141874448301,0.714753877010249,hsa04510,Focal adhesion,RAC2,MAPK8,discordant
Socs3,Irs2,liver,NK_cell,596,0.197986577181208,0.087248322147651,0.0302013422818792,0.0580918950915571,0.156651712357509,0.591331269349845,0.0111680070853361,0.0930404198493486,0.84273243900459,7,0.584635810941847,0.955574034396949,hsa04920,Adipocytokine signaling pathway,SOCS3,IRS2,coherent
Socs3,Irs2,liver,NK_cell,596,0.197986577181208,0.087248322147651,0.0302013422818792,0.0580918950915571,0.156651712357509,0.591331269349845,0.0111680070853361,0.0930404198493486,0.84273243900459,7,0.584635810941847,0.955574034396949,hsa04931,Insulin resistance,SOCS3,IRS2,coherent
Foxo3,Cdkn1b,liver,Macrophage_other,214,0.0700934579439252,0.200934579439252,0.0186915887850467,0.0971132100720708,0.156871686683567,,,-0.817422573657652,0.182577426342348,4,0.584635810941847,0.631855080442306,hsa04068,FoxO signaling pathway,FOXO3,CDKN1B,coherent
Prmt1,Foxo3,liver,pDC,748,0.335561497326203,0.124331550802139,0.0548128342245989,0.051732571405021,0.15752496722798,0.836933797909408,0,0.73160975804615,0.0616440004174061,7,0.584838018408558,0.49346651354546,hsa04068,FoxO signaling pathway,PRMT1,FOXO3,discordant
Gnb2,Prkaa2,liver,Cholangiocyte,636,0.75314465408805,0.124213836477987,0.10377358490566,-0.05609276948653,0.157674658232053,-0.0141321365201962,0.910210103297062,0.359618287850724,0.428191968988365,7,0.584838018408558,0.760853000388159,hsa04371,Apelin signaling pathway,GNB2,PRKAA2,coherent
Vegfb,Met,liver,Cholangiocyte,636,0.199685534591195,0.196540880503145,0.059748427672956,0.0559811089507226,0.158504684591128,0.528394791552686,0.000774846350926863,0.496145044473472,0.257437049927166,7,0.584838018408558,0.680374486199904,hsa04510,Focal adhesion,VEGFB,MET,discordant
Vegfb,Met,liver,Cholangiocyte,636,0.199685534591195,0.196540880503145,0.059748427672956,0.0559811089507226,0.158504684591128,0.528394791552686,0.000774846350926863,0.496145044473472,0.257437049927166,7,0.584838018408558,0.680374486199904,hsa04518,Integrin signaling,VEGFB,MET,discordant
Gna12,Rhoa,liver,Macrophage_other,214,0.210280373831776,0.677570093457944,0.154205607476636,-0.0967139608394837,0.158591659570418,0.110294117647059,0.539732547497424,0.349812567743731,0.650187432256269,4,0.584838018408558,0.873244358012789,hsa04081,Hormone signaling,GNA12,RHOA,coherent
Hras,Pik3ca,liver,NK_cell,596,0.140939597315436,0.0671140939597315,0.0151006711409396,0.0577520337420329,0.159094834423646,,,0.10791448379259,0.817863555129528,7,0.584838018408558,0.945635901251459,hsa04211,Longevity regulating pathway,HRAS,PIK3CA,discordant
Hras,Pik3ca,liver,NK_cell,596,0.140939597315436,0.0671140939597315,0.0151006711409396,0.0577520337420329,0.159094834423646,,,0.10791448379259,0.817863555129528,7,0.584838018408558,0.945635901251459,hsa04213,Longevity regulating pathway - multiple species,HRAS,PIK3CA,discordant
Hras,Pik3ca,liver,NK_cell,596,0.140939597315436,0.0671140939597315,0.0151006711409396,0.0577520337420329,0.159094834423646,,,0.10791448379259,0.817863555129528,7,0.584838018408558,0.945635901251459,hsa04510,Focal adhesion,HRAS,PIK3CA,discordant
Arhgap5,Rhoa,liver,Kupffer_cell,202,0.123762376237624,0.648514851485149,0.113861386138614,0.0993484012947679,0.159508636871302,-0.0671936758893281,0.760400023367864,-0.422188320720591,0.345400725678555,7,0.584838018408558,0.730876816457028,hsa04510,Focal adhesion,ARHGAP5,RHOA,coherent
Usp7,Foxo3,liver,HSC_Fibroblast,2024,0.173913043478261,0.113142292490119,0.0385375494071146,0.0312779858132974,0.159535163721391,0.645969801967677,1.69821157118945e-10,0.283610564551329,0.537655432626103,7,0.584838018408558,0.819011042514908,hsa04068,FoxO signaling pathway,USP7,FOXO3,coherent
Ppp1cb,Myl12a,liver,Macrophage_other,214,0.196261682242991,0.560747663551402,0.121495327102804,-0.0963464441665213,0.160187422230579,0.380512820512821,0.0560169183766322,-0.687457380473015,0.312542619526985,4,0.58515348778629,0.709519306507433,hsa04510,Focal adhesion,PPP1CB,MYL12A,discordant
Stk11,Prkaa2,liver,Cholangiocyte,636,0.330188679245283,0.124213836477987,0.0613207547169811,0.0557321605503502,0.160367112650162,0.301417004048583,0.0626040873610811,0.483714412084801,0.271417727629533,7,0.58515348778629,0.685325139579335,hsa04068,FoxO signaling pathway,STK11,PRKAA2,coherent
Stk11,Prkaa2,liver,Cholangiocyte,636,0.330188679245283,0.124213836477987,0.0613207547169811,0.0557321605503502,0.160367112650162,0.301417004048583,0.0626040873610811,0.483714412084801,0.271417727629533,7,0.58515348778629,0.685325139579335,hsa04211,Longevity regulating pathway,STK11,PRKAA2,coherent
Stk11,Prkaa2,liver,Cholangiocyte,636,0.330188679245283,0.124213836477987,0.0613207547169811,0.0557321605503502,0.160367112650162,0.301417004048583,0.0626040873610811,0.483714412084801,0.271417727629533,7,0.58515348778629,0.685325139579335,hsa04920,Adipocytokine signaling pathway,STK11,PRKAA2,coherent
Akt1,Ppp1cb,liver,NK_cell,596,0.13255033557047,0.23489932885906,0.023489932885906,-0.0573592786818186,0.1619538827854,0.661538461538462,0.0121870187789995,0.442024339619283,0.320703590840626,7,0.589572255429912,0.714749906291111,hsa04910,Insulin signaling pathway,AKT1,PPP1CB,discordant
Arhgap5,Rhoa,liver,pDC,748,0.332887700534759,0.937165775401069,0.31283422459893,-0.0510281337539813,0.163265426701775,0.137115683148009,0.0361388629121816,-0.492904967280937,0.261048719370518,7,0.592970959479363,0.680374486199904,hsa04510,Focal adhesion,ARHGAP5,RHOA,coherent
Pik3cd,Akt1,liver,Neutrophil,572,0.132867132867133,0.118881118881119,0.0227272727272727,0.0583095297789818,0.163711847926458,0.39010989010989,0.188771716723795,-0.762265615726398,0.0463454620284918,7,0.593219144103031,0.468477290281202,hsa04518,Integrin signaling,PIK3CD,AKT1,coherent
Pik3cd,Akt1,liver,Neutrophil,572,0.132867132867133,0.118881118881119,0.0227272727272727,0.0583095297789818,0.163711847926458,0.39010989010989,0.188771716723795,-0.762265615726398,0.0463454620284918,7,0.593219144103031,0.468477290281202,hsa04935,"Growth hormone synthesis, secretion and action",PIK3CD,AKT1,coherent
Foxo3,Rbl2,liver,B_cell,7386,0.0522610343893853,0.0789331167072841,0.00487408610885459,0.0161260118998821,0.165821825395231,0.694902162718847,2.56974080563816e-06,0.574079086854006,0.177723498196296,7,0.599480285818243,0.630705888279161,hsa04068,FoxO signaling pathway,FOXO3,RBL2,coherent
Ramp1,Gnb2,liver,Cholangiocyte,636,0.559748427672956,0.75314465408805,0.482704402515723,0.0549337585525664,0.166451454893797,0.0388772826380316,0.497351492459487,0.904838610239335,0.00509446595385253,7,0.6003731786859,0.342638697625911,hsa04081,Hormone signaling,RAMP1,GNB2,discordant
Sos2,Hras,liver,Cholangiocyte,636,0.113207547169811,0.430817610062893,0.0691823899371069,0.0547956572699624,0.167521214322812,0.216631430584919,0.157430656105574,0.459284532729621,0.299858980949458,7,0.601250292910788,0.698039675236943,hsa04068,FoxO signaling pathway,SOS2,HRAS,discordant
Sos2,Hras,liver,Cholangiocyte,636,0.113207547169811,0.430817610062893,0.0691823899371069,0.0547956572699624,0.167521214322812,0.216631430584919,0.157430656105574,0.459284532729621,0.299858980949458,7,0.601250292910788,0.698039675236943,hsa04510,Focal adhesion,SOS2,HRAS,discordant
Sos2,Hras,liver,Cholangiocyte,636,0.113207547169811,0.430817610062893,0.0691823899371069,0.0547956572699624,0.167521214322812,0.216631430584919,0.157430656105574,0.459284532729621,0.299858980949458,7,0.601250292910788,0.698039675236943,hsa04910,Insulin signaling pathway,SOS2,HRAS,discordant
Sos2,Hras,liver,Cholangiocyte,636,0.113207547169811,0.430817610062893,0.0691823899371069,0.0547956572699624,0.167521214322812,0.216631430584919,0.157430656105574,0.459284532729621,0.299858980949458,7,0.601250292910788,0.698039675236943,hsa04935,"Growth hormone synthesis, secretion and action",SOS2,HRAS,discordant
Gnb2,Prkce,liver,LSEC,745,0.420134228187919,0.212080536912752,0.108724832214765,0.0505695598472333,0.167942564611471,0.446120665319166,2.99116614047762e-05,0.0104701023771488,0.98222637639139,7,0.601250292910788,0.997401784703893,hsa04371,Apelin signaling pathway,GNB2,PRKCE,coherent
Kras,Pik3ca,liver,Kupffer_cell,202,0.183168316831683,0.0693069306930693,0.0297029702970297,0.0973308119629699,0.168197092252564,,,0.412351880409726,0.357933917532496,7,0.601250292910788,0.736405008417742,hsa04211,Longevity regulating pathway,KRAS,PIK3CA,coherent
Kras,Pik3ca,liver,Kupffer_cell,202,0.183168316831683,0.0693069306930693,0.0297029702970297,0.0973308119629699,0.168197092252564,,,0.412351880409726,0.357933917532496,7,0.601250292910788,0.736405008417742,hsa04213,Longevity regulating pathway - multiple species,KRAS,PIK3CA,coherent
Prkce,Mras,liver,LSEC,745,0.212080536912752,0.0657718120805369,0.0214765100671141,0.0505357436838884,0.168227456078927,0.708823529411765,0.00289719651391184,0.489971940455243,0.264337900222506,7,0.601250292910788,0.681029247301756,hsa04371,Apelin signaling pathway,PRKCE,MRAS,coherent
Prkce,Hras,liver,Monocyte,920,0.05,0.166304347826087,0.0152173913043478,0.0453653758186201,0.169181956075889,0.125274725274725,0.670604370794816,0.0690608560548943,0.883038034861248,7,0.603287475188795,0.965708620552574,hsa04371,Apelin signaling pathway,PRKCE,HRAS,coherent
Oga,Ogt,liver,cDC,731,0.235294117647059,0.272229822161423,0.0875512995896033,0.0508536032442963,0.16960775707777,0.410851648351648,0.00082279491786819,0.765161041266191,0.0450230629902534,7,0.603434401031795,0.468477290281202,hsa04931,Insulin resistance,OGA,OGT,discordant
Gnb2,Mras,liver,pDC,748,0.828877005347594,0.0935828877005348,0.0775401069518717,-0.0500472280228857,0.171519110797743,0.196320905623231,0.139674549471241,-0.526398158664192,0.224839074514749,7,0.607800045078135,0.660036839851244,hsa04371,Apelin signaling pathway,GNB2,MRAS,coherent
Prmt1,Foxo3,liver,Macrophage_other,214,0.158878504672897,0.0700934579439252,0,-0.0937928296377262,0.171609572957052,,,0.312318717693024,0.687681282306976,4,0.607800045078135,0.893804948341597,hsa04068,FoxO signaling pathway,PRMT1,FOXO3,discordant
Hras,Pik3cd,liver,Macrophage_other,214,0.088785046728972,0.154205607476636,0.00934579439252336,-0.0935947426413106,0.172520273695494,,,0.357493269377266,0.642506730622734,4,0.608901950722596,0.870546684237539,hsa04211,Longevity regulating pathway,HRAS,PIK3CD,coherent
Hras,Pik3cd,liver,Macrophage_other,214,0.088785046728972,0.154205607476636,0.00934579439252336,-0.0935947426413106,0.172520273695494,,,0.357493269377266,0.642506730622734,4,0.608901950722596,0.870546684237539,hsa04213,Longevity regulating pathway - multiple species,HRAS,PIK3CD,coherent
Hras,Pik3cd,liver,Macrophage_other,214,0.088785046728972,0.154205607476636,0.00934579439252336,-0.0935947426413106,0.172520273695494,,,0.357493269377266,0.642506730622734,4,0.608901950722596,0.870546684237539,hsa04510,Focal adhesion,HRAS,PIK3CD,coherent
Rhoa,Pip5k1c,liver,B_cell,7386,0.7856756024912,0.0552396425670187,0.045626861630111,0.0158567844614024,0.173003482934855,0.193693112157526,0.000348293396137857,-0.127085926170754,0.785990255034676,7,0.608901950722596,0.934446820791509,hsa04510,Focal adhesion,RHOA,PIP5K1C,coherent
Gnb2,Prkce,liver,NK_cell,596,0.578859060402685,0.0285234899328859,0.023489932885906,0.055833342104479,0.173429626161783,0.512087912087912,0.0640823566608121,-0.531866973762989,0.219166810905139,7,0.608901950722596,0.655075804216324,hsa04371,Apelin signaling pathway,GNB2,PRKCE,coherent
Foxo3,Sod1,liver,Neutrophil,572,0.0734265734265734,0.0541958041958042,0.00174825174825175,-0.056986858916003,0.173497185558942,,,0.679599145220709,0.0930601479499007,7,0.608901950722596,0.538696261307664,hsa04213,Longevity regulating pathway - multiple species,FOXO3,SOD1,coherent
Ppp1ca,Pygb,liver,Kupffer_cell,202,0.341584158415842,0.153465346534653,0.0841584158415842,0.09605064131241,0.173889925294305,0.735294117647059,0.00112889348644531,0.263621481932198,0.567849896577893,7,0.608901950722596,0.834798761728153,hsa04931,Insulin resistance,PPP1CA,PYGB,discordant
Stk11,Foxo3,liver,Macrophage_other,214,0.149532710280374,0.0700934579439252,0,-0.0932208114990942,0.174249187937824,,,0.111120851712688,0.888879148287312,4,0.608901950722596,0.965708620552574,hsa04068,FoxO signaling pathway,STK11,FOXO3,discordant
Kras,Pik3cd,liver,T_cell,2018,0.338949454905847,0.284935579781962,0.101585728444004,-0.0301906679073115,0.175195099591685,0.496070878113297,3.92637861850533e-14,0.472266647133311,0.284587798704496,7,0.608991292004818,0.692276366150936,hsa04211,Longevity regulating pathway,KRAS,PIK3CD,discordant
Kras,Pik3cd,liver,T_cell,2018,0.338949454905847,0.284935579781962,0.101585728444004,-0.0301906679073115,0.175195099591685,0.496070878113297,3.92637861850533e-14,0.472266647133311,0.284587798704496,7,0.608991292004818,0.692276366150936,hsa04213,Longevity regulating pathway - multiple species,KRAS,PIK3CD,discordant
Foxo3,Cdkn1b,liver,Neutrophil,572,0.0734265734265734,0.270979020979021,0.027972027972028,0.0567186538805136,0.175533505846723,0.855882352941176,0,0.140698499101765,0.763499988993833,7,0.608991292004818,0.923481502438977,hsa04068,FoxO signaling pathway,FOXO3,CDKN1B,coherent
Oga,Ogt,liver,Neutrophil,572,0.185314685314685,0.304195804195804,0.0594405594405594,0.0566842537834385,0.175795966482336,0.622307104660046,0.000119305276027137,-0.34993374812676,0.441628583450733,7,0.608991292004818,0.765652207109613,hsa04931,Insulin resistance,OGA,OGT,discordant
Gnai2,Prkce,liver,pDC,748,0.96524064171123,0.0494652406417112,0.0494652406417112,0.0495006586838139,0.176251342169581,0.0436225699383594,0.797202182185136,-0.352246401035283,0.438405570069663,7,0.608991292004818,0.763678274524487,hsa04371,Apelin signaling pathway,GNAI2,PRKCE,coherent
Pdpk1,Akt1,liver,Macrophage_other,214,0.121495327102804,0.205607476635514,0.0420560747663551,0.0927102778737002,0.176630399048761,,,0.926483188487856,0.0735168115121436,4,0.608991292004818,0.506654087900504,hsa04068,FoxO signaling pathway,PDPK1,AKT1,coherent
Pdpk1,Akt1,liver,Macrophage_other,214,0.121495327102804,0.205607476635514,0.0420560747663551,0.0927102778737002,0.176630399048761,,,0.926483188487856,0.0735168115121436,4,0.608991292004818,0.506654087900504,hsa04152,AMPK signaling pathway,PDPK1,AKT1,coherent
Pdpk1,Akt1,liver,Macrophage_other,214,0.121495327102804,0.205607476635514,0.0420560747663551,0.0927102778737002,0.176630399048761,,,0.926483188487856,0.0735168115121436,4,0.608991292004818,0.506654087900504,hsa04510,Focal adhesion,PDPK1,AKT1,coherent
Pdpk1,Akt1,liver,Macrophage_other,214,0.121495327102804,0.205607476635514,0.0420560747663551,0.0927102778737002,0.176630399048761,,,0.926483188487856,0.0735168115121436,4,0.608991292004818,0.506654087900504,hsa04910,Insulin signaling pathway,PDPK1,AKT1,coherent
Pdpk1,Akt1,liver,Macrophage_other,214,0.121495327102804,0.205607476635514,0.0420560747663551,0.0927102778737002,0.176630399048761,,,0.926483188487856,0.0735168115121436,4,0.608991292004818,0.506654087900504,hsa04931,Insulin resistance,PDPK1,AKT1,coherent
Rock1,Ppp1r12a,liver,Kupffer_cell,202,0.227722772277228,0.128712871287129,0.0297029702970297,-0.0952996716842907,0.177295242577257,,,-0.191805180119546,0.68033784171722,7,0.608991292004818,0.890283631071157,hsa04510,Focal adhesion,ROCK1,PPP1R12A,discordant
Rock2,Myl12a,liver,cDC,731,0.374829001367989,0.805745554035568,0.321477428180575,0.0499312802839402,0.177490053929084,0.338954158890796,9.99093024346838e-08,0.332070018505196,0.466821259968338,7,0.608991292004818,0.782185776513033,hsa04510,Focal adhesion,ROCK2,MYL12A,coherent
Prkce,Rras,liver,Monocyte,920,0.05,0.439130434782609,0.0293478260869565,0.0444301244751302,0.178152546597986,0.643467643467643,0.000399564353721888,0.475479515743824,0.280863305196196,7,0.608991292004818,0.690289227767032,hsa04371,Apelin signaling pathway,PRKCE,RRAS,coherent
Stat3,Socs3,liver,Macrophage_other,214,0.289719626168224,0.252336448598131,0.135514018691589,0.0923535695365114,0.178308376608877,0.0280788177339901,0.88527322010004,0.625473010324255,0.374526989675746,4,0.608991292004818,0.747264531488988,hsa04920,Adipocytokine signaling pathway,STAT3,SOCS3,coherent
Stat3,Socs3,liver,Macrophage_other,214,0.289719626168224,0.252336448598131,0.135514018691589,0.0923535695365114,0.178308376608877,0.0280788177339901,0.88527322010004,0.625473010324255,0.374526989675746,4,0.608991292004818,0.747264531488988,hsa04931,Insulin resistance,STAT3,SOCS3,coherent
Stat3,Socs3,liver,Macrophage_other,214,0.289719626168224,0.252336448598131,0.135514018691589,0.0923535695365114,0.178308376608877,0.0280788177339901,0.88527322010004,0.625473010324255,0.374526989675746,4,0.608991292004818,0.747264531488988,hsa04935,"Growth hormone synthesis, secretion and action",STAT3,SOCS3,coherent
Zyx,Actn1,liver,pDC,748,0.612299465240642,0.131016042780749,0.0922459893048128,0.0492088536351222,0.178817248822367,0.108768724881257,0.372803641742945,0.365978047647151,0.41945521195396,7,0.608991292004818,0.760853000388159,hsa04510,Focal adhesion,ZYX,ACTN1,coherent
Ogt,Pik3cd,liver,T_cell,2018,0.353320118929633,0.284935579781962,0.112487611496531,0.0299360264403602,0.178864699610812,0.620029972195077,1.67142065334875e-25,0.616262046407863,0.140566791583044,7,0.608991292004818,0.579702520344588,hsa04931,Insulin resistance,OGT,PIK3CD,coherent
Gnb2,Prkce,liver,pDC,748,0.828877005347594,0.0494652406417112,0.0467914438502674,0.0491958277061795,0.178932431876495,0.233333333333333,0.176780760439946,-0.409212455986135,0.361973180611277,7,0.608991292004818,0.736405008417742,hsa04371,Apelin signaling pathway,GNB2,PRKCE,coherent
Ogt,Pdpk1,liver,Macrophage_other,214,0.196261682242991,0.121495327102804,0.0373831775700935,0.092092324798844,0.179544739002392,,,0.0585658082438515,0.941434191756148,4,0.609752587650981,0.977571308315948,hsa04931,Insulin resistance,OGT,PDPK1,coherent
Stat3,Foxo3,liver,Cholangiocyte,636,0.262578616352201,0.256289308176101,0.0943396226415094,0.0532203030227686,0.180091037444409,0.198055015282023,0.129101117709177,0.57540004637903,0.176494549169644,7,0.610286906588074,0.62793638922261,hsa04068,FoxO signaling pathway,STAT3,FOXO3,discordant
Prkce,Hras,liver,T_cell,2018,0.0346878097125867,0.0936570862239841,0.00198216055500496,-0.0298095529113693,0.180708386529807,,,0.394989064353029,0.380506460676624,7,0.610445732132472,0.751696043671572,hsa04371,Apelin signaling pathway,PRKCE,HRAS,coherent
Srebf1,Hk3,liver,cDC,731,0.06703146374829,0.0424076607387141,0,-0.0495281149834707,0.181019826395248,,,0.267817012366288,0.561468230526241,7,0.610445732132472,0.834239373623674,hsa04910,Insulin signaling pathway,SREBF1,HK3,coherent
Tradd,Traf2,liver,T_cell,2018,0.05599603567889,0.0510406342913776,0.00545094152626363,0.0297611238452728,0.181418089984454,0.909090909090909,5.55408265736478e-05,0.0554989334350592,0.905927119072212,7,0.610445732132472,0.969935393296569,hsa04920,Adipocytokine signaling pathway,TRADD,TRAF2,coherent
Gnb2,Hras,liver,B_cell,7386,0.375710804224208,0.0529379907933929,0.0235580828594639,0.0155297906124365,0.182035668871735,0.631786782083772,0,0.556803005103917,0.194178942482405,7,0.610445732132472,0.638796882889068,hsa04371,Apelin signaling pathway,GNB2,HRAS,coherent
Rhoa,Pip5k1c,liver,cDC,731,0.937072503419973,0.270861833105335,0.261285909712722,0.0492872859912109,0.183152984384925,0.110243150114302,0.128958752786228,0.493258576293959,0.260653439746539,7,0.610445732132472,0.680374486199904,hsa04510,Focal adhesion,RHOA,PIP5K1C,coherent
Calm1,Pygb,liver,LSEC,745,0.620134228187919,0.0483221476510067,0.0281879194630873,-0.0487502760527926,0.183788713512643,-0.118181818181818,0.60875194425308,-0.173852141756554,0.709299390683367,7,0.610445732132472,0.903204058778517,hsa04910,Insulin signaling pathway,CALM1,PYGB,discordant
Ogt,Akt1,liver,Cholangiocyte,636,0.316037735849057,0.29559748427673,0.121069182389937,0.0527500061765223,0.183975783756144,0.403701561596298,0.000304576551486407,0.0939422621553456,0.841221453237852,7,0.610445732132472,0.95504808981924,hsa04931,Insulin resistance,OGT,AKT1,coherent
Gnai3,Prkce,liver,HSC_Fibroblast,2024,0.237648221343874,0.0395256916996047,0.0172924901185771,0.0295361286981341,0.18409009485141,0.422128851540616,0.012133935755629,0.635359964979913,0.125182946301549,7,0.610445732132472,0.573345089237501,hsa04371,Apelin signaling pathway,GNAI3,PRKCE,discordant
Gnb2,Kras,liver,Monocyte,920,0.815217391304348,0.482608695652174,0.425,0.0438232799540245,0.184159345909665,0.127899190122094,0.0113624466650068,0.515825281237044,0.235998190953833,7,0.610445732132472,0.66794509928481,hsa04371,Apelin signaling pathway,GNB2,KRAS,discordant
Pik3ca,Akt2,liver,Monocyte,920,0.0967391304347826,0.134782608695652,0.0108695652173913,-0.0437593447321154,0.184800817771479,0.818181818181818,0.0068111327718268,-0.923317033192033,0.00300001088512975,7,0.610445732132472,0.280744672159286,hsa04518,Integrin signaling,PIK3CA,AKT2,discordant
Pik3ca,Akt2,liver,Monocyte,920,0.0967391304347826,0.134782608695652,0.0108695652173913,-0.0437593447321154,0.184800817771479,0.818181818181818,0.0068111327718268,-0.923317033192033,0.00300001088512975,7,0.610445732132472,0.280744672159286,hsa04935,"Growth hormone synthesis, secretion and action",PIK3CA,AKT2,discordant
Hras,Pik3cd,liver,Neutrophil,572,0.0244755244755245,0.132867132867133,0.00699300699300699,0.0554604301342017,0.185324235139647,,,-0.441279753216128,0.321616467284408,7,0.610445732132472,0.714753877010249,hsa04211,Longevity regulating pathway,HRAS,PIK3CD,coherent
Hras,Pik3cd,liver,Neutrophil,572,0.0244755244755245,0.132867132867133,0.00699300699300699,0.0554604301342017,0.185324235139647,,,-0.441279753216128,0.321616467284408,7,0.610445732132472,0.714753877010249,hsa04213,Longevity regulating pathway - multiple species,HRAS,PIK3CD,coherent
Hras,Pik3cd,liver,Neutrophil,572,0.0244755244755245,0.132867132867133,0.00699300699300699,0.0554604301342017,0.185324235139647,,,-0.441279753216128,0.321616467284408,7,0.610445732132472,0.714753877010249,hsa04510,Focal adhesion,HRAS,PIK3CD,coherent
Ramp1,Gnb2,liver,HSC_Fibroblast,2024,0.0988142292490119,0.507411067193676,0.066699604743083,0.029427818401388,0.185704540307697,0.573718257480289,3.50466856114278e-13,-0.182121073003165,0.695923478843635,7,0.610445732132472,0.899347528919335,hsa04081,Hormone signaling,RAMP1,GNB2,discordant
Sos2,Hras,liver,Monocyte,920,0.0869565217391304,0.166304347826087,0.0152173913043478,-0.0436669646079266,0.185730595186627,0.494505494505494,0.0749833058965218,-0.178493221653373,0.7017844138192,7,0.610445732132472,0.899347528919335,hsa04068,FoxO signaling pathway,SOS2,HRAS,discordant
Sos2,Hras,liver,Monocyte,920,0.0869565217391304,0.166304347826087,0.0152173913043478,-0.0436669646079266,0.185730595186627,0.494505494505494,0.0749833058965218,-0.178493221653373,0.7017844138192,7,0.610445732132472,0.899347528919335,hsa04510,Focal adhesion,SOS2,HRAS,discordant
Sos2,Hras,liver,Monocyte,920,0.0869565217391304,0.166304347826087,0.0152173913043478,-0.0436669646079266,0.185730595186627,0.494505494505494,0.0749833058965218,-0.178493221653373,0.7017844138192,7,0.610445732132472,0.899347528919335,hsa04910,Insulin signaling pathway,SOS2,HRAS,discordant
Sos2,Hras,liver,Monocyte,920,0.0869565217391304,0.166304347826087,0.0152173913043478,-0.0436669646079266,0.185730595186627,0.494505494505494,0.0749833058965218,-0.178493221653373,0.7017844138192,7,0.610445732132472,0.899347528919335,hsa04935,"Growth hormone synthesis, secretion and action",SOS2,HRAS,discordant
Gna11,Plcb1,liver,Monocyte,920,0.0260869565217391,0.166304347826087,0.00869565217391304,0.0436639008334992,0.185761490182033,,,0.393640442829063,0.382283309885558,7,0.610445732132472,0.751742955117762,hsa04081,Hormone signaling,GNA11,PLCB1,discordant
Gna11,Plcb1,liver,Monocyte,920,0.0260869565217391,0.166304347826087,0.00869565217391304,0.0436639008334992,0.185761490182033,,,0.393640442829063,0.382283309885558,7,0.610445732132472,0.751742955117762,hsa04935,"Growth hormone synthesis, secretion and action",GNA11,PLCB1,discordant
Foxo3,Hspa8,liver,NK_cell,596,0.102348993288591,0.958053691275168,0.098993288590604,0.054249121883786,0.185973906921174,-0.169199298655757,0.19962720000744,-0.0267232403758132,0.954649415310421,7,0.610445732132472,0.985027821354075,hsa04213,Longevity regulating pathway - multiple species,FOXO3,HSPA8,discordant
Rps6ka1,Ppp1ca,liver,HSC_Fibroblast,2024,0.0311264822134387,0.398221343873518,0.0148221343873518,0.0292858758567548,0.187836105469414,0.947497219132369,0,-0.413706633375428,0.356196675679823,7,0.615271084512547,0.736405008417742,hsa04931,Insulin resistance,RPS6KA1,PPP1CA,coherent
Prkaa2,Ppargc1a,liver,Cholangiocyte,636,0.124213836477987,0.166666666666667,0.0408805031446541,0.0520847202896685,0.189576411809154,0.755213675213675,1.42951085688126e-05,0.0925753335811681,0.843511814939309,7,0.619677896101174,0.955574034396949,hsa04152,AMPK signaling pathway,PRKAA2,PPARGC1A,discordant
Prkaa2,Ppargc1a,liver,Cholangiocyte,636,0.124213836477987,0.166666666666667,0.0408805031446541,0.0520847202896685,0.189576411809154,0.755213675213675,1.42951085688126e-05,0.0925753335811681,0.843511814939309,7,0.619677896101174,0.955574034396949,hsa04371,Apelin signaling pathway,PRKAA2,PPARGC1A,discordant
Prkaa2,Ppargc1a,liver,Cholangiocyte,636,0.124213836477987,0.166666666666667,0.0408805031446541,0.0520847202896685,0.189576411809154,0.755213675213675,1.42951085688126e-05,0.0925753335811681,0.843511814939309,7,0.619677896101174,0.955574034396949,hsa04936,Alcoholic liver disease,PRKAA2,PPARGC1A,discordant
Stat3,Junb,liver,LSEC,745,0.212080536912752,0.32751677852349,0.0953020134228188,0.0480299920264147,0.190358887474898,0.55008844811162,6.72302744555407e-07,0.0078247520584411,0.986716694990737,7,0.620941984299615,0.997401784703893,hsa04935,"Growth hormone synthesis, secretion and action",STAT3,JUNB,coherent
Socs3,Irs2,liver,cDC,731,0.290013679890561,0.0752393980848153,0.0259917920656635,0.0484169587898363,0.191016965698987,0.298245614035088,0.214269363072623,0.396422571470195,0.378621457641363,7,0.621795890418485,0.751020312312641,hsa04920,Adipocytokine signaling pathway,SOCS3,IRS2,coherent
Socs3,Irs2,liver,cDC,731,0.290013679890561,0.0752393980848153,0.0259917920656635,0.0484169587898363,0.191016965698987,0.298245614035088,0.214269363072623,0.396422571470195,0.378621457641363,7,0.621795890418485,0.751020312312641,hsa04931,Insulin resistance,SOCS3,IRS2,coherent
Traf2,Mapk8,liver,HSC_Fibroblast,2024,0.0479249011857708,0.0790513833992095,0.00741106719367589,0.0290310624245101,0.191707840554313,0.914285714285714,0,0.166161944765476,0.721792698402467,7,0.621824793505743,0.909632725938531,hsa04920,Adipocytokine signaling pathway,TRAF2,MAPK8,discordant
Gnb2,Kras,liver,Macrophage_other,214,0.663551401869159,0.233644859813084,0.214953271028037,0.0895680474786455,0.19181848314645,-0.12204748689485,0.417841789328849,0.496169007474031,0.503830992525969,4,0.621824793505743,0.802549063221569,hsa04371,Apelin signaling pathway,GNB2,KRAS,discordant
Rock2,Myl12a,liver,Monocyte,920,0.297826086956522,0.672826086956522,0.226086956521739,0.0428903299770497,0.193684069974343,0.308175043872984,6.61058753042687e-06,-0.0454704730454476,0.922886703518325,7,0.626577950081946,0.976217405419447,hsa04510,Focal adhesion,ROCK2,MYL12A,coherent
Ikbkg,Irs2,liver,cDC,731,0.0369357045143639,0.0752393980848153,0,-0.0480551688061954,0.194357953592583,,,0.352012896057776,0.438730586006939,7,0.627464257585931,0.763678274524487,hsa04920,Adipocytokine signaling pathway,IKBKG,IRS2,coherent
Pdpk1,Rps6kb2,liver,Monocyte,920,0.11195652173913,0.0728260869565217,0.0152173913043478,0.0426480462454313,0.19621566205178,0.907692307692308,0,0.544389599872288,0.206437407285121,7,0.632160931743825,0.640119154210186,hsa04910,Insulin signaling pathway,PDPK1,RPS6KB2,coherent
Kras,Pik3ca,liver,Macrophage_other,214,0.233644859813084,0.0794392523364486,0.0186915887850467,-0.0884780286238739,0.197303794894277,,,-0.427948832649078,0.572051167350922,4,0.634364045469508,0.835706034984727,hsa04211,Longevity regulating pathway,KRAS,PIK3CA,coherent
Kras,Pik3ca,liver,Macrophage_other,214,0.233644859813084,0.0794392523364486,0.0186915887850467,-0.0884780286238739,0.197303794894277,,,-0.427948832649078,0.572051167350922,4,0.634364045469508,0.835706034984727,hsa04213,Longevity regulating pathway - multiple species,KRAS,PIK3CA,coherent
Ppp1cb,Calm1,liver,HSC_Fibroblast,2024,0.266798418972332,0.758399209486166,0.226778656126482,-0.0285553552933953,0.19909231333546,0.479165073500134,1.00673698450711e-27,0.294524051325666,0.521401363976354,7,0.638061787617349,0.809978950573167,hsa04910,Insulin signaling pathway,PPP1CB,CALM1,discordant
Rock2,Ppp1r12a,liver,Monocyte,920,0.297826086956522,0.417391304347826,0.153260869565217,0.0423590191714568,0.199267224941046,0.509456740442656,1.31061410507029e-10,-0.240451023876079,0.603495062674199,7,0.638061787617349,0.852996377885326,hsa04510,Focal adhesion,ROCK2,PPP1R12A,discordant
Pdpk1,Akt2,liver,HSC_Fibroblast,2024,0.115612648221344,0.175395256916996,0.0390316205533597,0.0285043449748474,0.199896320081244,0.530793573515093,7.43637808005097e-07,0.965940395967127,0.000403721798772697,7,0.638772558467355,0.280744672159286,hsa04068,FoxO signaling pathway,PDPK1,AKT2,coherent
Pdpk1,Akt2,liver,HSC_Fibroblast,2024,0.115612648221344,0.175395256916996,0.0390316205533597,0.0285043449748474,0.199896320081244,0.530793573515093,7.43637808005097e-07,0.965940395967127,0.000403721798772697,7,0.638772558467355,0.280744672159286,hsa04152,AMPK signaling pathway,PDPK1,AKT2,coherent
Pdpk1,Akt2,liver,HSC_Fibroblast,2024,0.115612648221344,0.175395256916996,0.0390316205533597,0.0285043449748474,0.199896320081244,0.530793573515093,7.43637808005097e-07,0.965940395967127,0.000403721798772697,7,0.638772558467355,0.280744672159286,hsa04510,Focal adhesion,PDPK1,AKT2,coherent
Pdpk1,Akt2,liver,HSC_Fibroblast,2024,0.115612648221344,0.175395256916996,0.0390316205533597,0.0285043449748474,0.199896320081244,0.530793573515093,7.43637808005097e-07,0.965940395967127,0.000403721798772697,7,0.638772558467355,0.280744672159286,hsa04910,Insulin signaling pathway,PDPK1,AKT2,coherent
Pdpk1,Akt2,liver,HSC_Fibroblast,2024,0.115612648221344,0.175395256916996,0.0390316205533597,0.0285043449748474,0.199896320081244,0.530793573515093,7.43637808005097e-07,0.965940395967127,0.000403721798772697,7,0.638772558467355,0.280744672159286,hsa04931,Insulin resistance,PDPK1,AKT2,coherent
Tnfrsf1a,Tradd,liver,pDC,748,0.184491978609626,0.114973262032086,0.0213903743315508,-0.0468532455225997,0.200553250527888,0.691176470588235,0.00399876975679217,0.159943688509474,0.731930915980968,7,0.63956920747613,0.914330897431639,hsa04920,Adipocytokine signaling pathway,TNFRSF1A,TRADD,coherent
Akt1,Tsc2,liver,LSEC,745,0.153020134228188,0.0523489932885906,0.00536912751677852,-0.0469034034904852,0.200978789958372,,,0.937848224273061,0.00178843085375495,7,0.639626209826947,0.280744672159286,hsa04910,Insulin signaling pathway,AKT1,TSC2,discordant
Foxo3,Hspa8,liver,Neutrophil,572,0.0734265734265734,0.417832167832168,0.0384615384615385,0.0534113684497459,0.202121582025677,0.849802371541502,9.66791857135775e-07,0.109815564490177,0.814693385702509,7,0.641961057081554,0.94266513434162,hsa04213,Longevity regulating pathway - multiple species,FOXO3,HSPA8,discordant
Ramp1,Gnb2,liver,NK_cell,596,0.0604026845637584,0.578859060402685,0.0335570469798658,-0.0520241595200101,0.204703609856317,-0.0917293233082707,0.700101121478797,-0.174210450119459,0.70871853172423,7,0.648848411847599,0.903204058778517,hsa04081,Hormone signaling,RAMP1,GNB2,discordant
Gnb2,Plcb3,liver,LSEC,745,0.420134228187919,0.0563758389261745,0.0241610738255034,-0.0464218365516661,0.205647618794946,0.364293085655315,0.137734948345756,-0.472353411298283,0.284486930007166,7,0.649526965542129,0.692276366150936,hsa04081,Hormone signaling,GNB2,PLCB3,coherent
Gnb2,Plcb3,liver,LSEC,745,0.420134228187919,0.0563758389261745,0.0241610738255034,-0.0464218365516661,0.205647618794946,0.364293085655315,0.137734948345756,-0.472353411298283,0.284486930007166,7,0.649526965542129,0.692276366150936,hsa04371,Apelin signaling pathway,GNB2,PLCB3,coherent
Zyx,Actn1,liver,Kupffer_cell,202,0.168316831683168,0.257425742574257,0.0742574257425743,0.0894061993328494,0.205745635356557,0.728571428571429,0.00292670797361973,0.293400590515893,0.523066811595278,7,0.649526965542129,0.810962141605087,hsa04510,Focal adhesion,ZYX,ACTN1,coherent
Gnb2,Rras,liver,T_cell,2018,0.437561942517344,0.0381565906838454,0.0188305252725471,0.0281438029259208,0.206320764497666,0.402122770543823,0.012872831035869,-0.153442268323868,0.742564031224204,7,0.650034697784816,0.919524252488881,hsa04371,Apelin signaling pathway,GNB2,RRAS,coherent
Foxo3,Cryab,liver,cDC,731,0.0984952120383037,0.0259917920656635,0,-0.046738106606125,0.206881862729696,,,0.884993192408589,0.00809034357719452,7,0.650496277801389,0.372272914997024,hsa04213,Longevity regulating pathway - multiple species,FOXO3,CRYAB,coherent
Foxo3,Hspa8,liver,HSC_Fibroblast,2024,0.113142292490119,0.870553359683795,0.107707509881423,0.0280135549787819,0.207753309746663,0.0454216654649281,0.504688033459297,0.528859624605778,0.222277575507066,7,0.650914630135561,0.655635980999837,hsa04213,Longevity regulating pathway - multiple species,FOXO3,HSPA8,discordant
Foxo3,Klf2,liver,Kupffer_cell,202,0.0346534653465347,0.311881188118812,0.0247524752475248,0.0889954554837376,0.207844633332005,,,0.594562400993281,0.159139694101235,7,0.650914630135561,0.613489385859553,hsa04068,FoxO signaling pathway,FOXO3,KLF2,discordant
Foxo3,Sod1,liver,LSEC,745,0.0523489932885906,0.348993288590604,0.0281879194630873,0.0458311894368274,0.211480749275856,0.579220779220779,0.00684426596101301,0.308035180080061,0.50151562489753,7,0.659909239768357,0.801301441409598,hsa04213,Longevity regulating pathway - multiple species,FOXO3,SOD1,coherent
Vav2,Rac2,liver,pDC,748,0.18716577540107,0.957219251336898,0.184491978609626,0.0456960129272993,0.211910535280892,0.211395719983835,0.0129429516165446,-0.0250732320724269,0.957447737759077,7,0.659909239768357,0.986716184589334,hsa04510,Focal adhesion,VAV2,RAC2,coherent
Sirt1,Foxo3,liver,LSEC,745,0.0671140939597315,0.0523489932885906,0.00134228187919463,-0.0457813367850242,0.211978493845285,,,-0.0880071128147331,0.851172403848062,7,0.659909239768357,0.957634410247868,hsa04211,Longevity regulating pathway,SIRT1,FOXO3,coherent
Sirt1,Foxo3,liver,LSEC,745,0.0671140939597315,0.0523489932885906,0.00134228187919463,-0.0457813367850242,0.211978493845285,,,-0.0880071128147331,0.851172403848062,7,0.659909239768357,0.957634410247868,hsa04213,Longevity regulating pathway - multiple species,SIRT1,FOXO3,coherent
Rock1,Myl2,liver,Neutrophil,572,0.305944055944056,0.034965034965035,0.00699300699300699,-0.0520291576281028,0.2140609674915,,,-0.759189773460231,0.0477733374410404,7,0.663893969872523,0.468477290281202,hsa04510,Focal adhesion,ROCK1,MYL2,coherent
Gnb2,Hras,liver,Kupffer_cell,202,0.50990099009901,0.0940594059405941,0.0643564356435644,0.0877878883573438,0.214104747454109,0.604395604395604,0.0321195118097018,-0.0877816854161107,0.851550675108902,7,0.663893969872523,0.957634410247868,hsa04371,Apelin signaling pathway,GNB2,HRAS,coherent
Bcl2l1,Bax,liver,LSEC,745,0.115436241610738,0.242953020134228,0.0416107382550336,0.0454588554256856,0.215218665872144,0.708064516129032,1.47688887584372e-05,0.379335372077848,0.401335149598683,7,0.666031729296634,0.754844053477871,hsa04115,p53 signaling pathway,BCL2L1,BAX,discordant
Rac1,Mapk8,liver,Kupffer_cell,202,0.48019801980198,0.0396039603960396,0.0297029702970297,0.087297836755388,0.216683330455926,,,-0.571204202470654,0.180412566625732,7,0.669244380876669,0.631855080442306,hsa04510,Focal adhesion,RAC1,MAPK8,coherent
Socs3,Srebf1,liver,T_cell,2018,0.176412289395441,0.035183349851338,0.00495540138751239,-0.0274380123090215,0.217933067418929,0.842424242424242,0.00445902899690778,0.37540371951011,0.406635986301149,7,0.670362840578843,0.757580292022075,hsa04931,Insulin resistance,SOCS3,SREBF1,coherent
Prkaa2,Mlycd,liver,Cholangiocyte,636,0.124213836477987,0.150943396226415,0.0157232704402516,-0.0488595534613373,0.218509144372462,0.878787878787879,0.0019770587107552,0.478038473000243,0.277912580736613,7,0.670362840578843,0.687767885135246,hsa04152,AMPK signaling pathway,PRKAA2,MLYCD,coherent
Prkaa2,Mlycd,liver,Cholangiocyte,636,0.124213836477987,0.150943396226415,0.0157232704402516,-0.0488595534613373,0.218509144372462,0.878787878787879,0.0019770587107552,0.478038473000243,0.277912580736613,7,0.670362840578843,0.687767885135246,hsa04936,Alcoholic liver disease,PRKAA2,MLYCD,coherent
Rock2,Myl12a,liver,pDC,748,0.330213903743315,0.627005347593583,0.225935828877005,0.0449438351178592,0.219537029076739,0.26332355427378,0.000564875467808244,0.0807228811048076,0.863406631072053,7,0.670362840578843,0.961451386907063,hsa04510,Focal adhesion,ROCK2,MYL12A,coherent
Creb3,Ppargc1a,liver,Cholangiocyte,636,0.229559748427673,0.166666666666667,0.0534591194968554,0.0487275853006483,0.219756980195472,0.616501145912911,0.000142889250933486,0.707810062717597,0.0751653309471001,7,0.670362840578843,0.506654087900504,hsa04931,Insulin resistance,CREB3,PPARGC1A,discordant
Srebf1,Hk3,liver,Kupffer_cell,202,0.0544554455445545,0.168316831683168,0.00495049504950495,-0.0867088078668808,0.21981197485455,,,-0.211593629438829,0.648774509446006,7,0.670362840578843,0.873244358012789,hsa04910,Insulin signaling pathway,SREBF1,HK3,coherent
Rhoa,Pip5k1c,liver,NK_cell,596,0.778523489932886,0.0587248322147651,0.0453020134228188,-0.0503094922935953,0.220044611842164,0.0598290598290598,0.766445781039241,-0.50870747545565,0.243652554290676,7,0.670362840578843,0.674013592695898,hsa04510,Focal adhesion,RHOA,PIP5K1C,coherent
Rock1,Ppp1cb,liver,pDC,748,0.647058823529412,0.307486631016043,0.219251336898396,0.0448622405593068,0.220376007190083,0.14691571139215,0.0604841416880378,-0.161395804028142,0.72956056738412,7,0.670362840578843,0.912096040020466,hsa04510,Focal adhesion,ROCK1,PPP1CB,discordant
Rap1a,Mapk8,liver,HSC_Fibroblast,2024,0.308300395256917,0.0790513833992095,0.04199604743083,0.0272473146481359,0.220463496328033,0.266125328564868,0.013824393030077,0.738356213183679,0.0580730904751033,7,0.670362840578843,0.48099432284387,hsa04510,Focal adhesion,RAP1A,MAPK8,coherent
Traf2,Ikbkg,liver,cDC,731,0.151846785225718,0.0369357045143639,0.00820793433652531,0.045207433230362,0.222159341585309,,,-0.063264029181286,0.892814445511565,7,0.672898131584018,0.967985919628116,hsa04920,Adipocytokine signaling pathway,TRAF2,IKBKG,coherent
Socs3,Srebf1,liver,LSEC,745,0.194630872483221,0.0523489932885906,0.0161073825503356,0.0447084569937177,0.222895882560528,-0.118881118881119,0.716184326595525,0.291404913354624,0.526029697596952,7,0.672898131584018,0.811454771009496,hsa04931,Insulin resistance,SOCS3,SREBF1,coherent
Gnb2,Rras,liver,pDC,748,0.828877005347594,0.0762032085561497,0.0601604278074866,-0.0445892373878633,0.223199782014966,0.396574440052701,0.00736798621106107,0.0362048947630845,0.938576936677901,7,0.672898131584018,0.977571308315948,hsa04371,Apelin signaling pathway,GNB2,RRAS,coherent
Flt1,Pik3r2,liver,Monocyte,920,0.103260869565217,0.0358695652173913,0.00652173913043478,0.0401580683926379,0.223646296205368,,,-0.394846890090932,0.380693621186298,7,0.672898131584018,0.751696043671572,hsa04510,Focal adhesion,FLT1,PIK3R2,discordant
Kras,Araf,liver,Kupffer_cell,202,0.183168316831683,0.0841584158415842,0.0297029702970297,0.0859760407875211,0.22374882449317,,,-0.112288156853382,0.81057319629416,7,0.672898131584018,0.94266513434162,hsa04068,FoxO signaling pathway,KRAS,ARAF,discordant
Kras,Araf,liver,Kupffer_cell,202,0.183168316831683,0.0841584158415842,0.0297029702970297,0.0859760407875211,0.22374882449317,,,-0.112288156853382,0.81057319629416,7,0.672898131584018,0.94266513434162,hsa04910,Insulin signaling pathway,KRAS,ARAF,discordant
Rps6ka1,Ppp1ca,liver,cDC,731,0.380300957592339,0.856361149110807,0.344733242134063,0.0450407435496817,0.22387050649258,0.0251004405681104,0.691707716338358,0.634693224317939,0.125704723198024,7,0.672898131584018,0.573345089237501,hsa04931,Insulin resistance,RPS6KA1,PPP1CA,coherent
Mapk8,Irs1,liver,HSC_Fibroblast,2024,0.0790513833992095,0.0340909090909091,0.00691699604743083,0.0269704237024282,0.225190848366893,0.446153846153846,0.111894050319888,0.629942648692371,0.129454541338526,7,0.674397256900746,0.573397641339326,hsa04910,Insulin signaling pathway,MAPK8,IRS1,discordant
Mapk8,Irs1,liver,HSC_Fibroblast,2024,0.0790513833992095,0.0340909090909091,0.00691699604743083,0.0269704237024282,0.225190848366893,0.446153846153846,0.111894050319888,0.629942648692371,0.129454541338526,7,0.674397256900746,0.573397641339326,hsa04920,Adipocytokine signaling pathway,MAPK8,IRS1,discordant
Mapk8,Irs1,liver,HSC_Fibroblast,2024,0.0790513833992095,0.0340909090909091,0.00691699604743083,0.0269704237024282,0.225190848366893,0.446153846153846,0.111894050319888,0.629942648692371,0.129454541338526,7,0.674397256900746,0.573397641339326,hsa04931,Insulin resistance,MAPK8,IRS1,discordant
Prkce,Rras,liver,LSEC,745,0.212080536912752,0.241610738255034,0.0536912751677852,-0.0444840870618113,0.225228911801141,0.500187617260788,0.00117045651491034,-0.0702303151675077,0.881067127043988,7,0.674397256900746,0.965708620552574,hsa04371,Apelin signaling pathway,PRKCE,RRAS,coherent
Prkce,Hras,liver,HSC_Fibroblast,2024,0.0395256916996047,0.165513833992095,0.0138339920948617,0.0269411189460033,0.225695369426616,0.746031746031746,9.79072697647492e-06,0.686506179800787,0.0884917166697516,7,0.674506732629258,0.529025639397072,hsa04371,Apelin signaling pathway,PRKCE,HRAS,coherent
Rhoa,Pip5k1c,liver,Kupffer_cell,202,0.648514851485149,0.0495049504950495,0.0445544554455446,0.0852813268048709,0.227527202771986,,,0.348633263697348,0.443444920584666,7,0.677824579271745,0.766382198007776,hsa04510,Focal adhesion,RHOA,PIP5K1C,coherent
Akt2,Pde3b,liver,HSC_Fibroblast,2024,0.175395256916996,0.0281620553359684,0.0108695652173913,0.0268268959406758,0.22766956869102,0.520045172219085,0.0142610392592891,0.467582417239391,0.290057140646154,7,0.677824579271745,0.693277012103684,hsa04371,Apelin signaling pathway,AKT2,PDE3B,discordant
Akt2,Pde3b,liver,HSC_Fibroblast,2024,0.175395256916996,0.0281620553359684,0.0108695652173913,0.0268268959406758,0.22766956869102,0.520045172219085,0.0142610392592891,0.467582417239391,0.290057140646154,7,0.677824579271745,0.693277012103684,hsa04910,Insulin signaling pathway,AKT2,PDE3B,discordant
Ogt,Pik3cd,liver,Neutrophil,572,0.304195804195804,0.132867132867133,0.048951048951049,0.0503874511585831,0.228890891469427,0.531472359058566,0.00409814412188518,0.710731686425176,0.073427841009359,7,0.678764925362811,0.506654087900504,hsa04931,Insulin resistance,OGT,PIK3CD,coherent
Pik3ca,Akt2,liver,HSC_Fibroblast,2024,0.112154150197628,0.175395256916996,0.0395256916996047,0.026752647038385,0.228959443433372,0.455649320206282,2.66905768691539e-05,0.627739174371431,0.131212929903077,7,0.678764925362811,0.573462637932948,hsa04518,Integrin signaling,PIK3CA,AKT2,discordant
Pik3ca,Akt2,liver,HSC_Fibroblast,2024,0.112154150197628,0.175395256916996,0.0395256916996047,0.026752647038385,0.228959443433372,0.455649320206282,2.66905768691539e-05,0.627739174371431,0.131212929903077,7,0.678764925362811,0.573462637932948,hsa04935,"Growth hormone synthesis, secretion and action",PIK3CA,AKT2,discordant
Fas,Fadd,liver,cDC,731,0.0629274965800274,0.0574555403556772,0.00136798905608755,-0.0445193810365054,0.229283244386418,,,0.517534927648068,0.23417661195472,7,0.678764925362811,0.66794509928481,hsa04936,Alcoholic liver disease,FAS,FADD,discordant
Map2k4,Mapk13,liver,cDC,731,0.149110807113543,0.0259917920656635,0.0027359781121751,-0.044466142138878,0.229841151224864,,,0.389739857611724,0.387441281290416,7,0.679135153054258,0.751742955117762,hsa04935,"Growth hormone synthesis, secretion and action",MAP2K4,MAPK13,coherent
Gnb2,Hras,liver,cDC,731,0.917920656634747,0.288645690834473,0.281805745554036,0.0442769757227605,0.231831277011553,0.058949862485111,0.39997072478698,0.930208633982984,0.00237971114458769,7,0.683727957953247,0.280744672159286,hsa04371,Apelin signaling pathway,GNB2,HRAS,coherent
Foxo3,Hspa8,liver,B_cell,7386,0.0522610343893853,0.87408610885459,0.0475223395613323,0.0138965360665366,0.232419528776582,0.00575758574340019,0.914404662799088,0.473145300844609,0.283567047469903,7,0.684176811726937,0.692276366150936,hsa04213,Longevity regulating pathway - multiple species,FOXO3,HSPA8,discordant
Rhoa,Pip5k1a,liver,Kupffer_cell,202,0.648514851485149,0.0445544554455446,0.0297029702970297,-0.0842559769580293,0.233185935267579,,,-0.677039519355311,0.0947838991682076,7,0.684405031504593,0.538696261307664,hsa04510,Focal adhesion,RHOA,PIP5K1A,discordant
Akt1,Ppp1ca,liver,T_cell,2018,0.087215064420218,0.556987115956393,0.0564915758176412,0.0265404199646329,0.233369465809405,0.299671127239737,0.00119895546753286,-0.00584385903686946,0.990079326174812,7,0.684405031504593,0.99864030064286,hsa04910,Insulin signaling pathway,AKT1,PPP1CA,coherent
Kras,Araf,liver,LSEC,745,0.197315436241611,0.12751677852349,0.0375838926174497,0.0436168913695337,0.234409637146785,0.835249042145594,1.38837127644576e-06,0.607622716109028,0.147822752357695,7,0.685303868421717,0.591379897222918,hsa04068,FoxO signaling pathway,KRAS,ARAF,discordant
Kras,Araf,liver,LSEC,745,0.197315436241611,0.12751677852349,0.0375838926174497,0.0436168913695337,0.234409637146785,0.835249042145594,1.38837127644576e-06,0.607622716109028,0.147822752357695,7,0.685303868421717,0.591379897222918,hsa04910,Insulin signaling pathway,KRAS,ARAF,discordant
Flt1,Pik3r2,liver,Cholangiocyte,636,0.0471698113207547,0.14937106918239,0.00471698113207547,-0.0472024303893175,0.234549507547777,,,-0.0358450622879751,0.939186618455414,7,0.685303868421717,0.977571308315948,hsa04510,Focal adhesion,FLT1,PIK3R2,discordant
Mapk8,Irs2,liver,B_cell,7386,0.0602491199566748,0.448415922014622,0.0311399945843488,0.0138112461877156,0.235298776056405,0.371169725494528,6.35366130169635e-09,0.749369548746543,0.0524916213194132,7,0.68594832073478,0.48099432284387,hsa04910,Insulin signaling pathway,MAPK8,IRS2,discordant
Mapk8,Irs2,liver,B_cell,7386,0.0602491199566748,0.448415922014622,0.0311399945843488,0.0138112461877156,0.235298776056405,0.371169725494528,6.35366130169635e-09,0.749369548746543,0.0524916213194132,7,0.68594832073478,0.48099432284387,hsa04920,Adipocytokine signaling pathway,MAPK8,IRS2,discordant
Mapk8,Irs2,liver,B_cell,7386,0.0602491199566748,0.448415922014622,0.0311399945843488,0.0138112461877156,0.235298776056405,0.371169725494528,6.35366130169635e-09,0.749369548746543,0.0524916213194132,7,0.68594832073478,0.48099432284387,hsa04931,Insulin resistance,MAPK8,IRS2,discordant
Tradd,Traf2,liver,Cholangiocyte,636,0.135220125786164,0.124213836477987,0.0267295597484277,0.0470800498175271,0.235766268239403,0.632352941176471,0.00776158908545527,0.676114829120497,0.0954107099206023,7,0.68594832073478,0.538696261307664,hsa04920,Adipocytokine signaling pathway,TRADD,TRAF2,coherent
Foxo3,Hspa8,liver,LSEC,745,0.0523489932885906,0.569127516778524,0.0375838926174497,0.0434596121477917,0.2361026493179,0.0695128626163109,0.724489757189235,0.333963718482995,0.464126093584983,7,0.68594832073478,0.78050786799018,hsa04213,Longevity regulating pathway - multiple species,FOXO3,HSPA8,discordant
Ogt,Pdpk1,liver,B_cell,7386,0.290549688600054,0.0969401570538857,0.0323585161115624,0.0137689386446787,0.2367363381172,0.582012540028371,4.5700225905753e-23,0.683529240782326,0.0904458518208514,7,0.68594832073478,0.537536142071651,hsa04931,Insulin resistance,OGT,PDPK1,coherent
Foxo3,Cdkn1a,liver,B_cell,7386,0.0522610343893853,0.0361494719740049,0.00257243433522881,0.0137624895088281,0.236956016467974,0.821052631578947,1.21192167684656e-05,0.234573139269953,0.612641283095727,7,0.68594832073478,0.856515003814906,hsa04068,FoxO signaling pathway,FOXO3,CDKN1A,discordant
Prkce,Rras2,liver,LSEC,745,0.212080536912752,0.0832214765100671,0.0268456375838926,0.0431666514207075,0.23927916076824,0.810526315789474,1.46395542485086e-05,0.765137345195841,0.0450338000507047,7,0.691397796031987,0.468477290281202,hsa04371,Apelin signaling pathway,PRKCE,RRAS2,discordant
Ogt,Akt1,liver,pDC,748,0.554812834224599,0.252673796791444,0.156417112299465,0.0429914704996869,0.240244610079506,0.409409701928697,5.57282143914281e-06,0.808719129998437,0.027644850527563,7,0.692911384585928,0.421600743475285,hsa04931,Insulin resistance,OGT,AKT1,coherent
Kras,Pik3r2,liver,Kupffer_cell,202,0.183168316831683,0.0396039603960396,0,-0.0829003363672586,0.240818508699028,,,-0.258894750399088,0.575066845468971,7,0.693292183759221,0.836023318312362,hsa04211,Longevity regulating pathway,KRAS,PIK3R2,discordant
Kras,Pik3r2,liver,Kupffer_cell,202,0.183168316831683,0.0396039603960396,0,-0.0829003363672586,0.240818508699028,,,-0.258894750399088,0.575066845468971,7,0.693292183759221,0.836023318312362,hsa04213,Longevity regulating pathway - multiple species,KRAS,PIK3R2,discordant
Pik3ca,Akt2,liver,T_cell,2018,0.0921704658077304,0.0887016848364718,0.00842418235877106,-0.0260632524746109,0.241883957205306,0.931372549019608,0,-0.10530788772089,0.822213418063648,7,0.693366920696183,0.947871310023411,hsa04518,Integrin signaling,PIK3CA,AKT2,discordant
Pik3ca,Akt2,liver,T_cell,2018,0.0921704658077304,0.0887016848364718,0.00842418235877106,-0.0260632524746109,0.241883957205306,0.931372549019608,0,-0.10530788772089,0.822213418063648,7,0.693366920696183,0.947871310023411,hsa04935,"Growth hormone synthesis, secretion and action",PIK3CA,AKT2,discordant
Tnfrsf1a,Srebf1,liver,NK_cell,596,0.144295302013423,0.0503355704697987,0.0100671140939597,0.0479925453692375,0.242056573331596,,,0.311759354484662,0.496081813045829,7,0.693366920696183,0.79974168227466,hsa04936,Alcoholic liver disease,TNFRSF1A,SREBF1,coherent
Rhoa,Rock2,liver,cDC,731,0.937072503419973,0.374829001367989,0.357045143638851,-0.0433122822194191,0.242170218318361,0.157291214244519,0.0109346502951979,0.220344381003847,0.634946054225121,7,0.693366920696183,0.866370808235468,hsa04510,Focal adhesion,RHOA,ROCK2,discordant
Pdpk1,Akt2,liver,Monocyte,920,0.11195652173913,0.134782608695652,0.0217391304347826,0.0384973103473728,0.243401779026323,0.893233082706767,3.11792217195007e-07,-0.785851291036264,0.0361834312512656,7,0.695623663556104,0.457701924304456,hsa04068,FoxO signaling pathway,PDPK1,AKT2,coherent
Pdpk1,Akt2,liver,Monocyte,920,0.11195652173913,0.134782608695652,0.0217391304347826,0.0384973103473728,0.243401779026323,0.893233082706767,3.11792217195007e-07,-0.785851291036264,0.0361834312512656,7,0.695623663556104,0.457701924304456,hsa04152,AMPK signaling pathway,PDPK1,AKT2,coherent
Pdpk1,Akt2,liver,Monocyte,920,0.11195652173913,0.134782608695652,0.0217391304347826,0.0384973103473728,0.243401779026323,0.893233082706767,3.11792217195007e-07,-0.785851291036264,0.0361834312512656,7,0.695623663556104,0.457701924304456,hsa04510,Focal adhesion,PDPK1,AKT2,coherent
Pdpk1,Akt2,liver,Monocyte,920,0.11195652173913,0.134782608695652,0.0217391304347826,0.0384973103473728,0.243401779026323,0.893233082706767,3.11792217195007e-07,-0.785851291036264,0.0361834312512656,7,0.695623663556104,0.457701924304456,hsa04910,Insulin signaling pathway,PDPK1,AKT2,coherent
Pdpk1,Akt2,liver,Monocyte,920,0.11195652173913,0.134782608695652,0.0217391304347826,0.0384973103473728,0.243401779026323,0.893233082706767,3.11792217195007e-07,-0.785851291036264,0.0361834312512656,7,0.695623663556104,0.457701924304456,hsa04931,Insulin resistance,PDPK1,AKT2,coherent
Traf2,Mapk8,liver,LSEC,745,0.0295302013422819,0.0818791946308725,0.00134228187919463,-0.0427321777548122,0.244045257183238,,,0.148041132718024,0.751422503499012,7,0.696158125705381,0.922832242523124,hsa04920,Adipocytokine signaling pathway,TRAF2,MAPK8,discordant
Pik3cd,Akt2,liver,Monocyte,920,0.277173913043478,0.134782608695652,0.0532608695652174,0.0384097596531194,0.244476180537709,0.695918367346939,1.11303969096689e-07,-0.811129284706377,0.0268192396510713,7,0.696158125705381,0.421600743475285,hsa04518,Integrin signaling,PIK3CD,AKT2,coherent
Pik3cd,Akt2,liver,Monocyte,920,0.277173913043478,0.134782608695652,0.0532608695652174,0.0384097596531194,0.244476180537709,0.695918367346939,1.11303969096689e-07,-0.811129284706377,0.0268192396510713,7,0.696158125705381,0.421600743475285,hsa04935,"Growth hormone synthesis, secretion and action",PIK3CD,AKT2,coherent
Irs1,Pik3r2,liver,HSC_Fibroblast,2024,0.0340909090909091,0.0933794466403162,0.00790513833992095,0.0258395604583175,0.245248083922736,0.917647058823529,0,0.132050384722021,0.777773691380661,7,0.69709102114995,0.928168861153009,hsa04068,FoxO signaling pathway,IRS1,PIK3R2,discordant
Irs1,Pik3r2,liver,HSC_Fibroblast,2024,0.0340909090909091,0.0933794466403162,0.00790513833992095,0.0258395604583175,0.245248083922736,0.917647058823529,0,0.132050384722021,0.777773691380661,7,0.69709102114995,0.928168861153009,hsa04081,Hormone signaling,IRS1,PIK3R2,discordant
Irs1,Pik3r2,liver,HSC_Fibroblast,2024,0.0340909090909091,0.0933794466403162,0.00790513833992095,0.0258395604583175,0.245248083922736,0.917647058823529,0,0.132050384722021,0.777773691380661,7,0.69709102114995,0.928168861153009,hsa04152,AMPK signaling pathway,IRS1,PIK3R2,discordant
Irs1,Pik3r2,liver,HSC_Fibroblast,2024,0.0340909090909091,0.0933794466403162,0.00790513833992095,0.0258395604583175,0.245248083922736,0.917647058823529,0,0.132050384722021,0.777773691380661,7,0.69709102114995,0.928168861153009,hsa04211,Longevity regulating pathway,IRS1,PIK3R2,discordant
Irs1,Pik3r2,liver,HSC_Fibroblast,2024,0.0340909090909091,0.0933794466403162,0.00790513833992095,0.0258395604583175,0.245248083922736,0.917647058823529,0,0.132050384722021,0.777773691380661,7,0.69709102114995,0.928168861153009,hsa04213,Longevity regulating pathway - multiple species,IRS1,PIK3R2,discordant
Irs1,Pik3r2,liver,HSC_Fibroblast,2024,0.0340909090909091,0.0933794466403162,0.00790513833992095,0.0258395604583175,0.245248083922736,0.917647058823529,0,0.132050384722021,0.777773691380661,7,0.69709102114995,0.928168861153009,hsa04910,Insulin signaling pathway,IRS1,PIK3R2,discordant
Irs1,Pik3r2,liver,HSC_Fibroblast,2024,0.0340909090909091,0.0933794466403162,0.00790513833992095,0.0258395604583175,0.245248083922736,0.917647058823529,0,0.132050384722021,0.777773691380661,7,0.69709102114995,0.928168861153009,hsa04931,Insulin resistance,IRS1,PIK3R2,discordant
Irs1,Pik3r2,liver,HSC_Fibroblast,2024,0.0340909090909091,0.0933794466403162,0.00790513833992095,0.0258395604583175,0.245248083922736,0.917647058823529,0,0.132050384722021,0.777773691380661,7,0.69709102114995,0.928168861153009,hsa04935,"Growth hormone synthesis, secretion and action",IRS1,PIK3R2,discordant
Ppp1cb,Myl12a,liver,Cholangiocyte,636,0.378930817610063,0.805031446540881,0.339622641509434,0.0460809783707684,0.24586626856849,0.00614916548953777,0.928406128193853,0.173950045098651,0.709140667010732,7,0.697584403949296,0.903204058778517,hsa04510,Focal adhesion,PPP1CB,MYL12A,discordant
Sos1,Kras,liver,Macrophage_other,214,0.0420560747663551,0.233644859813084,0.0233644859813084,0.0795360243645602,0.246646390670415,,,0.966113312797281,0.0338866872027186,4,0.6985346335052,0.454429164282611,hsa04068,FoxO signaling pathway,SOS1,KRAS,coherent
Sos1,Kras,liver,Macrophage_other,214,0.0420560747663551,0.233644859813084,0.0233644859813084,0.0795360243645602,0.246646390670415,,,0.966113312797281,0.0338866872027186,4,0.6985346335052,0.454429164282611,hsa04910,Insulin signaling pathway,SOS1,KRAS,coherent
Sos1,Kras,liver,Macrophage_other,214,0.0420560747663551,0.233644859813084,0.0233644859813084,0.0795360243645602,0.246646390670415,,,0.966113312797281,0.0338866872027186,4,0.6985346335052,0.454429164282611,hsa04935,"Growth hormone synthesis, secretion and action",SOS1,KRAS,coherent
Akt2,Foxo3,liver,pDC,748,0.172459893048128,0.124331550802139,0.0294117647058824,0.042304186160951,0.247851168121576,0.0762281197063806,0.735640859733522,0.369131680937986,0.415148845904439,7,0.699349246053233,0.760853000388159,hsa04068,FoxO signaling pathway,AKT2,FOXO3,coherent
Akt2,Foxo3,liver,pDC,748,0.172459893048128,0.124331550802139,0.0294117647058824,0.042304186160951,0.247851168121576,0.0762281197063806,0.735640859733522,0.369131680937986,0.415148845904439,7,0.699349246053233,0.760853000388159,hsa04211,Longevity regulating pathway,AKT2,FOXO3,coherent
Akt2,Foxo3,liver,pDC,748,0.172459893048128,0.124331550802139,0.0294117647058824,0.042304186160951,0.247851168121576,0.0762281197063806,0.735640859733522,0.369131680937986,0.415148845904439,7,0.699349246053233,0.760853000388159,hsa04213,Longevity regulating pathway - multiple species,AKT2,FOXO3,coherent
Pdpk1,Rps6kb2,liver,B_cell,7386,0.0969401570538857,0.0460330354725156,0.00392634714324398,-0.0134450727871276,0.247946738867068,0.688177339901478,5.75337814295694e-05,-0.13399917171182,0.774552754899554,7,0.699349246053233,0.928168861153009,hsa04910,Insulin signaling pathway,PDPK1,RPS6KB2,coherent
Flt1,Shc1,liver,LSEC,745,0.742281879194631,0.0738255033557047,0.0657718120805369,0.0422743599738102,0.249139008097236,-0.0443888874860634,0.76200407149924,-0.195166883858544,0.67494830381162,7,0.699349246053233,0.886282491923547,hsa04510,Focal adhesion,FLT1,SHC1,discordant
Rapgef1,Rap1a,liver,pDC,748,0.29144385026738,0.882352941176471,0.266042780748663,0.0421774219945893,0.249272312613858,0.0345272339382374,0.628284652146031,-0.0540364968010796,0.908398665990123,7,0.699349246053233,0.969935393296569,hsa04510,Focal adhesion,RAPGEF1,RAP1A,discordant
Prmt1,Foxo3,liver,Kupffer_cell,202,0.113861386138614,0.0346534653465347,0.0198019801980198,0.0813572712474971,0.249716837471849,,,0.712685502889163,0.0722780340814845,7,0.699349246053233,0.506654087900504,hsa04068,FoxO signaling pathway,PRMT1,FOXO3,discordant
Pdpk1,Akt2,liver,NK_cell,596,0.167785234899329,0.12248322147651,0.0268456375838926,0.0471734707143978,0.250195895745856,0.938235294117647,0,0.407601273497672,0.364053453655424,7,0.699349246053233,0.736405008417742,hsa04068,FoxO signaling pathway,PDPK1,AKT2,coherent
Pdpk1,Akt2,liver,NK_cell,596,0.167785234899329,0.12248322147651,0.0268456375838926,0.0471734707143978,0.250195895745856,0.938235294117647,0,0.407601273497672,0.364053453655424,7,0.699349246053233,0.736405008417742,hsa04152,AMPK signaling pathway,PDPK1,AKT2,coherent
Pdpk1,Akt2,liver,NK_cell,596,0.167785234899329,0.12248322147651,0.0268456375838926,0.0471734707143978,0.250195895745856,0.938235294117647,0,0.407601273497672,0.364053453655424,7,0.699349246053233,0.736405008417742,hsa04510,Focal adhesion,PDPK1,AKT2,coherent
Pdpk1,Akt2,liver,NK_cell,596,0.167785234899329,0.12248322147651,0.0268456375838926,0.0471734707143978,0.250195895745856,0.938235294117647,0,0.407601273497672,0.364053453655424,7,0.699349246053233,0.736405008417742,hsa04910,Insulin signaling pathway,PDPK1,AKT2,coherent
Pdpk1,Akt2,liver,NK_cell,596,0.167785234899329,0.12248322147651,0.0268456375838926,0.0471734707143978,0.250195895745856,0.938235294117647,0,0.407601273497672,0.364053453655424,7,0.699349246053233,0.736405008417742,hsa04931,Insulin resistance,PDPK1,AKT2,coherent
Akt1,Tsc2,liver,NK_cell,596,0.13255033557047,0.0419463087248322,0.00503355704697987,-0.0471567055606363,0.250364462362846,,,-0.525064545855167,0.226232655656442,7,0.699349246053233,0.661003792783907,hsa04910,Insulin signaling pathway,AKT1,TSC2,discordant
Map2k7,Mapk8,liver,LSEC,745,0.0832214765100671,0.0818791946308725,0.00402684563758389,-0.0421531572640108,0.250499857413586,,,-0.233958000728438,0.613600798513233,7,0.699349246053233,0.856529940273365,hsa04936,Alcoholic liver disease,MAP2K7,MAPK8,discordant
Akt2,Ppp1ca,liver,Monocyte,920,0.134782608695652,0.768478260869565,0.119565217391304,0.0377888322968024,0.252191461385636,0.152302594504429,0.112123381805488,-0.335748820452411,0.461590750566585,7,0.702044337588673,0.778504703152447,hsa04910,Insulin signaling pathway,AKT2,PPP1CA,coherent
Vav2,Rac1,liver,Cholangiocyte,636,0.0786163522012579,0.577044025157233,0.0628930817610063,0.0454521561483658,0.252376366178338,0.401500938086304,0.0107208300721639,0.552828582173764,0.198064472650813,7,0.702044337588673,0.638796882889068,hsa04510,Focal adhesion,VAV2,RAC1,discordant
Ppp1cb,Calm1,liver,NK_cell,596,0.23489932885906,0.904362416107383,0.211409395973154,-0.0468090471556712,0.253877860239304,0.0614053243344582,0.494068291075959,0.444027529876593,0.318253204773425,7,0.702044337588673,0.714165545772599,hsa04910,Insulin signaling pathway,PPP1CB,CALM1,discordant
Pik3r2,Akt2,liver,cDC,731,0.0738714090287278,0.186046511627907,0.0232558139534884,0.0422435392506031,0.253997407856203,0.86764705882353,0,0.122438711398892,0.793696105462109,7,0.702044337588673,0.93773282339612,hsa04518,Integrin signaling,PIK3R2,AKT2,coherent
Pik3r2,Akt2,liver,cDC,731,0.0738714090287278,0.186046511627907,0.0232558139534884,0.0422435392506031,0.253997407856203,0.86764705882353,0,0.122438711398892,0.793696105462109,7,0.702044337588673,0.93773282339612,hsa04935,"Growth hormone synthesis, secretion and action",PIK3R2,AKT2,coherent
Stat3,Socs3,liver,T_cell,2018,0.264618434093162,0.176412289395441,0.05599603567889,0.0253969800707086,0.254134640936667,0.52600301502427,2.19102969077373e-09,0.610108119466212,0.145716480545297,7,0.702044337588673,0.589250407153535,hsa04920,Adipocytokine signaling pathway,STAT3,SOCS3,coherent
Stat3,Socs3,liver,T_cell,2018,0.264618434093162,0.176412289395441,0.05599603567889,0.0253969800707086,0.254134640936667,0.52600301502427,2.19102969077373e-09,0.610108119466212,0.145716480545297,7,0.702044337588673,0.589250407153535,hsa04931,Insulin resistance,STAT3,SOCS3,coherent
Stat3,Socs3,liver,T_cell,2018,0.264618434093162,0.176412289395441,0.05599603567889,0.0253969800707086,0.254134640936667,0.52600301502427,2.19102969077373e-09,0.610108119466212,0.145716480545297,7,0.702044337588673,0.589250407153535,hsa04935,"Growth hormone synthesis, secretion and action",STAT3,SOCS3,coherent
Rhoa,Diaph1,liver,pDC,748,0.937165775401069,0.601604278074866,0.572192513368984,-0.0416821239913257,0.254879515626538,0.030193665431103,0.533306426586899,-0.291349839543455,0.526111543372294,7,0.702044337588673,0.811454771009496,hsa04510,Focal adhesion,RHOA,DIAPH1,discordant
Mapk8,Foxo3,liver,cDC,731,0.0998632010943912,0.0984952120383037,0.012311901504788,0.0421498424071949,0.255053104792977,,,-0.406718079457263,0.365195875819133,7,0.702044337588673,0.737441865071068,hsa04068,FoxO signaling pathway,MAPK8,FOXO3,coherent
Akt2,Foxo3,liver,LSEC,745,0.0348993288590604,0.0523489932885906,0,-0.0417333003635363,0.255253970421705,,,0.464212303047241,0.294020699703575,7,0.702044337588673,0.693321482836649,hsa04068,FoxO signaling pathway,AKT2,FOXO3,coherent
Akt2,Foxo3,liver,LSEC,745,0.0348993288590604,0.0523489932885906,0,-0.0417333003635363,0.255253970421705,,,0.464212303047241,0.294020699703575,7,0.702044337588673,0.693321482836649,hsa04211,Longevity regulating pathway,AKT2,FOXO3,coherent
Akt2,Foxo3,liver,LSEC,745,0.0348993288590604,0.0523489932885906,0,-0.0417333003635363,0.255253970421705,,,0.464212303047241,0.294020699703575,7,0.702044337588673,0.693321482836649,hsa04213,Longevity regulating pathway - multiple species,AKT2,FOXO3,coherent
Akt2,Ppp1cb,liver,B_cell,7386,0.0603845112374763,0.196994313566206,0.0124559978337395,-0.0132248244585343,0.255779539317733,0.671102874035444,2.4779066961603e-13,0.566238580725616,0.185103692229323,7,0.702044337588673,0.631855080442306,hsa04910,Insulin signaling pathway,AKT2,PPP1CB,discordant
Pik3ca,Akt2,liver,Macrophage_other,214,0.0794392523364486,0.0794392523364486,0.00934579439252336,0.0779965718927629,0.255939682027228,,,0.202230500407261,0.797769499592739,4,0.702044337588673,0.939190478991505,hsa04518,Integrin signaling,PIK3CA,AKT2,discordant
Pik3ca,Akt2,liver,Macrophage_other,214,0.0794392523364486,0.0794392523364486,0.00934579439252336,0.0779965718927629,0.255939682027228,,,0.202230500407261,0.797769499592739,4,0.702044337588673,0.939190478991505,hsa04935,"Growth hormone synthesis, secretion and action",PIK3CA,AKT2,discordant
Gnb2,Prkce,liver,Cholangiocyte,636,0.75314465408805,0.0770440251572327,0.0676100628930818,0.0449245577825655,0.257930226139497,0.0178193899124132,0.909685138818131,0.706625876310504,0.0758757572206539,7,0.705707031607157,0.508756679825667,hsa04371,Apelin signaling pathway,GNB2,PRKCE,coherent
Foxo3,Plk3,liver,Cholangiocyte,636,0.256289308176101,0.080188679245283,0.0361635220125786,0.0448606942999093,0.258608190028486,0.262845849802372,0.224704381741743,0.376058059995539,0.405751867499222,7,0.705707031607157,0.756985350899263,hsa04068,FoxO signaling pathway,FOXO3,PLK3,discordant
Hras,Pik3ca,liver,pDC,748,0.264705882352941,0.132352941176471,0.0414438502673797,0.0413244523453683,0.258982712910037,0.645161290322581,0.000127670998718883,0.0290650788844525,0.950678428661417,7,0.705707031607157,0.982216148887529,hsa04211,Longevity regulating pathway,HRAS,PIK3CA,discordant
Hras,Pik3ca,liver,pDC,748,0.264705882352941,0.132352941176471,0.0414438502673797,0.0413244523453683,0.258982712910037,0.645161290322581,0.000127670998718883,0.0290650788844525,0.950678428661417,7,0.705707031607157,0.982216148887529,hsa04213,Longevity regulating pathway - multiple species,HRAS,PIK3CA,discordant
Hras,Pik3ca,liver,pDC,748,0.264705882352941,0.132352941176471,0.0414438502673797,0.0413244523453683,0.258982712910037,0.645161290322581,0.000127670998718883,0.0290650788844525,0.950678428661417,7,0.705707031607157,0.982216148887529,hsa04510,Focal adhesion,HRAS,PIK3CA,discordant
Sgk1,Foxo3,liver,NK_cell,596,0.105704697986577,0.102348993288591,0.00838926174496644,-0.0463009377977293,0.259074091909319,,,0.170063671510538,0.715447740929592,7,0.705707031607157,0.906002829312777,hsa04068,FoxO signaling pathway,SGK1,FOXO3,coherent
Akt1,Pde3b,liver,T_cell,2018,0.087215064420218,0.249752229930624,0.0272547076313181,0.0251031652669319,0.259671805136873,0.655194805194805,1.48010984791867e-07,0.301728757647058,0.510764192033034,7,0.705820953119297,0.804252213930337,hsa04371,Apelin signaling pathway,AKT1,PDE3B,discordant
Akt1,Pde3b,liver,T_cell,2018,0.087215064420218,0.249752229930624,0.0272547076313181,0.0251031652669319,0.259671805136873,0.655194805194805,1.48010984791867e-07,0.301728757647058,0.510764192033034,7,0.705820953119297,0.804252213930337,hsa04910,Insulin signaling pathway,AKT1,PDE3B,discordant
Tnfrsf1a,Srebf1,liver,Kupffer_cell,202,0.158415841584158,0.0544554455445545,0.0247524752475248,0.0795554789555755,0.260392577833046,,,0.483480494430721,0.271684026015517,7,0.705820953119297,0.685325139579335,hsa04936,Alcoholic liver disease,TNFRSF1A,SREBF1,coherent
Foxo3,Cdkn1b,liver,HSC_Fibroblast,2024,0.113142292490119,0.238636363636364,0.0513833992094862,0.0249589763285222,0.261710366127752,0.324950189242032,0.000763701021611187,0.687514673953173,0.0878348251074679,7,0.705820953119297,0.529025639397072,hsa04068,FoxO signaling pathway,FOXO3,CDKN1B,coherent
Pik3ca,Akt1,liver,pDC,748,0.132352941176471,0.252673796791444,0.0320855614973262,-0.0410439904782438,0.262231948065832,0.339130434782609,0.105376931407621,-0.670407438890785,0.0993275212408335,7,0.705820953119297,0.540699031691291,hsa04518,Integrin signaling,PIK3CA,AKT1,discordant
Pik3ca,Akt1,liver,pDC,748,0.132352941176471,0.252673796791444,0.0320855614973262,-0.0410439904782438,0.262231948065832,0.339130434782609,0.105376931407621,-0.670407438890785,0.0993275212408335,7,0.705820953119297,0.540699031691291,hsa04935,"Growth hormone synthesis, secretion and action",PIK3CA,AKT1,discordant
Rock2,Ppp1r12a,liver,LSEC,745,0.38255033557047,0.284563758389262,0.128859060402685,0.0411227073746497,0.262278939244668,0.351956917632087,0.000437267423581673,0.501135857678886,0.251918956117846,7,0.705820953119297,0.680311260153012,hsa04510,Focal adhesion,ROCK2,PPP1R12A,discordant
Crk,Rapgef1,liver,Macrophage_other,214,0.158878504672897,0.0654205607476636,0.00467289719626168,-0.076900033672298,0.262704746233159,,,0.804821897158923,0.195178102841077,4,0.705820953119297,0.638796882889068,hsa04510,Focal adhesion,CRK,RAPGEF1,coherent
Crk,Rapgef1,liver,T_cell,2018,0.105550049554014,0.105054509415263,0.0158572844400396,0.0249438651020975,0.262708587229291,0.902859237536657,4.5634945307626e-08,0.446024216179923,0.315818865920797,7,0.705820953119297,0.710932282108652,hsa04510,Focal adhesion,CRK,RAPGEF1,coherent
Nr1h2,Srebf1,liver,HSC_Fibroblast,2024,0.126482213438735,0.0637351778656127,0.0187747035573123,0.0249065099400945,0.262714746094117,0.708064339643287,1.69564293762453e-06,-0.126989329444581,0.786150289002416,7,0.705820953119297,0.934446820791509,hsa04931,Insulin resistance,NR1H2,SREBF1,coherent
Ogt,Akt2,liver,NK_cell,596,0.37248322147651,0.12248322147651,0.0620805369127517,0.0458908605944709,0.263321034174343,0.479046886029124,0.0027030028500544,-0.361741193941577,0.425267877360724,7,0.706240517298365,0.760853000388159,hsa04931,Insulin resistance,OGT,AKT2,coherent
Vegfb,Flt1,liver,LSEC,745,0.0348993288590604,0.742281879194631,0.0308724832214765,0.040774270280647,0.266346955931249,0.0227272727272727,0.919090998043964,-0.070887190657003,0.879960297962472,7,0.711078469437511,0.965708620552574,hsa04510,Focal adhesion,VEGFB,FLT1,discordant
Vegfb,Flt1,liver,LSEC,745,0.0348993288590604,0.742281879194631,0.0308724832214765,0.040774270280647,0.266346955931249,0.0227272727272727,0.919090998043964,-0.070887190657003,0.879960297962472,7,0.711078469437511,0.965708620552574,hsa04518,Integrin signaling,VEGFB,FLT1,discordant
Foxo3,Sod1,liver,pDC,748,0.124331550802139,0.470588235294118,0.0695187165775401,0.0406871048711412,0.266407057641728,0.412703833347562,0.00255188733820551,0.339451837407274,0.456347826881994,7,0.711078469437511,0.777366169519527,hsa04213,Longevity regulating pathway - multiple species,FOXO3,SOD1,coherent
Ppp1ca,Pygb,liver,cDC,731,0.856361149110807,0.0902872777017784,0.0807113543091655,0.0411050870910131,0.267030941623532,0.0628872004675628,0.635250595921385,-0.718144898166397,0.0691167393632896,7,0.711078469437511,0.506654087900504,hsa04931,Insulin resistance,PPP1CA,PYGB,discordant
Kras,Pik3ca,liver,pDC,748,0.550802139037433,0.132352941176471,0.0882352941176471,0.0405787245749009,0.267683957682596,0.265403041482377,0.0312610150819151,-0.494694572815128,0.259051029336171,7,0.711078469437511,0.680374486199904,hsa04211,Longevity regulating pathway,KRAS,PIK3CA,coherent
Kras,Pik3ca,liver,pDC,748,0.550802139037433,0.132352941176471,0.0882352941176471,0.0405787245749009,0.267683957682596,0.265403041482377,0.0312610150819151,-0.494694572815128,0.259051029336171,7,0.711078469437511,0.680374486199904,hsa04213,Longevity regulating pathway - multiple species,KRAS,PIK3CA,coherent
Ppp1r12a,Myl12a,liver,Monocyte,920,0.417391304347826,0.672826086956522,0.319565217391304,0.0365787520796877,0.267710255058738,0.270353508618251,2.55448479102632e-06,-0.069485804754691,0.882321806209358,7,0.711078469437511,0.965708620552574,hsa04510,Focal adhesion,PPP1R12A,MYL12A,discordant
Tradd,Traf2,liver,cDC,731,0.138166894664843,0.151846785225718,0.0328317373461012,0.0410277660056413,0.26793250174408,0.553913043478261,0.00567885183229419,-0.22057453440563,0.634583469631426,7,0.711078469437511,0.866370808235468,hsa04920,Adipocytokine signaling pathway,TRADD,TRAF2,coherent
Gnb2,Kras,liver,Neutrophil,572,0.524475524475525,0.531468531468532,0.298951048951049,0.0463452100508966,0.268472877645241,0.233632831836219,0.0021021054016175,0.264731946086091,0.566158578451145,7,0.711078469437511,0.834239373623674,hsa04371,Apelin signaling pathway,GNB2,KRAS,discordant
Kras,Pik3ca,liver,cDC,731,0.510259917920657,0.143638850889193,0.079343365253078,-0.0409577658386655,0.268750498646555,0.326709526592636,0.0126440279003377,0.922883699310727,0.00304184794563918,7,0.711078469437511,0.280744672159286,hsa04211,Longevity regulating pathway,KRAS,PIK3CA,coherent
Kras,Pik3ca,liver,cDC,731,0.510259917920657,0.143638850889193,0.079343365253078,-0.0409577658386655,0.268750498646555,0.326709526592636,0.0126440279003377,0.922883699310727,0.00304184794563918,7,0.711078469437511,0.280744672159286,hsa04213,Longevity regulating pathway - multiple species,KRAS,PIK3CA,coherent
Ppp1r12a,Myl12a,liver,pDC,748,0.398395721925134,0.627005347593583,0.280748663101604,0.0404471392359906,0.269239886129556,0.229341348208117,0.000812863587841751,0.525556640322035,0.225717961703642,7,0.711174042655343,0.660730376703385,hsa04510,Focal adhesion,PPP1R12A,MYL12A,discordant
Kras,Pik3cd,liver,B_cell,7386,0.53479555916599,0.122664500406174,0.0676956404007582,-0.0128256178794831,0.270411254453002,0.255876196415214,6.46951433361093e-09,0.740323013822266,0.0570537989209663,7,0.712643769171596,0.48099432284387,hsa04211,Longevity regulating pathway,KRAS,PIK3CD,discordant
Kras,Pik3cd,liver,B_cell,7386,0.53479555916599,0.122664500406174,0.0676956404007582,-0.0128256178794831,0.270411254453002,0.255876196415214,6.46951433361093e-09,0.740323013822266,0.0570537989209663,7,0.712643769171596,0.48099432284387,hsa04213,Longevity regulating pathway - multiple species,KRAS,PIK3CD,discordant
Rap1a,Mapk8,liver,B_cell,7386,0.316409423233144,0.0602491199566748,0.0220687787706472,0.0128065589008038,0.271123871474112,0.482013027904419,7.28864187348054e-11,0.610282346113952,0.145569401108336,7,0.712643769171596,0.589250407153535,hsa04510,Focal adhesion,RAP1A,MAPK8,coherent
Ppp1ca,Myl12a,liver,Kupffer_cell,202,0.341584158415842,0.475247524752475,0.173267326732673,-0.0777890706191273,0.271158910258409,0.447619047619048,0.00751363571391801,0.101583228548945,0.828435360755007,7,0.712643769171596,0.950765924586413,hsa04510,Focal adhesion,PPP1CA,MYL12A,coherent
Gnb2,Rras,liver,Monocyte,920,0.815217391304348,0.439130434782609,0.379347826086957,0.0362756488585919,0.271697942104253,0.149411742703203,0.00515884427759271,0.417927406633296,0.350806858981761,7,0.71282479155155,0.736405008417742,hsa04371,Apelin signaling pathway,GNB2,RRAS,coherent
Gnb2,Rras,liver,Macrophage_other,214,0.663551401869159,0.186915887850467,0.14018691588785,-0.0753390102044838,0.272545283434552,0.150166852057842,0.426694835791019,-0.943726379736471,0.0562736202635286,4,0.71282479155155,0.48099432284387,hsa04371,Apelin signaling pathway,GNB2,RRAS,coherent
Rps6ka1,Ppp1ca,liver,Cholangiocyte,636,0.124213836477987,0.709119496855346,0.106918238993711,0.0435459850226556,0.272839115689112,0.127380997824178,0.299834156469088,0.240124616840229,0.604001896641553,7,0.71282479155155,0.852996377885326,hsa04931,Insulin resistance,RPS6KA1,PPP1CA,coherent
Ptprf,Irs2,liver,Cholangiocyte,636,0.605345911949686,0.161949685534591,0.113207547169811,-0.043527307962001,0.273045060371244,0.0649237893112097,0.587161389809202,0.278646374535667,0.545103813466719,7,0.71282479155155,0.823957498390446,hsa04910,Insulin signaling pathway,PTPRF,IRS2,coherent
Usp7,Foxo3,liver,pDC,748,0.359625668449198,0.124331550802139,0.0508021390374332,0.039960790655802,0.275044401882646,0.505635189845716,0.00138631210378672,0.633657586461122,0.126517392950596,7,0.715596679248487,0.573397641339326,hsa04068,FoxO signaling pathway,USP7,FOXO3,coherent
Hras,Araf,liver,HSC_Fibroblast,2024,0.165513833992095,0.101284584980237,0.0301383399209486,0.0242663254815524,0.275184342958644,0.790111052353252,0,0.506950183253668,0.245559748898106,7,0.715596679248487,0.674013592695898,hsa04068,FoxO signaling pathway,HRAS,ARAF,coherent
Hras,Araf,liver,HSC_Fibroblast,2024,0.165513833992095,0.101284584980237,0.0301383399209486,0.0242663254815524,0.275184342958644,0.790111052353252,0,0.506950183253668,0.245559748898106,7,0.715596679248487,0.674013592695898,hsa04910,Insulin signaling pathway,HRAS,ARAF,coherent
Ogt,Pik3cd,liver,Macrophage_other,214,0.196261682242991,0.154205607476636,0.0373831775700935,0.0748717698640262,0.275538799164561,,,0.48815786719299,0.51184213280701,4,0.715596679248487,0.804252213930337,hsa04931,Insulin resistance,OGT,PIK3CD,coherent
Rhoa,Rock1,liver,NK_cell,596,0.778523489932886,0.506711409395973,0.414429530201342,0.0446776553022269,0.276165091529108,0.307163752527881,8.54515536574505e-07,0.230063225882954,0.619686139127739,7,0.715596679248487,0.858401614284048,hsa04510,Focal adhesion,RHOA,ROCK1,discordant
Sos2,Kras,liver,Monocyte,920,0.0869565217391304,0.482608695652174,0.0402173913043478,-0.0359230814832971,0.276387245139951,0.310573731626363,0.0617916999918188,0.637847127722226,0.123246349823439,7,0.715596679248487,0.572290774997326,hsa04068,FoxO signaling pathway,SOS2,KRAS,coherent
Sos2,Kras,liver,Monocyte,920,0.0869565217391304,0.482608695652174,0.0402173913043478,-0.0359230814832971,0.276387245139951,0.310573731626363,0.0617916999918188,0.637847127722226,0.123246349823439,7,0.715596679248487,0.572290774997326,hsa04910,Insulin signaling pathway,SOS2,KRAS,coherent
Sos2,Kras,liver,Monocyte,920,0.0869565217391304,0.482608695652174,0.0402173913043478,-0.0359230814832971,0.276387245139951,0.310573731626363,0.0617916999918188,0.637847127722226,0.123246349823439,7,0.715596679248487,0.572290774997326,hsa04935,"Growth hormone synthesis, secretion and action",SOS2,KRAS,coherent
Srebf1,Irs2,liver,pDC,748,0.116310160427807,0.224598930481283,0.0213903743315508,-0.0396761967742176,0.278480257505564,0.461764705882353,0.0737682451497177,-0.309275878615684,0.499703054847884,7,0.718724367683525,0.801301441409598,hsa04931,Insulin resistance,SREBF1,IRS2,coherent
Flt1,Pik3r2,liver,HSC_Fibroblast,2024,0.0459486166007905,0.0933794466403162,0.00395256916996047,-0.024070511941938,0.27907776483667,,,-0.229813113960885,0.620077517263857,7,0.718724367683525,0.858401614284048,hsa04510,Focal adhesion,FLT1,PIK3R2,discordant
Vipr2,Gnai3,liver,HSC_Fibroblast,2024,0.0316205533596838,0.237648221343874,0.0158102766798419,0.0240617041993747,0.279253767403721,0.362536656891496,0.0421378605686073,0.338279035988723,0.458005937318975,7,0.718724367683525,0.777366169519527,hsa04081,Hormone signaling,VIPR2,GNAI3,coherent
Ogt,Akt2,liver,T_cell,2018,0.353320118929633,0.0887016848364718,0.033201189296333,-0.0240601030302305,0.280000432761672,0.612690811134391,3.57814633160825e-08,0.117421381283057,0.802030658239344,7,0.718724367683525,0.94002283818607,hsa04931,Insulin resistance,OGT,AKT2,coherent
Stk11,Foxo3,liver,B_cell,7386,0.155699972921744,0.0522610343893853,0.00758191172488492,-0.0125672115536169,0.280182644944938,0.692071086807929,1.0597721106284e-08,0.378409863742914,0.402580485126946,7,0.718724367683525,0.754844053477871,hsa04068,FoxO signaling pathway,STK11,FOXO3,discordant
Akt2,Tsc2,liver,HSC_Fibroblast,2024,0.175395256916996,0.0612648221343874,0.0222332015810277,0.0240072427096204,0.280343730415753,0.590862676956792,1.92750239844148e-05,0.740976256717405,0.0567174260972393,7,0.718724367683525,0.48099432284387,hsa04910,Insulin signaling pathway,AKT2,TSC2,discordant
Rock1,Myl12a,liver,Cholangiocyte,636,0.525157232704403,0.805031446540881,0.473270440251572,0.0427589818500173,0.28160909876636,-0.037440116802762,0.517576295779274,0.702643002117581,0.0782913965474758,7,0.720790662258433,0.511830004929123,hsa04510,Focal adhesion,ROCK1,MYL12A,coherent
Rock1,Ppp1ca,liver,Monocyte,920,0.508695652173913,0.768478260869565,0.422826086956522,0.0354344081308803,0.282977437621949,0.148282519380997,0.00337439649466827,0.399187231828936,0.374996809091262,7,0.723113354444362,0.747264531488988,hsa04510,Focal adhesion,ROCK1,PPP1CA,coherent
Rac1,Mapk8,liver,B_cell,7386,0.246682913620363,0.0602491199566748,0.0154346060113729,-0.0124694322993939,0.28394186618862,0.784934194940118,4.94340175243562e-25,0.609143782123354,0.146531910505577,7,0.72352894147904,0.589509147649362,hsa04510,Focal adhesion,RAC1,MAPK8,coherent
Gnb2,Plcb3,liver,Macrophage_other,214,0.663551401869159,0.0560747663551402,0.0514018691588785,0.0735513423882326,0.284118592917774,0.0545454545454545,0.881472363014635,-0.771919754882414,0.228080245117586,4,0.72352894147904,0.663373901621538,hsa04081,Hormone signaling,GNB2,PLCB3,coherent
Gnb2,Plcb3,liver,Macrophage_other,214,0.663551401869159,0.0560747663551402,0.0514018691588785,0.0735513423882326,0.284118592917774,0.0545454545454545,0.881472363014635,-0.771919754882414,0.228080245117586,4,0.72352894147904,0.663373901621538,hsa04371,Apelin signaling pathway,GNB2,PLCB3,coherent
Kras,Pik3r2,liver,Cholangiocyte,636,0.238993710691824,0.14937106918239,0.0455974842767296,-0.0424708521078819,0.284867078085329,0.457142857142857,0.0134402499623538,-0.0516560017682551,0.912422999674552,7,0.72352894147904,0.970570634908049,hsa04211,Longevity regulating pathway,KRAS,PIK3R2,discordant
Kras,Pik3r2,liver,Cholangiocyte,636,0.238993710691824,0.14937106918239,0.0455974842767296,-0.0424708521078819,0.284867078085329,0.457142857142857,0.0134402499623538,-0.0516560017682551,0.912422999674552,7,0.72352894147904,0.970570634908049,hsa04213,Longevity regulating pathway - multiple species,KRAS,PIK3R2,discordant
Srebf1,Hk3,liver,Macrophage_other,214,0.0794392523364486,0.0841121495327103,0,-0.0734195596855546,0.284984630869373,,,-0.363888354947573,0.636111645052427,4,0.72352894147904,0.866370808235468,hsa04910,Insulin signaling pathway,SREBF1,HK3,coherent
Rac1,Mapk8,liver,pDC,748,0.545454545454545,0.0855614973262032,0.0481283422459893,-0.0388873161091829,0.288156161207256,0.60978120978121,0.000109381762053144,-0.636858124087869,0.124014572019816,7,0.730399058051996,0.572290774997326,hsa04510,Focal adhesion,RAC1,MAPK8,coherent
Ikbkg,Irs2,liver,pDC,748,0.0748663101604278,0.224598930481283,0.0147058823529412,-0.0388014514360219,0.289222812402976,0.563636363636364,0.0759390758518603,-0.0399829647430791,0.932177053394019,7,0.731920310742369,0.977571308315948,hsa04920,Adipocytokine signaling pathway,IKBKG,IRS2,coherent
Akt1,Pde3b,liver,cDC,731,0.422708618331053,0.0711354309165527,0.0478796169630643,0.0391490064903712,0.290481466578654,0.435854341736695,0.00941228949271136,0.58872648768078,0.164331078219178,7,0.73392177304655,0.618310459774317,hsa04371,Apelin signaling pathway,AKT1,PDE3B,discordant
Akt1,Pde3b,liver,cDC,731,0.422708618331053,0.0711354309165527,0.0478796169630643,0.0391490064903712,0.290481466578654,0.435854341736695,0.00941228949271136,0.58872648768078,0.164331078219178,7,0.73392177304655,0.618310459774317,hsa04910,Insulin signaling pathway,AKT1,PDE3B,discordant
Akt2,Ppp1cb,liver,pDC,748,0.172459893048128,0.307486631016043,0.0548128342245989,-0.0386591424548524,0.29099647991418,0.454288079179993,0.0028483422722511,0.819204490552717,0.0241550980151818,7,0.734040959783517,0.421600743475285,hsa04910,Insulin signaling pathway,AKT2,PPP1CB,discordant
Ppp1ca,Calm1,liver,Macrophage_other,214,0.509345794392523,0.827102803738318,0.448598130841121,0.0724178956342028,0.29162519453411,0.0122897449810092,0.905272390446202,0.520240189966132,0.479759810033868,4,0.734177240131442,0.790488369106792,hsa04910,Insulin signaling pathway,PPP1CA,CALM1,coherent
Irs2,Pik3ca,liver,Macrophage_other,214,0.163551401869159,0.0794392523364486,0.0186915887850467,0.0722840937186547,0.292519993806466,,,0.368296175025655,0.631703824974345,4,0.734177240131442,0.866370808235468,hsa04068,FoxO signaling pathway,IRS2,PIK3CA,coherent
Irs2,Pik3ca,liver,Macrophage_other,214,0.163551401869159,0.0794392523364486,0.0186915887850467,0.0722840937186547,0.292519993806466,,,0.368296175025655,0.631703824974345,4,0.734177240131442,0.866370808235468,hsa04081,Hormone signaling,IRS2,PIK3CA,coherent
Irs2,Pik3ca,liver,Macrophage_other,214,0.163551401869159,0.0794392523364486,0.0186915887850467,0.0722840937186547,0.292519993806466,,,0.368296175025655,0.631703824974345,4,0.734177240131442,0.866370808235468,hsa04152,AMPK signaling pathway,IRS2,PIK3CA,coherent
Irs2,Pik3ca,liver,Macrophage_other,214,0.163551401869159,0.0794392523364486,0.0186915887850467,0.0722840937186547,0.292519993806466,,,0.368296175025655,0.631703824974345,4,0.734177240131442,0.866370808235468,hsa04211,Longevity regulating pathway,IRS2,PIK3CA,coherent
Irs2,Pik3ca,liver,Macrophage_other,214,0.163551401869159,0.0794392523364486,0.0186915887850467,0.0722840937186547,0.292519993806466,,,0.368296175025655,0.631703824974345,4,0.734177240131442,0.866370808235468,hsa04213,Longevity regulating pathway - multiple species,IRS2,PIK3CA,coherent
Irs2,Pik3ca,liver,Macrophage_other,214,0.163551401869159,0.0794392523364486,0.0186915887850467,0.0722840937186547,0.292519993806466,,,0.368296175025655,0.631703824974345,4,0.734177240131442,0.866370808235468,hsa04910,Insulin signaling pathway,IRS2,PIK3CA,coherent
Irs2,Pik3ca,liver,Macrophage_other,214,0.163551401869159,0.0794392523364486,0.0186915887850467,0.0722840937186547,0.292519993806466,,,0.368296175025655,0.631703824974345,4,0.734177240131442,0.866370808235468,hsa04931,Insulin resistance,IRS2,PIK3CA,coherent
Irs2,Pik3ca,liver,Macrophage_other,214,0.163551401869159,0.0794392523364486,0.0186915887850467,0.0722840937186547,0.292519993806466,,,0.368296175025655,0.631703824974345,4,0.734177240131442,0.866370808235468,hsa04935,"Growth hormone synthesis, secretion and action",IRS2,PIK3CA,coherent
Foxo3,Rbl2,liver,Macrophage_other,214,0.0700934579439252,0.0934579439252336,0,-0.0722299798900599,0.292882398977829,,,0.616975100525582,0.383024899474418,4,0.734177240131442,0.751742955117762,hsa04068,FoxO signaling pathway,FOXO3,RBL2,coherent
Sirt1,Foxo3,liver,Neutrophil,572,0.0262237762237762,0.0734265734265734,0,-0.0440296347533999,0.293147447066576,,,-0.285888461714654,0.534249017086152,7,0.734177240131442,0.81619932600601,hsa04211,Longevity regulating pathway,SIRT1,FOXO3,coherent
Sirt1,Foxo3,liver,Neutrophil,572,0.0262237762237762,0.0734265734265734,0,-0.0440296347533999,0.293147447066576,,,-0.285888461714654,0.534249017086152,7,0.734177240131442,0.81619932600601,hsa04213,Longevity regulating pathway - multiple species,SIRT1,FOXO3,coherent
Map2k7,Mapk8,liver,B_cell,7386,0.0697265096127809,0.0602491199566748,0.00392634714324398,-0.0121824786478079,0.29517048178729,0.686129588568613,3.9760787419628e-05,0.808838518330563,0.0276036224659564,7,0.734177240131442,0.421600743475285,hsa04936,Alcoholic liver disease,MAP2K7,MAPK8,discordant
Prkce,Kras,liver,LSEC,745,0.212080536912752,0.197315436241611,0.0550335570469799,0.0383970083634333,0.295256163531334,0.791149441057085,7.44912569109965e-10,0.563747992998113,0.187478689382871,7,0.734177240131442,0.631855080442306,hsa04371,Apelin signaling pathway,PRKCE,KRAS,discordant
Srebf1,Fasn,liver,NK_cell,596,0.0503355704697987,0.0855704697986577,0.00335570469798658,-0.0429350831360444,0.295348210485387,,,-0.799932860780106,0.0307740658761926,7,0.734177240131442,0.4342559962194,hsa04152,AMPK signaling pathway,SREBF1,FASN,coherent
Srebf1,Fasn,liver,NK_cell,596,0.0503355704697987,0.0855704697986577,0.00335570469798658,-0.0429350831360444,0.295348210485387,,,-0.799932860780106,0.0307740658761926,7,0.734177240131442,0.4342559962194,hsa04910,Insulin signaling pathway,SREBF1,FASN,coherent
Srebf1,Fasn,liver,NK_cell,596,0.0503355704697987,0.0855704697986577,0.00335570469798658,-0.0429350831360444,0.295348210485387,,,-0.799932860780106,0.0307740658761926,7,0.734177240131442,0.4342559962194,hsa04936,Alcoholic liver disease,SREBF1,FASN,coherent
Ramp1,Gnas,liver,Neutrophil,572,0.0891608391608392,0.277972027972028,0.020979020979021,-0.0437539871841869,0.296182731354049,0.776223776223776,0.0046598806161296,0.722534913070661,0.0666297028247597,7,0.734177240131442,0.502605787173307,hsa04081,Hormone signaling,RAMP1,GNAS,discordant
Rock1,Ppp1r12a,liver,NK_cell,596,0.506711409395973,0.592281879194631,0.328859060402685,0.0427999823073918,0.296871780193758,0.317721708121271,5.68470513979589e-06,0.421998419101871,0.345640916386944,7,0.734177240131442,0.730876816457028,hsa04510,Focal adhesion,ROCK1,PPP1R12A,discordant
Rhoa,Diaph1,liver,LSEC,745,0.477852348993289,0.087248322147651,0.0429530201342282,-0.038243819472033,0.297188393219721,0.462609970674487,0.00825750328266586,-0.361292282140578,0.425885564585054,7,0.734177240131442,0.760853000388159,hsa04510,Focal adhesion,RHOA,DIAPH1,discordant
Rock1,Ppp1cb,liver,Macrophage_other,214,0.331775700934579,0.196261682242991,0.0981308411214953,0.071588269889343,0.297202801553053,0.648051948051948,0.00191586924893288,-0.690790112111868,0.309209887888132,4,0.734177240131442,0.709284084936373,hsa04510,Focal adhesion,ROCK1,PPP1CB,discordant
Ptprf,Shc1,liver,Cholangiocyte,636,0.605345911949686,0.172955974842767,0.122641509433962,-0.0413772742822939,0.297463315461231,0.0187535170751803,0.870544557227225,0.5762136021747,0.175739741763133,7,0.734177240131442,0.626671942787171,hsa04910,Insulin signaling pathway,PTPRF,SHC1,coherent
Rhoa,Rock1,liver,T_cell,2018,0.693756194251734,0.449454905847374,0.332507433102081,0.0231876907471719,0.297812615995914,0.273534703326495,5.58301999048339e-13,0.682537617536035,0.0911017778227199,7,0.734177240131442,0.538231517736866,hsa04510,Focal adhesion,RHOA,ROCK1,discordant
Map2k6,Mapk8,liver,Cholangiocyte,636,0.132075471698113,0.111635220125786,0.0235849056603774,0.041242546951699,0.299040464990165,0.478571428571429,0.0734661552557603,0.486421766453569,0.268344194785208,7,0.734177240131442,0.68460494572031,hsa04935,"Growth hormone synthesis, secretion and action",MAP2K6,MAPK8,coherent
Foxo3,Rbl2,liver,NK_cell,596,0.102348993288591,0.291946308724832,0.0436241610738255,0.0425156404246878,0.300095484363633,0.731282051282051,3.58166081823762e-05,-0.703835074467133,0.0775641611240718,7,0.734177240131442,0.509197359011166,hsa04068,FoxO signaling pathway,FOXO3,RBL2,coherent
Ogt,Pdpk1,liver,Kupffer_cell,202,0.099009900990099,0.0445544554455446,0.0198019801980198,0.0732270612411156,0.300349352295965,,,-0.00187817882611634,0.996811510219134,7,0.734177240131442,0.99864030064286,hsa04931,Insulin resistance,OGT,PDPK1,coherent
Foxo3,Bcl2l11,liver,T_cell,2018,0.0782953419226957,0.182854311199207,0.0158572844400396,-0.0230192510652979,0.30133695288865,0.707844574780059,1.07628899244448e-05,-0.329915504369684,0.469894579531238,7,0.734177240131442,0.782965853244108,hsa04068,FoxO signaling pathway,FOXO3,BCL2L11,discordant
Vav2,Rac1,liver,cDC,731,0.0957592339261286,0.801641586867305,0.0875512995896033,0.0382596938678969,0.301587152795396,0.101282051282051,0.424886334963106,0.544994189857095,0.205832023671438,7,0.734177240131442,0.639801513798786,hsa04510,Focal adhesion,VAV2,RAC1,discordant
Socs3,Srebf1,liver,NK_cell,596,0.197986577181208,0.0503355704697987,0.00671140939597315,-0.0423606918718803,0.301861965156051,,,-0.157039848822986,0.736676044892252,7,0.734177240131442,0.918795480473723,hsa04931,Insulin resistance,SOCS3,SREBF1,coherent
Akt1,Foxo3,liver,pDC,748,0.252673796791444,0.124331550802139,0.0307486631016043,-0.0377980863626405,0.301883749806428,0.547430830039526,0.0077133228381776,0.229598989118641,0.620412639004532,7,0.734177240131442,0.858401614284048,hsa04068,FoxO signaling pathway,AKT1,FOXO3,coherent
Akt1,Foxo3,liver,pDC,748,0.252673796791444,0.124331550802139,0.0307486631016043,-0.0377980863626405,0.301883749806428,0.547430830039526,0.0077133228381776,0.229598989118641,0.620412639004532,7,0.734177240131442,0.858401614284048,hsa04211,Longevity regulating pathway,AKT1,FOXO3,coherent
Akt1,Foxo3,liver,pDC,748,0.252673796791444,0.124331550802139,0.0307486631016043,-0.0377980863626405,0.301883749806428,0.547430830039526,0.0077133228381776,0.229598989118641,0.620412639004532,7,0.734177240131442,0.858401614284048,hsa04213,Longevity regulating pathway - multiple species,AKT1,FOXO3,coherent
Ikbkg,Irs2,liver,HSC_Fibroblast,2024,0.0301383399209486,0.284584980237154,0.0172924901185771,0.0229571120866147,0.301925541952308,0.577310924369748,0.000360845074142948,0.0133060228571433,0.977412993661586,7,0.734177240131442,0.997401784703893,hsa04920,Adipocytokine signaling pathway,IKBKG,IRS2,coherent
Rhoa,Rock1,liver,Neutrophil,572,0.674825174825175,0.305944055944056,0.206293706293706,-0.0432308302698835,0.30200095317413,0.369897358267923,3.74714026597841e-05,0.664505915831054,0.103464339864137,7,0.734177240131442,0.542403644629583,hsa04510,Focal adhesion,RHOA,ROCK1,discordant
Sos2,Hras,liver,T_cell,2018,0.0515361744301288,0.0936570862239841,0.00743310208126858,0.0229345885785864,0.303118821364605,0.9,0,0.447656730339259,0.313834543477475,7,0.734177240131442,0.709519306507433,hsa04068,FoxO signaling pathway,SOS2,HRAS,discordant
Sos2,Hras,liver,T_cell,2018,0.0515361744301288,0.0936570862239841,0.00743310208126858,0.0229345885785864,0.303118821364605,0.9,0,0.447656730339259,0.313834543477475,7,0.734177240131442,0.709519306507433,hsa04510,Focal adhesion,SOS2,HRAS,discordant
Sos2,Hras,liver,T_cell,2018,0.0515361744301288,0.0936570862239841,0.00743310208126858,0.0229345885785864,0.303118821364605,0.9,0,0.447656730339259,0.313834543477475,7,0.734177240131442,0.709519306507433,hsa04910,Insulin signaling pathway,SOS2,HRAS,discordant
Sos2,Hras,liver,T_cell,2018,0.0515361744301288,0.0936570862239841,0.00743310208126858,0.0229345885785864,0.303118821364605,0.9,0,0.447656730339259,0.313834543477475,7,0.734177240131442,0.709519306507433,hsa04935,"Growth hormone synthesis, secretion and action",SOS2,HRAS,discordant
Kras,Pik3cd,liver,cDC,731,0.510259917920657,0.283173734610123,0.155950752393981,-0.0381264294841408,0.30327533807452,0.451359834754258,6.26916756216656e-07,0.247721092993492,0.592239461267959,7,0.734177240131442,0.844418494046869,hsa04211,Longevity regulating pathway,KRAS,PIK3CD,discordant
Kras,Pik3cd,liver,cDC,731,0.510259917920657,0.283173734610123,0.155950752393981,-0.0381264294841408,0.30327533807452,0.451359834754258,6.26916756216656e-07,0.247721092993492,0.592239461267959,7,0.734177240131442,0.844418494046869,hsa04213,Longevity regulating pathway - multiple species,KRAS,PIK3CD,discordant
Prkce,Kras,liver,pDC,748,0.0494652406417112,0.550802139037433,0.0307486631016043,0.0376743120628123,0.303470721448168,-0.0237154150197628,0.91550754136092,0.314264986978649,0.492437693771797,7,0.734177240131442,0.79974168227466,hsa04371,Apelin signaling pathway,PRKCE,KRAS,discordant
Akt2,Ppp1cb,liver,Kupffer_cell,202,0.103960396039604,0.123762376237624,0.0198019801980198,0.0726864609332746,0.303941279151234,,,0.446046112914927,0.315792214535045,7,0.734177240131442,0.710932282108652,hsa04910,Insulin signaling pathway,AKT2,PPP1CB,discordant
Map2k4,Mapk8,liver,pDC,748,0.0868983957219251,0.0855614973262032,0.0120320855614973,0.0375498881283188,0.305071589116185,,,0.405138766135105,0.367242414709575,7,0.734177240131442,0.740621270796046,hsa04935,"Growth hormone synthesis, secretion and action",MAP2K4,MAPK8,coherent
Map2k4,Mapk8,liver,pDC,748,0.0868983957219251,0.0855614973262032,0.0120320855614973,0.0375498881283188,0.305071589116185,,,0.405138766135105,0.367242414709575,7,0.734177240131442,0.740621270796046,hsa04936,Alcoholic liver disease,MAP2K4,MAPK8,coherent
Pdpk1,Sgk1,liver,Monocyte,920,0.11195652173913,0.276086956521739,0.0326086956521739,-0.0338044239151007,0.305723024426104,0.580867630700779,0.000944909202282715,-0.286746000841305,0.532968507871208,7,0.734177240131442,0.81619932600601,hsa04068,FoxO signaling pathway,PDPK1,SGK1,coherent
Rac2,Mapk8,liver,HSC_Fibroblast,2024,0.0587944664031621,0.0790513833992095,0.00543478260869565,0.0227684887876911,0.305916096664055,0.727272727272727,0.0150173742825602,-0.713628733947822,0.0717264282367901,7,0.734177240131442,0.506654087900504,hsa04510,Focal adhesion,RAC2,MAPK8,discordant
Sirt1,Bax,liver,B_cell,7386,0.121310587598159,0.239777958299486,0.0324939073923639,0.0119091980766099,0.306136973001889,0.639613759733552,5.18039257669204e-29,0.673700568780567,0.0970574657345794,7,0.734177240131442,0.538696261307664,hsa04211,Longevity regulating pathway,SIRT1,BAX,coherent
Sos2,Kras,liver,Macrophage_other,214,0.0514018691588785,0.233644859813084,0.0186915887850467,0.0702692169983083,0.306215738378577,,,0.314842457408814,0.685157542591186,4,0.734177240131442,0.893336874233346,hsa04068,FoxO signaling pathway,SOS2,KRAS,coherent
Sos2,Kras,liver,Macrophage_other,214,0.0514018691588785,0.233644859813084,0.0186915887850467,0.0702692169983083,0.306215738378577,,,0.314842457408814,0.685157542591186,4,0.734177240131442,0.893336874233346,hsa04910,Insulin signaling pathway,SOS2,KRAS,coherent
Sos2,Kras,liver,Macrophage_other,214,0.0514018691588785,0.233644859813084,0.0186915887850467,0.0702692169983083,0.306215738378577,,,0.314842457408814,0.685157542591186,4,0.734177240131442,0.893336874233346,hsa04935,"Growth hormone synthesis, secretion and action",SOS2,KRAS,coherent
Rap1a,Mapk8,liver,pDC,748,0.882352941176471,0.0855614973262032,0.0802139037433155,0.0374213479943664,0.306731279101379,0.0401222561822729,0.760303300160996,0.341561230423745,0.453371194032858,7,0.734177240131442,0.775721848481174,hsa04510,Focal adhesion,RAP1A,MAPK8,coherent
Rock1,Myl12a,liver,T_cell,2018,0.449454905847374,0.493062438057483,0.238850346878097,0.0227555077930964,0.306910903111244,0.346236988711167,5.07441430647704e-15,0.449446482719668,0.311665341892835,7,0.734177240131442,0.709519306507433,hsa04510,Focal adhesion,ROCK1,MYL12A,coherent
Ppp1cb,Myl12a,liver,HSC_Fibroblast,2024,0.266798418972332,0.513339920948617,0.184782608695652,0.022719414786918,0.3069600188185,0.395109148599013,2.0074332568001e-15,0.637631086579006,0.12341395390084,7,0.734177240131442,0.572290774997326,hsa04510,Focal adhesion,PPP1CB,MYL12A,discordant
Pdpk1,Rps6kb2,liver,NK_cell,596,0.167785234899329,0.0620805369127517,0.0151006711409396,0.0418059729739786,0.308242495531735,,,0.163301701709233,0.72645208951356,7,0.734516904490568,0.911842662757421,hsa04910,Insulin signaling pathway,PDPK1,RPS6KB2,coherent
Rhoa,Pip5k1a,liver,Macrophage_other,214,0.677570093457944,0.0560747663551402,0.0467289719626168,0.0699505699439505,0.308419712244174,0.321212121212121,0.367683999158498,0.597289306870498,0.402710693129502,4,0.734516904490568,0.754844053477871,hsa04510,Focal adhesion,RHOA,PIP5K1A,discordant
Hras,Araf,liver,NK_cell,596,0.140939597315436,0.134228187919463,0.0184563758389262,-0.0417447831769036,0.308951727519922,0.645454545454545,0.0370010457545527,-0.119165819666191,0.799131151831255,7,0.734516904490568,0.939191703538352,hsa04068,FoxO signaling pathway,HRAS,ARAF,coherent
Hras,Araf,liver,NK_cell,596,0.140939597315436,0.134228187919463,0.0184563758389262,-0.0417447831769036,0.308951727519922,0.645454545454545,0.0370010457545527,-0.119165819666191,0.799131151831255,7,0.734516904490568,0.939191703538352,hsa04910,Insulin signaling pathway,HRAS,ARAF,coherent
Nr1h2,Srebf1,liver,NK_cell,596,0.14261744966443,0.0503355704697987,0.00503355704697987,-0.0417428108449171,0.308974606095459,,,-0.073137702184319,0.876169393926773,7,0.734516904490568,0.965628125393452,hsa04931,Insulin resistance,NR1H2,SREBF1,coherent
Map2k7,Mapk8,liver,pDC,748,0.11096256684492,0.0855614973262032,0.00935828877005348,-0.0371953708595091,0.309663506496953,,,0.409222148491309,0.361960681086596,7,0.735040910277941,0.736405008417742,hsa04936,Alcoholic liver disease,MAP2K7,MAPK8,discordant
Pdpk1,Akt2,liver,LSEC,745,0.119463087248322,0.0348993288590604,0.00268456375838926,-0.0371629123094505,0.311061692040038,,,0.0606901152133836,0.897158901618938,7,0.737244403037492,0.969935393296569,hsa04068,FoxO signaling pathway,PDPK1,AKT2,coherent
Pdpk1,Akt2,liver,LSEC,745,0.119463087248322,0.0348993288590604,0.00268456375838926,-0.0371629123094505,0.311061692040038,,,0.0606901152133836,0.897158901618938,7,0.737244403037492,0.969935393296569,hsa04152,AMPK signaling pathway,PDPK1,AKT2,coherent
Pdpk1,Akt2,liver,LSEC,745,0.119463087248322,0.0348993288590604,0.00268456375838926,-0.0371629123094505,0.311061692040038,,,0.0606901152133836,0.897158901618938,7,0.737244403037492,0.969935393296569,hsa04510,Focal adhesion,PDPK1,AKT2,coherent
Pdpk1,Akt2,liver,LSEC,745,0.119463087248322,0.0348993288590604,0.00268456375838926,-0.0371629123094505,0.311061692040038,,,0.0606901152133836,0.897158901618938,7,0.737244403037492,0.969935393296569,hsa04910,Insulin signaling pathway,PDPK1,AKT2,coherent
Pdpk1,Akt2,liver,LSEC,745,0.119463087248322,0.0348993288590604,0.00268456375838926,-0.0371629123094505,0.311061692040038,,,0.0606901152133836,0.897158901618938,7,0.737244403037492,0.969935393296569,hsa04931,Insulin resistance,PDPK1,AKT2,coherent
Kras,Araf,liver,NK_cell,596,0.308724832214765,0.134228187919463,0.0436241610738255,-0.0414013768833245,0.312951993604527,0.474188034188034,0.0153252470748674,0.178256384013,0.702167446096995,7,0.740605849118405,0.899347528919335,hsa04068,FoxO signaling pathway,KRAS,ARAF,discordant
Kras,Araf,liver,NK_cell,596,0.308724832214765,0.134228187919463,0.0436241610738255,-0.0414013768833245,0.312951993604527,0.474188034188034,0.0153252470748674,0.178256384013,0.702167446096995,7,0.740605849118405,0.899347528919335,hsa04910,Insulin signaling pathway,KRAS,ARAF,discordant
Hras,Pik3ca,liver,Monocyte,920,0.166304347826087,0.0967391304347826,0.0152173913043478,-0.0332010207606611,0.314442010014474,0.252747252747253,0.382464407553374,-0.212375790938406,0.647535162403653,7,0.742354055508544,0.872837345198738,hsa04211,Longevity regulating pathway,HRAS,PIK3CA,discordant
Hras,Pik3ca,liver,Monocyte,920,0.166304347826087,0.0967391304347826,0.0152173913043478,-0.0332010207606611,0.314442010014474,0.252747252747253,0.382464407553374,-0.212375790938406,0.647535162403653,7,0.742354055508544,0.872837345198738,hsa04213,Longevity regulating pathway - multiple species,HRAS,PIK3CA,discordant
Hras,Pik3ca,liver,Monocyte,920,0.166304347826087,0.0967391304347826,0.0152173913043478,-0.0332010207606611,0.314442010014474,0.252747252747253,0.382464407553374,-0.212375790938406,0.647535162403653,7,0.742354055508544,0.872837345198738,hsa04510,Focal adhesion,HRAS,PIK3CA,discordant
Rock2,Ppp1cb,liver,Macrophage_other,214,0.383177570093458,0.196261682242991,0.0700934579439252,-0.0690596577212273,0.314636996120575,0.867857142857143,0,0.187779991774495,0.812220008225505,4,0.742354055508544,0.94266513434162,hsa04510,Focal adhesion,ROCK2,PPP1CB,discordant
Rap1a,Mapk8,liver,Cholangiocyte,636,0.388364779874214,0.111635220125786,0.050314465408805,-0.0398675696234703,0.315454238505318,0.288489736070381,0.109388378147309,0.211017814666325,0.64968730880814,7,0.743164715037304,0.873244358012789,hsa04510,Focal adhesion,RAP1A,MAPK8,coherent
Rock1,Ppp1ca,liver,Cholangiocyte,636,0.525157232704403,0.709119496855346,0.44496855345912,0.039801099756025,0.316262405433423,0.0985643216083736,0.0979647671217085,0.551996499600389,0.19888264129137,7,0.743951595389865,0.638796882889068,hsa04510,Focal adhesion,ROCK1,PPP1CA,coherent
Ppp1r12a,Myl12a,liver,NK_cell,596,0.592281879194631,0.587248322147651,0.36241610738255,-0.0408380391545507,0.319587547056749,0.177452960640407,0.00895785886557393,-0.205207045535386,0.658918058295094,7,0.750137432695313,0.875850148163527,hsa04510,Focal adhesion,PPP1R12A,MYL12A,discordant
Calm1,Pygb,liver,Macrophage_other,214,0.827102803738318,0.0280373831775701,0.0186915887850467,-0.0683217169286443,0.319848274361481,,,0.487923542564431,0.512076457435569,4,0.750137432695313,0.804252213930337,hsa04910,Insulin signaling pathway,CALM1,PYGB,discordant
Gnb2,Plcb3,liver,Kupffer_cell,202,0.50990099009901,0.0247524752475248,0.0099009900990099,-0.0701874144619456,0.320912397132809,,,0.372578686628633,0.410461753356277,7,0.750137789873051,0.760853000388159,hsa04081,Hormone signaling,GNB2,PLCB3,coherent
Gnb2,Plcb3,liver,Kupffer_cell,202,0.50990099009901,0.0247524752475248,0.0099009900990099,-0.0701874144619456,0.320912397132809,,,0.372578686628633,0.410461753356277,7,0.750137789873051,0.760853000388159,hsa04371,Apelin signaling pathway,GNB2,PLCB3,coherent
Akt2,Ppp1ca,liver,Cholangiocyte,636,0.172955974842767,0.709119496855346,0.14622641509434,0.0394014340354918,0.32115025630989,0.155710065351676,0.135949216004876,0.462834224254959,0.295648303130375,7,0.750137789873051,0.693754626857745,hsa04910,Insulin signaling pathway,AKT2,PPP1CA,coherent
Akt2,Ppp1cb,liver,Cholangiocyte,636,0.172955974842767,0.378930817610063,0.0927672955974843,0.039323110426578,0.32211388055333,0.431911163062537,0.000712246716647797,0.583797616710117,0.168779907941006,7,0.750137789873051,0.621166786447758,hsa04910,Insulin signaling pathway,AKT2,PPP1CB,discordant
Rock1,Ppp1cb,liver,Cholangiocyte,636,0.525157232704403,0.378930817610063,0.243710691823899,0.0393095896922257,0.322280418010012,0.27040884148831,0.000666663383103469,0.680874114514647,0.092207740377617,7,0.750137789873051,0.538696261307664,hsa04510,Focal adhesion,ROCK1,PPP1CB,discordant
Ppp1r12a,Myl12a,liver,Kupffer_cell,202,0.128712871287129,0.475247524752475,0.0693069306930693,-0.0699824132682629,0.322331325662061,0.191208791208791,0.512091764574595,-0.424472954751124,0.342516599600982,7,0.750137789873051,0.730876816457028,hsa04510,Focal adhesion,PPP1R12A,MYL12A,discordant
Rock1,Myl12a,liver,pDC,748,0.647058823529412,0.627005347593583,0.429144385026738,0.0361774040113467,0.323100814133128,0.151415221320617,0.00656914299631349,0.08830968930277,0.850664710692131,7,0.750137789873051,0.957634410247868,hsa04510,Focal adhesion,ROCK1,MYL12A,coherent
Tcf7l1,Ccnd1,liver,HSC_Fibroblast,2024,0.114624505928854,0.223814229249012,0.0424901185770751,0.0219297859371683,0.324081213331599,0.263380348129629,0.014499831819221,0.287431627099773,0.531945445315912,7,0.750137789873051,0.815857677126751,hsa04936,Alcoholic liver disease,TCF7L1,CCND1,discordant
Gnb2,Hras,liver,NK_cell,596,0.578859060402685,0.140939597315436,0.0956375838926174,0.0403169809329939,0.325806228626293,0.512120819289603,5.9446435225754e-05,0.0555985546017387,0.905758779103958,7,0.750137789873051,0.969935393296569,hsa04371,Apelin signaling pathway,GNB2,HRAS,coherent
Zyx,Actn1,liver,Macrophage_other,214,0.228971962616822,0.0794392523364486,0.014018691588785,-0.0674815246291038,0.32584949079787,,,0.0807502125594488,0.919249787440551,4,0.750137789873051,0.976217405419447,hsa04510,Focal adhesion,ZYX,ACTN1,coherent
Akt1,Tsc2,liver,T_cell,2018,0.087215064420218,0.0237859266600595,0.00148662041625372,-0.0218789185815544,0.325924112516019,,,0.365675689834528,0.419868997465394,7,0.750137789873051,0.760853000388159,hsa04910,Insulin signaling pathway,AKT1,TSC2,discordant
Calm1,Pygb,liver,HSC_Fibroblast,2024,0.758399209486166,0.0741106719367589,0.0686758893280633,0.0218426496274722,0.326007919845666,0.32696984558071,8.54237795022041e-05,-0.163363092003788,0.7263520126386,7,0.750137789873051,0.911842662757421,hsa04910,Insulin signaling pathway,CALM1,PYGB,discordant
Mapk13,Foxo3,liver,cDC,731,0.0259917920656635,0.0984952120383037,0.00136798905608755,-0.0363477086876455,0.326407386846788,,,-0.371031472632141,0.412563011233959,7,0.750137789873051,0.760853000388159,hsa04068,FoxO signaling pathway,MAPK13,FOXO3,coherent
Ogt,Pik3cd,liver,B_cell,7386,0.290549688600054,0.122664500406174,0.0399404278364473,0.0114079504982724,0.326944853504499,0.615529556064518,3.77627154786343e-32,0.819013052801107,0.0242164446451692,7,0.750137789873051,0.421600743475285,hsa04931,Insulin resistance,OGT,PIK3CD,coherent
Pik3cd,Pdpk1,liver,NK_cell,596,0.325503355704698,0.167785234899329,0.0671140939597315,0.0402185897249658,0.326989250011349,0.635272045028143,1.68629144510976e-05,0.355329882293144,0.434122273887948,7,0.750137789873051,0.763678274524487,hsa04910,Insulin signaling pathway,PIK3CD,PDPK1,coherent
Rhoa,Pip5k1a,liver,T_cell,2018,0.693756194251734,0.141228939544103,0.10802775024777,0.021827126218895,0.327070934966654,0.366832747715932,2.39334842836058e-08,0.467139921405787,0.290576194955676,7,0.750137789873051,0.693277012103684,hsa04510,Focal adhesion,RHOA,PIP5K1A,discordant
Akt2,Ppp1ca,liver,LSEC,745,0.0348993288590604,0.174496644295302,0.00671140939597315,-0.0358881332442708,0.327962699844929,,,0.31516050017375,0.491137595759819,7,0.750137789873051,0.79974168227466,hsa04910,Insulin signaling pathway,AKT2,PPP1CA,coherent
Gnai1,Prkce,liver,Cholangiocyte,636,0.0440251572327044,0.0770440251572327,0.00628930817610063,0.0388169109850405,0.328387053736837,,,0.694138515840258,0.0835846168108172,7,0.750137789873051,0.524577055104689,hsa04371,Apelin signaling pathway,GNAI1,PRKCE,discordant
Foxo3,Plk3,liver,Monocyte,920,0.101086956521739,0.125,0.0217391304347826,0.0322538592828855,0.32845421392147,0.383458646616541,0.0960014070866995,0.357339686895596,0.431339083687791,7,0.750137789873051,0.763678274524487,hsa04068,FoxO signaling pathway,FOXO3,PLK3,discordant
Sgk1,Foxo3,liver,B_cell,7386,0.0362848632548064,0.0522610343893853,0.00135391280801516,-0.0113600663128505,0.328979600791998,0.818181818181818,0.0068111327718268,-0.356305102154695,0.432770927817744,7,0.750245630294541,0.763678274524487,hsa04068,FoxO signaling pathway,SGK1,FOXO3,coherent
Rhoa,Pip5k1c,liver,Macrophage_other,214,0.677570093457944,0.0934579439252336,0.0654205607476636,-0.0667453998599247,0.331166736897834,-0.0461538461538462,0.879545024083647,0.468279770233571,0.531720229766429,4,0.752784152394908,0.815857677126751,hsa04510,Focal adhesion,RHOA,PIP5K1C,coherent
Sos1,Kras,liver,pDC,748,0.0962566844919786,0.550802139037433,0.0601604278074866,0.0355162648605603,0.332028159119925,0.0386034255599473,0.80074771728122,-0.509486157547832,0.242809649658307,7,0.752784152394908,0.674013592695898,hsa04068,FoxO signaling pathway,SOS1,KRAS,coherent
Sos1,Kras,liver,pDC,748,0.0962566844919786,0.550802139037433,0.0601604278074866,0.0355162648605603,0.332028159119925,0.0386034255599473,0.80074771728122,-0.509486157547832,0.242809649658307,7,0.752784152394908,0.674013592695898,hsa04910,Insulin signaling pathway,SOS1,KRAS,coherent
Sos1,Kras,liver,pDC,748,0.0962566844919786,0.550802139037433,0.0601604278074866,0.0355162648605603,0.332028159119925,0.0386034255599473,0.80074771728122,-0.509486157547832,0.242809649658307,7,0.752784152394908,0.674013592695898,hsa04935,"Growth hormone synthesis, secretion and action",SOS1,KRAS,coherent
Tnf,Tnfrsf1a,liver,T_cell,2018,0.11199207135778,0.0703666997026759,0.00644202180376611,-0.021596409047882,0.332211404669051,0.813186813186813,0.00123885867187349,-0.0649303821516793,0.890002973434686,7,0.752784152394908,0.965708620552574,hsa04920,Adipocytokine signaling pathway,TNF,TNFRSF1A,coherent
Tnf,Tnfrsf1a,liver,T_cell,2018,0.11199207135778,0.0703666997026759,0.00644202180376611,-0.021596409047882,0.332211404669051,0.813186813186813,0.00123885867187349,-0.0649303821516793,0.890002973434686,7,0.752784152394908,0.965708620552574,hsa04931,Insulin resistance,TNF,TNFRSF1A,coherent
Tnf,Tnfrsf1a,liver,T_cell,2018,0.11199207135778,0.0703666997026759,0.00644202180376611,-0.021596409047882,0.332211404669051,0.813186813186813,0.00123885867187349,-0.0649303821516793,0.890002973434686,7,0.752784152394908,0.965708620552574,hsa04936,Alcoholic liver disease,TNF,TNFRSF1A,coherent
Rapgef1,Rap1a,liver,NK_cell,596,0.145973154362416,0.437919463087248,0.0805369127516778,0.039784826086669,0.332237800179015,0.711137646547981,7.49533247864832e-08,0.584993786619976,0.167694839328528,7,0.752784152394908,0.619487143082951,hsa04510,Focal adhesion,RAPGEF1,RAP1A,discordant
Ogt,Akt1,liver,LSEC,745,0.340939597315436,0.153020134228188,0.0697986577181208,0.0355061602100902,0.333140553097262,0.542815674891147,4.29655647670967e-05,-0.0363021477223295,0.938412160313973,7,0.752784152394908,0.977571308315948,hsa04931,Insulin resistance,OGT,AKT1,coherent
Ogt,Pdpk1,liver,Monocyte,920,0.231521739130435,0.11195652173913,0.0282608695652174,0.0319405440112814,0.333177008681935,0.742222222222222,2.37637095584279e-05,0.548663003287225,0.202176657248242,7,0.752784152394908,0.639801513798786,hsa04931,Insulin resistance,OGT,PDPK1,coherent
Bcl2l1,Bax,liver,cDC,731,0.0547195622435021,0.649794801641587,0.0424076607387141,0.035822475815404,0.333451233852429,0.185887096774194,0.31532786809712,-0.489351186591221,0.265036433506498,7,0.752784152394908,0.681029247301756,hsa04115,p53 signaling pathway,BCL2L1,BAX,discordant
Map2k3,Mapk8,liver,T_cell,2018,0.0723488602576809,0.0594648166501487,0.00545094152626363,0.0215043852313789,0.334276203620865,1,0,-0.055178957888707,0.906467833058838,7,0.753562303852209,0.969935393296569,hsa04935,"Growth hormone synthesis, secretion and action",MAP2K3,MAPK8,discordant
Ogt,Akt2,liver,pDC,748,0.554812834224599,0.172459893048128,0.113636363636364,0.035295002766504,0.335051046463501,0.144909834425388,0.185763018429586,-0.158639804087028,0.734060745992302,7,0.754009239202921,0.916261981274401,hsa04931,Insulin resistance,OGT,AKT2,coherent
Kras,Pik3r2,liver,Monocyte,920,0.482608695652174,0.0358695652173913,0.0184782608695652,-0.0317917188681598,0.335435595260445,0.404411764705882,0.108558670701569,0.249720607579152,0.58915504301418,7,0.754009239202921,0.84341629789165,hsa04211,Longevity regulating pathway,KRAS,PIK3R2,discordant
Kras,Pik3r2,liver,Monocyte,920,0.482608695652174,0.0358695652173913,0.0184782608695652,-0.0317917188681598,0.335435595260445,0.404411764705882,0.108558670701569,0.249720607579152,0.58915504301418,7,0.754009239202921,0.84341629789165,hsa04213,Longevity regulating pathway - multiple species,KRAS,PIK3R2,discordant
Rhoa,Rock2,liver,Monocyte,920,0.895652173913044,0.297826086956522,0.278260869565217,0.031601156201075,0.338341931442989,0.0843095832533182,0.178706885449159,-0.329767820263911,0.470105514533356,7,0.756208514095821,0.782965853244108,hsa04510,Focal adhesion,RHOA,ROCK2,discordant
Rps6ka1,Ppp1ca,liver,pDC,748,0.656417112299465,0.693850267379679,0.478609625668449,0.0350327752523385,0.338656440612189,0.159148827993415,0.00252794223415437,0.188875229018663,0.685044029775278,7,0.756208514095821,0.893336874233346,hsa04931,Insulin resistance,RPS6KA1,PPP1CA,coherent
Ppp1cb,Calm1,liver,T_cell,2018,0.210109018830525,0.839444995044599,0.186323092170466,0.0213006958114665,0.338875852103484,0.14486702959203,0.00488403062293303,-0.0422067500670331,0.928411399768384,7,0.756208514095821,0.976217405419447,hsa04910,Insulin signaling pathway,PPP1CB,CALM1,discordant
Prkce,Mras,liver,cDC,731,0.051983584131327,0.027359781121751,0,-0.0353872356782319,0.339361798597422,,,-0.10166124562144,0.828304961222055,7,0.756208514095821,0.950765924586413,hsa04371,Apelin signaling pathway,PRKCE,MRAS,coherent
Prkce,Rras2,liver,NK_cell,596,0.0285234899328859,0.100671140939597,0.00335570469798658,0.0391201482292426,0.340385137926374,,,0.186179542044655,0.689381100147133,7,0.756208514095821,0.893916484405662,hsa04371,Apelin signaling pathway,PRKCE,RRAS2,discordant
Ppp1ca,Pygb,liver,HSC_Fibroblast,2024,0.398221343873518,0.0741106719367589,0.0454545454545455,0.0211923412685022,0.340621545041297,0.434815108795626,1.48375310317299e-05,0.175405227583162,0.706782472250777,7,0.756208514095821,0.90231220419973,hsa04931,Insulin resistance,PPP1CA,PYGB,discordant
Pdpk1,Sgk1,liver,LSEC,745,0.119463087248322,0.441610738255034,0.0671140939597315,0.0349111706818927,0.341310255899316,0.648691476590636,7.50980246405638e-07,0.0347594586286856,0.941026152054034,7,0.756208514095821,0.977571308315948,hsa04068,FoxO signaling pathway,PDPK1,SGK1,coherent
Hras,Pik3cd,liver,B_cell,7386,0.0529379907933929,0.122664500406174,0.0082588681288925,0.0110655542975818,0.34167430382673,0.83416181914331,0,-0.0220439389100971,0.962586138913657,7,0.756208514095821,0.987122648336947,hsa04211,Longevity regulating pathway,HRAS,PIK3CD,coherent
Hras,Pik3cd,liver,B_cell,7386,0.0529379907933929,0.122664500406174,0.0082588681288925,0.0110655542975818,0.34167430382673,0.83416181914331,0,-0.0220439389100971,0.962586138913657,7,0.756208514095821,0.987122648336947,hsa04213,Longevity regulating pathway - multiple species,HRAS,PIK3CD,coherent
Hras,Pik3cd,liver,B_cell,7386,0.0529379907933929,0.122664500406174,0.0082588681288925,0.0110655542975818,0.34167430382673,0.83416181914331,0,-0.0220439389100971,0.962586138913657,7,0.756208514095821,0.987122648336947,hsa04510,Focal adhesion,HRAS,PIK3CD,coherent
Akt2,Tsc2,liver,pDC,748,0.172459893048128,0.0641711229946524,0.0133689839572193,0.0347592724478114,0.342443236242892,0.781818181818182,0.0116512675298474,-0.0177075687436759,0.969943410405021,7,0.756208514095821,0.992073801124822,hsa04910,Insulin signaling pathway,AKT2,TSC2,discordant
Rap1a,Mapk8,liver,LSEC,745,0.241610738255034,0.0818791946308725,0.0295302013422819,0.0348122474954087,0.342680860128178,0.922077922077922,4.06795676197728e-06,-0.408946358615893,0.362316411467195,7,0.756208514095821,0.736405008417742,hsa04510,Focal adhesion,RAP1A,MAPK8,coherent
Rac2,Mapk8,liver,Cholangiocyte,636,0.0220125786163522,0.111635220125786,0.00157232704402516,-0.0376854715594608,0.342692377078486,,,-0.310499293713753,0.497917992417473,7,0.756208514095821,0.79974168227466,hsa04510,Focal adhesion,RAC2,MAPK8,discordant
Rhoa,Rock1,liver,cDC,731,0.937072503419973,0.571819425444596,0.552667578659371,0.0351143617617017,0.343101419005996,0.0923013605654828,0.0638187042038276,0.479684438322563,0.276022020887006,7,0.756208514095821,0.687767885135246,hsa04510,Focal adhesion,RHOA,ROCK1,discordant
Rps6ka1,Ppp1ca,liver,LSEC,745,0.025503355704698,0.174496644295302,0.00805369127516779,0.0347808505017845,0.343116605995373,,,-0.177138818614345,0.703975534896555,7,0.756208514095821,0.900193654647673,hsa04931,Insulin resistance,RPS6KA1,PPP1CA,coherent
Flt1,Shc1,liver,Cholangiocyte,636,0.0471698113207547,0.172955974842767,0.00943396226415094,0.0376125445971669,0.343627862869439,,,-0.436552476044804,0.327438219082671,7,0.756208514095821,0.721315162709795,hsa04510,Focal adhesion,FLT1,SHC1,discordant
Foxo3,Hspa8,liver,cDC,731,0.0984952120383037,0.990424076607387,0.0984952120383037,-0.0350749639358967,0.343643512141695,-0.186860891375651,0.115913947258895,-0.623944723590854,0.134269240242206,7,0.756208514095821,0.578759444890166,hsa04213,Longevity regulating pathway - multiple species,FOXO3,HSPA8,discordant
Rock2,Myl12a,liver,Macrophage_other,214,0.383177570093458,0.560747663551402,0.275700934579439,0.0646997953688251,0.346233431447126,0.471244886031561,0.000195960337457775,0.318232765986094,0.681767234013906,4,0.760840691793474,0.891410658473182,hsa04510,Focal adhesion,ROCK2,MYL12A,coherent
Map2k4,Mapk8,liver,T_cell,2018,0.0698711595639247,0.0594648166501487,0.00743310208126858,0.0209277945027795,0.347401211210666,0.939285714285714,0,-0.479164073830354,0.276619085718693,7,0.761180847986728,0.687767885135246,hsa04935,"Growth hormone synthesis, secretion and action",MAP2K4,MAPK8,coherent
Map2k4,Mapk8,liver,T_cell,2018,0.0698711595639247,0.0594648166501487,0.00743310208126858,0.0209277945027795,0.347401211210666,0.939285714285714,0,-0.479164073830354,0.276619085718693,7,0.761180847986728,0.687767885135246,hsa04936,Alcoholic liver disease,MAP2K4,MAPK8,coherent
Ikbkg,Nfkbie,liver,HSC_Fibroblast,2024,0.0301383399209486,0.0622529644268775,0.00642292490118577,0.0208742551338317,0.347919905525642,0.906593406593407,0,0.436270462907664,0.327786941371627,7,0.761180847986728,0.721315162709795,hsa04920,Adipocytokine signaling pathway,IKBKG,NFKBIE,coherent
Rock2,Ppp1r12a,liver,Neutrophil,572,0.0926573426573426,0.229020979020979,0.0244755244755245,0.0392905437757529,0.348244530439153,0.692307692307692,0.00784977366843351,0.690362812831375,0.0859936306153153,7,0.761180847986728,0.529025639397072,hsa04510,Focal adhesion,ROCK2,PPP1R12A,discordant
Stk11,Foxo3,liver,Neutrophil,572,0.192307692307692,0.0734265734265734,0.0192307692307692,0.0392417271429819,0.348844237828366,0.9,0.000225324584283125,-0.240162787590373,0.60394261983901,7,0.761180847986728,0.852996377885326,hsa04068,FoxO signaling pathway,STK11,FOXO3,discordant
Mapk8,Irs2,liver,NK_cell,596,0.0385906040268456,0.087248322147651,0.00167785234899329,-0.038433606546728,0.348933362056615,,,0.540942652758545,0.209905102447248,7,0.761180847986728,0.640741450855509,hsa04910,Insulin signaling pathway,MAPK8,IRS2,discordant
Mapk8,Irs2,liver,NK_cell,596,0.0385906040268456,0.087248322147651,0.00167785234899329,-0.038433606546728,0.348933362056615,,,0.540942652758545,0.209905102447248,7,0.761180847986728,0.640741450855509,hsa04920,Adipocytokine signaling pathway,MAPK8,IRS2,discordant
Mapk8,Irs2,liver,NK_cell,596,0.0385906040268456,0.087248322147651,0.00167785234899329,-0.038433606546728,0.348933362056615,,,0.540942652758545,0.209905102447248,7,0.761180847986728,0.640741450855509,hsa04931,Insulin resistance,MAPK8,IRS2,discordant
Socs3,Srebf1,liver,Cholangiocyte,636,0.267295597484277,0.218553459119497,0.0676100628930818,-0.0371731211074858,0.349299050701367,0.349441256418001,0.0221431050312306,0.14133902880266,0.762444866697114,7,0.761180847986728,0.923289344384624,hsa04931,Insulin resistance,SOCS3,SREBF1,coherent
Map2k7,Mapk8,liver,Monocyte,920,0.0836956521739131,0.0934782608695652,0.00652173913043478,-0.0307657667799304,0.35127251227583,,,0.0523748296250642,0.911207628884093,7,0.763102951770173,0.969935393296569,hsa04936,Alcoholic liver disease,MAP2K7,MAPK8,discordant
Tnfrsf1a,Srebf1,liver,T_cell,2018,0.0703666997026759,0.035183349851338,0.00247770069375619,-0.0207578797628802,0.351330668315472,,,0.353843678077658,0.436184775330514,7,0.763102951770173,0.763678274524487,hsa04936,Alcoholic liver disease,TNFRSF1A,SREBF1,coherent
Akt1,Ppp1cb,liver,Cholangiocyte,636,0.29559748427673,0.378930817610063,0.127358490566038,-0.0369930420841484,0.351640174716275,0.32247064137308,0.0034645966535199,0.468604156317174,0.288860200335467,7,0.763102951770173,0.693277012103684,hsa04910,Insulin signaling pathway,AKT1,PPP1CB,discordant
Gna12,Rhoa,liver,pDC,748,0.133689839572193,0.937165775401069,0.127005347593583,-0.0340615801352516,0.352224998226401,0.145954647256439,0.157911558534696,0.762778544194442,0.046109662801938,7,0.763219352510328,0.468477290281202,hsa04081,Hormone signaling,GNA12,RHOA,coherent
Met,Pik3cd,liver,Monocyte,920,0.0347826086956522,0.277173913043478,0.00978260869565217,-0.0306750054413937,0.35269595034131,,,-0.554590574296691,0.196337307780677,7,0.763219352510328,0.638796882889068,hsa04510,Focal adhesion,MET,PIK3CD,discordant
Prkce,Rras2,liver,T_cell,2018,0.0346878097125867,0.128344895936571,0.00545094152626363,0.0206626946344127,0.353544173298621,0.645454545454545,0.0370010457545527,-0.390552853228883,0.386363907891388,7,0.763219352510328,0.751742955117762,hsa04371,Apelin signaling pathway,PRKCE,RRAS2,discordant
Akt1,Tsc2,liver,cDC,731,0.422708618331053,0.0629274965800274,0.0259917920656635,-0.0343554477504462,0.353639559767373,0.714035087719298,0.000852815879907059,0.586761168982532,0.166097942084388,7,0.763219352510328,0.619487143082951,hsa04910,Insulin signaling pathway,AKT1,TSC2,discordant
Foxo3,Bcl2l11,liver,Neutrophil,572,0.0734265734265734,0.153846153846154,0.0104895104895105,-0.0386948339182372,0.355607437743733,,,0.312266852426868,0.495342955631386,7,0.765886134492897,0.79974168227466,hsa04068,FoxO signaling pathway,FOXO3,BCL2L11,discordant
Oga,Ogt,liver,Monocyte,920,0.168478260869565,0.231521739130435,0.0467391304347826,0.0304746228809901,0.355851492699376,0.68577037840999,3.88072344790974e-07,0.59597460190235,0.157895905824556,7,0.765886134492897,0.611759212867506,hsa04931,Insulin resistance,OGA,OGT,discordant
Kras,Pik3r2,liver,cDC,731,0.510259917920657,0.0738714090287278,0.0437756497948016,-0.0340537928953394,0.357884392369954,0.68108504398827,2.89091505221738e-05,-0.248581202017235,0.590912070167281,7,0.766942261380329,0.844418494046869,hsa04211,Longevity regulating pathway,KRAS,PIK3R2,discordant
Kras,Pik3r2,liver,cDC,731,0.510259917920657,0.0738714090287278,0.0437756497948016,-0.0340537928953394,0.357884392369954,0.68108504398827,2.89091505221738e-05,-0.248581202017235,0.590912070167281,7,0.766942261380329,0.844418494046869,hsa04213,Longevity regulating pathway - multiple species,KRAS,PIK3R2,discordant
Usp7,Foxo3,liver,cDC,731,0.336525307797538,0.0984952120383037,0.0314637482900137,-0.0340499346873438,0.357938890800463,0.505928853754941,0.0148759009515353,-0.811813747724419,0.0265873338360174,7,0.766942261380329,0.421600743475285,hsa04068,FoxO signaling pathway,USP7,FOXO3,coherent
Map2k4,Mapk8,liver,HSC_Fibroblast,2024,0.066205533596838,0.0790513833992095,0.0113636363636364,0.0204087200262328,0.358779103581061,0.713438735177866,0.000198145645419043,0.114752147171351,0.806470796842494,7,0.766942261380329,0.942090723061011,hsa04935,"Growth hormone synthesis, secretion and action",MAP2K4,MAPK8,coherent
Map2k4,Mapk8,liver,HSC_Fibroblast,2024,0.066205533596838,0.0790513833992095,0.0113636363636364,0.0204087200262328,0.358779103581061,0.713438735177866,0.000198145645419043,0.114752147171351,0.806470796842494,7,0.766942261380329,0.942090723061011,hsa04936,Alcoholic liver disease,MAP2K4,MAPK8,coherent
Hras,Pik3cd,liver,cDC,731,0.288645690834473,0.283173734610123,0.0834473324213406,-0.0339873962740528,0.358822992798832,0.655631940772078,2.56065527189516e-08,0.533896317382885,0.217079401711643,7,0.766942261380329,0.652485787903386,hsa04211,Longevity regulating pathway,HRAS,PIK3CD,coherent
Hras,Pik3cd,liver,cDC,731,0.288645690834473,0.283173734610123,0.0834473324213406,-0.0339873962740528,0.358822992798832,0.655631940772078,2.56065527189516e-08,0.533896317382885,0.217079401711643,7,0.766942261380329,0.652485787903386,hsa04213,Longevity regulating pathway - multiple species,HRAS,PIK3CD,coherent
Hras,Pik3cd,liver,cDC,731,0.288645690834473,0.283173734610123,0.0834473324213406,-0.0339873962740528,0.358822992798832,0.655631940772078,2.56065527189516e-08,0.533896317382885,0.217079401711643,7,0.766942261380329,0.652485787903386,hsa04510,Focal adhesion,HRAS,PIK3CD,coherent
Sgk1,Foxo3,liver,T_cell,2018,0.125371655104063,0.0782953419226957,0.0113974231912785,-0.0204172121780492,0.359293351014162,0.538537549407115,0.0089346770110611,-0.785152850535419,0.0364644617833378,7,0.766942261380329,0.457701924304456,hsa04068,FoxO signaling pathway,SGK1,FOXO3,coherent
Vav2,Rac2,liver,Monocyte,920,0.0456521739130435,0.676086956521739,0.0358695652173913,0.0302511640846194,0.359391324096147,0.125334224598931,0.485536489929795,0.547590122034738,0.203242358248472,7,0.766942261380329,0.639801513798786,hsa04510,Focal adhesion,VAV2,RAC2,coherent
Sos1,Kras,liver,cDC,731,0.06703146374829,0.510259917920657,0.0383036935704514,-0.0339209482105314,0.359763865121684,0.193212917350848,0.323085994257807,0.172277590202001,0.711853243200592,7,0.766942261380329,0.904278371609909,hsa04068,FoxO signaling pathway,SOS1,KRAS,coherent
Sos1,Kras,liver,cDC,731,0.06703146374829,0.510259917920657,0.0383036935704514,-0.0339209482105314,0.359763865121684,0.193212917350848,0.323085994257807,0.172277590202001,0.711853243200592,7,0.766942261380329,0.904278371609909,hsa04910,Insulin signaling pathway,SOS1,KRAS,coherent
Sos1,Kras,liver,cDC,731,0.06703146374829,0.510259917920657,0.0383036935704514,-0.0339209482105314,0.359763865121684,0.193212917350848,0.323085994257807,0.172277590202001,0.711853243200592,7,0.766942261380329,0.904278371609909,hsa04935,"Growth hormone synthesis, secretion and action",SOS1,KRAS,coherent
Pdpk1,Prkcz,liver,NK_cell,596,0.167785234899329,0.0268456375838926,0.00671140939597315,0.03749217540432,0.36087430187059,,,-0.41675877729377,0.352295731132896,7,0.768265644009437,0.736405008417742,hsa04910,Insulin signaling pathway,PDPK1,PRKCZ,coherent
Ppp1r12a,Myl12a,liver,Neutrophil,572,0.229020979020979,0.374125874125874,0.0944055944055944,0.0382221314696,0.361519150991679,0.398284734133791,0.0030576827449906,-0.612317628162505,0.143856786080883,7,0.768595593368487,0.586263110028326,hsa04510,Focal adhesion,PPP1R12A,MYL12A,discordant
Gna12,Rhoa,liver,Cholangiocyte,636,0.108490566037736,0.775157232704403,0.0990566037735849,0.0360374760689641,0.364228367929173,0.0828533026113671,0.517615868563795,0.463736752935899,0.294581907316962,7,0.77330759036654,0.693321482836649,hsa04081,Hormone signaling,GNA12,RHOA,coherent
Srebf1,Fasn,liver,T_cell,2018,0.035183349851338,0.0584737363726462,0.00148662041625372,-0.0201497374694926,0.365624008645397,,,-0.587693241811826,0.165258822386676,7,0.775221715627876,0.618833155906191,hsa04152,AMPK signaling pathway,SREBF1,FASN,coherent
Srebf1,Fasn,liver,T_cell,2018,0.035183349851338,0.0584737363726462,0.00148662041625372,-0.0201497374694926,0.365624008645397,,,-0.587693241811826,0.165258822386676,7,0.775221715627876,0.618833155906191,hsa04910,Insulin signaling pathway,SREBF1,FASN,coherent
Srebf1,Fasn,liver,T_cell,2018,0.035183349851338,0.0584737363726462,0.00148662041625372,-0.0201497374694926,0.365624008645397,,,-0.587693241811826,0.165258822386676,7,0.775221715627876,0.618833155906191,hsa04936,Alcoholic liver disease,SREBF1,FASN,coherent
Traf2,Ikbkg,liver,Monocyte,920,0.0652173913043478,0.0304347826086957,0.00108695652173913,-0.0297640995593748,0.367183181030148,,,-0.582765369842176,0.169719055365709,7,0.777476937970718,0.621166786447758,hsa04920,Adipocytokine signaling pathway,TRAF2,IKBKG,coherent
Rps6ka1,Ppp1ca,liver,Monocyte,920,0.26304347826087,0.768478260869565,0.223913043478261,0.0294619764972548,0.372068831317194,0.0973894493504853,0.163738175993311,0.407974426382659,0.363571220084636,7,0.78676010287962,0.736405008417742,hsa04931,Insulin resistance,RPS6KA1,PPP1CA,coherent
Prmt1,Foxo3,liver,Cholangiocyte,636,0.422955974842767,0.256289308176101,0.138364779874214,0.035344336599706,0.373533089596436,0.239135986192686,0.0248399797051482,0.432180284627837,0.332862472974046,7,0.787803980397922,0.726145084860444,hsa04068,FoxO signaling pathway,PRMT1,FOXO3,discordant
Sirt1,Foxo3,liver,NK_cell,596,0.098993288590604,0.102348993288591,0.0151006711409396,0.0365126282395539,0.373566705810105,,,-0.729936296487516,0.0625476554528458,7,0.787803980397922,0.495642784876338,hsa04211,Longevity regulating pathway,SIRT1,FOXO3,coherent
Sirt1,Foxo3,liver,NK_cell,596,0.098993288590604,0.102348993288591,0.0151006711409396,0.0365126282395539,0.373566705810105,,,-0.729936296487516,0.0625476554528458,7,0.787803980397922,0.495642784876338,hsa04213,Longevity regulating pathway - multiple species,SIRT1,FOXO3,coherent
Sirt1,Foxo3,liver,T_cell,2018,0.109018830525273,0.0782953419226957,0.0089197224975223,-0.019721514629529,0.375903127792607,1,1.05844351382202e-05,-0.582183070853732,0.170249970109997,7,0.789088569361423,0.621166786447758,hsa04211,Longevity regulating pathway,SIRT1,FOXO3,coherent
Sirt1,Foxo3,liver,T_cell,2018,0.109018830525273,0.0782953419226957,0.0089197224975223,-0.019721514629529,0.375903127792607,1,1.05844351382202e-05,-0.582183070853732,0.170249970109997,7,0.789088569361423,0.621166786447758,hsa04213,Longevity regulating pathway - multiple species,SIRT1,FOXO3,coherent
Irs2,Pik3r2,liver,Monocyte,920,0.0891304347826087,0.0358695652173913,0.00217391304347826,-0.0292219454888453,0.375978928122694,,,0.132615278473986,0.776839778198481,7,0.789088569361423,0.928168861153009,hsa04068,FoxO signaling pathway,IRS2,PIK3R2,discordant
Irs2,Pik3r2,liver,Monocyte,920,0.0891304347826087,0.0358695652173913,0.00217391304347826,-0.0292219454888453,0.375978928122694,,,0.132615278473986,0.776839778198481,7,0.789088569361423,0.928168861153009,hsa04081,Hormone signaling,IRS2,PIK3R2,discordant
Irs2,Pik3r2,liver,Monocyte,920,0.0891304347826087,0.0358695652173913,0.00217391304347826,-0.0292219454888453,0.375978928122694,,,0.132615278473986,0.776839778198481,7,0.789088569361423,0.928168861153009,hsa04152,AMPK signaling pathway,IRS2,PIK3R2,discordant
Irs2,Pik3r2,liver,Monocyte,920,0.0891304347826087,0.0358695652173913,0.00217391304347826,-0.0292219454888453,0.375978928122694,,,0.132615278473986,0.776839778198481,7,0.789088569361423,0.928168861153009,hsa04211,Longevity regulating pathway,IRS2,PIK3R2,discordant
Irs2,Pik3r2,liver,Monocyte,920,0.0891304347826087,0.0358695652173913,0.00217391304347826,-0.0292219454888453,0.375978928122694,,,0.132615278473986,0.776839778198481,7,0.789088569361423,0.928168861153009,hsa04213,Longevity regulating pathway - multiple species,IRS2,PIK3R2,discordant
Irs2,Pik3r2,liver,Monocyte,920,0.0891304347826087,0.0358695652173913,0.00217391304347826,-0.0292219454888453,0.375978928122694,,,0.132615278473986,0.776839778198481,7,0.789088569361423,0.928168861153009,hsa04910,Insulin signaling pathway,IRS2,PIK3R2,discordant
Irs2,Pik3r2,liver,Monocyte,920,0.0891304347826087,0.0358695652173913,0.00217391304347826,-0.0292219454888453,0.375978928122694,,,0.132615278473986,0.776839778198481,7,0.789088569361423,0.928168861153009,hsa04931,Insulin resistance,IRS2,PIK3R2,discordant
Irs2,Pik3r2,liver,Monocyte,920,0.0891304347826087,0.0358695652173913,0.00217391304347826,-0.0292219454888453,0.375978928122694,,,0.132615278473986,0.776839778198481,7,0.789088569361423,0.928168861153009,hsa04935,"Growth hormone synthesis, secretion and action",IRS2,PIK3R2,discordant
Ppp1r12a,Myl12a,liver,Cholangiocyte,636,0.394654088050315,0.805031446540881,0.35377358490566,0.0351514805831418,0.376147869546803,0.110182258744206,0.0992181080518929,0.662691567424899,0.104753861897352,7,0.789088569361423,0.542403644629583,hsa04510,Focal adhesion,PPP1R12A,MYL12A,discordant
Kras,Pik3cd,liver,Neutrophil,572,0.531468531468532,0.132867132867133,0.0786713286713287,0.0370696849595646,0.376187539759302,0.516073781291173,0.000345108175222155,-0.353542126938836,0.436603712060969,7,0.789088569361423,0.763678274524487,hsa04211,Longevity regulating pathway,KRAS,PIK3CD,discordant
Kras,Pik3cd,liver,Neutrophil,572,0.531468531468532,0.132867132867133,0.0786713286713287,0.0370696849595646,0.376187539759302,0.516073781291173,0.000345108175222155,-0.353542126938836,0.436603712060969,7,0.789088569361423,0.763678274524487,hsa04213,Longevity regulating pathway - multiple species,KRAS,PIK3CD,discordant
Stat3,Igfbp3,liver,Cholangiocyte,636,0.262578616352201,0.0267295597484277,0.00628930817610063,-0.0350554883749377,0.377453541637429,,,-0.542101524396859,0.208736178158149,7,0.78970249488749,0.640741450855509,hsa04935,"Growth hormone synthesis, secretion and action",STAT3,IGFBP3,coherent
Prkce,Mapk8,liver,Monocyte,920,0.05,0.0934782608695652,0.00434782608695652,-0.0291044072744334,0.377902824658444,,,0.462699679592169,0.29580742215923,7,0.78970249488749,0.693754626857745,hsa04931,Insulin resistance,PRKCE,MAPK8,discordant
Vipr2,Gnai2,liver,HSC_Fibroblast,2024,0.0316205533596838,0.640810276679842,0.0286561264822134,0.019606301522,0.377990168043662,0.165805340223945,0.213544277231552,0.612866391141987,0.143396769732378,7,0.78970249488749,0.585910238828389,hsa04081,Hormone signaling,VIPR2,GNAI2,discordant
Prkcz,Srebf1,liver,NK_cell,596,0.0268456375838926,0.0503355704697987,0,-0.0361228727542678,0.378692653478146,,,0.217522301312776,0.639396666704067,7,0.790118049610653,0.869335675960729,hsa04910,Insulin signaling pathway,PRKCZ,SREBF1,coherent
Ptprf,Irs2,liver,HSC_Fibroblast,2024,0.0696640316205534,0.284584980237154,0.0355731225296443,0.0195106434132059,0.380321869221487,0.211557013312753,0.074524931358174,0.536481395063651,0.214434072910917,7,0.790688127134933,0.648258115111489,hsa04910,Insulin signaling pathway,PTPRF,IRS2,coherent
Ramp1,Gnb2,liver,Macrophage_other,214,0.0934579439252336,0.663551401869159,0.0794392523364486,0.060269235827325,0.380325376457205,0.311274509803922,0.223431412564251,-0.740347962156761,0.259652037843239,4,0.790688127134933,0.680374486199904,hsa04081,Hormone signaling,RAMP1,GNB2,discordant
Akt1,Ppp1cb,liver,Neutrophil,572,0.118881118881119,0.148601398601399,0.027972027972028,0.0367266446187432,0.380623562247957,0.95,0,0.606821698121796,0.14850481674704,7,0.790688127134933,0.591379897222918,hsa04910,Insulin signaling pathway,AKT1,PPP1CB,discordant
Ptprf,Irs2,liver,pDC,748,0.336898395721925,0.224598930481283,0.0802139037433155,-0.0320453861563013,0.381472078619506,0.217393720477911,0.0952204532199707,-0.026579529245148,0.954893127010547,7,0.790688127134933,0.985027821354075,hsa04910,Insulin signaling pathway,PTPRF,IRS2,coherent
Fas,Fadd,liver,Monocyte,920,0.143478260869565,0.0282608695652174,0.00434782608695652,0.0288862074453752,0.381490395380883,,,-0.0750193677695391,0.873001239157121,7,0.790688127134933,0.965172763122282,hsa04936,Alcoholic liver disease,FAS,FADD,discordant
Flt1,Pik3ca,liver,HSC_Fibroblast,2024,0.0459486166007905,0.112154150197628,0.00839920948616601,0.0194192142979391,0.382558722151177,0.625,0.00868701603695075,0.0832196071363589,0.859210709020773,7,0.790688127134933,0.960273441152172,hsa04510,Focal adhesion,FLT1,PIK3CA,coherent
Hras,Pik3ca,liver,Kupffer_cell,202,0.0940594059405941,0.0693069306930693,0.00495049504950495,-0.0616191971337508,0.383663168624125,,,0.49990567993664,0.253274007662154,7,0.790688127134933,0.680374486199904,hsa04211,Longevity regulating pathway,HRAS,PIK3CA,discordant
Hras,Pik3ca,liver,Kupffer_cell,202,0.0940594059405941,0.0693069306930693,0.00495049504950495,-0.0616191971337508,0.383663168624125,,,0.49990567993664,0.253274007662154,7,0.790688127134933,0.680374486199904,hsa04213,Longevity regulating pathway - multiple species,HRAS,PIK3CA,discordant
Hras,Pik3ca,liver,Kupffer_cell,202,0.0940594059405941,0.0693069306930693,0.00495049504950495,-0.0616191971337508,0.383663168624125,,,0.49990567993664,0.253274007662154,7,0.790688127134933,0.680374486199904,hsa04510,Focal adhesion,HRAS,PIK3CA,discordant
Akt1,Foxo3,liver,T_cell,2018,0.087215064420218,0.0782953419226957,0.00545094152626363,-0.0193973422038425,0.383801962540865,1,0,-0.268377851172787,0.560616904842598,7,0.790688127134933,0.834239373623674,hsa04068,FoxO signaling pathway,AKT1,FOXO3,coherent
Akt1,Foxo3,liver,T_cell,2018,0.087215064420218,0.0782953419226957,0.00545094152626363,-0.0193973422038425,0.383801962540865,1,0,-0.268377851172787,0.560616904842598,7,0.790688127134933,0.834239373623674,hsa04211,Longevity regulating pathway,AKT1,FOXO3,coherent
Akt1,Foxo3,liver,T_cell,2018,0.087215064420218,0.0782953419226957,0.00545094152626363,-0.0193973422038425,0.383801962540865,1,0,-0.268377851172787,0.560616904842598,7,0.790688127134933,0.834239373623674,hsa04213,Longevity regulating pathway - multiple species,AKT1,FOXO3,coherent
Sos1,Kras,liver,Cholangiocyte,636,0.144654088050314,0.238993710691824,0.0440251572327044,0.0345613392615366,0.384218888118307,0.564313081554461,0.0020895520818462,0.640046174530671,0.121546981637256,7,0.790688127134933,0.571804851597219,hsa04068,FoxO signaling pathway,SOS1,KRAS,coherent
Sos1,Kras,liver,Cholangiocyte,636,0.144654088050314,0.238993710691824,0.0440251572327044,0.0345613392615366,0.384218888118307,0.564313081554461,0.0020895520818462,0.640046174530671,0.121546981637256,7,0.790688127134933,0.571804851597219,hsa04910,Insulin signaling pathway,SOS1,KRAS,coherent
Sos1,Kras,liver,Cholangiocyte,636,0.144654088050314,0.238993710691824,0.0440251572327044,0.0345613392615366,0.384218888118307,0.564313081554461,0.0020895520818462,0.640046174530671,0.121546981637256,7,0.790688127134933,0.571804851597219,hsa04935,"Growth hormone synthesis, secretion and action",SOS1,KRAS,coherent
Sos2,Hras,liver,Neutrophil,572,0.0541958041958042,0.0244755244755245,0,-0.0364161463400443,0.384666274837839,,,-0.697801649131858,0.0812820976432368,7,0.790688127134933,0.520537188580566,hsa04068,FoxO signaling pathway,SOS2,HRAS,discordant
Sos2,Hras,liver,Neutrophil,572,0.0541958041958042,0.0244755244755245,0,-0.0364161463400443,0.384666274837839,,,-0.697801649131858,0.0812820976432368,7,0.790688127134933,0.520537188580566,hsa04510,Focal adhesion,SOS2,HRAS,discordant
Sos2,Hras,liver,Neutrophil,572,0.0541958041958042,0.0244755244755245,0,-0.0364161463400443,0.384666274837839,,,-0.697801649131858,0.0812820976432368,7,0.790688127134933,0.520537188580566,hsa04910,Insulin signaling pathway,SOS2,HRAS,discordant
Sos2,Hras,liver,Neutrophil,572,0.0541958041958042,0.0244755244755245,0,-0.0364161463400443,0.384666274837839,,,-0.697801649131858,0.0812820976432368,7,0.790688127134933,0.520537188580566,hsa04935,"Growth hormone synthesis, secretion and action",SOS2,HRAS,discordant
Arhgap5,Rhoa,liver,Neutrophil,572,0.0681818181818182,0.674825174825175,0.0506993006993007,0.0364109994415376,0.384733507780241,0.657223801019144,0.000107364537490364,-0.343699182416257,0.450361683987638,7,0.790688127134933,0.773104466276372,hsa04510,Focal adhesion,ARHGAP5,RHOA,coherent
Ogt,Pik3cd,liver,pDC,748,0.554812834224599,0.351604278074866,0.213903743315508,0.0317769195916116,0.385475695648029,0.0244477502400674,0.758947281254226,0.0161089893861594,0.972656078440205,7,0.790688127134933,0.993552986375444,hsa04931,Insulin resistance,OGT,PIK3CD,coherent
Pik3cd,Pdpk1,liver,pDC,748,0.351604278074866,0.332887700534759,0.136363636363636,0.031774148376483,0.385517155677644,0.323396531543503,0.000968415125482632,0.0223492402966455,0.962068226178877,7,0.790688127134933,0.987122648336947,hsa04910,Insulin signaling pathway,PIK3CD,PDPK1,coherent
Akt2,Prkaa2,liver,Cholangiocyte,636,0.172955974842767,0.124213836477987,0.0377358490566038,0.034379053204765,0.386733121193141,0.495652173913044,0.0148123006741193,0.457658906479706,0.301796063623888,7,0.79114532241592,0.698500329336637,hsa04213,Longevity regulating pathway - multiple species,AKT2,PRKAA2,coherent
Pdpk1,Rps6kb2,liver,Macrophage_other,214,0.121495327102804,0.0327102803738318,0,-0.0593479544042553,0.387663369795838,,,-0.159421646531611,0.840578353468389,4,0.79114532241592,0.955009005497395,hsa04910,Insulin signaling pathway,PDPK1,RPS6KB2,coherent
Prmt1,Foxo3,liver,NK_cell,596,0.213087248322148,0.102348993288591,0.0167785234899329,-0.0354410554489276,0.387762950246906,0.321212121212121,0.367683999158498,0.222039992198668,0.632276145281696,7,0.79114532241592,0.866370808235468,hsa04068,FoxO signaling pathway,PRMT1,FOXO3,discordant
Rps6ka1,Ppp1cb,liver,cDC,731,0.380300957592339,0.359781121751026,0.157318741450068,0.0319497640798706,0.388374994841888,0.473794681606565,1.29096311522192e-07,-0.550987753213624,0.199876695970413,7,0.79114532241592,0.638796882889068,hsa04931,Insulin resistance,RPS6KA1,PPP1CB,discordant
Akt2,Ppp1cb,liver,T_cell,2018,0.0887016848364718,0.210109018830525,0.0232903865213082,0.0192082438039516,0.38845609496368,0.78677150786309,0,-0.416299357892363,0.352881768420618,7,0.79114532241592,0.736405008417742,hsa04910,Insulin signaling pathway,AKT2,PPP1CB,discordant
Prkce,Mapk8,liver,T_cell,2018,0.0346878097125867,0.0594648166501487,0.00148662041625372,-0.0191957223497183,0.388765483481628,,,0.348753087253283,0.443277449728194,7,0.79114532241592,0.766382198007776,hsa04931,Insulin resistance,PRKCE,MAPK8,discordant
Stk11,Foxo3,liver,NK_cell,596,0.169463087248322,0.102348993288591,0.0151006711409396,-0.0352810586555232,0.389910386047272,,,-0.251648774098127,0.586185347991617,7,0.792050909332569,0.842477401576591,hsa04068,FoxO signaling pathway,STK11,FOXO3,discordant
Rhoa,Rock1,liver,B_cell,7386,0.7856756024912,0.391416192797184,0.317627944760357,0.00999911360393087,0.390220110206549,0.146475205366221,1.00876615007036e-12,0.38194372444105,0.397833679460026,7,0.792050909332569,0.754844053477871,hsa04510,Focal adhesion,RHOA,ROCK1,discordant
Akt1,Foxo3,liver,LSEC,745,0.153020134228188,0.0523489932885906,0.0134228187919463,0.031440032813514,0.391490878104395,0.781818181818182,0.0116512675298474,-0.460063450730593,0.29893277369356,7,0.792662439669518,0.697954645722017,hsa04068,FoxO signaling pathway,AKT1,FOXO3,coherent
Akt1,Foxo3,liver,LSEC,745,0.153020134228188,0.0523489932885906,0.0134228187919463,0.031440032813514,0.391490878104395,0.781818181818182,0.0116512675298474,-0.460063450730593,0.29893277369356,7,0.792662439669518,0.697954645722017,hsa04211,Longevity regulating pathway,AKT1,FOXO3,coherent
Akt1,Foxo3,liver,LSEC,745,0.153020134228188,0.0523489932885906,0.0134228187919463,0.031440032813514,0.391490878104395,0.781818181818182,0.0116512675298474,-0.460063450730593,0.29893277369356,7,0.792662439669518,0.697954645722017,hsa04213,Longevity regulating pathway - multiple species,AKT1,FOXO3,coherent
Akt2,Foxo3,liver,T_cell,2018,0.0887016848364718,0.0782953419226957,0.00644202180376611,-0.0190815604120399,0.391593182059634,0.752747252747253,0.00438717111438994,-0.455389350005521,0.304509605422797,7,0.792662439669518,0.701579399278074,hsa04068,FoxO signaling pathway,AKT2,FOXO3,coherent
Akt2,Foxo3,liver,T_cell,2018,0.0887016848364718,0.0782953419226957,0.00644202180376611,-0.0190815604120399,0.391593182059634,0.752747252747253,0.00438717111438994,-0.455389350005521,0.304509605422797,7,0.792662439669518,0.701579399278074,hsa04211,Longevity regulating pathway,AKT2,FOXO3,coherent
Akt2,Foxo3,liver,T_cell,2018,0.0887016848364718,0.0782953419226957,0.00644202180376611,-0.0190815604120399,0.391593182059634,0.752747252747253,0.00438717111438994,-0.455389350005521,0.304509605422797,7,0.792662439669518,0.701579399278074,hsa04213,Longevity regulating pathway - multiple species,AKT2,FOXO3,coherent
Ogt,Pdpk1,liver,NK_cell,596,0.37248322147651,0.167785234899329,0.075503355704698,0.0350367983666836,0.393202662820747,0.588010540184453,3.09740941041488e-05,-0.430949760101774,0.334395948538464,7,0.792662439669518,0.726601384893788,hsa04931,Insulin resistance,OGT,PDPK1,coherent
Rock2,Myl12a,liver,Kupffer_cell,202,0.257425742574257,0.475247524752475,0.133663366336634,-0.060360819383484,0.393469147190832,0.443291105760014,0.0205638413924634,-0.103640835155336,0.824997285128635,7,0.792662439669518,0.950382335071092,hsa04510,Focal adhesion,ROCK2,MYL12A,coherent
Akt1,Pde3b,liver,NK_cell,596,0.13255033557047,0.241610738255034,0.0302013422818792,-0.0350007157434263,0.393690424693344,0.665634674922601,0.00330578694908948,-0.859308581459606,0.0132001649401725,7,0.792662439669518,0.400406768374144,hsa04371,Apelin signaling pathway,AKT1,PDE3B,discordant
Akt1,Pde3b,liver,NK_cell,596,0.13255033557047,0.241610738255034,0.0302013422818792,-0.0350007157434263,0.393690424693344,0.665634674922601,0.00330578694908948,-0.859308581459606,0.0132001649401725,7,0.792662439669518,0.400406768374144,hsa04910,Insulin signaling pathway,AKT1,PDE3B,discordant
Prmt1,Foxo3,liver,LSEC,745,0.0885906040268456,0.0523489932885906,0.00536912751677852,-0.0312927345115606,0.393714703054414,,,0.40863379599635,0.362719748302155,7,0.792662439669518,0.736405008417742,hsa04068,FoxO signaling pathway,PRMT1,FOXO3,discordant
Ikbkg,Irs2,liver,Monocyte,920,0.0304347826086957,0.0891304347826087,0.00217391304347826,-0.0281039124951817,0.394523243587964,,,0.0722764316825729,0.877619953353131,7,0.792662439669518,0.965628125393452,hsa04920,Adipocytokine signaling pathway,IKBKG,IRS2,coherent
Pik3ca,Akt1,liver,Cholangiocyte,636,0.15251572327044,0.29559748427673,0.0471698113207547,-0.0338159431896494,0.394563011715675,0.566629588431591,0.00132468627976367,0.478072138913338,0.277873853901099,7,0.792662439669518,0.687767885135246,hsa04518,Integrin signaling,PIK3CA,AKT1,discordant
Pik3ca,Akt1,liver,Cholangiocyte,636,0.15251572327044,0.29559748427673,0.0471698113207547,-0.0338159431896494,0.394563011715675,0.566629588431591,0.00132468627976367,0.478072138913338,0.277873853901099,7,0.792662439669518,0.687767885135246,hsa04935,"Growth hormone synthesis, secretion and action",PIK3CA,AKT1,discordant
Gnb2,Rras2,liver,B_cell,7386,0.375710804224208,0.0955862442458706,0.0373679935012185,-0.00988811058944394,0.395503373788445,0.534855348356764,7.96876145786375e-22,0.5575061690088,0.193495375270553,7,0.793281193551752,0.638796882889068,hsa04371,Apelin signaling pathway,GNB2,RRAS2,discordant
Stat3,Foxo3,liver,Neutrophil,572,0.332167832167832,0.0734265734265734,0.0244755244755245,-0.0355649729325171,0.39588220175336,0.872527472527473,0,-0.194768995019972,0.675585634378943,7,0.793281193551752,0.886282491923547,hsa04068,FoxO signaling pathway,STAT3,FOXO3,discordant
Foxo3,Cdkn1a,liver,Monocyte,920,0.101086956521739,0.559782608695652,0.0695652173913044,0.027931371655049,0.397433518543371,0.260119047619048,0.0381988925032301,0.638360405281612,0.122848618923437,7,0.793403066584272,0.572290774997326,hsa04068,FoxO signaling pathway,FOXO3,CDKN1A,discordant
Kras,Araf,liver,Monocyte,920,0.482608695652174,0.0956521739130435,0.0510869565217391,0.0279275204933602,0.397498623828023,0.417900092506938,0.00372725595585155,-0.269587066665258,0.558782785442051,7,0.793403066584272,0.834186670179427,hsa04068,FoxO signaling pathway,KRAS,ARAF,discordant
Kras,Araf,liver,Monocyte,920,0.482608695652174,0.0956521739130435,0.0510869565217391,0.0279275204933602,0.397498623828023,0.417900092506938,0.00372725595585155,-0.269587066665258,0.558782785442051,7,0.793403066584272,0.834186670179427,hsa04910,Insulin signaling pathway,KRAS,ARAF,discordant
Vav2,Rac1,liver,B_cell,7386,0.0622799891686975,0.246682913620363,0.0155699972921744,-0.00983992535066465,0.397810170582719,0.728349835191573,2.86134556189428e-20,0.39137963074579,0.385269512108131,7,0.793403066584272,0.751742955117762,hsa04510,Focal adhesion,VAV2,RAC1,discordant
Foxo3,Bcl2l11,liver,LSEC,745,0.0523489932885906,0.0805369127516778,0.00671140939597315,0.0310057332603297,0.398069549967381,,,-0.0222650320405501,0.96221107586314,7,0.793403066584272,0.987122648336947,hsa04068,FoxO signaling pathway,FOXO3,BCL2L11,discordant
Ptprf,Shc1,liver,HSC_Fibroblast,2024,0.0696640316205534,0.111660079051383,0.0118577075098814,-0.0187670871895629,0.398745908267219,0.540869565217391,0.00713313177859831,0.644467391768765,0.118167042498499,7,0.793403066584272,0.560133201450587,hsa04910,Insulin signaling pathway,PTPRF,SHC1,coherent
Map2k7,Mapk8,liver,Cholangiocyte,636,0.196540880503145,0.111635220125786,0.0251572327044025,-0.0334676259505711,0.39945380506202,0.626470588235294,0.0111157803526433,0.399563814886324,0.37450418508163,7,0.793403066584272,0.747264531488988,hsa04936,Alcoholic liver disease,MAP2K7,MAPK8,discordant
Pik3ca,Akt2,liver,pDC,748,0.132352941176471,0.172459893048128,0.0200534759358289,-0.0308507726927319,0.399482742257218,0.510714285714286,0.054295541055358,0.772039370950075,0.0419658648606099,7,0.793403066584272,0.468477290281202,hsa04518,Integrin signaling,PIK3CA,AKT2,discordant
Pik3ca,Akt2,liver,pDC,748,0.132352941176471,0.172459893048128,0.0200534759358289,-0.0308507726927319,0.399482742257218,0.510714285714286,0.054295541055358,0.772039370950075,0.0419658648606099,7,0.793403066584272,0.468477290281202,hsa04935,"Growth hormone synthesis, secretion and action",PIK3CA,AKT2,discordant
Stat3,Ppargc1a,liver,Cholangiocyte,636,0.262578616352201,0.166666666666667,0.0660377358490566,0.033244613011186,0.402604193889922,0.227777327607163,0.146526996143346,0.531840965462637,0.219193624737776,7,0.796917054429616,0.655075804216324,hsa04920,Adipocytokine signaling pathway,STAT3,PPARGC1A,coherent
Foxo3,Cdkn1a,liver,T_cell,2018,0.0782953419226957,0.0777998017839445,0.00495540138751239,-0.0186284436044485,0.402938967951213,0.660606060606061,0.0440265528478427,-0.4096404618858,0.361421391393369,7,0.796917054429616,0.736405008417742,hsa04068,FoxO signaling pathway,FOXO3,CDKN1A,discordant
Foxo3,Ccnd1,liver,Monocyte,920,0.101086956521739,0.0489130434782609,0.00326086956521739,-0.0275120198509394,0.404560466557414,,,0.292954667331246,0.523728359962496,7,0.796917054429616,0.810962141605087,hsa04068,FoxO signaling pathway,FOXO3,CCND1,discordant
Ppp1cb,Pygb,liver,Cholangiocyte,636,0.378930817610063,0.273584905660377,0.143081761006289,0.033018916160626,0.405807577874664,0.364309603440038,0.000419824909698079,0.279206723821131,0.544261361160319,7,0.796917054429616,0.823477411437358,hsa04931,Insulin resistance,PPP1CB,PYGB,coherent
Foxo3,Rbl2,liver,Kupffer_cell,202,0.0346534653465347,0.0544554455445545,0.00495049504950495,0.0587845590919009,0.405962537372775,,,0.669563757075292,0.0999135190052452,7,0.796917054429616,0.540699031691291,hsa04068,FoxO signaling pathway,FOXO3,RBL2,coherent
Met,Pik3ca,liver,Monocyte,920,0.0347826086956522,0.0967391304347826,0.00652173913043478,0.0274175033526469,0.406177265533501,,,-0.456573715588633,0.303092217178382,7,0.796917054429616,0.700370675630164,hsa04510,Focal adhesion,MET,PIK3CA,coherent
Rps6ka1,Ppp1cb,liver,Cholangiocyte,636,0.124213836477987,0.378930817610063,0.050314465408805,-0.0329810274606106,0.406346828682324,0.730205278592376,4.6310352262151e-06,0.781692083094164,0.0378748014384988,7,0.796917054429616,0.464262214507848,hsa04931,Insulin resistance,RPS6KA1,PPP1CB,discordant
Foxo3,Cdkn1a,liver,Macrophage_other,214,0.0700934579439252,0.275700934579439,0.0186915887850467,-0.0569805445176265,0.406908901953363,,,0.285567003348497,0.714432996651503,4,0.796917054429616,0.906002829312777,hsa04068,FoxO signaling pathway,FOXO3,CDKN1A,discordant
Fas,Fadd,liver,LSEC,745,0.157046979865772,0.0214765100671141,0.00536912751677852,0.030373703452566,0.407761296027006,,,-0.367830440044062,0.416923624676058,7,0.796917054429616,0.760853000388159,hsa04936,Alcoholic liver disease,FAS,FADD,discordant
Prkaa2,Foxo3,liver,Cholangiocyte,636,0.124213836477987,0.256289308176101,0.0440251572327044,0.0328560394889588,0.408128742921824,0.222769567597154,0.253375692108378,0.418001222014087,0.350712904372556,7,0.796917054429616,0.736405008417742,hsa04068,FoxO signaling pathway,PRKAA2,FOXO3,discordant
Prkaa2,Foxo3,liver,Cholangiocyte,636,0.124213836477987,0.256289308176101,0.0440251572327044,0.0328560394889588,0.408128742921824,0.222769567597154,0.253375692108378,0.418001222014087,0.350712904372556,7,0.796917054429616,0.736405008417742,hsa04211,Longevity regulating pathway,PRKAA2,FOXO3,discordant
Ppp1cb,Pygb,liver,NK_cell,596,0.23489932885906,0.063758389261745,0.0100671140939597,-0.0339334260654146,0.408282675931966,,,0.467457703620343,0.290203389908071,7,0.796917054429616,0.693277012103684,hsa04931,Insulin resistance,PPP1CB,PYGB,coherent
Rhoa,Rock2,liver,NK_cell,596,0.778523489932886,0.176174496644295,0.139261744966443,-0.0339140200404453,0.408550940163388,0.275030435330171,0.0120779814320678,-0.144390581809258,0.757422186251392,7,0.796917054429616,0.922917502692876,hsa04510,Focal adhesion,RHOA,ROCK2,discordant
Traf2,Mapk8,liver,Cholangiocyte,636,0.124213836477987,0.111635220125786,0.0157232704402516,-0.0328095314346419,0.408792977352703,0.927272727272727,0.000130162394465275,0.381923598653224,0.397860649722663,7,0.796917054429616,0.754844053477871,hsa04920,Adipocytokine signaling pathway,TRAF2,MAPK8,discordant
Rac1,Mapk8,liver,T_cell,2018,0.400396432111001,0.0594648166501487,0.0267591674925669,-0.0183874422234536,0.409052868600571,0.578273299028016,7.06678464006872e-06,-0.116952654287483,0.802810058770053,7,0.796917054429616,0.94002283818607,hsa04510,Focal adhesion,RAC1,MAPK8,coherent
Kras,Pik3ca,liver,NK_cell,596,0.308724832214765,0.0671140939597315,0.023489932885906,-0.033814612663883,0.409926764678231,0.340659340659341,0.233428256854,0.929751343808699,0.00241827706056396,7,0.796917054429616,0.280744672159286,hsa04211,Longevity regulating pathway,KRAS,PIK3CA,coherent
Kras,Pik3ca,liver,NK_cell,596,0.308724832214765,0.0671140939597315,0.023489932885906,-0.033814612663883,0.409926764678231,0.340659340659341,0.233428256854,0.929751343808699,0.00241827706056396,7,0.796917054429616,0.280744672159286,hsa04213,Longevity regulating pathway - multiple species,KRAS,PIK3CA,coherent
Met,Pik3ca,liver,Cholangiocyte,636,0.196540880503145,0.15251572327044,0.0424528301886792,0.0327163673892905,0.410125488587289,0.42979242979243,0.0262236411352079,0.36341519449132,0.422967564915247,7,0.796917054429616,0.760853000388159,hsa04510,Focal adhesion,MET,PIK3CA,coherent
Pik3ca,Pdpk1,liver,LSEC,745,0.0993288590604027,0.119463087248322,0.0120805369127517,-0.0302102983018664,0.410289650057136,,,-0.0424012964819358,0.928082013719384,7,0.796917054429616,0.976217405419447,hsa04910,Insulin signaling pathway,PIK3CA,PDPK1,discordant
Akt2,Foxo3,liver,HSC_Fibroblast,2024,0.175395256916996,0.113142292490119,0.0321146245059289,-0.0183076189745616,0.41039450604151,0.348601398601399,0.00463235889295194,-0.0411650220023415,0.930175284322545,7,0.796917054429616,0.976217405419447,hsa04068,FoxO signaling pathway,AKT2,FOXO3,coherent
Akt2,Foxo3,liver,HSC_Fibroblast,2024,0.175395256916996,0.113142292490119,0.0321146245059289,-0.0183076189745616,0.41039450604151,0.348601398601399,0.00463235889295194,-0.0411650220023415,0.930175284322545,7,0.796917054429616,0.976217405419447,hsa04211,Longevity regulating pathway,AKT2,FOXO3,coherent
Akt2,Foxo3,liver,HSC_Fibroblast,2024,0.175395256916996,0.113142292490119,0.0321146245059289,-0.0183076189745616,0.41039450604151,0.348601398601399,0.00463235889295194,-0.0411650220023415,0.930175284322545,7,0.796917054429616,0.976217405419447,hsa04213,Longevity regulating pathway - multiple species,AKT2,FOXO3,coherent
Foxo3,Ccnd1,liver,Macrophage_other,214,0.0700934579439252,0.345794392523364,0.0233644859813084,-0.0564895556559893,0.410970034813942,,,-0.512578908070528,0.487421091929472,4,0.797048188656458,0.797459534136957,hsa04068,FoxO signaling pathway,FOXO3,CCND1,discordant
Pik3cd,Akt2,liver,cDC,731,0.283173734610123,0.186046511627907,0.0656634746922025,0.0303418156471341,0.41270840812004,0.639491966999566,1.88725270105492e-06,0.470797692452217,0.286297970026563,7,0.798503766349758,0.693277012103684,hsa04518,Integrin signaling,PIK3CD,AKT2,coherent
Pik3cd,Akt2,liver,cDC,731,0.283173734610123,0.186046511627907,0.0656634746922025,0.0303418156471341,0.41270840812004,0.639491966999566,1.88725270105492e-06,0.470797692452217,0.286297970026563,7,0.798503766349758,0.693277012103684,hsa04935,"Growth hormone synthesis, secretion and action",PIK3CD,AKT2,coherent
Rps6kb2,Rps6,liver,Monocyte,920,0.0728260869565217,0.942391304347826,0.0684782608695652,-0.0270362255140451,0.412738403129161,-0.0223694316436252,0.861595110366286,0.91346247955141,0.00403671742293704,7,0.798503766349758,0.336217582018999,hsa04371,Apelin signaling pathway,RPS6KB2,RPS6,discordant
Rps6kb2,Rps6,liver,Monocyte,920,0.0728260869565217,0.942391304347826,0.0684782608695652,-0.0270362255140451,0.412738403129161,-0.0223694316436252,0.861595110366286,0.91346247955141,0.00403671742293704,7,0.798503766349758,0.336217582018999,hsa04910,Insulin signaling pathway,RPS6KB2,RPS6,discordant
Ppp1cb,Calm1,liver,Neutrophil,572,0.148601398601399,0.711538461538462,0.115384615384615,0.0342737122110345,0.41326855124763,0.089280868385346,0.47498923245481,0.179541854030592,0.70008908761075,7,0.798544774516665,0.899347528919335,hsa04910,Insulin signaling pathway,PPP1CB,CALM1,discordant
Ppp1cb,Pygb,liver,Monocyte,920,0.342391304347826,0.0467391304347826,0.0141304347826087,-0.0268939249803759,0.415203129508495,0.423076923076923,0.151600445321061,-0.0316746435106651,0.946254425570364,7,0.801296076505325,0.979982306085743,hsa04931,Insulin resistance,PPP1CB,PYGB,coherent
Pik3r2,Pdpk1,liver,HSC_Fibroblast,2024,0.0933794466403162,0.115612648221344,0.0217391304347826,0.0179507730596183,0.419579236835704,0.62861169837914,8.06263682725536e-06,0.617626104654716,0.139437990330585,7,0.807257320924409,0.579702520344588,hsa04910,Insulin signaling pathway,PIK3R2,PDPK1,coherent
Hras,Pik3r2,liver,Kupffer_cell,202,0.0940594059405941,0.0396039603960396,0,-0.0570880908415032,0.419667989368237,,,-0.169035927274716,0.717117801864297,7,0.807257320924409,0.907385347681517,hsa04211,Longevity regulating pathway,HRAS,PIK3R2,coherent
Hras,Pik3r2,liver,Kupffer_cell,202,0.0940594059405941,0.0396039603960396,0,-0.0570880908415032,0.419667989368237,,,-0.169035927274716,0.717117801864297,7,0.807257320924409,0.907385347681517,hsa04213,Longevity regulating pathway - multiple species,HRAS,PIK3R2,coherent
Hras,Pik3r2,liver,Kupffer_cell,202,0.0940594059405941,0.0396039603960396,0,-0.0570880908415032,0.419667989368237,,,-0.169035927274716,0.717117801864297,7,0.807257320924409,0.907385347681517,hsa04510,Focal adhesion,HRAS,PIK3R2,coherent
Prkce,Rras2,liver,Cholangiocyte,636,0.0770440251572327,0.116352201257862,0.0125786163522013,0.032042816825607,0.41983554740237,,,0.262657535359923,0.569319352807496,7,0.807257320924409,0.83482435939716,hsa04371,Apelin signaling pathway,PRKCE,RRAS2,discordant
Socs3,Srebf1,liver,pDC,748,0.153743315508021,0.116310160427807,0.017379679144385,-0.0294635813678562,0.421025220175412,1,0,0.442079243721691,0.320636321717012,7,0.808174970211339,0.714749906291111,hsa04931,Insulin resistance,SOCS3,SREBF1,coherent
Bcl2l1,Bax,liver,Kupffer_cell,202,0.0495049504950495,0.217821782178218,0.0099009900990099,-0.0568235731757935,0.421829041364539,,,0.0901088006318875,0.847646833125814,7,0.808174970211339,0.95749307499957,hsa04115,p53 signaling pathway,BCL2L1,BAX,discordant
Ogt,Akt1,liver,NK_cell,596,0.37248322147651,0.13255033557047,0.0570469798657718,0.0329110547432892,0.42255772128718,0.776623376623377,6.77675270496631e-07,-0.660582514195036,0.106263298127929,7,0.808174970211339,0.542403644629583,hsa04931,Insulin resistance,OGT,AKT1,coherent
Akt1,Foxo3,liver,Kupffer_cell,202,0.158415841584158,0.0346534653465347,0.00495049504950495,-0.0567079976274838,0.422775297729369,,,0.348026641900945,0.444293129357334,7,0.808174970211339,0.76688220017784,hsa04068,FoxO signaling pathway,AKT1,FOXO3,coherent
Akt1,Foxo3,liver,Kupffer_cell,202,0.158415841584158,0.0346534653465347,0.00495049504950495,-0.0567079976274838,0.422775297729369,,,0.348026641900945,0.444293129357334,7,0.808174970211339,0.76688220017784,hsa04211,Longevity regulating pathway,AKT1,FOXO3,coherent
Akt1,Foxo3,liver,Kupffer_cell,202,0.158415841584158,0.0346534653465347,0.00495049504950495,-0.0567079976274838,0.422775297729369,,,0.348026641900945,0.444293129357334,7,0.808174970211339,0.76688220017784,hsa04213,Longevity regulating pathway - multiple species,AKT1,FOXO3,coherent
Foxo3,Rbl2,liver,cDC,731,0.0984952120383037,0.132694938440493,0.012311901504788,-0.0296858781616631,0.422888241264187,,,0.788742187618614,0.035033059047934,7,0.808174970211339,0.456599020681271,hsa04068,FoxO signaling pathway,FOXO3,RBL2,coherent
Tnfrsf1a,Srebf1,liver,cDC,731,0.450068399452804,0.06703146374829,0.0355677154582763,-0.0296178778948431,0.423951902316794,-0.00786324786324786,0.970687117158124,0.202049726064828,0.663948187406412,7,0.809222061721473,0.87984350172353,hsa04936,Alcoholic liver disease,TNFRSF1A,SREBF1,coherent
Srebf1,Hk3,liver,NK_cell,596,0.0503355704697987,0.0218120805369128,0,-0.0327277127607457,0.425148162078845,,,-0.5297150094638,0.221390668961529,7,0.809270551258993,0.655635980999837,hsa04910,Insulin signaling pathway,SREBF1,HK3,coherent
Ppp1cb,Myl12a,liver,LSEC,745,0.220134228187919,0.296644295302013,0.0899328859060403,0.029236956088528,0.425541659871032,0.357889695905499,0.00310571624023952,-0.557895104869755,0.193117779340995,7,0.809270551258993,0.638796882889068,hsa04510,Focal adhesion,PPP1CB,MYL12A,discordant
Gnb2,Rras2,liver,Cholangiocyte,636,0.75314465408805,0.116352201257862,0.106918238993711,0.0316396599304201,0.425711475913485,0.107187845936558,0.383414241150738,0.156378611783645,0.737757499576505,7,0.809270551258993,0.919121859895631,hsa04371,Apelin signaling pathway,GNB2,RRAS2,discordant
Tnfrsf1a,Srebf1,liver,HSC_Fibroblast,2024,0.243577075098814,0.0637351778656127,0.0296442687747036,0.0177008859542281,0.426082275012824,0.313531536537927,0.0150450848351387,0.570882257473042,0.180714932674984,7,0.809270551258993,0.631855080442306,hsa04936,Alcoholic liver disease,TNFRSF1A,SREBF1,coherent
Gnb2,Kras,liver,LSEC,745,0.420134228187919,0.197315436241611,0.103355704697987,0.0291729384685487,0.426556243397825,0.389074012009639,0.000470275784603345,-0.0382747920541507,0.935070279026642,7,0.809270551258993,0.977571308315948,hsa04371,Apelin signaling pathway,GNB2,KRAS,discordant
Rps6kb2,Rps6,liver,B_cell,7386,0.0460330354725156,0.967099918765232,0.0449499052261034,0.00922571395071969,0.427919114740216,-0.0107597191177739,0.845144288599854,0.409735018505512,0.361299535123015,7,0.809920481814144,0.736405008417742,hsa04371,Apelin signaling pathway,RPS6KB2,RPS6,discordant
Rps6kb2,Rps6,liver,B_cell,7386,0.0460330354725156,0.967099918765232,0.0449499052261034,0.00922571395071969,0.427919114740216,-0.0107597191177739,0.845144288599854,0.409735018505512,0.361299535123015,7,0.809920481814144,0.736405008417742,hsa04910,Insulin signaling pathway,RPS6KB2,RPS6,discordant
Pdpk1,Sgk1,liver,HSC_Fibroblast,2024,0.115612648221344,0.210474308300395,0.0434782608695652,0.0176143404147557,0.428348154817378,0.280669930611814,0.00826495232633104,0.0102726177702204,0.982561582579104,7,0.809920481814144,0.997401784703893,hsa04068,FoxO signaling pathway,PDPK1,SGK1,coherent
Rac2,Mapk8,liver,Macrophage_other,214,0.425233644859813,0.0654205607476636,0.0420560747663551,0.0544083905335778,0.428447418677973,,,0.31610481364141,0.68389518635859,4,0.809920481814144,0.893336874233346,hsa04510,Focal adhesion,RAC2,MAPK8,discordant
Foxo3,Plk3,liver,pDC,748,0.124331550802139,0.0254010695187166,0.00668449197860963,0.0289342839659988,0.429421041816288,,,-0.0983957711372758,0.83376560203333,7,0.810466510488852,0.952435362853783,hsa04068,FoxO signaling pathway,FOXO3,PLK3,discordant
Ogt,Akt2,liver,Kupffer_cell,202,0.099009900990099,0.103960396039604,0.0148514851485149,-0.0558583579715855,0.429769366938639,,,0.135420816892767,0.772204691526182,7,0.810466510488852,0.928168861153009,hsa04931,Insulin resistance,OGT,AKT2,coherent
Ikbkg,Irs2,liver,Cholangiocyte,636,0.0864779874213837,0.161949685534591,0.020440251572327,0.0313271451885578,0.430299081366099,0.274725274725275,0.36326172461083,0.295416233228275,0.52008005885267,7,0.810491306918859,0.809978950573167,hsa04920,Adipocytokine signaling pathway,IKBKG,IRS2,coherent
Gnai3,Prkce,liver,LSEC,745,0.12751677852349,0.212080536912752,0.0281879194630873,-0.0288927988049231,0.431012563668707,0.722077922077922,0.000325062535623683,-0.364190684804997,0.42190356860634,7,0.810721142933522,0.760853000388159,hsa04371,Apelin signaling pathway,GNAI3,PRKCE,discordant
Pik3ca,Pdpk1,liver,Monocyte,920,0.0967391304347826,0.11195652173913,0.00869565217391304,-0.0259678291973997,0.431454527947413,,,0.524439262665194,0.2268874500392,7,0.810721142933522,0.661684775300195,hsa04910,Insulin signaling pathway,PIK3CA,PDPK1,discordant
Irs2,Pik3ca,liver,cDC,731,0.0752393980848153,0.143638850889193,0.0136798905608755,-0.028962165388828,0.434288413186852,0.381818181818182,0.278965216116318,-0.23487868771088,0.612164840833576,7,0.815070000347095,0.856515003814906,hsa04068,FoxO signaling pathway,IRS2,PIK3CA,coherent
Irs2,Pik3ca,liver,cDC,731,0.0752393980848153,0.143638850889193,0.0136798905608755,-0.028962165388828,0.434288413186852,0.381818181818182,0.278965216116318,-0.23487868771088,0.612164840833576,7,0.815070000347095,0.856515003814906,hsa04081,Hormone signaling,IRS2,PIK3CA,coherent
Irs2,Pik3ca,liver,cDC,731,0.0752393980848153,0.143638850889193,0.0136798905608755,-0.028962165388828,0.434288413186852,0.381818181818182,0.278965216116318,-0.23487868771088,0.612164840833576,7,0.815070000347095,0.856515003814906,hsa04152,AMPK signaling pathway,IRS2,PIK3CA,coherent
Irs2,Pik3ca,liver,cDC,731,0.0752393980848153,0.143638850889193,0.0136798905608755,-0.028962165388828,0.434288413186852,0.381818181818182,0.278965216116318,-0.23487868771088,0.612164840833576,7,0.815070000347095,0.856515003814906,hsa04211,Longevity regulating pathway,IRS2,PIK3CA,coherent
Irs2,Pik3ca,liver,cDC,731,0.0752393980848153,0.143638850889193,0.0136798905608755,-0.028962165388828,0.434288413186852,0.381818181818182,0.278965216116318,-0.23487868771088,0.612164840833576,7,0.815070000347095,0.856515003814906,hsa04213,Longevity regulating pathway - multiple species,IRS2,PIK3CA,coherent
Irs2,Pik3ca,liver,cDC,731,0.0752393980848153,0.143638850889193,0.0136798905608755,-0.028962165388828,0.434288413186852,0.381818181818182,0.278965216116318,-0.23487868771088,0.612164840833576,7,0.815070000347095,0.856515003814906,hsa04910,Insulin signaling pathway,IRS2,PIK3CA,coherent
Irs2,Pik3ca,liver,cDC,731,0.0752393980848153,0.143638850889193,0.0136798905608755,-0.028962165388828,0.434288413186852,0.381818181818182,0.278965216116318,-0.23487868771088,0.612164840833576,7,0.815070000347095,0.856515003814906,hsa04931,Insulin resistance,IRS2,PIK3CA,coherent
Irs2,Pik3ca,liver,cDC,731,0.0752393980848153,0.143638850889193,0.0136798905608755,-0.028962165388828,0.434288413186852,0.381818181818182,0.278965216116318,-0.23487868771088,0.612164840833576,7,0.815070000347095,0.856515003814906,hsa04935,"Growth hormone synthesis, secretion and action",IRS2,PIK3CA,coherent
Map2k4,Mapk8,liver,B_cell,7386,0.0594367722718657,0.0602491199566748,0.00338478202003791,-0.00908431438888034,0.435033869191464,0.914615384615385,1.86927030323851e-06,0.751071935276311,0.0516562473675577,7,0.815493597086508,0.48099432284387,hsa04935,"Growth hormone synthesis, secretion and action",MAP2K4,MAPK8,coherent
Map2k4,Mapk8,liver,B_cell,7386,0.0594367722718657,0.0602491199566748,0.00338478202003791,-0.00908431438888034,0.435033869191464,0.914615384615385,1.86927030323851e-06,0.751071935276311,0.0516562473675577,7,0.815493597086508,0.48099432284387,hsa04936,Alcoholic liver disease,MAP2K4,MAPK8,coherent
Irs2,Pik3cd,liver,pDC,748,0.224598930481283,0.351604278074866,0.0909090909090909,0.028502445678824,0.436342306117045,0.389624766194602,0.00111072129670998,0.674545711968759,0.0964793157456212,7,0.815521663971173,0.538696261307664,hsa04068,FoxO signaling pathway,IRS2,PIK3CD,discordant
Irs2,Pik3cd,liver,pDC,748,0.224598930481283,0.351604278074866,0.0909090909090909,0.028502445678824,0.436342306117045,0.389624766194602,0.00111072129670998,0.674545711968759,0.0964793157456212,7,0.815521663971173,0.538696261307664,hsa04081,Hormone signaling,IRS2,PIK3CD,discordant
Irs2,Pik3cd,liver,pDC,748,0.224598930481283,0.351604278074866,0.0909090909090909,0.028502445678824,0.436342306117045,0.389624766194602,0.00111072129670998,0.674545711968759,0.0964793157456212,7,0.815521663971173,0.538696261307664,hsa04152,AMPK signaling pathway,IRS2,PIK3CD,discordant
Irs2,Pik3cd,liver,pDC,748,0.224598930481283,0.351604278074866,0.0909090909090909,0.028502445678824,0.436342306117045,0.389624766194602,0.00111072129670998,0.674545711968759,0.0964793157456212,7,0.815521663971173,0.538696261307664,hsa04211,Longevity regulating pathway,IRS2,PIK3CD,discordant
Irs2,Pik3cd,liver,pDC,748,0.224598930481283,0.351604278074866,0.0909090909090909,0.028502445678824,0.436342306117045,0.389624766194602,0.00111072129670998,0.674545711968759,0.0964793157456212,7,0.815521663971173,0.538696261307664,hsa04213,Longevity regulating pathway - multiple species,IRS2,PIK3CD,discordant
Irs2,Pik3cd,liver,pDC,748,0.224598930481283,0.351604278074866,0.0909090909090909,0.028502445678824,0.436342306117045,0.389624766194602,0.00111072129670998,0.674545711968759,0.0964793157456212,7,0.815521663971173,0.538696261307664,hsa04910,Insulin signaling pathway,IRS2,PIK3CD,discordant
Irs2,Pik3cd,liver,pDC,748,0.224598930481283,0.351604278074866,0.0909090909090909,0.028502445678824,0.436342306117045,0.389624766194602,0.00111072129670998,0.674545711968759,0.0964793157456212,7,0.815521663971173,0.538696261307664,hsa04931,Insulin resistance,IRS2,PIK3CD,discordant
Irs2,Pik3cd,liver,pDC,748,0.224598930481283,0.351604278074866,0.0909090909090909,0.028502445678824,0.436342306117045,0.389624766194602,0.00111072129670998,0.674545711968759,0.0964793157456212,7,0.815521663971173,0.538696261307664,hsa04935,"Growth hormone synthesis, secretion and action",IRS2,PIK3CD,discordant
Foxo3,Plk3,liver,cDC,731,0.0984952120383037,0.094391244870041,0.0150478796169631,0.0287973537602804,0.436909135374565,0.527272727272727,0.100128813234869,-0.72034104262321,0.0678664468172845,7,0.815521663971173,0.50465618510104,hsa04068,FoxO signaling pathway,FOXO3,PLK3,discordant
Crk,Rapgef1,liver,Cholangiocyte,636,0.281446540880503,0.124213836477987,0.0424528301886792,-0.0308365534710935,0.437558240689787,0.0885225885225885,0.659537010442166,-0.736089673956591,0.0592598882171359,7,0.815521663971173,0.485587250512913,hsa04510,Focal adhesion,CRK,RAPGEF1,coherent
Ppp1cb,Calm1,liver,B_cell,7386,0.196994313566206,0.753858651502843,0.155564581640942,0.00902989570688343,0.437790123582402,0.132583918617852,6.50686194278778e-06,0.717964342336215,0.0692200781350349,7,0.815521663971173,0.506654087900504,hsa04910,Insulin signaling pathway,PPP1CB,CALM1,discordant
Foxo3,Cdkn1a,liver,cDC,731,0.0984952120383037,0.393980848153215,0.0383036935704514,-0.0286925936996339,0.438579672467846,0.298850574712644,0.122410782754125,-0.618139975702468,0.13901393927338,7,0.815521663971173,0.579702520344588,hsa04068,FoxO signaling pathway,FOXO3,CDKN1A,discordant
Rps6kb2,Rps6,liver,cDC,731,0.112175102599179,0.982216142270862,0.110807113543092,-0.0286632377675993,0.439048447745366,-0.100180668473351,0.372802884115458,0.73578243500733,0.0594217667931672,7,0.815521663971173,0.485587250512913,hsa04371,Apelin signaling pathway,RPS6KB2,RPS6,discordant
Rps6kb2,Rps6,liver,cDC,731,0.112175102599179,0.982216142270862,0.110807113543092,-0.0286632377675993,0.439048447745366,-0.100180668473351,0.372802884115458,0.73578243500733,0.0594217667931672,7,0.815521663971173,0.485587250512913,hsa04910,Insulin signaling pathway,RPS6KB2,RPS6,discordant
Rhoa,Pip5k1a,liver,pDC,748,0.937165775401069,0.112299465240642,0.106951871657754,0.0283261795799227,0.439185736813164,0.171298304012002,0.128692359062323,-0.34086105376726,0.454358431328361,7,0.815521663971173,0.775721848481174,hsa04510,Focal adhesion,RHOA,PIP5K1A,discordant
Prkce,Rras2,liver,cDC,731,0.051983584131327,0.0629274965800274,0.00410396716826265,-0.0285921700465178,0.440184493473628,,,0.68691563821918,0.0882247005087643,7,0.815521663971173,0.529025639397072,hsa04371,Apelin signaling pathway,PRKCE,RRAS2,discordant
Irs2,Pik3ca,liver,B_cell,7386,0.448415922014622,0.108448415922015,0.0541565123206066,0.00897787970553386,0.440434048376411,0.270280060879819,3.99176920756984e-08,0.522679496009299,0.228735041923042,7,0.815521663971173,0.663373901621538,hsa04068,FoxO signaling pathway,IRS2,PIK3CA,coherent
Irs2,Pik3ca,liver,B_cell,7386,0.448415922014622,0.108448415922015,0.0541565123206066,0.00897787970553386,0.440434048376411,0.270280060879819,3.99176920756984e-08,0.522679496009299,0.228735041923042,7,0.815521663971173,0.663373901621538,hsa04081,Hormone signaling,IRS2,PIK3CA,coherent
Irs2,Pik3ca,liver,B_cell,7386,0.448415922014622,0.108448415922015,0.0541565123206066,0.00897787970553386,0.440434048376411,0.270280060879819,3.99176920756984e-08,0.522679496009299,0.228735041923042,7,0.815521663971173,0.663373901621538,hsa04152,AMPK signaling pathway,IRS2,PIK3CA,coherent
Irs2,Pik3ca,liver,B_cell,7386,0.448415922014622,0.108448415922015,0.0541565123206066,0.00897787970553386,0.440434048376411,0.270280060879819,3.99176920756984e-08,0.522679496009299,0.228735041923042,7,0.815521663971173,0.663373901621538,hsa04211,Longevity regulating pathway,IRS2,PIK3CA,coherent
Irs2,Pik3ca,liver,B_cell,7386,0.448415922014622,0.108448415922015,0.0541565123206066,0.00897787970553386,0.440434048376411,0.270280060879819,3.99176920756984e-08,0.522679496009299,0.228735041923042,7,0.815521663971173,0.663373901621538,hsa04213,Longevity regulating pathway - multiple species,IRS2,PIK3CA,coherent
Irs2,Pik3ca,liver,B_cell,7386,0.448415922014622,0.108448415922015,0.0541565123206066,0.00897787970553386,0.440434048376411,0.270280060879819,3.99176920756984e-08,0.522679496009299,0.228735041923042,7,0.815521663971173,0.663373901621538,hsa04910,Insulin signaling pathway,IRS2,PIK3CA,coherent
Irs2,Pik3ca,liver,B_cell,7386,0.448415922014622,0.108448415922015,0.0541565123206066,0.00897787970553386,0.440434048376411,0.270280060879819,3.99176920756984e-08,0.522679496009299,0.228735041923042,7,0.815521663971173,0.663373901621538,hsa04931,Insulin resistance,IRS2,PIK3CA,coherent
Irs2,Pik3ca,liver,B_cell,7386,0.448415922014622,0.108448415922015,0.0541565123206066,0.00897787970553386,0.440434048376411,0.270280060879819,3.99176920756984e-08,0.522679496009299,0.228735041923042,7,0.815521663971173,0.663373901621538,hsa04935,"Growth hormone synthesis, secretion and action",IRS2,PIK3CA,coherent
Ppp1ca,Myl12a,liver,pDC,748,0.693850267379679,0.627005347593583,0.450534759358289,0.0282316017125369,0.440715784077921,0.218603842880654,5.18388893530958e-05,0.101265720458562,0.828966083387007,7,0.815521663971173,0.950765924586413,hsa04510,Focal adhesion,PPP1CA,MYL12A,coherent
Rock2,Ppp1r12a,liver,cDC,731,0.374829001367989,0.459644322845417,0.203830369357045,0.0285558127349204,0.440766329539551,0.440525014557254,1.88522166029579e-08,0.747277074706849,0.0535284480603368,7,0.815521663971173,0.48099432284387,hsa04510,Focal adhesion,ROCK2,PPP1R12A,discordant
Ppp1cb,Pygb,liver,Macrophage_other,214,0.196261682242991,0.0280373831775701,0.014018691588785,0.0528103875062245,0.44215388002722,,,0.355561716940449,0.644438283059551,4,0.815835894441127,0.871525750325537,hsa04931,Insulin resistance,PPP1CB,PYGB,coherent
Pik3ca,Prkcz,liver,T_cell,2018,0.0921704658077304,0.0480673934588702,0.00346878097125867,-0.0170963043354659,0.442734923364436,,,-0.144825238686327,0.756707314132172,7,0.815835894441127,0.922917502692876,hsa04910,Insulin signaling pathway,PIK3CA,PRKCZ,discordant
Pik3ca,Prkcz,liver,T_cell,2018,0.0921704658077304,0.0480673934588702,0.00346878097125867,-0.0170963043354659,0.442734923364436,,,-0.144825238686327,0.756707314132172,7,0.815835894441127,0.922917502692876,hsa04931,Insulin resistance,PIK3CA,PRKCZ,discordant
Tnfrsf1a,Tradd,liver,Monocyte,920,0.521739130434783,0.0978260869565217,0.0597826086956522,0.0253214916165074,0.443011549330177,0.299428200413076,0.0263617846538956,0.0471428728533528,0.920056677548223,7,0.815835894441127,0.976217405419447,hsa04920,Adipocytokine signaling pathway,TNFRSF1A,TRADD,coherent
Map2k4,Mapk8,liver,LSEC,745,0.0751677852348993,0.0818791946308725,0.010738255033557,0.0281244361694366,0.443372698609625,,,0.589391589917776,0.163735256343088,7,0.815835894441127,0.618128273631838,hsa04935,"Growth hormone synthesis, secretion and action",MAP2K4,MAPK8,coherent
Map2k4,Mapk8,liver,LSEC,745,0.0751677852348993,0.0818791946308725,0.010738255033557,0.0281244361694366,0.443372698609625,,,0.589391589917776,0.163735256343088,7,0.815835894441127,0.618128273631838,hsa04936,Alcoholic liver disease,MAP2K4,MAPK8,coherent
Rock1,Ppp1cb,liver,Neutrophil,572,0.305944055944056,0.148601398601399,0.0454545454545455,-0.0320998898087423,0.443536021643264,0.354932472275824,0.0751995755242606,0.520262559078764,0.231284053371481,7,0.815835894441127,0.66794509928481,hsa04510,Focal adhesion,ROCK1,PPP1CB,discordant
Sos2,Hras,liver,pDC,748,0.0614973262032086,0.264705882352941,0.017379679144385,0.0279590616254225,0.445141856144796,0.802197802197802,0.00162431011657345,0.500013197929335,0.253155442492787,7,0.817210626428725,0.680374486199904,hsa04068,FoxO signaling pathway,SOS2,HRAS,discordant
Sos2,Hras,liver,pDC,748,0.0614973262032086,0.264705882352941,0.017379679144385,0.0279590616254225,0.445141856144796,0.802197802197802,0.00162431011657345,0.500013197929335,0.253155442492787,7,0.817210626428725,0.680374486199904,hsa04510,Focal adhesion,SOS2,HRAS,discordant
Sos2,Hras,liver,pDC,748,0.0614973262032086,0.264705882352941,0.017379679144385,0.0279590616254225,0.445141856144796,0.802197802197802,0.00162431011657345,0.500013197929335,0.253155442492787,7,0.817210626428725,0.680374486199904,hsa04910,Insulin signaling pathway,SOS2,HRAS,discordant
Sos2,Hras,liver,pDC,748,0.0614973262032086,0.264705882352941,0.017379679144385,0.0279590616254225,0.445141856144796,0.802197802197802,0.00162431011657345,0.500013197929335,0.253155442492787,7,0.817210626428725,0.680374486199904,hsa04935,"Growth hormone synthesis, secretion and action",SOS2,HRAS,discordant
Rock1,Ppp1ca,liver,HSC_Fibroblast,2024,0.356225296442688,0.398221343873518,0.197628458498024,-0.0169741623478193,0.445325102355997,0.291606265861733,2.78937294429482e-09,0.377359826800565,0.403995232617868,7,0.817210626428725,0.754844053477871,hsa04510,Focal adhesion,ROCK1,PPP1CA,coherent
Foxo3,Sod1,liver,Kupffer_cell,202,0.0346534653465347,0.386138613861386,0.0247524752475248,0.0538718038462011,0.446380092155549,,,0.281530051674437,0.540772956748258,7,0.817956787298773,0.820573277696341,hsa04213,Longevity regulating pathway - multiple species,FOXO3,SOD1,coherent
Ppp1cb,Calm1,liver,pDC,748,0.307486631016043,0.974598930481283,0.304812834224599,0.0277947283459273,0.447822818319576,0.0315275215296918,0.635816325411974,-0.123159624225738,0.792499824323373,7,0.817956787298773,0.93773282339612,hsa04910,Insulin signaling pathway,PPP1CB,CALM1,discordant
Foxo3,Cdkn1a,liver,LSEC,745,0.0523489932885906,0.18255033557047,0.00939597315436242,-0.0278356167961283,0.448070497048794,,,0.0179151524664735,0.969591173018563,7,0.817956787298773,0.992073801124822,hsa04068,FoxO signaling pathway,FOXO3,CDKN1A,discordant
Foxo3,Sod1,liver,Macrophage_other,214,0.0700934579439252,0.41588785046729,0.0186915887850467,-0.0520588491154212,0.448685166900726,,,-0.686298758694097,0.313701241305903,4,0.817956787298773,0.709519306507433,hsa04213,Longevity regulating pathway - multiple species,FOXO3,SOD1,coherent
Fas,Fadd,liver,T_cell,2018,0.0718533201189296,0.0237859266600595,0.00148662041625372,-0.0168632362481384,0.448979546179534,,,0.626864927318504,0.131913934345678,7,0.817956787298773,0.574924897189914,hsa04936,Alcoholic liver disease,FAS,FADD,discordant
Vegfb,Met,liver,cDC,731,0.113543091655267,0.0574555403556772,0.00820793433652531,-0.028026819583731,0.449281572518102,,,0.0915848408129505,0.845171987208948,7,0.817956787298773,0.956627191471377,hsa04510,Focal adhesion,VEGFB,MET,discordant
Vegfb,Met,liver,cDC,731,0.113543091655267,0.0574555403556772,0.00820793433652531,-0.028026819583731,0.449281572518102,,,0.0915848408129505,0.845171987208948,7,0.817956787298773,0.956627191471377,hsa04518,Integrin signaling,VEGFB,MET,discordant
Foxo3,Plk3,liver,Neutrophil,572,0.0734265734265734,0.482517482517483,0.0402097902097902,0.031690034389946,0.449380975558663,0.477272727272727,0.0224899873847207,-0.261366059786222,0.571289978826929,7,0.817956787298773,0.835371832972461,hsa04068,FoxO signaling pathway,FOXO3,PLK3,discordant
Rock1,Ppp1cb,liver,T_cell,2018,0.449454905847374,0.210109018830525,0.106045589692765,0.0168262208090291,0.449975880998913,0.45534990805711,2.37401320486233e-12,0.630545023389284,0.128975947008726,7,0.818090564643447,0.573397641339326,hsa04510,Focal adhesion,ROCK1,PPP1CB,discordant
Pik3r2,Akt1,liver,HSC_Fibroblast,2024,0.0933794466403162,0.195652173913043,0.033102766798419,0.0167472454044341,0.451433510181947,0.626107430760635,3.26092809054344e-08,0.811143208773757,0.0268145107026292,7,0.819787127826784,0.421600743475285,hsa04518,Integrin signaling,PIK3R2,AKT1,coherent
Pik3r2,Akt1,liver,HSC_Fibroblast,2024,0.0933794466403162,0.195652173913043,0.033102766798419,0.0167472454044341,0.451433510181947,0.626107430760635,3.26092809054344e-08,0.811143208773757,0.0268145107026292,7,0.819787127826784,0.421600743475285,hsa04935,"Growth hormone synthesis, secretion and action",PIK3R2,AKT1,coherent
Rps6kb2,Rps6,liver,Cholangiocyte,636,0.0707547169811321,0.904088050314465,0.0676100628930818,-0.0298772538401319,0.451954025219992,-0.0501359106010269,0.748844142813409,0.802675180729818,0.029777210787857,7,0.819787127826784,0.4342559962194,hsa04371,Apelin signaling pathway,RPS6KB2,RPS6,discordant
Rps6kb2,Rps6,liver,Cholangiocyte,636,0.0707547169811321,0.904088050314465,0.0676100628930818,-0.0298772538401319,0.451954025219992,-0.0501359106010269,0.748844142813409,0.802675180729818,0.029777210787857,7,0.819787127826784,0.4342559962194,hsa04910,Insulin signaling pathway,RPS6KB2,RPS6,discordant
Foxo3,Klf2,liver,LSEC,745,0.0523489932885906,0.519463087248322,0.0281879194630873,-0.0275427984050616,0.452862018279591,-0.184415584415584,0.421823671198948,0.08144979570622,0.862184733363448,7,0.820046876890154,0.960772618357421,hsa04068,FoxO signaling pathway,FOXO3,KLF2,discordant
Igf1,Flt1,liver,Cholangiocyte,636,0.328616352201258,0.0471698113207547,0.0172955974842767,0.0297988335815395,0.453142538090353,0.427272727272727,0.19262499772471,0.146266419488291,0.75433801947826,7,0.820046876890154,0.922917502692876,hsa04510,Focal adhesion,IGF1,FLT1,coherent
Igf1,Flt1,liver,Cholangiocyte,636,0.328616352201258,0.0471698113207547,0.0172955974842767,0.0297988335815395,0.453142538090353,0.427272727272727,0.19262499772471,0.146266419488291,0.75433801947826,7,0.820046876890154,0.922917502692876,hsa04518,Integrin signaling,IGF1,FLT1,coherent
Prkaa2,Pfkfb4,liver,Cholangiocyte,636,0.124213836477987,0.0440251572327044,0.00628930817610063,-0.0297218056593518,0.454311660758971,,,0.161738996676787,0.729000609089957,7,0.821215432869615,0.912096040020466,hsa04152,AMPK signaling pathway,PRKAA2,PFKFB4,coherent
Rhoa,Rock2,liver,Kupffer_cell,202,0.648514851485149,0.257425742574257,0.202970297029703,0.0528586215410453,0.454989631416359,0.260801393728223,0.0996237839618093,-0.556024152063536,0.194937448848936,7,0.821494512879479,0.638796882889068,hsa04510,Focal adhesion,RHOA,ROCK2,discordant
Pdpk1,Akt2,liver,B_cell,7386,0.0969401570538857,0.0603845112374763,0.00528025995125914,-0.008670158272074,0.456261292659104,0.866599190283401,0,0.572953481552638,0.178773996790491,7,0.82284364158866,0.631748650820452,hsa04068,FoxO signaling pathway,PDPK1,AKT2,coherent
Pdpk1,Akt2,liver,B_cell,7386,0.0969401570538857,0.0603845112374763,0.00528025995125914,-0.008670158272074,0.456261292659104,0.866599190283401,0,0.572953481552638,0.178773996790491,7,0.82284364158866,0.631748650820452,hsa04152,AMPK signaling pathway,PDPK1,AKT2,coherent
Pdpk1,Akt2,liver,B_cell,7386,0.0969401570538857,0.0603845112374763,0.00528025995125914,-0.008670158272074,0.456261292659104,0.866599190283401,0,0.572953481552638,0.178773996790491,7,0.82284364158866,0.631748650820452,hsa04510,Focal adhesion,PDPK1,AKT2,coherent
Pdpk1,Akt2,liver,B_cell,7386,0.0969401570538857,0.0603845112374763,0.00528025995125914,-0.008670158272074,0.456261292659104,0.866599190283401,0,0.572953481552638,0.178773996790491,7,0.82284364158866,0.631748650820452,hsa04910,Insulin signaling pathway,PDPK1,AKT2,coherent
Pdpk1,Akt2,liver,B_cell,7386,0.0969401570538857,0.0603845112374763,0.00528025995125914,-0.008670158272074,0.456261292659104,0.866599190283401,0,0.572953481552638,0.178773996790491,7,0.82284364158866,0.631748650820452,hsa04931,Insulin resistance,PDPK1,AKT2,coherent
Ppp1cb,Myl12a,liver,Kupffer_cell,202,0.123762376237624,0.475247524752475,0.0891089108910891,0.0525323153918518,0.457782057804424,0.436532507739938,0.07165861198449,0.273302141620058,0.553159945459927,7,0.824416524725856,0.830183483967358,hsa04510,Focal adhesion,PPP1CB,MYL12A,discordant
Pik3cd,Akt1,liver,cDC,731,0.283173734610123,0.422708618331053,0.12859097127223,-0.0274797862715391,0.458184327317365,0.493349709207817,6.28849337168042e-07,-0.380393780853948,0.399912864248085,7,0.824416524725856,0.754844053477871,hsa04518,Integrin signaling,PIK3CD,AKT1,coherent
Pik3cd,Akt1,liver,cDC,731,0.283173734610123,0.422708618331053,0.12859097127223,-0.0274797862715391,0.458184327317365,0.493349709207817,6.28849337168042e-07,-0.380393780853948,0.399912864248085,7,0.824416524725856,0.754844053477871,hsa04935,"Growth hormone synthesis, secretion and action",PIK3CD,AKT1,coherent
Sos2,Kras,liver,B_cell,7386,0.0342539940427836,0.53479555916599,0.0203086921202275,0.00862175682923625,0.45877953734925,0.399398726694437,4.12670542446233e-07,0.507752064554615,0.244688611218175,7,0.824541917641435,0.674013592695898,hsa04068,FoxO signaling pathway,SOS2,KRAS,coherent
Sos2,Kras,liver,B_cell,7386,0.0342539940427836,0.53479555916599,0.0203086921202275,0.00862175682923625,0.45877953734925,0.399398726694437,4.12670542446233e-07,0.507752064554615,0.244688611218175,7,0.824541917641435,0.674013592695898,hsa04910,Insulin signaling pathway,SOS2,KRAS,coherent
Sos2,Kras,liver,B_cell,7386,0.0342539940427836,0.53479555916599,0.0203086921202275,0.00862175682923625,0.45877953734925,0.399398726694437,4.12670542446233e-07,0.507752064554615,0.244688611218175,7,0.824541917641435,0.674013592695898,hsa04935,"Growth hormone synthesis, secretion and action",SOS2,KRAS,coherent
Calm1,Pygb,liver,pDC,748,0.974598930481283,0.0762032085561497,0.0735294117647059,0.0270650194077519,0.459837412601071,0.0951659451659452,0.488410106051798,-0.338602961090756,0.457547747773857,7,0.825497597678581,0.777366169519527,hsa04910,Insulin signaling pathway,CALM1,PYGB,discordant
Akt1,Pde3b,liver,Cholangiocyte,636,0.29559748427673,0.19496855345912,0.0786163522012579,0.0292431089524657,0.46161518158378,0.386314525810324,0.0058885287573678,0.412658847064193,0.357539976636197,7,0.826198228252975,0.736405008417742,hsa04371,Apelin signaling pathway,AKT1,PDE3B,discordant
Akt1,Pde3b,liver,Cholangiocyte,636,0.29559748427673,0.19496855345912,0.0786163522012579,0.0292431089524657,0.46161518158378,0.386314525810324,0.0058885287573678,0.412658847064193,0.357539976636197,7,0.826198228252975,0.736405008417742,hsa04910,Insulin signaling pathway,AKT1,PDE3B,discordant
Gnai3,Prkce,liver,T_cell,2018,0.197224975222993,0.0346878097125867,0.00792864222001982,0.0163921496112957,0.461752684574128,0.785294117647059,0.000489119294447853,0.0594183809691637,0.899306195336742,7,0.826198228252975,0.969935393296569,hsa04371,Apelin signaling pathway,GNAI3,PRKCE,discordant
Akt1,Foxo3,liver,Macrophage_other,214,0.205607476635514,0.0700934579439252,0.0186915887850467,-0.0505672798176307,0.4618074226755,,,-0.595876988577813,0.404123011422187,4,0.826198228252975,0.754844053477871,hsa04068,FoxO signaling pathway,AKT1,FOXO3,coherent
Akt1,Foxo3,liver,Macrophage_other,214,0.205607476635514,0.0700934579439252,0.0186915887850467,-0.0505672798176307,0.4618074226755,,,-0.595876988577813,0.404123011422187,4,0.826198228252975,0.754844053477871,hsa04211,Longevity regulating pathway,AKT1,FOXO3,coherent
Akt1,Foxo3,liver,Macrophage_other,214,0.205607476635514,0.0700934579439252,0.0186915887850467,-0.0505672798176307,0.4618074226755,,,-0.595876988577813,0.404123011422187,4,0.826198228252975,0.754844053477871,hsa04213,Longevity regulating pathway - multiple species,AKT1,FOXO3,coherent
Foxo3,Sod1,liver,B_cell,7386,0.0522610343893853,0.177904142973193,0.0100189547793122,-0.00853869052633174,0.463119434919706,0.710265979503584,1.37097118283351e-12,0.511708018681691,0.240411985667001,7,0.826531206437984,0.669993615473401,hsa04213,Longevity regulating pathway - multiple species,FOXO3,SOD1,coherent
Sirt1,Ppargc1a,liver,Cholangiocyte,636,0.147798742138365,0.166666666666667,0.0330188679245283,0.0290831884073218,0.464069603739361,0.425974025974026,0.0554695073151801,0.621788998085048,0.136021540587843,7,0.826531206437984,0.578887174497043,hsa04211,Longevity regulating pathway,SIRT1,PPARGC1A,coherent
Arhgap5,Rhoa,liver,Cholangiocyte,636,0.658805031446541,0.775157232704403,0.572327044025157,0.0290779480262383,0.464150154315122,0.117156596120343,0.0254029043775617,0.66834944570383,0.1007601104067,7,0.826531206437984,0.540699031691291,hsa04510,Focal adhesion,ARHGAP5,RHOA,coherent
Pik3r2,Akt2,liver,Cholangiocyte,636,0.14937106918239,0.172955974842767,0.029874213836478,-0.0290443835199758,0.464666262780844,0.759649122807018,0.000245430485477908,0.564005899404059,0.187232069313949,7,0.826531206437984,0.631855080442306,hsa04518,Integrin signaling,PIK3R2,AKT2,coherent
Pik3r2,Akt2,liver,Cholangiocyte,636,0.14937106918239,0.172955974842767,0.029874213836478,-0.0290443835199758,0.464666262780844,0.759649122807018,0.000245430485477908,0.564005899404059,0.187232069313949,7,0.826531206437984,0.631855080442306,hsa04935,"Growth hormone synthesis, secretion and action",PIK3R2,AKT2,coherent
Gnb2,Rras2,liver,NK_cell,596,0.578859060402685,0.100671140939597,0.0704697986577181,0.0300052086625413,0.464689175366212,0.476217486427356,0.00161529415896923,0.616241260262083,0.140584028360453,7,0.826531206437984,0.579702520344588,hsa04371,Apelin signaling pathway,GNB2,RRAS2,discordant
Irs2,Pik3ca,liver,pDC,748,0.224598930481283,0.132352941176471,0.0347593582887701,0.0267443456814513,0.465173696973611,0.132307692307692,0.51776339579784,0.482240270453506,0.27309790100147,7,0.826531206437984,0.686193717752854,hsa04068,FoxO signaling pathway,IRS2,PIK3CA,coherent
Irs2,Pik3ca,liver,pDC,748,0.224598930481283,0.132352941176471,0.0347593582887701,0.0267443456814513,0.465173696973611,0.132307692307692,0.51776339579784,0.482240270453506,0.27309790100147,7,0.826531206437984,0.686193717752854,hsa04081,Hormone signaling,IRS2,PIK3CA,coherent
Irs2,Pik3ca,liver,pDC,748,0.224598930481283,0.132352941176471,0.0347593582887701,0.0267443456814513,0.465173696973611,0.132307692307692,0.51776339579784,0.482240270453506,0.27309790100147,7,0.826531206437984,0.686193717752854,hsa04152,AMPK signaling pathway,IRS2,PIK3CA,coherent
Irs2,Pik3ca,liver,pDC,748,0.224598930481283,0.132352941176471,0.0347593582887701,0.0267443456814513,0.465173696973611,0.132307692307692,0.51776339579784,0.482240270453506,0.27309790100147,7,0.826531206437984,0.686193717752854,hsa04211,Longevity regulating pathway,IRS2,PIK3CA,coherent
Irs2,Pik3ca,liver,pDC,748,0.224598930481283,0.132352941176471,0.0347593582887701,0.0267443456814513,0.465173696973611,0.132307692307692,0.51776339579784,0.482240270453506,0.27309790100147,7,0.826531206437984,0.686193717752854,hsa04213,Longevity regulating pathway - multiple species,IRS2,PIK3CA,coherent
Irs2,Pik3ca,liver,pDC,748,0.224598930481283,0.132352941176471,0.0347593582887701,0.0267443456814513,0.465173696973611,0.132307692307692,0.51776339579784,0.482240270453506,0.27309790100147,7,0.826531206437984,0.686193717752854,hsa04910,Insulin signaling pathway,IRS2,PIK3CA,coherent
Irs2,Pik3ca,liver,pDC,748,0.224598930481283,0.132352941176471,0.0347593582887701,0.0267443456814513,0.465173696973611,0.132307692307692,0.51776339579784,0.482240270453506,0.27309790100147,7,0.826531206437984,0.686193717752854,hsa04931,Insulin resistance,IRS2,PIK3CA,coherent
Irs2,Pik3ca,liver,pDC,748,0.224598930481283,0.132352941176471,0.0347593582887701,0.0267443456814513,0.465173696973611,0.132307692307692,0.51776339579784,0.482240270453506,0.27309790100147,7,0.826531206437984,0.686193717752854,hsa04935,"Growth hormone synthesis, secretion and action",IRS2,PIK3CA,coherent
Gnb2,Plcb1,liver,Cholangiocyte,636,0.75314465408805,0.110062893081761,0.0943396226415094,-0.028978447511904,0.465681062135869,-0.00425129900803023,0.974282391047547,0.126028514261751,0.787742418270209,7,0.826531206437984,0.93492273393794,hsa04081,Hormone signaling,GNB2,PLCB1,discordant
Gnb2,Plcb1,liver,Cholangiocyte,636,0.75314465408805,0.110062893081761,0.0943396226415094,-0.028978447511904,0.465681062135869,-0.00425129900803023,0.974282391047547,0.126028514261751,0.787742418270209,7,0.826531206437984,0.93492273393794,hsa04371,Apelin signaling pathway,GNB2,PLCB1,discordant
Akt1,Ppp1cb,liver,T_cell,2018,0.087215064420218,0.210109018830525,0.0242814667988107,0.0161649346309826,0.467985187709739,0.79234693877551,0,0.111712362572683,0.811532360084369,7,0.827849253683539,0.94266513434162,hsa04910,Insulin signaling pathway,AKT1,PPP1CB,discordant
Usp7,Foxo3,liver,Monocyte,920,0.219565217391304,0.101086956521739,0.0293478260869565,-0.02388665416873,0.46928903367757,0.522588522588523,0.00577458162518783,0.591837753267571,0.161553129628991,7,0.827849253683539,0.615235098028852,hsa04068,FoxO signaling pathway,USP7,FOXO3,coherent
Flt1,Pik3ca,liver,cDC,731,0.0328317373461012,0.143638850889193,0.00410396716826265,-0.0268004222854359,0.469376900285492,,,0.360164893891784,0.427438335830863,7,0.827849253683539,0.760853000388159,hsa04510,Focal adhesion,FLT1,PIK3CA,coherent
Zyx,Actn1,liver,LSEC,745,0.111409395973154,0.0912751677852349,0.0187919463087248,0.0265314255504976,0.469631787214793,0.582417582417582,0.0318233291767273,-0.322908479365043,0.479940484711343,7,0.827849253683539,0.790488369106792,hsa04510,Focal adhesion,ZYX,ACTN1,coherent
Sos2,Kras,liver,LSEC,745,0.115436241610738,0.197315436241611,0.0308724832214765,0.0265151527061777,0.469904381635885,0.781319519775316,1.07710789368943e-05,-0.138421725696483,0.767252785755242,7,0.827849253683539,0.925303321175998,hsa04068,FoxO signaling pathway,SOS2,KRAS,coherent
Sos2,Kras,liver,LSEC,745,0.115436241610738,0.197315436241611,0.0308724832214765,0.0265151527061777,0.469904381635885,0.781319519775316,1.07710789368943e-05,-0.138421725696483,0.767252785755242,7,0.827849253683539,0.925303321175998,hsa04910,Insulin signaling pathway,SOS2,KRAS,coherent
Sos2,Kras,liver,LSEC,745,0.115436241610738,0.197315436241611,0.0308724832214765,0.0265151527061777,0.469904381635885,0.781319519775316,1.07710789368943e-05,-0.138421725696483,0.767252785755242,7,0.827849253683539,0.925303321175998,hsa04935,"Growth hormone synthesis, secretion and action",SOS2,KRAS,coherent
Foxo3,Ccnd1,liver,Kupffer_cell,202,0.0346534653465347,0.217821782178218,0.0099009900990099,-0.0511147946831792,0.470022908426486,,,0.0568711629524368,0.903608572561583,7,0.827849253683539,0.969935393296569,hsa04068,FoxO signaling pathway,FOXO3,CCND1,discordant
Bcl2l1,Bax,liver,Neutrophil,572,0.0437062937062937,0.0979020979020979,0.00699300699300699,0.0302319283967556,0.470524540258427,,,0.180375009949936,0.698742827540171,7,0.827849253683539,0.899347528919335,hsa04115,p53 signaling pathway,BCL2L1,BAX,discordant
Sos2,Kras,liver,cDC,731,0.0930232558139535,0.510259917920657,0.051983584131327,-0.0267240382424533,0.470644699990897,0.405624247729511,0.0120560848555716,-0.541620399277305,0.209221098771204,7,0.827849253683539,0.640741450855509,hsa04068,FoxO signaling pathway,SOS2,KRAS,coherent
Sos2,Kras,liver,cDC,731,0.0930232558139535,0.510259917920657,0.051983584131327,-0.0267240382424533,0.470644699990897,0.405624247729511,0.0120560848555716,-0.541620399277305,0.209221098771204,7,0.827849253683539,0.640741450855509,hsa04910,Insulin signaling pathway,SOS2,KRAS,coherent
Sos2,Kras,liver,cDC,731,0.0930232558139535,0.510259917920657,0.051983584131327,-0.0267240382424533,0.470644699990897,0.405624247729511,0.0120560848555716,-0.541620399277305,0.209221098771204,7,0.827849253683539,0.640741450855509,hsa04935,"Growth hormone synthesis, secretion and action",SOS2,KRAS,coherent
Rock1,Ppp1ca,liver,pDC,748,0.647058823529412,0.693850267379679,0.478609625668449,0.026322392362192,0.472247410201901,-0.00254777836355162,0.96168618275969,-0.179355506204225,0.700390284429393,7,0.829738170892254,0.899347528919335,hsa04510,Focal adhesion,ROCK1,PPP1CA,coherent
Tnfrsf1a,Tradd,liver,T_cell,2018,0.0703666997026759,0.05599603567889,0.00346878097125867,-0.0159441241563791,0.474086365624096,,,-0.208941034809645,0.65298237137714,7,0.830966124332902,0.875289056506995,hsa04920,Adipocytokine signaling pathway,TNFRSF1A,TRADD,coherent
Calm1,Pygb,liver,Monocyte,920,0.957608695652174,0.0467391304347826,0.0467391304347826,0.023629406640791,0.47408957617992,0.122399667848777,0.434259258682719,0.692552896307151,0.0845918727679825,7,0.830966124332902,0.526685112591129,hsa04910,Insulin signaling pathway,CALM1,PYGB,discordant
Pik3cd,Akt2,liver,Macrophage_other,214,0.154205607476636,0.0794392523364486,0.014018691588785,-0.0491428465971081,0.474535148121275,,,0.829367186131942,0.170632813868058,4,0.830966124332902,0.621166786447758,hsa04518,Integrin signaling,PIK3CD,AKT2,coherent
Pik3cd,Akt2,liver,Macrophage_other,214,0.154205607476636,0.0794392523364486,0.014018691588785,-0.0491428465971081,0.474535148121275,,,0.829367186131942,0.170632813868058,4,0.830966124332902,0.621166786447758,hsa04935,"Growth hormone synthesis, secretion and action",PIK3CD,AKT2,coherent
Gnai2,Prkce,liver,LSEC,745,0.566442953020134,0.212080536912752,0.138255033557047,0.0261836123227966,0.475477134254037,0.156773913664245,0.113773052957586,-0.125046815059356,0.789369760717592,7,0.831315247506615,0.93614599740431,hsa04371,Apelin signaling pathway,GNAI2,PRKCE,coherent
Hras,Pik3r2,liver,Cholangiocyte,636,0.430817610062893,0.14937106918239,0.0880503144654088,0.0283221690821174,0.475848306078915,0.423991797676008,0.00124341768484296,0.332250079442426,0.466564745680139,7,0.831315247506615,0.782185776513033,hsa04211,Longevity regulating pathway,HRAS,PIK3R2,coherent
Hras,Pik3r2,liver,Cholangiocyte,636,0.430817610062893,0.14937106918239,0.0880503144654088,0.0283221690821174,0.475848306078915,0.423991797676008,0.00124341768484296,0.332250079442426,0.466564745680139,7,0.831315247506615,0.782185776513033,hsa04213,Longevity regulating pathway - multiple species,HRAS,PIK3R2,coherent
Hras,Pik3r2,liver,Cholangiocyte,636,0.430817610062893,0.14937106918239,0.0880503144654088,0.0283221690821174,0.475848306078915,0.423991797676008,0.00124341768484296,0.332250079442426,0.466564745680139,7,0.831315247506615,0.782185776513033,hsa04510,Focal adhesion,HRAS,PIK3R2,coherent
Flt1,Pik3r2,liver,cDC,731,0.0328317373461012,0.0738714090287278,0.00136798905608755,-0.0263483525560622,0.476907593010289,,,0.102855225158834,0.826309708854089,7,0.831315247506615,0.950498484744916,hsa04510,Focal adhesion,FLT1,PIK3R2,discordant
Foxo3,Gadd45a,liver,Neutrophil,572,0.0734265734265734,0.368881118881119,0.0332167832167832,0.0297915266935515,0.477016749170735,0.63859649122807,0.00403131909356584,0.228428023398,0.622246211564972,7,0.831315247506615,0.859220618571821,hsa04068,FoxO signaling pathway,FOXO3,GADD45A,discordant
Gna11,Plcb3,liver,cDC,731,0.0779753761969904,0.051983584131327,0.00683994528043776,0.0263199031651354,0.477383708096533,,,0.388110129685099,0.389604616378164,7,0.831315247506615,0.752163861592007,hsa04081,Hormone signaling,GNA11,PLCB3,coherent
Gna11,Plcb3,liver,cDC,731,0.0779753761969904,0.051983584131327,0.00683994528043776,0.0263199031651354,0.477383708096533,,,0.388110129685099,0.389604616378164,7,0.831315247506615,0.752163861592007,hsa04935,"Growth hormone synthesis, secretion and action",GNA11,PLCB3,coherent
Sirt1,Foxo3,liver,Monocyte,920,0.0804347826086957,0.101086956521739,0.0141304347826087,0.0233915749947649,0.478551657636061,0.917582417582418,0,0.855878798217875,0.0139923739332891,7,0.832425222650754,0.400406768374144,hsa04211,Longevity regulating pathway,SIRT1,FOXO3,coherent
Sirt1,Foxo3,liver,Monocyte,920,0.0804347826086957,0.101086956521739,0.0141304347826087,0.0233915749947649,0.478551657636061,0.917582417582418,0,0.855878798217875,0.0139923739332891,7,0.832425222650754,0.400406768374144,hsa04213,Longevity regulating pathway - multiple species,SIRT1,FOXO3,coherent
Foxo3,Bcl2l11,liver,B_cell,7386,0.0522610343893853,0.106959111833198,0.00528025995125914,-0.00820833738446811,0.480603583167268,0.400607287449393,0.0120171359431669,0.150511216358726,0.747368541413791,7,0.835068684373692,0.919624514602224,hsa04068,FoxO signaling pathway,FOXO3,BCL2L11,discordant
Oga,Ogt,liver,NK_cell,596,0.196308724832215,0.37248322147651,0.0906040268456376,0.028801482045069,0.482801863698565,0.690566037735849,2.77746030859363e-08,0.493907368692204,0.259928901913573,7,0.837960314317532,0.680374486199904,hsa04931,Insulin resistance,OGA,OGT,discordant
Map2k4,Mapk8,liver,Kupffer_cell,202,0.0693069306930693,0.0396039603960396,0,-0.0495511750078016,0.483730980410802,,,-0.889116030941512,0.00740163372787719,7,0.838645202502263,0.372272914997024,hsa04935,"Growth hormone synthesis, secretion and action",MAP2K4,MAPK8,coherent
Map2k4,Mapk8,liver,Kupffer_cell,202,0.0693069306930693,0.0396039603960396,0,-0.0495511750078016,0.483730980410802,,,-0.889116030941512,0.00740163372787719,7,0.838645202502263,0.372272914997024,hsa04936,Alcoholic liver disease,MAP2K4,MAPK8,coherent
Stat3,Foxo3,liver,T_cell,2018,0.264618434093162,0.0782953419226957,0.0203171456888008,-0.0155431756738082,0.485275714925666,0.839024390243903,0,-0.0855452653076448,0.855304645263361,7,0.840394698364646,0.959502906523937,hsa04068,FoxO signaling pathway,STAT3,FOXO3,discordant
Map2k6,Mapk8,liver,cDC,731,0.0725034199726402,0.0998632010943912,0.00547195622435021,-0.0256582549054485,0.488529611781554,,,-0.512523004575224,0.239535283895794,7,0.843717726013128,0.668738185822956,hsa04935,"Growth hormone synthesis, secretion and action",MAP2K6,MAPK8,coherent
Akt2,Foxo3,liver,cDC,731,0.186046511627907,0.0984952120383037,0.0232558139534884,0.0256450574955064,0.488753345978759,0.843137254901961,9.69454747418727e-07,-0.539046932676252,0.211823973999689,7,0.843717726013128,0.643438868994485,hsa04068,FoxO signaling pathway,AKT2,FOXO3,coherent
Akt2,Foxo3,liver,cDC,731,0.186046511627907,0.0984952120383037,0.0232558139534884,0.0256450574955064,0.488753345978759,0.843137254901961,9.69454747418727e-07,-0.539046932676252,0.211823973999689,7,0.843717726013128,0.643438868994485,hsa04211,Longevity regulating pathway,AKT2,FOXO3,coherent
Akt2,Foxo3,liver,cDC,731,0.186046511627907,0.0984952120383037,0.0232558139534884,0.0256450574955064,0.488753345978759,0.843137254901961,9.69454747418727e-07,-0.539046932676252,0.211823973999689,7,0.843717726013128,0.643438868994485,hsa04213,Longevity regulating pathway - multiple species,AKT2,FOXO3,coherent
Mapk8,Irs2,liver,Cholangiocyte,636,0.111635220125786,0.161949685534591,0.0188679245283019,-0.0274966663462696,0.488807783904355,0.034965034965035,0.921184082791962,0.214042922516646,0.644895727296334,7,0.843717726013128,0.871525750325537,hsa04910,Insulin signaling pathway,MAPK8,IRS2,discordant
Mapk8,Irs2,liver,Cholangiocyte,636,0.111635220125786,0.161949685534591,0.0188679245283019,-0.0274966663462696,0.488807783904355,0.034965034965035,0.921184082791962,0.214042922516646,0.644895727296334,7,0.843717726013128,0.871525750325537,hsa04920,Adipocytokine signaling pathway,MAPK8,IRS2,discordant
Mapk8,Irs2,liver,Cholangiocyte,636,0.111635220125786,0.161949685534591,0.0188679245283019,-0.0274966663462696,0.488807783904355,0.034965034965035,0.921184082791962,0.214042922516646,0.644895727296334,7,0.843717726013128,0.871525750325537,hsa04931,Insulin resistance,MAPK8,IRS2,discordant
Gnb2,Mras,liver,cDC,731,0.917920656634747,0.027359781121751,0.0259917920656635,-0.0255269378177008,0.490758266963412,-0.145614035087719,0.550650103712552,0.469157514199975,0.288212874788795,7,0.84615353941274,0.693277012103684,hsa04371,Apelin signaling pathway,GNB2,MRAS,coherent
Calm1,Pygb,liver,cDC,731,0.982216142270862,0.0902872777017784,0.0889192886456908,-0.0254524244649177,0.492025295186189,-0.127447552447552,0.310863892604204,-0.653301623848065,0.111560472994507,7,0.846675916401917,0.548854573975204,hsa04910,Insulin signaling pathway,CALM1,PYGB,discordant
Srebf1,Irs2,liver,Macrophage_other,214,0.0794392523364486,0.163551401869159,0.0186915887850467,-0.0472024608976622,0.492176498941128,,,0.666315738569548,0.333684261430453,4,0.846675916401917,0.726145084860444,hsa04931,Insulin resistance,SREBF1,IRS2,coherent
Oga,Ogt,liver,T_cell,2018,0.215559960356789,0.353320118929633,0.0882061446977205,0.0152806021439264,0.492680122163767,0.471165876535491,3.18831233862509e-11,0.675758120103584,0.095653088646713,7,0.846675916401917,0.538696261307664,hsa04931,Insulin resistance,OGA,OGT,discordant
Ogt,Akt2,liver,Macrophage_other,214,0.196261682242991,0.0794392523364486,0.0233644859813084,0.0470398897389947,0.49367023616608,,,0.504576008169264,0.495423991830736,4,0.847449234731487,0.79974168227466,hsa04931,Insulin resistance,OGT,AKT2,coherent
Foxo3,Gadd45a,liver,Cholangiocyte,636,0.256289308176101,0.226415094339623,0.0770440251572327,0.0270509292443785,0.495883458728416,0.422051583085881,0.00252272663975559,0.782432470344437,0.0375705793378999,7,0.847632668437904,0.464159362056417,hsa04068,FoxO signaling pathway,FOXO3,GADD45A,discordant
Sirt1,Bax,liver,NK_cell,596,0.098993288590604,0.315436241610738,0.0385906040268456,0.0278860368605237,0.496828793793338,0.538537549407115,0.0089346770110611,0.422405596174024,0.345125998313504,7,0.847632668437904,0.730876816457028,hsa04211,Longevity regulating pathway,SIRT1,BAX,coherent
Tnfrsf1a,Tradd,liver,LSEC,745,0.357046979865772,0.0348993288590604,0.010738255033557,-0.0249254874237983,0.496949973290119,,,-0.25307965764659,0.583984529990107,7,0.847632668437904,0.842477401576591,hsa04920,Adipocytokine signaling pathway,TNFRSF1A,TRADD,coherent
Hras,Pik3cd,liver,pDC,748,0.264705882352941,0.351604278074866,0.0975935828877005,-0.0248538746281429,0.497320816340228,0.39220041959768,0.000658250179811432,0.00894646715297581,0.984812613457603,7,0.847632668437904,0.997401784703893,hsa04211,Longevity regulating pathway,HRAS,PIK3CD,coherent
Hras,Pik3cd,liver,pDC,748,0.264705882352941,0.351604278074866,0.0975935828877005,-0.0248538746281429,0.497320816340228,0.39220041959768,0.000658250179811432,0.00894646715297581,0.984812613457603,7,0.847632668437904,0.997401784703893,hsa04213,Longevity regulating pathway - multiple species,HRAS,PIK3CD,coherent
Hras,Pik3cd,liver,pDC,748,0.264705882352941,0.351604278074866,0.0975935828877005,-0.0248538746281429,0.497320816340228,0.39220041959768,0.000658250179811432,0.00894646715297581,0.984812613457603,7,0.847632668437904,0.997401784703893,hsa04510,Focal adhesion,HRAS,PIK3CD,coherent
Gna11,Plcb3,liver,pDC,748,0.36096256684492,0.0334224598930481,0.0120320855614973,-0.0248067474811476,0.498137017026738,,,-0.0656934458700783,0.888715836168055,7,0.847632668437904,0.965708620552574,hsa04081,Hormone signaling,GNA11,PLCB3,coherent
Gna11,Plcb3,liver,pDC,748,0.36096256684492,0.0334224598930481,0.0120320855614973,-0.0248067474811476,0.498137017026738,,,-0.0656934458700783,0.888715836168055,7,0.847632668437904,0.965708620552574,hsa04935,"Growth hormone synthesis, secretion and action",GNA11,PLCB3,coherent
Bcl2l1,Bax,liver,Monocyte,920,0.0315217391304348,0.551086956521739,0.0217391304347826,0.0223605900037051,0.49815671220631,0.344360902255639,0.137339294801485,0.0981700563194302,0.834143248749512,7,0.847632668437904,0.952435362853783,hsa04115,p53 signaling pathway,BCL2L1,BAX,discordant
Rock1,Ppp1ca,liver,T_cell,2018,0.449454905847374,0.556987115956393,0.26808721506442,0.0150524204387244,0.499163519940666,0.38122870805086,3.70778569121629e-20,0.224340280119963,0.628659184327655,7,0.847632668437904,0.864475249965022,hsa04510,Focal adhesion,ROCK1,PPP1CA,coherent
Gnb2,Kras,liver,B_cell,7386,0.375710804224208,0.53479555916599,0.21161657189277,0.00784363462362422,0.500315972239054,0.235510360349488,3.85651691217741e-21,0.654371663753658,0.110773591454753,7,0.847632668437904,0.548276861175105,hsa04371,Apelin signaling pathway,GNB2,KRAS,discordant
Vav2,Rac3,liver,Macrophage_other,214,0.107476635514019,0.0233644859813084,0,-0.0462631433593591,0.500840274573446,,,-0.582380997710454,0.417619002289546,4,0.847632668437904,0.760853000388159,hsa04510,Focal adhesion,VAV2,RAC3,coherent
Akt1,Tsc2,liver,Monocyte,920,0.380434782608696,0.0554347826086957,0.0173913043478261,-0.0222171767095666,0.500917239192211,0.376470588235294,0.151348737054164,0.145687695151364,0.755289256565551,7,0.847632668437904,0.922917502692876,hsa04910,Insulin signaling pathway,AKT1,TSC2,discordant
Rock2,Ppp1ca,liver,HSC_Fibroblast,2024,0.388339920948617,0.398221343873518,0.217885375494071,0.0149622566078139,0.501101836434675,0.292343722328306,3.87335983276055e-10,0.133896959397879,0.774721626930209,7,0.847632668437904,0.928168861153009,hsa04510,Focal adhesion,ROCK2,PPP1CA,coherent
Hras,Pik3r2,liver,HSC_Fibroblast,2024,0.165513833992095,0.0933794466403162,0.0256916996047431,0.0149356871220118,0.501862383411598,0.572014001536754,1.370699719908e-05,0.337698592991432,0.458827394874803,7,0.847632668437904,0.777366169519527,hsa04211,Longevity regulating pathway,HRAS,PIK3R2,coherent
Hras,Pik3r2,liver,HSC_Fibroblast,2024,0.165513833992095,0.0933794466403162,0.0256916996047431,0.0149356871220118,0.501862383411598,0.572014001536754,1.370699719908e-05,0.337698592991432,0.458827394874803,7,0.847632668437904,0.777366169519527,hsa04213,Longevity regulating pathway - multiple species,HRAS,PIK3R2,coherent
Hras,Pik3r2,liver,HSC_Fibroblast,2024,0.165513833992095,0.0933794466403162,0.0256916996047431,0.0149356871220118,0.501862383411598,0.572014001536754,1.370699719908e-05,0.337698592991432,0.458827394874803,7,0.847632668437904,0.777366169519527,hsa04510,Focal adhesion,HRAS,PIK3R2,coherent
Pdpk1,Sgk1,liver,cDC,731,0.170998632010944,0.20656634746922,0.039671682626539,-0.0248712554718319,0.501967332873918,0.312315270935961,0.0993085927719989,-0.865939430330224,0.0117430632883344,7,0.847632668437904,0.392018431902057,hsa04068,FoxO signaling pathway,PDPK1,SGK1,coherent
Rock1,Ppp1ca,liver,Kupffer_cell,202,0.227722772277228,0.341584158415842,0.099009900990099,-0.0474165291564813,0.50278744041804,0.368421052631579,0.110623298300421,-0.00752195011319782,0.987230702132024,7,0.847632668437904,0.997401784703893,hsa04510,Focal adhesion,ROCK1,PPP1CA,coherent
Hras,Araf,liver,Macrophage_other,214,0.088785046728972,0.0747663551401869,0.00467289719626168,-0.0459952505563933,0.50332580471818,,,-0.241246756736429,0.758753243263571,4,0.847632668437904,0.922917502692876,hsa04068,FoxO signaling pathway,HRAS,ARAF,coherent
Hras,Araf,liver,Macrophage_other,214,0.088785046728972,0.0747663551401869,0.00467289719626168,-0.0459952505563933,0.50332580471818,,,-0.241246756736429,0.758753243263571,4,0.847632668437904,0.922917502692876,hsa04910,Insulin signaling pathway,HRAS,ARAF,coherent
Rhoa,Pip5k1c,liver,HSC_Fibroblast,2024,0.660079051383399,0.0548418972332016,0.0454545454545455,-0.0148343562563447,0.504768556736171,0.0218547231169952,0.835917022426817,0.118664228194944,0.799964682025766,7,0.847632668437904,0.939191703538352,hsa04510,Focal adhesion,RHOA,PIP5K1C,coherent
Foxo3,Cdkn1b,liver,Cholangiocyte,636,0.256289308176101,0.394654088050315,0.132075471698113,0.0264742526123832,0.505117978792323,0.249824085373685,0.0219150366443598,0.262802587868822,0.569098155585648,7,0.847632668437904,0.83482435939716,hsa04068,FoxO signaling pathway,FOXO3,CDKN1B,coherent
Nr1h2,Srebf1,liver,pDC,748,0.259358288770053,0.116310160427807,0.0294117647058824,-0.0243968608323387,0.505265782883075,0.557312252964427,0.00796942286654231,0.438639420872211,0.324862565086766,7,0.847632668437904,0.716890808187252,hsa04931,Insulin resistance,NR1H2,SREBF1,coherent
Usp7,Foxo3,liver,T_cell,2018,0.222993062438057,0.0782953419226957,0.0203171456888008,0.0148211036893986,0.505781938847334,0.637630662020906,1.1941472585214e-05,-0.378381156994586,0.402619136492817,7,0.847632668437904,0.754844053477871,hsa04068,FoxO signaling pathway,USP7,FOXO3,coherent
Foxo3,Plk3,liver,LSEC,745,0.0523489932885906,0.0563758389261745,0.00268456375838926,-0.0243780473415169,0.506451837135249,,,-0.127224646360915,0.785760444656743,7,0.847632668437904,0.934446820791509,hsa04068,FoxO signaling pathway,FOXO3,PLK3,discordant
Zyx,Actn1,liver,Cholangiocyte,636,0.226415094339623,0.334905660377359,0.10377358490566,0.0263504889424789,0.507111563574087,0.427992902619768,0.000382098068270669,0.589220195820613,0.163888694602195,7,0.847632668437904,0.618128273631838,hsa04510,Focal adhesion,ZYX,ACTN1,coherent
Pik3ca,Akt1,liver,Neutrophil,572,0.0402097902097902,0.118881118881119,0.0034965034965035,-0.0277484525469816,0.507764710504304,,,0.172440957982839,0.71158816798219,7,0.847632668437904,0.904278371609909,hsa04518,Integrin signaling,PIK3CA,AKT1,discordant
Pik3ca,Akt1,liver,Neutrophil,572,0.0402097902097902,0.118881118881119,0.0034965034965035,-0.0277484525469816,0.507764710504304,,,0.172440957982839,0.71158816798219,7,0.847632668437904,0.904278371609909,hsa04935,"Growth hormone synthesis, secretion and action",PIK3CA,AKT1,discordant
Sos2,Hras,liver,Kupffer_cell,202,0.0247524752475248,0.0940594059405941,0,-0.0468419593936836,0.50798319603668,,,-0.237656164693547,0.607838910540355,7,0.847632668437904,0.854796359878115,hsa04068,FoxO signaling pathway,SOS2,HRAS,discordant
Sos2,Hras,liver,Kupffer_cell,202,0.0247524752475248,0.0940594059405941,0,-0.0468419593936836,0.50798319603668,,,-0.237656164693547,0.607838910540355,7,0.847632668437904,0.854796359878115,hsa04510,Focal adhesion,SOS2,HRAS,discordant
Sos2,Hras,liver,Kupffer_cell,202,0.0247524752475248,0.0940594059405941,0,-0.0468419593936836,0.50798319603668,,,-0.237656164693547,0.607838910540355,7,0.847632668437904,0.854796359878115,hsa04910,Insulin signaling pathway,SOS2,HRAS,discordant
Sos2,Hras,liver,Kupffer_cell,202,0.0247524752475248,0.0940594059405941,0,-0.0468419593936836,0.50798319603668,,,-0.237656164693547,0.607838910540355,7,0.847632668437904,0.854796359878115,hsa04935,"Growth hormone synthesis, secretion and action",SOS2,HRAS,discordant
Rps6kb2,Rps6,liver,LSEC,745,0.0644295302013423,0.495302013422819,0.0348993288590604,-0.0242559580942788,0.508583856016996,-0.27042735042735,0.180939285706316,0.484973467164545,0.269986411676912,7,0.847632668437904,0.685325139579335,hsa04371,Apelin signaling pathway,RPS6KB2,RPS6,discordant
Rps6kb2,Rps6,liver,LSEC,745,0.0644295302013423,0.495302013422819,0.0348993288590604,-0.0242559580942788,0.508583856016996,-0.27042735042735,0.180939285706316,0.484973467164545,0.269986411676912,7,0.847632668437904,0.685325139579335,hsa04910,Insulin signaling pathway,RPS6KB2,RPS6,discordant
Rhoa,Rock2,liver,Cholangiocyte,636,0.775157232704403,0.544025157232704,0.477987421383648,0.0262485508705167,0.508756673454511,0.128525854764401,0.0250263806488231,0.228171917085475,0.622647446345545,7,0.847632668437904,0.859220618571821,hsa04510,Focal adhesion,RHOA,ROCK2,discordant
Kras,Pik3cd,liver,NK_cell,596,0.308724832214765,0.325503355704698,0.11241610738255,0.0271121493410174,0.508853586754035,0.492098331870062,2.98886428883094e-05,-0.369733621892993,0.414328851356089,7,0.847632668437904,0.760853000388159,hsa04211,Longevity regulating pathway,KRAS,PIK3CD,discordant
Kras,Pik3cd,liver,NK_cell,596,0.308724832214765,0.325503355704698,0.11241610738255,0.0271121493410174,0.508853586754035,0.492098331870062,2.98886428883094e-05,-0.369733621892993,0.414328851356089,7,0.847632668437904,0.760853000388159,hsa04213,Longevity regulating pathway - multiple species,KRAS,PIK3CD,discordant
Rock2,Myl2,liver,Neutrophil,572,0.0926573426573426,0.034965034965035,0.00174825174825175,-0.0276768331616645,0.50886108140793,,,-0.410284922968844,0.360591203928897,7,0.847632668437904,0.736405008417742,hsa04510,Focal adhesion,ROCK2,MYL2,coherent
Vav2,Rac1,liver,Monocyte,920,0.0456521739130435,0.753260869565217,0.0369565217391304,-0.0217910348630899,0.50916745767479,0.389152024446142,0.023620778919245,-0.46898012045387,0.288420322056443,7,0.847632668437904,0.693277012103684,hsa04510,Focal adhesion,VAV2,RAC1,discordant
Rac1,Mapk8,liver,cDC,731,0.801641586867305,0.0998632010943912,0.0834473324213406,-0.0244382011503149,0.509443981094292,0.046827694711849,0.720069133950979,0.713058180407344,0.0720598198688715,7,0.847632668437904,0.506654087900504,hsa04510,Focal adhesion,RAC1,MAPK8,coherent
Sirt1,Bax,liver,LSEC,745,0.0671140939597315,0.242953020134228,0.0187919463087248,-0.0241023758916048,0.511272483699074,0.956043956043956,0,-0.192936961378146,0.678522132783838,7,0.849210132954107,0.888648769898032,hsa04211,Longevity regulating pathway,SIRT1,BAX,coherent
Gna11,Plcb3,liver,Macrophage_other,214,0.0467289719626168,0.0560747663551402,0,-0.0450679783287397,0.511978802195832,,,0.15980395167437,0.84019604832563,4,0.849210132954107,0.955009005497395,hsa04081,Hormone signaling,GNA11,PLCB3,coherent
Gna11,Plcb3,liver,Macrophage_other,214,0.0467289719626168,0.0560747663551402,0,-0.0450679783287397,0.511978802195832,,,0.15980395167437,0.84019604832563,4,0.849210132954107,0.955009005497395,hsa04935,"Growth hormone synthesis, secretion and action",GNA11,PLCB3,coherent
Ogt,Pdpk1,liver,Neutrophil,572,0.304195804195804,0.041958041958042,0.0104895104895105,-0.0274661660139346,0.51209319525911,,,-0.25164260643257,0.586194839881251,7,0.849210132954107,0.842477401576591,hsa04931,Insulin resistance,OGT,PDPK1,coherent
Hras,Araf,liver,Kupffer_cell,202,0.0940594059405941,0.0841584158415842,0.00495049504950495,-0.0463386918614346,0.512557040094034,,,-0.150921804679489,0.746695119916183,7,0.849210132954107,0.919624514602224,hsa04068,FoxO signaling pathway,HRAS,ARAF,coherent
Hras,Araf,liver,Kupffer_cell,202,0.0940594059405941,0.0841584158415842,0.00495049504950495,-0.0463386918614346,0.512557040094034,,,-0.150921804679489,0.746695119916183,7,0.849210132954107,0.919624514602224,hsa04910,Insulin signaling pathway,HRAS,ARAF,coherent
Srebf1,Irs2,liver,Cholangiocyte,636,0.218553459119497,0.161949685534591,0.0471698113207547,0.02591576411206,0.514146657796603,0.404226918798665,0.0275605493984553,0.726259840323195,0.0645579026440945,7,0.850945259581087,0.497417967214353,hsa04931,Insulin resistance,SREBF1,IRS2,coherent
Map2k4,Mapk8,liver,Cholangiocyte,636,0.165094339622642,0.111635220125786,0.0188679245283019,-0.0258466034890043,0.515270525591649,0.503496503496504,0.0987515700723274,-0.236074223948042,0.610301683504542,7,0.851906696157321,0.854967269123773,hsa04935,"Growth hormone synthesis, secretion and action",MAP2K4,MAPK8,coherent
Map2k4,Mapk8,liver,Cholangiocyte,636,0.165094339622642,0.111635220125786,0.0188679245283019,-0.0258466034890043,0.515270525591649,0.503496503496504,0.0987515700723274,-0.236074223948042,0.610301683504542,7,0.851906696157321,0.854967269123773,hsa04936,Alcoholic liver disease,MAP2K4,MAPK8,coherent
Kras,Araf,liver,Neutrophil,572,0.531468531468532,0.0262237762237762,0.0174825174825175,0.027160777877869,0.516797438124955,0.696969696969697,0.0311410954595681,-0.787850987284701,0.0353854910837221,7,0.85272998915723,0.456599020681271,hsa04068,FoxO signaling pathway,KRAS,ARAF,discordant
Kras,Araf,liver,Neutrophil,572,0.531468531468532,0.0262237762237762,0.0174825174825175,0.027160777877869,0.516797438124955,0.696969696969697,0.0311410954595681,-0.787850987284701,0.0353854910837221,7,0.85272998915723,0.456599020681271,hsa04910,Insulin signaling pathway,KRAS,ARAF,discordant
Ogt,Akt2,liver,Cholangiocyte,636,0.316037735849057,0.172955974842767,0.0581761006289308,-0.0257085995011487,0.517516902921208,0.40398293029872,0.0137247617790348,0.693608264533546,0.0839207439984683,7,0.85272998915723,0.524588236388831,hsa04931,Insulin resistance,OGT,AKT2,coherent
Map2k7,Mapk8,liver,T_cell,2018,0.0906838453914767,0.0594648166501487,0.00495540138751239,-0.0144046711710675,0.517812216453352,0.878787878787879,0.0019770587107552,0.529909610772229,0.221189130138384,7,0.85272998915723,0.655635980999837,hsa04936,Alcoholic liver disease,MAP2K7,MAPK8,discordant
Foxo3,Gadd45a,liver,NK_cell,596,0.102348993288591,0.0503355704697987,0.00335570469798658,-0.0265335449048587,0.517942434459427,,,0.368657594553388,0.415795116155372,7,0.85272998915723,0.760853000388159,hsa04068,FoxO signaling pathway,FOXO3,GADD45A,discordant
Socs3,Srebf1,liver,cDC,731,0.290013679890561,0.06703146374829,0.0218878248974008,-0.0238564813365442,0.519578160120186,0.729411764705882,0.00192730424675413,-0.677546066384624,0.0944414509250595,7,0.854526345103324,0.538696261307664,hsa04931,Insulin resistance,SOCS3,SREBF1,coherent
Ogt,Pik3cd,liver,cDC,731,0.272229822161423,0.283173734610123,0.0848153214774282,0.0237913251433377,0.520719680767954,0.525471531817381,1.5702764320114e-05,0.390641267672537,0.386246814913515,7,0.855506993848083,0.751742955117762,hsa04931,Insulin resistance,OGT,PIK3CD,coherent
Ogt,Pik3ca,liver,pDC,748,0.554812834224599,0.132352941176471,0.072192513368984,-0.0234364580804843,0.522176879003165,0.241395082904517,0.0787932147074864,-0.585382008892321,0.167343418461093,7,0.857003685309588,0.619487143082951,hsa04931,Insulin resistance,OGT,PIK3CA,discordant
Akt2,Foxo3,liver,Monocyte,920,0.134782608695652,0.101086956521739,0.0173913043478261,-0.0210697742803856,0.523291497238034,0.141176470588235,0.601515823316303,0.438769391132323,0.324702448010006,7,0.857935589515649,0.716890808187252,hsa04068,FoxO signaling pathway,AKT2,FOXO3,coherent
Akt2,Foxo3,liver,Monocyte,920,0.134782608695652,0.101086956521739,0.0173913043478261,-0.0210697742803856,0.523291497238034,0.141176470588235,0.601515823316303,0.438769391132323,0.324702448010006,7,0.857935589515649,0.716890808187252,hsa04211,Longevity regulating pathway,AKT2,FOXO3,coherent
Akt2,Foxo3,liver,Monocyte,920,0.134782608695652,0.101086956521739,0.0173913043478261,-0.0210697742803856,0.523291497238034,0.141176470588235,0.601515823316303,0.438769391132323,0.324702448010006,7,0.857935589515649,0.716890808187252,hsa04213,Longevity regulating pathway - multiple species,AKT2,FOXO3,coherent
Tcf7l1,Ccnd1,liver,Cholangiocyte,636,0.147798742138365,0.682389937106918,0.113207547169811,-0.025132931322896,0.52694165771763,0.0322850344073574,0.787337556928104,-0.297750386712833,0.516628640407887,7,0.861543284865696,0.808972392015942,hsa04936,Alcoholic liver disease,TCF7L1,CCND1,discordant
Pdpk1,Sgk1,liver,Macrophage_other,214,0.121495327102804,0.261682242990654,0.0467289719626168,0.0434356068683553,0.527396680359417,0.187878787878788,0.607566897460635,-0.5612866137728,0.4387133862272,4,0.861543284865696,0.763678274524487,hsa04068,FoxO signaling pathway,PDPK1,SGK1,coherent
Pik3cd,Akt2,liver,Kupffer_cell,202,0.108910891089109,0.103960396039604,0.0198019801980198,0.0447055721100985,0.527544732496061,,,-0.232310994685608,0.616172013403083,7,0.861543284865696,0.858401614284048,hsa04518,Integrin signaling,PIK3CD,AKT2,coherent
Pik3cd,Akt2,liver,Kupffer_cell,202,0.108910891089109,0.103960396039604,0.0198019801980198,0.0447055721100985,0.527544732496061,,,-0.232310994685608,0.616172013403083,7,0.861543284865696,0.858401614284048,hsa04935,"Growth hormone synthesis, secretion and action",PIK3CD,AKT2,coherent
Traf2,Ikbkg,liver,B_cell,7386,0.0659355537503385,0.029109125372326,0.0024370430544273,0.0073495866856264,0.527688398187338,0.793601651186791,0.000121897551334327,0.804517515667535,0.0291178073149426,7,0.861543284865696,0.430998487520235,hsa04920,Adipocytokine signaling pathway,TRAF2,IKBKG,coherent
Pik3ca,Akt1,liver,B_cell,7386,0.108448415922015,0.053479555916599,0.00622799891686975,-0.00733244110159352,0.528651862679025,0.858896083872957,0,0.331056215224434,0.468266485869745,7,0.862219098277953,0.782965853244108,hsa04518,Integrin signaling,PIK3CA,AKT1,discordant
Pik3ca,Akt1,liver,B_cell,7386,0.108448415922015,0.053479555916599,0.00622799891686975,-0.00733244110159352,0.528651862679025,0.858896083872957,0,0.331056215224434,0.468266485869745,7,0.862219098277953,0.782965853244108,hsa04935,"Growth hormone synthesis, secretion and action",PIK3CA,AKT1,discordant
Ogt,Akt2,liver,LSEC,745,0.340939597315436,0.0348993288590604,0.00939597315436242,-0.0230473435774361,0.529940278268165,,,0.236804432146531,0.609164527434344,7,0.862238247956627,0.854900843957501,hsa04931,Insulin resistance,OGT,AKT2,coherent
Sgk1,Foxo3,liver,cDC,731,0.20656634746922,0.0984952120383037,0.0177838577291382,-0.0232537845329517,0.530186209690316,0.285714285714286,0.343645873021018,0.864161408338457,0.0121241997549753,7,0.862238247956627,0.396309779490755,hsa04068,FoxO signaling pathway,SGK1,FOXO3,coherent
Traf2,Ikbkg,liver,Macrophage_other,214,0.0420560747663551,0.0560747663551402,0,-0.0431296677444729,0.530312243007104,,,-0.761691696548937,0.238308303451063,4,0.862238247956627,0.66794509928481,hsa04920,Adipocytokine signaling pathway,TRAF2,IKBKG,coherent
Gnb2,Rras,liver,B_cell,7386,0.375710804224208,0.0408881668020579,0.0158407798537774,-0.00727133167731281,0.53209306181303,0.603320894963209,0,0.629110950099278,0.130116822280292,7,0.863306732994656,0.573397641339326,hsa04371,Apelin signaling pathway,GNB2,RRAS,coherent
Pik3ca,Akt2,liver,B_cell,7386,0.108448415922015,0.0603845112374763,0.00717573788248037,-0.00726738793998083,0.532315530900415,0.796968230930495,0,0.220891486252213,0.634084237432149,7,0.863306732994656,0.866370808235468,hsa04518,Integrin signaling,PIK3CA,AKT2,discordant
Pik3ca,Akt2,liver,B_cell,7386,0.108448415922015,0.0603845112374763,0.00717573788248037,-0.00726738793998083,0.532315530900415,0.796968230930495,0,0.220891486252213,0.634084237432149,7,0.863306732994656,0.866370808235468,hsa04935,"Growth hormone synthesis, secretion and action",PIK3CA,AKT2,discordant
Pik3r2,Prkcz,liver,Cholangiocyte,636,0.14937106918239,0.20440251572327,0.0377358490566038,-0.0247886237799808,0.532620087660183,0.697391304347826,0.000223694006835546,0.362475024625985,0.424258897068393,7,0.863306732994656,0.760853000388159,hsa04910,Insulin signaling pathway,PIK3R2,PRKCZ,coherent
Pik3r2,Prkcz,liver,Cholangiocyte,636,0.14937106918239,0.20440251572327,0.0377358490566038,-0.0247886237799808,0.532620087660183,0.697391304347826,0.000223694006835546,0.362475024625985,0.424258897068393,7,0.863306732994656,0.760853000388159,hsa04931,Insulin resistance,PIK3R2,PRKCZ,coherent
Rps6ka1,Ppp1cb,liver,Neutrophil,572,0.0646853146853147,0.148601398601399,0.0157342657342657,0.0260875150915996,0.533505508056166,,,-0.2232572641647,0.630361382635124,7,0.863662243051947,0.866056925879605,hsa04931,Insulin resistance,RPS6KA1,PPP1CB,discordant
Foxo3,Sod1,liver,HSC_Fibroblast,2024,0.113142292490119,0.303359683794466,0.0523715415019763,-0.0138335727930434,0.533940328719177,0.492668193235796,8.11210129149443e-08,0.618281623812308,0.138897164847704,7,0.863662243051947,0.579702520344588,hsa04213,Longevity regulating pathway - multiple species,FOXO3,SOD1,coherent
Ogt,Akt1,liver,Monocyte,920,0.231521739130435,0.380434782608696,0.0902173913043478,-0.0204537801378608,0.535511134993669,0.581062927668864,1.57109774789967e-08,0.488343069279389,0.266172650413876,7,0.86433177846311,0.682393608659103,hsa04931,Insulin resistance,OGT,AKT1,coherent
Kras,Araf,liver,Macrophage_other,214,0.233644859813084,0.0747663551401869,0.0233644859813084,0.0425472927234402,0.535884575894709,,,0.85111850898467,0.14888149101533,4,0.86433177846311,0.591379897222918,hsa04068,FoxO signaling pathway,KRAS,ARAF,discordant
Kras,Araf,liver,Macrophage_other,214,0.233644859813084,0.0747663551401869,0.0233644859813084,0.0425472927234402,0.535884575894709,,,0.85111850898467,0.14888149101533,4,0.86433177846311,0.591379897222918,hsa04910,Insulin signaling pathway,KRAS,ARAF,discordant
Prkce,Mras,liver,pDC,748,0.0494652406417112,0.0935828877005348,0.00401069518716578,-0.0226628520566067,0.536006896395543,,,0.302201495370657,0.510068873491053,7,0.86433177846311,0.804252213930337,hsa04371,Apelin signaling pathway,PRKCE,MRAS,coherent
Gna12,Rhoa,liver,cDC,731,0.106703146374829,0.937072503419973,0.102599179206566,-0.022830950698684,0.537693476098256,0.198293029871977,0.0881427912578591,-0.616321515371462,0.14051748322684,7,0.865338600835009,0.579702520344588,hsa04081,Hormone signaling,GNA12,RHOA,coherent
Vav2,Rac1,liver,HSC_Fibroblast,2024,0.0271739130434783,0.427865612648221,0.0177865612648221,-0.0137054895253208,0.537734312182367,0.425997425997426,0.010126108297139,0.00826548184235717,0.985968561528728,7,0.865338600835009,0.997401784703893,hsa04510,Focal adhesion,VAV2,RAC1,discordant
Sirt1,Bax,liver,Cholangiocyte,636,0.147798742138365,0.522012578616352,0.0927672955974843,-0.0243617901106328,0.539702198544702,0.363004091174752,0.00494975976944229,0.211414968738725,0.649057690581643,7,0.867451962573354,0.873244358012789,hsa04211,Longevity regulating pathway,SIRT1,BAX,coherent
Irs2,Pik3cd,liver,Macrophage_other,214,0.163551401869159,0.154205607476636,0.0280373831775701,-0.0421032045130366,0.540153325324517,,,0.980872481859801,0.0191275181401989,4,0.867451962573354,0.400406768374144,hsa04068,FoxO signaling pathway,IRS2,PIK3CD,discordant
Irs2,Pik3cd,liver,Macrophage_other,214,0.163551401869159,0.154205607476636,0.0280373831775701,-0.0421032045130366,0.540153325324517,,,0.980872481859801,0.0191275181401989,4,0.867451962573354,0.400406768374144,hsa04081,Hormone signaling,IRS2,PIK3CD,discordant
Irs2,Pik3cd,liver,Macrophage_other,214,0.163551401869159,0.154205607476636,0.0280373831775701,-0.0421032045130366,0.540153325324517,,,0.980872481859801,0.0191275181401989,4,0.867451962573354,0.400406768374144,hsa04152,AMPK signaling pathway,IRS2,PIK3CD,discordant
Irs2,Pik3cd,liver,Macrophage_other,214,0.163551401869159,0.154205607476636,0.0280373831775701,-0.0421032045130366,0.540153325324517,,,0.980872481859801,0.0191275181401989,4,0.867451962573354,0.400406768374144,hsa04211,Longevity regulating pathway,IRS2,PIK3CD,discordant
Irs2,Pik3cd,liver,Macrophage_other,214,0.163551401869159,0.154205607476636,0.0280373831775701,-0.0421032045130366,0.540153325324517,,,0.980872481859801,0.0191275181401989,4,0.867451962573354,0.400406768374144,hsa04213,Longevity regulating pathway - multiple species,IRS2,PIK3CD,discordant
Irs2,Pik3cd,liver,Macrophage_other,214,0.163551401869159,0.154205607476636,0.0280373831775701,-0.0421032045130366,0.540153325324517,,,0.980872481859801,0.0191275181401989,4,0.867451962573354,0.400406768374144,hsa04910,Insulin signaling pathway,IRS2,PIK3CD,discordant
Irs2,Pik3cd,liver,Macrophage_other,214,0.163551401869159,0.154205607476636,0.0280373831775701,-0.0421032045130366,0.540153325324517,,,0.980872481859801,0.0191275181401989,4,0.867451962573354,0.400406768374144,hsa04931,Insulin resistance,IRS2,PIK3CD,discordant
Irs2,Pik3cd,liver,Macrophage_other,214,0.163551401869159,0.154205607476636,0.0280373831775701,-0.0421032045130366,0.540153325324517,,,0.980872481859801,0.0191275181401989,4,0.867451962573354,0.400406768374144,hsa04935,"Growth hormone synthesis, secretion and action",IRS2,PIK3CD,discordant
Map2k3,Mapk13,liver,Cholangiocyte,636,0.176100628930818,0.183962264150943,0.0424528301886792,-0.0242552733183557,0.541476851530882,0.381562881562882,0.0504035090123054,0.140052150563186,0.764564991503016,7,0.868688323161507,0.923481502438977,hsa04935,"Growth hormone synthesis, secretion and action",MAP2K3,MAPK13,discordant
Map2k3,Mapk13,liver,Cholangiocyte,636,0.176100628930818,0.183962264150943,0.0424528301886792,-0.0242552733183557,0.541476851530882,0.381562881562882,0.0504035090123054,0.140052150563186,0.764564991503016,7,0.868688323161507,0.923481502438977,hsa04936,Alcoholic liver disease,MAP2K3,MAPK13,discordant
Fas,Fadd,liver,Macrophage_other,214,0.0747663551401869,0.0280373831775701,0,-0.0417991808235651,0.543085428020962,,,-0.896247765337396,0.103752234662604,4,0.870378995469755,0.542403644629583,hsa04936,Alcoholic liver disease,FAS,FADD,discordant
Map2k6,Mapk8,liver,T_cell,2018,0.0247770069375619,0.0594648166501487,0.00198216055500496,0.0135135978248803,0.544042388406652,,,-0.24238523083654,0.600494294746161,7,0.871022966744935,0.851876626091073,hsa04935,"Growth hormone synthesis, secretion and action",MAP2K6,MAPK8,coherent
Sos2,Kras,liver,Cholangiocyte,636,0.113207547169811,0.238993710691824,0.0345911949685535,-0.0239421224063735,0.546710965983465,0.625070581592321,0.00232998716401146,0.327452163565001,0.473417445874437,7,0.874403165777836,0.783535836051678,hsa04068,FoxO signaling pathway,SOS2,KRAS,coherent
Sos2,Kras,liver,Cholangiocyte,636,0.113207547169811,0.238993710691824,0.0345911949685535,-0.0239421224063735,0.546710965983465,0.625070581592321,0.00232998716401146,0.327452163565001,0.473417445874437,7,0.874403165777836,0.783535836051678,hsa04910,Insulin signaling pathway,SOS2,KRAS,coherent
Sos2,Kras,liver,Cholangiocyte,636,0.113207547169811,0.238993710691824,0.0345911949685535,-0.0239421224063735,0.546710965983465,0.625070581592321,0.00232998716401146,0.327452163565001,0.473417445874437,7,0.874403165777836,0.783535836051678,hsa04935,"Growth hormone synthesis, secretion and action",SOS2,KRAS,coherent
Pik3cd,Prkcz,liver,T_cell,2018,0.284935579781962,0.0480673934588702,0.0163528245787909,0.0133868024993883,0.547827772172779,0.809893877650091,1.1369153539545e-08,0.498234567113877,0.255120097438165,7,0.875058714442989,0.680374486199904,hsa04910,Insulin signaling pathway,PIK3CD,PRKCZ,coherent
Pik3cd,Prkcz,liver,T_cell,2018,0.284935579781962,0.0480673934588702,0.0163528245787909,0.0133868024993883,0.547827772172779,0.809893877650091,1.1369153539545e-08,0.498234567113877,0.255120097438165,7,0.875058714442989,0.680374486199904,hsa04931,Insulin resistance,PIK3CD,PRKCZ,coherent
Prkce,Kras,liver,T_cell,2018,0.0346878097125867,0.338949454905847,0.012388503468781,-0.0133731452130131,0.548236275524193,0.138461538461538,0.507570402314571,0.216446641622809,0.641095328048854,7,0.875058714442989,0.8695239271077,hsa04371,Apelin signaling pathway,PRKCE,KRAS,discordant
Foxo3,Ccnd1,liver,LSEC,745,0.0523489932885906,0.284563758389262,0.0187919463087248,0.0219130165602746,0.550389650619626,0.67032967032967,0.0107963859706298,0.547366336491867,0.203464984778974,7,0.875327482875344,0.639801513798786,hsa04068,FoxO signaling pathway,FOXO3,CCND1,discordant
Kras,Araf,liver,T_cell,2018,0.338949454905847,0.103567888999009,0.0371655104063429,-0.0132682147292959,0.551379859991103,0.598748221906117,2.77928694281398e-08,-0.271598873041473,0.555735596339861,7,0.875327482875344,0.830489784533213,hsa04068,FoxO signaling pathway,KRAS,ARAF,discordant
Kras,Araf,liver,T_cell,2018,0.338949454905847,0.103567888999009,0.0371655104063429,-0.0132682147292959,0.551379859991103,0.598748221906117,2.77928694281398e-08,-0.271598873041473,0.555735596339861,7,0.875327482875344,0.830489784533213,hsa04910,Insulin signaling pathway,KRAS,ARAF,discordant
Akt1,Tsc2,liver,pDC,748,0.252673796791444,0.0641711229946524,0.0200534759358289,0.0218021120922126,0.551607975950244,0.903571428571428,0,0.762136696621141,0.0464048316075458,7,0.875327482875344,0.468477290281202,hsa04910,Insulin signaling pathway,AKT1,TSC2,discordant
Pik3ca,Akt1,liver,LSEC,745,0.0993288590604027,0.153020134228188,0.0174496644295302,0.0218395113081121,0.551728042363854,0.54945054945055,0.0552810211762194,0.379653640577554,0.4009072509489,7,0.875327482875344,0.754844053477871,hsa04518,Integrin signaling,PIK3CA,AKT1,discordant
Pik3ca,Akt1,liver,LSEC,745,0.0993288590604027,0.153020134228188,0.0174496644295302,0.0218395113081121,0.551728042363854,0.54945054945055,0.0552810211762194,0.379653640577554,0.4009072509489,7,0.875327482875344,0.754844053477871,hsa04935,"Growth hormone synthesis, secretion and action",PIK3CA,AKT1,discordant
Pdpk1,Akt1,liver,T_cell,2018,0.145688800792864,0.087215064420218,0.0138751238850347,-0.0132202752509634,0.552819006892045,0.688013136288998,7.96544117564914e-05,-0.473363098368161,0.283314280719863,7,0.875327482875344,0.692276366150936,hsa04068,FoxO signaling pathway,PDPK1,AKT1,coherent
Pdpk1,Akt1,liver,T_cell,2018,0.145688800792864,0.087215064420218,0.0138751238850347,-0.0132202752509634,0.552819006892045,0.688013136288998,7.96544117564914e-05,-0.473363098368161,0.283314280719863,7,0.875327482875344,0.692276366150936,hsa04152,AMPK signaling pathway,PDPK1,AKT1,coherent
Pdpk1,Akt1,liver,T_cell,2018,0.145688800792864,0.087215064420218,0.0138751238850347,-0.0132202752509634,0.552819006892045,0.688013136288998,7.96544117564914e-05,-0.473363098368161,0.283314280719863,7,0.875327482875344,0.692276366150936,hsa04510,Focal adhesion,PDPK1,AKT1,coherent
Pdpk1,Akt1,liver,T_cell,2018,0.145688800792864,0.087215064420218,0.0138751238850347,-0.0132202752509634,0.552819006892045,0.688013136288998,7.96544117564914e-05,-0.473363098368161,0.283314280719863,7,0.875327482875344,0.692276366150936,hsa04910,Insulin signaling pathway,PDPK1,AKT1,coherent
Pdpk1,Akt1,liver,T_cell,2018,0.145688800792864,0.087215064420218,0.0138751238850347,-0.0132202752509634,0.552819006892045,0.688013136288998,7.96544117564914e-05,-0.473363098368161,0.283314280719863,7,0.875327482875344,0.692276366150936,hsa04931,Insulin resistance,PDPK1,AKT1,coherent
Pik3r2,Pdpk1,liver,cDC,731,0.0738714090287278,0.170998632010944,0.0164158686730506,0.0219664727557893,0.553205944891244,1,0,-0.407477817172302,0.364213057063204,7,0.875327482875344,0.736405008417742,hsa04910,Insulin signaling pathway,PIK3R2,PDPK1,coherent
Pik3cd,Akt2,liver,NK_cell,596,0.325503355704698,0.12248322147651,0.0419463087248322,-0.0242665276369206,0.554343001451529,0.328461538461538,0.109209483232562,-0.210429728912463,0.65061992002355,7,0.875327482875344,0.873244358012789,hsa04518,Integrin signaling,PIK3CD,AKT2,coherent
Pik3cd,Akt2,liver,NK_cell,596,0.325503355704698,0.12248322147651,0.0419463087248322,-0.0242665276369206,0.554343001451529,0.328461538461538,0.109209483232562,-0.210429728912463,0.65061992002355,7,0.875327482875344,0.873244358012789,hsa04935,"Growth hormone synthesis, secretion and action",PIK3CD,AKT2,coherent
Pdpk1,Akt2,liver,cDC,731,0.170998632010944,0.186046511627907,0.039671682626539,0.0218518305697928,0.555279442875792,0.831527093596059,1.13781637417779e-06,0.556145594234319,0.19481908523574,7,0.875327482875344,0.638796882889068,hsa04068,FoxO signaling pathway,PDPK1,AKT2,coherent
Pdpk1,Akt2,liver,cDC,731,0.170998632010944,0.186046511627907,0.039671682626539,0.0218518305697928,0.555279442875792,0.831527093596059,1.13781637417779e-06,0.556145594234319,0.19481908523574,7,0.875327482875344,0.638796882889068,hsa04152,AMPK signaling pathway,PDPK1,AKT2,coherent
Pdpk1,Akt2,liver,cDC,731,0.170998632010944,0.186046511627907,0.039671682626539,0.0218518305697928,0.555279442875792,0.831527093596059,1.13781637417779e-06,0.556145594234319,0.19481908523574,7,0.875327482875344,0.638796882889068,hsa04510,Focal adhesion,PDPK1,AKT2,coherent
Pdpk1,Akt2,liver,cDC,731,0.170998632010944,0.186046511627907,0.039671682626539,0.0218518305697928,0.555279442875792,0.831527093596059,1.13781637417779e-06,0.556145594234319,0.19481908523574,7,0.875327482875344,0.638796882889068,hsa04910,Insulin signaling pathway,PDPK1,AKT2,coherent
Pdpk1,Akt2,liver,cDC,731,0.170998632010944,0.186046511627907,0.039671682626539,0.0218518305697928,0.555279442875792,0.831527093596059,1.13781637417779e-06,0.556145594234319,0.19481908523574,7,0.875327482875344,0.638796882889068,hsa04931,Insulin resistance,PDPK1,AKT2,coherent
Akt1,Foxo3,liver,Neutrophil,572,0.118881118881119,0.0734265734265734,0.00524475524475525,-0.0246968553285533,0.555552268485908,,,0.0448066234686411,0.924010246923681,7,0.875327482875344,0.976217405419447,hsa04068,FoxO signaling pathway,AKT1,FOXO3,coherent
Akt1,Foxo3,liver,Neutrophil,572,0.118881118881119,0.0734265734265734,0.00524475524475525,-0.0246968553285533,0.555552268485908,,,0.0448066234686411,0.924010246923681,7,0.875327482875344,0.976217405419447,hsa04211,Longevity regulating pathway,AKT1,FOXO3,coherent
Akt1,Foxo3,liver,Neutrophil,572,0.118881118881119,0.0734265734265734,0.00524475524475525,-0.0246968553285533,0.555552268485908,,,0.0448066234686411,0.924010246923681,7,0.875327482875344,0.976217405419447,hsa04213,Longevity regulating pathway - multiple species,AKT1,FOXO3,coherent
Rhoa,Rock2,liver,B_cell,7386,0.7856756024912,0.239777958299486,0.196588139723802,0.00685895021792294,0.555607751059445,0.141465767930436,6.19181376686317e-08,0.432416672721461,0.332568230859011,7,0.875327482875344,0.726145084860444,hsa04510,Focal adhesion,RHOA,ROCK2,discordant
Foxo3,Plk3,liver,Macrophage_other,214,0.0700934579439252,0.163551401869159,0.0233644859813084,0.0404921253350151,0.555780041880831,,,-0.637384424441557,0.362615575558443,4,0.875327482875344,0.736405008417742,hsa04068,FoxO signaling pathway,FOXO3,PLK3,discordant
Gnai2,Prkce,liver,NK_cell,596,0.781879194630873,0.0285234899328859,0.023489932885906,-0.0241781752994386,0.555786520491999,0.714285714285714,0.00556164999027655,-0.74711613211524,0.0536086540623089,7,0.875327482875344,0.48099432284387,hsa04371,Apelin signaling pathway,GNAI2,PRKCE,coherent
Calm1,Pygb,liver,NK_cell,596,0.904362416107383,0.063758389261745,0.0604026845637584,0.0241602610572972,0.556079430149003,0.0528991570694473,0.75929393019936,0.384303060397216,0.394677023939399,7,0.875327482875344,0.754844053477871,hsa04910,Insulin signaling pathway,CALM1,PYGB,discordant
Irs2,Pik3ca,liver,NK_cell,596,0.087248322147651,0.0671140939597315,0.00838926174496644,0.0241519647652626,0.556215105434492,,,0.272406464643511,0.554513888590052,7,0.875327482875344,0.830183483967358,hsa04068,FoxO signaling pathway,IRS2,PIK3CA,coherent
Irs2,Pik3ca,liver,NK_cell,596,0.087248322147651,0.0671140939597315,0.00838926174496644,0.0241519647652626,0.556215105434492,,,0.272406464643511,0.554513888590052,7,0.875327482875344,0.830183483967358,hsa04081,Hormone signaling,IRS2,PIK3CA,coherent
Irs2,Pik3ca,liver,NK_cell,596,0.087248322147651,0.0671140939597315,0.00838926174496644,0.0241519647652626,0.556215105434492,,,0.272406464643511,0.554513888590052,7,0.875327482875344,0.830183483967358,hsa04152,AMPK signaling pathway,IRS2,PIK3CA,coherent
Irs2,Pik3ca,liver,NK_cell,596,0.087248322147651,0.0671140939597315,0.00838926174496644,0.0241519647652626,0.556215105434492,,,0.272406464643511,0.554513888590052,7,0.875327482875344,0.830183483967358,hsa04211,Longevity regulating pathway,IRS2,PIK3CA,coherent
Irs2,Pik3ca,liver,NK_cell,596,0.087248322147651,0.0671140939597315,0.00838926174496644,0.0241519647652626,0.556215105434492,,,0.272406464643511,0.554513888590052,7,0.875327482875344,0.830183483967358,hsa04213,Longevity regulating pathway - multiple species,IRS2,PIK3CA,coherent
Irs2,Pik3ca,liver,NK_cell,596,0.087248322147651,0.0671140939597315,0.00838926174496644,0.0241519647652626,0.556215105434492,,,0.272406464643511,0.554513888590052,7,0.875327482875344,0.830183483967358,hsa04910,Insulin signaling pathway,IRS2,PIK3CA,coherent
Irs2,Pik3ca,liver,NK_cell,596,0.087248322147651,0.0671140939597315,0.00838926174496644,0.0241519647652626,0.556215105434492,,,0.272406464643511,0.554513888590052,7,0.875327482875344,0.830183483967358,hsa04931,Insulin resistance,IRS2,PIK3CA,coherent
Irs2,Pik3ca,liver,NK_cell,596,0.087248322147651,0.0671140939597315,0.00838926174496644,0.0241519647652626,0.556215105434492,,,0.272406464643511,0.554513888590052,7,0.875327482875344,0.830183483967358,hsa04935,"Growth hormone synthesis, secretion and action",IRS2,PIK3CA,coherent
Srebf1,Irs2,liver,Monocyte,920,0.0467391304347826,0.0891304347826087,0.00434782608695652,-0.019277260512246,0.559242119395623,,,-0.420568170814704,0.347452173863599,7,0.878487181382059,0.732771827269691,hsa04931,Insulin resistance,SREBF1,IRS2,coherent
Ikbkg,Irs2,liver,Macrophage_other,214,0.0560747663551402,0.163551401869159,0.00467289719626168,-0.040127928985576,0.559342698661999,,,-0.287643041867528,0.712356958132472,4,0.878487181382059,0.904278371609909,hsa04920,Adipocytokine signaling pathway,IKBKG,IRS2,coherent
Prkce,Kras,liver,cDC,731,0.051983584131327,0.510259917920657,0.0314637482900137,-0.0215224490074386,0.561257861350095,0.410079051383399,0.0530717912925031,0.246825591329598,0.593622433992158,7,0.880440517211125,0.844418494046869,hsa04371,Apelin signaling pathway,PRKCE,KRAS,discordant
Akt2,Ppp1cb,liver,NK_cell,596,0.12248322147651,0.23489932885906,0.0352348993288591,-0.0238168621026069,0.56170870473444,0.837662337662338,0,-0.109960154506631,0.814452354704271,7,0.880440517211125,0.94266513434162,hsa04910,Insulin signaling pathway,AKT2,PPP1CB,discordant
Pik3ca,Akt1,liver,T_cell,2018,0.0921704658077304,0.087215064420218,0.00941526263627354,0.0128895128110823,0.562798388834477,0.86140350877193,0,0.95078516661662,0.00100495469248725,7,0.881003200911725,0.280744672159286,hsa04518,Integrin signaling,PIK3CA,AKT1,discordant
Pik3ca,Akt1,liver,T_cell,2018,0.0921704658077304,0.087215064420218,0.00941526263627354,0.0128895128110823,0.562798388834477,0.86140350877193,0,0.95078516661662,0.00100495469248725,7,0.881003200911725,0.280744672159286,hsa04935,"Growth hormone synthesis, secretion and action",PIK3CA,AKT1,discordant
Sos2,Hras,liver,Macrophage_other,214,0.0514018691588785,0.088785046728972,0.00467289719626168,-0.0397358161171903,0.563190701411383,,,-0.870427755651697,0.129572244348303,4,0.881003200911725,0.573397641339326,hsa04068,FoxO signaling pathway,SOS2,HRAS,discordant
Sos2,Hras,liver,Macrophage_other,214,0.0514018691588785,0.088785046728972,0.00467289719626168,-0.0397358161171903,0.563190701411383,,,-0.870427755651697,0.129572244348303,4,0.881003200911725,0.573397641339326,hsa04510,Focal adhesion,SOS2,HRAS,discordant
Sos2,Hras,liver,Macrophage_other,214,0.0514018691588785,0.088785046728972,0.00467289719626168,-0.0397358161171903,0.563190701411383,,,-0.870427755651697,0.129572244348303,4,0.881003200911725,0.573397641339326,hsa04910,Insulin signaling pathway,SOS2,HRAS,discordant
Sos2,Hras,liver,Macrophage_other,214,0.0514018691588785,0.088785046728972,0.00467289719626168,-0.0397358161171903,0.563190701411383,,,-0.870427755651697,0.129572244348303,4,0.881003200911725,0.573397641339326,hsa04935,"Growth hormone synthesis, secretion and action",SOS2,HRAS,discordant
Akt1,Ppp1ca,liver,Neutrophil,572,0.118881118881119,0.347902097902098,0.0454545454545455,0.0241207693442983,0.564813433515398,0.77025641025641,7.83117508575254e-06,-0.196513381257542,0.67279265725229,7,0.881698362863261,0.886282491923547,hsa04910,Insulin signaling pathway,AKT1,PPP1CA,coherent
Ppp1ca,Myl12a,liver,HSC_Fibroblast,2024,0.398221343873518,0.513339920948617,0.259881422924901,-0.0127907149559636,0.56521820750554,0.47172408783151,1.68108143583347e-30,0.315862603352985,0.490119142852564,7,0.881698362863261,0.79974168227466,hsa04510,Focal adhesion,PPP1CA,MYL12A,coherent
Prkce,Mapk8,liver,Cholangiocyte,636,0.0770440251572327,0.111635220125786,0.0141509433962264,0.0228372149558578,0.565376072037835,,,0.0758159574846402,0.871660427885386,7,0.881698362863261,0.964481813365423,hsa04931,Insulin resistance,PRKCE,MAPK8,discordant
Pik3cd,Pdpk1,liver,Monocyte,920,0.277173913043478,0.11195652173913,0.0380434782608696,0.0189524233550997,0.565882888083686,0.709243697478992,3.97831955057809e-06,0.501142776382395,0.25191134455232,7,0.881698362863261,0.680311260153012,hsa04910,Insulin signaling pathway,PIK3CD,PDPK1,coherent
Ogt,Pdpk1,liver,LSEC,745,0.340939597315436,0.119463087248322,0.0483221476510067,0.0210263261412003,0.566640166449318,0.700386100386101,4.12814608867108e-06,0.479504895108266,0.276227962729279,7,0.882002401943433,0.687767885135246,hsa04931,Insulin resistance,OGT,PDPK1,coherent
Akt2,Pde3b,liver,Monocyte,920,0.134782608695652,0.0347826086956522,0.00434782608695652,-0.0187964306400584,0.569085285094003,,,-0.290336297474884,0.527618546932165,7,0.884421209369309,0.811917007233547,hsa04371,Apelin signaling pathway,AKT2,PDE3B,discordant
Akt2,Pde3b,liver,Monocyte,920,0.134782608695652,0.0347826086956522,0.00434782608695652,-0.0187964306400584,0.569085285094003,,,-0.290336297474884,0.527618546932165,7,0.884421209369309,0.811917007233547,hsa04910,Insulin signaling pathway,AKT2,PDE3B,discordant
Stat3,Foxo3,liver,LSEC,745,0.212080536912752,0.0523489932885906,0.0147651006711409,-0.0208300206072797,0.570268691121673,0.663636363636364,0.0308508738328496,0.0824464672780242,0.86050974666532,7,0.884421209369309,0.960273441152172,hsa04068,FoxO signaling pathway,STAT3,FOXO3,discordant
Hras,Pik3cd,liver,Kupffer_cell,202,0.0940594059405941,0.108910891089109,0.0247524752475248,0.0401262205824962,0.570720979912444,,,-0.659367110422426,0.107138258298651,7,0.884421209369309,0.542403644629583,hsa04211,Longevity regulating pathway,HRAS,PIK3CD,coherent
Hras,Pik3cd,liver,Kupffer_cell,202,0.0940594059405941,0.108910891089109,0.0247524752475248,0.0401262205824962,0.570720979912444,,,-0.659367110422426,0.107138258298651,7,0.884421209369309,0.542403644629583,hsa04213,Longevity regulating pathway - multiple species,HRAS,PIK3CD,coherent
Hras,Pik3cd,liver,Kupffer_cell,202,0.0940594059405941,0.108910891089109,0.0247524752475248,0.0401262205824962,0.570720979912444,,,-0.659367110422426,0.107138258298651,7,0.884421209369309,0.542403644629583,hsa04510,Focal adhesion,HRAS,PIK3CD,coherent
Usp7,Foxo3,liver,Cholangiocyte,636,0.278301886792453,0.256289308176101,0.0927672955974843,0.0225079033591708,0.570997614199574,0.474583205532916,0.000146132167890404,0.0422914881414202,0.928267928944964,7,0.884421209369309,0.976217405419447,hsa04068,FoxO signaling pathway,USP7,FOXO3,coherent
Ppp1ca,Pygb,liver,Monocyte,920,0.768478260869565,0.0467391304347826,0.0369565217391304,-0.0186865497197317,0.571346221114222,0.143773873185638,0.415721180585954,-0.877010356534804,0.00952563050713869,7,0.884421209369309,0.372272914997024,hsa04931,Insulin resistance,PPP1CA,PYGB,discordant
Sirt1,Foxo3,liver,Macrophage_other,214,0.0514018691588785,0.0700934579439252,0.00467289719626168,0.0388857361097916,0.571576230911714,,,-0.663066881401505,0.336933118598495,4,0.884421209369309,0.727370364924555,hsa04211,Longevity regulating pathway,SIRT1,FOXO3,coherent
Sirt1,Foxo3,liver,Macrophage_other,214,0.0514018691588785,0.0700934579439252,0.00467289719626168,0.0388857361097916,0.571576230911714,,,-0.663066881401505,0.336933118598495,4,0.884421209369309,0.727370364924555,hsa04213,Longevity regulating pathway - multiple species,SIRT1,FOXO3,coherent
Mapk8,Foxo3,liver,Monocyte,920,0.0934782608695652,0.101086956521739,0.0119565217391304,0.0185630960388963,0.573891511950256,0.0181818181818182,0.967576156202938,0.648123930527344,0.115408745572406,7,0.88562323206654,0.559081004720365,hsa04068,FoxO signaling pathway,MAPK8,FOXO3,coherent
Rock1,Myl12a,liver,B_cell,7386,0.391416192797184,0.258732737611698,0.112374763065259,0.0065434158996,0.573936130443692,0.448507532092064,2.55595039428396e-42,0.764613178322673,0.0452716685603571,7,0.88562323206654,0.468477290281202,hsa04510,Focal adhesion,ROCK1,MYL12A,coherent
Tradd,Traf2,liver,Monocyte,920,0.0978260869565217,0.0652173913043478,0.00760869565217391,-0.0185506781848121,0.574147832071598,,,-0.111061656684555,0.812616537933412,7,0.88562323206654,0.94266513434162,hsa04920,Adipocytokine signaling pathway,TRADD,TRAF2,coherent
Ppp1r12a,Myl12a,liver,Macrophage_other,214,0.242990654205607,0.560747663551402,0.163551401869159,-0.0384629772757723,0.575768329177191,0.778151260504202,4.97513394770525e-07,0.507208615871309,0.492791384128691,4,0.88562323206654,0.79974168227466,hsa04510,Focal adhesion,PPP1R12A,MYL12A,discordant
Vav2,Rac2,liver,cDC,731,0.0957592339261286,0.777017783857729,0.0779753761969904,-0.0207003123855353,0.576314145462371,0.347161005963184,0.00845025012695565,0.70942861108818,0.0742000947339142,7,0.88562323206654,0.506654087900504,hsa04510,Focal adhesion,VAV2,RAC2,coherent
Rhoa,Rock2,liver,pDC,748,0.937165775401069,0.330213903743315,0.31951871657754,-0.0204489080084935,0.576576541111321,0.0040865318055504,0.949889698568621,0.0373135414490034,0.936698653356247,7,0.88562323206654,0.977571308315948,hsa04510,Focal adhesion,RHOA,ROCK2,discordant
Rhoa,Rock1,liver,pDC,748,0.937165775401069,0.647058823529412,0.621657754010695,0.0204138720228805,0.577230007606363,-0.016303292319195,0.725859219044401,-0.0883364021023977,0.850619891248075,7,0.88562323206654,0.957634410247868,hsa04510,Focal adhesion,RHOA,ROCK1,discordant
Hras,Araf,liver,LSEC,745,0.139597315436242,0.12751677852349,0.0268456375838926,0.0204326274061096,0.577647781167305,0.532330827067669,0.0170884714056415,-0.384287696482438,0.394697547491038,7,0.88562323206654,0.754844053477871,hsa04068,FoxO signaling pathway,HRAS,ARAF,coherent
Hras,Araf,liver,LSEC,745,0.139597315436242,0.12751677852349,0.0268456375838926,0.0204326274061096,0.577647781167305,0.532330827067669,0.0170884714056415,-0.384287696482438,0.394697547491038,7,0.88562323206654,0.754844053477871,hsa04910,Insulin signaling pathway,HRAS,ARAF,coherent
Irs2,Pik3cd,liver,Monocyte,920,0.0891304347826087,0.277173913043478,0.0326086956521739,0.0183608417909527,0.578073015651099,0.741045606229144,5.94719012538016e-06,0.110615912514791,0.813359354932747,7,0.88562323206654,0.94266513434162,hsa04068,FoxO signaling pathway,IRS2,PIK3CD,discordant
Irs2,Pik3cd,liver,Monocyte,920,0.0891304347826087,0.277173913043478,0.0326086956521739,0.0183608417909527,0.578073015651099,0.741045606229144,5.94719012538016e-06,0.110615912514791,0.813359354932747,7,0.88562323206654,0.94266513434162,hsa04081,Hormone signaling,IRS2,PIK3CD,discordant
Irs2,Pik3cd,liver,Monocyte,920,0.0891304347826087,0.277173913043478,0.0326086956521739,0.0183608417909527,0.578073015651099,0.741045606229144,5.94719012538016e-06,0.110615912514791,0.813359354932747,7,0.88562323206654,0.94266513434162,hsa04152,AMPK signaling pathway,IRS2,PIK3CD,discordant
Irs2,Pik3cd,liver,Monocyte,920,0.0891304347826087,0.277173913043478,0.0326086956521739,0.0183608417909527,0.578073015651099,0.741045606229144,5.94719012538016e-06,0.110615912514791,0.813359354932747,7,0.88562323206654,0.94266513434162,hsa04211,Longevity regulating pathway,IRS2,PIK3CD,discordant
Irs2,Pik3cd,liver,Monocyte,920,0.0891304347826087,0.277173913043478,0.0326086956521739,0.0183608417909527,0.578073015651099,0.741045606229144,5.94719012538016e-06,0.110615912514791,0.813359354932747,7,0.88562323206654,0.94266513434162,hsa04213,Longevity regulating pathway - multiple species,IRS2,PIK3CD,discordant
Irs2,Pik3cd,liver,Monocyte,920,0.0891304347826087,0.277173913043478,0.0326086956521739,0.0183608417909527,0.578073015651099,0.741045606229144,5.94719012538016e-06,0.110615912514791,0.813359354932747,7,0.88562323206654,0.94266513434162,hsa04910,Insulin signaling pathway,IRS2,PIK3CD,discordant
Irs2,Pik3cd,liver,Monocyte,920,0.0891304347826087,0.277173913043478,0.0326086956521739,0.0183608417909527,0.578073015651099,0.741045606229144,5.94719012538016e-06,0.110615912514791,0.813359354932747,7,0.88562323206654,0.94266513434162,hsa04931,Insulin resistance,IRS2,PIK3CD,discordant
Irs2,Pik3cd,liver,Monocyte,920,0.0891304347826087,0.277173913043478,0.0326086956521739,0.0183608417909527,0.578073015651099,0.741045606229144,5.94719012538016e-06,0.110615912514791,0.813359354932747,7,0.88562323206654,0.94266513434162,hsa04935,"Growth hormone synthesis, secretion and action",IRS2,PIK3CD,discordant
Rps6ka1,Ppp1cb,liver,T_cell,2018,0.129335976214073,0.210109018830525,0.0317145688800793,0.0123744361613451,0.578509508395159,0.745727400774599,1.55491367903895e-12,0.0487576086472701,0.917324866544207,7,0.88562323206654,0.975123791062236,hsa04931,Insulin resistance,RPS6KA1,PPP1CB,discordant
Rps6kb2,Rps6,liver,Macrophage_other,214,0.0327102803738318,0.780373831775701,0.0280373831775701,-0.0381506855337652,0.578874258389711,,,-0.254778975867036,0.745221024132964,4,0.88562323206654,0.919624514602224,hsa04371,Apelin signaling pathway,RPS6KB2,RPS6,discordant
Rps6kb2,Rps6,liver,Macrophage_other,214,0.0327102803738318,0.780373831775701,0.0280373831775701,-0.0381506855337652,0.578874258389711,,,-0.254778975867036,0.745221024132964,4,0.88562323206654,0.919624514602224,hsa04910,Insulin signaling pathway,RPS6KB2,RPS6,discordant
Ptprf,Irs1,liver,HSC_Fibroblast,2024,0.0696640316205534,0.0340909090909091,0.00395256916996047,0.0123359989172852,0.57912647297659,,,-0.247025881962484,0.593313029165908,7,0.88562323206654,0.844418494046869,hsa04910,Insulin signaling pathway,PTPRF,IRS1,coherent
Ptprf,Irs1,liver,HSC_Fibroblast,2024,0.0696640316205534,0.0340909090909091,0.00395256916996047,0.0123359989172852,0.57912647297659,,,-0.247025881962484,0.593313029165908,7,0.88562323206654,0.844418494046869,hsa04931,Insulin resistance,PTPRF,IRS1,coherent
Prkce,Rras,liver,B_cell,7386,0.115353371242892,0.0408881668020579,0.00541565123206066,0.00643579599971224,0.580252270895392,0.922701688555347,0,0.548716923206612,0.202123169132012,7,0.886257465208934,0.639801513798786,hsa04371,Apelin signaling pathway,PRKCE,RRAS,coherent
Akt1,Ppp1cb,liver,HSC_Fibroblast,2024,0.195652173913043,0.266798418972332,0.0869565217391304,0.0122858247048033,0.580670920481061,0.568791547435615,0,0.543715790661315,0.207113102641537,7,0.886257465208934,0.640741450855509,hsa04910,Insulin signaling pathway,AKT1,PPP1CB,discordant
Rock1,Ppp1cb,liver,Monocyte,920,0.508695652173913,0.342391304347826,0.191304347826087,0.0181811352218361,0.581800318993166,0.425707284350633,3.86058476719308e-09,-0.609230535472119,0.146458459426887,7,0.887118270651387,0.589509147649362,hsa04510,Focal adhesion,ROCK1,PPP1CB,discordant
Akt2,Foxo3,liver,B_cell,7386,0.0603845112374763,0.0522610343893853,0.00392634714324398,0.00638983244537469,0.582959730390869,0.810344827586207,1.36734425590678e-06,-0.0973046224248862,0.835591453098912,7,0.887336997349704,0.952792870575722,hsa04068,FoxO signaling pathway,AKT2,FOXO3,coherent
Akt2,Foxo3,liver,B_cell,7386,0.0603845112374763,0.0522610343893853,0.00392634714324398,0.00638983244537469,0.582959730390869,0.810344827586207,1.36734425590678e-06,-0.0973046224248862,0.835591453098912,7,0.887336997349704,0.952792870575722,hsa04211,Longevity regulating pathway,AKT2,FOXO3,coherent
Akt2,Foxo3,liver,B_cell,7386,0.0603845112374763,0.0522610343893853,0.00392634714324398,0.00638983244537469,0.582959730390869,0.810344827586207,1.36734425590678e-06,-0.0973046224248862,0.835591453098912,7,0.887336997349704,0.952792870575722,hsa04213,Longevity regulating pathway - multiple species,AKT2,FOXO3,coherent
Akt2,Ppp1ca,liver,Macrophage_other,214,0.0794392523364486,0.509345794392523,0.0514018691588785,-0.037729568252104,0.583074852942986,0.145454545454545,0.673423202665486,0.861130181013857,0.138869818986143,4,0.887336997349704,0.579702520344588,hsa04910,Insulin signaling pathway,AKT2,PPP1CA,coherent
Il6,Stat3,liver,Kupffer_cell,202,0.0445544554455446,0.128712871287129,0.0148514851485149,0.038670411439199,0.584788619932303,,,0.787553537345994,0.0355035567387604,7,0.88908269832731,0.456599020681271,hsa04068,FoxO signaling pathway,IL6,STAT3,coherent
Il6,Stat3,liver,Kupffer_cell,202,0.0445544554455446,0.128712871287129,0.0148514851485149,0.038670411439199,0.584788619932303,,,0.787553537345994,0.0355035567387604,7,0.88908269832731,0.456599020681271,hsa04931,Insulin resistance,IL6,STAT3,coherent
Pik3cd,Akt2,liver,B_cell,7386,0.122664500406174,0.0603845112374763,0.0090712158137016,0.00633450917346367,0.586226310032318,0.787129601915594,2.83588888311575e-15,0.761566351551786,0.0466679869748074,7,0.88931056941668,0.468477290281202,hsa04518,Integrin signaling,PIK3CD,AKT2,coherent
Pik3cd,Akt2,liver,B_cell,7386,0.122664500406174,0.0603845112374763,0.0090712158137016,0.00633450917346367,0.586226310032318,0.787129601915594,2.83588888311575e-15,0.761566351551786,0.0466679869748074,7,0.88931056941668,0.468477290281202,hsa04935,"Growth hormone synthesis, secretion and action",PIK3CD,AKT2,coherent
Gnai3,Prkce,liver,cDC,731,0.373461012311902,0.051983584131327,0.0218878248974008,-0.0201225800642299,0.58700699626901,0.691176470588235,0.00399876975679217,0.727296610529628,0.06398752934659,7,0.88931056941668,0.497012047251484,hsa04371,Apelin signaling pathway,GNAI3,PRKCE,discordant
Foxo3,Cdkn1a,liver,NK_cell,596,0.102348993288591,0.154362416107383,0.0134228187919463,-0.0222460164992495,0.587803754960514,,,-0.00194670466489547,0.996695177780396,7,0.88931056941668,0.99864030064286,hsa04068,FoxO signaling pathway,FOXO3,CDKN1A,discordant
Akt1,Foxo3,liver,Monocyte,920,0.380434782608696,0.101086956521739,0.041304347826087,-0.0178778574577735,0.588115923182293,0.662107451581136,1.02630444887373e-05,0.320416897152836,0.483531136147247,7,0.88931056941668,0.793577774701914,hsa04068,FoxO signaling pathway,AKT1,FOXO3,coherent
Akt1,Foxo3,liver,Monocyte,920,0.380434782608696,0.101086956521739,0.041304347826087,-0.0178778574577735,0.588115923182293,0.662107451581136,1.02630444887373e-05,0.320416897152836,0.483531136147247,7,0.88931056941668,0.793577774701914,hsa04211,Longevity regulating pathway,AKT1,FOXO3,coherent
Akt1,Foxo3,liver,Monocyte,920,0.380434782608696,0.101086956521739,0.041304347826087,-0.0178778574577735,0.588115923182293,0.662107451581136,1.02630444887373e-05,0.320416897152836,0.483531136147247,7,0.88931056941668,0.793577774701914,hsa04213,Longevity regulating pathway - multiple species,AKT1,FOXO3,coherent
Rock1,Myl12a,liver,Monocyte,920,0.508695652173913,0.672826086956522,0.376086956521739,0.0178684156354526,0.588313051128819,0.31722290608819,1.58044104759382e-09,-0.0820804921060385,0.861124749331489,7,0.88931056941668,0.960273441152172,hsa04510,Focal adhesion,ROCK1,MYL12A,coherent
Flt1,Pik3cd,liver,Monocyte,920,0.103260869565217,0.277173913043478,0.0326086956521739,-0.017859252568879,0.588504388305942,0.195105672969967,0.300148418465634,0.303706512219366,0.507857429838681,7,0.88931056941668,0.804064891439848,hsa04510,Focal adhesion,FLT1,PIK3CD,discordant
Gnb2,Rras2,liver,pDC,748,0.828877005347594,0.101604278074866,0.089572192513369,0.0197909449526017,0.588906106834882,0.536001835786073,2.9465470621616e-06,-0.053054565503094,0.910058480126128,7,0.88931056941668,0.969935393296569,hsa04371,Apelin signaling pathway,GNB2,RRAS2,discordant
Foxo3,Cryab,liver,Macrophage_other,214,0.0700934579439252,0.0233644859813084,0,-0.0370900555875466,0.58948076521174,,,0.801943913233562,0.198056086766438,4,0.889322423670404,0.638796882889068,hsa04213,Longevity regulating pathway - multiple species,FOXO3,CRYAB,coherent
Hras,Araf,liver,T_cell,2018,0.0936570862239841,0.103567888999009,0.0138751238850347,0.0119852452699102,0.590515762180876,0.920087575259989,4.65829520091064e-07,0.203712861714462,0.661297277083391,7,0.890028079598266,0.877813390646227,hsa04068,FoxO signaling pathway,HRAS,ARAF,coherent
Hras,Araf,liver,T_cell,2018,0.0936570862239841,0.103567888999009,0.0138751238850347,0.0119852452699102,0.590515762180876,0.920087575259989,4.65829520091064e-07,0.203712861714462,0.661297277083391,7,0.890028079598266,0.877813390646227,hsa04910,Insulin signaling pathway,HRAS,ARAF,coherent
Prkce,Rras,liver,pDC,748,0.0494652406417112,0.0762032085561497,0.00267379679144385,-0.0196259524781216,0.592016841433199,,,-0.380320238941145,0.400011624735712,7,0.890663174840259,0.754844053477871,hsa04371,Apelin signaling pathway,PRKCE,RRAS,coherent
Ptpn11,Irs1,liver,HSC_Fibroblast,2024,0.161561264822134,0.0340909090909091,0.0118577075098814,0.0119173289904164,0.592072461031478,0.509565217391304,0.0119405299656425,-0.00821182353256089,0.98605964543029,7,0.890663174840259,0.997401784703893,hsa04931,Insulin resistance,PTPN11,IRS1,discordant
Ikbkg,Nfkbie,liver,Macrophage_other,214,0.0560747663551402,0.154205607476636,0.00934579439252336,-0.0367293091330365,0.59310847016594,,,-0.83078905161356,0.16921094838644,4,0.891223995276367,0.621166786447758,hsa04920,Adipocytokine signaling pathway,IKBKG,NFKBIE,coherent
Ppp1cb,Myl12a,liver,NK_cell,596,0.23489932885906,0.587248322147651,0.145973154362416,-0.0219026565127668,0.593581309792099,0.524695633155938,2.84965445274996e-07,-0.0436221693653752,0.926015144808451,7,0.891223995276367,0.976217405419447,hsa04510,Focal adhesion,PPP1CB,MYL12A,discordant
Arhgap5,Rhoa,liver,NK_cell,596,0.0419463087248322,0.778523489932886,0.0335570469798658,0.0217185871544439,0.596689195097698,0.305263157894737,0.190181914538549,0.0373342048792531,0.936663647304036,7,0.894252884120241,0.977571308315948,hsa04510,Focal adhesion,ARHGAP5,RHOA,coherent
Mapk8,Foxo3,liver,T_cell,2018,0.0594648166501487,0.0782953419226957,0.00396432111000991,-0.0117762831851,0.597009018929365,,,0.0794386061969082,0.865565944387564,7,0.894252884120241,0.962661733861461,hsa04068,FoxO signaling pathway,MAPK8,FOXO3,coherent
Pik3r2,Pdpk1,liver,Monocyte,920,0.0358695652173913,0.11195652173913,0.00326086956521739,-0.0174263977006907,0.597575488777895,,,0.310983867238262,0.497211581732652,7,0.894252884120241,0.79974168227466,hsa04910,Insulin signaling pathway,PIK3R2,PDPK1,coherent
Srebf1,Irs2,liver,cDC,731,0.06703146374829,0.0752393980848153,0.00410396716826265,-0.019540163266666,0.597878441964393,,,-0.417292210475868,0.351615792514774,7,0.894252884120241,0.736405008417742,hsa04931,Insulin resistance,SREBF1,IRS2,coherent
Pik3cd,Akt1,liver,T_cell,2018,0.284935579781962,0.087215064420218,0.0292368681863231,0.0117214683914894,0.598717684465128,0.633536923931149,7.22742707083218e-08,0.734452296060707,0.0601253564024235,7,0.894655282786463,0.488791109820738,hsa04518,Integrin signaling,PIK3CD,AKT1,coherent
Pik3cd,Akt1,liver,T_cell,2018,0.284935579781962,0.087215064420218,0.0292368681863231,0.0117214683914894,0.598717684465128,0.633536923931149,7.22742707083218e-08,0.734452296060707,0.0601253564024235,7,0.894655282786463,0.488791109820738,hsa04935,"Growth hormone synthesis, secretion and action",PIK3CD,AKT1,coherent
Arhgap5,Rhoa,liver,Monocyte,920,0.0445652173913043,0.895652173913044,0.041304347826087,-0.0173088418131709,0.600049953006194,0.127256811467338,0.445010945847062,-0.282373337261531,0.539508623734378,7,0.895352188067825,0.820241308758952,hsa04510,Focal adhesion,ARHGAP5,RHOA,coherent
Gna12,Rhoa,liver,HSC_Fibroblast,2024,0.0953557312252964,0.660079051383399,0.0795454545454545,0.0116389367009646,0.60075362906898,0.192667356797792,0.01445420794381,0.632549519865549,0.127389862996401,7,0.895352188067825,0.573397641339326,hsa04081,Hormone signaling,GNA12,RHOA,coherent
Socs3,Srebf1,liver,Kupffer_cell,202,0.0495049504950495,0.0544554455445545,0.00495049504950495,-0.0370071358467032,0.601054061901913,,,0.674039781979137,0.0968251973883963,7,0.895352188067825,0.538696261307664,hsa04931,Insulin resistance,SOCS3,SREBF1,coherent
Ogt,Pik3ca,liver,Monocyte,920,0.231521739130435,0.0967391304347826,0.0239130434782609,-0.0172391347252668,0.60151941784776,0.566346696781479,0.00685768575525399,0.810719341004588,0.0269586763454851,7,0.895352188067825,0.421600743475285,hsa04931,Insulin resistance,OGT,PIK3CA,discordant
Sirt1,Bax,liver,Neutrophil,572,0.0262237762237762,0.0979020979020979,0.00174825174825175,-0.0218490729792396,0.602037322123362,,,0.55176730304092,0.199108290428055,7,0.895352188067825,0.638796882889068,hsa04211,Longevity regulating pathway,SIRT1,BAX,coherent
Igfbp3,Igf1,liver,Cholangiocyte,636,0.0267295597484277,0.328616352201258,0.0110062893081761,0.0206266144712608,0.603610565185478,,,0.105987835134098,0.821078375295114,7,0.896231907542965,0.947871310023411,hsa04115,p53 signaling pathway,IGFBP3,IGF1,coherent
Sos2,Hras,liver,HSC_Fibroblast,2024,0.0844861660079051,0.165513833992095,0.0296442687747036,0.0115316936567478,0.604113078500385,0.693414837454849,0,0.423608234614213,0.343607024490143,7,0.896231907542965,0.730876816457028,hsa04068,FoxO signaling pathway,SOS2,HRAS,discordant
Sos2,Hras,liver,HSC_Fibroblast,2024,0.0844861660079051,0.165513833992095,0.0296442687747036,0.0115316936567478,0.604113078500385,0.693414837454849,0,0.423608234614213,0.343607024490143,7,0.896231907542965,0.730876816457028,hsa04510,Focal adhesion,SOS2,HRAS,discordant
Sos2,Hras,liver,HSC_Fibroblast,2024,0.0844861660079051,0.165513833992095,0.0296442687747036,0.0115316936567478,0.604113078500385,0.693414837454849,0,0.423608234614213,0.343607024490143,7,0.896231907542965,0.730876816457028,hsa04910,Insulin signaling pathway,SOS2,HRAS,discordant
Sos2,Hras,liver,HSC_Fibroblast,2024,0.0844861660079051,0.165513833992095,0.0296442687747036,0.0115316936567478,0.604113078500385,0.693414837454849,0,0.423608234614213,0.343607024490143,7,0.896231907542965,0.730876816457028,hsa04935,"Growth hormone synthesis, secretion and action",SOS2,HRAS,discordant
Crk,Rapgef1,liver,LSEC,745,0.251006711409396,0.112751677852349,0.0308724832214765,-0.0189729582530647,0.605129665495999,0.819169960474308,2.56532253614394e-06,0.10077165695439,0.82979202557055,7,0.896231907542965,0.951018033688965,hsa04510,Focal adhesion,CRK,RAPGEF1,coherent
Foxo3,Bcl2l11,liver,Cholangiocyte,636,0.256289308176101,0.127358490566038,0.0455974842767296,0.0205250596517086,0.60539458721348,0.580295566502463,0.00118636584374009,0.568147082222408,0.18329374242955,7,0.896231907542965,0.631855080442306,hsa04068,FoxO signaling pathway,FOXO3,BCL2L11,discordant
Pik3r2,Akt1,liver,cDC,731,0.0738714090287278,0.422708618331053,0.0328317373461012,-0.0191355174696548,0.605484908856305,0.691304347826087,0.000266396509380363,0.505955927046211,0.246641863418498,7,0.896231907542965,0.674013592695898,hsa04518,Integrin signaling,PIK3R2,AKT1,coherent
Pik3r2,Akt1,liver,cDC,731,0.0738714090287278,0.422708618331053,0.0328317373461012,-0.0191355174696548,0.605484908856305,0.691304347826087,0.000266396509380363,0.505955927046211,0.246641863418498,7,0.896231907542965,0.674013592695898,hsa04935,"Growth hormone synthesis, secretion and action",PIK3R2,AKT1,coherent
Pik3ca,Akt1,liver,Macrophage_other,214,0.0794392523364486,0.205607476635514,0.0186915887850467,-0.0353602492501591,0.606967367257161,,,0.213174918620869,0.786825081379131,4,0.896915446912732,0.934540918004434,hsa04518,Integrin signaling,PIK3CA,AKT1,discordant
Pik3ca,Akt1,liver,Macrophage_other,214,0.0794392523364486,0.205607476635514,0.0186915887850467,-0.0353602492501591,0.606967367257161,,,0.213174918620869,0.786825081379131,4,0.896915446912732,0.934540918004434,hsa04935,"Growth hormone synthesis, secretion and action",PIK3CA,AKT1,discordant
Akt1,Ppp1ca,liver,NK_cell,596,0.13255033557047,0.644295302013423,0.0906040268456376,-0.0211057135457902,0.607089996571907,0.272498570611778,0.0465262023072637,0.253750226291542,0.582954017368025,7,0.896915446912732,0.842477401576591,hsa04910,Insulin signaling pathway,AKT1,PPP1CA,coherent
Ogt,Akt2,liver,Monocyte,920,0.231521739130435,0.134782608695652,0.0326086956521739,-0.016908161407384,0.608518532277281,0.640934371523915,0.000190046081630662,-0.83499402522064,0.0193951015910994,7,0.89818022308848,0.400406768374144,hsa04931,Insulin resistance,OGT,AKT2,coherent
Rac3,Mapk8,liver,Cholangiocyte,636,0.0974842767295597,0.111635220125786,0.0157232704402516,0.0201984967447797,0.61114724888372,1,0,0.619586931967389,0.137823409093042,7,0.900573226732116,0.579702520344588,hsa04510,Focal adhesion,RAC3,MAPK8,discordant
Arhgap5,Rhoa,liver,Macrophage_other,214,0.149532710280374,0.677570093457944,0.11214953271028,-0.0349363158913778,0.611287754282794,-0.00869565217391304,0.969183474566379,0.297863264240367,0.702136735759633,4,0.900573226732116,0.899347528919335,hsa04510,Focal adhesion,ARHGAP5,RHOA,coherent
Map2k7,Mapk8,liver,Macrophage_other,214,0.0560747663551402,0.0654205607476636,0.00467289719626168,-0.0348674847581655,0.611990500430882,,,0.621380790742509,0.378619209257491,4,0.900762753448455,0.751020312312641,hsa04936,Alcoholic liver disease,MAP2K7,MAPK8,discordant
Rps6ka1,Ppp1ca,liver,Neutrophil,572,0.0646853146853147,0.347902097902098,0.0262237762237762,0.0212139702988793,0.61263799886218,0.767857142857143,0.00128222443031161,0.445448849784754,0.316519516435928,7,0.900870684362475,0.71148871244695,hsa04931,Insulin resistance,RPS6KA1,PPP1CA,coherent
Rock1,Ppp1r12a,liver,Neutrophil,572,0.305944055944056,0.229020979020979,0.0681818181818182,-0.0211233146339506,0.614157844944086,0.329352226720648,0.041152736386513,0.616029257193927,0.140759891528537,7,0.901702547183085,0.579702520344588,hsa04510,Focal adhesion,ROCK1,PPP1R12A,discordant
Stat3,Foxo3,liver,Monocyte,920,0.526086956521739,0.101086956521739,0.0684782608695652,0.0166335493228388,0.614353105760815,0.28153801843318,0.0257213068001144,0.385645694505018,0.392885144203193,7,0.901702547183085,0.754844053477871,hsa04068,FoxO signaling pathway,STAT3,FOXO3,discordant
Map2k3,Mapk8,liver,B_cell,7386,0.0427836447332792,0.0602491199566748,0.00284321689683184,-0.00585158432703764,0.615094264491572,0.863636363636364,0,0.844543621355334,0.0168001894424265,7,0.901726650537092,0.400406768374144,hsa04935,"Growth hormone synthesis, secretion and action",MAP2K3,MAPK8,discordant
Foxo3,Gadd45a,liver,LSEC,745,0.0523489932885906,0.0442953020134228,0.00536912751677852,0.0184052845125616,0.615973236113605,,,0.495401113290702,0.258264266457051,7,0.901726650537092,0.680374486199904,hsa04068,FoxO signaling pathway,FOXO3,GADD45A,discordant
Akt2,Ppp1cb,liver,Neutrophil,572,0.113636363636364,0.148601398601399,0.020979020979021,0.0210079892482893,0.61609367073025,0.783216783216783,0.00411545002029304,0.804925642953093,0.0289728496430041,7,0.901726650537092,0.430998487520235,hsa04910,Insulin signaling pathway,AKT2,PPP1CB,discordant
Map2k3,Mapk8,liver,pDC,748,0.195187165775401,0.0855614973262032,0.0213903743315508,0.0183317626798242,0.616673961351643,0.402941176470588,0.122924741239095,0.893501663865349,0.00670767977109078,7,0.901734804623232,0.372272914997024,hsa04935,"Growth hormone synthesis, secretion and action",MAP2K3,MAPK8,discordant
Gnai3,Prkce,liver,Monocyte,920,0.26304347826087,0.05,0.016304347826087,0.0164785758917354,0.617656585096548,0.225,0.418959708396928,0.356063734547602,0.433105236909313,7,0.902330709512554,0.763678274524487,hsa04371,Apelin signaling pathway,GNAI3,PRKCE,discordant
Rps6ka1,Ppp1ca,liver,Kupffer_cell,202,0.108910891089109,0.341584158415842,0.0396039603960396,-0.0351593863807687,0.619357383938591,,,-0.180366694919285,0.698756260339169,7,0.902343665069133,0.899347528919335,hsa04931,Insulin resistance,RPS6KA1,PPP1CA,coherent
Gnb2,Prkce,liver,B_cell,7386,0.375710804224208,0.115353371242892,0.0484700785269429,0.00577893591062363,0.619490566312647,0.535783883083761,5.45650849197191e-28,0.645505951732757,0.117380194280738,7,0.902343665069133,0.559270906590061,hsa04371,Apelin signaling pathway,GNB2,PRKCE,coherent
Tnfrsf1a,Tradd,liver,HSC_Fibroblast,2024,0.243577075098814,0.0439723320158103,0.0207509881422925,0.0110357651587109,0.619756701257196,0.365220210177822,0.0173939570253681,0.752667352258737,0.0508800079529812,7,0.902343665069133,0.48099432284387,hsa04920,Adipocytokine signaling pathway,TNFRSF1A,TRADD,coherent
Pdpk1,Akt2,liver,Neutrophil,572,0.041958041958042,0.113636363636364,0.0034965034965035,-0.0207583678620799,0.620292877788819,,,-0.139647915177365,0.765231208968768,7,0.902343665069133,0.923575205286151,hsa04068,FoxO signaling pathway,PDPK1,AKT2,coherent
Pdpk1,Akt2,liver,Neutrophil,572,0.041958041958042,0.113636363636364,0.0034965034965035,-0.0207583678620799,0.620292877788819,,,-0.139647915177365,0.765231208968768,7,0.902343665069133,0.923575205286151,hsa04152,AMPK signaling pathway,PDPK1,AKT2,coherent
Pdpk1,Akt2,liver,Neutrophil,572,0.041958041958042,0.113636363636364,0.0034965034965035,-0.0207583678620799,0.620292877788819,,,-0.139647915177365,0.765231208968768,7,0.902343665069133,0.923575205286151,hsa04510,Focal adhesion,PDPK1,AKT2,coherent
Pdpk1,Akt2,liver,Neutrophil,572,0.041958041958042,0.113636363636364,0.0034965034965035,-0.0207583678620799,0.620292877788819,,,-0.139647915177365,0.765231208968768,7,0.902343665069133,0.923575205286151,hsa04910,Insulin signaling pathway,PDPK1,AKT2,coherent
Pdpk1,Akt2,liver,Neutrophil,572,0.041958041958042,0.113636363636364,0.0034965034965035,-0.0207583678620799,0.620292877788819,,,-0.139647915177365,0.765231208968768,7,0.902343665069133,0.923575205286151,hsa04931,Insulin resistance,PDPK1,AKT2,coherent
Sos2,Hras,liver,NK_cell,596,0.0956375838926174,0.140939597315436,0.0151006711409396,-0.0203199860350778,0.620540990828295,,,-0.545930108832238,0.204896554006039,7,0.902343665069133,0.639801513798786,hsa04068,FoxO signaling pathway,SOS2,HRAS,discordant
Sos2,Hras,liver,NK_cell,596,0.0956375838926174,0.140939597315436,0.0151006711409396,-0.0203199860350778,0.620540990828295,,,-0.545930108832238,0.204896554006039,7,0.902343665069133,0.639801513798786,hsa04510,Focal adhesion,SOS2,HRAS,discordant
Sos2,Hras,liver,NK_cell,596,0.0956375838926174,0.140939597315436,0.0151006711409396,-0.0203199860350778,0.620540990828295,,,-0.545930108832238,0.204896554006039,7,0.902343665069133,0.639801513798786,hsa04910,Insulin signaling pathway,SOS2,HRAS,discordant
Sos2,Hras,liver,NK_cell,596,0.0956375838926174,0.140939597315436,0.0151006711409396,-0.0203199860350778,0.620540990828295,,,-0.545930108832238,0.204896554006039,7,0.902343665069133,0.639801513798786,hsa04935,"Growth hormone synthesis, secretion and action",SOS2,HRAS,discordant
Rac3,Mapk8,liver,Macrophage_other,214,0.0233644859813084,0.0654205607476636,0,-0.0337655266011212,0.623289113961975,,,-0.538057438728536,0.461942561271465,4,0.90487803764494,0.778504703152447,hsa04510,Focal adhesion,RAC3,MAPK8,discordant
Pik3cd,Pdpk1,liver,Neutrophil,572,0.132867132867133,0.041958041958042,0.00524475524475525,-0.0205719272882781,0.623437322303492,,,-0.365457554388197,0.420167620613893,7,0.90487803764494,0.760853000388159,hsa04910,Insulin signaling pathway,PIK3CD,PDPK1,coherent
Pik3ca,Pdpk1,liver,Macrophage_other,214,0.0794392523364486,0.121495327102804,0.00467289719626168,-0.0334607127989505,0.626430195841538,,,0.560828376457763,0.439171623542237,4,0.907513593028778,0.763678274524487,hsa04910,Insulin signaling pathway,PIK3CA,PDPK1,discordant
Pdpk1,Sgk1,liver,NK_cell,596,0.167785234899329,0.105704697986577,0.0167785234899329,-0.0199076019499512,0.627652032457273,0.503030303030303,0.14336680194002,-0.337867035288262,0.458588954883013,7,0.907513593028778,0.777366169519527,hsa04068,FoxO signaling pathway,PDPK1,SGK1,coherent
Ppp1ca,Calm1,liver,Monocyte,920,0.768478260869565,0.957608695652174,0.753260869565217,-0.0160069896687455,0.627756490746032,0.0157501635090847,0.678948405977131,-0.493078369860527,0.260854848246651,7,0.907513593028778,0.680374486199904,hsa04910,Insulin signaling pathway,PPP1CA,CALM1,coherent
Rock2,Ppp1cb,liver,cDC,731,0.374829001367989,0.359781121751026,0.153214774281806,0.0179611077746274,0.627802089744202,0.507337615744696,1.82802344753063e-08,0.286370039341525,0.533529781032794,7,0.907513593028778,0.81619932600601,hsa04510,Focal adhesion,ROCK2,PPP1CB,discordant
Traf2,Mapk8,liver,Macrophage_other,214,0.0420560747663551,0.0654205607476636,0.00467289719626168,-0.0332660119092203,0.62844010480718,,,-0.629129330733274,0.370870669266726,4,0.907513593028778,0.74506540343085,hsa04920,Adipocytokine signaling pathway,TRAF2,MAPK8,discordant
Map2k3,Mapk8,liver,cDC,731,0.341997264021888,0.0998632010943912,0.0451436388508892,0.0179130095394218,0.628723566362194,0.408422459893048,0.0190018655116454,0.312027369658213,0.495691565970958,7,0.907513593028778,0.79974168227466,hsa04935,"Growth hormone synthesis, secretion and action",MAP2K3,MAPK8,discordant
Srebf1,Fasn,liver,Cholangiocyte,636,0.218553459119497,0.207547169811321,0.0487421383647799,-0.0190895790982757,0.630859385546339,0.606451612903226,0.000391518197479374,0.768120511272507,0.043693150326342,7,0.90882447821841,0.468477290281202,hsa04152,AMPK signaling pathway,SREBF1,FASN,coherent
Srebf1,Fasn,liver,Cholangiocyte,636,0.218553459119497,0.207547169811321,0.0487421383647799,-0.0190895790982757,0.630859385546339,0.606451612903226,0.000391518197479374,0.768120511272507,0.043693150326342,7,0.90882447821841,0.468477290281202,hsa04910,Insulin signaling pathway,SREBF1,FASN,coherent
Srebf1,Fasn,liver,Cholangiocyte,636,0.218553459119497,0.207547169811321,0.0487421383647799,-0.0190895790982757,0.630859385546339,0.606451612903226,0.000391518197479374,0.768120511272507,0.043693150326342,7,0.90882447821841,0.468477290281202,hsa04936,Alcoholic liver disease,SREBF1,FASN,coherent
Sirt1,Bax,liver,Macrophage_other,214,0.0514018691588785,0.369158878504673,0.0280373831775701,0.0328895391955194,0.632334211717414,,,0.71064546186247,0.28935453813753,4,0.90882447821841,0.693277012103684,hsa04211,Longevity regulating pathway,SIRT1,BAX,coherent
Rhoa,Pip5k1c,liver,LSEC,745,0.477852348993289,0.122147651006711,0.0657718120805369,0.0175527325343026,0.632416246268149,0.261938775510204,0.0692665661641292,-0.343313090136048,0.450904616005356,7,0.90882447821841,0.773190538264922,hsa04510,Focal adhesion,RHOA,PIP5K1C,coherent
Ppp1ca,Myl2,liver,Neutrophil,572,0.347902097902098,0.034965034965035,0.013986013986014,0.02000829700156,0.632984848178493,,,-0.36086800332827,0.426469675492341,7,0.90882447821841,0.760853000388159,hsa04510,Focal adhesion,PPP1CA,MYL2,coherent
Sos1,Hras,liver,Kupffer_cell,202,0.0346534653465347,0.0940594059405941,0.00495049504950495,-0.0337410637782992,0.63356836154405,,,-0.42685598057819,0.339519150424621,7,0.90882447821841,0.727739818328185,hsa04068,FoxO signaling pathway,SOS1,HRAS,discordant
Sos1,Hras,liver,Kupffer_cell,202,0.0346534653465347,0.0940594059405941,0.00495049504950495,-0.0337410637782992,0.63356836154405,,,-0.42685598057819,0.339519150424621,7,0.90882447821841,0.727739818328185,hsa04510,Focal adhesion,SOS1,HRAS,discordant
Sos1,Hras,liver,Kupffer_cell,202,0.0346534653465347,0.0940594059405941,0.00495049504950495,-0.0337410637782992,0.63356836154405,,,-0.42685598057819,0.339519150424621,7,0.90882447821841,0.727739818328185,hsa04910,Insulin signaling pathway,SOS1,HRAS,discordant
Sos1,Hras,liver,Kupffer_cell,202,0.0346534653465347,0.0940594059405941,0.00495049504950495,-0.0337410637782992,0.63356836154405,,,-0.42685598057819,0.339519150424621,7,0.90882447821841,0.727739818328185,hsa04935,"Growth hormone synthesis, secretion and action",SOS1,HRAS,discordant
Pdpk1,Rps6kb2,liver,pDC,748,0.332887700534759,0.0935828877005348,0.0347593582887701,-0.0174579107350711,0.633572567021223,0.774358974358974,6.66182038099049e-06,0.545586464095613,0.205239796810486,7,0.90882447821841,0.639801513798786,hsa04910,Insulin signaling pathway,PDPK1,RPS6KB2,coherent
Vav2,Rac2,liver,Kupffer_cell,202,0.0495049504950495,0.485148514851485,0.0247524752475248,-0.0337293388115144,0.633686411198815,,,-0.256108544668797,0.579334288209923,7,0.90882447821841,0.840088260814575,hsa04510,Focal adhesion,VAV2,RAC2,coherent
Map2k3,Mapk8,liver,LSEC,745,0.0966442953020134,0.0818791946308725,0.00939597315436242,-0.017417040063581,0.635050417255749,,,0.345544028109182,0.447770805597493,7,0.909948954040429,0.772035597782931,hsa04935,"Growth hormone synthesis, secretion and action",MAP2K3,MAPK8,discordant
Mapk13,Foxo3,liver,Neutrophil,572,0.0926573426573426,0.0734265734265734,0.00699300699300699,-0.0197630540340372,0.637158344262892,,,-0.284317772573818,0.53659708705581,7,0.911125653002856,0.818989133842963,hsa04068,FoxO signaling pathway,MAPK13,FOXO3,coherent
Stat3,Igf1,liver,Cholangiocyte,636,0.262578616352201,0.328616352201258,0.116352201257862,0.0187169350642984,0.637543721509983,0.305649759348389,0.00831545892595713,0.267326074668652,0.562213789083108,7,0.911125653002856,0.834239373623674,hsa04935,"Growth hormone synthesis, secretion and action",STAT3,IGF1,discordant
Tnf,Tnfrsf1a,liver,NK_cell,596,0.0922818791946309,0.144295302013423,0.0151006711409396,-0.0193332435464472,0.637613745696071,,,0.47545701635306,0.280889311107412,7,0.911125653002856,0.690289227767032,hsa04920,Adipocytokine signaling pathway,TNF,TNFRSF1A,coherent
Tnf,Tnfrsf1a,liver,NK_cell,596,0.0922818791946309,0.144295302013423,0.0151006711409396,-0.0193332435464472,0.637613745696071,,,0.47545701635306,0.280889311107412,7,0.911125653002856,0.690289227767032,hsa04931,Insulin resistance,TNF,TNFRSF1A,coherent
Tnf,Tnfrsf1a,liver,NK_cell,596,0.0922818791946309,0.144295302013423,0.0151006711409396,-0.0193332435464472,0.637613745696071,,,0.47545701635306,0.280889311107412,7,0.911125653002856,0.690289227767032,hsa04936,Alcoholic liver disease,TNF,TNFRSF1A,coherent
Vav2,Rac2,liver,Macrophage_other,214,0.107476635514019,0.425233644859813,0.0560747663551402,0.0321868225909306,0.639629959648184,0.755244755244755,0.00659654322080615,0.694170217441651,0.305829782558349,4,0.911509741287851,0.703587872190689,hsa04510,Focal adhesion,VAV2,RAC2,coherent
Prkaa2,Cftr,liver,Cholangiocyte,636,0.124213836477987,0.105345911949686,0.0157232704402516,0.0185828959090971,0.639955308618124,0.672727272727273,0.0393814092829061,0.40124332153765,0.3723103761093,7,0.911509741287851,0.747001253344619,hsa04152,AMPK signaling pathway,PRKAA2,CFTR,discordant
Rock2,Ppp1cb,liver,Neutrophil,572,0.0926573426573426,0.148601398601399,0.0157342657342657,-0.0195669567709815,0.640503774961907,,,0.182604735857938,0.695143004463898,7,0.911509741287851,0.899158593572841,hsa04510,Focal adhesion,ROCK2,PPP1CB,discordant
Prkce,Kras,liver,Cholangiocyte,636,0.0770440251572327,0.238993710691824,0.0314465408805031,0.0185301902300759,0.64090461358776,0.433082706766917,0.0578589602015412,0.698143156121705,0.0810691786840779,7,0.911509741287851,0.520537188580566,hsa04371,Apelin signaling pathway,PRKCE,KRAS,discordant
Pik3r2,Akt1,liver,Cholangiocyte,636,0.14937106918239,0.29559748427673,0.0518867924528302,-0.0185175557023014,0.64113226675064,0.547459893048128,0.00116592011751197,0.304352962340115,0.506908572060859,7,0.911509741287851,0.804064891439848,hsa04518,Integrin signaling,PIK3R2,AKT1,coherent
Pik3r2,Akt1,liver,Cholangiocyte,636,0.14937106918239,0.29559748427673,0.0518867924528302,-0.0185175557023014,0.64113226675064,0.547459893048128,0.00116592011751197,0.304352962340115,0.506908572060859,7,0.911509741287851,0.804064891439848,hsa04935,"Growth hormone synthesis, secretion and action",PIK3R2,AKT1,coherent
Prkce,Rras,liver,cDC,731,0.051983584131327,0.228454172366621,0.0150478796169631,0.0172559891198097,0.641368230963536,0.318181818181818,0.341354869770817,0.87780437423162,0.00937679254001907,7,0.911509741287851,0.372272914997024,hsa04371,Apelin signaling pathway,PRKCE,RRAS,coherent
Foxo3,Cdkn1a,liver,Neutrophil,572,0.0734265734265734,0.103146853146853,0.00699300699300699,-0.0194015642711169,0.64333105934657,,,-0.00233634828780037,0.996033702784681,7,0.911923677565673,0.99864030064286,hsa04068,FoxO signaling pathway,FOXO3,CDKN1A,discordant
Pik3cd,Pdpk1,liver,Macrophage_other,214,0.154205607476636,0.121495327102804,0.0327102803738318,0.0316808973213397,0.644904142917005,,,0.618260952519499,0.381739047480501,4,0.911923677565673,0.751742955117762,hsa04910,Insulin signaling pathway,PIK3CD,PDPK1,coherent
Akt1,Ppp1ca,liver,cDC,731,0.422708618331053,0.856361149110807,0.380300957592339,0.0170700273070505,0.644966296207771,0.00520668971938521,0.931130723420919,-0.0551192601241422,0.906568717128692,7,0.911923677565673,0.969935393296569,hsa04910,Insulin signaling pathway,AKT1,PPP1CA,coherent
Sgk1,Foxo3,liver,Macrophage_other,214,0.261682242990654,0.0700934579439252,0.0233644859813084,0.0316066802367904,0.64567934567685,,,0.4043741709904,0.5956258290096,4,0.911923677565673,0.846500838510925,hsa04068,FoxO signaling pathway,SGK1,FOXO3,coherent
Foxo3,Ccnd1,liver,Cholangiocyte,636,0.256289308176101,0.682389937106918,0.199685534591195,0.0182471597227864,0.646012395188299,0.174195022497188,0.0502548222945147,-0.236340547815005,0.609886864044246,7,0.911923677565673,0.854967269123773,hsa04068,FoxO signaling pathway,FOXO3,CCND1,discordant
Sgk1,Foxo3,liver,Cholangiocyte,636,0.323899371069182,0.256289308176101,0.10062893081761,-0.0181997837646068,0.646869015023082,0.246565934065934,0.0497606551558751,0.420553200454067,0.347471153275112,7,0.911923677565673,0.732771827269691,hsa04068,FoxO signaling pathway,SGK1,FOXO3,coherent
Rhoa,Pip5k1a,liver,Neutrophil,572,0.674825174825175,0.0769230769230769,0.0524475524475525,-0.0191501190258288,0.647639236682877,0.0812013348164627,0.668650595236359,0.519423225853409,0.232172346546954,7,0.911923677565673,0.66794509928481,hsa04510,Focal adhesion,RHOA,PIP5K1A,discordant
Gnb2,Hras,liver,Neutrophil,572,0.524475524475525,0.0244755244755245,0.013986013986014,0.0191357899622672,0.647885102634922,,,0.541112161006277,0.209733929407962,7,0.911923677565673,0.640741450855509,hsa04371,Apelin signaling pathway,GNB2,HRAS,coherent
Akt2,Tsc2,liver,Kupffer_cell,202,0.103960396039604,0.0297029702970297,0.00495049504950495,-0.0322034565730663,0.649127389524906,,,0.517312930268886,0.234412771643435,7,0.911923677565673,0.66794509928481,hsa04910,Insulin signaling pathway,AKT2,TSC2,discordant
Foxo3,Klf2,liver,NK_cell,596,0.102348993288591,0.629194630872483,0.0620805369127517,-0.0186358446184985,0.649797687626008,-0.00450450450450451,0.979338656717151,0.0747140660520458,0.873515183960255,7,0.911923677565673,0.965172763122282,hsa04068,FoxO signaling pathway,FOXO3,KLF2,discordant
Srebf1,Fasn,liver,pDC,748,0.116310160427807,0.11096256684492,0.0106951871657754,-0.0166242691295186,0.649873522120324,,,0.0657949401993367,0.888544649947442,7,0.911923677565673,0.965708620552574,hsa04152,AMPK signaling pathway,SREBF1,FASN,coherent
Srebf1,Fasn,liver,pDC,748,0.116310160427807,0.11096256684492,0.0106951871657754,-0.0166242691295186,0.649873522120324,,,0.0657949401993367,0.888544649947442,7,0.911923677565673,0.965708620552574,hsa04910,Insulin signaling pathway,SREBF1,FASN,coherent
Srebf1,Fasn,liver,pDC,748,0.116310160427807,0.11096256684492,0.0106951871657754,-0.0166242691295186,0.649873522120324,,,0.0657949401993367,0.888544649947442,7,0.911923677565673,0.965708620552574,hsa04936,Alcoholic liver disease,SREBF1,FASN,coherent
Foxo3,Sod1,liver,NK_cell,596,0.102348993288591,0.251677852348993,0.0302013422818792,0.0186263890646377,0.649963534479278,0.568627450980392,0.0154029298966383,0.194949184315799,0.675296991584362,7,0.911923677565673,0.886282491923547,hsa04213,Longevity regulating pathway - multiple species,FOXO3,SOD1,coherent
Akt2,Tsc2,liver,Cholangiocyte,636,0.172955974842767,0.0990566037735849,0.0141509433962264,-0.0180231298212195,0.650067261571522,,,-0.294758257829088,0.521054397839513,7,0.911923677565673,0.809978950573167,hsa04910,Insulin signaling pathway,AKT2,TSC2,discordant
Ogt,Akt1,liver,Kupffer_cell,202,0.099009900990099,0.158415841584158,0.0297029702970297,0.0320825293391237,0.65035763540307,,,-0.00880794157752269,0.985047753979845,7,0.911923677565673,0.997401784703893,hsa04931,Insulin resistance,OGT,AKT1,coherent
Rapgef1,Rap1a,liver,LSEC,745,0.112751677852349,0.241610738255034,0.0308724832214765,-0.0166321185697684,0.65037768973613,0.810276679841897,3.84983061830344e-06,-0.51269180968369,0.239353881858402,7,0.911923677565673,0.668738185822956,hsa04510,Focal adhesion,RAPGEF1,RAP1A,discordant
Flt1,Pik3ca,liver,Monocyte,920,0.103260869565217,0.0967391304347826,0.0119565217391304,-0.0149219170196941,0.651258909640447,0.0545454545454545,0.881472363014635,0.282569900981605,0.53921405782346,7,0.912343954665947,0.820241308758952,hsa04510,Focal adhesion,FLT1,PIK3CA,coherent
Gna12,Rhoa,liver,NK_cell,596,0.0268456375838926,0.778523489932886,0.0251677852348993,0.018443665999867,0.653171816953019,0.4,0.14076229821268,-0.00459148637764982,0.992205332796359,7,0.91330541279547,0.99864030064286,hsa04081,Hormone signaling,GNA12,RHOA,coherent
Mapk8,Foxo3,liver,pDC,748,0.0855614973262032,0.124331550802139,0.00935828877005348,-0.0164353730645632,0.653590904671661,,,0.768446084571267,0.0435481859081843,7,0.91330541279547,0.468477290281202,hsa04068,FoxO signaling pathway,MAPK8,FOXO3,coherent
Ppp1cb,Calm1,liver,cDC,731,0.359781121751026,0.982216142270862,0.357045143638851,0.0166029946840174,0.654039141312932,-0.092131210664618,0.13769225289582,-0.365898660801461,0.419563839827062,7,0.91330541279547,0.760853000388159,hsa04910,Insulin signaling pathway,PPP1CB,CALM1,discordant
Gnb2,Plcb1,liver,Macrophage_other,214,0.663551401869159,0.0373831775700935,0.0327102803738318,-0.0306146769627916,0.656077317537359,,,-0.311624282134668,0.688375717865332,4,0.91330541279547,0.893804948341597,hsa04081,Hormone signaling,GNB2,PLCB1,discordant
Gnb2,Plcb1,liver,Macrophage_other,214,0.663551401869159,0.0373831775700935,0.0327102803738318,-0.0306146769627916,0.656077317537359,,,-0.311624282134668,0.688375717865332,4,0.91330541279547,0.893804948341597,hsa04371,Apelin signaling pathway,GNB2,PLCB1,discordant
Pik3ca,Akt1,liver,NK_cell,596,0.0671140939597315,0.13255033557047,0.00671140939597315,-0.0182777557485782,0.656090450443886,,,-0.679210786951148,0.0933206131735568,7,0.91330541279547,0.538696261307664,hsa04518,Integrin signaling,PIK3CA,AKT1,discordant
Pik3ca,Akt1,liver,NK_cell,596,0.0671140939597315,0.13255033557047,0.00671140939597315,-0.0182777557485782,0.656090450443886,,,-0.679210786951148,0.0933206131735568,7,0.91330541279547,0.538696261307664,hsa04935,"Growth hormone synthesis, secretion and action",PIK3CA,AKT1,discordant
Tnf,Tnfrsf1a,liver,cDC,731,0.112175102599179,0.450068399452804,0.0547195622435021,-0.0164780406175905,0.656475318326978,0.380487804878049,0.015977420643755,0.745121681884291,0.0546080289786465,7,0.91330541279547,0.48099432284387,hsa04920,Adipocytokine signaling pathway,TNF,TNFRSF1A,coherent
Tnf,Tnfrsf1a,liver,cDC,731,0.112175102599179,0.450068399452804,0.0547195622435021,-0.0164780406175905,0.656475318326978,0.380487804878049,0.015977420643755,0.745121681884291,0.0546080289786465,7,0.91330541279547,0.48099432284387,hsa04931,Insulin resistance,TNF,TNFRSF1A,coherent
Tnf,Tnfrsf1a,liver,cDC,731,0.112175102599179,0.450068399452804,0.0547195622435021,-0.0164780406175905,0.656475318326978,0.380487804878049,0.015977420643755,0.745121681884291,0.0546080289786465,7,0.91330541279547,0.48099432284387,hsa04936,Alcoholic liver disease,TNF,TNFRSF1A,coherent
Ogt,Pik3ca,liver,T_cell,2018,0.353320118929633,0.0921704658077304,0.0371655104063429,0.00990415441228043,0.656571845843631,0.618525025086947,3.34890364378669e-09,0.389975776987263,0.387128518844705,7,0.91330541279547,0.751742955117762,hsa04931,Insulin resistance,OGT,PIK3CA,discordant
Sos1,Hras,liver,T_cell,2018,0.0599603567888999,0.0936570862239841,0.00693756194251734,0.00990322583997528,0.656601979371122,0.674725274725275,0.0101485506129506,0.0447190231603409,0.924158515077343,7,0.91330541279547,0.976217405419447,hsa04068,FoxO signaling pathway,SOS1,HRAS,discordant
Sos1,Hras,liver,T_cell,2018,0.0599603567888999,0.0936570862239841,0.00693756194251734,0.00990322583997528,0.656601979371122,0.674725274725275,0.0101485506129506,0.0447190231603409,0.924158515077343,7,0.91330541279547,0.976217405419447,hsa04510,Focal adhesion,SOS1,HRAS,discordant
Sos1,Hras,liver,T_cell,2018,0.0599603567888999,0.0936570862239841,0.00693756194251734,0.00990322583997528,0.656601979371122,0.674725274725275,0.0101485506129506,0.0447190231603409,0.924158515077343,7,0.91330541279547,0.976217405419447,hsa04910,Insulin signaling pathway,SOS1,HRAS,discordant
Sos1,Hras,liver,T_cell,2018,0.0599603567888999,0.0936570862239841,0.00693756194251734,0.00990322583997528,0.656601979371122,0.674725274725275,0.0101485506129506,0.0447190231603409,0.924158515077343,7,0.91330541279547,0.976217405419447,hsa04935,"Growth hormone synthesis, secretion and action",SOS1,HRAS,discordant
Vav2,Rac1,liver,Kupffer_cell,202,0.0495049504950495,0.48019801980198,0.0247524752475248,0.0312196445993722,0.659163440649122,,,0.071459673140183,0.878995796983227,7,0.916056189883501,0.965708620552574,hsa04510,Focal adhesion,VAV2,RAC1,discordant
Hras,Pik3cd,liver,Monocyte,920,0.166304347826087,0.277173913043478,0.0576086956521739,0.0144997689697623,0.660498562853931,0.44581519109821,0.00092191200284507,-0.43910947939798,0.324283636232694,7,0.917099331962671,0.716890808187252,hsa04211,Longevity regulating pathway,HRAS,PIK3CD,coherent
Hras,Pik3cd,liver,Monocyte,920,0.166304347826087,0.277173913043478,0.0576086956521739,0.0144997689697623,0.660498562853931,0.44581519109821,0.00092191200284507,-0.43910947939798,0.324283636232694,7,0.917099331962671,0.716890808187252,hsa04213,Longevity regulating pathway - multiple species,HRAS,PIK3CD,coherent
Hras,Pik3cd,liver,Monocyte,920,0.166304347826087,0.277173913043478,0.0576086956521739,0.0144997689697623,0.660498562853931,0.44581519109821,0.00092191200284507,-0.43910947939798,0.324283636232694,7,0.917099331962671,0.716890808187252,hsa04510,Focal adhesion,HRAS,PIK3CD,coherent
Rock1,Myl12a,liver,LSEC,745,0.353020134228188,0.296644295302013,0.128859060402685,0.0160420180676219,0.661999105407774,0.4686803739866,1.46496404533501e-06,0.515300917926591,0.236558203811028,7,0.917254536900046,0.66794509928481,hsa04510,Focal adhesion,ROCK1,MYL12A,coherent
Irs2,Pik3cd,liver,cDC,731,0.0752393980848153,0.283173734610123,0.0287277701778386,-0.0161853722002168,0.662195600617151,0.635064935064935,0.00248994530582025,-0.0179737988262711,0.969491659950801,7,0.917254536900046,0.992073801124822,hsa04068,FoxO signaling pathway,IRS2,PIK3CD,discordant
Irs2,Pik3cd,liver,cDC,731,0.0752393980848153,0.283173734610123,0.0287277701778386,-0.0161853722002168,0.662195600617151,0.635064935064935,0.00248994530582025,-0.0179737988262711,0.969491659950801,7,0.917254536900046,0.992073801124822,hsa04081,Hormone signaling,IRS2,PIK3CD,discordant
Irs2,Pik3cd,liver,cDC,731,0.0752393980848153,0.283173734610123,0.0287277701778386,-0.0161853722002168,0.662195600617151,0.635064935064935,0.00248994530582025,-0.0179737988262711,0.969491659950801,7,0.917254536900046,0.992073801124822,hsa04152,AMPK signaling pathway,IRS2,PIK3CD,discordant
Irs2,Pik3cd,liver,cDC,731,0.0752393980848153,0.283173734610123,0.0287277701778386,-0.0161853722002168,0.662195600617151,0.635064935064935,0.00248994530582025,-0.0179737988262711,0.969491659950801,7,0.917254536900046,0.992073801124822,hsa04211,Longevity regulating pathway,IRS2,PIK3CD,discordant
Irs2,Pik3cd,liver,cDC,731,0.0752393980848153,0.283173734610123,0.0287277701778386,-0.0161853722002168,0.662195600617151,0.635064935064935,0.00248994530582025,-0.0179737988262711,0.969491659950801,7,0.917254536900046,0.992073801124822,hsa04213,Longevity regulating pathway - multiple species,IRS2,PIK3CD,discordant
Irs2,Pik3cd,liver,cDC,731,0.0752393980848153,0.283173734610123,0.0287277701778386,-0.0161853722002168,0.662195600617151,0.635064935064935,0.00248994530582025,-0.0179737988262711,0.969491659950801,7,0.917254536900046,0.992073801124822,hsa04910,Insulin signaling pathway,IRS2,PIK3CD,discordant
Irs2,Pik3cd,liver,cDC,731,0.0752393980848153,0.283173734610123,0.0287277701778386,-0.0161853722002168,0.662195600617151,0.635064935064935,0.00248994530582025,-0.0179737988262711,0.969491659950801,7,0.917254536900046,0.992073801124822,hsa04931,Insulin resistance,IRS2,PIK3CD,discordant
Irs2,Pik3cd,liver,cDC,731,0.0752393980848153,0.283173734610123,0.0287277701778386,-0.0161853722002168,0.662195600617151,0.635064935064935,0.00248994530582025,-0.0179737988262711,0.969491659950801,7,0.917254536900046,0.992073801124822,hsa04935,"Growth hormone synthesis, secretion and action",IRS2,PIK3CD,discordant
Usp7,Foxo3,liver,Macrophage_other,214,0.172897196261682,0.0700934579439252,0.014018691588785,0.0300086864499904,0.662462058073461,,,-0.576699035133431,0.423300964866569,4,0.917254536900046,0.760853000388159,hsa04068,FoxO signaling pathway,USP7,FOXO3,coherent
Rock1,Ppp1ca,liver,NK_cell,596,0.506711409395973,0.644295302013423,0.348993288590604,-0.0178890563597788,0.66294878575185,0.116771676407537,0.0930142669883556,0.321695850488342,0.481686817038009,7,0.917254536900046,0.792208192801506,hsa04510,Focal adhesion,ROCK1,PPP1CA,coherent
Tnfrsf1a,Srebf1,liver,Cholangiocyte,636,0.254716981132076,0.218553459119497,0.0581761006289308,0.0171507989104176,0.665953955339022,0.518255097202466,0.00118833756805055,0.542082889830047,0.208754949733552,7,0.920217102517473,0.640741450855509,hsa04936,Alcoholic liver disease,TNFRSF1A,SREBF1,coherent
Hras,Pik3ca,liver,T_cell,2018,0.0936570862239841,0.0921704658077304,0.00941526263627354,-0.00958237283770325,0.667047253462306,0.994736842105263,8.42567163672315e-06,0.481879570739712,0.273509725870778,7,0.920217102517473,0.686193717752854,hsa04211,Longevity regulating pathway,HRAS,PIK3CA,discordant
Hras,Pik3ca,liver,T_cell,2018,0.0936570862239841,0.0921704658077304,0.00941526263627354,-0.00958237283770325,0.667047253462306,0.994736842105263,8.42567163672315e-06,0.481879570739712,0.273509725870778,7,0.920217102517473,0.686193717752854,hsa04213,Longevity regulating pathway - multiple species,HRAS,PIK3CA,discordant
Hras,Pik3ca,liver,T_cell,2018,0.0936570862239841,0.0921704658077304,0.00941526263627354,-0.00958237283770325,0.667047253462306,0.994736842105263,8.42567163672315e-06,0.481879570739712,0.273509725870778,7,0.920217102517473,0.686193717752854,hsa04510,Focal adhesion,HRAS,PIK3CA,discordant
Akt2,Tsc2,liver,B_cell,7386,0.0603845112374763,0.0250473869482805,0.00176008665041971,0.00500245840900266,0.667304461668392,0.697802197802198,0.0103289045281531,0.535650147374513,0.215283016075499,7,0.920217102517473,0.648328315206254,hsa04910,Insulin signaling pathway,AKT2,TSC2,discordant
Nr1h2,Srebf1,liver,Macrophage_other,214,0.219626168224299,0.0794392523364486,0.0280373831775701,-0.029538201666025,0.667435986402093,,,-0.64189420808246,0.35810579191754,4,0.920217102517473,0.736405008417742,hsa04931,Insulin resistance,NR1H2,SREBF1,coherent
Ppp1ca,Calm1,liver,Cholangiocyte,636,0.709119496855346,0.845911949685535,0.643081761006289,0.0169741355120506,0.669189894815598,0.241179943641617,7.98715721888763e-07,-0.120889978313582,0.796267154990051,7,0.920578902193166,0.938650012155815,hsa04910,Insulin signaling pathway,PPP1CA,CALM1,coherent
Pik3ca,Prkcz,liver,NK_cell,596,0.0671140939597315,0.0268456375838926,0.00335570469798658,0.0175131942240325,0.669607534311092,,,-0.259482258543739,0.574168257865648,7,0.920578902193166,0.836023318312362,hsa04910,Insulin signaling pathway,PIK3CA,PRKCZ,discordant
Pik3ca,Prkcz,liver,NK_cell,596,0.0671140939597315,0.0268456375838926,0.00335570469798658,0.0175131942240325,0.669607534311092,,,-0.259482258543739,0.574168257865648,7,0.920578902193166,0.836023318312362,hsa04931,Insulin resistance,PIK3CA,PRKCZ,discordant
Akt2,Nos3,liver,LSEC,745,0.0348993288590604,0.173154362416107,0.00805369127516779,-0.015636435891272,0.670034219294295,,,-0.37961189854148,0.400963361044655,7,0.920578902193166,0.754844053477871,hsa04371,Apelin signaling pathway,AKT2,NOS3,coherent
Akt2,Nos3,liver,LSEC,745,0.0348993288590604,0.173154362416107,0.00805369127516779,-0.015636435891272,0.670034219294295,,,-0.37961189854148,0.400963361044655,7,0.920578902193166,0.754844053477871,hsa04931,Insulin resistance,AKT2,NOS3,coherent
Vav2,Rac1,liver,Macrophage_other,214,0.107476635514019,0.560747663551402,0.0700934579439252,-0.0292919342447654,0.670045319505797,0.482142857142857,0.0711190615395596,0.882371319837655,0.117628680162346,4,0.920578902193166,0.559270906590061,hsa04510,Focal adhesion,VAV2,RAC1,discordant
Tnfrsf1a,Srebf1,liver,pDC,748,0.184491978609626,0.116310160427807,0.0267379679144385,0.0154511882305232,0.673096480586421,0.514285714285714,0.0218359617006576,-0.0536864055500152,0.908990414933036,7,0.92261897756091,0.969935393296569,hsa04936,Alcoholic liver disease,TNFRSF1A,SREBF1,coherent
Sos1,Kras,liver,T_cell,2018,0.0599603567888999,0.338949454905847,0.0222993062438057,-0.0093953825128324,0.673164707455946,0.289328063241107,0.0542530333266016,0.839115407575028,0.0182492147765441,7,0.92261897756091,0.400406768374144,hsa04068,FoxO signaling pathway,SOS1,KRAS,coherent
Sos1,Kras,liver,T_cell,2018,0.0599603567888999,0.338949454905847,0.0222993062438057,-0.0093953825128324,0.673164707455946,0.289328063241107,0.0542530333266016,0.839115407575028,0.0182492147765441,7,0.92261897756091,0.400406768374144,hsa04910,Insulin signaling pathway,SOS1,KRAS,coherent
Sos1,Kras,liver,T_cell,2018,0.0599603567888999,0.338949454905847,0.0222993062438057,-0.0093953825128324,0.673164707455946,0.289328063241107,0.0542530333266016,0.839115407575028,0.0182492147765441,7,0.92261897756091,0.400406768374144,hsa04935,"Growth hormone synthesis, secretion and action",SOS1,KRAS,coherent
Hras,Pik3cd,liver,T_cell,2018,0.0936570862239841,0.284935579781962,0.0302279484638256,0.00935260593575553,0.674567218844804,0.707191961924908,0,0.606540453040111,0.148744669976656,7,0.92261897756091,0.591379897222918,hsa04211,Longevity regulating pathway,HRAS,PIK3CD,coherent
Hras,Pik3cd,liver,T_cell,2018,0.0936570862239841,0.284935579781962,0.0302279484638256,0.00935260593575553,0.674567218844804,0.707191961924908,0,0.606540453040111,0.148744669976656,7,0.92261897756091,0.591379897222918,hsa04213,Longevity regulating pathway - multiple species,HRAS,PIK3CD,coherent
Hras,Pik3cd,liver,T_cell,2018,0.0936570862239841,0.284935579781962,0.0302279484638256,0.00935260593575553,0.674567218844804,0.707191961924908,0,0.606540453040111,0.148744669976656,7,0.92261897756091,0.591379897222918,hsa04510,Focal adhesion,HRAS,PIK3CD,coherent
Kras,Pik3ca,liver,Neutrophil,572,0.531468531468532,0.0402097902097902,0.0244755244755245,-0.0175366317027475,0.675559703036081,0.472527472527473,0.0904461056798728,0.459540123049193,0.299554920820746,7,0.92261897756091,0.698039675236943,hsa04211,Longevity regulating pathway,KRAS,PIK3CA,coherent
Kras,Pik3ca,liver,Neutrophil,572,0.531468531468532,0.0402097902097902,0.0244755244755245,-0.0175366317027475,0.675559703036081,0.472527472527473,0.0904461056798728,0.459540123049193,0.299554920820746,7,0.92261897756091,0.698039675236943,hsa04213,Longevity regulating pathway - multiple species,KRAS,PIK3CA,coherent
Foxo3,Cryab,liver,Cholangiocyte,636,0.256289308176101,0.676100628930818,0.212264150943396,0.0166250518210336,0.675602056611304,0.096246942364019,0.266796653880644,0.232677609538689,0.615599403708244,7,0.92261897756091,0.858401614284048,hsa04213,Longevity regulating pathway - multiple species,FOXO3,CRYAB,coherent
Pik3cd,Akt1,liver,B_cell,7386,0.122664500406174,0.053479555916599,0.00622799891686975,-0.00485431946595538,0.676589906893503,0.797471477027444,0,0.457624083457307,0.301837618413155,7,0.92261897756091,0.698500329336637,hsa04518,Integrin signaling,PIK3CD,AKT1,coherent
Pik3cd,Akt1,liver,B_cell,7386,0.122664500406174,0.053479555916599,0.00622799891686975,-0.00485431946595538,0.676589906893503,0.797471477027444,0,0.457624083457307,0.301837618413155,7,0.92261897756091,0.698500329336637,hsa04935,"Growth hormone synthesis, secretion and action",PIK3CD,AKT1,coherent
Ogt,Akt1,liver,Neutrophil,572,0.304195804195804,0.118881118881119,0.041958041958042,0.0174604913651758,0.676888716625476,0.510110905731441,0.0108759261761938,-0.677029544761772,0.0947906489728671,7,0.92261897756091,0.538696261307664,hsa04931,Insulin resistance,OGT,AKT1,coherent
Ramp1,Gnas,liver,Macrophage_other,214,0.0934579439252336,0.775700934579439,0.0841121495327103,0.0284775330954177,0.678702373969973,0.651186790505676,0.00428708886411734,-0.450249335646372,0.549750664353627,4,0.92261897756091,0.829383454202732,hsa04081,Hormone signaling,RAMP1,GNAS,discordant
Irs2,Pik3cd,liver,NK_cell,596,0.087248322147651,0.325503355704698,0.0268456375838926,-0.016898025459379,0.680561727772016,0.45,0.082166850881351,-0.00239968735222304,0.995926175953779,7,0.92261897756091,0.99864030064286,hsa04068,FoxO signaling pathway,IRS2,PIK3CD,discordant
Irs2,Pik3cd,liver,NK_cell,596,0.087248322147651,0.325503355704698,0.0268456375838926,-0.016898025459379,0.680561727772016,0.45,0.082166850881351,-0.00239968735222304,0.995926175953779,7,0.92261897756091,0.99864030064286,hsa04081,Hormone signaling,IRS2,PIK3CD,discordant
Irs2,Pik3cd,liver,NK_cell,596,0.087248322147651,0.325503355704698,0.0268456375838926,-0.016898025459379,0.680561727772016,0.45,0.082166850881351,-0.00239968735222304,0.995926175953779,7,0.92261897756091,0.99864030064286,hsa04152,AMPK signaling pathway,IRS2,PIK3CD,discordant
Irs2,Pik3cd,liver,NK_cell,596,0.087248322147651,0.325503355704698,0.0268456375838926,-0.016898025459379,0.680561727772016,0.45,0.082166850881351,-0.00239968735222304,0.995926175953779,7,0.92261897756091,0.99864030064286,hsa04211,Longevity regulating pathway,IRS2,PIK3CD,discordant
Irs2,Pik3cd,liver,NK_cell,596,0.087248322147651,0.325503355704698,0.0268456375838926,-0.016898025459379,0.680561727772016,0.45,0.082166850881351,-0.00239968735222304,0.995926175953779,7,0.92261897756091,0.99864030064286,hsa04213,Longevity regulating pathway - multiple species,IRS2,PIK3CD,discordant
Irs2,Pik3cd,liver,NK_cell,596,0.087248322147651,0.325503355704698,0.0268456375838926,-0.016898025459379,0.680561727772016,0.45,0.082166850881351,-0.00239968735222304,0.995926175953779,7,0.92261897756091,0.99864030064286,hsa04910,Insulin signaling pathway,IRS2,PIK3CD,discordant
Irs2,Pik3cd,liver,NK_cell,596,0.087248322147651,0.325503355704698,0.0268456375838926,-0.016898025459379,0.680561727772016,0.45,0.082166850881351,-0.00239968735222304,0.995926175953779,7,0.92261897756091,0.99864030064286,hsa04931,Insulin resistance,IRS2,PIK3CD,discordant
Irs2,Pik3cd,liver,NK_cell,596,0.087248322147651,0.325503355704698,0.0268456375838926,-0.016898025459379,0.680561727772016,0.45,0.082166850881351,-0.00239968735222304,0.995926175953779,7,0.92261897756091,0.99864030064286,hsa04935,"Growth hormone synthesis, secretion and action",IRS2,PIK3CD,discordant
Nr1h2,Srebf1,liver,T_cell,2018,0.142715559960357,0.035183349851338,0.00445986124876115,-0.00915890515280123,0.680932155578602,,,0.762177116408757,0.0463862130700229,7,0.92261897756091,0.468477290281202,hsa04931,Insulin resistance,NR1H2,SREBF1,coherent
Ppp1ca,Pygb,liver,Macrophage_other,214,0.509345794392523,0.0280373831775701,0.0186915887850467,-0.0282051694068038,0.681607078624779,,,0.869803807227627,0.130196192772373,4,0.92261897756091,0.573397641339326,hsa04931,Insulin resistance,PPP1CA,PYGB,discordant
Bcl2l1,Bax,liver,NK_cell,596,0.114093959731544,0.315436241610738,0.0419463087248322,0.0168274507416425,0.681822801953956,0.883076923076923,2.2202087844664e-06,-0.1532182752353,0.742930962774637,7,0.92261897756091,0.919524252488881,hsa04115,p53 signaling pathway,BCL2L1,BAX,discordant
Akt1,Foxo3,liver,B_cell,7386,0.053479555916599,0.0522610343893853,0.00324939073923639,0.00475962944091511,0.682551110090506,0.911304347826087,2.60442966010138e-06,0.141220235210508,0.76264052920489,7,0.92261897756091,0.923289344384624,hsa04068,FoxO signaling pathway,AKT1,FOXO3,coherent
Akt1,Foxo3,liver,B_cell,7386,0.053479555916599,0.0522610343893853,0.00324939073923639,0.00475962944091511,0.682551110090506,0.911304347826087,2.60442966010138e-06,0.141220235210508,0.76264052920489,7,0.92261897756091,0.923289344384624,hsa04211,Longevity regulating pathway,AKT1,FOXO3,coherent
Akt1,Foxo3,liver,B_cell,7386,0.053479555916599,0.0522610343893853,0.00324939073923639,0.00475962944091511,0.682551110090506,0.911304347826087,2.60442966010138e-06,0.141220235210508,0.76264052920489,7,0.92261897756091,0.923289344384624,hsa04213,Longevity regulating pathway - multiple species,AKT1,FOXO3,coherent
Ogt,Akt1,liver,B_cell,7386,0.290549688600054,0.053479555916599,0.0178716490658002,0.00475449252823885,0.682875075100965,0.68117301303536,2.52953119792674e-19,0.672942877424194,0.0975773309224022,7,0.92261897756091,0.538696261307664,hsa04931,Insulin resistance,OGT,AKT1,coherent
Akt1,Ppp1cb,liver,Kupffer_cell,202,0.158415841584158,0.123762376237624,0.0396039603960396,0.0289109827813519,0.682952370282779,,,0.0524829458802703,0.911024841293448,7,0.92261897756091,0.969935393296569,hsa04910,Insulin signaling pathway,AKT1,PPP1CB,discordant
Akt2,Ppp1cb,liver,cDC,731,0.186046511627907,0.359781121751026,0.0615595075239398,-0.015122448147507,0.683134598380113,0.611857707509881,1.24135099052208e-05,-0.293018445078353,0.523633725231697,7,0.92261897756091,0.810962141605087,hsa04910,Insulin signaling pathway,AKT2,PPP1CB,discordant
Ikbkg,Irs2,liver,NK_cell,596,0.0419463087248322,0.087248322147651,0.00503355704697987,0.016749371040508,0.683219013546476,,,-0.690423654084391,0.0859545245349077,7,0.92261897756091,0.529025639397072,hsa04920,Adipocytokine signaling pathway,IKBKG,IRS2,coherent
Pdpk1,Akt1,liver,Kupffer_cell,202,0.0445544554455446,0.158415841584158,0.0148514851485149,0.028884823997051,0.68322377036559,,,0.686560130011631,0.0884565102594692,7,0.92261897756091,0.529025639397072,hsa04068,FoxO signaling pathway,PDPK1,AKT1,coherent
Pdpk1,Akt1,liver,Kupffer_cell,202,0.0445544554455446,0.158415841584158,0.0148514851485149,0.028884823997051,0.68322377036559,,,0.686560130011631,0.0884565102594692,7,0.92261897756091,0.529025639397072,hsa04152,AMPK signaling pathway,PDPK1,AKT1,coherent
Pdpk1,Akt1,liver,Kupffer_cell,202,0.0445544554455446,0.158415841584158,0.0148514851485149,0.028884823997051,0.68322377036559,,,0.686560130011631,0.0884565102594692,7,0.92261897756091,0.529025639397072,hsa04510,Focal adhesion,PDPK1,AKT1,coherent
Pdpk1,Akt1,liver,Kupffer_cell,202,0.0445544554455446,0.158415841584158,0.0148514851485149,0.028884823997051,0.68322377036559,,,0.686560130011631,0.0884565102594692,7,0.92261897756091,0.529025639397072,hsa04910,Insulin signaling pathway,PDPK1,AKT1,coherent
Pdpk1,Akt1,liver,Kupffer_cell,202,0.0445544554455446,0.158415841584158,0.0148514851485149,0.028884823997051,0.68322377036559,,,0.686560130011631,0.0884565102594692,7,0.92261897756091,0.529025639397072,hsa04931,Insulin resistance,PDPK1,AKT1,coherent
Rock1,Myl12a,liver,NK_cell,596,0.506711409395973,0.587248322147651,0.323825503355705,0.0167431942122561,0.683329513053386,0.244620726868031,0.000606833064631851,0.531176566470056,0.219879127540002,7,0.92261897756091,0.655635980999837,hsa04510,Focal adhesion,ROCK1,MYL12A,coherent
Met,Shc1,liver,Monocyte,920,0.0347826086956522,0.127173913043478,0.00869565217391304,0.0133968927225849,0.684879537211051,,,0.0248728474845778,0.957787603014376,7,0.92261897756091,0.986716184589334,hsa04510,Focal adhesion,MET,SHC1,discordant
Rhoa,Diaph1,liver,Kupffer_cell,202,0.648514851485149,0.0940594059405941,0.0742574257425743,0.0286984504314492,0.685158589749829,0.153571428571429,0.584439145350384,0.896598370300912,0.00624138409130197,7,0.92261897756091,0.36269376441677,hsa04510,Focal adhesion,RHOA,DIAPH1,discordant
Nr1h2,Srebf1,liver,Kupffer_cell,202,0.113861386138614,0.0544554455445545,0.0099009900990099,-0.0286879105690019,0.685268069729107,,,-0.0124281865285203,0.978902884673133,7,0.92261897756091,0.997401784703893,hsa04931,Insulin resistance,NR1H2,SREBF1,coherent
Met,Shc1,liver,Cholangiocyte,636,0.196540880503145,0.172955974842767,0.0471698113207547,0.0161006132175875,0.685279405358608,0.648498331479422,0.000151661708605651,0.258634274323434,0.575465381629924,7,0.92261897756091,0.836023318312362,hsa04510,Focal adhesion,MET,SHC1,discordant
Ppp1r12a,Myl12a,liver,cDC,731,0.459644322845417,0.805745554035568,0.39671682626539,0.0149959652295499,0.685642911304029,0.213098460606637,0.000256844762560162,0.750895153352929,0.0517426549549217,7,0.92261897756091,0.48099432284387,hsa04510,Focal adhesion,PPP1R12A,MYL12A,discordant
Rock2,Ppp1ca,liver,Macrophage_other,214,0.383177570093458,0.509345794392523,0.238317757009346,0.0276937101592941,0.6870743421862,0.434841628959276,0.00157580141247766,0.884496309756106,0.115503690243894,4,0.923244092907857,0.559081004720365,hsa04510,Focal adhesion,ROCK2,PPP1CA,coherent
Gnb2,Rhoa,liver,NK_cell,596,0.578859060402685,0.778523489932886,0.458053691275168,-0.0165223714045918,0.687284321552822,0.231651311891804,0.00011217917363235,0.739653599092617,0.057399621181435,7,0.923244092907857,0.48099432284387,hsa04081,Hormone signaling,GNB2,RHOA,coherent
Rock1,Myl12a,liver,Macrophage_other,214,0.331775700934579,0.560747663551402,0.238317757009346,0.0275864956046335,0.68822249124062,0.213031674208145,0.133157453687674,0.849064584923056,0.150935415076943,4,0.92371350620747,0.596518051021976,hsa04510,Focal adhesion,ROCK1,MYL12A,coherent
Gnb2,Kras,liver,Kupffer_cell,202,0.50990099009901,0.183168316831683,0.128712871287129,0.0283140417831302,0.689155759313987,0.260854700854701,0.197340181371848,0.184347442630745,0.692332620867202,7,0.924175543900551,0.896262278993928,hsa04371,Apelin signaling pathway,GNB2,KRAS,discordant
Tnf,Tnfrsf1a,liver,Neutrophil,572,0.138111888111888,0.416083916083916,0.0576923076923077,-0.0166679892291979,0.690780620528736,0.5059334781882,0.00266625651506864,-0.302977271804128,0.508928546148105,7,0.924907142622638,0.804137853883561,hsa04920,Adipocytokine signaling pathway,TNF,TNFRSF1A,coherent
Tnf,Tnfrsf1a,liver,Neutrophil,572,0.138111888111888,0.416083916083916,0.0576923076923077,-0.0166679892291979,0.690780620528736,0.5059334781882,0.00266625651506864,-0.302977271804128,0.508928546148105,7,0.924907142622638,0.804137853883561,hsa04931,Insulin resistance,TNF,TNFRSF1A,coherent
Tnf,Tnfrsf1a,liver,Neutrophil,572,0.138111888111888,0.416083916083916,0.0576923076923077,-0.0166679892291979,0.690780620528736,0.5059334781882,0.00266625651506864,-0.302977271804128,0.508928546148105,7,0.924907142622638,0.804137853883561,hsa04936,Alcoholic liver disease,TNF,TNFRSF1A,coherent
Nr1h2,Srebf1,liver,Monocyte,920,0.202173913043478,0.0467391304347826,0.0108695652173913,0.0131050147427798,0.691388542050195,0.878787878787879,0.0019770587107552,-0.724919990608301,0.0652990617673211,7,0.924907142622638,0.497417967214353,hsa04931,Insulin resistance,NR1H2,SREBF1,coherent
Tnfrsf1a,Srebf1,liver,Macrophage_other,214,0.303738317757009,0.0794392523364486,0.0280373831775701,-0.0272476194474153,0.691856162414723,,,0.801518647010111,0.198481352989889,4,0.924907142622638,0.638796882889068,hsa04936,Alcoholic liver disease,TNFRSF1A,SREBF1,coherent
Mapk8,Foxo3,liver,NK_cell,596,0.0385906040268456,0.102348993288591,0.00503355704697987,0.0162178624418785,0.692751910938013,,,0.219916955304459,0.635619576176147,7,0.924907142622638,0.866370808235468,hsa04068,FoxO signaling pathway,MAPK8,FOXO3,coherent
Kras,Pik3ca,liver,Cholangiocyte,636,0.238993710691824,0.15251572327044,0.050314465408805,-0.0156415438949557,0.693793069827592,0.549486803519062,0.001339436554097,0.328719868102232,0.471603281477962,7,0.924907142622638,0.782965853244108,hsa04211,Longevity regulating pathway,KRAS,PIK3CA,coherent
Kras,Pik3ca,liver,Cholangiocyte,636,0.238993710691824,0.15251572327044,0.050314465408805,-0.0156415438949557,0.693793069827592,0.549486803519062,0.001339436554097,0.328719868102232,0.471603281477962,7,0.924907142622638,0.782965853244108,hsa04213,Longevity regulating pathway - multiple species,KRAS,PIK3CA,coherent
Crk,Rapgef1,liver,cDC,731,0.238030095759234,0.217510259917921,0.0601915184678523,-0.0145584224230051,0.694346474025894,0.611275546159267,1.60121326124978e-05,0.1348043776232,0.773222666038118,7,0.924907142622638,0.928168861153009,hsa04510,Focal adhesion,CRK,RAPGEF1,coherent
Akt1,Pde3b,liver,B_cell,7386,0.053479555916599,0.136745193609532,0.00812347684809098,-0.00457013835922896,0.694539831693559,0.655163311584644,1.34903088147741e-08,0.657852237327747,0.108234025161751,7,0.924907142622638,0.542403644629583,hsa04371,Apelin signaling pathway,AKT1,PDE3B,discordant
Akt1,Pde3b,liver,B_cell,7386,0.053479555916599,0.136745193609532,0.00812347684809098,-0.00457013835922896,0.694539831693559,0.655163311584644,1.34903088147741e-08,0.657852237327747,0.108234025161751,7,0.924907142622638,0.542403644629583,hsa04910,Insulin signaling pathway,AKT1,PDE3B,discordant
Mapk8,Foxo3,liver,Macrophage_other,214,0.0654205607476636,0.0700934579439252,0.00934579439252336,-0.0269136244918592,0.695444400394508,,,-0.261496576114775,0.738503423885225,4,0.924907142622638,0.919121859895631,hsa04068,FoxO signaling pathway,MAPK8,FOXO3,coherent
Traf2,Mapk8,liver,pDC,748,0.132352941176471,0.0855614973262032,0.0106951871657754,-0.0143091796574952,0.696007404845295,,,0.427732366051428,0.338419608919646,7,0.924907142622638,0.727370364924555,hsa04920,Adipocytokine signaling pathway,TRAF2,MAPK8,discordant
Gnb2,Rras2,liver,Kupffer_cell,202,0.50990099009901,0.0247524752475248,0.0198019801980198,0.0276316772509267,0.696272336607906,,,0.336393007840471,0.460677083737848,7,0.924907142622638,0.77804342775531,hsa04371,Apelin signaling pathway,GNB2,RRAS2,discordant
Pik3ca,Akt2,liver,Cholangiocyte,636,0.15251572327044,0.172955974842767,0.0330188679245283,-0.0154293000135493,0.697742387885864,0.7,0.00058626388244731,0.330450399137388,0.469130886985918,7,0.924907142622638,0.782965853244108,hsa04518,Integrin signaling,PIK3CA,AKT2,discordant
Pik3ca,Akt2,liver,Cholangiocyte,636,0.15251572327044,0.172955974842767,0.0330188679245283,-0.0154293000135493,0.697742387885864,0.7,0.00058626388244731,0.330450399137388,0.469130886985918,7,0.924907142622638,0.782965853244108,hsa04935,"Growth hormone synthesis, secretion and action",PIK3CA,AKT2,discordant
Akt2,Foxo3,liver,Cholangiocyte,636,0.172955974842767,0.256289308176101,0.0550314465408805,-0.0154153189706685,0.698002827841975,0.237254901960784,0.169459349246473,0.281923881675564,0.540182367864043,7,0.924907142622638,0.820470605206858,hsa04068,FoxO signaling pathway,AKT2,FOXO3,coherent
Akt2,Foxo3,liver,Cholangiocyte,636,0.172955974842767,0.256289308176101,0.0550314465408805,-0.0154153189706685,0.698002827841975,0.237254901960784,0.169459349246473,0.281923881675564,0.540182367864043,7,0.924907142622638,0.820470605206858,hsa04211,Longevity regulating pathway,AKT2,FOXO3,coherent
Akt2,Foxo3,liver,Cholangiocyte,636,0.172955974842767,0.256289308176101,0.0550314465408805,-0.0154153189706685,0.698002827841975,0.237254901960784,0.169459349246473,0.281923881675564,0.540182367864043,7,0.924907142622638,0.820470605206858,hsa04213,Longevity regulating pathway - multiple species,AKT2,FOXO3,coherent
Pdpk1,Akt1,liver,NK_cell,596,0.167785234899329,0.13255033557047,0.0302013422818792,0.0159246353287711,0.698032066430226,0.880288957688339,0,-0.31843907811837,0.486388232349782,7,0.924907142622638,0.796600351311907,hsa04068,FoxO signaling pathway,PDPK1,AKT1,coherent
Pdpk1,Akt1,liver,NK_cell,596,0.167785234899329,0.13255033557047,0.0302013422818792,0.0159246353287711,0.698032066430226,0.880288957688339,0,-0.31843907811837,0.486388232349782,7,0.924907142622638,0.796600351311907,hsa04152,AMPK signaling pathway,PDPK1,AKT1,coherent
Pdpk1,Akt1,liver,NK_cell,596,0.167785234899329,0.13255033557047,0.0302013422818792,0.0159246353287711,0.698032066430226,0.880288957688339,0,-0.31843907811837,0.486388232349782,7,0.924907142622638,0.796600351311907,hsa04510,Focal adhesion,PDPK1,AKT1,coherent
Pdpk1,Akt1,liver,NK_cell,596,0.167785234899329,0.13255033557047,0.0302013422818792,0.0159246353287711,0.698032066430226,0.880288957688339,0,-0.31843907811837,0.486388232349782,7,0.924907142622638,0.796600351311907,hsa04910,Insulin signaling pathway,PDPK1,AKT1,coherent
Pdpk1,Akt1,liver,NK_cell,596,0.167785234899329,0.13255033557047,0.0302013422818792,0.0159246353287711,0.698032066430226,0.880288957688339,0,-0.31843907811837,0.486388232349782,7,0.924907142622638,0.796600351311907,hsa04931,Insulin resistance,PDPK1,AKT1,coherent
Gnai3,Prkce,liver,pDC,748,0.260695187165775,0.0494652406417112,0.0160427807486631,0.0141871117618668,0.698473240623868,0.979020979020979,0,-0.147528670378837,0.752264141610628,7,0.924907142622638,0.922832242523124,hsa04371,Apelin signaling pathway,GNAI3,PRKCE,discordant
Akt2,Ppp1ca,liver,Neutrophil,572,0.113636363636364,0.347902097902098,0.0437062937062937,0.0162277214289718,0.698543635441572,0.738461538461539,4.02660886234395e-05,-0.0656922430558657,0.888717864924879,7,0.924907142622638,0.965708620552574,hsa04910,Insulin signaling pathway,AKT2,PPP1CA,coherent
Pik3ca,Akt2,liver,cDC,731,0.143638850889193,0.186046511627907,0.0328317373461012,-0.0143149047406983,0.699208074808073,0.933913043478261,2.23676547078165e-06,0.25017581662311,0.588453531778267,7,0.925006297954356,0.84341629789165,hsa04518,Integrin signaling,PIK3CA,AKT2,discordant
Pik3ca,Akt2,liver,cDC,731,0.143638850889193,0.186046511627907,0.0328317373461012,-0.0143149047406983,0.699208074808073,0.933913043478261,2.23676547078165e-06,0.25017581662311,0.588453531778267,7,0.925006297954356,0.84341629789165,hsa04935,"Growth hormone synthesis, secretion and action",PIK3CA,AKT2,discordant
Pik3cd,Akt1,liver,Kupffer_cell,202,0.108910891089109,0.158415841584158,0.0346534653465347,0.0270208824200025,0.702665102949929,,,-0.733304812144873,0.0607359374391604,7,0.928456289362247,0.491209720835272,hsa04518,Integrin signaling,PIK3CD,AKT1,coherent
Pik3cd,Akt1,liver,Kupffer_cell,202,0.108910891089109,0.158415841584158,0.0346534653465347,0.0270208824200025,0.702665102949929,,,-0.733304812144873,0.0607359374391604,7,0.928456289362247,0.491209720835272,hsa04935,"Growth hormone synthesis, secretion and action",PIK3CD,AKT1,coherent
Ogt,Pik3ca,liver,NK_cell,596,0.37248322147651,0.0671140939597315,0.0318791946308725,0.0156142106769106,0.703637825438009,0.519298245614035,0.024343798237038,0.450512818450571,0.310376042563706,7,0.928456289362247,0.709519306507433,hsa04931,Insulin resistance,OGT,PIK3CA,discordant
Rock2,Ppp1ca,liver,Neutrophil,572,0.0926573426573426,0.347902097902098,0.0332167832167832,0.0159170643941884,0.70404033400707,0.773684210526316,0.000153371992238048,-0.0428677690491778,0.927292263515788,7,0.928456289362247,0.976217405419447,hsa04510,Focal adhesion,ROCK2,PPP1CA,coherent
Stk11,Foxo3,liver,T_cell,2018,0.165510406342914,0.0782953419226957,0.0128840436075322,0.00845704493090039,0.704182909076529,0.759316239316239,1.21346251207053e-05,-0.188359885757417,0.685872633846196,7,0.928456289362247,0.893336874233346,hsa04068,FoxO signaling pathway,STK11,FOXO3,discordant
Akt1,Foxo3,liver,cDC,731,0.422708618331053,0.0984952120383037,0.0465116279069768,0.0140097721719923,0.705317153952692,0.603972498090145,0.000208547307756984,0.564921838085816,0.186357488773278,7,0.928915991570153,0.631855080442306,hsa04068,FoxO signaling pathway,AKT1,FOXO3,coherent
Akt1,Foxo3,liver,cDC,731,0.422708618331053,0.0984952120383037,0.0465116279069768,0.0140097721719923,0.705317153952692,0.603972498090145,0.000208547307756984,0.564921838085816,0.186357488773278,7,0.928915991570153,0.631855080442306,hsa04211,Longevity regulating pathway,AKT1,FOXO3,coherent
Akt1,Foxo3,liver,cDC,731,0.422708618331053,0.0984952120383037,0.0465116279069768,0.0140097721719923,0.705317153952692,0.603972498090145,0.000208547307756984,0.564921838085816,0.186357488773278,7,0.928915991570153,0.631855080442306,hsa04213,Longevity regulating pathway - multiple species,AKT1,FOXO3,coherent
Foxo3,Cdkn1b,liver,pDC,748,0.124331550802139,0.530748663101604,0.0762032085561497,0.0138294876237572,0.70571565452621,0.176562094892403,0.188406943285863,0.432335315213277,0.332669487420602,7,0.928915991570153,0.726145084860444,hsa04068,FoxO signaling pathway,FOXO3,CDKN1B,coherent
Rac1,Mapk8,liver,Cholangiocyte,636,0.577044025157233,0.111635220125786,0.0833333333333333,-0.0149137754430618,0.707368877724997,0.176503789711337,0.20552615801381,0.38417038758484,0.394854266092144,7,0.930028402492502,0.754844053477871,hsa04510,Focal adhesion,RAC1,MAPK8,coherent
Foxo3,Rbl2,liver,Neutrophil,572,0.0734265734265734,0.0332167832167832,0.00174825174825175,-0.0156886280270585,0.708092118582345,,,-0.975111749376154,0.000185193014031991,7,0.930028402492502,0.280744672159286,hsa04068,FoxO signaling pathway,FOXO3,RBL2,coherent
Akt1,Ppp1cb,liver,B_cell,7386,0.053479555916599,0.196994313566206,0.0112374763065259,-0.0043535174496814,0.708339031853754,0.524440479633595,3.60224376957666e-07,0.768050923101307,0.0437241695194784,7,0.930028402492502,0.468477290281202,hsa04910,Insulin signaling pathway,AKT1,PPP1CB,discordant
Prkce,Mapk8,liver,cDC,731,0.051983584131327,0.0998632010943912,0.0109439124487004,0.0138029808176881,0.709468171247603,,,0.710899963392774,0.0733284286900434,7,0.930091393857411,0.506654087900504,hsa04931,Insulin resistance,PRKCE,MAPK8,discordant
Zyx,Actn1,liver,NK_cell,596,0.407718120805369,0.0352348993288591,0.0184563758389262,0.0152865345270177,0.709572593019325,0.563636363636364,0.0759390758518603,-0.150192762721136,0.747890937305569,7,0.930091393857411,0.919624514602224,hsa04510,Focal adhesion,ZYX,ACTN1,coherent
Akt2,Foxo3,liver,Neutrophil,572,0.113636363636364,0.0734265734265734,0.00874125874125874,-0.0155267411304748,0.71096851873061,,,-0.111600105021882,0.811719381684081,7,0.930580933526571,0.94266513434162,hsa04068,FoxO signaling pathway,AKT2,FOXO3,coherent
Akt2,Foxo3,liver,Neutrophil,572,0.113636363636364,0.0734265734265734,0.00874125874125874,-0.0155267411304748,0.71096851873061,,,-0.111600105021882,0.811719381684081,7,0.930580933526571,0.94266513434162,hsa04211,Longevity regulating pathway,AKT2,FOXO3,coherent
Akt2,Foxo3,liver,Neutrophil,572,0.113636363636364,0.0734265734265734,0.00874125874125874,-0.0155267411304748,0.71096851873061,,,-0.111600105021882,0.811719381684081,7,0.930580933526571,0.94266513434162,hsa04213,Longevity regulating pathway - multiple species,AKT2,FOXO3,coherent
Sos2,Hras,liver,cDC,731,0.0930232558139535,0.288645690834473,0.0328317373461012,0.0135921129152912,0.713709899252111,0.220869565217391,0.298231637476904,-0.0324116486018652,0.945005173454464,7,0.930580933526571,0.979334951882467,hsa04068,FoxO signaling pathway,SOS2,HRAS,discordant
Sos2,Hras,liver,cDC,731,0.0930232558139535,0.288645690834473,0.0328317373461012,0.0135921129152912,0.713709899252111,0.220869565217391,0.298231637476904,-0.0324116486018652,0.945005173454464,7,0.930580933526571,0.979334951882467,hsa04510,Focal adhesion,SOS2,HRAS,discordant
Sos2,Hras,liver,cDC,731,0.0930232558139535,0.288645690834473,0.0328317373461012,0.0135921129152912,0.713709899252111,0.220869565217391,0.298231637476904,-0.0324116486018652,0.945005173454464,7,0.930580933526571,0.979334951882467,hsa04910,Insulin signaling pathway,SOS2,HRAS,discordant
Sos2,Hras,liver,cDC,731,0.0930232558139535,0.288645690834473,0.0328317373461012,0.0135921129152912,0.713709899252111,0.220869565217391,0.298231637476904,-0.0324116486018652,0.945005173454464,7,0.930580933526571,0.979334951882467,hsa04935,"Growth hormone synthesis, secretion and action",SOS2,HRAS,discordant
Met,Pik3ca,liver,cDC,731,0.0574555403556772,0.143638850889193,0.00547195622435021,-0.0135754511589624,0.714045438767311,,,0.708012440720167,0.0750442760532163,7,0.930580933526571,0.506654087900504,hsa04510,Focal adhesion,MET,PIK3CA,coherent
Traf2,Ikbkg,liver,T_cell,2018,0.0510406342913776,0.0346878097125867,0.00148662041625372,-0.00814819298636252,0.714504123085729,,,-0.840267014194701,0.0179360977038009,7,0.930580933526571,0.400406768374144,hsa04920,Adipocytokine signaling pathway,TRAF2,IKBKG,coherent
Ppp1cb,Pygb,liver,Kupffer_cell,202,0.123762376237624,0.153465346534653,0.0396039603960396,0.025878669012552,0.714675735430025,,,0.629076822548905,0.130144034823411,7,0.930580933526571,0.573397641339326,hsa04931,Insulin resistance,PPP1CB,PYGB,coherent
Prkce,Mras,liver,Cholangiocyte,636,0.0770440251572327,0.0676100628930818,0.00786163522012579,0.0145229047337075,0.714699017166542,,,0.772910138343288,0.0415872780003574,7,0.930580933526571,0.468477290281202,hsa04371,Apelin signaling pathway,PRKCE,MRAS,coherent
Akt2,Ppp1cb,liver,Macrophage_other,214,0.0794392523364486,0.196261682242991,0.0186915887850467,0.025114282256858,0.714890355839287,,,0.418695782024147,0.581304217975853,4,0.930580933526571,0.842166498618757,hsa04910,Insulin signaling pathway,AKT2,PPP1CB,discordant
Irs2,Pik3ca,liver,Monocyte,920,0.0891304347826087,0.0967391304347826,0.0108695652173913,-0.0120331105076209,0.715485197306365,0.696969696969697,0.0311410954595681,-0.341291393949831,0.453751564069585,7,0.930580933526571,0.775721848481174,hsa04068,FoxO signaling pathway,IRS2,PIK3CA,coherent
Irs2,Pik3ca,liver,Monocyte,920,0.0891304347826087,0.0967391304347826,0.0108695652173913,-0.0120331105076209,0.715485197306365,0.696969696969697,0.0311410954595681,-0.341291393949831,0.453751564069585,7,0.930580933526571,0.775721848481174,hsa04081,Hormone signaling,IRS2,PIK3CA,coherent
Irs2,Pik3ca,liver,Monocyte,920,0.0891304347826087,0.0967391304347826,0.0108695652173913,-0.0120331105076209,0.715485197306365,0.696969696969697,0.0311410954595681,-0.341291393949831,0.453751564069585,7,0.930580933526571,0.775721848481174,hsa04152,AMPK signaling pathway,IRS2,PIK3CA,coherent
Irs2,Pik3ca,liver,Monocyte,920,0.0891304347826087,0.0967391304347826,0.0108695652173913,-0.0120331105076209,0.715485197306365,0.696969696969697,0.0311410954595681,-0.341291393949831,0.453751564069585,7,0.930580933526571,0.775721848481174,hsa04211,Longevity regulating pathway,IRS2,PIK3CA,coherent
Irs2,Pik3ca,liver,Monocyte,920,0.0891304347826087,0.0967391304347826,0.0108695652173913,-0.0120331105076209,0.715485197306365,0.696969696969697,0.0311410954595681,-0.341291393949831,0.453751564069585,7,0.930580933526571,0.775721848481174,hsa04213,Longevity regulating pathway - multiple species,IRS2,PIK3CA,coherent
Irs2,Pik3ca,liver,Monocyte,920,0.0891304347826087,0.0967391304347826,0.0108695652173913,-0.0120331105076209,0.715485197306365,0.696969696969697,0.0311410954595681,-0.341291393949831,0.453751564069585,7,0.930580933526571,0.775721848481174,hsa04910,Insulin signaling pathway,IRS2,PIK3CA,coherent
Irs2,Pik3ca,liver,Monocyte,920,0.0891304347826087,0.0967391304347826,0.0108695652173913,-0.0120331105076209,0.715485197306365,0.696969696969697,0.0311410954595681,-0.341291393949831,0.453751564069585,7,0.930580933526571,0.775721848481174,hsa04931,Insulin resistance,IRS2,PIK3CA,coherent
Irs2,Pik3ca,liver,Monocyte,920,0.0891304347826087,0.0967391304347826,0.0108695652173913,-0.0120331105076209,0.715485197306365,0.696969696969697,0.0311410954595681,-0.341291393949831,0.453751564069585,7,0.930580933526571,0.775721848481174,hsa04935,"Growth hormone synthesis, secretion and action",IRS2,PIK3CA,coherent
Map2k3,Mapk8,liver,Kupffer_cell,202,0.0643564356435644,0.0396039603960396,0.00495049504950495,-0.0257288488510776,0.716256420005328,,,-0.395562634549149,0.37975178300669,7,0.930580933526571,0.751696043671572,hsa04935,"Growth hormone synthesis, secretion and action",MAP2K3,MAPK8,discordant
Rhoa,Pip5k1a,liver,NK_cell,596,0.778523489932886,0.129194630872483,0.105704697986577,-0.0149102288110599,0.716409851402479,0.176053380069562,0.167523453083717,-0.479031171012762,0.276771671059001,7,0.930580933526571,0.687767885135246,hsa04510,Focal adhesion,RHOA,PIP5K1A,discordant
Rock1,Ppp1cb,liver,cDC,731,0.571819425444596,0.359781121751026,0.222982216142271,0.0134551261490059,0.716470215232695,0.254725921492344,0.00106832318659274,-0.31044933845498,0.497990837209906,7,0.930580933526571,0.79974168227466,hsa04510,Focal adhesion,ROCK1,PPP1CB,discordant
Rapgef1,Rap1a,liver,Neutrophil,572,0.0664335664335664,0.190559440559441,0.0157342657342657,0.0151264066273563,0.718099219995077,,,-0.33354824922739,0.464716909643982,7,0.931925290465075,0.780664701532556,hsa04510,Focal adhesion,RAPGEF1,RAP1A,discordant
Akt2,Ppp1cb,liver,Monocyte,920,0.134782608695652,0.342391304347826,0.0510869565217391,-0.0118875930820226,0.718779034744172,0.67622571692877,4.81491146625524e-07,0.798453071637997,0.0313196151006408,7,0.931971527163213,0.434871469848721,hsa04910,Insulin signaling pathway,AKT2,PPP1CB,discordant
Kras,Pik3cd,liver,Monocyte,920,0.482608695652174,0.277173913043478,0.158695652173913,0.0118204422873894,0.720300781253193,0.0523170061600455,0.530132770160071,0.899695590614388,0.00579440714905853,7,0.931971527163213,0.34967018526434,hsa04211,Longevity regulating pathway,KRAS,PIK3CD,discordant
Kras,Pik3cd,liver,Monocyte,920,0.482608695652174,0.277173913043478,0.158695652173913,0.0118204422873894,0.720300781253193,0.0523170061600455,0.530132770160071,0.899695590614388,0.00579440714905853,7,0.931971527163213,0.34967018526434,hsa04213,Longevity regulating pathway - multiple species,KRAS,PIK3CD,discordant
Foxo3,Gadd45a,liver,T_cell,2018,0.0782953419226957,0.0654112983151635,0.00594648166501487,-0.00796472699360168,0.720660131170285,0.594405594405595,0.0457531000864937,-0.507660020439249,0.244788532191032,7,0.931971527163213,0.674013592695898,hsa04068,FoxO signaling pathway,FOXO3,GADD45A,discordant
Tnfrsf1a,Mapk8,liver,Monocyte,920,0.521739130434783,0.0934782608695652,0.0543478260869565,-0.0117735207702006,0.721364756668092,0.488691476590636,0.000375005346337726,0.128335636498004,0.783920373525077,7,0.931971527163213,0.934446820791509,hsa04931,Insulin resistance,TNFRSF1A,MAPK8,discordant
Pdpk1,Akt2,liver,pDC,748,0.332887700534759,0.172459893048128,0.0641711229946524,0.0130206665481206,0.722193035619832,0.54950065132436,6.91463680470154e-05,-0.307327662742129,0.502550285291582,7,0.931971527163213,0.801322558559444,hsa04068,FoxO signaling pathway,PDPK1,AKT2,coherent
Pdpk1,Akt2,liver,pDC,748,0.332887700534759,0.172459893048128,0.0641711229946524,0.0130206665481206,0.722193035619832,0.54950065132436,6.91463680470154e-05,-0.307327662742129,0.502550285291582,7,0.931971527163213,0.801322558559444,hsa04152,AMPK signaling pathway,PDPK1,AKT2,coherent
Pdpk1,Akt2,liver,pDC,748,0.332887700534759,0.172459893048128,0.0641711229946524,0.0130206665481206,0.722193035619832,0.54950065132436,6.91463680470154e-05,-0.307327662742129,0.502550285291582,7,0.931971527163213,0.801322558559444,hsa04510,Focal adhesion,PDPK1,AKT2,coherent
Pdpk1,Akt2,liver,pDC,748,0.332887700534759,0.172459893048128,0.0641711229946524,0.0130206665481206,0.722193035619832,0.54950065132436,6.91463680470154e-05,-0.307327662742129,0.502550285291582,7,0.931971527163213,0.801322558559444,hsa04910,Insulin signaling pathway,PDPK1,AKT2,coherent
Pdpk1,Akt2,liver,pDC,748,0.332887700534759,0.172459893048128,0.0641711229946524,0.0130206665481206,0.722193035619832,0.54950065132436,6.91463680470154e-05,-0.307327662742129,0.502550285291582,7,0.931971527163213,0.801322558559444,hsa04931,Insulin resistance,PDPK1,AKT2,coherent
Sos2,Kras,liver,NK_cell,596,0.0956375838926174,0.308724832214765,0.0385906040268456,0.0145811337705458,0.722407986578415,0.784584980237154,1.38778081320405e-05,-0.359957620088307,0.427724054474441,7,0.931971527163213,0.760853000388159,hsa04068,FoxO signaling pathway,SOS2,KRAS,coherent
Sos2,Kras,liver,NK_cell,596,0.0956375838926174,0.308724832214765,0.0385906040268456,0.0145811337705458,0.722407986578415,0.784584980237154,1.38778081320405e-05,-0.359957620088307,0.427724054474441,7,0.931971527163213,0.760853000388159,hsa04910,Insulin signaling pathway,SOS2,KRAS,coherent
Sos2,Kras,liver,NK_cell,596,0.0956375838926174,0.308724832214765,0.0385906040268456,0.0145811337705458,0.722407986578415,0.784584980237154,1.38778081320405e-05,-0.359957620088307,0.427724054474441,7,0.931971527163213,0.760853000388159,hsa04935,"Growth hormone synthesis, secretion and action",SOS2,KRAS,coherent
Ppp1cb,Pygb,liver,T_cell,2018,0.210109018830525,0.0391476709613479,0.0089197224975223,-0.0079047436496316,0.722676762768255,0.719298245614035,0.00109899659305399,0.289133360630539,0.529409041569458,7,0.931971527163213,0.813558066819274,hsa04931,Insulin resistance,PPP1CB,PYGB,coherent
Ikbkg,Nfkbie,liver,Monocyte,920,0.0304347826086957,0.28695652173913,0.00869565217391304,-0.0117064407450141,0.722886774096641,,,0.206816258856889,0.656358230305933,7,0.931971527163213,0.875289056506995,hsa04920,Adipocytokine signaling pathway,IKBKG,NFKBIE,coherent
Gnai3,Prkce,liver,B_cell,7386,0.14825345247766,0.115353371242892,0.0177362577849986,-0.00410732451186183,0.724138840297868,0.804211818715636,0,0.0960707772497888,0.837656789428931,7,0.932819245014248,0.953814162748772,hsa04371,Apelin signaling pathway,GNAI3,PRKCE,discordant
Usp7,Foxo3,liver,NK_cell,596,0.199664429530201,0.102348993288591,0.0218120805369128,-0.0144408663445337,0.724969728565029,0.791208791208791,0.00208190534590793,0.0682063420905587,0.884478464560113,7,0.933123465232593,0.965708620552574,hsa04068,FoxO signaling pathway,USP7,FOXO3,coherent
Met,Pik3r2,liver,cDC,731,0.0574555403556772,0.0738714090287278,0.00410396716826265,-0.0129566922184244,0.726544773678519,,,-0.350653547384802,0.440624480534059,7,0.933571203077563,0.764756426944622,hsa04510,Focal adhesion,MET,PIK3R2,discordant
Foxo3,Rbl2,liver,Monocyte,920,0.101086956521739,0.0836956521739131,0.0108695652173913,-0.0113892241751489,0.730099028634572,0.551515151515151,0.10429776397167,0.121875015923098,0.794631724648601,7,0.933571203077563,0.938131810363925,hsa04068,FoxO signaling pathway,FOXO3,RBL2,coherent
Akt2,Tsc2,liver,LSEC,745,0.0348993288590604,0.0523489932885906,0.00134228187919463,-0.0126453907555822,0.73040547227607,,,0.390586543339896,0.386319288205803,7,0.933571203077563,0.751742955117762,hsa04910,Insulin signaling pathway,AKT2,TSC2,discordant
Ogt,Pik3ca,liver,Neutrophil,572,0.304195804195804,0.0402097902097902,0.013986013986014,0.0144370644854591,0.730434952391438,,,-0.011508112566932,0.980464514993131,7,0.933571203077563,0.997401784703893,hsa04931,Insulin resistance,OGT,PIK3CA,discordant
Gnb2,Kras,liver,pDC,748,0.828877005347594,0.550802139037433,0.466577540106952,-0.0126017919313539,0.730777786067169,0.141112325700897,0.0082915631913653,-0.0433102042290601,0.926543253083972,7,0.933571203077563,0.976217405419447,hsa04371,Apelin signaling pathway,GNB2,KRAS,discordant
Tnfrsf1a,Mapk8,liver,cDC,731,0.450068399452804,0.0998632010943912,0.0410396716826265,-0.0127462620099907,0.73081240683577,0.27741935483871,0.137563428897516,0.567761908470957,0.183658328398172,7,0.933571203077563,0.631855080442306,hsa04931,Insulin resistance,TNFRSF1A,MAPK8,discordant
Rock2,Ppp1cb,liver,Cholangiocyte,636,0.544025157232704,0.378930817610063,0.243710691823899,0.0136184920831245,0.731759777051386,0.32142103287202,4.54217447956619e-05,0.728108108827376,0.0635429946291534,7,0.933571203077563,0.497012047251484,hsa04510,Focal adhesion,ROCK2,PPP1CB,discordant
Gna12,Rhoa,liver,B_cell,7386,0.0238288654210669,0.7856756024912,0.0201733008394259,0.00398909987769632,0.731768543377246,0.179953817996766,0.0280864409341953,0.392767892484865,0.383434707540982,7,0.933571203077563,0.751742955117762,hsa04081,Hormone signaling,GNA12,RHOA,coherent
Map2k7,Mapk8,liver,NK_cell,596,0.11241610738255,0.0385906040268456,0.00503355704697987,0.0140531633758795,0.732066365295581,,,-0.491866794767499,0.262210811517599,7,0.933571203077563,0.681029247301756,hsa04936,Alcoholic liver disease,MAP2K7,MAPK8,discordant
Oga,Ogt,liver,pDC,748,0.25,0.554812834224599,0.148395721925134,0.0125209231500352,0.732439097099772,0.327040906987684,0.000459290210286506,0.296096303754648,0.519073655102377,7,0.933571203077563,0.809978950573167,hsa04931,Insulin resistance,OGA,OGT,discordant
Pdpk1,Rps6kb2,liver,Cholangiocyte,636,0.202830188679245,0.0707547169811321,0.0172955974842767,0.0135285732983693,0.733463412988435,1,0,0.360070925082699,0.427567858966281,7,0.933571203077563,0.760853000388159,hsa04910,Insulin signaling pathway,PDPK1,RPS6KB2,coherent
Gnai2,Prkce,liver,T_cell,2018,0.68780971258672,0.0346878097125867,0.0257680872150644,-0.00758422475384241,0.733484903696135,0.242551011696406,0.0832899868775124,0.249810877498317,0.589015910007903,7,0.933571203077563,0.84341629789165,hsa04371,Apelin signaling pathway,GNAI2,PRKCE,coherent
Prkce,Hras,liver,B_cell,7386,0.115353371242892,0.0529379907933929,0.00690495532087734,-0.00396135156418766,0.733563179999868,0.883343137698538,9.57643425197132e-18,0.239770703280303,0.604551584737172,7,0.933571203077563,0.853004888896243,hsa04371,Apelin signaling pathway,PRKCE,HRAS,coherent
Akt2,Pde3b,liver,Macrophage_other,214,0.0794392523364486,0.0560747663551402,0.00467289719626168,-0.0233441568553948,0.73420164723873,,,0.897896482465822,0.102103517534178,4,0.933571203077563,0.54121763179434,hsa04371,Apelin signaling pathway,AKT2,PDE3B,discordant
Akt2,Pde3b,liver,Macrophage_other,214,0.0794392523364486,0.0560747663551402,0.00467289719626168,-0.0233441568553948,0.73420164723873,,,0.897896482465822,0.102103517534178,4,0.933571203077563,0.54121763179434,hsa04910,Insulin signaling pathway,AKT2,PDE3B,discordant
Sos1,Hras,liver,cDC,731,0.06703146374829,0.288645690834473,0.0191518467852257,0.0125774148956141,0.734242743529454,0.81978021978022,0.000541568758636966,-0.119532797755078,0.798521414260464,7,0.933571203077563,0.939190478991505,hsa04068,FoxO signaling pathway,SOS1,HRAS,discordant
Sos1,Hras,liver,cDC,731,0.06703146374829,0.288645690834473,0.0191518467852257,0.0125774148956141,0.734242743529454,0.81978021978022,0.000541568758636966,-0.119532797755078,0.798521414260464,7,0.933571203077563,0.939190478991505,hsa04510,Focal adhesion,SOS1,HRAS,discordant
Sos1,Hras,liver,cDC,731,0.06703146374829,0.288645690834473,0.0191518467852257,0.0125774148956141,0.734242743529454,0.81978021978022,0.000541568758636966,-0.119532797755078,0.798521414260464,7,0.933571203077563,0.939190478991505,hsa04910,Insulin signaling pathway,SOS1,HRAS,discordant
Sos1,Hras,liver,cDC,731,0.06703146374829,0.288645690834473,0.0191518467852257,0.0125774148956141,0.734242743529454,0.81978021978022,0.000541568758636966,-0.119532797755078,0.798521414260464,7,0.933571203077563,0.939190478991505,hsa04935,"Growth hormone synthesis, secretion and action",SOS1,HRAS,discordant
Kras,Pik3ca,liver,LSEC,745,0.197315436241611,0.0993288590604027,0.0241610738255034,0.0123741004332098,0.735971418429756,0.667698658410733,0.0031818360162098,0.587826630297997,0.165138908424713,7,0.934734365362291,0.618833155906191,hsa04211,Longevity regulating pathway,KRAS,PIK3CA,coherent
Kras,Pik3ca,liver,LSEC,745,0.197315436241611,0.0993288590604027,0.0241610738255034,0.0123741004332098,0.735971418429756,0.667698658410733,0.0031818360162098,0.587826630297997,0.165138908424713,7,0.934734365362291,0.618833155906191,hsa04213,Longevity regulating pathway - multiple species,KRAS,PIK3CA,coherent
Pdpk1,Akt2,liver,Kupffer_cell,202,0.0445544554455446,0.103960396039604,0.0099009900990099,-0.0238341137144645,0.736349060285399,,,0.635136909210722,0.125357381317991,7,0.934734365362291,0.573345089237501,hsa04068,FoxO signaling pathway,PDPK1,AKT2,coherent
Pdpk1,Akt2,liver,Kupffer_cell,202,0.0445544554455446,0.103960396039604,0.0099009900990099,-0.0238341137144645,0.736349060285399,,,0.635136909210722,0.125357381317991,7,0.934734365362291,0.573345089237501,hsa04152,AMPK signaling pathway,PDPK1,AKT2,coherent
Pdpk1,Akt2,liver,Kupffer_cell,202,0.0445544554455446,0.103960396039604,0.0099009900990099,-0.0238341137144645,0.736349060285399,,,0.635136909210722,0.125357381317991,7,0.934734365362291,0.573345089237501,hsa04510,Focal adhesion,PDPK1,AKT2,coherent
Pdpk1,Akt2,liver,Kupffer_cell,202,0.0445544554455446,0.103960396039604,0.0099009900990099,-0.0238341137144645,0.736349060285399,,,0.635136909210722,0.125357381317991,7,0.934734365362291,0.573345089237501,hsa04910,Insulin signaling pathway,PDPK1,AKT2,coherent
Pdpk1,Akt2,liver,Kupffer_cell,202,0.0445544554455446,0.103960396039604,0.0099009900990099,-0.0238341137144645,0.736349060285399,,,0.635136909210722,0.125357381317991,7,0.934734365362291,0.573345089237501,hsa04931,Insulin resistance,PDPK1,AKT2,coherent
Ppp1cb,Calm1,liver,Cholangiocyte,636,0.378930817610063,0.845911949685535,0.345911949685535,0.0133084856608744,0.737638791844818,0.211771587188083,0.00158260456462068,-0.362590386580299,0.42410036441641,7,0.935614603398964,0.760853000388159,hsa04910,Insulin signaling pathway,PPP1CB,CALM1,discordant
Ikbkg,Nfkbie,liver,Cholangiocyte,636,0.0864779874213837,0.0943396226415094,0.0125786163522013,0.0132265282681173,0.739195624692879,,,0.503956490407254,0.248824631182674,7,0.936831934687501,0.676271334792561,hsa04920,Adipocytokine signaling pathway,IKBKG,NFKBIE,coherent
Rps6kb2,Foxa2,liver,Cholangiocyte,636,0.0707547169811321,0.278301886792453,0.0314465408805031,0.0129748273631769,0.743983489285788,0.323308270676692,0.164285682748478,-0.329029944085897,0.47115992980916,7,0.939390676983256,0.782965853244108,hsa04213,Longevity regulating pathway - multiple species,RPS6KB2,FOXA2,discordant
Rhoa,Rock1,liver,Macrophage_other,214,0.677570093457944,0.331775700934579,0.252336448598131,-0.0223767597108335,0.744827411791887,0.234119194233376,0.0883936565630783,0.826277555602086,0.173722444397914,4,0.939390676983256,0.625056235268612,hsa04510,Focal adhesion,RHOA,ROCK1,discordant
Gnb2,Plcb3,liver,Cholangiocyte,636,0.75314465408805,0.0849056603773585,0.0770440251572327,0.0129189685853477,0.745047384695471,-0.0689795918367347,0.6367223548194,0.291527324690453,0.525847796234919,7,0.939390676983256,0.811454771009496,hsa04081,Hormone signaling,GNB2,PLCB3,coherent
Gnb2,Plcb3,liver,Cholangiocyte,636,0.75314465408805,0.0849056603773585,0.0770440251572327,0.0129189685853477,0.745047384695471,-0.0689795918367347,0.6367223548194,0.291527324690453,0.525847796234919,7,0.939390676983256,0.811454771009496,hsa04371,Apelin signaling pathway,GNB2,PLCB3,coherent
Ppp1cb,Calm1,liver,Kupffer_cell,202,0.123762376237624,0.811881188118812,0.113861386138614,0.0228791182829091,0.746545509407644,0.0731225296442688,0.739804189415553,0.0559652611168028,0.905139142202317,7,0.939390676983256,0.969935393296569,hsa04910,Insulin signaling pathway,PPP1CB,CALM1,discordant
Stk11,Foxo3,liver,Monocyte,920,0.21195652173913,0.101086956521739,0.0282608695652174,-0.0106176009592916,0.747741341234751,0.501624216597913,0.0090314754712637,0.549921029249178,0.20093047606258,7,0.939390676983256,0.639472448158598,hsa04068,FoxO signaling pathway,STK11,FOXO3,discordant
Map2k3,Mapk13,liver,cDC,731,0.341997264021888,0.0259917920656635,0.0109439124487004,-0.011852469568193,0.749030348750731,,,-0.00312142261011285,0.994700934211192,7,0.939390676983256,0.99864030064286,hsa04935,"Growth hormone synthesis, secretion and action",MAP2K3,MAPK13,discordant
Map2k3,Mapk13,liver,cDC,731,0.341997264021888,0.0259917920656635,0.0109439124487004,-0.011852469568193,0.749030348750731,,,-0.00312142261011285,0.994700934211192,7,0.939390676983256,0.99864030064286,hsa04936,Alcoholic liver disease,MAP2K3,MAPK13,discordant
Ptprf,Shc1,liver,pDC,748,0.336898395721925,0.125668449197861,0.0521390374331551,0.0117126615538582,0.749111068627765,0.27753036437247,0.0873380629477246,-0.0355606488051194,0.939668530868513,7,0.939390676983256,0.977571308315948,hsa04910,Insulin signaling pathway,PTPRF,SHC1,coherent
Socs3,Srebf1,liver,HSC_Fibroblast,2024,0.521739130434783,0.0637351778656127,0.0459486166007905,0.0071099037610754,0.749216154839077,0.0310942675539375,0.766941058778189,0.144090048394596,0.757916548408245,7,0.939390676983256,0.922917502692876,hsa04931,Insulin resistance,SOCS3,SREBF1,coherent
Irs2,Pik3cd,liver,B_cell,7386,0.448415922014622,0.122664500406174,0.0599783373950718,0.00371610753582108,0.749486771595042,0.296393781135438,1.96177035953131e-10,0.771532102979648,0.0421872850868636,7,0.939390676983256,0.468477290281202,hsa04068,FoxO signaling pathway,IRS2,PIK3CD,discordant
Irs2,Pik3cd,liver,B_cell,7386,0.448415922014622,0.122664500406174,0.0599783373950718,0.00371610753582108,0.749486771595042,0.296393781135438,1.96177035953131e-10,0.771532102979648,0.0421872850868636,7,0.939390676983256,0.468477290281202,hsa04081,Hormone signaling,IRS2,PIK3CD,discordant
Irs2,Pik3cd,liver,B_cell,7386,0.448415922014622,0.122664500406174,0.0599783373950718,0.00371610753582108,0.749486771595042,0.296393781135438,1.96177035953131e-10,0.771532102979648,0.0421872850868636,7,0.939390676983256,0.468477290281202,hsa04152,AMPK signaling pathway,IRS2,PIK3CD,discordant
Irs2,Pik3cd,liver,B_cell,7386,0.448415922014622,0.122664500406174,0.0599783373950718,0.00371610753582108,0.749486771595042,0.296393781135438,1.96177035953131e-10,0.771532102979648,0.0421872850868636,7,0.939390676983256,0.468477290281202,hsa04211,Longevity regulating pathway,IRS2,PIK3CD,discordant
Irs2,Pik3cd,liver,B_cell,7386,0.448415922014622,0.122664500406174,0.0599783373950718,0.00371610753582108,0.749486771595042,0.296393781135438,1.96177035953131e-10,0.771532102979648,0.0421872850868636,7,0.939390676983256,0.468477290281202,hsa04213,Longevity regulating pathway - multiple species,IRS2,PIK3CD,discordant
Irs2,Pik3cd,liver,B_cell,7386,0.448415922014622,0.122664500406174,0.0599783373950718,0.00371610753582108,0.749486771595042,0.296393781135438,1.96177035953131e-10,0.771532102979648,0.0421872850868636,7,0.939390676983256,0.468477290281202,hsa04910,Insulin signaling pathway,IRS2,PIK3CD,discordant
Irs2,Pik3cd,liver,B_cell,7386,0.448415922014622,0.122664500406174,0.0599783373950718,0.00371610753582108,0.749486771595042,0.296393781135438,1.96177035953131e-10,0.771532102979648,0.0421872850868636,7,0.939390676983256,0.468477290281202,hsa04931,Insulin resistance,IRS2,PIK3CD,discordant
Irs2,Pik3cd,liver,B_cell,7386,0.448415922014622,0.122664500406174,0.0599783373950718,0.00371610753582108,0.749486771595042,0.296393781135438,1.96177035953131e-10,0.771532102979648,0.0421872850868636,7,0.939390676983256,0.468477290281202,hsa04935,"Growth hormone synthesis, secretion and action",IRS2,PIK3CD,discordant
Sgk1,Foxo3,liver,HSC_Fibroblast,2024,0.210474308300395,0.113142292490119,0.0375494071146245,0.00709253736363015,0.749808216301492,0.410416951469583,0.000260901235612932,0.56494977355957,0.186330845983345,7,0.939390676983256,0.631855080442306,hsa04068,FoxO signaling pathway,SGK1,FOXO3,coherent
Hras,Pik3r2,liver,cDC,731,0.288645690834473,0.0738714090287278,0.0259917920656635,0.0118097485397629,0.749904723685726,0.794736842105263,6.56522912331985e-05,-0.481644963977173,0.273777735699992,7,0.939390676983256,0.686193717752854,hsa04211,Longevity regulating pathway,HRAS,PIK3R2,coherent
Hras,Pik3r2,liver,cDC,731,0.288645690834473,0.0738714090287278,0.0259917920656635,0.0118097485397629,0.749904723685726,0.794736842105263,6.56522912331985e-05,-0.481644963977173,0.273777735699992,7,0.939390676983256,0.686193717752854,hsa04213,Longevity regulating pathway - multiple species,HRAS,PIK3R2,coherent
Hras,Pik3r2,liver,cDC,731,0.288645690834473,0.0738714090287278,0.0259917920656635,0.0118097485397629,0.749904723685726,0.794736842105263,6.56522912331985e-05,-0.481644963977173,0.273777735699992,7,0.939390676983256,0.686193717752854,hsa04510,Focal adhesion,HRAS,PIK3R2,coherent
Rap1a,Mapk8,liver,NK_cell,596,0.437919463087248,0.0385906040268456,0.0184563758389262,-0.0130641004612208,0.750273034640469,0.790909090909091,0.00606083055140366,0.606937265436631,0.148406314213062,7,0.939390676983256,0.591379897222918,hsa04510,Focal adhesion,RAP1A,MAPK8,coherent
Rock2,Myl12a,liver,LSEC,745,0.38255033557047,0.296644295302013,0.134228187919463,-0.0116718624983471,0.750442657731966,0.172421242124212,0.0862841564724485,-0.773890133459495,0.0411634668255763,7,0.939390676983256,0.468477290281202,hsa04510,Focal adhesion,ROCK2,MYL12A,coherent
Fas,Fadd,liver,Cholangiocyte,636,0.0644654088050315,0.059748427672956,0.00471698113207547,-0.0125696806156527,0.751710913224388,,,0.00407044080039219,0.993089862323516,7,0.939390676983256,0.99864030064286,hsa04936,Alcoholic liver disease,FAS,FADD,discordant
Vav2,Rac2,liver,Cholangiocyte,636,0.0786163522012579,0.0220125786163522,0.00314465408805031,-0.0125313845793095,0.752442639302904,,,-0.538450757297357,0.212429148590913,7,0.939390676983256,0.643438868994485,hsa04510,Focal adhesion,VAV2,RAC2,coherent
Foxo3,Rbl2,liver,pDC,748,0.124331550802139,0.122994652406417,0.018716577540107,0.0115365673658541,0.752759242812739,0.296703296703297,0.302427229914348,0.71180099128291,0.0727973586550261,7,0.939390676983256,0.506654087900504,hsa04068,FoxO signaling pathway,FOXO3,RBL2,coherent
Akt2,Ppp1ca,liver,Kupffer_cell,202,0.103960396039604,0.341584158415842,0.0445544554455446,0.0222783529919918,0.752982625980603,,,-0.154452747507406,0.740909209494662,7,0.939390676983256,0.919524252488881,hsa04910,Insulin signaling pathway,AKT2,PPP1CA,coherent
Vegfb,Flt1,liver,cDC,731,0.113543091655267,0.0328317373461012,0.00410396716826265,-0.0116558487173693,0.753057256530606,,,0.277586303165718,0.546698738587764,7,0.939390676983256,0.825572974825989,hsa04510,Focal adhesion,VEGFB,FLT1,discordant
Vegfb,Flt1,liver,cDC,731,0.113543091655267,0.0328317373461012,0.00410396716826265,-0.0116558487173693,0.753057256530606,,,0.277586303165718,0.546698738587764,7,0.939390676983256,0.825572974825989,hsa04518,Integrin signaling,VEGFB,FLT1,discordant
Rac1,Mapk8,liver,LSEC,745,0.477852348993289,0.0818791946308725,0.0456375838926175,0.0115407021273733,0.753155436167046,0.471046600458365,0.00537284986665621,-0.746375985831856,0.0539783506245323,7,0.939390676983256,0.48099432284387,hsa04510,Focal adhesion,RAC1,MAPK8,coherent
Sos2,Kras,liver,pDC,748,0.0614973262032086,0.550802139037433,0.0347593582887701,-0.0115073087620833,0.753365935159284,0.463247863247863,0.0181288451996223,-0.473482606227309,0.283175627667511,7,0.939390676983256,0.692276366150936,hsa04068,FoxO signaling pathway,SOS2,KRAS,coherent
Sos2,Kras,liver,pDC,748,0.0614973262032086,0.550802139037433,0.0347593582887701,-0.0115073087620833,0.753365935159284,0.463247863247863,0.0181288451996223,-0.473482606227309,0.283175627667511,7,0.939390676983256,0.692276366150936,hsa04910,Insulin signaling pathway,SOS2,KRAS,coherent
Sos2,Kras,liver,pDC,748,0.0614973262032086,0.550802139037433,0.0347593582887701,-0.0115073087620833,0.753365935159284,0.463247863247863,0.0181288451996223,-0.473482606227309,0.283175627667511,7,0.939390676983256,0.692276366150936,hsa04935,"Growth hormone synthesis, secretion and action",SOS2,KRAS,coherent
Pik3cd,Pdpk1,liver,B_cell,7386,0.122664500406174,0.0969401570538857,0.0124559978337395,-0.00365015456877139,0.753787675157374,0.681226207172911,0,0.903728443777965,0.00524112730594127,7,0.939390676983256,0.342638697625911,hsa04910,Insulin signaling pathway,PIK3CD,PDPK1,coherent
Ppp1cb,Myl12a,liver,T_cell,2018,0.210109018830525,0.493062438057483,0.113974231912785,0.00695280706634316,0.754930081614005,0.482309091707151,8.39866910590675e-15,-0.0725378657615338,0.877179614820904,7,0.940067696866964,0.965628125393452,hsa04510,Focal adhesion,PPP1CB,MYL12A,discordant
Akt2,Pde3b,liver,cDC,731,0.186046511627907,0.0711354309165527,0.0191518467852257,0.0114898737968442,0.756461749495353,0.652747252747253,0.013711381946849,0.0708240900376186,0.880066615194769,7,0.941227981727366,0.965708620552574,hsa04371,Apelin signaling pathway,AKT2,PDE3B,discordant
Akt2,Pde3b,liver,cDC,731,0.186046511627907,0.0711354309165527,0.0191518467852257,0.0114898737968442,0.756461749495353,0.652747252747253,0.013711381946849,0.0708240900376186,0.880066615194769,7,0.941227981727366,0.965708620552574,hsa04910,Insulin signaling pathway,AKT2,PDE3B,discordant
Igf1,Flt1,liver,HSC_Fibroblast,2024,0.302371541501976,0.0459486166007905,0.016304347826087,-0.00685694773505946,0.757854444585839,0.662767379679144,4.10011173234888e-05,-0.314374634970881,0.492278442275252,7,0.942213647825024,0.79974168227466,hsa04510,Focal adhesion,IGF1,FLT1,coherent
Igf1,Flt1,liver,HSC_Fibroblast,2024,0.302371541501976,0.0459486166007905,0.016304347826087,-0.00685694773505946,0.757854444585839,0.662767379679144,4.10011173234888e-05,-0.314374634970881,0.492278442275252,7,0.942213647825024,0.79974168227466,hsa04518,Integrin signaling,IGF1,FLT1,coherent
Sirt1,Bax,liver,T_cell,2018,0.109018830525273,0.317641228939544,0.0406342913776016,0.00681811473469963,0.759529886469499,0.670856937629315,5.35937662081063e-12,0.265581401258464,0.564865878063407,7,0.94316656783519,0.834239373623674,hsa04211,Longevity regulating pathway,SIRT1,BAX,coherent
Pik3ca,Pdpk1,liver,B_cell,7386,0.108448415922015,0.0969401570538857,0.0119144327105334,0.00354937609241749,0.760374342097538,0.78186557241355,2.45456931355557e-19,0.766142142383148,0.0445797471950931,7,0.94316656783519,0.468477290281202,hsa04910,Insulin signaling pathway,PIK3CA,PDPK1,discordant
Foxo3,Hspa8,liver,Kupffer_cell,202,0.0346534653465347,0.693069306930693,0.0297029702970297,0.0215603449933505,0.760698364090659,,,0.415885262881838,0.353410338387029,7,0.94316656783519,0.736405008417742,hsa04213,Longevity regulating pathway - multiple species,FOXO3,HSPA8,discordant
Map2k3,Mapk8,liver,Cholangiocyte,636,0.176100628930818,0.111635220125786,0.0235849056603774,-0.012078629881762,0.761110126467987,0.207142857142857,0.457772271288752,-0.202530761265195,0.663181166784902,7,0.94316656783519,0.879569949860956,hsa04935,"Growth hormone synthesis, secretion and action",MAP2K3,MAPK8,discordant
Ppp1cb,Myl12a,liver,B_cell,7386,0.196994313566206,0.258732737611698,0.0563227728134308,0.00353024729090701,0.761626540119302,0.54782358373735,5.93217933599559e-34,0.493648686977029,0.260217673973976,7,0.94316656783519,0.680374486199904,hsa04510,Focal adhesion,PPP1CB,MYL12A,discordant
Irs2,Pik3cd,liver,Neutrophil,572,0.0681818181818182,0.132867132867133,0.00874125874125874,-0.0126049600247823,0.76355230168848,,,-0.45587603413806,0.303926815833455,7,0.944805647751755,0.701266432415721,hsa04068,FoxO signaling pathway,IRS2,PIK3CD,discordant
Irs2,Pik3cd,liver,Neutrophil,572,0.0681818181818182,0.132867132867133,0.00874125874125874,-0.0126049600247823,0.76355230168848,,,-0.45587603413806,0.303926815833455,7,0.944805647751755,0.701266432415721,hsa04081,Hormone signaling,IRS2,PIK3CD,discordant
Irs2,Pik3cd,liver,Neutrophil,572,0.0681818181818182,0.132867132867133,0.00874125874125874,-0.0126049600247823,0.76355230168848,,,-0.45587603413806,0.303926815833455,7,0.944805647751755,0.701266432415721,hsa04152,AMPK signaling pathway,IRS2,PIK3CD,discordant
Irs2,Pik3cd,liver,Neutrophil,572,0.0681818181818182,0.132867132867133,0.00874125874125874,-0.0126049600247823,0.76355230168848,,,-0.45587603413806,0.303926815833455,7,0.944805647751755,0.701266432415721,hsa04211,Longevity regulating pathway,IRS2,PIK3CD,discordant
Irs2,Pik3cd,liver,Neutrophil,572,0.0681818181818182,0.132867132867133,0.00874125874125874,-0.0126049600247823,0.76355230168848,,,-0.45587603413806,0.303926815833455,7,0.944805647751755,0.701266432415721,hsa04213,Longevity regulating pathway - multiple species,IRS2,PIK3CD,discordant
Irs2,Pik3cd,liver,Neutrophil,572,0.0681818181818182,0.132867132867133,0.00874125874125874,-0.0126049600247823,0.76355230168848,,,-0.45587603413806,0.303926815833455,7,0.944805647751755,0.701266432415721,hsa04910,Insulin signaling pathway,IRS2,PIK3CD,discordant
Irs2,Pik3cd,liver,Neutrophil,572,0.0681818181818182,0.132867132867133,0.00874125874125874,-0.0126049600247823,0.76355230168848,,,-0.45587603413806,0.303926815833455,7,0.944805647751755,0.701266432415721,hsa04931,Insulin resistance,IRS2,PIK3CD,discordant
Irs2,Pik3cd,liver,Neutrophil,572,0.0681818181818182,0.132867132867133,0.00874125874125874,-0.0126049600247823,0.76355230168848,,,-0.45587603413806,0.303926815833455,7,0.944805647751755,0.701266432415721,hsa04935,"Growth hormone synthesis, secretion and action",IRS2,PIK3CD,discordant
Prkce,Kras,liver,B_cell,7386,0.115353371242892,0.53479555916599,0.06607094503114,0.00349039666723186,0.764237219270471,0.24668951872217,3.36829351905703e-08,0.847569095462743,0.0160220543201425,7,0.944907956686658,0.400406768374144,hsa04371,Apelin signaling pathway,PRKCE,KRAS,discordant
Gna11,Plcb1,liver,LSEC,745,0.16241610738255,0.0456375838926175,0.00939597315436242,0.0109530318162896,0.7653471080808,,,0.383610586596025,0.395602473420641,7,0.945535128014783,0.754844053477871,hsa04081,Hormone signaling,GNA11,PLCB1,discordant
Gna11,Plcb1,liver,LSEC,745,0.16241610738255,0.0456375838926175,0.00939597315436242,0.0109530318162896,0.7653471080808,,,0.383610586596025,0.395602473420641,7,0.945535128014783,0.754844053477871,hsa04935,"Growth hormone synthesis, secretion and action",GNA11,PLCB1,discordant
Gnb2,Mras,liver,HSC_Fibroblast,2024,0.507411067193676,0.0474308300395257,0.0360671936758893,-0.00658805960757686,0.767070027075955,0.126496359373072,0.285547283686511,0.573700019567617,0.178076933401956,7,0.945973326590873,0.630705888279161,hsa04371,Apelin signaling pathway,GNB2,MRAS,coherent
Prmt1,Foxo3,liver,B_cell,7386,0.142973192526401,0.0522610343893853,0.00839425940969402,0.00343772415045775,0.767691992176023,0.700284555916497,0,-0.312661659382568,0.49476843213956,7,0.945973326590873,0.79974168227466,hsa04068,FoxO signaling pathway,PRMT1,FOXO3,discordant
Foxo3,Gadd45a,liver,pDC,748,0.124331550802139,0.0294117647058824,0.00267379679144385,-0.0108142272328502,0.76778101607456,,,-0.252491132820014,0.584889421836642,7,0.945973326590873,0.842477401576591,hsa04068,FoxO signaling pathway,FOXO3,GADD45A,discordant
Ppp1ca,Pygb,liver,pDC,748,0.693850267379679,0.0762032085561497,0.0561497326203209,0.0107721299268138,0.768659222974997,0.447208492018475,0.00325797396998302,0.109870706446766,0.814601462902359,7,0.945973326590873,0.94266513434162,hsa04931,Insulin resistance,PPP1CA,PYGB,discordant
Akt1,Ppp1cb,liver,Macrophage_other,214,0.205607476635514,0.196261682242991,0.0467289719626168,0.0201749392922832,0.769189504266797,0.878787878787879,0.0019770587107552,0.475898271773386,0.524101728226614,4,0.945973326590873,0.810962141605087,hsa04910,Insulin signaling pathway,AKT1,PPP1CB,discordant
Rac2,Mapk8,liver,B_cell,7386,0.576631464933658,0.0602491199566748,0.0381803411860276,0.00341293832339561,0.769319289184165,0.312155792952482,8.64797582802638e-08,0.628582194366885,0.130538765892372,7,0.945973326590873,0.573397641339326,hsa04510,Focal adhesion,RAC2,MAPK8,discordant
Stk11,Foxo3,liver,Kupffer_cell,202,0.103960396039604,0.0346534653465347,0.0099009900990099,0.0206679852799823,0.770320637391292,,,0.146804507938067,0.753453796151627,7,0.946318018627886,0.922917502692876,hsa04068,FoxO signaling pathway,STK11,FOXO3,discordant
Tnfrsf1a,Mapk8,liver,Cholangiocyte,636,0.254716981132076,0.111635220125786,0.0393081761006289,-0.0115437698630416,0.771388019060813,0.365384615384615,0.0732199704087419,0.131967460232944,0.77791080459924,7,0.946318018627886,0.928168861153009,hsa04931,Insulin resistance,TNFRSF1A,MAPK8,discordant
Arhgap5,Rhoa,liver,LSEC,745,0.178523489932886,0.477852348993289,0.100671140939597,0.0106618815897354,0.771409015822222,0.334781897461508,0.00332666497740413,0.496657750073752,0.256867652060038,7,0.946318018627886,0.680374486199904,hsa04510,Focal adhesion,ARHGAP5,RHOA,coherent
Stat3,Igf1,liver,Kupffer_cell,202,0.128712871287129,0.574257425742574,0.099009900990099,0.0204752098902579,0.772403999033805,0.291729323308271,0.211361139268519,0.38937816550539,0.387920980388588,7,0.946681738858801,0.751742955117762,hsa04935,"Growth hormone synthesis, secretion and action",STAT3,IGF1,discordant
Mapk8,Foxo3,liver,LSEC,745,0.0818791946308725,0.0523489932885906,0.00671140939597315,0.0105897866666951,0.772912241859862,,,-0.388580823429825,0.388979309965315,7,0.946681738858801,0.752163861592007,hsa04068,FoxO signaling pathway,MAPK8,FOXO3,coherent
Pik3ca,Akt1,liver,cDC,731,0.143638850889193,0.422708618331053,0.0697674418604651,0.0106314901480547,0.77414300852786,0.545158371040724,4.70396920464967e-05,-0.55742398256111,0.193575211104333,7,0.947015020352974,0.638796882889068,hsa04518,Integrin signaling,PIK3CA,AKT1,discordant
Pik3ca,Akt1,liver,cDC,731,0.143638850889193,0.422708618331053,0.0697674418604651,0.0106314901480547,0.77414300852786,0.545158371040724,4.70396920464967e-05,-0.55742398256111,0.193575211104333,7,0.947015020352974,0.638796882889068,hsa04935,"Growth hormone synthesis, secretion and action",PIK3CA,AKT1,discordant
Sirt1,Foxo3,liver,pDC,748,0.0935828877005348,0.124331550802139,0.0120320855614973,-0.01049769590729,0.77439150485205,,,-0.0874874849478355,0.852044382859161,7,0.947015020352974,0.957634410247868,hsa04211,Longevity regulating pathway,SIRT1,FOXO3,coherent
Sirt1,Foxo3,liver,pDC,748,0.0935828877005348,0.124331550802139,0.0120320855614973,-0.01049769590729,0.77439150485205,,,-0.0874874849478355,0.852044382859161,7,0.947015020352974,0.957634410247868,hsa04213,Longevity regulating pathway - multiple species,SIRT1,FOXO3,coherent
Vegfc,Met,liver,Cholangiocyte,636,0.029874213836478,0.196540880503145,0.00628930817610063,0.011283649309846,0.776401137688773,,,-0.3380808909149,0.458286295855305,7,0.947222963949265,0.777366169519527,hsa04510,Focal adhesion,VEGFC,MET,coherent
Vegfc,Met,liver,Cholangiocyte,636,0.029874213836478,0.196540880503145,0.00628930817610063,0.011283649309846,0.776401137688773,,,-0.3380808909149,0.458286295855305,7,0.947222963949265,0.777366169519527,hsa04518,Integrin signaling,VEGFC,MET,coherent
Akt2,Ppp1ca,liver,T_cell,2018,0.0887016848364718,0.556987115956393,0.0530227948463826,-0.0062538900822709,0.778889196961164,0.492228943694742,7.24738078423114e-08,0.322771737676866,0.480137294938669,7,0.947222963949265,0.790488369106792,hsa04910,Insulin signaling pathway,AKT2,PPP1CA,coherent
Crk,Rapgef1,liver,Kupffer_cell,202,0.108910891089109,0.0346534653465347,0.00495049504950495,-0.0198110081110808,0.779594550030547,,,-0.273162659776547,0.553370721573173,7,0.947222963949265,0.830183483967358,hsa04510,Focal adhesion,CRK,RAPGEF1,coherent
Arhgap5,Rhoa,liver,T_cell,2018,0.0882061446977205,0.693756194251734,0.0668979187314173,-0.00622562449603792,0.779862754615119,0.319461905499586,0.000158885216977145,0.585961857235762,0.166819215099022,7,0.947222963949265,0.619487143082951,hsa04510,Focal adhesion,ARHGAP5,RHOA,coherent
Zyx,Actn1,liver,HSC_Fibroblast,2024,0.314723320158103,0.0770750988142293,0.0375494071146245,0.0062024253680153,0.780344194346245,0.457963089542037,3.89801786285884e-05,0.475583170214898,0.280743510149217,7,0.947222963949265,0.690289227767032,hsa04510,Focal adhesion,ZYX,ACTN1,coherent
Gnb2,Prkce,liver,T_cell,2018,0.437561942517344,0.0346878097125867,0.0163528245787909,0.00621099451146722,0.780366793944907,0.445187165775401,0.0100293881866617,0.0649905351524282,0.889901500238024,7,0.947222963949265,0.965708620552574,hsa04371,Apelin signaling pathway,GNB2,PRKCE,coherent
Mapk8,Foxo3,liver,B_cell,7386,0.0602491199566748,0.0522610343893853,0.00324939073923639,-0.00323704943140441,0.780895963897304,0.912173913043478,2.59466699584841e-06,0.409382225486492,0.361754270479755,7,0.947222963949265,0.736405008417742,hsa04068,FoxO signaling pathway,MAPK8,FOXO3,coherent
Map2k4,Mapk13,liver,Cholangiocyte,636,0.165094339622642,0.183962264150943,0.0377358490566038,0.0110417998058293,0.781070486732691,0.47304347826087,0.0206847311377926,-0.0289252896309478,0.950915443059373,7,0.947222963949265,0.982216148887529,hsa04935,"Growth hormone synthesis, secretion and action",MAP2K4,MAPK13,coherent
Traf2,Mapk8,liver,Monocyte,920,0.0652173913043478,0.0934782608695652,0.00543478260869565,-0.00914176136374608,0.781847556932111,,,-0.50953750357229,0.242754116386,7,0.947222963949265,0.674013592695898,hsa04920,Adipocytokine signaling pathway,TRAF2,MAPK8,discordant
Rock2,Ppp1ca,liver,cDC,731,0.374829001367989,0.856361149110807,0.339261285909713,0.0102563584649209,0.781907565228335,0.0617716344399758,0.332649160810964,0.382348055562019,0.397291995773578,7,0.947222963949265,0.754844053477871,hsa04510,Focal adhesion,ROCK2,PPP1CA,coherent
Tnfrsf1a,Mapk8,liver,Kupffer_cell,202,0.158415841584158,0.0396039603960396,0.00495049504950495,-0.0194887045630364,0.783090559307849,,,0.362576870809455,0.424118936868447,7,0.947222963949265,0.760853000388159,hsa04931,Insulin resistance,TNFRSF1A,MAPK8,discordant
Rhoa,Pip5k1c,liver,Cholangiocyte,636,0.775157232704403,0.0974842767295597,0.0864779874213837,0.0109193408833935,0.783437799513865,0.187518037518038,0.169981150651626,-0.48352213322926,0.271636614615538,7,0.947222963949265,0.685325139579335,hsa04510,Focal adhesion,RHOA,PIP5K1C,coherent
Akt2,Ppp1ca,liver,HSC_Fibroblast,2024,0.175395256916996,0.398221343873518,0.106719367588933,0.00609975901764844,0.783889128214073,0.483875404342965,4.46075638715938e-14,0.517745147659819,0.233953083430337,7,0.947222963949265,0.66794509928481,hsa04910,Insulin signaling pathway,AKT2,PPP1CA,coherent
Usp7,Foxo3,liver,LSEC,745,0.167785234899329,0.0523489932885906,0.00805369127516779,-0.0100217306534015,0.784785912114579,,,-0.320785349196613,0.482999548906796,7,0.947222963949265,0.793535384539019,hsa04068,FoxO signaling pathway,USP7,FOXO3,coherent
Tnfrsf1a,Mapk8,liver,LSEC,745,0.357046979865772,0.0818791946308725,0.0335570469798658,-0.0100216212344778,0.784788204140499,0.666153846153846,0.000387474674398898,-0.547336624205673,0.203494551968389,7,0.947222963949265,0.639801513798786,hsa04931,Insulin resistance,TNFRSF1A,MAPK8,discordant
Ogt,Akt2,liver,Neutrophil,572,0.304195804195804,0.113636363636364,0.041958041958042,0.0114424324296486,0.784796733215383,0.749565217391304,3.95640705736413e-05,-0.508811256249032,0.243540135933416,7,0.947222963949265,0.674013592695898,hsa04931,Insulin resistance,OGT,AKT2,coherent
Crk,Rapgef1,liver,Neutrophil,572,0.201048951048951,0.0664335664335664,0.013986013986014,-0.0114409115292448,0.784824635522017,,,0.614864670019527,0.141727933607575,7,0.947222963949265,0.580603466919805,hsa04510,Focal adhesion,CRK,RAPGEF1,coherent
Stat3,Socs3,liver,Kupffer_cell,202,0.128712871287129,0.0495049504950495,0.0148514851485149,0.0190378113123199,0.787988662677458,,,0.225785276313702,0.626390088984867,7,0.949909784155236,0.863574815910113,hsa04920,Adipocytokine signaling pathway,STAT3,SOCS3,coherent
Stat3,Socs3,liver,Kupffer_cell,202,0.128712871287129,0.0495049504950495,0.0148514851485149,0.0190378113123199,0.787988662677458,,,0.225785276313702,0.626390088984867,7,0.949909784155236,0.863574815910113,hsa04931,Insulin resistance,STAT3,SOCS3,coherent
Stat3,Socs3,liver,Kupffer_cell,202,0.128712871287129,0.0495049504950495,0.0148514851485149,0.0190378113123199,0.787988662677458,,,0.225785276313702,0.626390088984867,7,0.949909784155236,0.863574815910113,hsa04935,"Growth hormone synthesis, secretion and action",STAT3,SOCS3,coherent
Rhoa,Pip5k1c,liver,T_cell,2018,0.693756194251734,0.0515361744301288,0.0396432111000991,-0.00597198545105786,0.788614169314224,0.631590668029294,3.34935397394503e-10,0.207518722388281,0.65524163426785,7,0.949909784155236,0.875289056506995,hsa04510,Focal adhesion,RHOA,PIP5K1C,coherent
Tnfrsf1a,Tradd,liver,NK_cell,596,0.144295302013423,0.0671140939597315,0.011744966442953,0.0109524438774778,0.789600127856461,,,0.212971150952128,0.646592238507771,7,0.949909784155236,0.872837345198738,hsa04920,Adipocytokine signaling pathway,TNFRSF1A,TRADD,coherent
Rhoa,Pip5k1a,liver,cDC,731,0.937072503419973,0.146374829001368,0.142270861833105,0.00982988276476458,0.790761230871657,0.254379600981543,0.00932679975996383,0.266997736401375,0.562712593819963,7,0.949909784155236,0.834239373623674,hsa04510,Focal adhesion,RHOA,PIP5K1A,discordant
Prmt1,Foxo3,liver,HSC_Fibroblast,2024,0.152667984189723,0.113142292490119,0.0281620553359684,0.00588340114107467,0.79137428880932,0.742346898311956,3.87120446256072e-11,0.704595318233049,0.0771022566607729,7,0.949909784155236,0.509197359011166,hsa04068,FoxO signaling pathway,PRMT1,FOXO3,discordant
Gnb2,Plcb3,liver,cDC,731,0.917920656634747,0.051983584131327,0.051983584131327,0.00979953239206416,0.7913923497608,-0.13053944632892,0.433273769701287,0.290198412718143,0.527823675830604,7,0.949909784155236,0.811917007233547,hsa04081,Hormone signaling,GNB2,PLCB3,coherent
Gnb2,Plcb3,liver,cDC,731,0.917920656634747,0.051983584131327,0.051983584131327,0.00979953239206416,0.7913923497608,-0.13053944632892,0.433273769701287,0.290198412718143,0.527823675830604,7,0.949909784155236,0.811917007233547,hsa04371,Apelin signaling pathway,GNB2,PLCB3,coherent
Mapk8,Irs2,liver,Macrophage_other,214,0.0654205607476636,0.163551401869159,0.0233644859813084,0.0181740472952726,0.791527112748559,,,0.945324623137294,0.0546753768627057,4,0.949909784155236,0.48099432284387,hsa04910,Insulin signaling pathway,MAPK8,IRS2,discordant
Mapk8,Irs2,liver,Macrophage_other,214,0.0654205607476636,0.163551401869159,0.0233644859813084,0.0181740472952726,0.791527112748559,,,0.945324623137294,0.0546753768627057,4,0.949909784155236,0.48099432284387,hsa04920,Adipocytokine signaling pathway,MAPK8,IRS2,discordant
Mapk8,Irs2,liver,Macrophage_other,214,0.0654205607476636,0.163551401869159,0.0233644859813084,0.0181740472952726,0.791527112748559,,,0.945324623137294,0.0546753768627057,4,0.949909784155236,0.48099432284387,hsa04931,Insulin resistance,MAPK8,IRS2,discordant
Sirt1,Bax,liver,cDC,731,0.13953488372093,0.649794801641587,0.103967168262654,0.00977540327073249,0.791894198645665,0.307942583732057,0.00701062326749818,0.667610215570889,0.101277313839505,7,0.949909784155236,0.540699031691291,hsa04211,Longevity regulating pathway,SIRT1,BAX,coherent
Ppp1cb,Myl2,liver,Neutrophil,572,0.148601398601399,0.034965034965035,0.00524475524475525,-0.0109818675571778,0.793258664816117,,,-0.258282003221252,0.576004504228234,7,0.950819591364772,0.836032439532006,hsa04510,Focal adhesion,PPP1CB,MYL2,discordant
Ogt,Pik3r2,liver,Monocyte,920,0.231521739130435,0.0358695652173913,0.0108695652173913,0.00862524057602222,0.79388763103492,0.0181818181818182,0.972841176143636,0.217139776611334,0.640000599399738,7,0.950847093964725,0.869403411652111,hsa04931,Insulin resistance,OGT,PIK3R2,coherent
Rhoa,Rock1,liver,Kupffer_cell,202,0.648514851485149,0.227722772277228,0.168316831683168,0.01841996841884,0.794713857388915,0.287089381207028,0.0998444962616339,0.904172344453974,0.00518219387994677,7,0.951011029212855,0.342638697625911,hsa04510,Focal adhesion,RHOA,ROCK1,discordant
Hras,Araf,liver,B_cell,7386,0.0529379907933929,0.0881397238017872,0.00528025995125914,-0.00302018007351811,0.795236756104057,0.788866396761134,9.7404063767844e-08,0.412440511723749,0.357820155393389,7,0.951011029212855,0.736405008417742,hsa04068,FoxO signaling pathway,HRAS,ARAF,coherent
Hras,Araf,liver,B_cell,7386,0.0529379907933929,0.0881397238017872,0.00528025995125914,-0.00302018007351811,0.795236756104057,0.788866396761134,9.7404063767844e-08,0.412440511723749,0.357820155393389,7,0.951011029212855,0.736405008417742,hsa04910,Insulin signaling pathway,HRAS,ARAF,coherent
Calm1,Pygb,liver,Cholangiocyte,636,0.845911949685535,0.273584905660377,0.259433962264151,0.0102553397414191,0.796308244746376,0.100873560761895,0.197123154238709,0.267991468830992,0.5612033698769,7,0.95124247124976,0.834239373623674,hsa04910,Insulin signaling pathway,CALM1,PYGB,discordant
Pik3cd,Pdpk1,liver,T_cell,2018,0.284935579781962,0.145688800792864,0.0441030723488603,0.00573078748146056,0.79696114425958,0.722046305754171,0,-0.497089416306878,0.256388701935178,7,0.95124247124976,0.680374486199904,hsa04910,Insulin signaling pathway,PIK3CD,PDPK1,coherent
Arhgap5,Rhoa,liver,B_cell,7386,0.0380449499052261,0.7856756024912,0.0316815597075548,0.00298983362828411,0.79724910751653,0.306980690869176,1.69430005309661e-06,0.206217128158102,0.65731097623802,7,0.95124247124976,0.875484653410402,hsa04510,Focal adhesion,ARHGAP5,RHOA,coherent
Pik3cd,Akt2,liver,pDC,748,0.351604278074866,0.172459893048128,0.0628342245989305,-0.00935113433890511,0.798470129296193,0.299375578168363,0.0413362575720404,0.673505114461292,0.0971914310242043,7,0.951472582810682,0.538696261307664,hsa04518,Integrin signaling,PIK3CD,AKT2,coherent
Pik3cd,Akt2,liver,pDC,748,0.351604278074866,0.172459893048128,0.0628342245989305,-0.00935113433890511,0.798470129296193,0.299375578168363,0.0413362575720404,0.673505114461292,0.0971914310242043,7,0.951472582810682,0.538696261307664,hsa04935,"Growth hormone synthesis, secretion and action",PIK3CD,AKT2,coherent
Foxo3,Hspa1l,liver,cDC,731,0.0984952120383037,0.0246238030095759,0.00136798905608755,-0.00940075759345476,0.799697176915418,,,-0.589785052190815,0.163383284026181,7,0.951472582810682,0.618128273631838,hsa04213,Longevity regulating pathway - multiple species,FOXO3,HSPA1L,coherent
Map2k3,Mapk8,liver,NK_cell,596,0.12248322147651,0.0385906040268456,0.00671140939597315,0.0103964181157456,0.800049589660431,,,0.667505929459705,0.101350389115814,7,0.951472582810682,0.540699031691291,hsa04935,"Growth hormone synthesis, secretion and action",MAP2K3,MAPK8,discordant
Foxo3,Rbl2,liver,Cholangiocyte,636,0.256289308176101,0.176100628930818,0.0644654088050315,0.0100083207208373,0.801110602697094,0.580836236933798,9.26411968235043e-05,0.303818881752525,0.507692449880244,7,0.951472582810682,0.804064891439848,hsa04068,FoxO signaling pathway,FOXO3,RBL2,coherent
Hras,Pik3r2,liver,Monocyte,920,0.166304347826087,0.0358695652173913,0.0108695652173913,0.00829736172750661,0.80155619233715,0.563636363636364,0.095791569143582,0.0896471409004932,0.848421093600743,7,0.951472582810682,0.957634410247868,hsa04211,Longevity regulating pathway,HRAS,PIK3R2,coherent
Hras,Pik3r2,liver,Monocyte,920,0.166304347826087,0.0358695652173913,0.0108695652173913,0.00829736172750661,0.80155619233715,0.563636363636364,0.095791569143582,0.0896471409004932,0.848421093600743,7,0.951472582810682,0.957634410247868,hsa04213,Longevity regulating pathway - multiple species,HRAS,PIK3R2,coherent
Hras,Pik3r2,liver,Monocyte,920,0.166304347826087,0.0358695652173913,0.0108695652173913,0.00829736172750661,0.80155619233715,0.563636363636364,0.095791569143582,0.0896471409004932,0.848421093600743,7,0.951472582810682,0.957634410247868,hsa04510,Focal adhesion,HRAS,PIK3R2,coherent
Prkce,Hras,liver,cDC,731,0.051983584131327,0.288645690834473,0.0164158686730506,-0.00930139504921632,0.801770049687502,0.552447552447553,0.0666290014487934,0.744487113717031,0.0549281078810802,7,0.951472582810682,0.48099432284387,hsa04371,Apelin signaling pathway,PRKCE,HRAS,coherent
Tcf7l1,Ccnd1,liver,LSEC,745,0.143624161073826,0.284563758389262,0.0536912751677852,0.00919652833275393,0.802123243931395,0.334333958724203,0.0355243888086665,0.352371849886497,0.438230995420296,7,0.951472582810682,0.763678274524487,hsa04936,Alcoholic liver disease,TCF7L1,CCND1,discordant
Pdpk1,Sgk1,liver,Neutrophil,572,0.041958041958042,0.0716783216783217,0.0034965034965035,-0.0104915852677381,0.802293325085106,,,0.133270971619788,0.775756018448732,7,0.951472582810682,0.928168861153009,hsa04068,FoxO signaling pathway,PDPK1,SGK1,coherent
Stk11,Foxo3,liver,LSEC,745,0.119463087248322,0.0523489932885906,0.010738255033557,0.00911575324834609,0.803825698625023,,,-0.188226417308587,0.686087274347471,7,0.951725471022334,0.893336874233346,hsa04068,FoxO signaling pathway,STK11,FOXO3,discordant
Tradd,Traf2,liver,B_cell,7386,0.0381803411860276,0.0659355537503385,0.0024370430544273,-0.00288659227682225,0.804105328429511,0.77296181630547,0.000257917121327825,0.240580988759459,0.603293292777158,7,0.951725471022334,0.852996377885326,hsa04920,Adipocytokine signaling pathway,TRADD,TRAF2,coherent
Akt1,Ppp1ca,liver,Kupffer_cell,202,0.158415841584158,0.341584158415842,0.0742574257425743,0.0175392732664681,0.80432630629421,0.7,0.00487643144059619,-0.449498996874455,0.31160179291698,7,0.951725471022334,0.709519306507433,hsa04910,Insulin signaling pathway,AKT1,PPP1CA,coherent
Socs3,Irs2,liver,Neutrophil,572,0.286713286713287,0.0681818181818182,0.020979020979021,0.0102946414379599,0.805930008880096,-0.104895104895105,0.749479042672183,-0.143193152725423,0.75939228551721,7,0.952766427457102,0.922917502692876,hsa04920,Adipocytokine signaling pathway,SOCS3,IRS2,coherent
Socs3,Irs2,liver,Neutrophil,572,0.286713286713287,0.0681818181818182,0.020979020979021,0.0102946414379599,0.805930008880096,-0.104895104895105,0.749479042672183,-0.143193152725423,0.75939228551721,7,0.952766427457102,0.922917502692876,hsa04931,Insulin resistance,SOCS3,IRS2,coherent
Rps6kb2,Rps6,liver,NK_cell,596,0.0620805369127517,0.959731543624161,0.0604026845637584,0.010058352155696,0.806420532608688,0.0571465346443664,0.740607396187078,0.453068854539842,0.307295047392861,7,0.952766427457102,0.705923761873205,hsa04371,Apelin signaling pathway,RPS6KB2,RPS6,discordant
Rps6kb2,Rps6,liver,NK_cell,596,0.0620805369127517,0.959731543624161,0.0604026845637584,0.010058352155696,0.806420532608688,0.0571465346443664,0.740607396187078,0.453068854539842,0.307295047392861,7,0.952766427457102,0.705923761873205,hsa04910,Insulin signaling pathway,RPS6KB2,RPS6,discordant
Foxo3,Sod1,liver,T_cell,2018,0.0782953419226957,0.308721506442022,0.0272547076313181,-0.00540765714102164,0.808179803515101,0.629220779220779,5.44043099481319e-07,-0.058092113253841,0.901546087825865,7,0.954072786501373,0.969935393296569,hsa04213,Longevity regulating pathway - multiple species,FOXO3,SOD1,coherent
Rps6ka1,Ppp1ca,liver,NK_cell,596,0.223154362416107,0.644295302013423,0.151006711409396,0.0099060099425552,0.809295682850994,0.305538177877396,0.00340664059480919,-0.18658680643968,0.688725419085398,7,0.954072786501373,0.893804948341597,hsa04931,Insulin resistance,RPS6KA1,PPP1CA,coherent
Foxo3,Hspa8,liver,T_cell,2018,0.0782953419226957,0.955401387512388,0.0748265609514371,0.00537400526250579,0.809350464520923,-0.255847430895179,0.00152059467096903,-0.58971211389089,0.163448502749918,7,0.954072786501373,0.618128273631838,hsa04213,Longevity regulating pathway - multiple species,FOXO3,HSPA8,discordant
Map2k4,Mapk8,liver,cDC,731,0.149110807113543,0.0998632010943912,0.0205198358413133,0.00889763085627035,0.810207449857196,0.714285714285714,0.00380649652417838,0.528474110444727,0.222677843088979,7,0.954365982602057,0.655635980999837,hsa04935,"Growth hormone synthesis, secretion and action",MAP2K4,MAPK8,coherent
Map2k4,Mapk8,liver,cDC,731,0.149110807113543,0.0998632010943912,0.0205198358413133,0.00889763085627035,0.810207449857196,0.714285714285714,0.00380649652417838,0.528474110444727,0.222677843088979,7,0.954365982602057,0.655635980999837,hsa04936,Alcoholic liver disease,MAP2K4,MAPK8,coherent
Sos1,Hras,liver,Macrophage_other,214,0.0420560747663551,0.088785046728972,0.00934579439252336,0.0164071553050797,0.811395362686025,,,-0.372546022856897,0.627453977143103,4,0.955048255104556,0.863574815910113,hsa04068,FoxO signaling pathway,SOS1,HRAS,discordant
Sos1,Hras,liver,Macrophage_other,214,0.0420560747663551,0.088785046728972,0.00934579439252336,0.0164071553050797,0.811395362686025,,,-0.372546022856897,0.627453977143103,4,0.955048255104556,0.863574815910113,hsa04510,Focal adhesion,SOS1,HRAS,discordant
Sos1,Hras,liver,Macrophage_other,214,0.0420560747663551,0.088785046728972,0.00934579439252336,0.0164071553050797,0.811395362686025,,,-0.372546022856897,0.627453977143103,4,0.955048255104556,0.863574815910113,hsa04910,Insulin signaling pathway,SOS1,HRAS,discordant
Sos1,Hras,liver,Macrophage_other,214,0.0420560747663551,0.088785046728972,0.00934579439252336,0.0164071553050797,0.811395362686025,,,-0.372546022856897,0.627453977143103,4,0.955048255104556,0.863574815910113,hsa04935,"Growth hormone synthesis, secretion and action",SOS1,HRAS,discordant
Ppp1r12a,Myl12a,liver,B_cell,7386,0.24817221770918,0.258732737611698,0.07053885729759,0.0027542165671517,0.812918374628269,0.542324476680147,3.58291814520563e-41,0.516813225687178,0.234944761372625,7,0.955490492990987,0.66794509928481,hsa04510,Focal adhesion,PPP1R12A,MYL12A,discordant
Srebf1,Irs2,liver,NK_cell,596,0.0503355704697987,0.087248322147651,0.00671140939597315,0.0097105134389739,0.812989042793478,,,-0.265541777668541,0.564926156319108,7,0.955490492990987,0.834239373623674,hsa04931,Insulin resistance,SREBF1,IRS2,coherent
Foxo3,Bcl2l11,liver,cDC,731,0.0984952120383037,0.236662106703146,0.0259917920656635,0.00869802323822257,0.81438683048523,0.152631578947368,0.531341182185598,-0.418888122811168,0.349584852636369,7,0.956416869035423,0.736239776894581,hsa04068,FoxO signaling pathway,FOXO3,BCL2L11,discordant
Ppp1ca,Calm1,liver,cDC,731,0.856361149110807,0.982216142270862,0.846785225718194,-0.00842338454903178,0.820145815240122,-0.0214925691960451,0.59354238056563,0.878034486077989,0.00933391072916532,7,0.95815729908747,0.372272914997024,hsa04910,Insulin signaling pathway,PPP1CA,CALM1,coherent
Pik3ca,Pdpk1,liver,Kupffer_cell,202,0.0693069306930693,0.0445544554455446,0.00495049504950495,-0.0160798031054531,0.820320035944573,,,0.427310479081525,0.338948733295771,7,0.95815729908747,0.72751102946794,hsa04910,Insulin signaling pathway,PIK3CA,PDPK1,discordant
Rock1,Myl12a,liver,Kupffer_cell,202,0.227722772277228,0.475247524752475,0.143564356435644,0.0160207873092103,0.820968376157366,0.450738916256158,0.0149338006156463,-0.00900922316919562,0.984706088416075,7,0.95815729908747,0.997401784703893,hsa04510,Focal adhesion,ROCK1,MYL12A,coherent
Prmt1,Foxo3,liver,Monocyte,920,0.208695652173913,0.101086956521739,0.025,0.00743944571255954,0.821710196125149,0.395256916996047,0.0629475221934834,0.167529628564841,0.719567120798709,7,0.95815729908747,0.908287057548813,hsa04068,FoxO signaling pathway,PRMT1,FOXO3,discordant
Sirt1,Bax,liver,Monocyte,920,0.0804347826086957,0.551086956521739,0.0467391304347826,-0.00743075470504834,0.821914990128694,0.440652370884929,0.00337390362763596,0.648029538834061,0.115479527232261,7,0.95815729908747,0.559081004720365,hsa04211,Longevity regulating pathway,SIRT1,BAX,coherent
Akt1,Foxo3,liver,NK_cell,596,0.13255033557047,0.102348993288591,0.0167785234899329,0.00912969228892439,0.82398622889562,0.963636363636364,0,-0.307552856427468,0.502220885208565,7,0.95815729908747,0.801322558559444,hsa04068,FoxO signaling pathway,AKT1,FOXO3,coherent
Akt1,Foxo3,liver,NK_cell,596,0.13255033557047,0.102348993288591,0.0167785234899329,0.00912969228892439,0.82398622889562,0.963636363636364,0,-0.307552856427468,0.502220885208565,7,0.95815729908747,0.801322558559444,hsa04211,Longevity regulating pathway,AKT1,FOXO3,coherent
Akt1,Foxo3,liver,NK_cell,596,0.13255033557047,0.102348993288591,0.0167785234899329,0.00912969228892439,0.82398622889562,0.963636363636364,0,-0.307552856427468,0.502220885208565,7,0.95815729908747,0.801322558559444,hsa04213,Longevity regulating pathway - multiple species,AKT1,FOXO3,coherent
Tnf,Tnfrsf1a,liver,Macrophage_other,214,0.299065420560748,0.303738317757009,0.11214953271028,0.0152731353289604,0.824211842389829,0.603478260869565,0.00219923349861991,0.99000258028558,0.00999741971442024,4,0.95815729908747,0.372272914997024,hsa04920,Adipocytokine signaling pathway,TNF,TNFRSF1A,coherent
Tnf,Tnfrsf1a,liver,Macrophage_other,214,0.299065420560748,0.303738317757009,0.11214953271028,0.0152731353289604,0.824211842389829,0.603478260869565,0.00219923349861991,0.99000258028558,0.00999741971442024,4,0.95815729908747,0.372272914997024,hsa04931,Insulin resistance,TNF,TNFRSF1A,coherent
Tnf,Tnfrsf1a,liver,Macrophage_other,214,0.299065420560748,0.303738317757009,0.11214953271028,0.0152731353289604,0.824211842389829,0.603478260869565,0.00219923349861991,0.99000258028558,0.00999741971442024,4,0.95815729908747,0.372272914997024,hsa04936,Alcoholic liver disease,TNF,TNFRSF1A,coherent
Pik3cd,Akt1,liver,pDC,748,0.351604278074866,0.252673796791444,0.0975935828877005,-0.00813493872356968,0.82422139264356,0.22562631124275,0.0551263620696003,-0.155805481323978,0.738695134052512,7,0.95815729908747,0.919121859895631,hsa04518,Integrin signaling,PIK3CD,AKT1,coherent
Pik3cd,Akt1,liver,pDC,748,0.351604278074866,0.252673796791444,0.0975935828877005,-0.00813493872356968,0.82422139264356,0.22562631124275,0.0551263620696003,-0.155805481323978,0.738695134052512,7,0.95815729908747,0.919121859895631,hsa04935,"Growth hormone synthesis, secretion and action",PIK3CD,AKT1,coherent
Stk11,Foxo3,liver,pDC,748,0.327540106951872,0.124331550802139,0.0427807486631016,0.00809788738928363,0.825009026955954,0.312316715542522,0.0821633068247459,-0.230052222738845,0.619703355480176,7,0.95815729908747,0.858401614284048,hsa04068,FoxO signaling pathway,STK11,FOXO3,discordant
Rhoa,Diaph1,liver,B_cell,7386,0.7856756024912,0.268210127267804,0.217573788248037,0.002572532513141,0.825052624865405,0.179861808887998,3.76094119254845e-13,0.439212399724576,0.324156937743887,7,0.95815729908747,0.716890808187252,hsa04510,Focal adhesion,RHOA,DIAPH1,discordant
Gna11,Plcb3,liver,LSEC,745,0.16241610738255,0.0563758389261745,0.0147651006711409,0.00809804187476886,0.825352508986336,0.672727272727273,0.0280703042358757,-0.592387371398527,0.161064836016685,7,0.95815729908747,0.615235098028852,hsa04081,Hormone signaling,GNA11,PLCB3,coherent
Gna11,Plcb3,liver,LSEC,745,0.16241610738255,0.0563758389261745,0.0147651006711409,0.00809804187476886,0.825352508986336,0.672727272727273,0.0280703042358757,-0.592387371398527,0.161064836016685,7,0.95815729908747,0.615235098028852,hsa04935,"Growth hormone synthesis, secretion and action",GNA11,PLCB3,coherent
Flt1,Shc1,liver,HSC_Fibroblast,2024,0.0459486166007905,0.111660079051383,0.00790513833992095,-0.00490094450714179,0.825596125840473,0.735294117647059,0.00170283008365748,-0.124182151682774,0.790803599829931,7,0.95815729908747,0.937138102819608,hsa04510,Focal adhesion,FLT1,SHC1,discordant
Rap1a,Mapk8,liver,Kupffer_cell,202,0.331683168316832,0.0396039603960396,0.0148514851485149,-0.0154775866982134,0.826941557915919,,,-0.0758167646347316,0.871659069422473,7,0.95815729908747,0.964481813365423,hsa04510,Focal adhesion,RAP1A,MAPK8,coherent
Foxo3,Hspa8,liver,Macrophage_other,214,0.0700934579439252,0.88785046728972,0.0607476635514019,-0.0149925127805176,0.827390723011262,-0.104395604395604,0.736951230071543,-0.436297780931243,0.563702219068757,4,0.95815729908747,0.834239373623674,hsa04213,Longevity regulating pathway - multiple species,FOXO3,HSPA8,discordant
Ogt,Pik3ca,liver,Macrophage_other,214,0.196261682242991,0.0794392523364486,0.0186915887850467,0.0149401349689026,0.827984369441218,,,-0.709256676887046,0.290743323112953,4,0.95815729908747,0.693277012103684,hsa04931,Insulin resistance,OGT,PIK3CA,discordant
Rock2,Ppp1ca,liver,T_cell,2018,0.162537165510406,0.556987115956393,0.0986124876114965,0.00483475201024269,0.828166123770419,0.460512525720541,7.71054673356108e-12,-0.351448491355728,0.439516559525565,7,0.95815729908747,0.763678274524487,hsa04510,Focal adhesion,ROCK2,PPP1CA,coherent
Ikbkg,Irs2,liver,B_cell,7386,0.029109125372326,0.448415922014622,0.0139453019225562,-0.00251466534429041,0.828926377262435,0.377541158257661,8.44561049344747e-05,0.599266436448188,0.155015520226687,7,0.95815729908747,0.609572308861332,hsa04920,Adipocytokine signaling pathway,IKBKG,IRS2,coherent
Foxo3,Cryab,liver,Monocyte,920,0.101086956521739,0.025,0.00326086956521739,-0.0071206655398199,0.829229725192031,,,-0.446883734855651,0.314773443840862,7,0.95815729908747,0.71061803364937,hsa04213,Longevity regulating pathway - multiple species,FOXO3,CRYAB,coherent
Tnfrsf1a,Srebf1,liver,LSEC,745,0.357046979865772,0.0523489932885906,0.0214765100671141,0.00791044938282254,0.829335360250779,0.276470588235294,0.298932030961606,-0.398956168280456,0.375299203832583,7,0.95815729908747,0.747264531488988,hsa04936,Alcoholic liver disease,TNFRSF1A,SREBF1,coherent
Rock2,Ppp1ca,liver,pDC,748,0.330213903743315,0.693850267379679,0.240641711229947,-0.00789089657854556,0.829412434970199,0.0613023035690402,0.413286518026998,0.268548974806364,0.560357230020752,7,0.95815729908747,0.834239373623674,hsa04510,Focal adhesion,ROCK2,PPP1CA,coherent
Rock2,Ppp1cb,liver,Kupffer_cell,202,0.257425742574257,0.123762376237624,0.0594059405940594,0.0152501168702267,0.829445854149209,0.384615384615385,0.218387426912988,-0.62601909186476,0.132593966797219,7,0.95815729908747,0.576066848289734,hsa04510,Focal adhesion,ROCK2,PPP1CB,discordant
Ppp1ca,Pygb,liver,B_cell,7386,0.40360140806932,0.020985648524235,0.00961278093690766,0.00250589092019486,0.829514121801903,0.607712944332663,3.95690365362343e-08,0.151262642117981,0.746136196776944,7,0.95815729908747,0.919624514602224,hsa04931,Insulin resistance,PPP1CA,PYGB,discordant
Akt1,Ppp1ca,liver,HSC_Fibroblast,2024,0.195652173913043,0.398221343873518,0.116106719367589,0.00476793138356316,0.830256480358921,0.495553270597678,5.74916584650582e-16,0.178939536741958,0.701062734709921,7,0.95815729908747,0.899347528919335,hsa04910,Insulin signaling pathway,AKT1,PPP1CA,coherent
Foxo3,Klf2,liver,Macrophage_other,214,0.0700934579439252,0.598130841121495,0.0420560747663551,-0.0146625039232344,0.831132641841893,,,-0.0590915643059598,0.94090843569404,4,0.95815729908747,0.977571308315948,hsa04068,FoxO signaling pathway,FOXO3,KLF2,discordant
Sos1,Kras,liver,Monocyte,920,0.0608695652173913,0.482608695652174,0.0347826086956522,-0.00703982861936936,0.831139056772465,0.160190615835777,0.37960123812888,0.486009075280722,0.268811680418868,7,0.95815729908747,0.684684296391566,hsa04068,FoxO signaling pathway,SOS1,KRAS,coherent
Sos1,Kras,liver,Monocyte,920,0.0608695652173913,0.482608695652174,0.0347826086956522,-0.00703982861936936,0.831139056772465,0.160190615835777,0.37960123812888,0.486009075280722,0.268811680418868,7,0.95815729908747,0.684684296391566,hsa04910,Insulin signaling pathway,SOS1,KRAS,coherent
Sos1,Kras,liver,Monocyte,920,0.0608695652173913,0.482608695652174,0.0347826086956522,-0.00703982861936936,0.831139056772465,0.160190615835777,0.37960123812888,0.486009075280722,0.268811680418868,7,0.95815729908747,0.684684296391566,hsa04935,"Growth hormone synthesis, secretion and action",SOS1,KRAS,coherent
Rhoa,Rock2,liver,T_cell,2018,0.693756194251734,0.162537165510406,0.118434093161546,0.00471725502003207,0.83227934363846,0.342700979836343,5.45666728693062e-08,0.078226374236947,0.867604738865644,7,0.95815729908747,0.962661733861461,hsa04510,Focal adhesion,RHOA,ROCK2,discordant
Rock1,Ppp1r12a,liver,LSEC,745,0.353020134228188,0.284563758389262,0.112751677852349,-0.0077682597919442,0.832357169315629,0.63456515136175,0,0.0783416102165259,0.867410903782681,7,0.95815729908747,0.962661733861461,hsa04510,Focal adhesion,ROCK1,PPP1R12A,discordant
Ppp1cb,Myl12a,liver,cDC,731,0.359781121751026,0.805745554035568,0.299589603283174,0.0078121971653989,0.832996347285403,0.253105399792474,0.000153082500128565,-0.0380404690410606,0.935467209646164,7,0.958190079831962,0.977571308315948,hsa04510,Focal adhesion,PPP1CB,MYL12A,discordant
Rps6ka1,Ppp1cb,liver,Monocyte,920,0.26304347826087,0.342391304347826,0.0967391304347826,0.0068908467211237,0.834660542206165,0.539751447054818,8.06861992213137e-08,-0.658087538622271,0.108063442596007,7,0.958487877808027,0.542403644629583,hsa04931,Insulin resistance,RPS6KA1,PPP1CB,discordant
Rps6kb2,Rps6,liver,pDC,748,0.0935828877005348,0.987967914438503,0.0935828877005348,-0.00762121516413607,0.835157500712547,-0.132289388504943,0.274283533254744,0.50498772847875,0.247697729287824,7,0.958487877808027,0.674718293841312,hsa04371,Apelin signaling pathway,RPS6KB2,RPS6,discordant
Rps6kb2,Rps6,liver,pDC,748,0.0935828877005348,0.987967914438503,0.0935828877005348,-0.00762121516413607,0.835157500712547,-0.132289388504943,0.274283533254744,0.50498772847875,0.247697729287824,7,0.958487877808027,0.674718293841312,hsa04910,Insulin signaling pathway,RPS6KB2,RPS6,discordant
Ikbkg,Nfkbie,liver,T_cell,2018,0.0346878097125867,0.0867195242814668,0.00346878097125867,-0.00461287735997011,0.835937151592573,,,-0.388004827667173,0.389744563081135,7,0.958487877808027,0.752163861592007,hsa04920,Adipocytokine signaling pathway,IKBKG,NFKBIE,coherent
Kras,Araf,liver,B_cell,7386,0.53479555916599,0.0881397238017872,0.0499593826157595,0.00240142427822464,0.836518938428664,0.26437233414022,2.56123487482358e-07,0.771107247405343,0.0423732276477291,7,0.958487877808027,0.468477290281202,hsa04068,FoxO signaling pathway,KRAS,ARAF,discordant
Kras,Araf,liver,B_cell,7386,0.53479555916599,0.0881397238017872,0.0499593826157595,0.00240142427822464,0.836518938428664,0.26437233414022,2.56123487482358e-07,0.771107247405343,0.0423732276477291,7,0.958487877808027,0.468477290281202,hsa04910,Insulin signaling pathway,KRAS,ARAF,discordant
Rock1,Ppp1ca,liver,Neutrophil,572,0.305944055944056,0.347902097902098,0.11013986013986,-0.00863684875793265,0.836700798672165,0.656057605807822,5.3268161743157e-09,0.0220960797971493,0.962497686459838,7,0.958487877808027,0.987122648336947,hsa04510,Focal adhesion,ROCK1,PPP1CA,coherent
Stat3,Foxo3,liver,pDC,748,0.533422459893048,0.124331550802139,0.0668449197860963,-0.00753853698943384,0.836920581642446,0.440576230492197,0.00151027940957635,0.47274249508557,0.28403479240702,7,0.958487877808027,0.692276366150936,hsa04068,FoxO signaling pathway,STAT3,FOXO3,discordant
Pik3ca,Akt2,liver,NK_cell,596,0.0671140939597315,0.12248322147651,0.0134228187919463,-0.00830363624420422,0.839685710488353,,,-0.150237508698085,0.747817530731753,7,0.960474241576721,0.919624514602224,hsa04518,Integrin signaling,PIK3CA,AKT2,discordant
Pik3ca,Akt2,liver,NK_cell,596,0.0671140939597315,0.12248322147651,0.0134228187919463,-0.00830363624420422,0.839685710488353,,,-0.150237508698085,0.747817530731753,7,0.960474241576721,0.919624514602224,hsa04935,"Growth hormone synthesis, secretion and action",PIK3CA,AKT2,discordant
Socs3,Irs2,liver,Monocyte,920,0.472826086956522,0.0891304347826087,0.05,-0.00667031453002888,0.839879324055616,0.345174221399938,0.0192750936862031,-0.143504309387725,0.758880247603701,7,0.960474241576721,0.922917502692876,hsa04920,Adipocytokine signaling pathway,SOCS3,IRS2,coherent
Socs3,Irs2,liver,Monocyte,920,0.472826086956522,0.0891304347826087,0.05,-0.00667031453002888,0.839879324055616,0.345174221399938,0.0192750936862031,-0.143504309387725,0.758880247603701,7,0.960474241576721,0.922917502692876,hsa04931,Insulin resistance,SOCS3,IRS2,coherent
Foxo3,Hspa8,liver,pDC,748,0.124331550802139,0.967914438502674,0.117647058823529,-0.00735394070787663,0.84085996638268,-0.0118875700045789,0.912350820725986,-0.0581342351916292,0.901474941338391,7,0.960895329391424,0.969935393296569,hsa04213,Longevity regulating pathway - multiple species,FOXO3,HSPA8,discordant
Foxo3,Bcl2l11,liver,NK_cell,596,0.102348993288591,0.320469798657718,0.0335570469798658,-0.00818661226603607,0.841915098929108,0.598496240601504,0.00623530093067166,0.663440089131615,0.104220852346007,7,0.961270740157343,0.542403644629583,hsa04068,FoxO signaling pathway,FOXO3,BCL2L11,discordant
Tnfrsf1a,Srebf1,liver,Monocyte,920,0.521739130434783,0.0467391304347826,0.0304347826086957,0.00655567045877658,0.842595111658694,0.534756431308155,0.00384186756191907,0.390443515239269,0.386508731072815,7,0.961270740157343,0.751742955117762,hsa04936,Alcoholic liver disease,TNFRSF1A,SREBF1,coherent
Kras,Araf,liver,Cholangiocyte,636,0.238993710691824,0.207547169811321,0.0644654088050315,-0.00783844483329434,0.843598868781954,0.527177700348432,0.000481467311821282,0.285974602444666,0.534120342151907,7,0.961270740157343,0.81619932600601,hsa04068,FoxO signaling pathway,KRAS,ARAF,discordant
Kras,Araf,liver,Cholangiocyte,636,0.238993710691824,0.207547169811321,0.0644654088050315,-0.00783844483329434,0.843598868781954,0.527177700348432,0.000481467311821282,0.285974602444666,0.534120342151907,7,0.961270740157343,0.81619932600601,hsa04910,Insulin signaling pathway,KRAS,ARAF,discordant
Akt1,Tsc2,liver,B_cell,7386,0.053479555916599,0.0250473869482805,0.00148930408881668,-0.0022807307064426,0.844627953035069,0.5,0.12142915576969,-0.252204172629002,0.585330796515324,7,0.961270740157343,0.842477401576591,hsa04910,Insulin signaling pathway,AKT1,TSC2,discordant
Flt1,Pik3cd,liver,cDC,731,0.0328317373461012,0.283173734610123,0.00820793433652531,-0.00723261442598636,0.845223708501362,,,0.0386185757285866,0.934487947291171,7,0.961270740157343,0.977571308315948,hsa04510,Focal adhesion,FLT1,PIK3CD,discordant
Sos1,Hras,liver,Monocyte,920,0.0608695652173913,0.166304347826087,0.0152173913043478,0.0064301923925631,0.845569686990724,0.463736263736264,0.097233961205613,-0.546386354754145,0.204441266805729,7,0.961270740157343,0.639801513798786,hsa04068,FoxO signaling pathway,SOS1,HRAS,discordant
Sos1,Hras,liver,Monocyte,920,0.0608695652173913,0.166304347826087,0.0152173913043478,0.0064301923925631,0.845569686990724,0.463736263736264,0.097233961205613,-0.546386354754145,0.204441266805729,7,0.961270740157343,0.639801513798786,hsa04510,Focal adhesion,SOS1,HRAS,discordant
Sos1,Hras,liver,Monocyte,920,0.0608695652173913,0.166304347826087,0.0152173913043478,0.0064301923925631,0.845569686990724,0.463736263736264,0.097233961205613,-0.546386354754145,0.204441266805729,7,0.961270740157343,0.639801513798786,hsa04910,Insulin signaling pathway,SOS1,HRAS,discordant
Sos1,Hras,liver,Monocyte,920,0.0608695652173913,0.166304347826087,0.0152173913043478,0.0064301923925631,0.845569686990724,0.463736263736264,0.097233961205613,-0.546386354754145,0.204441266805729,7,0.961270740157343,0.639801513798786,hsa04935,"Growth hormone synthesis, secretion and action",SOS1,HRAS,discordant
Pik3r2,Pdpk1,liver,Cholangiocyte,636,0.14937106918239,0.202830188679245,0.0408805031446541,0.00773694046024612,0.845598613929236,0.708717948717949,7.87503756360366e-05,0.660859423115308,0.106064475260509,7,0.961270740157343,0.542403644629583,hsa04910,Insulin signaling pathway,PIK3R2,PDPK1,coherent
Foxo3,Cdkn1b,liver,T_cell,2018,0.0782953419226957,0.448959365708622,0.0376610505450942,-0.00432368793733689,0.846089797423385,0.460533151059467,3.49062100861231e-05,-0.408312884126963,0.363134052239954,7,0.961270740157343,0.736405008417742,hsa04068,FoxO signaling pathway,FOXO3,CDKN1B,coherent
Gnb2,Kras,liver,T_cell,2018,0.437561942517344,0.338949454905847,0.162537165510406,-0.00426582472319507,0.848124342074241,0.34149125449994,2.11085622876662e-10,0.195392265790008,0.674587359889547,7,0.961801973822813,0.886282491923547,hsa04371,Apelin signaling pathway,GNB2,KRAS,discordant
Sos1,Hras,liver,LSEC,745,0.0751677852348993,0.139597315436242,0.0147651006711409,-0.00702750956089393,0.848138610184426,0.972727272727273,0,-0.0912932116401653,0.845660876080816,7,0.961801973822813,0.956627191471377,hsa04068,FoxO signaling pathway,SOS1,HRAS,discordant
Sos1,Hras,liver,LSEC,745,0.0751677852348993,0.139597315436242,0.0147651006711409,-0.00702750956089393,0.848138610184426,0.972727272727273,0,-0.0912932116401653,0.845660876080816,7,0.961801973822813,0.956627191471377,hsa04510,Focal adhesion,SOS1,HRAS,discordant
Sos1,Hras,liver,LSEC,745,0.0751677852348993,0.139597315436242,0.0147651006711409,-0.00702750956089393,0.848138610184426,0.972727272727273,0,-0.0912932116401653,0.845660876080816,7,0.961801973822813,0.956627191471377,hsa04910,Insulin signaling pathway,SOS1,HRAS,discordant
Sos1,Hras,liver,LSEC,745,0.0751677852348993,0.139597315436242,0.0147651006711409,-0.00702750956089393,0.848138610184426,0.972727272727273,0,-0.0912932116401653,0.845660876080816,7,0.961801973822813,0.956627191471377,hsa04935,"Growth hormone synthesis, secretion and action",SOS1,HRAS,discordant
Pik3r2,Akt1,liver,Monocyte,920,0.0358695652173913,0.380434782608696,0.0152173913043478,0.0063110381200014,0.848396387361869,0.538461538461538,0.0499891360155955,0.198216203074998,0.670069109845166,7,0.961801973822813,0.885506867648293,hsa04518,Integrin signaling,PIK3R2,AKT1,coherent
Pik3r2,Akt1,liver,Monocyte,920,0.0358695652173913,0.380434782608696,0.0152173913043478,0.0063110381200014,0.848396387361869,0.538461538461538,0.0499891360155955,0.198216203074998,0.670069109845166,7,0.961801973822813,0.885506867648293,hsa04935,"Growth hormone synthesis, secretion and action",PIK3R2,AKT1,coherent
Foxo3,Ccnd1,liver,HSC_Fibroblast,2024,0.113142292490119,0.223814229249012,0.0405138339920949,0.00422645454958355,0.849288072516087,0.396602108178989,0.000225365461841852,-0.45867878011087,0.300580149650709,7,0.962117679261907,0.698500329336637,hsa04068,FoxO signaling pathway,FOXO3,CCND1,discordant
Trib3,Akt2,liver,Cholangiocyte,636,0.0267295597484277,0.172955974842767,0.00628930817610063,-0.00750650438490642,0.850142117794531,,,0.400298102503889,0.373544393822763,7,0.962364823664899,0.747264531488988,hsa04931,Insulin resistance,TRIB3,AKT2,discordant
Kras,Araf,liver,cDC,731,0.510259917920657,0.179206566347469,0.105335157318741,-0.00697205796752468,0.850732957567377,0.426520847573479,0.00012712590860942,-0.717421419404152,0.0695313128714473,7,0.962364823664899,0.506654087900504,hsa04068,FoxO signaling pathway,KRAS,ARAF,discordant
Kras,Araf,liver,cDC,731,0.510259917920657,0.179206566347469,0.105335157318741,-0.00697205796752468,0.850732957567377,0.426520847573479,0.00012712590860942,-0.717421419404152,0.0695313128714473,7,0.962364823664899,0.506654087900504,hsa04910,Insulin signaling pathway,KRAS,ARAF,discordant
Rap1a,Mapk8,liver,Monocyte,920,0.804347826086957,0.0934782608695652,0.0804347826086957,0.00613718169016201,0.85252427334582,0.286930766382821,0.0134465366474989,0.327823362343358,0.472885974654603,7,0.963122355325505,0.78348267606449,hsa04510,Focal adhesion,RAP1A,MAPK8,coherent
Il6,Stat3,liver,Monocyte,920,0.0532608695652174,0.526086956521739,0.033695652173913,-0.00613271807479414,0.852630306913401,0.303225806451613,0.09749148787369,-0.355313186943101,0.434145422376401,7,0.963122355325505,0.763678274524487,hsa04068,FoxO signaling pathway,IL6,STAT3,coherent
Il6,Stat3,liver,Monocyte,920,0.0532608695652174,0.526086956521739,0.033695652173913,-0.00613271807479414,0.852630306913401,0.303225806451613,0.09749148787369,-0.355313186943101,0.434145422376401,7,0.963122355325505,0.763678274524487,hsa04931,Insulin resistance,IL6,STAT3,coherent
Ppp1cb,Myl12a,liver,Monocyte,920,0.342391304347826,0.672826086956522,0.247826086956522,-0.006097837821165,0.85345898176698,0.36489763353809,1.75617046189266e-08,0.204992179128056,0.659260054162604,7,0.963137855467795,0.875850148163527,hsa04510,Focal adhesion,PPP1CB,MYL12A,discordant
Prkce,Rras2,liver,B_cell,7386,0.115353371242892,0.0955862442458706,0.0115082588681289,-0.00213607390033723,0.854368639324154,0.760306432542823,3.19229484458741e-17,0.314696181925684,0.491811536525135,7,0.963137855467795,0.79974168227466,hsa04371,Apelin signaling pathway,PRKCE,RRAS2,discordant
Ppp1ca,Calm1,liver,HSC_Fibroblast,2024,0.398221343873518,0.758399209486166,0.335474308300395,-0.00407152976927522,0.854750002816004,0.537737334822776,3.79168889769598e-52,-0.0116151613116877,0.980282819837279,7,0.963137855467795,0.997401784703893,hsa04910,Insulin signaling pathway,PPP1CA,CALM1,coherent
Gna11,Plcb1,liver,Cholangiocyte,636,0.393081761006289,0.110062893081761,0.0566037735849057,0.00725536682560147,0.855099447206271,0.391942334920839,0.0180726654097127,-0.029947734197591,0.94918194306108,7,0.963137855467795,0.982216148887529,hsa04081,Hormone signaling,GNA11,PLCB1,discordant
Gna11,Plcb1,liver,Cholangiocyte,636,0.393081761006289,0.110062893081761,0.0566037735849057,0.00725536682560147,0.855099447206271,0.391942334920839,0.0180726654097127,-0.029947734197591,0.94918194306108,7,0.963137855467795,0.982216148887529,hsa04935,"Growth hormone synthesis, secretion and action",GNA11,PLCB1,discordant
Tradd,Traf2,liver,pDC,748,0.114973262032086,0.132352941176471,0.017379679144385,-0.00665675595436129,0.855773374179659,0.796703296703297,0.0018435443966161,-0.102897905878965,0.826238399047468,7,0.96320546921656,0.950498484744916,hsa04920,Adipocytokine signaling pathway,TRADD,TRAF2,coherent
Gnb2,Rhoa,liver,pDC,748,0.828877005347594,0.937165775401069,0.783422459893048,0.00659479325607358,0.857101384745211,0.0564104512892464,0.172654837956065,0.328390059410335,0.472075014129335,7,0.963252371358224,0.782965853244108,hsa04081,Hormone signaling,GNB2,RHOA,coherent
Pik3ca,Pdpk1,liver,pDC,748,0.132352941176471,0.332887700534759,0.0494652406417112,-0.00658898644672916,0.857225859473308,0.387624466571835,0.0183796342917675,-0.144875417664956,0.75662479456491,7,0.963252371358224,0.922917502692876,hsa04910,Insulin signaling pathway,PIK3CA,PDPK1,discordant
Akt2,Foxo3,liver,Macrophage_other,214,0.0794392523364486,0.0700934579439252,0.00934579439252336,0.0123324044947224,0.857656827780395,,,-0.381514903847417,0.618485096152583,4,0.963252371358224,0.858401614284048,hsa04068,FoxO signaling pathway,AKT2,FOXO3,coherent
Akt2,Foxo3,liver,Macrophage_other,214,0.0794392523364486,0.0700934579439252,0.00934579439252336,0.0123324044947224,0.857656827780395,,,-0.381514903847417,0.618485096152583,4,0.963252371358224,0.858401614284048,hsa04211,Longevity regulating pathway,AKT2,FOXO3,coherent
Akt2,Foxo3,liver,Macrophage_other,214,0.0794392523364486,0.0700934579439252,0.00934579439252336,0.0123324044947224,0.857656827780395,,,-0.381514903847417,0.618485096152583,4,0.963252371358224,0.858401614284048,hsa04213,Longevity regulating pathway - multiple species,AKT2,FOXO3,coherent
Map2k3,Mapk13,liver,Neutrophil,572,0.293706293706294,0.0926573426573426,0.027972027972028,-0.00743888635034221,0.859095593481353,0.447058823529412,0.0843727715471236,-0.837809851656737,0.0186079189932098,7,0.96343557113057,0.400406768374144,hsa04935,"Growth hormone synthesis, secretion and action",MAP2K3,MAPK13,discordant
Map2k3,Mapk13,liver,Neutrophil,572,0.293706293706294,0.0926573426573426,0.027972027972028,-0.00743888635034221,0.859095593481353,0.447058823529412,0.0843727715471236,-0.837809851656737,0.0186079189932098,7,0.96343557113057,0.400406768374144,hsa04936,Alcoholic liver disease,MAP2K3,MAPK13,discordant
Pik3ca,Pdpk1,liver,T_cell,2018,0.0921704658077304,0.145688800792864,0.0158572844400396,-0.00392168096808993,0.860245327326051,0.752199413489736,2.16529150704762e-06,-0.304712833634134,0.506380621209993,7,0.96343557113057,0.804064891439848,hsa04910,Insulin signaling pathway,PIK3CA,PDPK1,discordant
Prmt1,Foxo3,liver,T_cell,2018,0.184340931615461,0.0782953419226957,0.0153617443012884,-0.00391525131272716,0.860472106992314,0.761770343623304,6.4305027076751e-07,-0.876467742458753,0.00962812114021782,7,0.96343557113057,0.372272914997024,hsa04068,FoxO signaling pathway,PRMT1,FOXO3,discordant
Rac1,Mapk8,liver,Monocyte,920,0.753260869565217,0.0934782608695652,0.0728260869565217,-0.00580138264238619,0.860508505213583,0.30086200015963,0.0136514101064132,0.315780736349144,0.490237858311286,7,0.96343557113057,0.79974168227466,hsa04510,Focal adhesion,RAC1,MAPK8,coherent
Gnb2,Hras,liver,Macrophage_other,214,0.663551401869159,0.088785046728972,0.0700934579439252,-0.0120368020620109,0.861033842184357,0.471428571428571,0.0783316001853765,0.227808487869774,0.772191512130226,4,0.96343557113057,0.928168861153009,hsa04371,Apelin signaling pathway,GNB2,HRAS,coherent
Traf2,Mapk8,liver,cDC,731,0.151846785225718,0.0998632010943912,0.0205198358413133,0.0064636185919565,0.861504210513824,0.764285714285714,0.00139293351726537,-0.1280097143072,0.78446009768657,7,0.96343557113057,0.934446820791509,hsa04920,Adipocytokine signaling pathway,TRAF2,MAPK8,discordant
Rps6ka1,Ppp1cb,liver,Macrophage_other,214,0.172897196261682,0.196261682242991,0.0560747663551402,0.0115810454953312,0.866245411273832,0.958041958041958,0,-0.56372292843764,0.43627707156236,4,0.968047756615842,0.763678274524487,hsa04931,Insulin resistance,RPS6KA1,PPP1CB,discordant
Sgk1,Foxo3,liver,LSEC,745,0.441610738255034,0.0523489932885906,0.0268456375838926,-0.00604123956609391,0.86924437064386,0.610526315789474,0.00508151600054408,-0.0654481168046532,0.889129636587261,7,0.969099276844085,0.965708620552574,hsa04068,FoxO signaling pathway,SGK1,FOXO3,coherent
Sos1,Hras,liver,NK_cell,596,0.0469798657718121,0.140939597315436,0.00838926174496644,-0.00673338742074997,0.869699891322485,,,-0.489972222433371,0.264337583103407,7,0.969099276844085,0.681029247301756,hsa04068,FoxO signaling pathway,SOS1,HRAS,discordant
Sos1,Hras,liver,NK_cell,596,0.0469798657718121,0.140939597315436,0.00838926174496644,-0.00673338742074997,0.869699891322485,,,-0.489972222433371,0.264337583103407,7,0.969099276844085,0.681029247301756,hsa04510,Focal adhesion,SOS1,HRAS,discordant
Sos1,Hras,liver,NK_cell,596,0.0469798657718121,0.140939597315436,0.00838926174496644,-0.00673338742074997,0.869699891322485,,,-0.489972222433371,0.264337583103407,7,0.969099276844085,0.681029247301756,hsa04910,Insulin signaling pathway,SOS1,HRAS,discordant
Sos1,Hras,liver,NK_cell,596,0.0469798657718121,0.140939597315436,0.00838926174496644,-0.00673338742074997,0.869699891322485,,,-0.489972222433371,0.264337583103407,7,0.969099276844085,0.681029247301756,hsa04935,"Growth hormone synthesis, secretion and action",SOS1,HRAS,discordant
Rock2,Ppp1ca,liver,Monocyte,920,0.297826086956522,0.768478260869565,0.244565217391304,0.00538413118227762,0.870449194525708,0.218756847871892,0.00098022232790712,-0.448966351172592,0.312246625086007,7,0.969099276844085,0.709519306507433,hsa04510,Focal adhesion,ROCK2,PPP1CA,coherent
Gnb2,Rras2,liver,cDC,731,0.917920656634747,0.0629274965800274,0.0615595075239398,0.00603374488565646,0.870631235692353,0.105533596837945,0.488971277485397,0.389265151341878,0.388070915972332,7,0.969099276844085,0.751742955117762,hsa04371,Apelin signaling pathway,GNB2,RRAS2,discordant
Rhoa,Pip5k1a,liver,Monocyte,920,0.895652173913044,0.120652173913043,0.115217391304348,0.00537477195772475,0.870672411309536,-0.0586593445348515,0.549740103424138,0.5325522509393,0.218460868426635,7,0.969099276844085,0.655075804216324,hsa04510,Focal adhesion,RHOA,PIP5K1A,discordant
Pik3cd,Pdpk1,liver,Kupffer_cell,202,0.108910891089109,0.0445544554455446,0.0148514851485149,0.0114901217754294,0.871071796825095,,,-0.180568019394353,0.698431041431485,7,0.969099276844085,0.899347528919335,hsa04910,Insulin signaling pathway,PIK3CD,PDPK1,coherent
Prkce,Mapk8,liver,LSEC,745,0.212080536912752,0.0818791946308725,0.0201342281879195,-0.00593564110020339,0.871509929653922,0.903571428571428,0,0.409041714545229,0.362193399295709,7,0.969099276844085,0.736405008417742,hsa04931,Insulin resistance,PRKCE,MAPK8,discordant
Foxo3,Cdkn1b,liver,B_cell,7386,0.0522610343893853,0.346601678851882,0.0197671269970214,0.00182110908569996,0.875652233647966,0.523988786470534,1.14359176944591e-11,-0.27991909339765,0.543190974343795,7,0.972062450828206,0.822651195700207,hsa04068,FoxO signaling pathway,FOXO3,CDKN1B,coherent
Sirt1,Bax,liver,pDC,748,0.0935828877005348,0.498663101604278,0.0481283422459893,-0.00572940315249725,0.875689329300346,0.344144144144144,0.0404579666334937,0.85994117248206,0.0130569312181102,7,0.972062450828206,0.400406768374144,hsa04211,Longevity regulating pathway,SIRT1,BAX,coherent
Foxo3,Bcl2l11,liver,Kupffer_cell,202,0.0346534653465347,0.0643564356435644,0.00495049504950495,0.0110442976364564,0.876033336820321,,,-0.234314798032376,0.613044199671217,7,0.972062450828206,0.856515003814906,hsa04068,FoxO signaling pathway,FOXO3,BCL2L11,discordant
Map2k4,Mapk8,liver,Monocyte,920,0.108695652173913,0.0934782608695652,0.0130434782608696,-0.00509849039624849,0.877266263969313,0.580419580419581,0.0520862417500275,-0.780687790828515,0.0382896363887431,7,0.972501982900089,0.46570883328634,hsa04935,"Growth hormone synthesis, secretion and action",MAP2K4,MAPK8,coherent
Map2k4,Mapk8,liver,Monocyte,920,0.108695652173913,0.0934782608695652,0.0130434782608696,-0.00509849039624849,0.877266263969313,0.580419580419581,0.0520862417500275,-0.780687790828515,0.0382896363887431,7,0.972501982900089,0.46570883328634,hsa04936,Alcoholic liver disease,MAP2K4,MAPK8,coherent
Sirt1,Foxo3,liver,B_cell,7386,0.121310587598159,0.0522610343893853,0.00676956404007582,0.00179108392135335,0.877686124156875,0.894357743097239,0,0.489266987607366,0.265131247002331,7,0.972501982900089,0.681029247301756,hsa04211,Longevity regulating pathway,SIRT1,FOXO3,coherent
Sirt1,Foxo3,liver,B_cell,7386,0.121310587598159,0.0522610343893853,0.00676956404007582,0.00179108392135335,0.877686124156875,0.894357743097239,0,0.489266987607366,0.265131247002331,7,0.972501982900089,0.681029247301756,hsa04213,Longevity regulating pathway - multiple species,SIRT1,FOXO3,coherent
Traf2,Mapk8,liver,T_cell,2018,0.0510406342913776,0.0594648166501487,0.00346878097125867,0.00336602880878987,0.879884206497771,,,-0.197959574101147,0.670479387358937,7,0.972501982900089,0.885506867648293,hsa04920,Adipocytokine signaling pathway,TRAF2,MAPK8,discordant
Akt1,Foxo3,liver,Cholangiocyte,636,0.29559748427673,0.256289308176101,0.0959119496855346,-0.00600369219408859,0.879888257009971,0.0903225806451613,0.487785338835936,0.695459359143081,0.0827504431401474,7,0.972501982900089,0.521427491112013,hsa04068,FoxO signaling pathway,AKT1,FOXO3,coherent
Akt1,Foxo3,liver,Cholangiocyte,636,0.29559748427673,0.256289308176101,0.0959119496855346,-0.00600369219408859,0.879888257009971,0.0903225806451613,0.487785338835936,0.695459359143081,0.0827504431401474,7,0.972501982900089,0.521427491112013,hsa04211,Longevity regulating pathway,AKT1,FOXO3,coherent
Akt1,Foxo3,liver,Cholangiocyte,636,0.29559748427673,0.256289308176101,0.0959119496855346,-0.00600369219408859,0.879888257009971,0.0903225806451613,0.487785338835936,0.695459359143081,0.0827504431401474,7,0.972501982900089,0.521427491112013,hsa04213,Longevity regulating pathway - multiple species,AKT1,FOXO3,coherent
Map2k4,Mapk8,liver,NK_cell,596,0.0771812080536913,0.0385906040268456,0.00335570469798658,-0.00616568451599426,0.880599749746062,,,0.264119687432859,0.567090895263904,7,0.972501982900089,0.834676936837772,hsa04935,"Growth hormone synthesis, secretion and action",MAP2K4,MAPK8,coherent
Map2k4,Mapk8,liver,NK_cell,596,0.0771812080536913,0.0385906040268456,0.00335570469798658,-0.00616568451599426,0.880599749746062,,,0.264119687432859,0.567090895263904,7,0.972501982900089,0.834676936837772,hsa04936,Alcoholic liver disease,MAP2K4,MAPK8,coherent
Srebf1,Fasn,liver,Macrophage_other,214,0.0794392523364486,0.0233644859813084,0.00467289719626168,-0.0103234396408465,0.880655422246791,,,-0.78787497638313,0.21212502361687,4,0.972501982900089,0.643438868994485,hsa04152,AMPK signaling pathway,SREBF1,FASN,coherent
Srebf1,Fasn,liver,Macrophage_other,214,0.0794392523364486,0.0233644859813084,0.00467289719626168,-0.0103234396408465,0.880655422246791,,,-0.78787497638313,0.21212502361687,4,0.972501982900089,0.643438868994485,hsa04910,Insulin signaling pathway,SREBF1,FASN,coherent
Srebf1,Fasn,liver,Macrophage_other,214,0.0794392523364486,0.0233644859813084,0.00467289719626168,-0.0103234396408465,0.880655422246791,,,-0.78787497638313,0.21212502361687,4,0.972501982900089,0.643438868994485,hsa04936,Alcoholic liver disease,SREBF1,FASN,coherent
Pdpk1,Akt2,liver,T_cell,2018,0.145688800792864,0.0887016848364718,0.0153617443012884,0.00333279685446537,0.881061218843642,0.765725806451613,1.93505732005193e-06,-0.0985844770721986,0.833449894910192,7,0.972501982900089,0.952435362853783,hsa04068,FoxO signaling pathway,PDPK1,AKT2,coherent
Pdpk1,Akt2,liver,T_cell,2018,0.145688800792864,0.0887016848364718,0.0153617443012884,0.00333279685446537,0.881061218843642,0.765725806451613,1.93505732005193e-06,-0.0985844770721986,0.833449894910192,7,0.972501982900089,0.952435362853783,hsa04152,AMPK signaling pathway,PDPK1,AKT2,coherent
Pdpk1,Akt2,liver,T_cell,2018,0.145688800792864,0.0887016848364718,0.0153617443012884,0.00333279685446537,0.881061218843642,0.765725806451613,1.93505732005193e-06,-0.0985844770721986,0.833449894910192,7,0.972501982900089,0.952435362853783,hsa04510,Focal adhesion,PDPK1,AKT2,coherent
Pdpk1,Akt2,liver,T_cell,2018,0.145688800792864,0.0887016848364718,0.0153617443012884,0.00333279685446537,0.881061218843642,0.765725806451613,1.93505732005193e-06,-0.0985844770721986,0.833449894910192,7,0.972501982900089,0.952435362853783,hsa04910,Insulin signaling pathway,PDPK1,AKT2,coherent
Pdpk1,Akt2,liver,T_cell,2018,0.145688800792864,0.0887016848364718,0.0153617443012884,0.00333279685446537,0.881061218843642,0.765725806451613,1.93505732005193e-06,-0.0985844770721986,0.833449894910192,7,0.972501982900089,0.952435362853783,hsa04931,Insulin resistance,PDPK1,AKT2,coherent
Pik3cd,Akt1,liver,NK_cell,596,0.325503355704698,0.13255033557047,0.0503355704697987,-0.00612467496821311,0.881388030391286,0.38642936596218,0.0357283952462742,0.106106333740461,0.82088058977767,7,0.972501982900089,0.947871310023411,hsa04518,Integrin signaling,PIK3CD,AKT1,coherent
Pik3cd,Akt1,liver,NK_cell,596,0.325503355704698,0.13255033557047,0.0503355704697987,-0.00612467496821311,0.881388030391286,0.38642936596218,0.0357283952462742,0.106106333740461,0.82088058977767,7,0.972501982900089,0.947871310023411,hsa04935,"Growth hormone synthesis, secretion and action",PIK3CD,AKT1,coherent
Crk,Rapgef1,liver,pDC,748,0.183155080213904,0.29144385026738,0.0588235294117647,-0.00542442502627781,0.882256927367801,0.36645525017618,0.0148971816145106,0.0589992726765743,0.900013957493471,7,0.972677065223128,0.969935393296569,hsa04510,Focal adhesion,CRK,RAPGEF1,coherent
Foxo3,Cdkn1a,liver,Kupffer_cell,202,0.0346534653465347,0.0643564356435644,0.00495049504950495,0.0102557397506362,0.884820864023745,,,0.34463921049609,0.449040819513679,7,0.972677065223128,0.7725274625186,hsa04068,FoxO signaling pathway,FOXO3,CDKN1A,discordant
Akt1,Ppp1cb,liver,cDC,731,0.422708618331053,0.359781121751026,0.177838577291382,0.00535782271417893,0.885016708750143,0.477005011675702,1.46613389465926e-08,0.667062996996469,0.101661067143997,7,0.972677065223128,0.540699031691291,hsa04910,Insulin signaling pathway,AKT1,PPP1CB,discordant
Gnb2,Prkce,liver,cDC,731,0.917920656634747,0.051983584131327,0.0492476060191518,0.00532272800698931,0.885764696223314,0.0370656370656371,0.829761808810072,0.700566151217176,0.0795670431141429,7,0.972677065223128,0.516904970036168,hsa04371,Apelin signaling pathway,GNB2,PRKCE,coherent
Vav2,Rac1,liver,pDC,748,0.18716577540107,0.545454545454545,0.112299465240642,0.00522880047602172,0.886473920373718,0.423306672066417,7.04998615598226e-05,-0.355482183499524,0.433911126519206,7,0.972677065223128,0.763678274524487,hsa04510,Focal adhesion,VAV2,RAC1,discordant
Rps6kb2,Rps6,liver,HSC_Fibroblast,2024,0.0340909090909091,0.79397233201581,0.0321146245059289,-0.0031739856583052,0.886522196192361,-0.134134615384615,0.285995289906965,0.40279538755359,0.370287726644201,7,0.972677065223128,0.744848003980451,hsa04371,Apelin signaling pathway,RPS6KB2,RPS6,discordant
Rps6kb2,Rps6,liver,HSC_Fibroblast,2024,0.0340909090909091,0.79397233201581,0.0321146245059289,-0.0031739856583052,0.886522196192361,-0.134134615384615,0.285995289906965,0.40279538755359,0.370287726644201,7,0.972677065223128,0.744848003980451,hsa04910,Insulin signaling pathway,RPS6KB2,RPS6,discordant
Prkce,Hras,liver,pDC,748,0.0494652406417112,0.264705882352941,0.0160427807486631,0.00520359532890565,0.887017492687728,0.615384615384615,0.0373345113663698,0.0685592034736575,0.883883625386449,7,0.972677065223128,0.965708620552574,hsa04371,Apelin signaling pathway,PRKCE,HRAS,coherent
Vegfb,Flt1,liver,Cholangiocyte,636,0.199685534591195,0.0471698113207547,0.00943396226415094,0.00564135786326678,0.887087200964271,,,-0.664450627359656,0.103503512392962,7,0.972677065223128,0.542403644629583,hsa04510,Focal adhesion,VEGFB,FLT1,discordant
Vegfb,Flt1,liver,Cholangiocyte,636,0.199685534591195,0.0471698113207547,0.00943396226415094,0.00564135786326678,0.887087200964271,,,-0.664450627359656,0.103503512392962,7,0.972677065223128,0.542403644629583,hsa04518,Integrin signaling,VEGFB,FLT1,discordant
Rps6ka1,Ppp1cb,liver,LSEC,745,0.025503355704698,0.220134228187919,0.00671140939597315,0.00518983406009023,0.887539739361837,,,-0.17977991715658,0.699704348016284,7,0.972677065223128,0.899347528919335,hsa04931,Insulin resistance,RPS6KA1,PPP1CB,discordant
Kras,Pik3cd,liver,Macrophage_other,214,0.233644859813084,0.154205607476636,0.0467289719626168,0.00970590097500472,0.88774605315457,0.212121212121212,0.559908079271241,0.680468952751839,0.319531047248161,4,0.972677065223128,0.714165545772599,hsa04211,Longevity regulating pathway,KRAS,PIK3CD,discordant
Kras,Pik3cd,liver,Macrophage_other,214,0.233644859813084,0.154205607476636,0.0467289719626168,0.00970590097500472,0.88774605315457,0.212121212121212,0.559908079271241,0.680468952751839,0.319531047248161,4,0.972677065223128,0.714165545772599,hsa04213,Longevity regulating pathway - multiple species,KRAS,PIK3CD,discordant
Rhoa,Rock2,liver,Neutrophil,572,0.674825174825175,0.0926573426573426,0.0629370629370629,-0.00586123859341355,0.888758759409991,0.284169884169884,0.0931859577525439,0.219688756241886,0.635979245759323,7,0.973107113408427,0.866370808235468,hsa04510,Focal adhesion,RHOA,ROCK2,discordant
Kras,Pik3cd,liver,pDC,748,0.550802139037433,0.351604278074866,0.201871657754011,-0.00503551233220025,0.890643702193747,0.132415475775532,0.105024681166115,-0.000800929290296132,0.99864030064286,7,0.974050721642216,0.99864030064286,hsa04211,Longevity regulating pathway,KRAS,PIK3CD,discordant
Kras,Pik3cd,liver,pDC,748,0.550802139037433,0.351604278074866,0.201871657754011,-0.00503551233220025,0.890643702193747,0.132415475775532,0.105024681166115,-0.000800929290296132,0.99864030064286,7,0.974050721642216,0.99864030064286,hsa04213,Longevity regulating pathway - multiple species,KRAS,PIK3CD,discordant
Mapk8,Irs2,liver,Monocyte,920,0.0934782608695652,0.0891304347826087,0.00869565217391304,-0.00452992406714628,0.890862196020765,,,0.248020575535628,0.591777172376549,7,0.974050721642216,0.844418494046869,hsa04910,Insulin signaling pathway,MAPK8,IRS2,discordant
Mapk8,Irs2,liver,Monocyte,920,0.0934782608695652,0.0891304347826087,0.00869565217391304,-0.00452992406714628,0.890862196020765,,,0.248020575535628,0.591777172376549,7,0.974050721642216,0.844418494046869,hsa04920,Adipocytokine signaling pathway,MAPK8,IRS2,discordant
Mapk8,Irs2,liver,Monocyte,920,0.0934782608695652,0.0891304347826087,0.00869565217391304,-0.00452992406714628,0.890862196020765,,,0.248020575535628,0.591777172376549,7,0.974050721642216,0.844418494046869,hsa04931,Insulin resistance,MAPK8,IRS2,discordant
Pdpk1,Akt1,liver,Neutrophil,572,0.041958041958042,0.118881118881119,0.00699300699300699,-0.00569802284685924,0.891837185098888,,,0.173553451925667,0.709783686726521,7,0.974437704331584,0.903204058778517,hsa04068,FoxO signaling pathway,PDPK1,AKT1,coherent
Pdpk1,Akt1,liver,Neutrophil,572,0.041958041958042,0.118881118881119,0.00699300699300699,-0.00569802284685924,0.891837185098888,,,0.173553451925667,0.709783686726521,7,0.974437704331584,0.903204058778517,hsa04152,AMPK signaling pathway,PDPK1,AKT1,coherent
Pdpk1,Akt1,liver,Neutrophil,572,0.041958041958042,0.118881118881119,0.00699300699300699,-0.00569802284685924,0.891837185098888,,,0.173553451925667,0.709783686726521,7,0.974437704331584,0.903204058778517,hsa04510,Focal adhesion,PDPK1,AKT1,coherent
Pdpk1,Akt1,liver,Neutrophil,572,0.041958041958042,0.118881118881119,0.00699300699300699,-0.00569802284685924,0.891837185098888,,,0.173553451925667,0.709783686726521,7,0.974437704331584,0.903204058778517,hsa04910,Insulin signaling pathway,PDPK1,AKT1,coherent
Pdpk1,Akt1,liver,Neutrophil,572,0.041958041958042,0.118881118881119,0.00699300699300699,-0.00569802284685924,0.891837185098888,,,0.173553451925667,0.709783686726521,7,0.974437704331584,0.903204058778517,hsa04931,Insulin resistance,PDPK1,AKT1,coherent
Akt2,Pde3b,liver,NK_cell,596,0.12248322147651,0.241610738255034,0.0385906040268456,0.00552899783509975,0.892850892220877,0.671936758893281,0.000614627210412776,-0.0882583765892016,0.850750805421319,7,0.97486642303031,0.957634410247868,hsa04371,Apelin signaling pathway,AKT2,PDE3B,discordant
Akt2,Pde3b,liver,NK_cell,596,0.12248322147651,0.241610738255034,0.0385906040268456,0.00552899783509975,0.892850892220877,0.671936758893281,0.000614627210412776,-0.0882583765892016,0.850750805421319,7,0.97486642303031,0.957634410247868,hsa04910,Insulin signaling pathway,AKT2,PDE3B,discordant
Pik3cd,Akt2,liver,Neutrophil,572,0.132867132867133,0.113636363636364,0.0174825174825175,0.00559758808822137,0.893732304744095,0.333333333333333,0.348846243872153,-0.265390080409168,0.565156948022029,7,0.975150198987125,0.834239373623674,hsa04518,Integrin signaling,PIK3CD,AKT2,coherent
Pik3cd,Akt2,liver,Neutrophil,572,0.132867132867133,0.113636363636364,0.0174825174825175,0.00559758808822137,0.893732304744095,0.333333333333333,0.348846243872153,-0.265390080409168,0.565156948022029,7,0.975150198987125,0.834239373623674,hsa04935,"Growth hormone synthesis, secretion and action",PIK3CD,AKT2,coherent
Ogt,Pik3cd,liver,Kupffer_cell,202,0.099009900990099,0.108910891089109,0.0247524752475248,-0.0092794915042928,0.895719368431079,,,-0.264664073433341,0.566261907526586,7,0.976130011541492,0.834239373623674,hsa04931,Insulin resistance,OGT,PIK3CD,coherent
Usp7,Foxo3,liver,B_cell,7386,0.223801787164907,0.0522610343893853,0.0131329542377471,0.00152308335557018,0.895874580382249,0.659478224279402,0,0.571789026202158,0.179863941883711,7,0.976130011541492,0.631855080442306,hsa04068,FoxO signaling pathway,USP7,FOXO3,coherent
Mapk13,Foxo3,liver,Cholangiocyte,636,0.183962264150943,0.256289308176101,0.0613207547169811,0.00513415854877401,0.897179856284485,0.453869123512583,0.00370627088641506,0.817071792723235,0.0248434834942431,7,0.976540955736534,0.421600743475285,hsa04068,FoxO signaling pathway,MAPK13,FOXO3,coherent
Gnb2,Mras,liver,LSEC,745,0.420134228187919,0.0657718120805369,0.0389261744966443,0.00470770954963452,0.897927066183943,0.0694581280788177,0.719543468515952,0.337226654693139,0.459495695891966,7,0.976540955736534,0.777366169519527,hsa04371,Apelin signaling pathway,GNB2,MRAS,coherent
Foxo3,Klf2,liver,Monocyte,920,0.101086956521739,0.798913043478261,0.0869565217391304,0.00422701465512193,0.898118928698418,0.200528601319672,0.07450209580536,-0.0833080436705153,0.859062133081895,7,0.976540955736534,0.960273441152172,hsa04068,FoxO signaling pathway,FOXO3,KLF2,discordant
Pdpk1,Rps6kb2,liver,T_cell,2018,0.145688800792864,0.0450941526263627,0.00842418235877106,0.00275617476032892,0.901523649969192,0.860294117647059,0,-0.568746566326574,0.182727003968966,7,0.978584156618615,0.631855080442306,hsa04910,Insulin signaling pathway,PDPK1,RPS6KB2,coherent
Rhoa,Rock1,liver,LSEC,745,0.477852348993289,0.353020134228188,0.191946308724832,0.00450918198667308,0.902209506385845,0.293290051062701,0.000378031157834976,0.168261170641922,0.718377356470971,7,0.978584156618615,0.908246633604313,hsa04510,Focal adhesion,RHOA,ROCK1,discordant
Pdpk1,Akt2,liver,Macrophage_other,214,0.121495327102804,0.0794392523364486,0.014018691588785,0.00843021196181203,0.902421275453962,,,0.882836480909738,0.117163519090262,4,0.978584156618615,0.559270906590061,hsa04068,FoxO signaling pathway,PDPK1,AKT2,coherent
Pdpk1,Akt2,liver,Macrophage_other,214,0.121495327102804,0.0794392523364486,0.014018691588785,0.00843021196181203,0.902421275453962,,,0.882836480909738,0.117163519090262,4,0.978584156618615,0.559270906590061,hsa04152,AMPK signaling pathway,PDPK1,AKT2,coherent
Pdpk1,Akt2,liver,Macrophage_other,214,0.121495327102804,0.0794392523364486,0.014018691588785,0.00843021196181203,0.902421275453962,,,0.882836480909738,0.117163519090262,4,0.978584156618615,0.559270906590061,hsa04510,Focal adhesion,PDPK1,AKT2,coherent
Pdpk1,Akt2,liver,Macrophage_other,214,0.121495327102804,0.0794392523364486,0.014018691588785,0.00843021196181203,0.902421275453962,,,0.882836480909738,0.117163519090262,4,0.978584156618615,0.559270906590061,hsa04910,Insulin signaling pathway,PDPK1,AKT2,coherent
Pdpk1,Akt2,liver,Macrophage_other,214,0.121495327102804,0.0794392523364486,0.014018691588785,0.00843021196181203,0.902421275453962,,,0.882836480909738,0.117163519090262,4,0.978584156618615,0.559270906590061,hsa04931,Insulin resistance,PDPK1,AKT2,coherent
Rhoa,Pip5k1c,liver,Monocyte,920,0.895652173913044,0.13804347826087,0.133695652173913,-0.00402816149437249,0.902887476949482,-0.0504701345268344,0.578836315873765,0.767101346835697,0.0441486590957782,7,0.978584156618615,0.468477290281202,hsa04510,Focal adhesion,RHOA,PIP5K1C,coherent
Foxo3,Plk3,liver,T_cell,2018,0.0782953419226957,0.078790882061447,0.00842418235877106,0.00271137000178794,0.903116544795255,0.519607843137255,0.0346093016223828,-0.49545310419747,0.25820641557412,7,0.978584156618615,0.680374486199904,hsa04068,FoxO signaling pathway,FOXO3,PLK3,discordant
Sos2,Kras,liver,T_cell,2018,0.0515361744301288,0.338949454905847,0.0183349851337958,-0.00262834226759975,0.906069365100697,0.560218112849692,0.000390231401398867,0.301551467916193,0.511025040176032,7,0.980223806364274,0.804252213930337,hsa04068,FoxO signaling pathway,SOS2,KRAS,coherent
Sos2,Kras,liver,T_cell,2018,0.0515361744301288,0.338949454905847,0.0183349851337958,-0.00262834226759975,0.906069365100697,0.560218112849692,0.000390231401398867,0.301551467916193,0.511025040176032,7,0.980223806364274,0.804252213930337,hsa04910,Insulin signaling pathway,SOS2,KRAS,coherent
Sos2,Kras,liver,T_cell,2018,0.0515361744301288,0.338949454905847,0.0183349851337958,-0.00262834226759975,0.906069365100697,0.560218112849692,0.000390231401398867,0.301551467916193,0.511025040176032,7,0.980223806364274,0.804252213930337,hsa04935,"Growth hormone synthesis, secretion and action",SOS2,KRAS,coherent
Flt1,Shc1,liver,Monocyte,920,0.103260869565217,0.127173913043478,0.0141304347826087,0.00388192775804249,0.906396441304057,0.664835164835165,0.0159954704319689,-0.0110896077807525,0.981174854719626,7,0.980223806364274,0.997401784703893,hsa04510,Focal adhesion,FLT1,SHC1,discordant
Pik3ca,Akt2,liver,Kupffer_cell,202,0.0693069306930693,0.103960396039604,0.00495049504950495,-0.00823071442936818,0.907449306349431,,,0.359993125143804,0.42767510695979,7,0.980223806364274,0.760853000388159,hsa04518,Integrin signaling,PIK3CA,AKT2,discordant
Pik3ca,Akt2,liver,Kupffer_cell,202,0.0693069306930693,0.103960396039604,0.00495049504950495,-0.00823071442936818,0.907449306349431,,,0.359993125143804,0.42767510695979,7,0.980223806364274,0.760853000388159,hsa04935,"Growth hormone synthesis, secretion and action",PIK3CA,AKT2,discordant
Ppp1cb,Pygb,liver,HSC_Fibroblast,2024,0.266798418972332,0.0741106719367589,0.0311264822134387,-0.00251574252217316,0.909942778219005,0.501776113671275,3.58400875744817e-05,0.64706236759004,0.116206071806274,7,0.980223806364274,0.559081004720365,hsa04931,Insulin resistance,PPP1CB,PYGB,coherent
Bcl2l1,Bax,liver,Macrophage_other,214,0.0841121495327103,0.369158878504673,0.0373831775700935,-0.00769556948725894,0.910887801394931,,,0.172979344250523,0.827020655749477,4,0.980223806364274,0.95061934715819,hsa04115,p53 signaling pathway,BCL2L1,BAX,discordant
Crk,Rapgef1,liver,NK_cell,596,0.110738255033557,0.145973154362416,0.0184563758389262,-0.00458128166117699,0.911133334926355,0.354545454545455,0.286102697970978,0.507107159263837,0.245389102586815,7,0.980223806364274,0.674013592695898,hsa04510,Focal adhesion,CRK,RAPGEF1,coherent
Tnf,Tnfrsf1a,liver,Kupffer_cell,202,0.0544554455445545,0.158415841584158,0.0198019801980198,0.00787531126328672,0.911428954429865,,,0.0454022938798557,0.923002089823819,7,0.980223806364274,0.976217405419447,hsa04920,Adipocytokine signaling pathway,TNF,TNFRSF1A,coherent
Tnf,Tnfrsf1a,liver,Kupffer_cell,202,0.0544554455445545,0.158415841584158,0.0198019801980198,0.00787531126328672,0.911428954429865,,,0.0454022938798557,0.923002089823819,7,0.980223806364274,0.976217405419447,hsa04931,Insulin resistance,TNF,TNFRSF1A,coherent
Tnf,Tnfrsf1a,liver,Kupffer_cell,202,0.0544554455445545,0.158415841584158,0.0198019801980198,0.00787531126328672,0.911428954429865,,,0.0454022938798557,0.923002089823819,7,0.980223806364274,0.976217405419447,hsa04936,Alcoholic liver disease,TNF,TNFRSF1A,coherent
Rock2,Ppp1ca,liver,LSEC,745,0.38255033557047,0.174496644295302,0.0832214765100671,-0.00407018291680546,0.911689072717557,0.387474503286243,0.00199954984476895,-0.505618650593741,0.247009442829918,7,0.980223806364274,0.674013592695898,hsa04510,Focal adhesion,ROCK2,PPP1CA,coherent
Ogt,Pdpk1,liver,T_cell,2018,0.353320118929633,0.145688800792864,0.0574826560951437,-0.00245194172055001,0.912347179120532,0.731857524263399,1.03980837197881e-20,-0.00107033110486525,0.998182950522582,7,0.980223806364274,0.99864030064286,hsa04931,Insulin resistance,OGT,PDPK1,coherent
Pdpk1,Sgk1,liver,Kupffer_cell,202,0.0445544554455446,0.153465346534653,0.0148514851485149,0.00777705681852582,0.912529557874009,,,0.403387003082749,0.369517924301169,7,0.980223806364274,0.744253688354987,hsa04068,FoxO signaling pathway,PDPK1,SGK1,coherent
Akt1,Ppp1cb,liver,Monocyte,920,0.380434782608696,0.342391304347826,0.146739130434783,0.00361909043918068,0.912707920007192,0.523783045556531,5.59857388859606e-11,-0.528992336586505,0.222139863310511,7,0.980223806364274,0.655635980999837,hsa04910,Insulin signaling pathway,AKT1,PPP1CB,discordant
Map2k3,Mapk8,liver,Monocyte,920,0.239130434782609,0.0934782608695652,0.025,-0.00361586063971443,0.91278551179352,0.537549407114625,0.00907980774014421,0.061967675657676,0.895002272923525,7,0.980223806364274,0.968454183597938,hsa04935,"Growth hormone synthesis, secretion and action",MAP2K3,MAPK8,discordant
Ogt,Pik3ca,liver,cDC,731,0.272229822161423,0.143638850889193,0.0424076607387141,0.00404018934830499,0.913164296094114,0.516532258064516,0.00331738056914039,0.475247807333413,0.281131176891736,7,0.980223806364274,0.690289227767032,hsa04931,Insulin resistance,OGT,PIK3CA,discordant
Stat3,Foxo3,liver,Macrophage_other,214,0.289719626168224,0.0700934579439252,0.0186915887850467,0.00747839752794382,0.913392609479291,,,0.140256624495252,0.859743375504749,4,0.980223806364274,0.960273441152172,hsa04068,FoxO signaling pathway,STAT3,FOXO3,discordant
Foxo3,Plk3,liver,B_cell,7386,0.0522610343893853,0.0345247766043867,0.00176008665041971,-0.0012482874978673,0.914581122411474,0.423076923076923,0.151600445321061,0.602180073436344,0.152488146949308,7,0.980223806364274,0.601140458702171,hsa04068,FoxO signaling pathway,FOXO3,PLK3,discordant
Rhoa,Rock1,liver,Cholangiocyte,636,0.775157232704403,0.525157232704403,0.466981132075472,0.00425934910983914,0.914625654886741,0.0429357106041039,0.46102482856857,0.265262173767381,0.565351568062046,7,0.980223806364274,0.834239373623674,hsa04510,Focal adhesion,RHOA,ROCK1,discordant
Rock2,Ppp1cb,liver,T_cell,2018,0.162537165510406,0.210109018830525,0.0391476709613479,0.00235097409980157,0.915942942532434,0.596153846153846,1.28775942745419e-08,0.528429662431367,0.222724013940671,7,0.980834638278731,0.655635980999837,hsa04510,Focal adhesion,ROCK2,PPP1CB,discordant
Foxo3,Cdkn1a,liver,pDC,748,0.124331550802139,0.0882352941176471,0.0120320855614973,-0.00384236344720138,0.916445876173754,,,0.0978547179137852,0.834670888415521,7,0.980834638278731,0.952435362853783,hsa04068,FoxO signaling pathway,FOXO3,CDKN1A,discordant
Rock1,Myl12a,liver,cDC,731,0.571819425444596,0.805745554035568,0.477428180574555,0.00380358828921021,0.918231199872371,0.0891592117489287,0.0963185761784501,-0.0998991067698019,0.831251000426489,7,0.982075495978016,0.9519947588826,hsa04510,Focal adhesion,ROCK1,MYL12A,coherent
Rhoa,Rock2,liver,Macrophage_other,214,0.677570093457944,0.383177570093458,0.303738317757009,0.0069638151744969,0.919331042385103,0.212674825174825,0.0889979306145358,0.429043303610847,0.570956696389153,4,0.9824113127494,0.835371832972461,hsa04510,Focal adhesion,RHOA,ROCK2,discordant
Sos2,Kras,liver,Neutrophil,572,0.0541958041958042,0.531468531468532,0.0314685314685315,0.00416909331105324,0.920747223018578,0.653250773993808,0.00413405068112623,-0.195538973057828,0.674352438245821,7,0.9824113127494,0.886282491923547,hsa04068,FoxO signaling pathway,SOS2,KRAS,coherent
Sos2,Kras,liver,Neutrophil,572,0.0541958041958042,0.531468531468532,0.0314685314685315,0.00416909331105324,0.920747223018578,0.653250773993808,0.00413405068112623,-0.195538973057828,0.674352438245821,7,0.9824113127494,0.886282491923547,hsa04910,Insulin signaling pathway,SOS2,KRAS,coherent
Sos2,Kras,liver,Neutrophil,572,0.0541958041958042,0.531468531468532,0.0314685314685315,0.00416909331105324,0.920747223018578,0.653250773993808,0.00413405068112623,-0.195538973057828,0.674352438245821,7,0.9824113127494,0.886282491923547,hsa04935,"Growth hormone synthesis, secretion and action",SOS2,KRAS,coherent
Rapgef1,Rap1a,liver,B_cell,7386,0.122799891686975,0.316409423233144,0.0430544272948822,0.00114810815364336,0.921413104097223,0.535327136493559,5.60813993873089e-25,0.554815986732686,0.196116876998675,7,0.9824113127494,0.638796882889068,hsa04510,Focal adhesion,RAPGEF1,RAP1A,discordant
Akt2,Ppp1ca,liver,NK_cell,596,0.12248322147651,0.644295302013423,0.0822147651006712,-0.00403880619525981,0.921620049160003,0.361692900446786,0.0106618612971969,0.382793299373242,0.396695841549657,7,0.9824113127494,0.754844053477871,hsa04910,Insulin signaling pathway,AKT2,PPP1CA,coherent
Prkaa2,Srebf1,liver,Cholangiocyte,636,0.124213836477987,0.218553459119497,0.0314465408805031,-0.00377596343951143,0.924283702167743,0.739849624060151,0.000290025048010941,0.329597423419001,0.470348932768924,7,0.9824113127494,0.782965853244108,hsa04152,AMPK signaling pathway,PRKAA2,SREBF1,discordant
Prkaa2,Srebf1,liver,Cholangiocyte,636,0.124213836477987,0.218553459119497,0.0314465408805031,-0.00377596343951143,0.924283702167743,0.739849624060151,0.000290025048010941,0.329597423419001,0.470348932768924,7,0.9824113127494,0.782965853244108,hsa04936,Alcoholic liver disease,PRKAA2,SREBF1,discordant
Ppp1ca,Myl12a,liver,Neutrophil,572,0.347902097902098,0.374125874125874,0.13986013986014,-0.00395265987174854,0.924849046030616,0.442257879283534,4.00271979187998e-05,-0.197041096845695,0.671948306772634,7,0.9824113127494,0.886282491923547,hsa04510,Focal adhesion,PPP1CA,MYL12A,coherent
Rock2,Ppp1cb,liver,LSEC,745,0.38255033557047,0.220134228187919,0.0993288590604027,0.00345698645718728,0.92495091343345,0.178970751573491,0.126927968395272,0.714787018935187,0.0710521565846133,7,0.9824113127494,0.506654087900504,hsa04510,Focal adhesion,ROCK2,PPP1CB,discordant
Kras,Pik3ca,liver,T_cell,2018,0.338949454905847,0.0921704658077304,0.0346878097125867,-0.0020783628771858,0.925659837167494,0.639086694077509,4.39509636966126e-09,0.556527787127202,0.194446807502126,7,0.9824113127494,0.638796882889068,hsa04211,Longevity regulating pathway,KRAS,PIK3CA,coherent
Kras,Pik3ca,liver,T_cell,2018,0.338949454905847,0.0921704658077304,0.0346878097125867,-0.0020783628771858,0.925659837167494,0.639086694077509,4.39509636966126e-09,0.556527787127202,0.194446807502126,7,0.9824113127494,0.638796882889068,hsa04213,Longevity regulating pathway - multiple species,KRAS,PIK3CA,coherent
Stat3,Foxo3,liver,B_cell,7386,0.219740048740861,0.0522610343893853,0.012591389114541,0.00108386455288497,0.925797443183004,0.630489356071633,1.26539560780009e-11,0.438843839873795,0.324610746039338,7,0.9824113127494,0.716890808187252,hsa04068,FoxO signaling pathway,STAT3,FOXO3,discordant
Sgk1,Foxo3,liver,Neutrophil,572,0.0716783216783217,0.0734265734265734,0.00524475524475525,-0.00386951576277999,0.926425320095477,,,0.568824348566511,0.182653533175346,7,0.9824113127494,0.631855080442306,hsa04068,FoxO signaling pathway,SGK1,FOXO3,coherent
Pdpk1,Prkcz,liver,B_cell,7386,0.0969401570538857,0.0224749526130517,0.00257243433522881,-0.0010736848104432,0.926492375486465,0.82280701754386,1.00600118477548e-05,0.310667897802939,0.497672161519155,7,0.9824113127494,0.79974168227466,hsa04910,Insulin signaling pathway,PDPK1,PRKCZ,coherent
Akt2,Foxo3,liver,NK_cell,596,0.12248322147651,0.102348993288591,0.0151006711409396,-0.00378170905105168,0.92659491615228,,,0.0652577251243619,0.889450787049183,7,0.9824113127494,0.965708620552574,hsa04068,FoxO signaling pathway,AKT2,FOXO3,coherent
Akt2,Foxo3,liver,NK_cell,596,0.12248322147651,0.102348993288591,0.0151006711409396,-0.00378170905105168,0.92659491615228,,,0.0652577251243619,0.889450787049183,7,0.9824113127494,0.965708620552574,hsa04211,Longevity regulating pathway,AKT2,FOXO3,coherent
Akt2,Foxo3,liver,NK_cell,596,0.12248322147651,0.102348993288591,0.0151006711409396,-0.00378170905105168,0.92659491615228,,,0.0652577251243619,0.889450787049183,7,0.9824113127494,0.965708620552574,hsa04213,Longevity regulating pathway - multiple species,AKT2,FOXO3,coherent
Tnfrsf1a,Tradd,liver,Macrophage_other,214,0.303738317757009,0.0467289719626168,0.0233644859813084,-0.00624744497514458,0.927605539766089,,,0.106047420305201,0.893952579694799,4,0.9824113127494,0.967985919628116,hsa04920,Adipocytokine signaling pathway,TNFRSF1A,TRADD,coherent
Gnb2,Plcb3,liver,Monocyte,920,0.815217391304348,0.0260869565217391,0.0239130434782609,-0.00294479177074423,0.928923986073562,-0.147374364765669,0.511174443009433,0.00307276384080151,0.994783538715022,7,0.9824113127494,0.99864030064286,hsa04081,Hormone signaling,GNB2,PLCB3,coherent
Gnb2,Plcb3,liver,Monocyte,920,0.815217391304348,0.0260869565217391,0.0239130434782609,-0.00294479177074423,0.928923986073562,-0.147374364765669,0.511174443009433,0.00307276384080151,0.994783538715022,7,0.9824113127494,0.99864030064286,hsa04371,Apelin signaling pathway,GNB2,PLCB3,coherent
Il6,Stat3,liver,Neutrophil,572,0.0244755244755245,0.332167832167832,0.00874125874125874,0.00373095126286571,0.929052909707852,,,0.730534095247089,0.0622240323522012,7,0.9824113127494,0.495581252591897,hsa04068,FoxO signaling pathway,IL6,STAT3,coherent
Il6,Stat3,liver,Neutrophil,572,0.0244755244755245,0.332167832167832,0.00874125874125874,0.00373095126286571,0.929052909707852,,,0.730534095247089,0.0622240323522012,7,0.9824113127494,0.495581252591897,hsa04931,Insulin resistance,IL6,STAT3,coherent
Rock2,Ppp1ca,liver,NK_cell,596,0.176174496644295,0.644295302013423,0.125838926174497,-0.00365153692612858,0.929114870007151,0.254110953058322,0.0280726250034369,0.710287078747571,0.0736908470622028,7,0.9824113127494,0.506654087900504,hsa04510,Focal adhesion,ROCK2,PPP1CA,coherent
Pik3ca,Pdpk1,liver,cDC,731,0.143638850889193,0.170998632010944,0.0300957592339261,0.0032733066567141,0.929599125349661,0.85544889892716,1.16358421373433e-06,0.816457275011784,0.0250438594432848,7,0.9824113127494,0.421600743475285,hsa04910,Insulin signaling pathway,PIK3CA,PDPK1,discordant
Rock1,Ppp1cb,liver,NK_cell,596,0.506711409395973,0.23489932885906,0.130872483221477,-0.00361534214574371,0.929815678414825,0.616788275016123,2.57895549035414e-09,-0.11679983742792,0.803064191180487,7,0.9824113127494,0.94002283818607,hsa04510,Focal adhesion,ROCK1,PPP1CB,discordant
Pdpk1,Prkcz,liver,Cholangiocyte,636,0.202830188679245,0.20440251572327,0.0581761006289308,0.0033542627283103,0.932718437434257,0.196538643907065,0.242697526519417,0.809228030214684,0.0274693533978745,7,0.982747096606348,0.421600743475285,hsa04910,Insulin signaling pathway,PDPK1,PRKCZ,coherent
Socs3,Irs2,liver,pDC,748,0.153743315508021,0.224598930481283,0.0347593582887701,-0.00302755992946378,0.934118529039645,0.182905982905983,0.369473400410109,0.096043210384573,0.837702942171962,7,0.982747096606348,0.953814162748772,hsa04920,Adipocytokine signaling pathway,SOCS3,IRS2,coherent
Socs3,Irs2,liver,pDC,748,0.153743315508021,0.224598930481283,0.0347593582887701,-0.00302755992946378,0.934118529039645,0.182905982905983,0.369473400410109,0.096043210384573,0.837702942171962,7,0.982747096606348,0.953814162748772,hsa04931,Insulin resistance,SOCS3,IRS2,coherent
Sos2,Hras,liver,LSEC,745,0.115436241610738,0.139597315436242,0.0201342281879195,0.00297110364300633,0.935474276495203,0.807142857142857,0.000435238869655731,0.208287466188168,0.654020267595513,7,0.982747096606348,0.875289056506995,hsa04068,FoxO signaling pathway,SOS2,HRAS,discordant
Sos2,Hras,liver,LSEC,745,0.115436241610738,0.139597315436242,0.0201342281879195,0.00297110364300633,0.935474276495203,0.807142857142857,0.000435238869655731,0.208287466188168,0.654020267595513,7,0.982747096606348,0.875289056506995,hsa04510,Focal adhesion,SOS2,HRAS,discordant
Sos2,Hras,liver,LSEC,745,0.115436241610738,0.139597315436242,0.0201342281879195,0.00297110364300633,0.935474276495203,0.807142857142857,0.000435238869655731,0.208287466188168,0.654020267595513,7,0.982747096606348,0.875289056506995,hsa04910,Insulin signaling pathway,SOS2,HRAS,discordant
Sos2,Hras,liver,LSEC,745,0.115436241610738,0.139597315436242,0.0201342281879195,0.00297110364300633,0.935474276495203,0.807142857142857,0.000435238869655731,0.208287466188168,0.654020267595513,7,0.982747096606348,0.875289056506995,hsa04935,"Growth hormone synthesis, secretion and action",SOS2,HRAS,discordant
Nr1h2,Srebf1,liver,cDC,731,0.290013679890561,0.06703146374829,0.0205198358413133,-0.00299826692859867,0.935501095424169,0.525,0.0471043400592299,0.260210151968217,0.573055563532576,7,0.982747096606348,0.836023318312362,hsa04931,Insulin resistance,NR1H2,SREBF1,coherent
Mapk8,Irs2,liver,T_cell,2018,0.0594648166501487,0.0961347869177403,0.00693756194251734,-0.00179820803482899,0.935657160005329,0.881318681318681,0,0.348583127359043,0.443515000504181,7,0.982747096606348,0.766382198007776,hsa04910,Insulin signaling pathway,MAPK8,IRS2,discordant
Mapk8,Irs2,liver,T_cell,2018,0.0594648166501487,0.0961347869177403,0.00693756194251734,-0.00179820803482899,0.935657160005329,0.881318681318681,0,0.348583127359043,0.443515000504181,7,0.982747096606348,0.766382198007776,hsa04920,Adipocytokine signaling pathway,MAPK8,IRS2,discordant
Mapk8,Irs2,liver,T_cell,2018,0.0594648166501487,0.0961347869177403,0.00693756194251734,-0.00179820803482899,0.935657160005329,0.881318681318681,0,0.348583127359043,0.443515000504181,7,0.982747096606348,0.766382198007776,hsa04931,Insulin resistance,MAPK8,IRS2,discordant
Foxo3,Bcl2l11,liver,pDC,748,0.124331550802139,0.322192513368984,0.0467914438502674,-0.00295361323012156,0.935724130450125,0.0518207282913165,0.766904107264004,0.637113301039597,0.123816125626899,7,0.982747096606348,0.572290774997326,hsa04068,FoxO signaling pathway,FOXO3,BCL2L11,discordant
Hras,Pik3ca,liver,cDC,731,0.288645690834473,0.143638850889193,0.051983584131327,-0.00297703570409494,0.935956839255828,0.492285808075282,0.00191727987213375,0.703937990753147,0.0775015457173988,7,0.982747096606348,0.509197359011166,hsa04211,Longevity regulating pathway,HRAS,PIK3CA,discordant
Hras,Pik3ca,liver,cDC,731,0.288645690834473,0.143638850889193,0.051983584131327,-0.00297703570409494,0.935956839255828,0.492285808075282,0.00191727987213375,0.703937990753147,0.0775015457173988,7,0.982747096606348,0.509197359011166,hsa04213,Longevity regulating pathway - multiple species,HRAS,PIK3CA,discordant
Hras,Pik3ca,liver,cDC,731,0.288645690834473,0.143638850889193,0.051983584131327,-0.00297703570409494,0.935956839255828,0.492285808075282,0.00191727987213375,0.703937990753147,0.0775015457173988,7,0.982747096606348,0.509197359011166,hsa04510,Focal adhesion,HRAS,PIK3CA,discordant
Rap1a,Mapk8,liver,T_cell,2018,0.33597621407334,0.0594648166501487,0.022794846382557,-0.00174997015639471,0.937379596102305,0.490101757631822,0.00063608851514751,-0.361505579263806,0.425592031931422,7,0.982747096606348,0.760853000388159,hsa04510,Focal adhesion,RAP1A,MAPK8,coherent
Oga,Ogt,liver,LSEC,745,0.154362416107383,0.340939597315436,0.0563758389261745,-0.00281658178642705,0.938823394525546,0.757069929503282,9.13228643560895e-08,0.496545248313663,0.256992544259014,7,0.982747096606348,0.680374486199904,hsa04931,Insulin resistance,OGA,OGT,discordant
Rapgef1,Rap1a,liver,Cholangiocyte,636,0.124213836477987,0.388364779874214,0.0581761006289308,-0.00303373808404847,0.939134574723643,0.285206258890469,0.08727873598127,0.116584113238513,0.803422961126526,7,0.982747096606348,0.94002283818607,hsa04510,Focal adhesion,RAPGEF1,RAP1A,discordant
Rapgef1,Rap1a,liver,cDC,731,0.217510259917921,0.79343365253078,0.184678522571819,0.00272337128302672,0.941403510360071,0.37525896895327,7.30589755793331e-06,0.498930019980461,0.254351078689814,7,0.982747096606348,0.680374486199904,hsa04510,Focal adhesion,RAPGEF1,RAP1A,discordant
Ppp1r12a,Myl2,liver,Neutrophil,572,0.229020979020979,0.034965034965035,0.00874125874125874,-0.00306055476388686,0.94177597931308,,,-0.225273063146222,0.627194156758689,7,0.982747096606348,0.863574815910113,hsa04510,Focal adhesion,PPP1R12A,MYL2,discordant
Nr1h2,Srebf1,liver,LSEC,745,0.100671140939597,0.0523489932885906,0.00536912751677852,0.00265790249259959,0.94226374486716,,,0.1547283442355,0.740458013169029,7,0.982747096606348,0.919524252488881,hsa04931,Insulin resistance,NR1H2,SREBF1,coherent
Rock2,Myl12a,liver,NK_cell,596,0.176174496644295,0.587248322147651,0.109060402684564,0.00297283184476698,0.94226458716194,0.498907342657343,3.00345928845265e-05,0.298105102775284,0.516104825090801,7,0.982747096606348,0.808972392015942,hsa04510,Focal adhesion,ROCK2,MYL12A,coherent
Irs2,Pik3ca,liver,T_cell,2018,0.0961347869177403,0.0921704658077304,0.0089197224975223,0.00158716732283836,0.943194932925533,0.836945304437565,1.30094895912263e-06,0.704125076450558,0.0773877897870937,7,0.982747096606348,0.509197359011166,hsa04068,FoxO signaling pathway,IRS2,PIK3CA,coherent
Irs2,Pik3ca,liver,T_cell,2018,0.0961347869177403,0.0921704658077304,0.0089197224975223,0.00158716732283836,0.943194932925533,0.836945304437565,1.30094895912263e-06,0.704125076450558,0.0773877897870937,7,0.982747096606348,0.509197359011166,hsa04081,Hormone signaling,IRS2,PIK3CA,coherent
Irs2,Pik3ca,liver,T_cell,2018,0.0961347869177403,0.0921704658077304,0.0089197224975223,0.00158716732283836,0.943194932925533,0.836945304437565,1.30094895912263e-06,0.704125076450558,0.0773877897870937,7,0.982747096606348,0.509197359011166,hsa04152,AMPK signaling pathway,IRS2,PIK3CA,coherent
Irs2,Pik3ca,liver,T_cell,2018,0.0961347869177403,0.0921704658077304,0.0089197224975223,0.00158716732283836,0.943194932925533,0.836945304437565,1.30094895912263e-06,0.704125076450558,0.0773877897870937,7,0.982747096606348,0.509197359011166,hsa04211,Longevity regulating pathway,IRS2,PIK3CA,coherent
Irs2,Pik3ca,liver,T_cell,2018,0.0961347869177403,0.0921704658077304,0.0089197224975223,0.00158716732283836,0.943194932925533,0.836945304437565,1.30094895912263e-06,0.704125076450558,0.0773877897870937,7,0.982747096606348,0.509197359011166,hsa04213,Longevity regulating pathway - multiple species,IRS2,PIK3CA,coherent
Irs2,Pik3ca,liver,T_cell,2018,0.0961347869177403,0.0921704658077304,0.0089197224975223,0.00158716732283836,0.943194932925533,0.836945304437565,1.30094895912263e-06,0.704125076450558,0.0773877897870937,7,0.982747096606348,0.509197359011166,hsa04910,Insulin signaling pathway,IRS2,PIK3CA,coherent
Irs2,Pik3ca,liver,T_cell,2018,0.0961347869177403,0.0921704658077304,0.0089197224975223,0.00158716732283836,0.943194932925533,0.836945304437565,1.30094895912263e-06,0.704125076450558,0.0773877897870937,7,0.982747096606348,0.509197359011166,hsa04931,Insulin resistance,IRS2,PIK3CA,coherent
Irs2,Pik3ca,liver,T_cell,2018,0.0961347869177403,0.0921704658077304,0.0089197224975223,0.00158716732283836,0.943194932925533,0.836945304437565,1.30094895912263e-06,0.704125076450558,0.0773877897870937,7,0.982747096606348,0.509197359011166,hsa04935,"Growth hormone synthesis, secretion and action",IRS2,PIK3CA,coherent
Ramp1,Gnas,liver,HSC_Fibroblast,2024,0.0988142292490119,0.761857707509881,0.0844861660079051,-0.00157941781119579,0.943387887819005,0.000224399147283604,0.997675863861561,0.019619213106833,0.966699799093357,7,0.982747096606348,0.990693654328856,hsa04081,Hormone signaling,RAMP1,GNAS,discordant
Vav2,Rac2,liver,B_cell,7386,0.0622799891686975,0.576631464933658,0.0381803411860276,0.000817825379930579,0.943975946916929,0.239921874477513,4.68739997709762e-05,0.163597990543979,0.725969115669912,7,0.982747096606348,0.911842662757421,hsa04510,Focal adhesion,VAV2,RAC2,coherent
Pik3ca,Prkcz,liver,B_cell,7386,0.108448415922015,0.0224749526130517,0.00284321689683184,-0.000817604833197603,0.94399103034248,0.880519480519481,1.31847208729718e-06,0.216381843946415,0.641197695132957,7,0.982747096606348,0.8695239271077,hsa04910,Insulin signaling pathway,PIK3CA,PRKCZ,discordant
Pik3ca,Prkcz,liver,B_cell,7386,0.108448415922015,0.0224749526130517,0.00284321689683184,-0.000817604833197603,0.94399103034248,0.880519480519481,1.31847208729718e-06,0.216381843946415,0.641197695132957,7,0.982747096606348,0.8695239271077,hsa04931,Insulin resistance,PIK3CA,PRKCZ,discordant
Gnb2,Rhoa,liver,Neutrophil,572,0.524475524475525,0.674825174825175,0.361888111888112,-0.00289595511989988,0.944902214134498,0.215969923846635,0.00177552335137876,0.33433711200597,0.463595347228484,7,0.982747096606348,0.780451823821343,hsa04081,Hormone signaling,GNB2,RHOA,coherent
Gnb2,Kras,liver,NK_cell,596,0.578859060402685,0.308724832214765,0.184563758389262,0.00282710909170013,0.945090095176734,0.388807739818046,2.69686810620149e-05,0.890364181077054,0.00720010066936548,7,0.982747096606348,0.372272914997024,hsa04371,Apelin signaling pathway,GNB2,KRAS,discordant
Pik3cd,Akt1,liver,Monocyte,920,0.277173913043478,0.380434782608696,0.118478260869565,-0.00227372852912686,0.945091563616814,0.518830506903901,1.23063777978746e-08,0.295725818242631,0.519621836324749,7,0.982747096606348,0.809978950573167,hsa04518,Integrin signaling,PIK3CD,AKT1,coherent
Pik3cd,Akt1,liver,Monocyte,920,0.277173913043478,0.380434782608696,0.118478260869565,-0.00227372852912686,0.945091563616814,0.518830506903901,1.23063777978746e-08,0.295725818242631,0.519621836324749,7,0.982747096606348,0.809978950573167,hsa04935,"Growth hormone synthesis, secretion and action",PIK3CD,AKT1,coherent
Pdpk1,Akt1,liver,pDC,748,0.332887700534759,0.252673796791444,0.0882352941176471,-0.00251934540847678,0.945158421290611,0.696649619037679,0,0.569235970657424,0.182264967191668,7,0.982747096606348,0.631855080442306,hsa04068,FoxO signaling pathway,PDPK1,AKT1,coherent
Pdpk1,Akt1,liver,pDC,748,0.332887700534759,0.252673796791444,0.0882352941176471,-0.00251934540847678,0.945158421290611,0.696649619037679,0,0.569235970657424,0.182264967191668,7,0.982747096606348,0.631855080442306,hsa04152,AMPK signaling pathway,PDPK1,AKT1,coherent
Pdpk1,Akt1,liver,pDC,748,0.332887700534759,0.252673796791444,0.0882352941176471,-0.00251934540847678,0.945158421290611,0.696649619037679,0,0.569235970657424,0.182264967191668,7,0.982747096606348,0.631855080442306,hsa04510,Focal adhesion,PDPK1,AKT1,coherent
Pdpk1,Akt1,liver,pDC,748,0.332887700534759,0.252673796791444,0.0882352941176471,-0.00251934540847678,0.945158421290611,0.696649619037679,0,0.569235970657424,0.182264967191668,7,0.982747096606348,0.631855080442306,hsa04910,Insulin signaling pathway,PDPK1,AKT1,coherent
Pdpk1,Akt1,liver,pDC,748,0.332887700534759,0.252673796791444,0.0882352941176471,-0.00251934540847678,0.945158421290611,0.696649619037679,0,0.569235970657424,0.182264967191668,7,0.982747096606348,0.631855080442306,hsa04931,Insulin resistance,PDPK1,AKT1,coherent
Akt2,Tsc2,liver,T_cell,2018,0.0887016848364718,0.0237859266600595,0.00198216055500496,0.00151910781318538,0.945626941835517,,,0.140384699386674,0.76401700665807,7,0.982747096606348,0.923481502438977,hsa04910,Insulin signaling pathway,AKT2,TSC2,discordant
Rps6ka1,Ppp1cb,liver,HSC_Fibroblast,2024,0.0311264822134387,0.266798418972332,0.00839920948616601,-0.00149271309941602,0.946490906580559,0.806372549019608,0.000128900222057746,-0.824002138105828,0.0226462613745053,7,0.982747096606348,0.421600743475285,hsa04931,Insulin resistance,RPS6KA1,PPP1CB,discordant
Rps6ka1,Ppp1cb,liver,B_cell,7386,0.0349309504467912,0.196994313566206,0.00785269428648795,0.000777211443146453,0.946753910303714,0.786329518887658,2.5915766761684e-13,0.463603742647479,0.294738960517556,7,0.982747096606348,0.693321482836649,hsa04931,Insulin resistance,RPS6KA1,PPP1CB,discordant
Gnb2,Plcb3,liver,HSC_Fibroblast,2024,0.507411067193676,0.0429841897233202,0.0326086956521739,0.00147264282914706,0.947209305837559,0.0657982632073892,0.599650206479056,0.514475835855015,0.23744063214412,7,0.982747096606348,0.66794509928481,hsa04081,Hormone signaling,GNB2,PLCB3,coherent
Gnb2,Plcb3,liver,HSC_Fibroblast,2024,0.507411067193676,0.0429841897233202,0.0326086956521739,0.00147264282914706,0.947209305837559,0.0657982632073892,0.599650206479056,0.514475835855015,0.23744063214412,7,0.982747096606348,0.66794509928481,hsa04371,Apelin signaling pathway,GNB2,PLCB3,coherent
Tnfrsf1a,Mapk8,liver,pDC,748,0.184491978609626,0.0855614973262032,0.0160427807486631,-0.00241078516791345,0.947518099914387,0.608391608391608,0.0400020487886457,0.133196022566505,0.775879883073151,7,0.982747096606348,0.928168861153009,hsa04931,Insulin resistance,TNFRSF1A,MAPK8,discordant
Sos1,Hras,liver,HSC_Fibroblast,2024,0.0701581027667984,0.165513833992095,0.0212450592885376,0.00145973494978525,0.947671355745955,0.814406523708849,0,0.553771872487414,0.197138920494267,7,0.982747096606348,0.638796882889068,hsa04068,FoxO signaling pathway,SOS1,HRAS,discordant
Sos1,Hras,liver,HSC_Fibroblast,2024,0.0701581027667984,0.165513833992095,0.0212450592885376,0.00145973494978525,0.947671355745955,0.814406523708849,0,0.553771872487414,0.197138920494267,7,0.982747096606348,0.638796882889068,hsa04510,Focal adhesion,SOS1,HRAS,discordant
Sos1,Hras,liver,HSC_Fibroblast,2024,0.0701581027667984,0.165513833992095,0.0212450592885376,0.00145973494978525,0.947671355745955,0.814406523708849,0,0.553771872487414,0.197138920494267,7,0.982747096606348,0.638796882889068,hsa04910,Insulin signaling pathway,SOS1,HRAS,discordant
Sos1,Hras,liver,HSC_Fibroblast,2024,0.0701581027667984,0.165513833992095,0.0212450592885376,0.00145973494978525,0.947671355745955,0.814406523708849,0,0.553771872487414,0.197138920494267,7,0.982747096606348,0.638796882889068,hsa04935,"Growth hormone synthesis, secretion and action",SOS1,HRAS,discordant
Bcl2l1,Bax,liver,HSC_Fibroblast,2024,0.0706521739130435,0.28804347826087,0.0345849802371542,0.00142503607920998,0.948913521811247,0.551640276441256,1.16678476451723e-06,0.161867518643419,0.728790935343831,7,0.983385281190124,0.912096040020466,hsa04115,p53 signaling pathway,BCL2L1,BAX,discordant
Prkce,Mapk8,liver,pDC,748,0.0494652406417112,0.0855614973262032,0.0053475935828877,0.00227805207427456,0.950403824926453,,,0.16243967154128,0.727857674918261,7,0.984130117309657,0.912096040020466,hsa04931,Insulin resistance,PRKCE,MAPK8,discordant
Ogt,Pik3cd,liver,NK_cell,596,0.37248322147651,0.325503355704698,0.125838926174497,-0.00252826334329985,0.950886716278802,0.593792230330446,1.96408449346588e-08,-0.207354488502421,0.655502645468641,7,0.984130117309657,0.875289056506995,hsa04931,Insulin resistance,OGT,PIK3CD,coherent
Tnfrsf1a,Mapk8,liver,Macrophage_other,214,0.303738317757009,0.0654205607476636,0.0373831775700935,-0.00408446060347525,0.952632873470798,,,0.0134017303465077,0.986598269653492,4,0.98528739517184,0.997401784703893,hsa04931,Insulin resistance,TNFRSF1A,MAPK8,discordant
Prkaa2,Slc2a1,liver,Cholangiocyte,636,0.124213836477987,0.168238993710692,0.029874213836478,0.0023150364598192,0.95353497665149,0.668421052631579,0.00229968225339871,0.373182471709593,0.409642900757785,7,0.985570736736619,0.760853000388159,hsa04920,Adipocytokine signaling pathway,PRKAA2,SLC2A1,discordant
Pik3ca,Akt1,liver,Monocyte,920,0.0967391304347826,0.380434782608696,0.0391304347826087,0.00187329275975783,0.954750252025425,0.723552123552124,1.729338003365e-06,0.338075807195367,0.458293489726101,7,0.986177185930147,0.777366169519527,hsa04518,Integrin signaling,PIK3CA,AKT1,discordant
Pik3ca,Akt1,liver,Monocyte,920,0.0967391304347826,0.380434782608696,0.0391304347826087,0.00187329275975783,0.954750252025425,0.723552123552124,1.729338003365e-06,0.338075807195367,0.458293489726101,7,0.986177185930147,0.777366169519527,hsa04935,"Growth hormone synthesis, secretion and action",PIK3CA,AKT1,discordant
Map2k4,Mapk13,liver,Neutrophil,572,0.0979020979020979,0.0926573426573426,0.0122377622377622,0.00233785610278573,0.955508184792166,,,0.0241069933315706,0.959086587821857,7,0.986310751275598,0.987122648336947,hsa04935,"Growth hormone synthesis, secretion and action",MAP2K4,MAPK13,coherent
Ogt,Pdpk1,liver,pDC,748,0.554812834224599,0.332887700534759,0.195187165775401,-0.00197909255270988,0.956905767583132,0.286984855349792,0.00046802260976477,0.147618168492106,0.752117141070457,7,0.987103977211002,0.922832242523124,hsa04931,Insulin resistance,OGT,PDPK1,coherent
Rps6ka1,Ppp1cb,liver,Kupffer_cell,202,0.108910891089109,0.123762376237624,0.0198019801980198,-0.00359764887736822,0.959472902353243,,,-0.243827279412631,0.598259984975381,7,0.988889924327462,0.84947503748993,hsa04931,Insulin resistance,RPS6KA1,PPP1CB,discordant
Pik3r2,Akt2,liver,Kupffer_cell,202,0.0396039603960396,0.103960396039604,0.0099009900990099,-0.00353561103768319,0.960171169979831,,,-0.0534321151673507,0.909420255479391,7,0.988889924327462,0.969935393296569,hsa04518,Integrin signaling,PIK3R2,AKT2,coherent
Pik3r2,Akt2,liver,Kupffer_cell,202,0.0396039603960396,0.103960396039604,0.0099009900990099,-0.00353561103768319,0.960171169979831,,,-0.0534321151673507,0.909420255479391,7,0.988889924327462,0.969935393296569,hsa04935,"Growth hormone synthesis, secretion and action",PIK3R2,AKT2,coherent
Met,Pik3r2,liver,Cholangiocyte,636,0.196540880503145,0.14937106918239,0.0377358490566038,-0.00193852171826163,0.961085430479626,0.648695652173913,0.000806507728155443,0.319929359707573,0.484234857361144,7,0.988889924327462,0.79390228965479,hsa04510,Focal adhesion,MET,PIK3R2,discordant
Pik3r2,Akt2,liver,Monocyte,920,0.0358695652173913,0.134782608695652,0.00543478260869565,0.00158456908302226,0.96171859596277,,,0.0103353256109797,0.982455143395845,7,0.988889924327462,0.997401784703893,hsa04518,Integrin signaling,PIK3R2,AKT2,coherent
Pik3r2,Akt2,liver,Monocyte,920,0.0358695652173913,0.134782608695652,0.00543478260869565,0.00158456908302226,0.96171859596277,,,0.0103353256109797,0.982455143395845,7,0.988889924327462,0.997401784703893,hsa04935,"Growth hormone synthesis, secretion and action",PIK3R2,AKT2,coherent
Akt1,Tsc2,liver,Cholangiocyte,636,0.29559748427673,0.0990566037735849,0.0393081761006289,0.00188736839693183,0.962111519511993,0.457692307692308,0.022484158223614,0.463945692002131,0.294335275221782,7,0.988889924327462,0.693321482836649,hsa04910,Insulin signaling pathway,AKT1,TSC2,discordant
Ikbkg,Nfkbie,liver,NK_cell,596,0.0419463087248322,0.130872483221477,0.00671140939597315,-0.00187764320621957,0.96351515376027,,,-0.659024213331032,0.107385781965806,7,0.988889924327462,0.542403644629583,hsa04920,Adipocytokine signaling pathway,IKBKG,NFKBIE,coherent
Foxo3,Rbl2,liver,LSEC,745,0.0523489932885906,0.0604026845637584,0.00536912751677852,-0.00161048593712353,0.96499692632268,,,0.449258765350553,0.311892550492491,7,0.988889924327462,0.709519306507433,hsa04068,FoxO signaling pathway,FOXO3,RBL2,coherent
Map2k4,Mapk8,liver,Macrophage_other,214,0.0747663551401869,0.0654205607476636,0.00467289719626168,0.00301185657686636,0.965062464046459,,,0.333900208579874,0.666099791420126,4,0.988889924327462,0.88178948606327,hsa04935,"Growth hormone synthesis, secretion and action",MAP2K4,MAPK8,coherent
Map2k4,Mapk8,liver,Macrophage_other,214,0.0747663551401869,0.0654205607476636,0.00467289719626168,0.00301185657686636,0.965062464046459,,,0.333900208579874,0.666099791420126,4,0.988889924327462,0.88178948606327,hsa04936,Alcoholic liver disease,MAP2K4,MAPK8,coherent
Stk11,Foxo3,liver,HSC_Fibroblast,2024,0.151679841897233,0.113142292490119,0.0301383399209486,0.000900122641998253,0.967718019138289,0.544190166496084,5.80965232319765e-06,0.465072682661273,0.293006549644879,7,0.988889924327462,0.693321482836649,hsa04068,FoxO signaling pathway,STK11,FOXO3,discordant
Foxo3,Gadd45a,liver,B_cell,7386,0.0522610343893853,0.108583807202816,0.00595721635526672,-0.000468623705073878,0.967879808560185,0.61169837914024,1.57519666158365e-05,0.380282120510814,0.400062818334044,7,0.988889924327462,0.754844053477871,hsa04068,FoxO signaling pathway,FOXO3,GADD45A,discordant
Prkce,Hras,liver,NK_cell,596,0.0285234899328859,0.140939597315436,0.00503355704697987,0.00163918507107358,0.968146044686725,,,-0.111022334127913,0.812682063107186,7,0.988889924327462,0.94266513434162,hsa04371,Apelin signaling pathway,PRKCE,HRAS,coherent
Foxo3,Sod1,liver,Monocyte,920,0.101086956521739,0.461956521739131,0.0586956521739131,0.00129858621343411,0.968623671577851,0.458404010070105,0.000490525906978188,0.193453210879151,0.677694326970636,7,0.988889924327462,0.888306097758503,hsa04213,Longevity regulating pathway - multiple species,FOXO3,SOD1,coherent
Rock2,Ppp1ca,liver,Kupffer_cell,202,0.257425742574257,0.341584158415842,0.113861386138614,0.00277178921114199,0.968770696638618,0.509881422924901,0.0140170357459853,-0.57765408388106,0.174407174447968,7,0.988889924327462,0.625056235268612,hsa04510,Focal adhesion,ROCK2,PPP1CA,coherent
Irs2,Pik3r2,liver,Cholangiocyte,636,0.161949685534591,0.14937106918239,0.0377358490566038,-0.00155202921812034,0.968839590902273,0.272173913043478,0.197531684264691,-0.219693735001843,0.635971398019035,7,0.988889924327462,0.866370808235468,hsa04068,FoxO signaling pathway,IRS2,PIK3R2,discordant
Irs2,Pik3r2,liver,Cholangiocyte,636,0.161949685534591,0.14937106918239,0.0377358490566038,-0.00155202921812034,0.968839590902273,0.272173913043478,0.197531684264691,-0.219693735001843,0.635971398019035,7,0.988889924327462,0.866370808235468,hsa04081,Hormone signaling,IRS2,PIK3R2,discordant
Irs2,Pik3r2,liver,Cholangiocyte,636,0.161949685534591,0.14937106918239,0.0377358490566038,-0.00155202921812034,0.968839590902273,0.272173913043478,0.197531684264691,-0.219693735001843,0.635971398019035,7,0.988889924327462,0.866370808235468,hsa04152,AMPK signaling pathway,IRS2,PIK3R2,discordant
Irs2,Pik3r2,liver,Cholangiocyte,636,0.161949685534591,0.14937106918239,0.0377358490566038,-0.00155202921812034,0.968839590902273,0.272173913043478,0.197531684264691,-0.219693735001843,0.635971398019035,7,0.988889924327462,0.866370808235468,hsa04211,Longevity regulating pathway,IRS2,PIK3R2,discordant
Irs2,Pik3r2,liver,Cholangiocyte,636,0.161949685534591,0.14937106918239,0.0377358490566038,-0.00155202921812034,0.968839590902273,0.272173913043478,0.197531684264691,-0.219693735001843,0.635971398019035,7,0.988889924327462,0.866370808235468,hsa04213,Longevity regulating pathway - multiple species,IRS2,PIK3R2,discordant
Irs2,Pik3r2,liver,Cholangiocyte,636,0.161949685534591,0.14937106918239,0.0377358490566038,-0.00155202921812034,0.968839590902273,0.272173913043478,0.197531684264691,-0.219693735001843,0.635971398019035,7,0.988889924327462,0.866370808235468,hsa04910,Insulin signaling pathway,IRS2,PIK3R2,discordant
Irs2,Pik3r2,liver,Cholangiocyte,636,0.161949685534591,0.14937106918239,0.0377358490566038,-0.00155202921812034,0.968839590902273,0.272173913043478,0.197531684264691,-0.219693735001843,0.635971398019035,7,0.988889924327462,0.866370808235468,hsa04931,Insulin resistance,IRS2,PIK3R2,discordant
Irs2,Pik3r2,liver,Cholangiocyte,636,0.161949685534591,0.14937106918239,0.0377358490566038,-0.00155202921812034,0.968839590902273,0.272173913043478,0.197531684264691,-0.219693735001843,0.635971398019035,7,0.988889924327462,0.866370808235468,hsa04935,"Growth hormone synthesis, secretion and action",IRS2,PIK3R2,discordant
Crk,Rapgef1,liver,Monocyte,920,0.307608695652174,0.133695652173913,0.0467391304347826,0.00128537497553241,0.968942718546124,0.636816671700393,7.42505652795693e-06,-0.340945720663899,0.45423900987624,7,0.988889924327462,0.775721848481174,hsa04510,Focal adhesion,CRK,RAPGEF1,coherent
Igf1,Met,liver,Cholangiocyte,636,0.328616352201258,0.196540880503145,0.0770440251572327,0.0015229475435553,0.96942318169074,0.318775510204082,0.0260259804947958,0.205388152338623,0.658629833165501,7,0.988889924327462,0.875850148163527,hsa04510,Focal adhesion,IGF1,MET,coherent
Igf1,Met,liver,Cholangiocyte,636,0.328616352201258,0.196540880503145,0.0770440251572327,0.0015229475435553,0.96942318169074,0.318775510204082,0.0260259804947958,0.205388152338623,0.658629833165501,7,0.988889924327462,0.875850148163527,hsa04518,Integrin signaling,IGF1,MET,coherent
Rock2,Myl12a,liver,B_cell,7386,0.239777958299486,0.258732737611698,0.0690495532087734,0.000430967974143442,0.970459559535475,0.466030238394195,7.36036951228163e-29,0.835037600016867,0.0193827788472762,7,0.988889924327462,0.400406768374144,hsa04510,Focal adhesion,ROCK2,MYL12A,coherent
Srebf1,Fasn,liver,HSC_Fibroblast,2024,0.0637351778656127,0.0755928853754941,0.00938735177865613,-0.000804989446622873,0.971128297821424,0.636842105263158,0.00415944890760265,0.26483654577243,0.565999348003995,7,0.988889924327462,0.834239373623674,hsa04152,AMPK signaling pathway,SREBF1,FASN,coherent
Srebf1,Fasn,liver,HSC_Fibroblast,2024,0.0637351778656127,0.0755928853754941,0.00938735177865613,-0.000804989446622873,0.971128297821424,0.636842105263158,0.00415944890760265,0.26483654577243,0.565999348003995,7,0.988889924327462,0.834239373623674,hsa04910,Insulin signaling pathway,SREBF1,FASN,coherent
Srebf1,Fasn,liver,HSC_Fibroblast,2024,0.0637351778656127,0.0755928853754941,0.00938735177865613,-0.000804989446622873,0.971128297821424,0.636842105263158,0.00415944890760265,0.26483654577243,0.565999348003995,7,0.988889924327462,0.834239373623674,hsa04936,Alcoholic liver disease,SREBF1,FASN,coherent
Foxo3,Cdkn1b,liver,cDC,731,0.0984952120383037,0.555403556771546,0.0560875512995896,-0.00132197971618605,0.971536537727507,0.437108013937282,0.00460342861048337,-0.869435969562776,0.0110138585630561,7,0.988889924327462,0.384016535231891,hsa04068,FoxO signaling pathway,FOXO3,CDKN1B,coherent
Rps6ka1,Ppp1ca,liver,Macrophage_other,214,0.172897196261682,0.509345794392523,0.11214953271028,-0.00240785562309662,0.972065675361073,0.320869565217391,0.126443800856955,0.788053324540449,0.211946675459551,4,0.988889924327462,0.643438868994485,hsa04931,Insulin resistance,RPS6KA1,PPP1CA,coherent
Gnai3,Prkce,liver,Cholangiocyte,636,0.389937106918239,0.0770440251572327,0.0393081761006289,-0.00137101255705761,0.972472365647775,0.596923076923077,0.00199447125233127,0.432260242539175,0.332762933612654,7,0.988889924327462,0.726145084860444,hsa04371,Apelin signaling pathway,GNAI3,PRKCE,discordant
Ogt,Pik3ca,liver,LSEC,745,0.340939597315436,0.0993288590604027,0.036241610738255,-0.00124168132301912,0.973009197267482,0.286324786324786,0.147412694678844,0.0837866642278745,0.858258094147956,7,0.988889924327462,0.960273441152172,hsa04931,Insulin resistance,OGT,PIK3CA,discordant
Rps6ka1,Ppp1cb,liver,NK_cell,596,0.223154362416107,0.23489932885906,0.0570469798657718,0.00138244158701256,0.973133233372595,0.86646294881589,6.87163539239445e-08,0.398136293834924,0.376372982538167,7,0.988889924327462,0.748452737138637,hsa04931,Insulin resistance,RPS6KA1,PPP1CB,discordant
Vipr2,Gna11,liver,HSC_Fibroblast,2024,0.0316205533596838,0.206521739130435,0.0113636363636364,-0.000705964206023961,0.974678655752826,0.58300395256917,0.00412475708625204,0.638371129099394,0.122840316232331,7,0.989525209274702,0.572290774997326,hsa04081,Hormone signaling,VIPR2,GNA11,discordant
Sos1,Kras,liver,NK_cell,596,0.0469798657718121,0.308724832214765,0.0151006711409396,-0.00125550611035585,0.975599327825413,,,0.41140958861426,0.359144318734606,7,0.989525209274702,0.736405008417742,hsa04068,FoxO signaling pathway,SOS1,KRAS,coherent
Sos1,Kras,liver,NK_cell,596,0.0469798657718121,0.308724832214765,0.0151006711409396,-0.00125550611035585,0.975599327825413,,,0.41140958861426,0.359144318734606,7,0.989525209274702,0.736405008417742,hsa04910,Insulin signaling pathway,SOS1,KRAS,coherent
Sos1,Kras,liver,NK_cell,596,0.0469798657718121,0.308724832214765,0.0151006711409396,-0.00125550611035585,0.975599327825413,,,0.41140958861426,0.359144318734606,7,0.989525209274702,0.736405008417742,hsa04935,"Growth hormone synthesis, secretion and action",SOS1,KRAS,coherent
Ppp1ca,Pygb,liver,NK_cell,596,0.644295302013423,0.063758389261745,0.0419463087248322,-0.00125287674666487,0.975650413478626,0.384615384615385,0.0585465613144877,0.830449005263184,0.0207048687955934,7,0.989525209274702,0.421600743475285,hsa04931,Insulin resistance,PPP1CA,PYGB,discordant
Kras,Pik3cd,liver,Kupffer_cell,202,0.183168316831683,0.108910891089109,0.0396039603960396,-0.00209073872557663,0.976441408923402,,,-0.58608229608536,0.166710436097532,7,0.989687707106472,0.619487143082951,hsa04211,Longevity regulating pathway,KRAS,PIK3CD,discordant
Kras,Pik3cd,liver,Kupffer_cell,202,0.183168316831683,0.108910891089109,0.0396039603960396,-0.00209073872557663,0.976441408923402,,,-0.58608229608536,0.166710436097532,7,0.989687707106472,0.619487143082951,hsa04213,Longevity regulating pathway - multiple species,KRAS,PIK3CD,discordant
Foxo3,Cdkn1b,liver,LSEC,745,0.0523489932885906,0.119463087248322,0.00939597315436242,-0.000997528065857341,0.978314966601294,,,0.0659167090495067,0.888339272089863,7,0.990306591982511,0.965708620552574,hsa04068,FoxO signaling pathway,FOXO3,CDKN1B,coherent
Rock1,Ppp1cb,liver,Kupffer_cell,202,0.227722772277228,0.123762376237624,0.0544554455445545,-0.0019029058623055,0.978557392103089,0.4,0.225014088667236,0.707686550990332,0.0752392622567351,7,0.990306591982511,0.506654087900504,hsa04510,Focal adhesion,ROCK1,PPP1CB,discordant
Tradd,Traf2,liver,NK_cell,596,0.0671140939597315,0.0956375838926174,0.00838926174496644,-0.00108328881641917,0.97894552209361,,,-0.836217193679126,0.0190508824327096,7,0.990306591982511,0.400406768374144,hsa04920,Adipocytokine signaling pathway,TRADD,TRAF2,coherent
Rock1,Ppp1ca,liver,Macrophage_other,214,0.331775700934579,0.509345794392523,0.210280373831776,-0.00172791177612089,0.979951954596723,0.342555994729908,0.0217409659749465,0.761600219503191,0.238399780496809,4,0.990685964408671,0.66794509928481,hsa04510,Focal adhesion,ROCK1,PPP1CA,coherent
Prkce,Kras,liver,NK_cell,596,0.0285234899328859,0.308724832214765,0.00838926174496644,0.000938592587072294,0.981757268252184,,,-0.594106733634433,0.159542057033072,7,0.991871960004943,0.613533057561004,hsa04371,Apelin signaling pathway,PRKCE,KRAS,discordant
Rac2,Mapk8,liver,NK_cell,596,0.86241610738255,0.0385906040268456,0.0352348993288591,-0.000798900563863551,0.98447198722657,0.0818181818181818,0.724068638711303,0.546673524615465,0.204154949145653,7,0.9939746125859,0.639801513798786,hsa04510,Focal adhesion,RAC2,MAPK8,discordant
Rps6ka1,Ppp1cb,liver,pDC,748,0.656417112299465,0.307486631016043,0.21524064171123,-0.000621236220991179,0.986466818067201,0.264014354748037,0.0007140870099405,-0.11406350944609,0.807616986604264,7,0.995348191348834,0.942119741250625,hsa04931,Insulin resistance,RPS6KA1,PPP1CB,discordant
Foxo3,Cdkn1b,liver,Kupffer_cell,202,0.0346534653465347,0.0841584158415842,0.0099009900990099,0.00112765159357851,0.987292242824621,,,0.4167729044673,0.352277716903913,7,0.995419471918758,0.736405008417742,hsa04068,FoxO signaling pathway,FOXO3,CDKN1B,coherent
Foxo3,Gadd45a,liver,Monocyte,920,0.101086956521739,0.101086956521739,0.0108695652173913,-0.00046477984484678,0.98876750860988,0.539393939393939,0.113298067042129,0.448310088433333,0.313041907677466,7,0.995419471918758,0.709519306507433,hsa04068,FoxO signaling pathway,FOXO3,GADD45A,discordant
Stat3,Foxo3,liver,cDC,731,0.476060191518468,0.0984952120383037,0.0588235294117647,0.000519236433685411,0.988818350828355,0.35804892781637,0.0189100949807494,-0.0854042212377103,0.855541469870611,7,0.995419471918758,0.959502906523937,hsa04068,FoxO signaling pathway,STAT3,FOXO3,discordant
Gna11,Plcb3,liver,Cholangiocyte,636,0.393081761006289,0.0849056603773585,0.0393081761006289,0.000516532005813901,0.989627141095435,0.203846153846154,0.32683682678046,0.41019351252074,0.360708909687045,7,0.995419471918758,0.736405008417742,hsa04081,Hormone signaling,GNA11,PLCB3,coherent
Gna11,Plcb3,liver,Cholangiocyte,636,0.393081761006289,0.0849056603773585,0.0393081761006289,0.000516532005813901,0.989627141095435,0.203846153846154,0.32683682678046,0.41019351252074,0.360708909687045,7,0.995419471918758,0.736405008417742,hsa04935,"Growth hormone synthesis, secretion and action",GNA11,PLCB3,coherent
Gnai2,Prkce,liver,cDC,731,0.964432284541724,0.051983584131327,0.0492476060191518,-0.000477847161316249,0.989709608791117,0.210810810810811,0.216319231593007,0.429194492291855,0.336588545683757,7,0.995419471918758,0.727370364924555,hsa04371,Apelin signaling pathway,GNAI2,PRKCE,coherent
Trib3,Akt1,liver,Cholangiocyte,636,0.0267295597484277,0.29559748427673,0.0110062893081761,-0.000444635534755567,0.991070881987231,,,-0.0824025922644059,0.860583473442547,7,0.995878170278569,0.960273441152172,hsa04931,Insulin resistance,TRIB3,AKT1,discordant
Vav2,Rac2,liver,HSC_Fibroblast,2024,0.0271739130434783,0.0587944664031621,0.00296442687747036,-0.000238755133635449,0.991435119168339,,,-0.720472348199242,0.0677920817694749,7,0.995878170278569,0.50465618510104,hsa04510,Focal adhesion,VAV2,RAC2,coherent
Flt1,Pik3ca,liver,LSEC,745,0.742281879194631,0.0993288590604027,0.0791946308724832,-0.000326342528267121,0.992904936259459,-0.0353009935710111,0.790209212155794,0.622636857804669,0.135330974479144,7,0.996418905081335,0.578887174497043,hsa04510,Focal adhesion,FLT1,PIK3CA,coherent
Stk11,Foxo3,liver,cDC,731,0.305061559507524,0.0984952120383037,0.0328317373461012,0.000313738138823141,0.993243573962529,0.710434782608696,0.000151287701038962,0.123131927447282,0.792545778332077,7,0.996418905081335,0.93773282339612,hsa04068,FoxO signaling pathway,STK11,FOXO3,discordant
Rhoa,Pip5k1c,liver,pDC,748,0.937165775401069,0.447860962566845,0.427807486631016,0.000165639912655826,0.99639149385243,-0.0206766659153165,0.712524740540399,0.616018204346189,0.140769063257672,7,0.998738906110406,0.579702520344588,hsa04510,Focal adhesion,RHOA,PIP5K1C,coherent
Gnai2,Prkce,liver,Monocyte,920,0.898913043478261,0.05,0.0489130434782609,9.83961583939223e-05,0.997621951919184,-0.238076416337286,0.115198325850571,0.745356455911018,0.0544898662430638,7,0.998738906110406,0.48099432284387,hsa04371,Apelin signaling pathway,GNAI2,PRKCE,coherent
Tnfrsf1a,Mapk8,liver,NK_cell,596,0.144295302013423,0.0385906040268456,0.00671140939597315,0.000108115312835045,0.997898462187319,,,0.344922600839076,0.448642903867174,7,0.998738906110406,0.7725274625186,hsa04931,Insulin resistance,TNFRSF1A,MAPK8,discordant
Socs3,Srebf1,liver,Macrophage_other,214,0.252336448598131,0.0794392523364486,0.0327102803738318,0.000163537779049299,0.998102361237168,,,0.774939637144413,0.225060362855587,4,0.998738906110406,0.660036839851244,hsa04931,Insulin resistance,SOCS3,SREBF1,coherent
Hras,Pik3ca,liver,LSEC,745,0.139597315436242,0.0993288590604027,0.0201342281879195,-3.37727493604822e-05,0.999265731841414,0.671428571428571,0.00770433859420016,-0.47050648159392,0.286637543016405,7,0.999265731841414,0.693277012103684,hsa04211,Longevity regulating pathway,HRAS,PIK3CA,discordant
Hras,Pik3ca,liver,LSEC,745,0.139597315436242,0.0993288590604027,0.0201342281879195,-3.37727493604822e-05,0.999265731841414,0.671428571428571,0.00770433859420016,-0.47050648159392,0.286637543016405,7,0.999265731841414,0.693277012103684,hsa04213,Longevity regulating pathway - multiple species,HRAS,PIK3CA,discordant
Hras,Pik3ca,liver,LSEC,745,0.139597315436242,0.0993288590604027,0.0201342281879195,-3.37727493604822e-05,0.999265731841414,0.671428571428571,0.00770433859420016,-0.47050648159392,0.286637543016405,7,0.999265731841414,0.693277012103684,hsa04510,Focal adhesion,HRAS,PIK3CA,discordant
