mouse1,mouse2,tissue,cell_type,n_cells,det1,det2,pct_coexpr,cell_R,cell_p,coexpr_rho,coexpr_p,pb_r,pb_p,n_mice,cell_BH,pb_BH,pathway,pw_name,gene1,gene2,kind
Igfbp3,Igf1,kidney,Endothelial,2875,0.599652173913044,0.13495652173913,0.0486956521739131,-0.208009518291863,1.80578214653708e-29,0.0389540102578689,0.647706052030372,-0.331265676663604,0.467967754229467,7,1.15389479163719e-26,0.889976691150472,hsa04115,p53 signaling pathway,IGFBP3,IGF1,coherent
Ppp1ca,Calm1,kidney,Endothelial,2875,0.522782608695652,0.91895652173913,0.501913043478261,0.11639872663437,3.85569983126287e-10,0.0566116874199857,0.0315267407573692,0.602344419200445,0.15234620753999,7,1.23189609608849e-07,0.767932487795225,hsa04910,Insulin signaling pathway,PPP1CA,CALM1,coherent
Sos2,Hras,kidney,cDC,152,0.0328947368421053,0.138157894736842,0.0197368421052632,0.317458207392545,6.74335672622589e-05,,,0.16536267602957,0.83463732397043,4,0.0143633498268612,0.966964969411617,hsa04068,FoxO signaling pathway,SOS2,HRAS,discordant
Sos2,Hras,kidney,cDC,152,0.0328947368421053,0.138157894736842,0.0197368421052632,0.317458207392545,6.74335672622589e-05,,,0.16536267602957,0.83463732397043,4,0.0143633498268612,0.966964969411617,hsa04910,Insulin signaling pathway,SOS2,HRAS,discordant
Ppp1ca,Calm1,kidney,Macrophage,907,0.413450937155458,0.820286659316428,0.377067254685777,0.127070131417056,0.000124451592327515,0.0696045995679913,0.199121005259994,0.820338386033129,0.023793536003022,7,0.0198811418743205,0.699649146351762,hsa04910,Insulin signaling pathway,PPP1CA,CALM1,coherent
Gnb2,Rras,kidney,Endothelial,2875,0.693565217391304,0.510608695652174,0.382260869565217,0.0698257775364736,0.000179007814068024,0.160524834135594,8.78270050948612e-08,0.766015626350209,0.0446367785525363,7,0.0228771986378935,0.699649146351762,hsa04371,Apelin signaling pathway,GNB2,RRAS,coherent
Pik3ca,Pdpk1,kidney,PT,324,0.132716049382716,0.154320987654321,0.0524691358024691,0.194131977135152,0.0004408116392827,0.718137254901961,0.00165183106670571,0.140876349289935,0.76320699332037,7,0.0406685623409628,0.964429102117725,hsa04910,Insulin signaling pathway,PIK3CA,PDPK1,discordant
Ppp1ca,Calm1,kidney,T_cell,345,0.443478260869565,0.765217391304348,0.376811594202899,0.188048414496654,0.000445508507647479,0.2897006228435,0.000828229037227895,0.199180899329365,0.70517970596871,6,0.0406685623409628,0.950653654248956,hsa04910,Insulin signaling pathway,PPP1CA,CALM1,coherent
Foxo3,Klf2,kidney,Endothelial,2875,0.0587826086956522,0.808695652173913,0.0438260869565217,-0.0612609615446941,0.0010147263646548,0.109564961770042,0.221977334437544,-0.723241100530587,0.0662342110853205,7,0.081051268376802,0.732748669680389,hsa04068,FoxO signaling pathway,FOXO3,KLF2,discordant
Srebf1,Fasn,kidney,LoH,163,0.0736196319018405,0.0368098159509202,0.0122699386503067,0.246248268034982,0.00153158749745477,,,-0.316135256387688,0.541594631333972,6,0.101948794528302,0.90834375176485,hsa04152,AMPK signaling pathway,SREBF1,FASN,coherent
Srebf1,Fasn,kidney,LoH,163,0.0736196319018405,0.0368098159509202,0.0122699386503067,0.246248268034982,0.00153158749745477,,,-0.316135256387688,0.541594631333972,6,0.101948794528302,0.90834375176485,hsa04910,Insulin signaling pathway,SREBF1,FASN,coherent
Gnb2,Hras,kidney,Endothelial,2875,0.693565217391304,0.400347826086957,0.303304347826087,0.0583822879793858,0.00173790578972153,0.1711715066379,3.67708610567843e-07,0.708611637043797,0.0746864709297623,7,0.101948794528302,0.732748669680389,hsa04371,Apelin signaling pathway,GNB2,HRAS,coherent
Pik3r2,Akt2,kidney,B_cell,189,0.0317460317460317,0.0687830687830688,0.0105820105820106,0.226134201919639,0.00175498707325716,,,0.952067347936286,0.0479326520637137,4,0.101948794528302,0.699649146351762,hsa04066,HIF-1 signaling pathway,PIK3R2,AKT2,coherent
Bcl2l1,Bax,kidney,T_cell,345,0.063768115942029,0.191304347826087,0.0260869565217391,0.1606083480639,0.00277350383998349,,,-0.0127432253553689,0.980886196651807,6,0.142666623696105,0.998689735763778,hsa04115,p53 signaling pathway,BCL2L1,BAX,discordant
Irs2,Pik3ca,kidney,B_cell,189,0.0899470899470899,0.0793650793650794,0.0264550264550265,0.215488152027759,0.00290245087331669,,,0.768866846709852,0.231133153290148,4,0.142666623696105,0.827936588704405,hsa04068,FoxO signaling pathway,IRS2,PIK3CA,coherent
Irs2,Pik3ca,kidney,B_cell,189,0.0899470899470899,0.0793650793650794,0.0264550264550265,0.215488152027759,0.00290245087331669,,,0.768866846709852,0.231133153290148,4,0.142666623696105,0.827936588704405,hsa04152,AMPK signaling pathway,IRS2,PIK3CA,coherent
Irs2,Pik3ca,kidney,B_cell,189,0.0899470899470899,0.0793650793650794,0.0264550264550265,0.215488152027759,0.00290245087331669,,,0.768866846709852,0.231133153290148,4,0.142666623696105,0.827936588704405,hsa04211,Longevity regulating pathway,IRS2,PIK3CA,coherent
Irs2,Pik3ca,kidney,B_cell,189,0.0899470899470899,0.0793650793650794,0.0264550264550265,0.215488152027759,0.00290245087331669,,,0.768866846709852,0.231133153290148,4,0.142666623696105,0.827936588704405,hsa04910,Insulin signaling pathway,IRS2,PIK3CA,coherent
Prkce,Mras,kidney,PT,324,0.0648148148148148,0.0339506172839506,0.0123456790123457,0.161669227461224,0.0035226345753031,,,-0.0230612365921359,0.960860438377906,7,0.160783106687049,0.998689735763778,hsa04371,Apelin signaling pathway,PRKCE,MRAS,coherent
Gnb2,Prkaa2,kidney,Distal_tubule,234,0.303418803418803,0.132478632478632,0.094017094017094,0.187956933185145,0.00390726169283734,0.491812535290796,0.0213625590854503,0.698619855937273,0.122557808931054,6,0.166449348114871,0.747384535923108,hsa04371,Apelin signaling pathway,GNB2,PRKAA2,coherent
Akt1,Foxo3,kidney,B_cell,189,0.0793650793650794,0.0846560846560847,0.0158730158730159,0.204273524476619,0.00481047822558314,,,0.219797847029701,0.780202152970299,4,0.192118474134227,0.964429102117725,hsa04068,FoxO signaling pathway,AKT1,FOXO3,coherent
Akt1,Foxo3,kidney,B_cell,189,0.0793650793650794,0.0846560846560847,0.0158730158730159,0.204273524476619,0.00481047822558314,,,0.219797847029701,0.780202152970299,4,0.192118474134227,0.964429102117725,hsa04211,Longevity regulating pathway,AKT1,FOXO3,coherent
Mapk8,Foxo3,kidney,cDC,152,0.0921052631578947,0.125,0.0328947368421053,0.219484258997627,0.0065905229992145,,,0.962707593222149,0.0372924067778507,4,0.224162967711376,0.699649146351762,hsa04068,FoxO signaling pathway,MAPK8,FOXO3,coherent
Sirt1,Foxo3,kidney,T_cell,345,0.072463768115942,0.0927536231884058,0.0202898550724638,0.145171709239461,0.00691352054331888,,,0.113102079030006,0.831070286892437,6,0.224162967711376,0.966964969411617,hsa04211,Longevity regulating pathway,SIRT1,FOXO3,coherent
Prkaa2,Klf2,kidney,PT,324,0.305555555555556,0.20679012345679,0.0493827160493827,-0.148835743801811,0.00728227883535153,0.308823529411765,0.243953442595398,-0.553472780779546,0.197432161770451,7,0.224162967711376,0.808712508790501,hsa04371,Apelin signaling pathway,PRKAA2,KLF2,coherent
Kras,Araf,kidney,Endothelial,2875,0.265739130434783,0.126608695652174,0.0448695652173913,0.0500024963003035,0.00732717370042089,0.666262298747764,0,0.658407137212558,0.107831972159625,7,0.224162967711376,0.747384535923108,hsa04068,FoxO signaling pathway,KRAS,ARAF,discordant
Kras,Araf,kidney,Endothelial,2875,0.265739130434783,0.126608695652174,0.0448695652173913,0.0500024963003035,0.00732717370042089,0.666262298747764,0,0.658407137212558,0.107831972159625,7,0.224162967711376,0.747384535923108,hsa04910,Insulin signaling pathway,KRAS,ARAF,discordant
Sirt1,Bax,kidney,Macrophage,907,0.0540242557883131,0.30981256890849,0.0308710033076075,0.0889272276226356,0.0073668580938011,0.725232621784346,2.16170197099202e-05,0.524996297510262,0.226304081837549,7,0.224162967711376,0.827936588704405,hsa04211,Longevity regulating pathway,SIRT1,BAX,coherent
Prkaa2,Ppargc1a,kidney,Distal_tubule,234,0.132478632478632,0.252136752136752,0.0811965811965812,0.173616523462888,0.00777135739100629,0.259649122807018,0.281826340142108,0.451442862929423,0.36883788197366,6,0.225722607856955,0.851438440004285,hsa04152,AMPK signaling pathway,PRKAA2,PPARGC1A,discordant
Prkaa2,Ppargc1a,kidney,Distal_tubule,234,0.132478632478632,0.252136752136752,0.0811965811965812,0.173616523462888,0.00777135739100629,0.259649122807018,0.281826340142108,0.451442862929423,0.36883788197366,6,0.225722607856955,0.851438440004285,hsa04371,Apelin signaling pathway,PRKAA2,PPARGC1A,discordant
Sos2,Hras,kidney,LoH,163,0.104294478527607,0.337423312883436,0.0674846625766871,0.205479962698975,0.00850481995318097,0.609090909090909,0.0518776080763114,0.857239350851027,0.0291161303648854,6,0.236286084786202,0.699649146351762,hsa04068,FoxO signaling pathway,SOS2,HRAS,discordant
Sos2,Hras,kidney,LoH,163,0.104294478527607,0.337423312883436,0.0674846625766871,0.205479962698975,0.00850481995318097,0.609090909090909,0.0518776080763114,0.857239350851027,0.0291161303648854,6,0.236286084786202,0.699649146351762,hsa04910,Insulin signaling pathway,SOS2,HRAS,discordant
Gnb2,Prkce,kidney,Endothelial,2875,0.693565217391304,0.160695652173913,0.110260869565217,-0.0481288579590118,0.00985157302077418,0.250554942667423,6.31337199285231e-06,-0.584020978242012,0.168577030054274,7,0.262298131678113,0.774969224494111,hsa04371,Apelin signaling pathway,GNB2,PRKCE,coherent
Usp7,Foxo3,kidney,PT,324,0.20679012345679,0.135802469135802,0.0493827160493827,0.14229548585084,0.0103329992241486,0.670103092783505,0.00450686536837621,0.845650100937509,0.0165131697529095,7,0.264111460169239,0.699649146351762,hsa04068,FoxO signaling pathway,USP7,FOXO3,coherent
Pik3ca,Akt2,kidney,LoH,163,0.196319018404908,0.104294478527607,0.049079754601227,0.195764613479377,0.0122658802078769,,,0.306881036849649,0.554128854504851,6,0.301457594339743,0.91026938393907,hsa04066,HIF-1 signaling pathway,PIK3CA,AKT2,discordant
Il6,Stat3,kidney,Endothelial,2875,0.0205217391304348,0.269217391304348,0.008,0.0462927032853438,0.0130492962981076,0.353754940711462,0.0982792168432114,0.766785821118363,0.0442902088905008,7,0.308833345721879,0.699649146351762,hsa04068,FoxO signaling pathway,IL6,STAT3,coherent
Foxo3,Rbl2,kidney,LoH,163,0.122699386503067,0.220858895705521,0.0552147239263804,0.190942439164018,0.0146249367151215,,,0.406321353531377,0.424059196555843,6,0.329335651638757,0.874109118061882,hsa04068,FoxO signaling pathway,FOXO3,RBL2,coherent
Pik3ca,Akt2,kidney,cDC,152,0.0526315789473684,0.164473684210526,0.0263157894736842,0.197084014217453,0.0149463754264851,,,0.757818305988673,0.242181694011327,4,0.329335651638757,0.830500206859146,hsa04066,HIF-1 signaling pathway,PIK3CA,AKT2,discordant
Sos1,Hras,kidney,Endothelial,2875,0.155478260869565,0.400347826086957,0.0601739130434783,-0.0445919685977186,0.0167967158973956,0.582802914988112,4.0244491361604e-17,0.0502945490640793,0.914725270196894,7,0.357770048614527,0.994063686489481,hsa04068,FoxO signaling pathway,SOS1,HRAS,discordant
Sos1,Hras,kidney,Endothelial,2875,0.155478260869565,0.400347826086957,0.0601739130434783,-0.0445919685977186,0.0167967158973956,0.582802914988112,4.0244491361604e-17,0.0502945490640793,0.914725270196894,7,0.357770048614527,0.994063686489481,hsa04910,Insulin signaling pathway,SOS1,HRAS,discordant
Hras,Pik3ca,kidney,Macrophage,907,0.0793825799338479,0.0551267916207277,0.00882028665931643,0.0780625118376958,0.0187073544365218,,,0.52083959312622,0.230674284401059,7,0.374510799967764,0.827936588704405,hsa04211,Longevity regulating pathway,HRAS,PIK3CA,discordant
Stat3,Foxo3,kidney,cDC,152,0.467105263157895,0.125,0.0263157894736842,-0.190038667776813,0.0190258160310475,,,0.98863588949815,0.0113641105018504,4,0.374510799967764,0.699649146351762,hsa04068,FoxO signaling pathway,STAT3,FOXO3,discordant
Gnb2,Hras,kidney,PT,324,0.481481481481482,0.41358024691358,0.296296296296296,0.129889628198435,0.0193409333316686,0.242688551275095,0.017399782439274,0.396675687158953,0.378289016226868,7,0.374510799967764,0.851438440004285,hsa04371,Apelin signaling pathway,GNB2,HRAS,coherent
Calm1,Nos3,kidney,Endothelial,2875,0.91895652173913,0.171130434782609,0.16104347826087,0.043244029778092,0.0204070157229556,0.0467688019135273,0.315294793679095,-0.485307530587231,0.26960721704091,7,0.376822368455568,0.830500206859146,hsa04371,Apelin signaling pathway,CALM1,NOS3,discordant
Irs2,Pik3ca,kidney,Macrophage,907,0.115766262403528,0.0551267916207277,0.0154355016538037,0.0768443790522021,0.0206397228418543,0.837362637362637,0.000277387372939652,0.142703493572619,0.76019820772774,7,0.376822368455568,0.964429102117725,hsa04068,FoxO signaling pathway,IRS2,PIK3CA,coherent
Irs2,Pik3ca,kidney,Macrophage,907,0.115766262403528,0.0551267916207277,0.0154355016538037,0.0768443790522021,0.0206397228418543,0.837362637362637,0.000277387372939652,0.142703493572619,0.76019820772774,7,0.376822368455568,0.964429102117725,hsa04152,AMPK signaling pathway,IRS2,PIK3CA,coherent
Irs2,Pik3ca,kidney,Macrophage,907,0.115766262403528,0.0551267916207277,0.0154355016538037,0.0768443790522021,0.0206397228418543,0.837362637362637,0.000277387372939652,0.142703493572619,0.76019820772774,7,0.376822368455568,0.964429102117725,hsa04211,Longevity regulating pathway,IRS2,PIK3CA,coherent
Irs2,Pik3ca,kidney,Macrophage,907,0.115766262403528,0.0551267916207277,0.0154355016538037,0.0768443790522021,0.0206397228418543,0.837362637362637,0.000277387372939652,0.142703493572619,0.76019820772774,7,0.376822368455568,0.964429102117725,hsa04910,Insulin signaling pathway,IRS2,PIK3CA,coherent
Mapk13,Foxo3,kidney,Distal_tubule,234,0.0256410256410256,0.106837606837607,0.0128205128205128,0.149633814765253,0.0220442081041732,,,-0.279077349826453,0.592251828746197,6,0.391284693849074,0.927494145695833,hsa04068,FoxO signaling pathway,MAPK13,FOXO3,coherent
Foxo3,Klf2,kidney,Distal_tubule,234,0.106837606837607,0.358974358974359,0.0726495726495727,0.148871594734268,0.0227378888291024,0.651960784313726,0.0056736141135422,0.587618622034055,0.220023142492149,6,0.392689485453957,0.81268663614152,hsa04068,FoxO signaling pathway,FOXO3,KLF2,discordant
Ppp1ca,Calm1,kidney,Distal_tubule,234,0.384615384615385,0.632478632478633,0.320512820512821,0.148132235417488,0.0234286885651714,0.485782159112578,9.96518101612354e-06,0.744689121835998,0.0894544200025657,6,0.393971894556435,0.747384535923108,hsa04910,Insulin signaling pathway,PPP1CA,CALM1,coherent
Gnb2,Prkaa2,kidney,PT,324,0.481481481481482,0.305555555555556,0.222222222222222,0.1243010827353,0.025256537444947,0.351758955559843,0.00258113632633207,0.656731727666389,0.109048259423888,7,0.400516671003732,0.747384535923108,hsa04371,Apelin signaling pathway,GNB2,PRKAA2,coherent
Ppp1cb,Calm1,kidney,cDC,152,0.197368421052632,0.980263157894737,0.197368421052632,0.179609616579132,0.0268195501534098,0.248943270300334,0.184026964909869,0.591273324829503,0.408726675170497,4,0.400516671003732,0.864793137487389,hsa04910,Insulin signaling pathway,PPP1CB,CALM1,discordant
Prkaa2,Srebf1,kidney,PT,324,0.305555555555556,0.0339506172839506,0.0246913580246914,0.122973917143345,0.0268712616816486,,,0.172017970005207,0.712274541888914,7,0.400516671003732,0.952130248081697,hsa04152,AMPK signaling pathway,PRKAA2,SREBF1,discordant
Gnb2,Hras,kidney,Distal_tubule,234,0.303418803418803,0.170940170940171,0.106837606837607,0.144197332471844,0.027417478210893,0.576153846153846,0.00304795693427945,0.0347570716275866,0.947885386768813,6,0.400516671003732,0.998689735763778,hsa04371,Apelin signaling pathway,GNB2,HRAS,coherent
Hras,Pik3cd,kidney,cDC,152,0.138157894736842,0.217105263157895,0.0592105263157895,0.178901970079624,0.0274353733574741,,,0.666588950234081,0.333411049765919,4,0.400516671003732,0.831318726070332,hsa04211,Longevity regulating pathway,HRAS,PIK3CD,coherent
Prkaa2,Foxo3,kidney,LoH,163,0.177914110429448,0.122699386503067,0.0552147239263804,0.17242324140755,0.0277415427876407,,,0.484691744751644,0.329895750474691,6,0.400516671003732,0.831318726070332,hsa04068,FoxO signaling pathway,PRKAA2,FOXO3,discordant
Prkaa2,Foxo3,kidney,LoH,163,0.177914110429448,0.122699386503067,0.0552147239263804,0.17242324140755,0.0277415427876407,,,0.484691744751644,0.329895750474691,6,0.400516671003732,0.831318726070332,hsa04211,Longevity regulating pathway,PRKAA2,FOXO3,discordant
Gnb2,Rras,kidney,B_cell,189,0.354497354497354,0.0687830687830688,0.00529100529100529,-0.159654255197901,0.02820539936646,,,-0.370358994758046,0.629641005241954,4,0.400516671003732,0.929236948658745,hsa04371,Apelin signaling pathway,GNB2,RRAS,coherent
Il6,Stat3,kidney,PT,324,0.0308641975308642,0.114197530864198,0.00925925925925926,0.120627112861743,0.0299441049821782,,,0.579705696354661,0.17251786361881,7,0.400699624665396,0.780477908348161,hsa04068,FoxO signaling pathway,IL6,STAT3,coherent
Bcl2l1,Bax,kidney,Endothelial,2875,0.212521739130435,0.420869565217391,0.101565217391304,0.0404161213488322,0.0302336288709548,0.404052139771385,6.79798885139922e-13,0.273634178275532,0.552658297564957,7,0.400699624665396,0.91026938393907,hsa04115,p53 signaling pathway,BCL2L1,BAX,discordant
Gnai1,Prkce,kidney,PT,324,0.287037037037037,0.0648148148148148,0.0308641975308642,0.120366117486168,0.0303037345279378,0.503030303030303,0.14336680194002,0.311540274272625,0.496400888215787,7,0.400699624665396,0.889976691150472,hsa04371,Apelin signaling pathway,GNAI1,PRKCE,discordant
Gnb2,Rras2,kidney,Endothelial,2875,0.693565217391304,0.0511304347826087,0.0403478260869565,0.040296477188348,0.0307265752873308,0.311001335888536,0.00067884247012807,-0.633256449103911,0.126832886794507,7,0.400699624665396,0.749477239216397,hsa04371,Apelin signaling pathway,GNB2,RRAS2,discordant
Gnb2,Plcb3,kidney,Distal_tubule,234,0.303418803418803,0.0384615384615385,0.0299145299145299,0.137642403218847,0.0353545070821219,,,-0.116210396379388,0.826469107778491,6,0.445343317263825,0.966964969411617,hsa04371,Apelin signaling pathway,GNB2,PLCB3,coherent
Pik3ca,Prkcz,kidney,PT,324,0.132716049382716,0.330246913580247,0.0833333333333333,0.116835082959021,0.035543832833263,0.775946275946276,4.50704561577428e-06,0.819732240172191,0.0239864335601287,7,0.445343317263825,0.699649146351762,hsa04910,Insulin signaling pathway,PIK3CA,PRKCZ,discordant
Kras,Pik3cd,kidney,B_cell,189,0.148148148148148,0.0846560846560847,0.0264550264550265,0.152158547666347,0.0366049553280548,,,0.954963075943605,0.0450369240563955,4,0.449818585665904,0.699649146351762,hsa04211,Longevity regulating pathway,KRAS,PIK3CD,discordant
Ppp1ca,Calm1,kidney,B_cell,189,0.343915343915344,0.767195767195767,0.264550264550265,-0.151055997895863,0.0380031440482388,0.523937575030012,0.000118987801845982,0.0154339514584258,0.984566048541574,4,0.452652063872298,0.998689735763778,hsa04910,Insulin signaling pathway,PPP1CA,CALM1,coherent
Foxo3,Cdkn1b,kidney,Macrophage,907,0.0882028665931643,0.212789415656009,0.0143329658213892,-0.0688176352018714,0.0382522870877999,0.554945054945055,0.0525324710799385,0.288958797385171,0.529669037472752,7,0.452652063872298,0.907395482426511,hsa04068,FoxO signaling pathway,FOXO3,CDKN1B,coherent
Gnb2,Rras2,kidney,cDC,152,0.822368421052632,0.0328947368421053,0.0328947368421053,0.165219429558415,0.0419366223261485,,,-0.449669054102847,0.550330945897153,4,0.487227303025616,0.91026938393907,hsa04371,Apelin signaling pathway,GNB2,RRAS2,discordant
Usp7,Foxo3,kidney,B_cell,189,0.121693121693122,0.0846560846560847,0.0317460317460317,0.14659555696125,0.0441279296920473,,,0.31225318951277,0.68774681048723,4,0.50109215113132,0.945310496116283,hsa04068,FoxO signaling pathway,USP7,FOXO3,coherent
Gnb2,Kras,kidney,PT,324,0.481481481481482,0.219135802469136,0.169753086419753,0.111075716365285,0.0457359956757175,0.466233766233766,0.000387679431757986,0.343500849897473,0.450640553234406,7,0.50109215113132,0.889976691150472,hsa04371,Apelin signaling pathway,GNB2,KRAS,discordant
Gnb2,Prkaa2,kidney,B_cell,189,0.354497354497354,0.0317460317460317,0.0264550264550265,0.145305424543605,0.0460463996488551,,,0.682762482027316,0.317237517972684,4,0.50109215113132,0.831318726070332,hsa04371,Apelin signaling pathway,GNB2,PRKAA2,coherent
Akt1,Ppp1ca,kidney,Endothelial,2875,0.223304347826087,0.522782608695652,0.130434782608696,0.0371501427051019,0.0463956658497937,0.407282737525339,2.03917257517538e-16,-0.0823739662162873,0.860631576568727,7,0.50109215113132,0.972842240675032,hsa04910,Insulin signaling pathway,AKT1,PPP1CA,coherent
Gnb2,Kras,kidney,cDC,152,0.822368421052632,0.361842105263158,0.342105263157895,0.161347986872761,0.0470509062095136,-0.0583112780671049,0.68054352483165,-0.29779720032923,0.70220279967077,4,0.50109215113132,0.948997772988026,hsa04371,Apelin signaling pathway,GNB2,KRAS,discordant
Sos1,Kras,kidney,LoH,163,0.0736196319018405,0.325153374233129,0.049079754601227,0.15443025624314,0.0490353660417768,,,-0.540902118707902,0.267774068220775,6,0.513665555749104,0.830500206859146,hsa04068,FoxO signaling pathway,SOS1,KRAS,coherent
Sos1,Kras,kidney,LoH,163,0.0736196319018405,0.325153374233129,0.049079754601227,0.15443025624314,0.0490353660417768,,,-0.540902118707902,0.267774068220775,6,0.513665555749104,0.830500206859146,hsa04910,Insulin signaling pathway,SOS1,KRAS,coherent
Sirt1,Bax,kidney,T_cell,345,0.072463768115942,0.191304347826087,0.0231884057971015,0.103170362789474,0.0555612408658966,,,0.6987055975237,0.122491976061657,6,0.560886224627286,0.747384535923108,hsa04211,Longevity regulating pathway,SIRT1,BAX,coherent
Gnb2,Rras,kidney,cDC,152,0.822368421052632,0.203947368421053,0.197368421052632,0.154950122838433,0.0566356453345271,0.409566184649611,0.0254349503506911,0.751336286697874,0.248663713302126,4,0.560886224627286,0.830500206859146,hsa04371,Apelin signaling pathway,GNB2,RRAS,coherent
Kras,Pik3r2,kidney,PT,324,0.219135802469136,0.0648148148148148,0.0308641975308642,0.105878246559931,0.0569366121275017,0.612121212121212,0.0664691374895167,0.0977359466071968,0.834869635178018,7,0.560886224627286,0.966964969411617,hsa04211,Longevity regulating pathway,KRAS,PIK3R2,discordant
Mapk8,Foxo3,kidney,Macrophage,907,0.0352811466372657,0.0882028665931643,0.00441014332965821,0.0632085922882475,0.05705415430481,,,-0.21706138246198,0.640124388147053,7,0.560886224627286,0.929236948658745,hsa04068,FoxO signaling pathway,MAPK8,FOXO3,coherent
Pdpk1,Akt1,kidney,Macrophage,907,0.0749724366041896,0.144432194046307,0.0209481808158765,0.062787330976283,0.0587327583902276,0.929824561403509,3.13914325595018e-06,0.203983422465174,0.66086628918469,7,0.56863988805084,0.934277784931453,hsa04068,FoxO signaling pathway,PDPK1,AKT1,coherent
Pdpk1,Akt1,kidney,Macrophage,907,0.0749724366041896,0.144432194046307,0.0209481808158765,0.062787330976283,0.0587327583902276,0.929824561403509,3.13914325595018e-06,0.203983422465174,0.66086628918469,7,0.56863988805084,0.934277784931453,hsa04152,AMPK signaling pathway,PDPK1,AKT1,coherent
Pdpk1,Akt1,kidney,Macrophage,907,0.0749724366041896,0.144432194046307,0.0209481808158765,0.062787330976283,0.0587327583902276,0.929824561403509,3.13914325595018e-06,0.203983422465174,0.66086628918469,7,0.56863988805084,0.934277784931453,hsa04910,Insulin signaling pathway,PDPK1,AKT1,coherent
Prkaa2,Srebf1,kidney,Distal_tubule,234,0.132478632478632,0.047008547008547,0.0256410256410256,0.12281828830291,0.0606820032260965,,,-0.0138965917895904,0.979156454137606,6,0.578743284499637,0.998689735763778,hsa04152,AMPK signaling pathway,PRKAA2,SREBF1,discordant
Prkaa2,Foxo3,kidney,Distal_tubule,234,0.132478632478632,0.106837606837607,0.0512820512820513,0.121063768309905,0.0644855024805389,0.734265734265734,0.00905209711737095,-0.298245253708575,0.565896611596792,6,0.605974060074476,0.91026938393907,hsa04068,FoxO signaling pathway,PRKAA2,FOXO3,discordant
Prkaa2,Foxo3,kidney,Distal_tubule,234,0.132478632478632,0.106837606837607,0.0512820512820513,0.121063768309905,0.0644855024805389,0.734265734265734,0.00905209711737095,-0.298245253708575,0.565896611596792,6,0.605974060074476,0.91026938393907,hsa04211,Longevity regulating pathway,PRKAA2,FOXO3,discordant
Foxo3,Rbl2,kidney,cDC,152,0.125,0.0723684210526316,0.0131578947368421,0.148177935614424,0.0684776868082831,,,-0.585873708808856,0.414126291191144,4,0.634162925659318,0.864793137487389,hsa04068,FoxO signaling pathway,FOXO3,RBL2,coherent
Pik3r2,Prkcz,kidney,LoH,163,0.0552147239263804,0.190184049079755,0.0245398773006135,0.141861323796653,0.0708601975056398,,,0.256050269869073,0.624318145896054,6,0.646852374372912,0.929236948658745,hsa04910,Insulin signaling pathway,PIK3R2,PRKCZ,coherent
Pdpk1,Akt2,kidney,B_cell,189,0.0687830687830688,0.0687830687830688,0.0105820105820106,0.129332636212398,0.0761142260675025,,,0.100223747220921,0.899776252779079,4,0.679427682362894,0.984515454667519,hsa04068,FoxO signaling pathway,PDPK1,AKT2,coherent
Pdpk1,Akt2,kidney,B_cell,189,0.0687830687830688,0.0687830687830688,0.0105820105820106,0.129332636212398,0.0761142260675025,,,0.100223747220921,0.899776252779079,4,0.679427682362894,0.984515454667519,hsa04152,AMPK signaling pathway,PDPK1,AKT2,coherent
Pdpk1,Akt2,kidney,B_cell,189,0.0687830687830688,0.0687830687830688,0.0105820105820106,0.129332636212398,0.0761142260675025,,,0.100223747220921,0.899776252779079,4,0.679427682362894,0.984515454667519,hsa04910,Insulin signaling pathway,PDPK1,AKT2,coherent
Akt1,Ppp1ca,kidney,cDC,152,0.223684210526316,0.690789473684211,0.177631578947368,0.143977474784174,0.0767850472124228,0.191697191697192,0.336569048017768,0.113950854853959,0.886049145146041,4,0.679427682362894,0.979038917155068,hsa04910,Insulin signaling pathway,AKT1,PPP1CA,coherent
Irs2,Pik3ca,kidney,LoH,163,0.202453987730061,0.196319018404908,0.0245398773006135,-0.138618683731975,0.0776184989240865,,,0.462197256733277,0.35607286076797,6,0.679427682362894,0.84899461951766,hsa04068,FoxO signaling pathway,IRS2,PIK3CA,coherent
Irs2,Pik3ca,kidney,LoH,163,0.202453987730061,0.196319018404908,0.0245398773006135,-0.138618683731975,0.0776184989240865,,,0.462197256733277,0.35607286076797,6,0.679427682362894,0.84899461951766,hsa04152,AMPK signaling pathway,IRS2,PIK3CA,coherent
Irs2,Pik3ca,kidney,LoH,163,0.202453987730061,0.196319018404908,0.0245398773006135,-0.138618683731975,0.0776184989240865,,,0.462197256733277,0.35607286076797,6,0.679427682362894,0.84899461951766,hsa04211,Longevity regulating pathway,IRS2,PIK3CA,coherent
Irs2,Pik3ca,kidney,LoH,163,0.202453987730061,0.196319018404908,0.0245398773006135,-0.138618683731975,0.0776184989240865,,,0.462197256733277,0.35607286076797,6,0.679427682362894,0.84899461951766,hsa04910,Insulin signaling pathway,IRS2,PIK3CA,coherent
Gnb2,Plcb1,kidney,PT,324,0.481481481481482,0.0679012345679012,0.058641975308642,0.0976426490130603,0.0792643264988318,0.421052631578947,0.0739524899230251,0.534915977352059,0.216034138829848,7,0.682350140620907,0.81268663614152,hsa04371,Apelin signaling pathway,GNB2,PLCB1,discordant
Foxo3,Cdkn1a,kidney,Macrophage,907,0.0882028665931643,0.217199558985667,0.0297684674751929,0.0581446351677968,0.0800880446738154,0.0109906885725623,0.956609754279512,0.457238188394313,0.302298280463937,7,0.682350140620907,0.830500206859146,hsa04068,FoxO signaling pathway,FOXO3,CDKN1A,discordant
Prkce,Rras2,kidney,B_cell,189,0.0793650793650794,0.0846560846560847,0.0211640211640212,0.126868023319348,0.0819270688811312,,,0.177308704975558,0.822691295024442,4,0.688834171250564,0.966964969411617,hsa04371,Apelin signaling pathway,PRKCE,RRAS2,discordant
Stat3,Foxo3,kidney,LoH,163,0.282208588957055,0.122699386503067,0.0613496932515337,0.135154648736145,0.0854031400923654,0.309090909090909,0.387054968154447,0.893098339693657,0.0165311132494371,6,0.705510658779221,0.699649146351762,hsa04068,FoxO signaling pathway,STAT3,FOXO3,discordant
Foxo3,Cdkn1a,kidney,Distal_tubule,234,0.106837606837607,0.183760683760684,0.0427350427350427,0.112329628981871,0.0864292808644359,0.757575757575757,0.0159208292880929,-0.517066400553079,0.293521231295881,6,0.705510658779221,0.830500206859146,hsa04068,FoxO signaling pathway,FOXO3,CDKN1A,discordant
Mapk8,Irs2,kidney,LoH,163,0.098159509202454,0.202453987730061,0.0245398773006135,0.134381705959507,0.0872227575016565,,,0.416762586261424,0.411050086901277,6,0.705510658779221,0.864793137487389,hsa04910,Insulin signaling pathway,MAPK8,IRS2,discordant
Gnb2,Rras,kidney,LoH,163,0.601226993865031,0.098159509202454,0.0920245398773006,0.133887074216098,0.088403364350507,0.567857142857143,0.0298044733892531,-0.55496196245349,0.253016420251349,6,0.706121872749674,0.830500206859146,hsa04371,Apelin signaling pathway,GNB2,RRAS,coherent
Sirt1,Foxo3,kidney,cDC,152,0.105263157894737,0.125,0.0263157894736842,0.137479160875197,0.0912204488227077,,,0.986331821509888,0.013668178490112,4,0.710459380790282,0.699649146351762,hsa04211,Longevity regulating pathway,SIRT1,FOXO3,coherent
Pdpk1,Prkcz,kidney,PT,324,0.154320987654321,0.330246913580247,0.0895061728395062,0.093953665116138,0.0913409300892431,0.40935960591133,0.0283180105577457,0.0938563063438505,0.84136545069305,7,0.710459380790282,0.966964969411617,hsa04910,Insulin signaling pathway,PDPK1,PRKCZ,coherent
Gnb2,Rras,kidney,Macrophage,907,0.504961411245866,0.0871003307607497,0.0573318632855568,0.0555860378497705,0.0943196884881993,0.541589293841752,3.38016955761175e-05,-0.481578174401089,0.273854056345282,7,0.710459380790282,0.830500206859146,hsa04371,Apelin signaling pathway,GNB2,RRAS,coherent
Gnb2,Kras,kidney,Distal_tubule,234,0.303418803418803,0.196581196581197,0.115384615384615,0.109341203355049,0.095187041406289,0.308913308913309,0.117032554562063,-0.442352944389492,0.379749538969047,6,0.710459380790282,0.851438440004285,hsa04371,Apelin signaling pathway,GNB2,KRAS,discordant
Prkce,Hras,kidney,PT,324,0.0648148148148148,0.41358024691358,0.0524691358024691,0.0926453129787796,0.0959621249328532,0.279411764705882,0.276432987525514,0.594651908196106,0.159060716939455,7,0.710459380790282,0.767932487795225,hsa04371,Apelin signaling pathway,PRKCE,HRAS,coherent
Kras,Araf,kidney,T_cell,345,0.153623188405797,0.0985507246376812,0.0231884057971015,0.0896050492304619,0.0965842473727403,,,0.552619944080402,0.25545205538593,6,0.710459380790282,0.830500206859146,hsa04068,FoxO signaling pathway,KRAS,ARAF,discordant
Kras,Araf,kidney,T_cell,345,0.153623188405797,0.0985507246376812,0.0231884057971015,0.0896050492304619,0.0965842473727403,,,0.552619944080402,0.25545205538593,6,0.710459380790282,0.830500206859146,hsa04910,Insulin signaling pathway,KRAS,ARAF,discordant
Ptprf,Irs2,kidney,LoH,163,0.263803680981595,0.202453987730061,0.0858895705521472,0.129898334480131,0.0983964871325177,0.0505494505494506,0.867596308123435,0.195924116468117,0.709874222277908,6,0.710459380790282,0.952130248081697,hsa04910,Insulin signaling pathway,PTPRF,IRS2,coherent
Prkce,Kras,kidney,Distal_tubule,234,0.0299145299145299,0.196581196581197,0.0170940170940171,0.108189638904798,0.0987446621309528,,,-0.395530506454413,0.437643503048838,6,0.710459380790282,0.886603406291726,hsa04371,Apelin signaling pathway,PRKCE,KRAS,discordant
Sirt1,Bax,kidney,LoH,163,0.128834355828221,0.319018404907975,0.0306748466257669,-0.129685871900286,0.0989528715028719,,,0.542132719879734,0.266469460986335,6,0.710459380790282,0.830500206859146,hsa04211,Longevity regulating pathway,SIRT1,BAX,coherent
Foxo3,Cdkn1a,kidney,PT,324,0.135802469135802,0.191358024691358,0.0462962962962963,0.0908900031600506,0.102452431996924,0.589285714285714,0.0232480659519619,0.639843015403577,0.121703470328372,7,0.727269318570305,0.747384535923108,hsa04068,FoxO signaling pathway,FOXO3,CDKN1A,discordant
Foxo3,Cdkn1a,kidney,LoH,163,0.122699386503067,0.245398773006135,0.0552147239263804,0.127754220846855,0.104126200575959,,,-0.520779747868091,0.289451118415463,6,0.727269318570305,0.830500206859146,hsa04068,FoxO signaling pathway,FOXO3,CDKN1A,discordant
Pik3cd,Akt1,kidney,cDC,152,0.217105263157895,0.223684210526316,0.0723684210526316,0.132110590291734,0.104708571687743,0.218181818181818,0.520948935577084,-0.513551146847796,0.486448853152204,4,0.727269318570305,0.889976691150472,hsa04066,HIF-1 signaling pathway,PIK3CD,AKT1,coherent
Hras,Pik3cd,kidney,Macrophage,907,0.0793825799338479,0.128996692392503,0.0165380374862183,0.0534808391651598,0.107488843333014,0.942857142857143,0,-0.593610769621902,0.159980577034668,7,0.738552375159098,0.767932487795225,hsa04211,Longevity regulating pathway,HRAS,PIK3CD,coherent
Sirt1,Foxo3,kidney,PT,324,0.0493827160493827,0.135802469135802,0.0216049382716049,0.0880527047280484,0.113673083944197,,,0.67762631830228,0.094387256827691,7,0.761437247211512,0.747384535923108,hsa04211,Longevity regulating pathway,SIRT1,FOXO3,coherent
Prkaa2,Gys2,kidney,PT,324,0.305555555555556,0.037037037037037,0.0185185185185185,0.0878862801627333,0.114360028709748,,,0.138756932677222,0.766700036789805,7,0.761437247211512,0.964429102117725,hsa04152,AMPK signaling pathway,PRKAA2,GYS2,coherent
Akt2,Tsc2,kidney,Distal_tubule,234,0.0811965811965812,0.0427350427350427,0.0170940170940171,0.102800826145048,0.11681419075052,,,-0.514635933387045,0.296196800434799,6,0.761437247211512,0.830500206859146,hsa04910,Insulin signaling pathway,AKT2,TSC2,discordant
Akt2,Foxo3,kidney,LoH,163,0.104294478527607,0.122699386503067,0.0184049079754601,0.123313092818339,0.116827121000534,,,0.00799676511749412,0.988005108013336,6,0.761437247211512,0.998689735763778,hsa04068,FoxO signaling pathway,AKT2,FOXO3,coherent
Akt2,Foxo3,kidney,LoH,163,0.104294478527607,0.122699386503067,0.0184049079754601,0.123313092818339,0.116827121000534,,,0.00799676511749412,0.988005108013336,6,0.761437247211512,0.998689735763778,hsa04211,Longevity regulating pathway,AKT2,FOXO3,coherent
Foxo3,Cdkn1a,kidney,B_cell,189,0.0846560846560847,0.0793650793650794,0.0158730158730159,0.114303514627264,0.117319079342402,,,0.0275860018466976,0.972413998153302,4,0.761437247211512,0.998689735763778,hsa04068,FoxO signaling pathway,FOXO3,CDKN1A,discordant
Pik3ca,Akt1,kidney,LoH,163,0.196319018404908,0.122699386503067,0.049079754601227,0.122932553318854,0.117969150976431,,,-0.512512686305279,0.298541632934364,6,0.761437247211512,0.830500206859146,hsa04066,HIF-1 signaling pathway,PIK3CA,AKT1,discordant
Prkce,Kras,kidney,B_cell,189,0.0793650793650794,0.148148148148148,0.0317460317460317,0.113253786678371,0.120746076363289,,,0.926731567681015,0.073268432318985,4,0.76815336097265,0.732748669680389,hsa04371,Apelin signaling pathway,PRKCE,KRAS,discordant
Sos2,Kras,kidney,cDC,152,0.0328947368421053,0.361842105263158,0,-0.126168572225561,0.121413911515239,,,0.501088144641288,0.498911855358712,4,0.76815336097265,0.889976691150472,hsa04068,FoxO signaling pathway,SOS2,KRAS,coherent
Sos2,Kras,kidney,cDC,152,0.0328947368421053,0.361842105263158,0,-0.126168572225561,0.121413911515239,,,0.501088144641288,0.498911855358712,4,0.76815336097265,0.889976691150472,hsa04910,Insulin signaling pathway,SOS2,KRAS,coherent
Mapk8,Irs2,kidney,cDC,152,0.0921052631578947,0.118421052631579,0.0131578947368421,0.125459165539092,0.12353899738624,,,-0.443736387441906,0.556263612558094,4,0.773935483625559,0.91026938393907,hsa04910,Insulin signaling pathway,MAPK8,IRS2,discordant
Gnb2,Rras2,kidney,PT,324,0.481481481481482,0.104938271604938,0.0771604938271605,0.0852555959532937,0.125655951665242,0.608461538461539,0.00155716233559549,-0.189401778148336,0.684197667261941,7,0.775491064814339,0.945310496116283,hsa04371,Apelin signaling pathway,GNB2,RRAS2,discordant
Gnb2,Prkce,kidney,Macrophage,907,0.504961411245866,0.0231532524807056,0.0154355016538037,0.0508135712469983,0.126214508201395,0.784615384615385,0.00142516552744664,-0.034929522073823,0.940737969022635,7,0.775491064814339,0.998689735763778,hsa04371,Apelin signaling pathway,GNB2,PRKCE,coherent
Sos1,Kras,kidney,Macrophage,907,0.0385887541345094,0.178610804851158,0.00441014332965821,-0.0502105762332215,0.130780385897164,,,0.020363178185568,0.965437561890401,7,0.79006735903986,0.998689735763778,hsa04068,FoxO signaling pathway,SOS1,KRAS,coherent
Sos1,Kras,kidney,Macrophage,907,0.0385887541345094,0.178610804851158,0.00441014332965821,-0.0502105762332215,0.130780385897164,,,0.020363178185568,0.965437561890401,7,0.79006735903986,0.998689735763778,hsa04910,Insulin signaling pathway,SOS1,KRAS,coherent
Calm1,Pygb,kidney,Macrophage,907,0.820286659316428,0.0540242557883131,0.0452039691289967,-0.0500632240459657,0.131915352061096,0.129442508710801,0.418541923397181,-0.310720473502292,0.497595512979405,7,0.79006735903986,0.889976691150472,hsa04910,Insulin signaling pathway,CALM1,PYGB,discordant
Prmt1,Foxo3,kidney,Endothelial,2875,0.202434782608696,0.0587826086956522,0.0104347826086957,-0.0280064979594171,0.133272144433636,0.654800315543699,8.63357945660829e-05,-0.432932600900988,0.3319264189825,7,0.79006735903986,0.831318726070332,hsa04068,FoxO signaling pathway,PRMT1,FOXO3,discordant
Sos2,Kras,kidney,LoH,163,0.104294478527607,0.325153374233129,0.0613496932515337,0.117970712090561,0.133666147150741,0.6,0.0731198750392827,0.658587351465994,0.154945922459487,6,0.79006735903986,0.767932487795225,hsa04068,FoxO signaling pathway,SOS2,KRAS,coherent
Sos2,Kras,kidney,LoH,163,0.104294478527607,0.325153374233129,0.0613496932515337,0.117970712090561,0.133666147150741,0.6,0.0731198750392827,0.658587351465994,0.154945922459487,6,0.79006735903986,0.767932487795225,hsa04910,Insulin signaling pathway,SOS2,KRAS,coherent
Ppp1cb,Calm1,kidney,PT,324,0.259259259259259,0.774691358024691,0.243827160493827,0.0832640144672981,0.134768923529491,0.13960564751704,0.21931117384717,0.192475408880167,0.679262449565672,7,0.79006735903986,0.945310496116283,hsa04910,Insulin signaling pathway,PPP1CB,CALM1,discordant
Prkce,Rras,kidney,Endothelial,2875,0.160695652173913,0.510608695652174,0.0817391304347826,-0.0276743509367522,0.137938807457632,0.373781169467189,3.31471585377405e-09,-0.629392557422687,0.129892385643924,7,0.801299072412969,0.749477239216397,hsa04371,Apelin signaling pathway,PRKCE,RRAS,coherent
Foxo3,Gadd45a,kidney,LoH,163,0.122699386503067,0.226993865030675,0.0429447852760736,0.115909210389159,0.140639983982511,,,0.374921925792958,0.463967833461042,6,0.802135364422932,0.889976691150472,hsa04068,FoxO signaling pathway,FOXO3,GADD45A,discordant
Usp7,Foxo3,kidney,Endothelial,2875,0.179826086956522,0.0587826086956522,0.0142608695652174,0.0273707626014053,0.142313417580121,0.619686411149826,2.36325169085022e-05,-0.281873290028886,0.540258223323981,7,0.802135364422932,0.90834375176485,hsa04068,FoxO signaling pathway,USP7,FOXO3,coherent
Il6,Stat3,kidney,B_cell,189,0.037037037037037,0.132275132275132,0.0105820105820106,0.107086716312165,0.142470428352219,,,-0.0825143284739674,0.917485671526033,4,0.802135364422932,0.994959405881657,hsa04068,FoxO signaling pathway,IL6,STAT3,coherent
Pik3cd,Pdpk1,kidney,Macrophage,907,0.128996692392503,0.0749724366041896,0.00771775082690187,-0.0486488867431244,0.143200037701487,,,-0.601106233534587,0.153417210498309,7,0.802135364422932,0.767932487795225,hsa04910,Insulin signaling pathway,PIK3CD,PDPK1,coherent
Pik3ca,Akt2,kidney,Endothelial,2875,0.11895652173913,0.0424347826086957,0.00347826086956522,-0.0272312401333599,0.14435925963793,0.903030303030303,0.000880224994754143,0.659222898267103,0.107242323105677,7,0.802135364422932,0.747384535923108,hsa04066,HIF-1 signaling pathway,PIK3CA,AKT2,discordant
Akt1,Nos3,kidney,Endothelial,2875,0.223304347826087,0.171130434782609,0.0459130434782609,0.0270503069083044,0.14704577473776,0.661130612527646,6.28135931570442e-18,0.313635783122019,0.493351895308713,7,0.810019397046796,0.889976691150472,hsa04371,Apelin signaling pathway,AKT1,NOS3,coherent
Ppp1cb,Calm1,kidney,Endothelial,2875,0.258434782608696,0.91895652173913,0.245565217391304,0.0269398247798128,0.148704914660634,0.0454299093532469,0.227977072125048,-0.432746933844063,0.332157326889372,7,0.812157610838845,0.831318726070332,hsa04910,Insulin signaling pathway,PPP1CB,CALM1,discordant
Sos2,Hras,kidney,PT,324,0.108024691358025,0.41358024691358,0.0493827160493827,-0.0797807162430471,0.151918589046613,0.470588235294118,0.0679023726650785,0.339130870511825,0.456801388894978,7,0.822677783057508,0.889976691150472,hsa04068,FoxO signaling pathway,SOS2,HRAS,discordant
Sos2,Hras,kidney,PT,324,0.108024691358025,0.41358024691358,0.0493827160493827,-0.0797807162430471,0.151918589046613,0.470588235294118,0.0679023726650785,0.339130870511825,0.456801388894978,7,0.822677783057508,0.889976691150472,hsa04910,Insulin signaling pathway,SOS2,HRAS,discordant
Irs2,Pik3r2,kidney,Distal_tubule,234,0.166666666666667,0.0341880341880342,0.0213675213675214,0.0922851983084101,0.159386790425527,,,0.0793489386880447,0.881226392507052,6,0.848719241539452,0.979038917155068,hsa04068,FoxO signaling pathway,IRS2,PIK3R2,discordant
Irs2,Pik3r2,kidney,Distal_tubule,234,0.166666666666667,0.0341880341880342,0.0213675213675214,0.0922851983084101,0.159386790425527,,,0.0793489386880447,0.881226392507052,6,0.848719241539452,0.979038917155068,hsa04152,AMPK signaling pathway,IRS2,PIK3R2,discordant
Irs2,Pik3r2,kidney,Distal_tubule,234,0.166666666666667,0.0341880341880342,0.0213675213675214,0.0922851983084101,0.159386790425527,,,0.0793489386880447,0.881226392507052,6,0.848719241539452,0.979038917155068,hsa04211,Longevity regulating pathway,IRS2,PIK3R2,discordant
Irs2,Pik3r2,kidney,Distal_tubule,234,0.166666666666667,0.0341880341880342,0.0213675213675214,0.0922851983084101,0.159386790425527,,,0.0793489386880447,0.881226392507052,6,0.848719241539452,0.979038917155068,hsa04910,Insulin signaling pathway,IRS2,PIK3R2,discordant
Akt1,Tsc2,kidney,cDC,152,0.223684210526316,0.0526315789473684,0,-0.11288532152326,0.166148768176181,,,-0.210459523673364,0.789540476326636,4,0.848719241539452,0.964429102117725,hsa04910,Insulin signaling pathway,AKT1,TSC2,discordant
Pdpk1,Prkcz,kidney,T_cell,345,0.0869565217391304,0.0608695652173913,0,-0.0746193248871637,0.166698307920929,,,-0.109586045549327,0.836278946641381,6,0.848719241539452,0.966964969411617,hsa04910,Insulin signaling pathway,PDPK1,PRKCZ,coherent
Prkaa2,Klf2,kidney,Distal_tubule,234,0.132478632478632,0.358974358974359,0.0512820512820513,-0.0906718987735463,0.166838160011727,0.748251748251748,0.00735320726192815,-0.590550458514963,0.217151502383589,6,0.848719241539452,0.81268663614152,hsa04371,Apelin signaling pathway,PRKAA2,KLF2,coherent
Pik3r2,Akt1,kidney,B_cell,189,0.0317460317460317,0.0793650793650794,0.0105820105820106,0.100560902472761,0.168572521073726,,,0.749739780104063,0.250260219895937,4,0.848719241539452,0.830500206859146,hsa04066,HIF-1 signaling pathway,PIK3R2,AKT1,coherent
Rps6kb2,Rps6,kidney,Macrophage,907,0.0264608599779493,0.85226019845645,0.0253583241455347,0.0455794256635709,0.170216062820341,-0.156126482213439,0.475131040350334,-0.450221753534648,0.310727736244471,7,0.848719241539452,0.830774156737309,hsa04066,HIF-1 signaling pathway,RPS6KB2,RPS6,discordant
Rps6kb2,Rps6,kidney,Macrophage,907,0.0264608599779493,0.85226019845645,0.0253583241455347,0.0455794256635709,0.170216062820341,-0.156126482213439,0.475131040350334,-0.450221753534648,0.310727736244471,7,0.848719241539452,0.830774156737309,hsa04371,Apelin signaling pathway,RPS6KB2,RPS6,discordant
Rps6kb2,Rps6,kidney,Macrophage,907,0.0264608599779493,0.85226019845645,0.0253583241455347,0.0455794256635709,0.170216062820341,-0.156126482213439,0.475131040350334,-0.450221753534648,0.310727736244471,7,0.848719241539452,0.830774156737309,hsa04910,Insulin signaling pathway,RPS6KB2,RPS6,discordant
Hras,Araf,kidney,Distal_tubule,234,0.170940170940171,0.0811965811965812,0.0256410256410256,0.0897319946184711,0.171297574588188,,,0.689661290416319,0.129520793646435,6,0.848719241539452,0.749477239216397,hsa04068,FoxO signaling pathway,HRAS,ARAF,coherent
Hras,Araf,kidney,Distal_tubule,234,0.170940170940171,0.0811965811965812,0.0256410256410256,0.0897319946184711,0.171297574588188,,,0.689661290416319,0.129520793646435,6,0.848719241539452,0.749477239216397,hsa04910,Insulin signaling pathway,HRAS,ARAF,coherent
Hras,Araf,kidney,PT,324,0.41358024691358,0.138888888888889,0.0987654320987654,0.0761522068924231,0.17149108974846,0.191715542521994,0.291903425146989,0.678290374676789,0.0939394469860191,7,0.848719241539452,0.747384535923108,hsa04068,FoxO signaling pathway,HRAS,ARAF,coherent
Hras,Araf,kidney,PT,324,0.41358024691358,0.138888888888889,0.0987654320987654,0.0761522068924231,0.17149108974846,0.191715542521994,0.291903425146989,0.678290374676789,0.0939394469860191,7,0.848719241539452,0.747384535923108,hsa04910,Insulin signaling pathway,HRAS,ARAF,coherent
Irs2,Pik3cd,kidney,Macrophage,907,0.115766262403528,0.128996692392503,0.0110253583241455,-0.0454334898460511,0.171589559152798,0.454545454545455,0.190932019316111,0.289951715535361,0.528190750282962,7,0.848719241539452,0.907395482426511,hsa04068,FoxO signaling pathway,IRS2,PIK3CD,discordant
Irs2,Pik3cd,kidney,Macrophage,907,0.115766262403528,0.128996692392503,0.0110253583241455,-0.0454334898460511,0.171589559152798,0.454545454545455,0.190932019316111,0.289951715535361,0.528190750282962,7,0.848719241539452,0.907395482426511,hsa04152,AMPK signaling pathway,IRS2,PIK3CD,discordant
Irs2,Pik3cd,kidney,Macrophage,907,0.115766262403528,0.128996692392503,0.0110253583241455,-0.0454334898460511,0.171589559152798,0.454545454545455,0.190932019316111,0.289951715535361,0.528190750282962,7,0.848719241539452,0.907395482426511,hsa04211,Longevity regulating pathway,IRS2,PIK3CD,discordant
Irs2,Pik3cd,kidney,Macrophage,907,0.115766262403528,0.128996692392503,0.0110253583241455,-0.0454334898460511,0.171589559152798,0.454545454545455,0.190932019316111,0.289951715535361,0.528190750282962,7,0.848719241539452,0.907395482426511,hsa04910,Insulin signaling pathway,IRS2,PIK3CD,discordant
Foxo3,Ccnd1,kidney,cDC,152,0.125,0.835526315789474,0.118421052631579,0.11127018078628,0.172332134841823,0.126934984520124,0.614928782800616,-0.389163954162303,0.610836045837697,4,0.848719241539452,0.929236948658745,hsa04068,FoxO signaling pathway,FOXO3,CCND1,discordant
Gnai2,Prkce,kidney,T_cell,345,0.539130434782609,0.0376811594202899,0.0318840579710145,0.0735205618802734,0.173048885591978,0.427272727272727,0.19262499772471,0.77712286626585,0.0689757015884025,6,0.848719241539452,0.732748669680389,hsa04371,Apelin signaling pathway,GNAI2,PRKCE,coherent
Prmt1,Foxo3,kidney,Distal_tubule,234,0.115384615384615,0.106837606837607,0.0341880341880342,0.0888092324930439,0.175761321988219,,,-0.523310499796886,0.286689555501795,6,0.848719241539452,0.830500206859146,hsa04068,FoxO signaling pathway,PRMT1,FOXO3,discordant
Prkce,Rras,kidney,Distal_tubule,234,0.0299145299145299,0.0683760683760684,0.00854700854700855,0.0887659326271939,0.175972876995513,,,0.87594177892861,0.0221310078817246,6,0.848719241539452,0.699649146351762,hsa04371,Apelin signaling pathway,PRKCE,RRAS,coherent
Foxo3,Bcl2l11,kidney,T_cell,345,0.0927536231884058,0.136231884057971,0.0260869565217391,0.0729518948346721,0.176405533971053,,,0.611858025214172,0.196743680975015,6,0.848719241539452,0.808712508790501,hsa04068,FoxO signaling pathway,FOXO3,BCL2L11,discordant
Foxo3,Gadd45a,kidney,B_cell,189,0.0846560846560847,0.0899470899470899,0.0264550264550265,0.0979959625616615,0.179753134569488,,,0.286274821860512,0.713725178139488,4,0.848719241539452,0.952130248081697,hsa04068,FoxO signaling pathway,FOXO3,GADD45A,discordant
Prkcz,Srebf1,kidney,Distal_tubule,234,0.0726495726495727,0.047008547008547,0.00854700854700855,0.0877407932265673,0.181036765018597,,,0.514787603303039,0.296029568019019,6,0.848719241539452,0.830500206859146,hsa04910,Insulin signaling pathway,PRKCZ,SREBF1,coherent
Hras,Pik3cd,kidney,LoH,163,0.337423312883436,0.0368098159509202,0.00613496932515337,-0.105096861019095,0.181823562997422,,,-0.600613132050269,0.207411731684809,6,0.848719241539452,0.81268663614152,hsa04211,Longevity regulating pathway,HRAS,PIK3CD,coherent
Gnb2,Rras2,kidney,LoH,163,0.601226993865031,0.159509202453988,0.134969325153374,0.105046202874875,0.182035416532572,0.547148503670243,0.00939514709097245,-0.25644893826238,0.623759410472113,6,0.848719241539452,0.929236948658745,hsa04371,Apelin signaling pathway,GNB2,RRAS2,discordant
Akt2,Ppp1cb,kidney,Macrophage,907,0.0661521499448732,0.115766262403528,0.0154355016538037,0.0442960218569867,0.182580028634329,0.947252747252747,0,-0.352954509631998,0.43742051258809,7,0.848719241539452,0.886603406291726,hsa04910,Insulin signaling pathway,AKT2,PPP1CB,discordant
Stat3,Foxo3,kidney,PT,324,0.114197530864198,0.135802469135802,0.0246913580246914,0.0741118797286001,0.183291479393497,,,0.737380080962724,0.0585826119076156,7,0.848719241539452,0.699649146351762,hsa04068,FoxO signaling pathway,STAT3,FOXO3,discordant
Pik3r2,Akt2,kidney,PT,324,0.0648148148148148,0.151234567901235,0.0216049382716049,0.0733070980793278,0.188107104576232,,,-0.377340781336874,0.404020911297572,7,0.854107933598678,0.864793137487389,hsa04066,HIF-1 signaling pathway,PIK3R2,AKT2,coherent
Ppp1cb,Calm1,kidney,Macrophage,907,0.115766262403528,0.820286659316428,0.106945975744212,0.0437040096069027,0.188502358624067,-0.0427954804713826,0.677253878412826,0.347642662530705,0.444830344498769,7,0.854107933598678,0.889976691150472,hsa04910,Insulin signaling pathway,PPP1CB,CALM1,discordant
Pik3cd,Akt2,kidney,Macrophage,907,0.128996692392503,0.0661521499448732,0.0143329658213892,0.0436878972838804,0.188665496363512,0.631868131868132,0.0237434280955737,0.302026580422965,0.510326106088767,7,0.854107933598678,0.889976691150472,hsa04066,HIF-1 signaling pathway,PIK3CD,AKT2,coherent
Akt2,Tsc2,kidney,cDC,152,0.164473684210526,0.0526315789473684,0.0197368421052632,0.106927097092894,0.189801763021929,,,-0.605433403527337,0.394566596472663,4,0.854107933598678,0.857578418864052,hsa04910,Insulin signaling pathway,AKT2,TSC2,discordant
Akt1,Pde3b,kidney,B_cell,189,0.0793650793650794,0.0740740740740741,0.0211640211640212,0.0952545672474955,0.192297326347948,,,0.122121488561599,0.877878511438401,4,0.857898193163458,0.978995408043872,hsa04371,Apelin signaling pathway,AKT1,PDE3B,discordant
Akt1,Pde3b,kidney,B_cell,189,0.0793650793650794,0.0740740740740741,0.0211640211640212,0.0952545672474955,0.192297326347948,,,0.122121488561599,0.877878511438401,4,0.857898193163458,0.978995408043872,hsa04910,Insulin signaling pathway,AKT1,PDE3B,discordant
Akt2,Ppp1cb,kidney,Distal_tubule,234,0.0811965811965812,0.243589743589744,0.0256410256410256,-0.0853373109205985,0.193329170290357,,,-0.543054666855037,0.265493683352942,6,0.857898193163458,0.830500206859146,hsa04910,Insulin signaling pathway,AKT2,PPP1CB,discordant
Prkce,Rras2,kidney,Endothelial,2875,0.160695652173913,0.0511304347826087,0.00660869565217391,-0.0239951276758958,0.198365922472937,0.236842105263158,0.327451062801319,0.631714704868525,0.128049203656838,7,0.867791272984461,0.749477239216397,hsa04371,Apelin signaling pathway,PRKCE,RRAS2,discordant
Foxo3,Bcl2l11,kidney,LoH,163,0.122699386503067,0.0613496932515337,0.0184049079754601,0.101106394306253,0.199072234295968,,,0.474374215463175,0.341813104248005,6,0.867791272984461,0.831318726070332,hsa04068,FoxO signaling pathway,FOXO3,BCL2L11,discordant
Gnb2,Hras,kidney,cDC,152,0.822368421052632,0.138157894736842,0.131578947368421,0.104610356298564,0.199632734160745,0.222556390977444,0.344032397948877,0.973534341056832,0.0264656589431683,4,0.867791272984461,0.699649146351762,hsa04371,Apelin signaling pathway,GNB2,HRAS,coherent
Ppp1cb,Calm1,kidney,Distal_tubule,234,0.243589743589744,0.632478632478633,0.188034188034188,0.0838363075982792,0.201308648580073,0.657505285412262,2.43173592942962e-06,0.676818972895094,0.139791485475207,6,0.868005195460167,0.766109081487382,hsa04910,Insulin signaling pathway,PPP1CB,CALM1,discordant
Akt2,Pde3b,kidney,T_cell,345,0.0405797101449275,0.159420289855072,0.00289855072463768,-0.0687984301283396,0.202398707548615,,,-0.211136210314235,0.688001752231115,6,0.868005195460167,0.945310496116283,hsa04371,Apelin signaling pathway,AKT2,PDE3B,discordant
Akt2,Pde3b,kidney,T_cell,345,0.0405797101449275,0.159420289855072,0.00289855072463768,-0.0687984301283396,0.202398707548615,,,-0.211136210314235,0.688001752231115,6,0.868005195460167,0.945310496116283,hsa04910,Insulin signaling pathway,AKT2,PDE3B,discordant
Bcl2l1,Bax,kidney,cDC,152,0.0921052631578947,0.460526315789474,0.0592105263157895,0.103447461208085,0.204703964725253,,,-0.303043663523897,0.696956336476103,4,0.872038889729577,0.948178156337342,hsa04115,p53 signaling pathway,BCL2L1,BAX,discordant
Akt1,Foxo3,kidney,PT,324,0.114197530864198,0.135802469135802,0.00925925925925926,-0.0699741302551997,0.209041039849021,,,0.409705683769954,0.361337337334046,7,0.88461738055314,0.850319398814932,hsa04068,FoxO signaling pathway,AKT1,FOXO3,coherent
Akt1,Foxo3,kidney,PT,324,0.114197530864198,0.135802469135802,0.00925925925925926,-0.0699741302551997,0.209041039849021,,,0.409705683769954,0.361337337334046,7,0.88461738055314,0.850319398814932,hsa04211,Longevity regulating pathway,AKT1,FOXO3,coherent
Gnb2,Kras,kidney,Macrophage,907,0.504961411245866,0.178610804851158,0.112458654906284,0.0412489350891747,0.21457391054419,0.505651650259258,9.22362719576851e-08,0.329729625020442,0.470160073858032,7,0.902057426564064,0.889976691150472,hsa04371,Apelin signaling pathway,GNB2,KRAS,discordant
Sirt1,Bax,kidney,B_cell,189,0.0582010582010582,0.153439153439153,0.0158730158730159,0.0884610459020301,0.226108184128523,,,0.637755701189346,0.362244298810654,4,0.923473315794889,0.850319398814932,hsa04211,Longevity regulating pathway,SIRT1,BAX,coherent
Ppp1cb,Calm1,kidney,B_cell,189,0.142857142857143,0.767195767195767,0.111111111111111,-0.0884291309724923,0.226276370149733,0.52987012987013,0.0147405536200426,-0.277319092814211,0.722680907185789,4,0.923473315794889,0.954987937623733,hsa04910,Insulin signaling pathway,PPP1CB,CALM1,discordant
Pdpk1,Sgk1,kidney,PT,324,0.154320987654321,0.037037037037037,0.0154320987654321,0.0671305186851903,0.228188260027213,,,0.295270760824283,0.520295422843297,7,0.923473315794889,0.903447758687138,hsa04068,FoxO signaling pathway,PDPK1,SGK1,coherent
Gnb2,Rras,kidney,PT,324,0.481481481481482,0.0709876543209877,0.0555555555555556,0.0669766942433524,0.22925836092987,0.638802889576883,0.00530455914014835,0.424168695614129,0.3429001081015,7,0.923473315794889,0.831318726070332,hsa04371,Apelin signaling pathway,GNB2,RRAS,coherent
Sos2,Hras,kidney,Endothelial,2875,0.115826086956522,0.400347826086957,0.0455652173913044,-0.0224017903747451,0.229832470162462,0.515042972294881,4.28114261247949e-10,-0.644227354353151,0.11834928815248,7,0.923473315794889,0.747384535923108,hsa04068,FoxO signaling pathway,SOS2,HRAS,discordant
Sos2,Hras,kidney,Endothelial,2875,0.115826086956522,0.400347826086957,0.0455652173913044,-0.0224017903747451,0.229832470162462,0.515042972294881,4.28114261247949e-10,-0.644227354353151,0.11834928815248,7,0.923473315794889,0.747384535923108,hsa04910,Insulin signaling pathway,SOS2,HRAS,discordant
Foxo3,Cdkn1a,kidney,Endothelial,2875,0.0587826086956522,0.266086956521739,0.0142608695652174,-0.0223920234873219,0.230035716200289,0.210897687381546,0.185640487339769,-0.535225643371624,0.215717170958704,7,0.923473315794889,0.81268663614152,hsa04068,FoxO signaling pathway,FOXO3,CDKN1A,discordant
Foxo3,Cdkn1a,kidney,cDC,152,0.125,0.552631578947369,0.0657894736842105,-0.097313728262375,0.232989524839939,0.442424242424242,0.204200583289326,0.148221845602243,0.851778154397757,4,0.923473315794889,0.972521980127868,hsa04068,FoxO signaling pathway,FOXO3,CDKN1A,discordant
Gnb2,Hras,kidney,T_cell,345,0.347826086956522,0.0695652173913044,0.0405797101449275,0.0643265368758462,0.233374695866304,0.696703296703297,0.00734326500243055,0.661832550538688,0.152199890450082,6,0.923473315794889,0.767932487795225,hsa04371,Apelin signaling pathway,GNB2,HRAS,coherent
Foxo3,Bcl2l11,kidney,cDC,152,0.125,0.190789473684211,0.0131578947368421,-0.0970844689275845,0.234097470580692,,,-0.622420540465212,0.377579459534788,4,0.923473315794889,0.851438440004285,hsa04068,FoxO signaling pathway,FOXO3,BCL2L11,discordant
Akt2,Ppp1ca,kidney,Endothelial,2875,0.0424347826086957,0.522782608695652,0.024695652173913,0.0221970413123661,0.234119995553634,0.393785945438388,0.000679818076006834,-0.670059908740069,0.0995686875592681,7,0.923473315794889,0.747384535923108,hsa04910,Insulin signaling pathway,AKT2,PPP1CA,coherent
Gnb2,Mras,kidney,Endothelial,2875,0.693565217391304,0.0403478260869565,0.0323478260869565,0.0220265805583667,0.237732477609808,0.378856038733839,0.000180576488009536,-0.384931741234974,0.393837580279912,7,0.931969651488755,0.857578418864052,hsa04371,Apelin signaling pathway,GNB2,MRAS,coherent
Gnb2,Plcb1,kidney,Endothelial,2875,0.693565217391304,0.312,0.224347826086957,-0.0219258059908411,0.239886554490245,0.198669557050516,3.6457366597392e-07,-0.743820679501159,0.0552653575786473,7,0.934679928776015,0.699649146351762,hsa04371,Apelin signaling pathway,GNB2,PLCB1,discordant
Pik3r2,Akt2,kidney,cDC,152,0.0526315789473684,0.164473684210526,0.0131578947368421,0.095582172772812,0.241449123386747,,,0.261752495876954,0.738247504123046,4,0.935066605115946,0.964429102117725,hsa04066,HIF-1 signaling pathway,PIK3R2,AKT2,coherent
Kras,Pik3cd,kidney,Macrophage,907,0.178610804851158,0.128996692392503,0.0264608599779493,0.0386567970750834,0.244815557924481,0.838260869565217,2.05483575644055e-06,0.432965452857515,0.331885569236775,7,0.942257133376397,0.831318726070332,hsa04211,Longevity regulating pathway,KRAS,PIK3CD,discordant
Pik3ca,Akt1,kidney,Macrophage,907,0.0551267916207277,0.144432194046307,0.00661521499448732,-0.0385392010169952,0.246254994168792,,,-0.0677729700258188,0.885209084341381,7,0.942257133376397,0.979038917155068,hsa04066,HIF-1 signaling pathway,PIK3CA,AKT1,discordant
Usp7,Foxo3,kidney,cDC,152,0.197368421052632,0.125,0.0197368421052632,-0.0926480427417776,0.256267978977125,,,0.738718970184496,0.261281029815504,4,0.954953227168818,0.830500206859146,hsa04068,FoxO signaling pathway,USP7,FOXO3,coherent
Akt1,Ppp1cb,kidney,Distal_tubule,234,0.115384615384615,0.243589743589744,0.047008547008547,0.0743872496776793,0.257053223742136,0.909090909090909,5.55408265736478e-05,0.0592068201334237,0.911293543001164,6,0.954953227168818,0.993714290064409,hsa04910,Insulin signaling pathway,AKT1,PPP1CB,discordant
Pdpk1,Akt2,kidney,cDC,152,0.111842105263158,0.164473684210526,0.00657894736842105,-0.0924784510492871,0.25714321448387,,,0.0263522709544111,0.973647729045589,4,0.954953227168818,0.998689735763778,hsa04068,FoxO signaling pathway,PDPK1,AKT2,coherent
Pdpk1,Akt2,kidney,cDC,152,0.111842105263158,0.164473684210526,0.00657894736842105,-0.0924784510492871,0.25714321448387,,,0.0263522709544111,0.973647729045589,4,0.954953227168818,0.998689735763778,hsa04152,AMPK signaling pathway,PDPK1,AKT2,coherent
Pdpk1,Akt2,kidney,cDC,152,0.111842105263158,0.164473684210526,0.00657894736842105,-0.0924784510492871,0.25714321448387,,,0.0263522709544111,0.973647729045589,4,0.954953227168818,0.998689735763778,hsa04910,Insulin signaling pathway,PDPK1,AKT2,coherent
Gnai3,Prkce,kidney,Macrophage,907,0.142227122381477,0.0231532524807056,0.00330760749724366,-0.0376020762309582,0.25793763903159,,,0.589284966245629,0.163830701377966,7,0.954953227168818,0.767932487795225,hsa04371,Apelin signaling pathway,GNAI3,PRKCE,discordant
Camkk2,Prkaa2,kidney,Distal_tubule,234,0.0555555555555556,0.132478632478632,0.0256410256410256,0.0741391047908232,0.258648066008347,,,0.633730678937693,0.176661719737989,6,0.954953227168818,0.783936381337324,hsa04152,AMPK signaling pathway,CAMKK2,PRKAA2,coherent
Camkk2,Prkaa2,kidney,Distal_tubule,234,0.0555555555555556,0.132478632478632,0.0256410256410256,0.0741391047908232,0.258648066008347,,,0.633730678937693,0.176661719737989,6,0.954953227168818,0.783936381337324,hsa04211,Longevity regulating pathway,CAMKK2,PRKAA2,coherent
Ppp1ca,Gys2,kidney,PT,324,0.515432098765432,0.037037037037037,0.0339506172839506,0.0628276295644532,0.259471608615177,0.481818181818182,0.137219212931031,0.0951508811186825,0.839197088686703,7,0.954953227168818,0.966964969411617,hsa04910,Insulin signaling pathway,PPP1CA,GYS2,coherent
Hras,Pik3cd,kidney,Distal_tubule,234,0.170940170940171,0.0384615384615385,0,-0.0739242857935841,0.260034212092918,,,-0.386466981600595,0.44916024949945,6,0.954953227168818,0.889976691150472,hsa04211,Longevity regulating pathway,HRAS,PIK3CD,coherent
Gnb2,Plcb3,kidney,Macrophage,907,0.504961411245866,0.0407938257993385,0.0275633958103638,0.0372095499539677,0.262943306445639,0.729230769230769,5.61902953470174e-05,-0.409520627089483,0.361575848406294,7,0.956291610838578,0.850319398814932,hsa04371,Apelin signaling pathway,GNB2,PLCB3,coherent
Akt2,Ppp1cb,kidney,LoH,163,0.104294478527607,0.398773006134969,0.0429447852760736,-0.0880480024550226,0.263719650854353,,,0.40501040548568,0.42570201447694,6,0.956291610838578,0.874673913989598,hsa04910,Insulin signaling pathway,AKT2,PPP1CB,discordant
Akt1,Ppp1ca,kidney,T_cell,345,0.0840579710144928,0.443478260869565,0.0550724637681159,0.0601888314556361,0.26488828657031,0.714035087719298,0.000852815879907059,-0.61701783987487,0.191925984148435,6,0.956291610838578,0.801573227914052,hsa04910,Insulin signaling pathway,AKT1,PPP1CA,coherent
Gnb2,Prkce,kidney,T_cell,345,0.347826086956522,0.0376811594202899,0.0144927536231884,-0.0590841155488174,0.27377423514044,,,0.750009615400147,0.0859311899976671,6,0.960789935688019,0.747384535923108,hsa04371,Apelin signaling pathway,GNB2,PRKCE,coherent
Hras,Pik3r2,kidney,cDC,152,0.138157894736842,0.0526315789473684,0.0197368421052632,0.0893205494376006,0.273816362366636,,,-0.559331642474479,0.440668357525521,4,0.960789935688019,0.888287320059331,hsa04211,Longevity regulating pathway,HRAS,PIK3R2,coherent
Pik3r2,Pdpk1,kidney,LoH,163,0.0552147239263804,0.171779141104294,0.0184049079754601,0.0861671658166744,0.274096265132615,,,0.840628379485232,0.0360750052679625,6,0.960789935688019,0.699649146351762,hsa04910,Insulin signaling pathway,PIK3R2,PDPK1,coherent
Prkaa2,Ppargc1a,kidney,PT,324,0.305555555555556,0.117283950617284,0.0709876543209877,0.0609284333452517,0.274179014188778,0.222332015810277,0.306424508548996,0.398702056341482,0.375631877041351,7,0.960789935688019,0.851438440004285,hsa04152,AMPK signaling pathway,PRKAA2,PPARGC1A,discordant
Prkaa2,Ppargc1a,kidney,PT,324,0.305555555555556,0.117283950617284,0.0709876543209877,0.0609284333452517,0.274179014188778,0.222332015810277,0.306424508548996,0.398702056341482,0.375631877041351,7,0.960789935688019,0.851438440004285,hsa04371,Apelin signaling pathway,PRKAA2,PPARGC1A,discordant
Gnb2,Prkce,kidney,PT,324,0.481481481481482,0.0648148148148148,0.0462962962962963,0.060855082051042,0.274758196122373,0.371428571428571,0.173470860222355,-0.338695867613022,0.45741636363146,7,0.960789935688019,0.889976691150472,hsa04371,Apelin signaling pathway,GNB2,PRKCE,coherent
Pdpk1,Akt2,kidney,T_cell,345,0.0869565217391304,0.0405797101449275,0,-0.0588398783811625,0.275765859832156,,,0.0106491531377569,0.984026874124109,6,0.960789935688019,0.998689735763778,hsa04068,FoxO signaling pathway,PDPK1,AKT2,coherent
Pdpk1,Akt2,kidney,T_cell,345,0.0869565217391304,0.0405797101449275,0,-0.0588398783811625,0.275765859832156,,,0.0106491531377569,0.984026874124109,6,0.960789935688019,0.998689735763778,hsa04152,AMPK signaling pathway,PDPK1,AKT2,coherent
Pdpk1,Akt2,kidney,T_cell,345,0.0869565217391304,0.0405797101449275,0,-0.0588398783811625,0.275765859832156,,,0.0106491531377569,0.984026874124109,6,0.960789935688019,0.998689735763778,hsa04910,Insulin signaling pathway,PDPK1,AKT2,coherent
Pdpk1,Rps6kb2,kidney,LoH,163,0.171779141104294,0.098159509202454,0.0245398773006135,0.0855973927210186,0.277293526987788,,,-0.492999985172485,0.320411595335554,6,0.960789935688019,0.831318726070332,hsa04910,Insulin signaling pathway,PDPK1,RPS6KB2,coherent
Pdpk1,Akt1,kidney,PT,324,0.154320987654321,0.114197530864198,0.0185185185185185,-0.0603982324449021,0.278384193435004,,,0.216044297633688,0.641731022343536,7,0.960789935688019,0.929236948658745,hsa04068,FoxO signaling pathway,PDPK1,AKT1,coherent
Pdpk1,Akt1,kidney,PT,324,0.154320987654321,0.114197530864198,0.0185185185185185,-0.0603982324449021,0.278384193435004,,,0.216044297633688,0.641731022343536,7,0.960789935688019,0.929236948658745,hsa04152,AMPK signaling pathway,PDPK1,AKT1,coherent
Pdpk1,Akt1,kidney,PT,324,0.154320987654321,0.114197530864198,0.0185185185185185,-0.0603982324449021,0.278384193435004,,,0.216044297633688,0.641731022343536,7,0.960789935688019,0.929236948658745,hsa04910,Insulin signaling pathway,PDPK1,AKT1,coherent
Pik3r2,Akt2,kidney,Macrophage,907,0.0242557883131202,0.0661521499448732,0.00441014332965821,0.0357467226748214,0.282185328577322,,,-0.217246968323771,0.639831348427157,7,0.960789935688019,0.929236948658745,hsa04066,HIF-1 signaling pathway,PIK3R2,AKT2,coherent
Gnai2,Prkce,kidney,cDC,152,0.927631578947368,0.0592105263157895,0.0592105263157895,0.0873614503637254,0.284519927153365,,,0.729813380189872,0.270186619810128,4,0.960789935688019,0.830500206859146,hsa04371,Apelin signaling pathway,GNAI2,PRKCE,coherent
Prkce,Kras,kidney,LoH,163,0.0306748466257669,0.325153374233129,0.00613496932515337,-0.0842970575178655,0.284684263625968,,,0.0904139293532403,0.864748658377806,6,0.960789935688019,0.972842240675032,hsa04371,Apelin signaling pathway,PRKCE,KRAS,discordant
Kras,Pik3r2,kidney,Macrophage,907,0.178610804851158,0.0242557883131202,0.00330760749724366,-0.0354481993968064,0.286226355160986,,,0.189673522214436,0.683760975020471,7,0.960789935688019,0.945310496116283,hsa04211,Longevity regulating pathway,KRAS,PIK3R2,discordant
Sos1,Hras,kidney,T_cell,345,0.0463768115942029,0.0695652173913044,0.00579710144927536,0.0575044228361166,0.286829576922313,,,0.777301602964208,0.0688695477703208,6,0.960789935688019,0.732748669680389,hsa04068,FoxO signaling pathway,SOS1,HRAS,discordant
Sos1,Hras,kidney,T_cell,345,0.0463768115942029,0.0695652173913044,0.00579710144927536,0.0575044228361166,0.286829576922313,,,0.777301602964208,0.0688695477703208,6,0.960789935688019,0.732748669680389,hsa04910,Insulin signaling pathway,SOS1,HRAS,discordant
Prkce,Rras2,kidney,PT,324,0.0648148148148148,0.104938271604938,0.00308641975308642,-0.058624271702775,0.292770375927526,,,0.801091519375559,0.0303506441436501,7,0.960789935688019,0.699649146351762,hsa04371,Apelin signaling pathway,PRKCE,RRAS2,discordant
Kras,Araf,kidney,PT,324,0.219135802469136,0.138888888888889,0.0555555555555556,0.0585792260481334,0.293142033345064,0.673890608875129,0.00283229461380564,0.0852456365165017,0.855807756971126,7,0.960789935688019,0.972842240675032,hsa04068,FoxO signaling pathway,KRAS,ARAF,discordant
Kras,Araf,kidney,PT,324,0.219135802469136,0.138888888888889,0.0555555555555556,0.0585792260481334,0.293142033345064,0.673890608875129,0.00283229461380564,0.0852456365165017,0.855807756971126,7,0.960789935688019,0.972842240675032,hsa04910,Insulin signaling pathway,KRAS,ARAF,discordant
Irs2,Pik3r2,kidney,LoH,163,0.202453987730061,0.0552147239263804,0.00613496932515337,-0.0826825848009414,0.294042614344066,,,0.257905174784864,0.621719529383683,6,0.960789935688019,0.929236948658745,hsa04068,FoxO signaling pathway,IRS2,PIK3R2,discordant
Irs2,Pik3r2,kidney,LoH,163,0.202453987730061,0.0552147239263804,0.00613496932515337,-0.0826825848009414,0.294042614344066,,,0.257905174784864,0.621719529383683,6,0.960789935688019,0.929236948658745,hsa04152,AMPK signaling pathway,IRS2,PIK3R2,discordant
Irs2,Pik3r2,kidney,LoH,163,0.202453987730061,0.0552147239263804,0.00613496932515337,-0.0826825848009414,0.294042614344066,,,0.257905174784864,0.621719529383683,6,0.960789935688019,0.929236948658745,hsa04211,Longevity regulating pathway,IRS2,PIK3R2,discordant
Irs2,Pik3r2,kidney,LoH,163,0.202453987730061,0.0552147239263804,0.00613496932515337,-0.0826825848009414,0.294042614344066,,,0.257905174784864,0.621719529383683,6,0.960789935688019,0.929236948658745,hsa04910,Insulin signaling pathway,IRS2,PIK3R2,discordant
Akt2,Pde3b,kidney,Macrophage,907,0.0661521499448732,0.0639470782800441,0.00771775082690187,0.0348092185998403,0.295006683942436,,,0.456225000053703,0.303509240942633,7,0.960789935688019,0.830500206859146,hsa04371,Apelin signaling pathway,AKT2,PDE3B,discordant
Akt2,Pde3b,kidney,Macrophage,907,0.0661521499448732,0.0639470782800441,0.00771775082690187,0.0348092185998403,0.295006683942436,,,0.456225000053703,0.303509240942633,7,0.960789935688019,0.830500206859146,hsa04910,Insulin signaling pathway,AKT2,PDE3B,discordant
Akt2,Tsc2,kidney,Macrophage,907,0.0661521499448732,0.0330760749724366,0.00330760749724366,0.0347015190864911,0.296504154052093,,,0.611292951964685,0.144717737708116,7,0.960789935688019,0.766109081487382,hsa04910,Insulin signaling pathway,AKT2,TSC2,discordant
Foxo3,Gadd45a,kidney,T_cell,345,0.0927536231884058,0.0463768115942029,0.00289855072463768,-0.0562354459020633,0.297615430002589,,,-0.00958351191287552,0.985625172223286,6,0.960789935688019,0.998689735763778,hsa04068,FoxO signaling pathway,FOXO3,GADD45A,discordant
Stat3,Foxo3,kidney,T_cell,345,0.226086956521739,0.0927536231884058,0.0173913043478261,-0.0560582561863672,0.299142675542358,,,0.499064955308535,0.313552580600571,6,0.960789935688019,0.831318726070332,hsa04068,FoxO signaling pathway,STAT3,FOXO3,discordant
Pik3ca,Prkcz,kidney,T_cell,345,0.0898550724637681,0.0608695652173913,0.00579710144927536,-0.0560562322942222,0.299160150033778,,,-0.346887175691768,0.500539826994049,6,0.960789935688019,0.889976691150472,hsa04910,Insulin signaling pathway,PIK3CA,PRKCZ,discordant
Prkcz,Srebf1,kidney,T_cell,345,0.0608695652173913,0.0318840579710145,0.00289855072463768,0.0557139196843236,0.302125471032363,,,-0.0483726492421726,0.927497620036853,6,0.960789935688019,0.996085679333696,hsa04910,Insulin signaling pathway,PRKCZ,SREBF1,coherent
Prkce,Rras,kidney,B_cell,189,0.0793650793650794,0.0687830687830688,0,-0.0752330481827461,0.303535634543742,,,-0.665949709346765,0.334050290653235,4,0.960789935688019,0.831318726070332,hsa04371,Apelin signaling pathway,PRKCE,RRAS,coherent
Kras,Pik3ca,kidney,PT,324,0.219135802469136,0.132716049382716,0.0462962962962963,0.0572864242109431,0.303942877865601,0.710714285714286,0.00405507360027467,0.324283175142644,0.477963524840341,7,0.960789935688019,0.889976691150472,hsa04211,Longevity regulating pathway,KRAS,PIK3CA,coherent
Rps6kb2,Rps6,kidney,Distal_tubule,234,0.0641025641025641,0.675213675213675,0.0598290598290598,0.0657963938501362,0.316252857815014,0.204395604395604,0.482691177195478,-0.325945102472139,0.52839658433092,6,0.960789935688019,0.907395482426511,hsa04066,HIF-1 signaling pathway,RPS6KB2,RPS6,discordant
Rps6kb2,Rps6,kidney,Distal_tubule,234,0.0641025641025641,0.675213675213675,0.0598290598290598,0.0657963938501362,0.316252857815014,0.204395604395604,0.482691177195478,-0.325945102472139,0.52839658433092,6,0.960789935688019,0.907395482426511,hsa04371,Apelin signaling pathway,RPS6KB2,RPS6,discordant
Rps6kb2,Rps6,kidney,Distal_tubule,234,0.0641025641025641,0.675213675213675,0.0598290598290598,0.0657963938501362,0.316252857815014,0.204395604395604,0.482691177195478,-0.325945102472139,0.52839658433092,6,0.960789935688019,0.907395482426511,hsa04910,Insulin signaling pathway,RPS6KB2,RPS6,discordant
Pik3ca,Prkcz,kidney,B_cell,189,0.0793650793650794,0.0582010582010582,0.0105820105820106,0.0730821108226247,0.317608334963989,,,0.435525573332219,0.564474426667781,4,0.960789935688019,0.91026938393907,hsa04910,Insulin signaling pathway,PIK3CA,PRKCZ,discordant
Akt2,Foxo3,kidney,B_cell,189,0.0687830687830688,0.0846560846560847,0,-0.0727733005829687,0.319663031603696,,,0.620380145341627,0.379619854658373,4,0.960789935688019,0.851438440004285,hsa04068,FoxO signaling pathway,AKT2,FOXO3,coherent
Akt2,Foxo3,kidney,B_cell,189,0.0687830687830688,0.0846560846560847,0,-0.0727733005829687,0.319663031603696,,,0.620380145341627,0.379619854658373,4,0.960789935688019,0.851438440004285,hsa04211,Longevity regulating pathway,AKT2,FOXO3,coherent
Stk11,Foxo3,kidney,PT,324,0.20679012345679,0.135802469135802,0.0308641975308642,-0.0554452995516256,0.319773376152217,0.478787878787879,0.166058037179348,0.841839907733553,0.0175134047116443,7,0.960789935688019,0.699649146351762,hsa04068,FoxO signaling pathway,STK11,FOXO3,discordant
Prkce,Mras,kidney,Endothelial,2875,0.160695652173913,0.0403478260869565,0.00834782608695652,0.0183786227962654,0.32457568106533,0.7442366246194,3.05049308780949e-05,0.455902154933124,0.303895550804724,7,0.960789935688019,0.830500206859146,hsa04371,Apelin signaling pathway,PRKCE,MRAS,coherent
Akt1,Foxo3,kidney,Macrophage,907,0.144432194046307,0.0882028665931643,0.0176405733186329,0.0326004045572944,0.326733368505241,0.879411764705882,0,-0.45672291614778,0.302913867267085,7,0.960789935688019,0.830500206859146,hsa04068,FoxO signaling pathway,AKT1,FOXO3,coherent
Akt1,Foxo3,kidney,Macrophage,907,0.144432194046307,0.0882028665931643,0.0176405733186329,0.0326004045572944,0.326733368505241,0.879411764705882,0,-0.45672291614778,0.302913867267085,7,0.960789935688019,0.830500206859146,hsa04211,Longevity regulating pathway,AKT1,FOXO3,coherent
Pdpk1,Sgk1,kidney,Endothelial,2875,0.129391304347826,0.764521739130435,0.0987826086956522,-0.0182562197972423,0.327809002868893,0.089881212606407,0.130766862800389,0.163377298529589,0.726328853967346,7,0.960789935688019,0.954987937623733,hsa04068,FoxO signaling pathway,PDPK1,SGK1,coherent
Sos2,Kras,kidney,Endothelial,2875,0.115826086956522,0.265739130434783,0.0316521739130435,-0.0182555572684231,0.32782656046872,0.494569198917025,8.9421017917049e-07,0.117645180049688,0.801658571028375,7,0.960789935688019,0.966527975258738,hsa04068,FoxO signaling pathway,SOS2,KRAS,coherent
Sos2,Kras,kidney,Endothelial,2875,0.115826086956522,0.265739130434783,0.0316521739130435,-0.0182555572684231,0.32782656046872,0.494569198917025,8.9421017917049e-07,0.117645180049688,0.801658571028375,7,0.960789935688019,0.966527975258738,hsa04910,Insulin signaling pathway,SOS2,KRAS,coherent
Sos1,Hras,kidney,cDC,152,0.0723684210526316,0.138157894736842,0.0131578947368421,0.0795360176794457,0.330039020863538,,,0.390005291976078,0.609994708023922,4,0.960789935688019,0.929236948658745,hsa04068,FoxO signaling pathway,SOS1,HRAS,discordant
Sos1,Hras,kidney,cDC,152,0.0723684210526316,0.138157894736842,0.0131578947368421,0.0795360176794457,0.330039020863538,,,0.390005291976078,0.609994708023922,4,0.960789935688019,0.929236948658745,hsa04910,Insulin signaling pathway,SOS1,HRAS,discordant
Gnb2,Hras,kidney,LoH,163,0.601226993865031,0.337423312883436,0.251533742331288,0.0767184739858833,0.330367761234881,0.24808362369338,0.117735529818968,0.90752118127698,0.0124330430923145,6,0.960789935688019,0.699649146351762,hsa04371,Apelin signaling pathway,GNB2,HRAS,coherent
Pik3ca,Akt1,kidney,Distal_tubule,234,0.094017094017094,0.115384615384615,0.0128205128205128,-0.0635260015350642,0.333276773806444,,,-0.0367762155687039,0.944860546379422,6,0.960789935688019,0.998689735763778,hsa04066,HIF-1 signaling pathway,PIK3CA,AKT1,discordant
Foxo3,Cdkn1b,kidney,PT,324,0.135802469135802,0.154320987654321,0.0246913580246914,-0.0537955101628852,0.334406654123629,,,-0.531822131079168,0.219213043430749,7,0.960789935688019,0.81268663614152,hsa04068,FoxO signaling pathway,FOXO3,CDKN1B,coherent
Sirt1,Ppargc1a,kidney,PT,324,0.0493827160493827,0.117283950617284,0.00308641975308642,-0.0535590687376478,0.336538498600169,,,0.0375443423667146,0.936307656628878,7,0.960789935688019,0.998689735763778,hsa04211,Longevity regulating pathway,SIRT1,PPARGC1A,coherent
Foxo3,Cdkn1b,kidney,Distal_tubule,234,0.106837606837607,0.205128205128205,0.0384615384615385,0.0630487227509265,0.336928908276584,,,-0.227134364465646,0.665157386449892,6,0.960789935688019,0.93656167468953,hsa04068,FoxO signaling pathway,FOXO3,CDKN1B,coherent
Irs2,Pik3r2,kidney,cDC,152,0.118421052631579,0.0526315789473684,0,-0.0783894730892483,0.337080151116991,,,0.410156564586732,0.589843435413268,4,0.960789935688019,0.926068686066531,hsa04068,FoxO signaling pathway,IRS2,PIK3R2,discordant
Irs2,Pik3r2,kidney,cDC,152,0.118421052631579,0.0526315789473684,0,-0.0783894730892483,0.337080151116991,,,0.410156564586732,0.589843435413268,4,0.960789935688019,0.926068686066531,hsa04152,AMPK signaling pathway,IRS2,PIK3R2,discordant
Irs2,Pik3r2,kidney,cDC,152,0.118421052631579,0.0526315789473684,0,-0.0783894730892483,0.337080151116991,,,0.410156564586732,0.589843435413268,4,0.960789935688019,0.926068686066531,hsa04211,Longevity regulating pathway,IRS2,PIK3R2,discordant
Irs2,Pik3r2,kidney,cDC,152,0.118421052631579,0.0526315789473684,0,-0.0783894730892483,0.337080151116991,,,0.410156564586732,0.589843435413268,4,0.960789935688019,0.926068686066531,hsa04910,Insulin signaling pathway,IRS2,PIK3R2,discordant
Sgk1,Foxo3,kidney,Distal_tubule,234,0.0512820512820513,0.106837606837607,0,-0.0628814194265542,0.338215141185486,,,-0.607754050324801,0.200610457562274,6,0.960789935688019,0.811273140480071,hsa04068,FoxO signaling pathway,SGK1,FOXO3,coherent
Pik3ca,Pdpk1,kidney,B_cell,189,0.0793650793650794,0.0687830687830688,0,-0.0699483911875824,0.338858048904175,,,0.563724254288103,0.436275745711897,4,0.960789935688019,0.886603406291726,hsa04910,Insulin signaling pathway,PIK3CA,PDPK1,discordant
Ppp1cb,Gys2,kidney,PT,324,0.259259259259259,0.037037037037037,0.0185185185185185,0.0532807815570123,0.339058761916295,,,-0.531655122889474,0.21938526840178,7,0.960789935688019,0.81268663614152,hsa04910,Insulin signaling pathway,PPP1CB,GYS2,discordant
Mapk13,Foxo3,kidney,LoH,163,0.116564417177914,0.122699386503067,0.0122699386503067,-0.0744699461106952,0.344779253140615,,,-0.528907087122971,0.28061831941664,6,0.960789935688019,0.830500206859146,hsa04068,FoxO signaling pathway,MAPK13,FOXO3,coherent
Mapk13,Foxo3,kidney,PT,324,0.0555555555555556,0.135802469135802,0.00308641975308642,-0.0526273403786857,0.345023786738678,,,0.378047869255665,0.403067989651883,7,0.960789935688019,0.864793137487389,hsa04068,FoxO signaling pathway,MAPK13,FOXO3,coherent
Prkce,Mras,kidney,cDC,152,0.0592105263157895,0.0526315789473684,0.00657894736842105,0.076836963988499,0.346765557339998,,,-0.12539590174282,0.87460409825718,4,0.960789935688019,0.978995408043872,hsa04371,Apelin signaling pathway,PRKCE,MRAS,coherent
Irs2,Pik3r2,kidney,PT,324,0.0925925925925926,0.0648148148148148,0.00925925925925926,0.052376257841619,0.34733343484864,,,0.293826345374546,0.522435448974288,7,0.960789935688019,0.904705289687181,hsa04068,FoxO signaling pathway,IRS2,PIK3R2,discordant
Irs2,Pik3r2,kidney,PT,324,0.0925925925925926,0.0648148148148148,0.00925925925925926,0.052376257841619,0.34733343484864,,,0.293826345374546,0.522435448974288,7,0.960789935688019,0.904705289687181,hsa04152,AMPK signaling pathway,IRS2,PIK3R2,discordant
Irs2,Pik3r2,kidney,PT,324,0.0925925925925926,0.0648148148148148,0.00925925925925926,0.052376257841619,0.34733343484864,,,0.293826345374546,0.522435448974288,7,0.960789935688019,0.904705289687181,hsa04211,Longevity regulating pathway,IRS2,PIK3R2,discordant
Irs2,Pik3r2,kidney,PT,324,0.0925925925925926,0.0648148148148148,0.00925925925925926,0.052376257841619,0.34733343484864,,,0.293826345374546,0.522435448974288,7,0.960789935688019,0.904705289687181,hsa04910,Insulin signaling pathway,IRS2,PIK3R2,discordant
Prkce,Kras,kidney,Macrophage,907,0.0231532524807056,0.178610804851158,0.00771775082690187,0.0310183044508818,0.3507697836441,,,0.0146975364848184,0.975051381990227,7,0.960789935688019,0.998689735763778,hsa04371,Apelin signaling pathway,PRKCE,KRAS,discordant
Pik3cd,Akt2,kidney,T_cell,345,0.185507246376812,0.0405797101449275,0.0115942028985507,0.0503690649888917,0.350943555128733,,,-0.656626895184322,0.156614915405373,6,0.960789935688019,0.767932487795225,hsa04066,HIF-1 signaling pathway,PIK3CD,AKT2,coherent
Gnb2,Mras,kidney,cDC,152,0.822368421052632,0.0526315789473684,0.0460526315789474,-0.0760238417472624,0.351907540401765,,,0.178003228883628,0.821996771116372,4,0.960789935688019,0.966964969411617,hsa04371,Apelin signaling pathway,GNB2,MRAS,coherent
Sgk1,Foxo3,kidney,cDC,152,0.111842105263158,0.125,0.00657894736842105,-0.0757080202929795,0.353917538029943,,,0.434139536522343,0.565860463477657,4,0.960789935688019,0.91026938393907,hsa04068,FoxO signaling pathway,SGK1,FOXO3,coherent
Gnb2,Plcb3,kidney,PT,324,0.481481481481482,0.0339506172839506,0.0185185185185185,0.0515372746615345,0.355121848235117,,,0.475760127270623,0.28053905109398,7,0.960789935688019,0.830500206859146,hsa04371,Apelin signaling pathway,GNB2,PLCB3,coherent
Foxo3,Klf2,kidney,PT,324,0.135802469135802,0.20679012345679,0.0154320987654321,-0.0515193342508896,0.355289581027381,,,0.281505354799514,0.540809999383915,7,0.960789935688019,0.90834375176485,hsa04068,FoxO signaling pathway,FOXO3,KLF2,discordant
Mapk8,Foxo3,kidney,Distal_tubule,234,0.0641025641025641,0.106837606837607,0.00854700854700855,-0.0606619661025178,0.355574035211106,,,-0.118841632481958,0.822576771288271,6,0.960789935688019,0.966964969411617,hsa04068,FoxO signaling pathway,MAPK8,FOXO3,coherent
Gnb2,Rras2,kidney,B_cell,189,0.354497354497354,0.0846560846560847,0.0476190476190476,0.066929416660815,0.360165490844237,,,-0.370118458060303,0.629881541939697,4,0.960789935688019,0.929236948658745,hsa04371,Apelin signaling pathway,GNB2,RRAS2,discordant
Sos1,Kras,kidney,Endothelial,2875,0.155478260869565,0.265739130434783,0.0476521739130435,0.0170114055467188,0.361871736715176,0.5016894887663,4.23622267061222e-10,0.532055515633384,0.218972475890951,7,0.960789935688019,0.81268663614152,hsa04068,FoxO signaling pathway,SOS1,KRAS,coherent
Sos1,Kras,kidney,Endothelial,2875,0.155478260869565,0.265739130434783,0.0476521739130435,0.0170114055467188,0.361871736715176,0.5016894887663,4.23622267061222e-10,0.532055515633384,0.218972475890951,7,0.960789935688019,0.81268663614152,hsa04910,Insulin signaling pathway,SOS1,KRAS,coherent
Foxo3,Plk3,kidney,cDC,152,0.125,0.0921052631578947,0.0197368421052632,0.0742966810865954,0.362987292406053,,,0.561554497045093,0.438445502954907,4,0.960789935688019,0.886603406291726,hsa04068,FoxO signaling pathway,FOXO3,PLK3,discordant
Rps6kb2,Rps6,kidney,B_cell,189,0.037037037037037,0.873015873015873,0.037037037037037,0.066259361905137,0.365005405463126,,,0.952919707424668,0.0470802925753321,4,0.960789935688019,0.699649146351762,hsa04066,HIF-1 signaling pathway,RPS6KB2,RPS6,discordant
Rps6kb2,Rps6,kidney,B_cell,189,0.037037037037037,0.873015873015873,0.037037037037037,0.066259361905137,0.365005405463126,,,0.952919707424668,0.0470802925753321,4,0.960789935688019,0.699649146351762,hsa04371,Apelin signaling pathway,RPS6KB2,RPS6,discordant
Rps6kb2,Rps6,kidney,B_cell,189,0.037037037037037,0.873015873015873,0.037037037037037,0.066259361905137,0.365005405463126,,,0.952919707424668,0.0470802925753321,4,0.960789935688019,0.699649146351762,hsa04910,Insulin signaling pathway,RPS6KB2,RPS6,discordant
Foxo3,Klf2,kidney,T_cell,345,0.0927536231884058,0.446376811594203,0.0579710144927536,0.0488706545749983,0.36547672651913,-0.10007524454477,0.674639451696634,0.358609577224811,0.485144378600019,6,0.960789935688019,0.889976691150472,hsa04068,FoxO signaling pathway,FOXO3,KLF2,discordant
Sos2,Kras,kidney,B_cell,189,0.0317460317460317,0.148148148148148,0,-0.0660777347224563,0.366324238252228,,,0.910675458812927,0.0893245411870733,4,0.960789935688019,0.747384535923108,hsa04068,FoxO signaling pathway,SOS2,KRAS,coherent
Sos2,Kras,kidney,B_cell,189,0.0317460317460317,0.148148148148148,0,-0.0660777347224563,0.366324238252228,,,0.910675458812927,0.0893245411870733,4,0.960789935688019,0.747384535923108,hsa04910,Insulin signaling pathway,SOS2,KRAS,coherent
Pik3ca,Pdpk1,kidney,Distal_tubule,234,0.094017094017094,0.0854700854700855,0.00854700854700855,-0.0592193097330262,0.367151459947276,,,-0.563171276262693,0.244551317780915,6,0.960789935688019,0.830500206859146,hsa04910,Insulin signaling pathway,PIK3CA,PDPK1,discordant
Akt2,Ppp1ca,kidney,Distal_tubule,234,0.0811965811965812,0.384615384615385,0.0427350427350427,-0.0588513222115784,0.370141535961305,0.539393939393939,0.113298067042129,-0.557824256066655,0.250052117247734,6,0.960789935688019,0.830500206859146,hsa04910,Insulin signaling pathway,AKT2,PPP1CA,coherent
Pik3cd,Akt1,kidney,Distal_tubule,234,0.0384615384615385,0.115384615384615,0.0128205128205128,0.0582759507408157,0.374846726625372,,,0.363468174193877,0.478806467875886,6,0.960789935688019,0.889976691150472,hsa04066,HIF-1 signaling pathway,PIK3CD,AKT1,coherent
Foxo3,Rbl2,kidney,B_cell,189,0.0846560846560847,0.0793650793650794,0.00529100529100529,-0.0647561662735343,0.376008970134536,,,0.586415454389291,0.413584545610709,4,0.960789935688019,0.864793137487389,hsa04068,FoxO signaling pathway,FOXO3,RBL2,coherent
Foxo3,Klf2,kidney,LoH,163,0.122699386503067,0.380368098159509,0.0613496932515337,0.0696338666609073,0.377097654670648,-0.139393939393939,0.707203785571239,0.00712520901040327,0.989312367352851,6,0.960789935688019,0.998689735763778,hsa04068,FoxO signaling pathway,FOXO3,KLF2,discordant
Calm1,Pygb,kidney,T_cell,345,0.765217391304348,0.0347826086956522,0.0260869565217391,-0.0474915700700017,0.379178112610125,,,-0.706455607454227,0.116605353426793,6,0.960789935688019,0.747384535923108,hsa04910,Insulin signaling pathway,CALM1,PYGB,discordant
Prkce,Rras,kidney,LoH,163,0.0306748466257669,0.098159509202454,0.00613496932515337,0.0691217028051775,0.380625430332401,,,0.362929775913348,0.479507532278454,6,0.960789935688019,0.889976691150472,hsa04371,Apelin signaling pathway,PRKCE,RRAS,coherent
Gnb2,Rras2,kidney,T_cell,345,0.347826086956522,0.0405797101449275,0.0173913043478261,-0.0472875905195411,0.381231055977439,,,0.0774442005319095,0.88406593903317,6,0.960789935688019,0.979038917155068,hsa04371,Apelin signaling pathway,GNB2,RRAS2,discordant
Sos1,Hras,kidney,Distal_tubule,234,0.0726495726495727,0.170940170940171,0.0170940170940171,-0.0573528410820575,0.382471927983559,,,0.165459817104765,0.754075167001841,6,0.960789935688019,0.964429102117725,hsa04068,FoxO signaling pathway,SOS1,HRAS,discordant
Sos1,Hras,kidney,Distal_tubule,234,0.0726495726495727,0.170940170940171,0.0170940170940171,-0.0573528410820575,0.382471927983559,,,0.165459817104765,0.754075167001841,6,0.960789935688019,0.964429102117725,hsa04910,Insulin signaling pathway,SOS1,HRAS,discordant
Pdpk1,Sgk1,kidney,Macrophage,907,0.0749724366041896,0.0915104740904079,0.00882028665931643,-0.0287686558016342,0.386822673795837,,,-0.262950391527097,0.56887279095923,7,0.960789935688019,0.91026938393907,hsa04068,FoxO signaling pathway,PDPK1,SGK1,coherent
Stk11,Prkaa2,kidney,LoH,163,0.282208588957055,0.177914110429448,0.0674846625766871,0.0679650190597553,0.388666212473352,0.854545454545455,0.00164923517823518,-0.344032677959657,0.504310576080093,6,0.960789935688019,0.889976691150472,hsa04068,FoxO signaling pathway,STK11,PRKAA2,coherent
Stk11,Prkaa2,kidney,LoH,163,0.282208588957055,0.177914110429448,0.0674846625766871,0.0679650190597553,0.388666212473352,0.854545454545455,0.00164923517823518,-0.344032677959657,0.504310576080093,6,0.960789935688019,0.889976691150472,hsa04211,Longevity regulating pathway,STK11,PRKAA2,coherent
Akt1,Pde3b,kidney,LoH,163,0.122699386503067,0.0797546012269939,0.00613496932515337,-0.0674016410818654,0.392619407284594,,,-0.0310144724630099,0.953493207677282,6,0.960789935688019,0.998689735763778,hsa04371,Apelin signaling pathway,AKT1,PDE3B,discordant
Akt1,Pde3b,kidney,LoH,163,0.122699386503067,0.0797546012269939,0.00613496932515337,-0.0674016410818654,0.392619407284594,,,-0.0310144724630099,0.953493207677282,6,0.960789935688019,0.998689735763778,hsa04910,Insulin signaling pathway,AKT1,PDE3B,discordant
Gnb2,Plcb3,kidney,cDC,152,0.822368421052632,0.0328947368421053,0.0328947368421053,0.0690924129665564,0.397659850562145,,,0.178003228883628,0.821996771116372,4,0.960789935688019,0.966964969411617,hsa04371,Apelin signaling pathway,GNB2,PLCB3,coherent
Prkaa2,Pfkfb3,kidney,LoH,163,0.177914110429448,0.245398773006135,0.0674846625766871,0.066028048191894,0.402358521303106,0.472727272727273,0.145606226031775,-0.359677768977889,0.483748760875468,6,0.960789935688019,0.889976691150472,hsa04152,AMPK signaling pathway,PRKAA2,PFKFB3,discordant
Gnai2,Prkce,kidney,LoH,163,0.613496932515337,0.0306748466257669,0.0245398773006135,0.0659014939733708,0.403262984485496,,,0.347102141138298,0.500256203291847,6,0.960789935688019,0.889976691150472,hsa04371,Apelin signaling pathway,GNAI2,PRKCE,coherent
Foxo3,Bcl2l11,kidney,Macrophage,907,0.0882028665931643,0.117971334068357,0.0176405733186329,0.0275968673579032,0.406464511168305,0.790287189669312,0.000269169220217196,-0.0728894601327142,0.876587457269883,7,0.960789935688019,0.978995408043872,hsa04068,FoxO signaling pathway,FOXO3,BCL2L11,discordant
Kras,Araf,kidney,LoH,163,0.325153374233129,0.141104294478528,0.0674846625766871,0.0652529991811245,0.407916573645947,0.4,0.225014088667236,-0.210622573382313,0.688737945369674,6,0.960789935688019,0.945310496116283,hsa04068,FoxO signaling pathway,KRAS,ARAF,discordant
Kras,Araf,kidney,LoH,163,0.325153374233129,0.141104294478528,0.0674846625766871,0.0652529991811245,0.407916573645947,0.4,0.225014088667236,-0.210622573382313,0.688737945369674,6,0.960789935688019,0.945310496116283,hsa04910,Insulin signaling pathway,KRAS,ARAF,discordant
Pik3ca,Pdpk1,kidney,Macrophage,907,0.0551267916207277,0.0749724366041896,0.00441014332965821,-0.0273650979236018,0.410418731331375,,,0.140053264372047,0.764563156001829,7,0.960789935688019,0.964429102117725,hsa04910,Insulin signaling pathway,PIK3CA,PDPK1,discordant
Pik3r2,Akt1,kidney,cDC,152,0.0526315789473684,0.223684210526316,0.00657894736842105,-0.0671283056224392,0.411242640961005,,,0.659482362437026,0.340517637562974,4,0.960789935688019,0.831318726070332,hsa04066,HIF-1 signaling pathway,PIK3R2,AKT1,coherent
Gnb2,Prkce,kidney,cDC,152,0.822368421052632,0.0592105263157895,0.0526315789473684,0.0668528293050819,0.4131692586653,,,0.917654702483961,0.0823452975160386,4,0.960789935688019,0.747384535923108,hsa04371,Apelin signaling pathway,GNB2,PRKCE,coherent
Gnai3,Prkce,kidney,T_cell,345,0.121739130434783,0.0376811594202899,0.00579710144927536,-0.0440848316316894,0.41434884248377,,,0.885947426493669,0.0187701869444812,6,0.960789935688019,0.699649146351762,hsa04371,Apelin signaling pathway,GNAI3,PRKCE,discordant
Sos2,Kras,kidney,Macrophage,907,0.0496141124586549,0.178610804851158,0.00992282249173098,-0.0270813186248031,0.415291237039881,,,0.147250110060813,0.75272171466753,7,0.960789935688019,0.964429102117725,hsa04068,FoxO signaling pathway,SOS2,KRAS,coherent
Sos2,Kras,kidney,Macrophage,907,0.0496141124586549,0.178610804851158,0.00992282249173098,-0.0270813186248031,0.415291237039881,,,0.147250110060813,0.75272171466753,7,0.960789935688019,0.964429102117725,hsa04910,Insulin signaling pathway,SOS2,KRAS,coherent
Kras,Pik3r2,kidney,Distal_tubule,234,0.196581196581197,0.0341880341880342,0.0128205128205128,0.0531889259020807,0.418026099258028,,,-0.494978732468112,0.318167772518165,6,0.960789935688019,0.831318726070332,hsa04211,Longevity regulating pathway,KRAS,PIK3R2,discordant
Prkcz,Srebf1,kidney,PT,324,0.330246913580247,0.0339506172839506,0.00617283950617284,-0.0450748156057557,0.418732612172142,,,0.33175747138267,0.467266636481929,7,0.960789935688019,0.889976691150472,hsa04910,Insulin signaling pathway,PRKCZ,SREBF1,coherent
Pdpk1,Sgk1,kidney,cDC,152,0.111842105263158,0.111842105263158,0.0131578947368421,0.0659214947250783,0.419721868097851,,,0.966544535950423,0.0334554640495772,4,0.960789935688019,0.699649146351762,hsa04068,FoxO signaling pathway,PDPK1,SGK1,coherent
Usp7,Foxo3,kidney,T_cell,345,0.171014492753623,0.0927536231884058,0.0173913043478261,-0.0433947657373442,0.421700064299277,,,0.00918711807421924,0.986219710599471,6,0.960789935688019,0.998689735763778,hsa04068,FoxO signaling pathway,USP7,FOXO3,coherent
Akt1,Tsc2,kidney,T_cell,345,0.0840579710144928,0.0231884057971015,0,-0.04332874846808,0.422407310139811,,,0.41964319000253,0.407484883255587,6,0.960789935688019,0.864793137487389,hsa04910,Insulin signaling pathway,AKT1,TSC2,discordant
Usp7,Foxo3,kidney,LoH,163,0.245398773006135,0.122699386503067,0.049079754601227,0.0632352046619143,0.422597571014352,,,-0.10433051037796,0.844072045692474,6,0.960789935688019,0.968333998559229,hsa04068,FoxO signaling pathway,USP7,FOXO3,coherent
Camkk2,Prkaa2,kidney,PT,324,0.0524691358024691,0.305555555555556,0.0185185185185185,-0.0444801651582702,0.42490322998856,,,0.490601758427784,0.263630023800734,7,0.960789935688019,0.830500206859146,hsa04152,AMPK signaling pathway,CAMKK2,PRKAA2,coherent
Camkk2,Prkaa2,kidney,PT,324,0.0524691358024691,0.305555555555556,0.0185185185185185,-0.0444801651582702,0.42490322998856,,,0.490601758427784,0.263630023800734,7,0.960789935688019,0.830500206859146,hsa04211,Longevity regulating pathway,CAMKK2,PRKAA2,coherent
Stk11,Prkaa2,kidney,PT,324,0.20679012345679,0.305555555555556,0.101851851851852,0.0443186072210595,0.426588787313957,0.104612299465241,0.560938890208403,0.473178275863522,0.283528771564124,7,0.960789935688019,0.830500206859146,hsa04068,FoxO signaling pathway,STK11,PRKAA2,coherent
Stk11,Prkaa2,kidney,PT,324,0.20679012345679,0.305555555555556,0.101851851851852,0.0443186072210595,0.426588787313957,0.104612299465241,0.560938890208403,0.473178275863522,0.283528771564124,7,0.960789935688019,0.830500206859146,hsa04211,Longevity regulating pathway,STK11,PRKAA2,coherent
Ppp1ca,Calm1,kidney,cDC,152,0.690789473684211,0.980263157894737,0.677631578947369,0.0649408144956883,0.426686585334784,0.0593288981268385,0.551643718560007,0.345442352829016,0.654557647170984,4,0.960789935688019,0.932760641763802,hsa04910,Insulin signaling pathway,PPP1CA,CALM1,coherent
Mapk8,Irs2,kidney,Macrophage,907,0.0352811466372657,0.115766262403528,0.00441014332965821,-0.0262867796289892,0.429113744966275,,,0.818126034718899,0.0245018365309674,7,0.960789935688019,0.699649146351762,hsa04910,Insulin signaling pathway,MAPK8,IRS2,discordant
Akt1,Ppp1cb,kidney,T_cell,345,0.0840579710144928,0.16231884057971,0.0318840579710145,0.0426838604416054,0.429352333190676,0.6,0.0561788662417929,0.646157688938766,0.165655267864528,6,0.960789935688019,0.767932487795225,hsa04910,Insulin signaling pathway,AKT1,PPP1CB,discordant
Pdpk1,Sgk1,kidney,T_cell,345,0.0869565217391304,0.0463768115942029,0.00289855072463768,-0.0424639647961891,0.431735486224238,,,-0.503028668122913,0.309099641875402,6,0.960789935688019,0.830500206859146,hsa04068,FoxO signaling pathway,PDPK1,SGK1,coherent
Akt2,Foxo3,kidney,PT,324,0.151234567901235,0.135802469135802,0.0277777777777778,0.0437862276795112,0.432170567815939,,,-0.222122268520884,0.632146673464981,7,0.960789935688019,0.929236948658745,hsa04068,FoxO signaling pathway,AKT2,FOXO3,coherent
Akt2,Foxo3,kidney,PT,324,0.151234567901235,0.135802469135802,0.0277777777777778,0.0437862276795112,0.432170567815939,,,-0.222122268520884,0.632146673464981,7,0.960789935688019,0.929236948658745,hsa04211,Longevity regulating pathway,AKT2,FOXO3,coherent
Hras,Pik3ca,kidney,cDC,152,0.138157894736842,0.0526315789473684,0.0131578947368421,0.0637103296333857,0.435519043292446,,,0.171515641082816,0.828484358917184,4,0.960789935688019,0.966964969411617,hsa04211,Longevity regulating pathway,HRAS,PIK3CA,discordant
Pik3cd,Akt2,kidney,B_cell,189,0.0846560846560847,0.0687830687830688,0.0158730158730159,0.0568019545145063,0.437545673597163,,,0.342767861293906,0.657232138706094,4,0.960789935688019,0.932760641763802,hsa04066,HIF-1 signaling pathway,PIK3CD,AKT2,coherent
Gnai2,Prkce,kidney,Macrophage,907,0.735391400220507,0.0231532524807056,0.0165380374862183,-0.0257870678631434,0.437942262387637,0.475,0.0758700814278675,-0.365793250939617,0.419708092819136,7,0.960789935688019,0.873594369092599,hsa04371,Apelin signaling pathway,GNAI2,PRKCE,coherent
Pik3cd,Pdpk1,kidney,Distal_tubule,234,0.0384615384615385,0.0854700854700855,0,-0.0509341733886828,0.438059514455559,,,0.242961172438546,0.642729256298651,6,0.960789935688019,0.929236948658745,hsa04910,Insulin signaling pathway,PIK3CD,PDPK1,coherent
Stat3,Foxo3,kidney,Macrophage,907,0.196251378169791,0.0882028665931643,0.0242557883131202,0.0257766014560951,0.438128282999306,0.602089829149088,0.00302789290108254,-0.31216483409729,0.49549145110973,7,0.960789935688019,0.889976691150472,hsa04068,FoxO signaling pathway,STAT3,FOXO3,discordant
Pik3cd,Pdpk1,kidney,cDC,152,0.217105263157895,0.111842105263158,0.0197368421052632,-0.0633184667939174,0.438353613341529,,,0.508494580764742,0.491505419235258,4,0.960789935688019,0.889976691150472,hsa04910,Insulin signaling pathway,PIK3CD,PDPK1,coherent
Akt2,Foxo3,kidney,Distal_tubule,234,0.0811965811965812,0.106837606837607,0.0128205128205128,-0.0504456705388957,0.44247103627006,,,-0.341317180692554,0.507905514068027,6,0.960789935688019,0.889976691150472,hsa04068,FoxO signaling pathway,AKT2,FOXO3,coherent
Akt2,Foxo3,kidney,Distal_tubule,234,0.0811965811965812,0.106837606837607,0.0128205128205128,-0.0504456705388957,0.44247103627006,,,-0.341317180692554,0.507905514068027,6,0.960789935688019,0.889976691150472,hsa04211,Longevity regulating pathway,AKT2,FOXO3,coherent
Hras,Pik3r2,kidney,B_cell,189,0.116402116402116,0.0317460317460317,0,-0.0561648237396386,0.442711489889007,,,0.692159984166129,0.307840015833871,4,0.960789935688019,0.830500206859146,hsa04211,Longevity regulating pathway,HRAS,PIK3R2,coherent
Akt1,Tsc2,kidney,LoH,163,0.122699386503067,0.0920245398773006,0.0122699386503067,-0.0603943444487141,0.443778198431474,,,-0.0241913671740258,0.963720027902074,6,0.960789935688019,0.998689735763778,hsa04910,Insulin signaling pathway,AKT1,TSC2,discordant
Foxo3,Bcl2l11,kidney,B_cell,189,0.0846560846560847,0.0423280423280423,0,-0.0559804237371961,0.444213023447328,,,-0.60652989050908,0.39347010949092,4,0.960789935688019,0.857578418864052,hsa04068,FoxO signaling pathway,FOXO3,BCL2L11,discordant
Calm1,Pygb,kidney,LoH,163,0.889570552147239,0.0552147239263804,0.0552147239263804,0.0602638785109655,0.44476512338717,,,0.645941073303991,0.165844574829016,6,0.960789935688019,0.767932487795225,hsa04910,Insulin signaling pathway,CALM1,PYGB,discordant
Akt1,Tsc2,kidney,PT,324,0.114197530864198,0.0709876543209877,0.0185185185185185,0.0424770589945447,0.446074332511246,,,0.0417484446026597,0.929187387667775,7,0.960789935688019,0.996226075033068,hsa04910,Insulin signaling pathway,AKT1,TSC2,discordant
Pdpk1,Akt2,kidney,Endothelial,2875,0.129391304347826,0.0424347826086957,0.00556521739130435,-0.014152666585454,0.448115694342546,0.305882352941176,0.248661114186613,0.615521139612513,0.14118184306007,7,0.960789935688019,0.766109081487382,hsa04068,FoxO signaling pathway,PDPK1,AKT2,coherent
Pdpk1,Akt2,kidney,Endothelial,2875,0.129391304347826,0.0424347826086957,0.00556521739130435,-0.014152666585454,0.448115694342546,0.305882352941176,0.248661114186613,0.615521139612513,0.14118184306007,7,0.960789935688019,0.766109081487382,hsa04152,AMPK signaling pathway,PDPK1,AKT2,coherent
Pdpk1,Akt2,kidney,Endothelial,2875,0.129391304347826,0.0424347826086957,0.00556521739130435,-0.014152666585454,0.448115694342546,0.305882352941176,0.248661114186613,0.615521139612513,0.14118184306007,7,0.960789935688019,0.766109081487382,hsa04910,Insulin signaling pathway,PDPK1,AKT2,coherent
Gnb2,Kras,kidney,Endothelial,2875,0.693565217391304,0.265739130434783,0.19895652173913,0.0141066136639167,0.449594288854337,0.258830920394605,3.29560665989215e-10,0.712815955001242,0.072201610107895,7,0.960789935688019,0.732748669680389,hsa04371,Apelin signaling pathway,GNB2,KRAS,discordant
Hras,Pik3ca,kidney,PT,324,0.41358024691358,0.132716049382716,0.0895061728395062,0.0420818432582215,0.45032093555672,0.648275862068965,0.000201334901690458,0.620147432034172,0.137363632697257,7,0.960789935688019,0.766109081487382,hsa04211,Longevity regulating pathway,HRAS,PIK3CA,discordant
Gnb2,Kras,kidney,LoH,163,0.601226993865031,0.325153374233129,0.251533742331288,0.0595146403559935,0.450456777643898,0.178048780487805,0.264385619592825,0.61815922840729,0.190866916619288,6,0.960789935688019,0.801573227914052,hsa04371,Apelin signaling pathway,GNB2,KRAS,discordant
Foxo3,Gadd45a,kidney,Endothelial,2875,0.0587826086956522,0.0772173913043478,0.00591304347826087,0.0140737228577093,0.450651985226096,0.45343137254902,0.0693456244187705,0.386351657069464,0.391944276229608,7,0.960789935688019,0.857578418864052,hsa04068,FoxO signaling pathway,FOXO3,GADD45A,discordant
Pik3r2,Akt1,kidney,Macrophage,907,0.0242557883131202,0.144432194046307,0.00882028665931643,0.0249798819433181,0.452421036775879,,,-0.230662016621182,0.618749434144154,7,0.960789935688019,0.929236948658745,hsa04066,HIF-1 signaling pathway,PIK3R2,AKT1,coherent
Pik3ca,Pdpk1,kidney,Endothelial,2875,0.11895652173913,0.129391304347826,0.0191304347826087,0.0139589836140267,0.454352753388582,0.682828282828283,3.16971472436929e-08,0.384539745529454,0.394360907155683,7,0.960789935688019,0.857578418864052,hsa04910,Insulin signaling pathway,PIK3CA,PDPK1,discordant
Prkaa2,Srebf1,kidney,LoH,163,0.177914110429448,0.0736196319018405,0.0184049079754601,0.0590019702196989,0.454374754223661,,,0.312302833203359,0.546775675621189,6,0.960789935688019,0.91026938393907,hsa04152,AMPK signaling pathway,PRKAA2,SREBF1,discordant
Akt2,Ppp1cb,kidney,B_cell,189,0.0687830687830688,0.142857142857143,0.00529100529100529,-0.054664387541829,0.455012609732829,,,0.84573844275567,0.15426155724433,4,0.960789935688019,0.767932487795225,hsa04910,Insulin signaling pathway,AKT2,PPP1CB,discordant
Kras,Araf,kidney,cDC,152,0.361842105263158,0.151315789473684,0.0460526315789474,-0.060922463627448,0.45591199341628,,,-0.416765696852256,0.583234303147744,4,0.960789935688019,0.91794758549608,hsa04068,FoxO signaling pathway,KRAS,ARAF,discordant
Kras,Araf,kidney,cDC,152,0.361842105263158,0.151315789473684,0.0460526315789474,-0.060922463627448,0.45591199341628,,,-0.416765696852256,0.583234303147744,4,0.960789935688019,0.91794758549608,hsa04910,Insulin signaling pathway,KRAS,ARAF,discordant
Pdpk1,Rps6kb2,kidney,cDC,152,0.111842105263158,0.0328947368421053,0,-0.0608880332574672,0.45616712745001,,,-0.841450486005297,0.158549513994703,4,0.960789935688019,0.767932487795225,hsa04910,Insulin signaling pathway,PDPK1,RPS6KB2,coherent
Akt1,Pde3b,kidney,cDC,152,0.223684210526316,0.0592105263157895,0.0263157894736842,0.0608394248151239,0.456527458340314,,,-0.6115657368726,0.3884342631274,4,0.960789935688019,0.857578418864052,hsa04371,Apelin signaling pathway,AKT1,PDE3B,discordant
Akt1,Pde3b,kidney,cDC,152,0.223684210526316,0.0592105263157895,0.0263157894736842,0.0608394248151239,0.456527458340314,,,-0.6115657368726,0.3884342631274,4,0.960789935688019,0.857578418864052,hsa04910,Insulin signaling pathway,AKT1,PDE3B,discordant
Stk11,Foxo3,kidney,LoH,163,0.282208588957055,0.122699386503067,0.0368098159509202,-0.0584419993571113,0.458675873308582,,,-0.00857000235456022,0.987145311179816,6,0.960789935688019,0.998689735763778,hsa04068,FoxO signaling pathway,STK11,FOXO3,discordant
Kras,Pik3cd,kidney,Distal_tubule,234,0.196581196581197,0.0384615384615385,0.0128205128205128,0.0485505414453765,0.459822356794952,,,-0.116806511558782,0.825587072733628,6,0.960789935688019,0.966964969411617,hsa04211,Longevity regulating pathway,KRAS,PIK3CD,discordant
Gnai2,Prkce,kidney,Distal_tubule,234,0.329059829059829,0.0299145299145299,0.0128205128205128,-0.0479456978775879,0.465438775873421,,,-0.137643130884222,0.794839171690383,6,0.960789935688019,0.964429102117725,hsa04371,Apelin signaling pathway,GNAI2,PRKCE,coherent
Sos1,Hras,kidney,LoH,163,0.0736196319018405,0.337423312883436,0.0245398773006135,-0.0574829843869246,0.466094282838818,,,0.161975730347357,0.759161213222943,6,0.960789935688019,0.964429102117725,hsa04068,FoxO signaling pathway,SOS1,HRAS,discordant
Sos1,Hras,kidney,LoH,163,0.0736196319018405,0.337423312883436,0.0245398773006135,-0.0574829843869246,0.466094282838818,,,0.161975730347357,0.759161213222943,6,0.960789935688019,0.964429102117725,hsa04910,Insulin signaling pathway,SOS1,HRAS,discordant
Pik3r2,Prkcz,kidney,B_cell,189,0.0317460317460317,0.0582010582010582,0.0105820105820106,0.053277483430067,0.466550774786343,,,0.159799779321758,0.840200220678242,4,0.960789935688019,0.966964969411617,hsa04910,Insulin signaling pathway,PIK3R2,PRKCZ,coherent
Calm1,Pygb,kidney,Endothelial,2875,0.91895652173913,0.0584347826086957,0.0546086956521739,-0.0134990555622771,0.469357756751901,0.100318937969123,0.211261522014996,-0.643168082995461,0.119155254460457,7,0.960789935688019,0.747384535923108,hsa04910,Insulin signaling pathway,CALM1,PYGB,discordant
Akt2,Ppp1ca,kidney,T_cell,345,0.0405797101449275,0.443478260869565,0.0173913043478261,-0.0389979994121517,0.470293538609588,,,0.00230473513527083,0.996542903418245,6,0.960789935688019,0.998795856108493,hsa04910,Insulin signaling pathway,AKT2,PPP1CA,coherent
Rps6kb2,Rps6,kidney,T_cell,345,0.0434782608695652,0.889855072463768,0.0434782608695652,0.0389294392129524,0.471074880052942,0.0642857142857143,0.822421314284505,0.0486496276079784,0.927083130223276,6,0.960789935688019,0.996085679333696,hsa04066,HIF-1 signaling pathway,RPS6KB2,RPS6,discordant
Rps6kb2,Rps6,kidney,T_cell,345,0.0434782608695652,0.889855072463768,0.0434782608695652,0.0389294392129524,0.471074880052942,0.0642857142857143,0.822421314284505,0.0486496276079784,0.927083130223276,6,0.960789935688019,0.996085679333696,hsa04371,Apelin signaling pathway,RPS6KB2,RPS6,discordant
Rps6kb2,Rps6,kidney,T_cell,345,0.0434782608695652,0.889855072463768,0.0434782608695652,0.0389294392129524,0.471074880052942,0.0642857142857143,0.822421314284505,0.0486496276079784,0.927083130223276,6,0.960789935688019,0.996085679333696,hsa04910,Insulin signaling pathway,RPS6KB2,RPS6,discordant
Bcl2l1,Bax,kidney,Macrophage,907,0.109151047409041,0.30981256890849,0.0463065049614113,0.023867449700553,0.472810537176837,0.434243578316182,0.00437950354161015,0.400173667530388,0.37370697259354,7,0.960789935688019,0.851438440004285,hsa04115,p53 signaling pathway,BCL2L1,BAX,discordant
Pik3cd,Akt2,kidney,Distal_tubule,234,0.0384615384615385,0.0811965811965812,0,-0.0466686092355516,0.477420955165452,,,-0.295290607714626,0.569938248515263,6,0.960789935688019,0.91026938393907,hsa04066,HIF-1 signaling pathway,PIK3CD,AKT2,coherent
Sirt1,Bax,kidney,Endothelial,2875,0.0834782608695652,0.420869565217391,0.0361739130434783,-0.0132419905470272,0.477862287166632,0.60816174117145,0,-0.27173231637102,0.555533666107653,7,0.960789935688019,0.91026938393907,hsa04211,Longevity regulating pathway,SIRT1,BAX,coherent
Pdpk1,Rps6kb2,kidney,PT,324,0.154320987654321,0.0524691358024691,0.00925925925925926,-0.0392998419403063,0.480850362338715,,,0.319503522511061,0.484849819449518,7,0.960789935688019,0.889976691150472,hsa04910,Insulin signaling pathway,PDPK1,RPS6KB2,coherent
Foxo3,Rbl2,kidney,Endothelial,2875,0.0587826086956522,0.08,0.00695652173913044,0.0131288988962336,0.481630226499429,0.806015037593985,1.98455031217332e-05,-0.106921577737642,0.819520074469529,7,0.960789935688019,0.966964969411617,hsa04068,FoxO signaling pathway,FOXO3,RBL2,coherent
Prkaa2,Pfkfb3,kidney,PT,324,0.305555555555556,0.0216049382716049,0.00925925925925926,-0.039063216676915,0.48349784854599,,,-0.468358878788211,0.28914733584083,7,0.960789935688019,0.830500206859146,hsa04152,AMPK signaling pathway,PRKAA2,PFKFB3,discordant
Gnb2,Plcb3,kidney,Endothelial,2875,0.693565217391304,0.0855652173913044,0.0626086956521739,-0.0130701282731743,0.483594682367485,0.166213376476263,0.0257483836685737,-0.546311312289767,0.204516118252185,7,0.960789935688019,0.81268663614152,hsa04371,Apelin signaling pathway,GNB2,PLCB3,coherent
Stk11,Foxo3,kidney,cDC,152,0.164473684210526,0.125,0.0328947368421053,0.0571160962493756,0.484594249422606,,,-0.968928956822235,0.0310710431777651,4,0.960789935688019,0.699649146351762,hsa04068,FoxO signaling pathway,STK11,FOXO3,discordant
Gnai3,Prkce,kidney,LoH,163,0.226993865030675,0.0306748466257669,0.00613496932515337,-0.0551006829699724,0.48480485866019,,,0.448688049561385,0.372133081402538,6,0.960789935688019,0.851438440004285,hsa04371,Apelin signaling pathway,GNAI3,PRKCE,discordant
Akt2,Ppp1ca,kidney,cDC,152,0.164473684210526,0.690789473684211,0.125,0.0569833513424109,0.485611695005526,-0.0140350877192982,0.95689574054641,-0.402785682280854,0.597214317719146,4,0.960789935688019,0.929236948658745,hsa04910,Insulin signaling pathway,AKT2,PPP1CA,coherent
Akt1,Ppp1cb,kidney,LoH,163,0.122699386503067,0.398773006134969,0.0674846625766871,0.0548903987182687,0.486475570766354,0.790909090909091,0.00606083055140366,-0.37523653301298,0.463562313140247,6,0.960789935688019,0.889976691150472,hsa04910,Insulin signaling pathway,AKT1,PPP1CB,discordant
Prkce,Rras,kidney,PT,324,0.0648148148148148,0.0709876543209877,0.00308641975308642,-0.0387957428640833,0.486499940269446,,,-0.715646087231588,0.0705542738075163,7,0.960789935688019,0.732748669680389,hsa04371,Apelin signaling pathway,PRKCE,RRAS,coherent
Sos1,Hras,kidney,Macrophage,907,0.0385887541345094,0.0793825799338479,0.00661521499448732,0.0230610878355938,0.487900249383935,,,0.134672956522226,0.773439725479448,7,0.960789935688019,0.964429102117725,hsa04068,FoxO signaling pathway,SOS1,HRAS,discordant
Sos1,Hras,kidney,Macrophage,907,0.0385887541345094,0.0793825799338479,0.00661521499448732,0.0230610878355938,0.487900249383935,,,0.134672956522226,0.773439725479448,7,0.960789935688019,0.964429102117725,hsa04910,Insulin signaling pathway,SOS1,HRAS,discordant
Foxo3,Cdkn2b,kidney,Distal_tubule,234,0.106837606837607,0.0384615384615385,0.00427350427350427,-0.0454205107789343,0.489291293404686,,,-0.00379130216037424,0.994313074007474,6,0.960789935688019,0.998795856108493,hsa04068,FoxO signaling pathway,FOXO3,CDKN2B,discordant
Akt2,Ppp1ca,kidney,LoH,163,0.104294478527607,0.558282208588957,0.0674846625766871,-0.0544693465044594,0.489830084446308,0.372727272727273,0.260598370671166,0.548300896785197,0.259967566021055,6,0.960789935688019,0.830500206859146,hsa04910,Insulin signaling pathway,AKT2,PPP1CA,coherent
Foxo3,Cdkn1b,kidney,T_cell,345,0.0927536231884058,0.304347826086957,0.0318840579710145,-0.03709059222713,0.492294989987361,0.881818181818182,0.000668290061888927,0.593225590795358,0.214544580746827,6,0.960789935688019,0.81268663614152,hsa04068,FoxO signaling pathway,FOXO3,CDKN1B,coherent
Prkaa2,Klf2,kidney,B_cell,189,0.0317460317460317,0.714285714285714,0.0211640211640212,-0.0498964432839822,0.495342089112169,,,0.612034809899445,0.387965190100555,4,0.960789935688019,0.857578418864052,hsa04371,Apelin signaling pathway,PRKAA2,KLF2,coherent
Sirt1,Ppargc1a,kidney,B_cell,189,0.0582010582010582,0.0476190476190476,0,-0.049835088127911,0.495873113959611,,,-0.390467713791307,0.609532286208693,4,0.960789935688019,0.929236948658745,hsa04211,Longevity regulating pathway,SIRT1,PPARGC1A,coherent
Foxo3,Plk3,kidney,LoH,163,0.122699386503067,0.0429447852760736,0.00613496932515337,0.0535231412106456,0.497413250476306,,,0.379984068468659,0.457456446671995,6,0.960789935688019,0.889976691150472,hsa04068,FoxO signaling pathway,FOXO3,PLK3,discordant
Stk11,Foxo3,kidney,Endothelial,2875,0.182260869565217,0.0587826086956522,0.0132173913043478,0.0126386868701156,0.498148113629523,0.771528613633877,2.33889485996909e-07,0.213281042741712,0.646101584273322,7,0.960789935688019,0.929236948658745,hsa04068,FoxO signaling pathway,STK11,FOXO3,discordant
Calm1,Pygb,kidney,Distal_tubule,234,0.632478632478633,0.0683760683760684,0.0598290598290598,0.0444062190185796,0.499053041958761,0.0769230769230769,0.796566427832341,0.0913950990352241,0.863289066008761,6,0.960789935688019,0.972842240675032,hsa04910,Insulin signaling pathway,CALM1,PYGB,discordant
Sirt1,Foxo3,kidney,B_cell,189,0.0582010582010582,0.0846560846560847,0.00529100529100529,-0.0493104203784935,0.500426359080392,,,-0.289892956344424,0.710107043655576,4,0.960789935688019,0.952130248081697,hsa04211,Longevity regulating pathway,SIRT1,FOXO3,coherent
Gnai3,Prkce,kidney,Distal_tubule,234,0.11965811965812,0.0299145299145299,0.00427350427350427,-0.0441950311627468,0.501098410131968,,,-0.720964129794033,0.105928516994852,6,0.960789935688019,0.747384535923108,hsa04371,Apelin signaling pathway,GNAI3,PRKCE,discordant
Sos2,Hras,kidney,Macrophage,907,0.0496141124586549,0.0793825799338479,0.00551267916207277,0.0222983190153502,0.502409559495886,,,-0.843203712534341,0.0171515359029188,7,0.960789935688019,0.699649146351762,hsa04068,FoxO signaling pathway,SOS2,HRAS,discordant
Sos2,Hras,kidney,Macrophage,907,0.0496141124586549,0.0793825799338479,0.00551267916207277,0.0222983190153502,0.502409559495886,,,-0.843203712534341,0.0171515359029188,7,0.960789935688019,0.699649146351762,hsa04910,Insulin signaling pathway,SOS2,HRAS,discordant
Akt2,Ppp1ca,kidney,Macrophage,907,0.0661521499448732,0.413450937155458,0.0319735391400221,-0.0222063862132866,0.504173550679161,0.274384236453202,0.149458054553039,0.316399168174673,0.489341322787668,7,0.960789935688019,0.889976691150472,hsa04910,Insulin signaling pathway,AKT2,PPP1CA,coherent
Irs2,Pik3cd,kidney,Distal_tubule,234,0.166666666666667,0.0384615384615385,0.0128205128205128,0.0438026361949201,0.504910465773359,,,-0.157451709351288,0.765774131846587,6,0.960789935688019,0.964429102117725,hsa04068,FoxO signaling pathway,IRS2,PIK3CD,discordant
Irs2,Pik3cd,kidney,Distal_tubule,234,0.166666666666667,0.0384615384615385,0.0128205128205128,0.0438026361949201,0.504910465773359,,,-0.157451709351288,0.765774131846587,6,0.960789935688019,0.964429102117725,hsa04152,AMPK signaling pathway,IRS2,PIK3CD,discordant
Irs2,Pik3cd,kidney,Distal_tubule,234,0.166666666666667,0.0384615384615385,0.0128205128205128,0.0438026361949201,0.504910465773359,,,-0.157451709351288,0.765774131846587,6,0.960789935688019,0.964429102117725,hsa04211,Longevity regulating pathway,IRS2,PIK3CD,discordant
Irs2,Pik3cd,kidney,Distal_tubule,234,0.166666666666667,0.0384615384615385,0.0128205128205128,0.0438026361949201,0.504910465773359,,,-0.157451709351288,0.765774131846587,6,0.960789935688019,0.964429102117725,hsa04910,Insulin signaling pathway,IRS2,PIK3CD,discordant
Pik3r2,Prkcz,kidney,PT,324,0.0648148148148148,0.330246913580247,0.0308641975308642,-0.0370064361043402,0.506838305956997,0.478787878787879,0.166058037179348,0.0873420637463683,0.852288433288899,7,0.960789935688019,0.972521980127868,hsa04910,Insulin signaling pathway,PIK3R2,PRKCZ,coherent
Akt2,Ppp1ca,kidney,PT,324,0.151234567901235,0.515432098765432,0.111111111111111,0.0369172528674309,0.50786352660588,0.549034749034749,0.000640886161289015,0.588361164091544,0.164658804102436,7,0.960789935688019,0.767932487795225,hsa04910,Insulin signaling pathway,AKT2,PPP1CA,coherent
Ppp1ca,Calm1,kidney,LoH,163,0.558282208588957,0.889570552147239,0.521472392638037,-0.0521349727528139,0.508649539216101,-0.0495993746335744,0.651544948840974,0.323184983467208,0.532100623591627,6,0.960789935688019,0.90834375176485,hsa04910,Insulin signaling pathway,PPP1CA,CALM1,coherent
Akt2,Ppp1cb,kidney,PT,324,0.151234567901235,0.259259259259259,0.0679012345679012,0.0368010454139417,0.509201032132441,0.621682665160926,0.0024932248970696,-0.0837885151666252,0.858254984928199,7,0.960789935688019,0.972842240675032,hsa04910,Insulin signaling pathway,AKT2,PPP1CB,discordant
Hras,Pik3r2,kidney,PT,324,0.41358024691358,0.0648148148148148,0.0339506172839506,-0.0367289459265093,0.510031793210977,0.154545454545455,0.653538937959263,0.135064996422252,0.772792254165627,7,0.960789935688019,0.964429102117725,hsa04211,Longevity regulating pathway,HRAS,PIK3R2,coherent
Kras,Pik3ca,kidney,T_cell,345,0.153623188405797,0.0898550724637681,0.0231884057971015,0.0354719835933679,0.511387743706857,,,-0.470507804362622,0.346318236292111,6,0.960789935688019,0.835084350908146,hsa04211,Longevity regulating pathway,KRAS,PIK3CA,coherent
Pdpk1,Akt2,kidney,Macrophage,907,0.0749724366041896,0.0661521499448732,0.0110253583241455,0.0216982409558589,0.513982295482765,0.927272727272727,0.000130162394465275,0.167200661583243,0.720102292477962,7,0.960789935688019,0.954658433388833,hsa04068,FoxO signaling pathway,PDPK1,AKT2,coherent
Pdpk1,Akt2,kidney,Macrophage,907,0.0749724366041896,0.0661521499448732,0.0110253583241455,0.0216982409558589,0.513982295482765,0.927272727272727,0.000130162394465275,0.167200661583243,0.720102292477962,7,0.960789935688019,0.954658433388833,hsa04152,AMPK signaling pathway,PDPK1,AKT2,coherent
Pdpk1,Akt2,kidney,Macrophage,907,0.0749724366041896,0.0661521499448732,0.0110253583241455,0.0216982409558589,0.513982295482765,0.927272727272727,0.000130162394465275,0.167200661583243,0.720102292477962,7,0.960789935688019,0.954658433388833,hsa04910,Insulin signaling pathway,PDPK1,AKT2,coherent
Irs2,Pik3r2,kidney,B_cell,189,0.0899470899470899,0.0317460317460317,0,-0.0474994135200481,0.516310313601371,,,0.201591557088769,0.798408442911231,4,0.960789935688019,0.964429102117725,hsa04068,FoxO signaling pathway,IRS2,PIK3R2,discordant
Irs2,Pik3r2,kidney,B_cell,189,0.0899470899470899,0.0317460317460317,0,-0.0474994135200481,0.516310313601371,,,0.201591557088769,0.798408442911231,4,0.960789935688019,0.964429102117725,hsa04152,AMPK signaling pathway,IRS2,PIK3R2,discordant
Irs2,Pik3r2,kidney,B_cell,189,0.0899470899470899,0.0317460317460317,0,-0.0474994135200481,0.516310313601371,,,0.201591557088769,0.798408442911231,4,0.960789935688019,0.964429102117725,hsa04211,Longevity regulating pathway,IRS2,PIK3R2,discordant
Irs2,Pik3r2,kidney,B_cell,189,0.0899470899470899,0.0317460317460317,0,-0.0474994135200481,0.516310313601371,,,0.201591557088769,0.798408442911231,4,0.960789935688019,0.964429102117725,hsa04910,Insulin signaling pathway,IRS2,PIK3R2,discordant
Pik3cd,Prkcz,kidney,Distal_tubule,234,0.0384615384615385,0.0726495726495727,0.00854700854700855,0.0422979365194235,0.519667947244032,,,-0.456107246544943,0.363281996676802,6,0.960789935688019,0.850319398814932,hsa04910,Insulin signaling pathway,PIK3CD,PRKCZ,coherent
Akt1,Ppp1cb,kidney,PT,324,0.114197530864198,0.259259259259259,0.0493827160493827,0.0357609006805726,0.52125400484568,0.385294117647059,0.14140872493054,0.382835037845503,0.396639974587552,7,0.960789935688019,0.85916252122524,hsa04910,Insulin signaling pathway,AKT1,PPP1CB,discordant
Mapk8,Irs2,kidney,B_cell,189,0.0317460317460317,0.0899470899470899,0.0105820105820106,0.0465296134639902,0.524921579851168,,,0.630142083812614,0.369857916187386,4,0.960789935688019,0.851438440004285,hsa04910,Insulin signaling pathway,MAPK8,IRS2,discordant
Prkce,Mras,kidney,LoH,163,0.0306748466257669,0.0920245398773006,0,-0.0500973772859864,0.52537810433408,,,-0.137501393604275,0.795047753803234,6,0.960789935688019,0.964429102117725,hsa04371,Apelin signaling pathway,PRKCE,MRAS,coherent
Mapk8,Irs1,kidney,Distal_tubule,234,0.0641025641025641,0.0512820512820513,0.00427350427350427,-0.0415723715689019,0.526862181736859,,,0.684501142429373,0.133606989830997,6,0.960789935688019,0.755529792053158,hsa04910,Insulin signaling pathway,MAPK8,IRS1,discordant
Foxo3,Cdkn1b,kidney,LoH,163,0.122699386503067,0.349693251533742,0.0552147239263804,0.0498910927776558,0.527087100242639,,,0.363277344779074,0.479054916391355,6,0.960789935688019,0.889976691150472,hsa04068,FoxO signaling pathway,FOXO3,CDKN1B,coherent
Kras,Pik3r2,kidney,B_cell,189,0.148148148148148,0.0317460317460317,0.00529100529100529,-0.0460239108437214,0.529440683330876,,,0.189079793259695,0.810920206740305,4,0.960789935688019,0.966964969411617,hsa04211,Longevity regulating pathway,KRAS,PIK3R2,discordant
Foxo3,Bcl2l11,kidney,PT,324,0.135802469135802,0.0462962962962963,0.00925925925925926,-0.0350393011931203,0.529700793623565,,,0.759241211800619,0.0477492629466517,7,0.960789935688019,0.699649146351762,hsa04068,FoxO signaling pathway,FOXO3,BCL2L11,discordant
Prmt1,Foxo3,kidney,LoH,163,0.294478527607362,0.122699386503067,0.0429447852760736,0.0493873101046145,0.531272544961479,,,0.487524148297012,0.326651097408978,6,0.960789935688019,0.831318726070332,hsa04068,FoxO signaling pathway,PRMT1,FOXO3,discordant
Kras,Pik3ca,kidney,B_cell,189,0.148148148148148,0.0793650793650794,0.0211640211640212,0.0454036826362409,0.535009887654722,,,0.112889619667004,0.887110380332996,4,0.960789935688019,0.979038917155068,hsa04211,Longevity regulating pathway,KRAS,PIK3CA,coherent
Akt1,Pde3b,kidney,T_cell,345,0.0840579710144928,0.159420289855072,0.0173913043478261,-0.0331566527214165,0.539353324404064,,,0.607972967022093,0.200403416455206,6,0.960789935688019,0.811273140480071,hsa04371,Apelin signaling pathway,AKT1,PDE3B,discordant
Akt1,Pde3b,kidney,T_cell,345,0.0840579710144928,0.159420289855072,0.0173913043478261,-0.0331566527214165,0.539353324404064,,,0.607972967022093,0.200403416455206,6,0.960789935688019,0.811273140480071,hsa04910,Insulin signaling pathway,AKT1,PDE3B,discordant
Akt1,Ppp1ca,kidney,Macrophage,907,0.144432194046307,0.413450937155458,0.0694597574421169,-0.0202979898354558,0.541515351853684,0.359639016897081,0.0039879004218042,0.13313457967302,0.775981429546902,7,0.960789935688019,0.964429102117725,hsa04910,Insulin signaling pathway,AKT1,PPP1CA,coherent
Pik3r2,Pdpk1,kidney,PT,324,0.0648148148148148,0.154320987654321,0.0185185185185185,0.0339942318140074,0.542055578849923,,,0.513452665639231,0.238537040777422,7,0.960789935688019,0.830500206859146,hsa04910,Insulin signaling pathway,PIK3R2,PDPK1,coherent
Ptprf,Irs2,kidney,Distal_tubule,234,0.153846153846154,0.166666666666667,0.0555555555555556,0.0400473667597474,0.542146045130434,0.175824175824176,0.566023611331862,-0.304672655091115,0.557131701978837,6,0.960789935688019,0.91026938393907,hsa04910,Insulin signaling pathway,PTPRF,IRS2,coherent
Akt1,Tsc2,kidney,Macrophage,907,0.144432194046307,0.0330760749724366,0.00441014332965821,-0.0202203829627309,0.543062558539789,,,0.694645280488998,0.0832640465288347,7,0.960789935688019,0.747384535923108,hsa04910,Insulin signaling pathway,AKT1,TSC2,discordant
Akt2,Foxo3,kidney,Macrophage,907,0.0661521499448732,0.0882028665931643,0.00992282249173098,0.0200372436767079,0.546722400093361,,,-0.400591360339861,0.373161356341604,7,0.960789935688019,0.851438440004285,hsa04068,FoxO signaling pathway,AKT2,FOXO3,coherent
Akt2,Foxo3,kidney,Macrophage,907,0.0661521499448732,0.0882028665931643,0.00992282249173098,0.0200372436767079,0.546722400093361,,,-0.400591360339861,0.373161356341604,7,0.960789935688019,0.851438440004285,hsa04211,Longevity regulating pathway,AKT2,FOXO3,coherent
Usp7,Foxo3,kidney,Macrophage,907,0.152149944873208,0.0882028665931643,0.0121278941565601,-0.0197734019641413,0.552016339377517,0.863636363636364,0.00127451701387643,-0.824657889935385,0.022444289962073,7,0.960789935688019,0.699649146351762,hsa04068,FoxO signaling pathway,USP7,FOXO3,coherent
Stat3,Foxo3,kidney,B_cell,189,0.132275132275132,0.0846560846560847,0.0158730158730159,0.0432132140929256,0.554910285979651,,,0.322620017171429,0.677379982828571,4,0.960789935688019,0.94507818564947,hsa04068,FoxO signaling pathway,STAT3,FOXO3,discordant
Irs2,Pik3ca,kidney,Distal_tubule,234,0.166666666666667,0.094017094017094,0.0341880341880342,-0.0387166996489826,0.555659314248104,,,-0.435326773594457,0.388259097400469,6,0.960789935688019,0.857578418864052,hsa04068,FoxO signaling pathway,IRS2,PIK3CA,coherent
Irs2,Pik3ca,kidney,Distal_tubule,234,0.166666666666667,0.094017094017094,0.0341880341880342,-0.0387166996489826,0.555659314248104,,,-0.435326773594457,0.388259097400469,6,0.960789935688019,0.857578418864052,hsa04152,AMPK signaling pathway,IRS2,PIK3CA,coherent
Irs2,Pik3ca,kidney,Distal_tubule,234,0.166666666666667,0.094017094017094,0.0341880341880342,-0.0387166996489826,0.555659314248104,,,-0.435326773594457,0.388259097400469,6,0.960789935688019,0.857578418864052,hsa04211,Longevity regulating pathway,IRS2,PIK3CA,coherent
Irs2,Pik3ca,kidney,Distal_tubule,234,0.166666666666667,0.094017094017094,0.0341880341880342,-0.0387166996489826,0.555659314248104,,,-0.435326773594457,0.388259097400469,6,0.960789935688019,0.857578418864052,hsa04910,Insulin signaling pathway,IRS2,PIK3CA,coherent
Hras,Araf,kidney,Endothelial,2875,0.400347826086957,0.126608695652174,0.055304347826087,-0.0109931818261056,0.555723643574867,0.597888699977161,8.73944114944997e-17,0.180282746916833,0.698891880492783,7,0.960789935688019,0.948178156337342,hsa04068,FoxO signaling pathway,HRAS,ARAF,coherent
Hras,Araf,kidney,Endothelial,2875,0.400347826086957,0.126608695652174,0.055304347826087,-0.0109931818261056,0.555723643574867,0.597888699977161,8.73944114944997e-17,0.180282746916833,0.698891880492783,7,0.960789935688019,0.948178156337342,hsa04910,Insulin signaling pathway,HRAS,ARAF,coherent
Pik3ca,Pdpk1,kidney,LoH,163,0.196319018404908,0.171779141104294,0.0368098159509202,-0.0462346174822373,0.557838660070463,,,-0.212183610906604,0.686501036676792,6,0.960789935688019,0.945310496116283,hsa04910,Insulin signaling pathway,PIK3CA,PDPK1,discordant
Stk11,Foxo3,kidney,Macrophage,907,0.128996692392503,0.0882028665931643,0.0154355016538037,0.019471314635026,0.558108366222673,0.503296703296703,0.0693754149463021,-0.196386108393986,0.672996336098925,7,0.960789935688019,0.941335539058913,hsa04068,FoxO signaling pathway,STK11,FOXO3,discordant
Akt2,Tsc2,kidney,PT,324,0.151234567901235,0.0709876543209877,0.00925925925925926,-0.032532626244211,0.559571218289922,,,0.764803135055309,0.0451853859658679,7,0.960789935688019,0.699649146351762,hsa04910,Insulin signaling pathway,AKT2,TSC2,discordant
Foxo3,Cdkn1b,kidney,cDC,152,0.125,0.434210526315789,0.0592105263157895,0.0474824340930064,0.561309147569687,,,0.915614937792818,0.0843850622071824,4,0.960789935688019,0.747384535923108,hsa04068,FoxO signaling pathway,FOXO3,CDKN1B,coherent
Irs1,Pik3cd,kidney,Distal_tubule,234,0.0512820512820513,0.0384615384615385,0,-0.0378201149172056,0.564855552684254,,,0.0257616828573271,0.961366024268666,6,0.960789935688019,0.998689735763778,hsa04068,FoxO signaling pathway,IRS1,PIK3CD,discordant
Irs1,Pik3cd,kidney,Distal_tubule,234,0.0512820512820513,0.0384615384615385,0,-0.0378201149172056,0.564855552684254,,,0.0257616828573271,0.961366024268666,6,0.960789935688019,0.998689735763778,hsa04152,AMPK signaling pathway,IRS1,PIK3CD,discordant
Irs1,Pik3cd,kidney,Distal_tubule,234,0.0512820512820513,0.0384615384615385,0,-0.0378201149172056,0.564855552684254,,,0.0257616828573271,0.961366024268666,6,0.960789935688019,0.998689735763778,hsa04211,Longevity regulating pathway,IRS1,PIK3CD,discordant
Irs1,Pik3cd,kidney,Distal_tubule,234,0.0512820512820513,0.0384615384615385,0,-0.0378201149172056,0.564855552684254,,,0.0257616828573271,0.961366024268666,6,0.960789935688019,0.998689735763778,hsa04910,Insulin signaling pathway,IRS1,PIK3CD,discordant
Kras,Pik3cd,kidney,LoH,163,0.325153374233129,0.0368098159509202,0.0122699386503067,-0.0453996554891189,0.564980163130456,,,-0.462701865285696,0.355477821027503,6,0.960789935688019,0.84899461951766,hsa04211,Longevity regulating pathway,KRAS,PIK3CD,discordant
Foxo3,Cdkn1a,kidney,T_cell,345,0.0927536231884058,0.121739130434783,0.0115942028985507,-0.0310674193790081,0.565226181725258,,,-0.320199564613934,0.536115325324269,6,0.960789935688019,0.90834375176485,hsa04068,FoxO signaling pathway,FOXO3,CDKN1A,discordant
Sirt1,Foxo3,kidney,LoH,163,0.128834355828221,0.122699386503067,0.0306748466257669,0.0451144521598298,0.567429471788303,,,0.439967720571563,0.382631045884315,6,0.960789935688019,0.854899434685584,hsa04211,Longevity regulating pathway,SIRT1,FOXO3,coherent
Pdpk1,Rps6kb2,kidney,B_cell,189,0.0687830687830688,0.037037037037037,0.0105820105820106,0.0416199702598298,0.569606826774436,,,0.753311440121144,0.246688559878856,4,0.960789935688019,0.830500206859146,hsa04910,Insulin signaling pathway,PDPK1,RPS6KB2,coherent
Gnb2,Hras,kidney,B_cell,189,0.354497354497354,0.116402116402116,0.0582010582010582,0.0415884820289652,0.569899130043939,0.863636363636364,0.00127451701387643,0.260165286287526,0.739834713712474,4,0.960789935688019,0.964429102117725,hsa04371,Apelin signaling pathway,GNB2,HRAS,coherent
Akt1,Foxo3,kidney,T_cell,345,0.0840579710144928,0.0927536231884058,0.0173913043478261,0.030539333957133,0.571858734133244,,,0.4961383549354,0.316855506131619,6,0.960789935688019,0.831318726070332,hsa04068,FoxO signaling pathway,AKT1,FOXO3,coherent
Akt1,Foxo3,kidney,T_cell,345,0.0840579710144928,0.0927536231884058,0.0173913043478261,0.030539333957133,0.571858734133244,,,0.4961383549354,0.316855506131619,6,0.960789935688019,0.831318726070332,hsa04211,Longevity regulating pathway,AKT1,FOXO3,coherent
Ppp1ca,Calm1,kidney,PT,324,0.515432098765432,0.774691358024691,0.45679012345679,0.0312639363111059,0.574993223234552,0.263958658014267,0.00123084618396479,-0.371821839714821,0.411489094805805,7,0.960789935688019,0.864793137487389,hsa04910,Insulin signaling pathway,PPP1CA,CALM1,coherent
Sos1,Kras,kidney,cDC,152,0.0723684210526316,0.361842105263158,0.0263157894736842,-0.0457768969297388,0.575472420694448,,,0.169647845473809,0.830352154526191,4,0.960789935688019,0.966964969411617,hsa04068,FoxO signaling pathway,SOS1,KRAS,coherent
Sos1,Kras,kidney,cDC,152,0.0723684210526316,0.361842105263158,0.0263157894736842,-0.0457768969297388,0.575472420694448,,,0.169647845473809,0.830352154526191,4,0.960789935688019,0.966964969411617,hsa04910,Insulin signaling pathway,SOS1,KRAS,coherent
Mapk8,Irs2,kidney,Distal_tubule,234,0.0641025641025641,0.166666666666667,0.0213675213675214,0.0366941182533817,0.576506860675486,,,-0.185027533820115,0.725625925497704,6,0.960789935688019,0.954987937623733,hsa04910,Insulin signaling pathway,MAPK8,IRS2,discordant
Rps6kb2,Rps6,kidney,PT,324,0.0524691358024691,0.820987654320988,0.0493827160493827,0.0309762202300937,0.57851828366573,0.0852941176470588,0.754560264425764,0.410682833823745,0.360079014803879,7,0.960789935688019,0.850319398814932,hsa04066,HIF-1 signaling pathway,RPS6KB2,RPS6,discordant
Rps6kb2,Rps6,kidney,PT,324,0.0524691358024691,0.820987654320988,0.0493827160493827,0.0309762202300937,0.57851828366573,0.0852941176470588,0.754560264425764,0.410682833823745,0.360079014803879,7,0.960789935688019,0.850319398814932,hsa04371,Apelin signaling pathway,RPS6KB2,RPS6,discordant
Rps6kb2,Rps6,kidney,PT,324,0.0524691358024691,0.820987654320988,0.0493827160493827,0.0309762202300937,0.57851828366573,0.0852941176470588,0.754560264425764,0.410682833823745,0.360079014803879,7,0.960789935688019,0.850319398814932,hsa04910,Insulin signaling pathway,RPS6KB2,RPS6,discordant
Rps6kb2,Rps6,kidney,Endothelial,2875,0.0653913043478261,0.796173913043478,0.0532173913043478,-0.0103353513775864,0.579616294798391,0.0983076772298622,0.226679192849791,0.106247507822486,0.820644966570674,7,0.960789935688019,0.966964969411617,hsa04066,HIF-1 signaling pathway,RPS6KB2,RPS6,discordant
Rps6kb2,Rps6,kidney,Endothelial,2875,0.0653913043478261,0.796173913043478,0.0532173913043478,-0.0103353513775864,0.579616294798391,0.0983076772298622,0.226679192849791,0.106247507822486,0.820644966570674,7,0.960789935688019,0.966964969411617,hsa04371,Apelin signaling pathway,RPS6KB2,RPS6,discordant
Rps6kb2,Rps6,kidney,Endothelial,2875,0.0653913043478261,0.796173913043478,0.0532173913043478,-0.0103353513775864,0.579616294798391,0.0983076772298622,0.226679192849791,0.106247507822486,0.820644966570674,7,0.960789935688019,0.966964969411617,hsa04910,Insulin signaling pathway,RPS6KB2,RPS6,discordant
Sos2,Kras,kidney,T_cell,345,0.0463768115942029,0.153623188405797,0.00869565217391304,0.029795664745324,0.5812609150002,,,-0.527839999788281,0.281772088342249,6,0.960789935688019,0.830500206859146,hsa04068,FoxO signaling pathway,SOS2,KRAS,coherent
Sos2,Kras,kidney,T_cell,345,0.0463768115942029,0.153623188405797,0.00869565217391304,0.029795664745324,0.5812609150002,,,-0.527839999788281,0.281772088342249,6,0.960789935688019,0.830500206859146,hsa04910,Insulin signaling pathway,SOS2,KRAS,coherent
Prkce,Hras,kidney,Macrophage,907,0.0231532524807056,0.0793825799338479,0.00220507166482911,0.0183147083675809,0.581730070788889,,,0.227789403513241,0.623246858102549,7,0.960789935688019,0.929236948658745,hsa04371,Apelin signaling pathway,PRKCE,HRAS,coherent
Gnb2,Mras,kidney,Distal_tubule,234,0.303418803418803,0.047008547008547,0.0213675213675214,0.0359922014978646,0.583826497235912,,,0.289740840409353,0.577550575611114,6,0.960789935688019,0.913502024295796,hsa04371,Apelin signaling pathway,GNB2,MRAS,coherent
Il6,Stat3,kidney,Macrophage,907,0.0264608599779493,0.196251378169791,0.00882028665931643,0.018100306229485,0.586159601769788,,,0.308398958218623,0.500983933144051,7,0.960789935688019,0.889976691150472,hsa04068,FoxO signaling pathway,IL6,STAT3,coherent
Irs2,Pik3cd,kidney,cDC,152,0.118421052631579,0.217105263157895,0.0263157894736842,-0.0444798614820709,0.586354024963202,,,-0.373010504322771,0.626989495677229,4,0.960789935688019,0.929236948658745,hsa04068,FoxO signaling pathway,IRS2,PIK3CD,discordant
Irs2,Pik3cd,kidney,cDC,152,0.118421052631579,0.217105263157895,0.0263157894736842,-0.0444798614820709,0.586354024963202,,,-0.373010504322771,0.626989495677229,4,0.960789935688019,0.929236948658745,hsa04152,AMPK signaling pathway,IRS2,PIK3CD,discordant
Irs2,Pik3cd,kidney,cDC,152,0.118421052631579,0.217105263157895,0.0263157894736842,-0.0444798614820709,0.586354024963202,,,-0.373010504322771,0.626989495677229,4,0.960789935688019,0.929236948658745,hsa04211,Longevity regulating pathway,IRS2,PIK3CD,discordant
Irs2,Pik3cd,kidney,cDC,152,0.118421052631579,0.217105263157895,0.0263157894736842,-0.0444798614820709,0.586354024963202,,,-0.373010504322771,0.626989495677229,4,0.960789935688019,0.929236948658745,hsa04910,Insulin signaling pathway,IRS2,PIK3CD,discordant
Pdpk1,Akt1,kidney,Distal_tubule,234,0.0854700854700855,0.115384615384615,0.0256410256410256,0.035736265812614,0.58650606908908,,,-0.231963157070134,0.658295874316364,6,0.960789935688019,0.932760641763802,hsa04068,FoxO signaling pathway,PDPK1,AKT1,coherent
Pdpk1,Akt1,kidney,Distal_tubule,234,0.0854700854700855,0.115384615384615,0.0256410256410256,0.035736265812614,0.58650606908908,,,-0.231963157070134,0.658295874316364,6,0.960789935688019,0.932760641763802,hsa04152,AMPK signaling pathway,PDPK1,AKT1,coherent
Pdpk1,Akt1,kidney,Distal_tubule,234,0.0854700854700855,0.115384615384615,0.0256410256410256,0.035736265812614,0.58650606908908,,,-0.231963157070134,0.658295874316364,6,0.960789935688019,0.932760641763802,hsa04910,Insulin signaling pathway,PDPK1,AKT1,coherent
Prkce,Rras2,kidney,cDC,152,0.0592105263157895,0.0328947368421053,0,-0.0443185463025495,0.587713970912168,,,-0.510772743689029,0.489227256310971,4,0.960789935688019,0.889976691150472,hsa04371,Apelin signaling pathway,PRKCE,RRAS2,discordant
Irs2,Pik3r2,kidney,Macrophage,907,0.115766262403528,0.0242557883131202,0.00441014332965821,-0.0180119888544909,0.587988762426834,,,-0.556042564631374,0.194919500806837,7,0.960789935688019,0.808712508790501,hsa04068,FoxO signaling pathway,IRS2,PIK3R2,discordant
Irs2,Pik3r2,kidney,Macrophage,907,0.115766262403528,0.0242557883131202,0.00441014332965821,-0.0180119888544909,0.587988762426834,,,-0.556042564631374,0.194919500806837,7,0.960789935688019,0.808712508790501,hsa04152,AMPK signaling pathway,IRS2,PIK3R2,discordant
Irs2,Pik3r2,kidney,Macrophage,907,0.115766262403528,0.0242557883131202,0.00441014332965821,-0.0180119888544909,0.587988762426834,,,-0.556042564631374,0.194919500806837,7,0.960789935688019,0.808712508790501,hsa04211,Longevity regulating pathway,IRS2,PIK3R2,discordant
Irs2,Pik3r2,kidney,Macrophage,907,0.115766262403528,0.0242557883131202,0.00441014332965821,-0.0180119888544909,0.587988762426834,,,-0.556042564631374,0.194919500806837,7,0.960789935688019,0.808712508790501,hsa04910,Insulin signaling pathway,IRS2,PIK3R2,discordant
Mapk8,Foxo3,kidney,PT,324,0.037037037037037,0.135802469135802,0.00617283950617284,-0.0299267699315245,0.591460937619623,,,-0.107265993899156,0.818945405484518,7,0.960789935688019,0.966964969411617,hsa04068,FoxO signaling pathway,MAPK8,FOXO3,coherent
Akt2,Ppp1ca,kidney,B_cell,189,0.0687830687830688,0.343915343915344,0.037037037037037,0.0391252424141981,0.592982102596171,,,0.972744779582357,0.0272552204176427,4,0.960789935688019,0.699649146351762,hsa04910,Insulin signaling pathway,AKT2,PPP1CA,coherent
Pik3ca,Akt1,kidney,cDC,152,0.0526315789473684,0.223684210526316,0.00657894736842105,-0.043645038937661,0.593407425490872,,,0.417869779686031,0.582130220313969,4,0.960789935688019,0.91794758549608,hsa04066,HIF-1 signaling pathway,PIK3CA,AKT1,discordant
Foxo3,Plk3,kidney,B_cell,189,0.0846560846560847,0.0211640211640212,0,-0.0390566581718101,0.593630842105177,,,0.545453192570861,0.454546807429139,4,0.960789935688019,0.889976691150472,hsa04068,FoxO signaling pathway,FOXO3,PLK3,discordant
Foxo3,Cdkn1b,kidney,B_cell,189,0.0846560846560847,0.19047619047619,0.0264550264550265,0.0388445084328065,0.59563960715013,,,-0.238970339946866,0.761029660053135,4,0.960789935688019,0.964429102117725,hsa04068,FoxO signaling pathway,FOXO3,CDKN1B,coherent
Foxo3,Bcl2l11,kidney,Distal_tubule,234,0.106837606837607,0.0384615384615385,0.0128205128205128,0.0348346176342319,0.595990882209307,,,0.30944997757512,0.550641388495546,6,0.960789935688019,0.91026938393907,hsa04068,FoxO signaling pathway,FOXO3,BCL2L11,discordant
Prkce,Kras,kidney,PT,324,0.0648148148148148,0.219135802469136,0.0277777777777778,0.0295283324242667,0.596409232287161,,,-0.268686308896321,0.560148857690426,7,0.960789935688019,0.91026938393907,hsa04371,Apelin signaling pathway,PRKCE,KRAS,discordant
Ptprf,Irs2,kidney,B_cell,189,0.0211640211640212,0.0899470899470899,0,-0.0386596055484116,0.59739288597255,,,0.309139277486222,0.690860722513778,4,0.960789935688019,0.945310496116283,hsa04910,Insulin signaling pathway,PTPRF,IRS2,coherent
Pdpk1,Akt1,kidney,B_cell,189,0.0687830687830688,0.0793650793650794,0.00529100529100529,0.0386517469288524,0.597467454198011,,,0.400724979535692,0.599275020464308,4,0.960789935688019,0.929236948658745,hsa04068,FoxO signaling pathway,PDPK1,AKT1,coherent
Pdpk1,Akt1,kidney,B_cell,189,0.0687830687830688,0.0793650793650794,0.00529100529100529,0.0386517469288524,0.597467454198011,,,0.400724979535692,0.599275020464308,4,0.960789935688019,0.929236948658745,hsa04152,AMPK signaling pathway,PDPK1,AKT1,coherent
Pdpk1,Akt1,kidney,B_cell,189,0.0687830687830688,0.0793650793650794,0.00529100529100529,0.0386517469288524,0.597467454198011,,,0.400724979535692,0.599275020464308,4,0.960789935688019,0.929236948658745,hsa04910,Insulin signaling pathway,PDPK1,AKT1,coherent
Akt2,Foxo3,kidney,cDC,152,0.164473684210526,0.125,0.0197368421052632,-0.0430114019512504,0.59878654899262,,,-0.909890102228948,0.0901098977710524,4,0.960789935688019,0.747384535923108,hsa04068,FoxO signaling pathway,AKT2,FOXO3,coherent
Akt2,Foxo3,kidney,cDC,152,0.164473684210526,0.125,0.0197368421052632,-0.0430114019512504,0.59878654899262,,,-0.909890102228948,0.0901098977710524,4,0.960789935688019,0.747384535923108,hsa04211,Longevity regulating pathway,AKT2,FOXO3,coherent
Prkce,Rras,kidney,cDC,152,0.0592105263157895,0.203947368421053,0.00657894736842105,-0.0429295823244221,0.599482731730867,,,0.949624297414648,0.0503757025853522,4,0.960789935688019,0.699649146351762,hsa04371,Apelin signaling pathway,PRKCE,RRAS,coherent
Pik3r2,Pdpk1,kidney,Distal_tubule,234,0.0341880341880342,0.0854700854700855,0.00427350427350427,-0.0344921613962277,0.599611432888088,,,-0.274409061255698,0.598717954948013,6,0.960789935688019,0.929236948658745,hsa04910,Insulin signaling pathway,PIK3R2,PDPK1,coherent
Ppargc1a,Tfam,kidney,B_cell,189,0.0476190476190476,0.126984126984127,0.00529100529100529,-0.0380242016678515,0.603435549450486,,,0.857918027831018,0.142081972168982,4,0.960789935688019,0.766109081487382,hsa04371,Apelin signaling pathway,PPARGC1A,TFAM,discordant
Ptprf,Irs2,kidney,PT,324,0.0864197530864198,0.0925925925925926,0.00925925925925926,-0.0288252779645485,0.605186090688685,,,0.496543469478324,0.256994519230422,7,0.960789935688019,0.830500206859146,hsa04910,Insulin signaling pathway,PTPRF,IRS2,coherent
Prkce,Hras,kidney,B_cell,189,0.0793650793650794,0.116402116402116,0.0211640211640212,0.037759663115424,0.605959311289637,,,0.109114198844848,0.890885801155152,4,0.960789935688019,0.981510391272659,hsa04371,Apelin signaling pathway,PRKCE,HRAS,coherent
Mapk8,Foxo3,kidney,LoH,163,0.098159509202454,0.122699386503067,0.0122699386503067,-0.0406244625618191,0.606637226484222,,,0.321363288791237,0.534549361345391,6,0.960789935688019,0.90834375176485,hsa04068,FoxO signaling pathway,MAPK8,FOXO3,coherent
Pik3ca,Prkcz,kidney,Distal_tubule,234,0.094017094017094,0.0726495726495727,0.0128205128205128,-0.0336498425173721,0.608558490932363,,,-0.697118418014389,0.12371311694584,6,0.960789935688019,0.747384535923108,hsa04910,Insulin signaling pathway,PIK3CA,PRKCZ,discordant
Sirt1,Foxo3,kidney,Endothelial,2875,0.0834782608695652,0.0587826086956522,0.00452173913043478,-0.00947217413189124,0.61167828279765,0.752747252747253,0.00438717111438994,0.136861087754717,0.769827273408349,7,0.960789935688019,0.964429102117725,hsa04211,Longevity regulating pathway,SIRT1,FOXO3,coherent
Pik3ca,Akt1,kidney,PT,324,0.132716049382716,0.114197530864198,0.0185185185185185,-0.0282434290170081,0.612493097428654,,,-0.080739887564135,0.863378041802775,7,0.960789935688019,0.972842240675032,hsa04066,HIF-1 signaling pathway,PIK3CA,AKT1,discordant
Akt1,Ppp1cb,kidney,cDC,152,0.223684210526316,0.197368421052632,0.0263157894736842,-0.0412806084018814,0.613590053121243,,,0.834787629997268,0.165212370002732,4,0.960789935688019,0.767932487795225,hsa04910,Insulin signaling pathway,AKT1,PPP1CB,discordant
Akt1,Ppp1ca,kidney,Distal_tubule,234,0.115384615384615,0.384615384615385,0.0683760683760684,-0.0331184445425468,0.614233173233027,0.329411764705882,0.212614428513685,0.0330150095553396,0.950495478696253,6,0.960789935688019,0.998689735763778,hsa04910,Insulin signaling pathway,AKT1,PPP1CA,coherent
Foxo3,Plk3,kidney,Macrophage,907,0.0882028665931643,0.0904079382579934,0.0132304299889746,0.0166867102671826,0.615747550367544,0.657342657342657,0.0239810831714622,0.120354514691803,0.79715641934086,7,0.960789935688019,0.964429102117725,hsa04068,FoxO signaling pathway,FOXO3,PLK3,discordant
Pdpk1,Sgk1,kidney,Distal_tubule,234,0.0854700854700855,0.0512820512820513,0.00427350427350427,-0.0327554534622798,0.618122737594647,,,-0.119912758080265,0.820992979823812,6,0.960789935688019,0.966964969411617,hsa04068,FoxO signaling pathway,PDPK1,SGK1,coherent
Pik3cd,Akt2,kidney,LoH,163,0.0368098159509202,0.104294478527607,0.00613496932515337,-0.0392015069151873,0.61930848037791,,,-0.193409281752231,0.713503522404511,6,0.960789935688019,0.952130248081697,hsa04066,HIF-1 signaling pathway,PIK3CD,AKT2,coherent
Kras,Pik3ca,kidney,Endothelial,2875,0.265739130434783,0.11895652173913,0.0368695652173913,0.00925891414013255,0.619718951218198,0.49568855849636,6.56840694327822e-08,0.164170567992105,0.725035974473614,7,0.960789935688019,0.954987937623733,hsa04211,Longevity regulating pathway,KRAS,PIK3CA,coherent
Sirt1,Foxo3,kidney,Macrophage,907,0.0540242557883131,0.0882028665931643,0.00661521499448732,-0.0164732034817135,0.620272831841766,,,-0.5359163901923,0.215010932181359,7,0.960789935688019,0.81268663614152,hsa04211,Longevity regulating pathway,SIRT1,FOXO3,coherent
Sirt1,Ppargc1a,kidney,Distal_tubule,234,0.0726495726495727,0.252136752136752,0.0299145299145299,0.03228867556845,0.623140069600318,,,0.239852019774895,0.647121192727921,6,0.960789935688019,0.929236948658745,hsa04211,Longevity regulating pathway,SIRT1,PPARGC1A,coherent
Hras,Pik3r2,kidney,LoH,163,0.337423312883436,0.0552147239263804,0.0306748466257669,0.0381844904690145,0.628434353881713,,,0.247981406159259,0.635652671496348,6,0.960789935688019,0.929236948658745,hsa04211,Longevity regulating pathway,HRAS,PIK3R2,coherent
Pik3cd,Akt1,kidney,Macrophage,907,0.128996692392503,0.144432194046307,0.019845644983462,-0.0160679354773712,0.628901985347858,0.82249742002064,2.41931351102822e-05,0.229251755790796,0.620956196597014,7,0.960789935688019,0.929236948658745,hsa04066,HIF-1 signaling pathway,PIK3CD,AKT1,coherent
Prkce,Hras,kidney,cDC,152,0.0592105263157895,0.138157894736842,0.00657894736842105,-0.0391007110968731,0.632458422675046,,,0.949338671377405,0.0506613286225948,4,0.960789935688019,0.699649146351762,hsa04371,Apelin signaling pathway,PRKCE,HRAS,coherent
Sirt1,Bax,kidney,cDC,152,0.105263157894737,0.460526315789474,0.0526315789473684,0.038655121189212,0.636345149594734,,,-0.75361916526844,0.24638083473156,4,0.960789935688019,0.830500206859146,hsa04211,Longevity regulating pathway,SIRT1,BAX,coherent
Stk11,Foxo3,kidney,B_cell,189,0.132275132275132,0.0846560846560847,0.0211640211640212,0.0346053756002798,0.63640524168885,,,-0.115698985849685,0.884301014150315,4,0.960789935688019,0.979038917155068,hsa04068,FoxO signaling pathway,STK11,FOXO3,discordant
Gnai1,Prkce,kidney,LoH,163,0.153374233128834,0.0306748466257669,0.00613496932515337,-0.0370263316797829,0.638895591557062,,,0.502827039785959,0.309325585653328,6,0.960789935688019,0.830500206859146,hsa04371,Apelin signaling pathway,GNAI1,PRKCE,discordant
Kras,Pik3ca,kidney,Macrophage,907,0.178610804851158,0.0551267916207277,0.0110253583241455,-0.0154921491926211,0.641249188632275,0.563636363636364,0.095791569143582,-0.220239720528008,0.635110955941407,7,0.960789935688019,0.929236948658745,hsa04211,Longevity regulating pathway,KRAS,PIK3CA,coherent
Gnb2,Prkce,kidney,B_cell,189,0.354497354497354,0.0793650793650794,0.0529100529100529,0.0339727309289452,0.642587956267079,0.781818181818182,0.0116512675298474,-0.0772580455004003,0.9227419544996,4,0.960789935688019,0.995858805603497,hsa04371,Apelin signaling pathway,GNB2,PRKCE,coherent
Pik3cd,Akt1,kidney,T_cell,345,0.185507246376812,0.0840579710144928,0.0173913043478261,-0.0249918617559074,0.643657714713142,,,0.140797510346796,0.790199315102397,6,0.960789935688019,0.964429102117725,hsa04066,HIF-1 signaling pathway,PIK3CD,AKT1,coherent
Sos2,Hras,kidney,B_cell,189,0.0317460317460317,0.116402116402116,0.00529100529100529,-0.0337650787841172,0.644622693965343,,,0.65757426700464,0.342425732995361,4,0.960789935688019,0.831318726070332,hsa04068,FoxO signaling pathway,SOS2,HRAS,discordant
Sos2,Hras,kidney,B_cell,189,0.0317460317460317,0.116402116402116,0.00529100529100529,-0.0337650787841172,0.644622693965343,,,0.65757426700464,0.342425732995361,4,0.960789935688019,0.831318726070332,hsa04910,Insulin signaling pathway,SOS2,HRAS,discordant
Akt1,Pde3b,kidney,Distal_tubule,234,0.115384615384615,0.128205128205128,0.0256410256410256,-0.0300834695323128,0.647076086271704,,,0.0505968838834971,0.924169439315921,6,0.960789935688019,0.995858805603497,hsa04371,Apelin signaling pathway,AKT1,PDE3B,discordant
Akt1,Pde3b,kidney,Distal_tubule,234,0.115384615384615,0.128205128205128,0.0256410256410256,-0.0300834695323128,0.647076086271704,,,0.0505968838834971,0.924169439315921,6,0.960789935688019,0.995858805603497,hsa04910,Insulin signaling pathway,AKT1,PDE3B,discordant
Hras,Araf,kidney,T_cell,345,0.0695652173913044,0.0985507246376812,0.00579710144927536,-0.0245883446167181,0.649023238543784,,,0.0237017482289609,0.964454035156112,6,0.960789935688019,0.998689735763778,hsa04068,FoxO signaling pathway,HRAS,ARAF,coherent
Hras,Araf,kidney,T_cell,345,0.0695652173913044,0.0985507246376812,0.00579710144927536,-0.0245883446167181,0.649023238543784,,,0.0237017482289609,0.964454035156112,6,0.960789935688019,0.998689735763778,hsa04910,Insulin signaling pathway,HRAS,ARAF,coherent
Ptprf,Shc1,kidney,B_cell,189,0.0211640211640212,0.0634920634920635,0,-0.033300746610918,0.649182129940543,,,-0.345657832791907,0.654342167208093,4,0.960789935688019,0.932760641763802,hsa04910,Insulin signaling pathway,PTPRF,SHC1,coherent
Irs2,Pik3cd,kidney,T_cell,345,0.0376811594202899,0.185507246376812,0.0115942028985507,-0.0245186077340666,0.649952372960741,,,0.190655236188051,0.717482249258486,6,0.960789935688019,0.953162489139651,hsa04068,FoxO signaling pathway,IRS2,PIK3CD,discordant
Irs2,Pik3cd,kidney,T_cell,345,0.0376811594202899,0.185507246376812,0.0115942028985507,-0.0245186077340666,0.649952372960741,,,0.190655236188051,0.717482249258486,6,0.960789935688019,0.953162489139651,hsa04152,AMPK signaling pathway,IRS2,PIK3CD,discordant
Irs2,Pik3cd,kidney,T_cell,345,0.0376811594202899,0.185507246376812,0.0115942028985507,-0.0245186077340666,0.649952372960741,,,0.190655236188051,0.717482249258486,6,0.960789935688019,0.953162489139651,hsa04211,Longevity regulating pathway,IRS2,PIK3CD,discordant
Irs2,Pik3cd,kidney,T_cell,345,0.0376811594202899,0.185507246376812,0.0115942028985507,-0.0245186077340666,0.649952372960741,,,0.190655236188051,0.717482249258486,6,0.960789935688019,0.953162489139651,hsa04910,Insulin signaling pathway,IRS2,PIK3CD,discordant
Pik3r2,Akt2,kidney,Distal_tubule,234,0.0341880341880342,0.0811965811965812,0.00427350427350427,-0.0297240272621253,0.651013067046308,,,0.647830918353444,0.164196049165966,6,0.960789935688019,0.767932487795225,hsa04066,HIF-1 signaling pathway,PIK3R2,AKT2,coherent
Akt1,Foxo3,kidney,LoH,163,0.122699386503067,0.122699386503067,0.0245398773006135,0.0355682834257161,0.652167315042347,,,0.764227812305013,0.076829672720792,6,0.960789935688019,0.732748669680389,hsa04068,FoxO signaling pathway,AKT1,FOXO3,coherent
Akt1,Foxo3,kidney,LoH,163,0.122699386503067,0.122699386503067,0.0245398773006135,0.0355682834257161,0.652167315042347,,,0.764227812305013,0.076829672720792,6,0.960789935688019,0.732748669680389,hsa04211,Longevity regulating pathway,AKT1,FOXO3,coherent
Pdpk1,Prkcz,kidney,Distal_tubule,234,0.0854700854700855,0.0726495726495727,0.0128205128205128,0.0295014859168158,0.653455433651761,,,0.225368499113458,0.667670592585924,6,0.960789935688019,0.93767364541188,hsa04910,Insulin signaling pathway,PDPK1,PRKCZ,coherent
Gnb2,Rras,kidney,Distal_tubule,234,0.303418803418803,0.0683760683760684,0.0384615384615385,0.0293122975348976,0.655534661114229,,,0.728365653213064,0.100656527736438,6,0.960789935688019,0.747384535923108,hsa04371,Apelin signaling pathway,GNB2,RRAS,coherent
Il6,Stat3,kidney,cDC,152,0.0328947368421053,0.467105263157895,0.0197368421052632,0.0364673325560475,0.655570911636024,,,-0.387282101488217,0.612717898511783,4,0.960789935688019,0.929236948658745,hsa04068,FoxO signaling pathway,IL6,STAT3,coherent
Sgk1,Foxo3,kidney,Endothelial,2875,0.764521739130435,0.0587826086956522,0.0469565217391304,-0.00823056354594869,0.659118624451979,0.151737341096964,0.078948205300033,-0.291526205011789,0.525849459963762,7,0.960789935688019,0.907395482426511,hsa04068,FoxO signaling pathway,SGK1,FOXO3,coherent
Ptprf,Shc1,kidney,Distal_tubule,234,0.153846153846154,0.0555555555555556,0.0170940170940171,-0.0288160337043503,0.661001309790169,,,-0.494975696634716,0.318171210588361,6,0.960789935688019,0.831318726070332,hsa04910,Insulin signaling pathway,PTPRF,SHC1,coherent
Kras,Pik3r2,kidney,LoH,163,0.325153374233129,0.0552147239263804,0.0184049079754601,-0.0341230159932019,0.665431295517073,,,0.79428485581078,0.0591252799733883,6,0.960789935688019,0.699649146351762,hsa04211,Longevity regulating pathway,KRAS,PIK3R2,discordant
Hras,Pik3cd,kidney,B_cell,189,0.116402116402116,0.0846560846560847,0.0105820105820106,0.0316317764721749,0.665677234997424,,,0.393428556298042,0.606571443701958,4,0.960789935688019,0.929236948658745,hsa04211,Longevity regulating pathway,HRAS,PIK3CD,coherent
Akt2,Ppp1cb,kidney,Endothelial,2875,0.0424347826086957,0.258434782608696,0.0118260869565217,-0.00806075155479476,0.665720543687656,0.667532467532468,2.59819376337575e-05,0.943657051746699,0.0014038365723157,7,0.960789935688019,0.393308980564246,hsa04910,Insulin signaling pathway,AKT2,PPP1CB,discordant
Akt2,Pde3b,kidney,Distal_tubule,234,0.0811965811965812,0.128205128205128,0.0213675213675214,-0.0282973660324026,0.666734010105799,,,-0.29563112580126,0.569472060764588,6,0.960789935688019,0.91026938393907,hsa04371,Apelin signaling pathway,AKT2,PDE3B,discordant
Akt2,Pde3b,kidney,Distal_tubule,234,0.0811965811965812,0.128205128205128,0.0213675213675214,-0.0282973660324026,0.666734010105799,,,-0.29563112580126,0.569472060764588,6,0.960789935688019,0.91026938393907,hsa04910,Insulin signaling pathway,AKT2,PDE3B,discordant
Pdpk1,Prkcz,kidney,B_cell,189,0.0687830687830688,0.0582010582010582,0.0158730158730159,0.0314904319177504,0.66708174113973,,,0.309742493583771,0.690257506416229,4,0.960789935688019,0.945310496116283,hsa04910,Insulin signaling pathway,PDPK1,PRKCZ,coherent
Pdpk1,Akt1,kidney,Endothelial,2875,0.129391304347826,0.223304347826087,0.032695652173913,0.00802188545096233,0.66723524502473,0.528487002759836,4.37894179471369e-08,-0.234452563174917,0.612829327471302,7,0.960789935688019,0.929236948658745,hsa04068,FoxO signaling pathway,PDPK1,AKT1,coherent
Pdpk1,Akt1,kidney,Endothelial,2875,0.129391304347826,0.223304347826087,0.032695652173913,0.00802188545096233,0.66723524502473,0.528487002759836,4.37894179471369e-08,-0.234452563174917,0.612829327471302,7,0.960789935688019,0.929236948658745,hsa04152,AMPK signaling pathway,PDPK1,AKT1,coherent
Pdpk1,Akt1,kidney,Endothelial,2875,0.129391304347826,0.223304347826087,0.032695652173913,0.00802188545096233,0.66723524502473,0.528487002759836,4.37894179471369e-08,-0.234452563174917,0.612829327471302,7,0.960789935688019,0.929236948658745,hsa04910,Insulin signaling pathway,PDPK1,AKT1,coherent
Pik3ca,Akt2,kidney,Distal_tubule,234,0.094017094017094,0.0811965811965812,0.0170940170940171,-0.0282439359628875,0.667325666025862,,,-0.516975371314756,0.29362127553328,6,0.960789935688019,0.830500206859146,hsa04066,HIF-1 signaling pathway,PIK3CA,AKT2,discordant
Prkce,Rras2,kidney,LoH,163,0.0306748466257669,0.159509202453988,0.00613496932515337,-0.0338832244009063,0.667642197536835,,,-0.357013602466404,0.487231843330588,6,0.960789935688019,0.889976691150472,hsa04371,Apelin signaling pathway,PRKCE,RRAS2,discordant
Pik3r2,Akt2,kidney,LoH,163,0.0552147239263804,0.104294478527607,0.00613496932515337,-0.033795199938073,0.668454510564154,,,0.964705964840072,0.00184652103551289,6,0.960789935688019,0.393308980564246,hsa04066,HIF-1 signaling pathway,PIK3R2,AKT2,coherent
Prkaa2,Mlycd,kidney,PT,324,0.305555555555556,0.259259259259259,0.141975308641975,0.023725518648465,0.670495036777034,0.514523589269195,0.000308389411980656,0.435851226734753,0.32830564015533,7,0.960789935688019,0.831318726070332,hsa04152,AMPK signaling pathway,PRKAA2,MLYCD,coherent
Gnai3,Prkce,kidney,Endothelial,2875,0.231304347826087,0.160695652173913,0.040695652173913,-0.00792789528363784,0.670903854131884,0.447071164980752,4.34650609518042e-07,-0.32567378783674,0.475966678690396,7,0.960789935688019,0.889976691150472,hsa04371,Apelin signaling pathway,GNAI3,PRKCE,discordant
Akt2,Ppp1cb,kidney,cDC,152,0.164473684210526,0.197368421052632,0.0263157894736842,-0.0346533608000617,0.671685529701667,,,0.493961676620129,0.506038323379871,4,0.960789935688019,0.889976691150472,hsa04910,Insulin signaling pathway,AKT2,PPP1CB,discordant
Stat3,Foxo3,kidney,Endothelial,2875,0.269217391304348,0.0587826086956522,0.016695652173913,-0.00786427577637912,0.673391504259226,0.527152821319328,0.000118330952751269,-0.111490944302011,0.811901250775131,7,0.960789935688019,0.966964969411617,hsa04068,FoxO signaling pathway,STAT3,FOXO3,discordant
Sirt1,Bax,kidney,PT,324,0.0493827160493827,0.395061728395062,0.0216049382716049,-0.0234820957803584,0.673680459576898,,,0.637399339855129,0.123593872122033,7,0.960789935688019,0.747384535923108,hsa04211,Longevity regulating pathway,SIRT1,BAX,coherent
Srebf1,Fasn,kidney,Endothelial,2875,0.056695652173913,0.0253913043478261,0.00139130434782609,-0.00782710717129431,0.674846527622958,,,0.153278392823077,0.74283247807953,7,0.960789935688019,0.964429102117725,hsa04152,AMPK signaling pathway,SREBF1,FASN,coherent
Srebf1,Fasn,kidney,Endothelial,2875,0.056695652173913,0.0253913043478261,0.00139130434782609,-0.00782710717129431,0.674846527622958,,,0.153278392823077,0.74283247807953,7,0.960789935688019,0.964429102117725,hsa04910,Insulin signaling pathway,SREBF1,FASN,coherent
Hras,Pik3ca,kidney,LoH,163,0.337423312883436,0.196319018404908,0.104294478527607,0.0330270999891512,0.675558976506012,0.691176470588235,0.0028376839991202,-0.0324501454421928,0.951341867032001,6,0.960789935688019,0.998689735763778,hsa04211,Longevity regulating pathway,HRAS,PIK3CA,discordant
Akt2,Foxo3,kidney,Endothelial,2875,0.0424347826086957,0.0587826086956522,0.00243478260869565,-0.00780742757026755,0.675617409095352,,,0.0831617637630566,0.859307889350404,7,0.960789935688019,0.972842240675032,hsa04068,FoxO signaling pathway,AKT2,FOXO3,coherent
Akt2,Foxo3,kidney,Endothelial,2875,0.0424347826086957,0.0587826086956522,0.00243478260869565,-0.00780742757026755,0.675617409095352,,,0.0831617637630566,0.859307889350404,7,0.960789935688019,0.972842240675032,hsa04211,Longevity regulating pathway,AKT2,FOXO3,coherent
Sgk1,Foxo3,kidney,LoH,163,0.141104294478528,0.122699386503067,0.0184049079754601,0.0328234540238204,0.677447423771531,,,-0.201065327038177,0.702466270146066,6,0.960789935688019,0.948997772988026,hsa04068,FoxO signaling pathway,SGK1,FOXO3,coherent
Akt2,Pde3b,kidney,cDC,152,0.164473684210526,0.0592105263157895,0.00657894736842105,-0.0338877486040722,0.678532561253627,,,-0.834174889437409,0.165825110562592,4,0.960789935688019,0.767932487795225,hsa04371,Apelin signaling pathway,AKT2,PDE3B,discordant
Akt2,Pde3b,kidney,cDC,152,0.164473684210526,0.0592105263157895,0.00657894736842105,-0.0338877486040722,0.678532561253627,,,-0.834174889437409,0.165825110562592,4,0.960789935688019,0.767932487795225,hsa04910,Insulin signaling pathway,AKT2,PDE3B,discordant
Irs2,Pik3ca,kidney,cDC,152,0.118421052631579,0.0526315789473684,0.00657894736842105,-0.0338057622733089,0.679267354332019,,,-0.492091736827401,0.507908263172599,4,0.960789935688019,0.889976691150472,hsa04068,FoxO signaling pathway,IRS2,PIK3CA,coherent
Irs2,Pik3ca,kidney,cDC,152,0.118421052631579,0.0526315789473684,0.00657894736842105,-0.0338057622733089,0.679267354332019,,,-0.492091736827401,0.507908263172599,4,0.960789935688019,0.889976691150472,hsa04152,AMPK signaling pathway,IRS2,PIK3CA,coherent
Irs2,Pik3ca,kidney,cDC,152,0.118421052631579,0.0526315789473684,0.00657894736842105,-0.0338057622733089,0.679267354332019,,,-0.492091736827401,0.507908263172599,4,0.960789935688019,0.889976691150472,hsa04211,Longevity regulating pathway,IRS2,PIK3CA,coherent
Irs2,Pik3ca,kidney,cDC,152,0.118421052631579,0.0526315789473684,0.00657894736842105,-0.0338057622733089,0.679267354332019,,,-0.492091736827401,0.507908263172599,4,0.960789935688019,0.889976691150472,hsa04910,Insulin signaling pathway,IRS2,PIK3CA,coherent
Pik3r2,Pdpk1,kidney,Macrophage,907,0.0242557883131202,0.0749724366041896,0.00220507166482911,-0.013653252666205,0.681336918596838,,,-0.48685769867322,0.267850782683356,7,0.960789935688019,0.830500206859146,hsa04910,Insulin signaling pathway,PIK3R2,PDPK1,coherent
Kras,Araf,kidney,Distal_tubule,234,0.196581196581197,0.0811965811965812,0.0384615384615385,0.0267573287175822,0.683868831686389,,,-0.0118026477286399,0.982296850476169,6,0.960789935688019,0.998689735763778,hsa04068,FoxO signaling pathway,KRAS,ARAF,discordant
Kras,Araf,kidney,Distal_tubule,234,0.196581196581197,0.0811965811965812,0.0384615384615385,0.0267573287175822,0.683868831686389,,,-0.0118026477286399,0.982296850476169,6,0.960789935688019,0.998689735763778,hsa04910,Insulin signaling pathway,KRAS,ARAF,discordant
Pik3ca,Akt1,kidney,Endothelial,2875,0.11895652173913,0.223304347826087,0.0278260869565217,-0.00758715029129837,0.684269069718738,0.712001875293015,0,0.241047061854922,0.602569881654004,7,0.960789935688019,0.929236948658745,hsa04066,HIF-1 signaling pathway,PIK3CA,AKT1,discordant
Sgk1,Foxo3,kidney,Macrophage,907,0.0915104740904079,0.0882028665931643,0.0110253583241455,-0.013329923663033,0.688483405229533,0.987804878048781,9.53570642158408e-08,-0.0396816142581165,0.932687424805599,7,0.960789935688019,0.998303625545692,hsa04068,FoxO signaling pathway,SGK1,FOXO3,coherent
Hras,Araf,kidney,cDC,152,0.138157894736842,0.151315789473684,0.0197368421052632,0.0324050821066683,0.691866906122623,,,0.82656046481152,0.17343953518848,4,0.960789935688019,0.780477908348161,hsa04068,FoxO signaling pathway,HRAS,ARAF,coherent
Hras,Araf,kidney,cDC,152,0.138157894736842,0.151315789473684,0.0197368421052632,0.0324050821066683,0.691866906122623,,,0.82656046481152,0.17343953518848,4,0.960789935688019,0.780477908348161,hsa04910,Insulin signaling pathway,HRAS,ARAF,coherent
Srebf1,Fasn,kidney,cDC,152,0.0855263157894737,0.111842105263158,0.0131578947368421,-0.0323860677027303,0.692038538462445,,,-0.798133913401672,0.201866086598328,4,0.960789935688019,0.811273140480071,hsa04152,AMPK signaling pathway,SREBF1,FASN,coherent
Srebf1,Fasn,kidney,cDC,152,0.0855263157894737,0.111842105263158,0.0131578947368421,-0.0323860677027303,0.692038538462445,,,-0.798133913401672,0.201866086598328,4,0.960789935688019,0.811273140480071,hsa04910,Insulin signaling pathway,SREBF1,FASN,coherent
Foxo3,Plk3,kidney,T_cell,345,0.0927536231884058,0.0666666666666667,0.0115942028985507,0.0213432292141455,0.692814001989439,,,0.678485223444743,0.138439854515268,6,0.960789935688019,0.766109081487382,hsa04068,FoxO signaling pathway,FOXO3,PLK3,discordant
Prkce,Kras,kidney,T_cell,345,0.0376811594202899,0.153623188405797,0.00579710144927536,-0.0208768810983534,0.699196259558655,,,-0.344985295204215,0.503051244448099,6,0.960789935688019,0.889976691150472,hsa04371,Apelin signaling pathway,PRKCE,KRAS,discordant
Kras,Araf,kidney,B_cell,189,0.148148148148148,0.0687830687830688,0.0158730158730159,-0.0282850689943055,0.69923519836915,,,0.818023758039582,0.181976241960418,4,0.960789935688019,0.791039582399367,hsa04068,FoxO signaling pathway,KRAS,ARAF,discordant
Kras,Araf,kidney,B_cell,189,0.148148148148148,0.0687830687830688,0.0158730158730159,-0.0282850689943055,0.69923519836915,,,0.818023758039582,0.181976241960418,4,0.960789935688019,0.791039582399367,hsa04910,Insulin signaling pathway,KRAS,ARAF,discordant
Ppp1cb,Calm1,kidney,LoH,163,0.398773006134969,0.889570552147239,0.374233128834356,0.0303718120878812,0.700336714324685,0.171337916446325,0.186273920989009,0.727851602367225,0.101018823938884,6,0.960789935688019,0.747384535923108,hsa04910,Insulin signaling pathway,PPP1CB,CALM1,discordant
Prkaa2,Pfkfb3,kidney,Distal_tubule,234,0.132478632478632,0.0811965811965812,0.0256410256410256,0.0251303717894112,0.70214794338438,,,0.31765643144479,0.539542010577444,6,0.960789935688019,0.90834375176485,hsa04152,AMPK signaling pathway,PRKAA2,PFKFB3,discordant
Pik3r2,Akt1,kidney,Distal_tubule,234,0.0341880341880342,0.115384615384615,0.00854700854700855,-0.0249682497588633,0.703979034664944,,,-0.474247305677907,0.341960642451266,6,0.960789935688019,0.831318726070332,hsa04066,HIF-1 signaling pathway,PIK3R2,AKT1,coherent
Pik3ca,Akt2,kidney,T_cell,345,0.0898550724637681,0.0405797101449275,0.00289855072463768,-0.0200929439614611,0.709972555066831,,,-0.617195050035378,0.19176139676522,6,0.960789935688019,0.801573227914052,hsa04066,HIF-1 signaling pathway,PIK3CA,AKT2,discordant
Prkaa2,Foxo3,kidney,B_cell,189,0.0317460317460317,0.0846560846560847,0.00529100529100529,-0.0271092921399908,0.711168809336812,,,0.820033706666011,0.179966293333989,4,0.960789935688019,0.789223105796794,hsa04068,FoxO signaling pathway,PRKAA2,FOXO3,discordant
Prkaa2,Foxo3,kidney,B_cell,189,0.0317460317460317,0.0846560846560847,0.00529100529100529,-0.0271092921399908,0.711168809336812,,,0.820033706666011,0.179966293333989,4,0.960789935688019,0.789223105796794,hsa04211,Longevity regulating pathway,PRKAA2,FOXO3,discordant
Irs2,Pik3ca,kidney,T_cell,345,0.0376811594202899,0.0898550724637681,0.00289855072463768,-0.019941249954695,0.712064563305472,,,-0.01851081786961,0.972236944564957,6,0.960789935688019,0.998689735763778,hsa04068,FoxO signaling pathway,IRS2,PIK3CA,coherent
Irs2,Pik3ca,kidney,T_cell,345,0.0376811594202899,0.0898550724637681,0.00289855072463768,-0.019941249954695,0.712064563305472,,,-0.01851081786961,0.972236944564957,6,0.960789935688019,0.998689735763778,hsa04152,AMPK signaling pathway,IRS2,PIK3CA,coherent
Irs2,Pik3ca,kidney,T_cell,345,0.0376811594202899,0.0898550724637681,0.00289855072463768,-0.019941249954695,0.712064563305472,,,-0.01851081786961,0.972236944564957,6,0.960789935688019,0.998689735763778,hsa04211,Longevity regulating pathway,IRS2,PIK3CA,coherent
Irs2,Pik3ca,kidney,T_cell,345,0.0376811594202899,0.0898550724637681,0.00289855072463768,-0.019941249954695,0.712064563305472,,,-0.01851081786961,0.972236944564957,6,0.960789935688019,0.998689735763778,hsa04910,Insulin signaling pathway,IRS2,PIK3CA,coherent
Mapk8,Foxo3,kidney,B_cell,189,0.0317460317460317,0.0846560846560847,0.00529100529100529,-0.0268459015133545,0.713851883925257,,,-0.725987599996098,0.274012400003902,4,0.960789935688019,0.830500206859146,hsa04068,FoxO signaling pathway,MAPK8,FOXO3,coherent
Gnb2,Prkaa2,kidney,LoH,163,0.601226993865031,0.177914110429448,0.122699386503067,-0.0289143229936271,0.714074811510091,-0.156390977443609,0.508692512760582,0.108653002749358,0.837661846030129,6,0.960789935688019,0.966964969411617,hsa04371,Apelin signaling pathway,GNB2,PRKAA2,coherent
Ppargc1a,Tfam,kidney,PT,324,0.117283950617284,0.212962962962963,0.0401234567901235,-0.0203216709187982,0.715548901928222,-0.247252747252747,0.414969916573171,-0.0329531050025082,0.944087440916259,7,0.960789935688019,0.998689735763778,hsa04371,Apelin signaling pathway,PPARGC1A,TFAM,discordant
Prkaa2,Foxo3,kidney,PT,324,0.305555555555556,0.135802469135802,0.0648148148148148,0.0202118130661777,0.717020586707479,0.677922077922078,0.00099915275485535,-0.0601201378651475,0.898121234045469,7,0.960789935688019,0.984515454667519,hsa04068,FoxO signaling pathway,PRKAA2,FOXO3,discordant
Prkaa2,Foxo3,kidney,PT,324,0.305555555555556,0.135802469135802,0.0648148148148148,0.0202118130661777,0.717020586707479,0.677922077922078,0.00099915275485535,-0.0601201378651475,0.898121234045469,7,0.960789935688019,0.984515454667519,hsa04211,Longevity regulating pathway,PRKAA2,FOXO3,discordant
Akt2,Tsc2,kidney,Endothelial,2875,0.0424347826086957,0.0591304347826087,0.00278260869565217,0.00676224097198018,0.71702979488745,,,0.306491638603089,0.503773832583101,7,0.960789935688019,0.889976691150472,hsa04910,Insulin signaling pathway,AKT2,TSC2,discordant
Bcl2l1,Bax,kidney,Distal_tubule,234,0.115384615384615,0.213675213675214,0.047008547008547,-0.0237508018592332,0.717783395467723,0.836363636363636,0.00256466229904208,0.884397307452773,0.0192735176047791,6,0.960789935688019,0.699649146351762,hsa04115,p53 signaling pathway,BCL2L1,BAX,discordant
Sos2,Hras,kidney,Distal_tubule,234,0.047008547008547,0.170940170940171,0.0128205128205128,-0.0236478743578648,0.718954749491683,,,0.443783510155462,0.378024941062734,6,0.960789935688019,0.851438440004285,hsa04068,FoxO signaling pathway,SOS2,HRAS,discordant
Sos2,Hras,kidney,Distal_tubule,234,0.047008547008547,0.170940170940171,0.0128205128205128,-0.0236478743578648,0.718954749491683,,,0.443783510155462,0.378024941062734,6,0.960789935688019,0.851438440004285,hsa04910,Insulin signaling pathway,SOS2,HRAS,discordant
Bcl2l1,Bax,kidney,LoH,163,0.214723926380368,0.319018404907975,0.0797546012269939,-0.0282219695426154,0.720633476321926,0.708791208791209,0.00882856143647148,0.0143277785577498,0.978509802804094,6,0.960789935688019,0.998689735763778,hsa04115,p53 signaling pathway,BCL2L1,BAX,discordant
Kras,Pik3r2,kidney,cDC,152,0.361842105263158,0.0526315789473684,0.0263157894736842,0.0291811533349675,0.721184969616677,,,0.691188605163756,0.308811394836245,4,0.960789935688019,0.830500206859146,hsa04211,Longevity regulating pathway,KRAS,PIK3R2,discordant
Sos2,Hras,kidney,T_cell,345,0.0463768115942029,0.0695652173913044,0.00289855072463768,-0.019213513041549,0.722130549734378,,,0.552802343126919,0.255262038336815,6,0.960789935688019,0.830500206859146,hsa04068,FoxO signaling pathway,SOS2,HRAS,discordant
Sos2,Hras,kidney,T_cell,345,0.0463768115942029,0.0695652173913044,0.00289855072463768,-0.019213513041549,0.722130549734378,,,0.552802343126919,0.255262038336815,6,0.960789935688019,0.830500206859146,hsa04910,Insulin signaling pathway,SOS2,HRAS,discordant
Akt2,Tsc2,kidney,LoH,163,0.104294478527607,0.0920245398773006,0.0184049079754601,0.0278058145690518,0.724585568586673,,,0.845077943147283,0.034142135513153,6,0.960789935688019,0.699649146351762,hsa04910,Insulin signaling pathway,AKT2,TSC2,discordant
Hras,Pik3ca,kidney,T_cell,345,0.0695652173913044,0.0898550724637681,0.0115942028985507,0.0190280187684305,0.724704048817248,,,-0.522848360080086,0.287193094543961,6,0.960789935688019,0.830500206859146,hsa04211,Longevity regulating pathway,HRAS,PIK3CA,discordant
Pik3r2,Akt1,kidney,LoH,163,0.0552147239263804,0.122699386503067,0.0122699386503067,-0.0277465301677852,0.725149168751722,,,-0.536930525975721,0.272001240191749,6,0.960789935688019,0.830500206859146,hsa04066,HIF-1 signaling pathway,PIK3R2,AKT1,coherent
Akt1,Tsc2,kidney,Endothelial,2875,0.223304347826087,0.0591304347826087,0.016695652173913,0.00649353935103091,0.727818017270637,0.854211897524967,0,0.284320958507996,0.536592320835646,7,0.960789935688019,0.90834375176485,hsa04910,Insulin signaling pathway,AKT1,TSC2,discordant
Il6,Stat3,kidney,Distal_tubule,234,0.0384615384615385,0.196581196581197,0.00854700854700855,-0.0226689569510223,0.730127649808695,,,-0.403599365592363,0.427472595928892,6,0.960789935688019,0.87549675896975,hsa04068,FoxO signaling pathway,IL6,STAT3,coherent
Prkaa2,Mlycd,kidney,LoH,163,0.177914110429448,0.116564417177914,0.0306748466257669,0.0270263222461699,0.732007684203378,,,-0.62966874210968,0.180323276128845,6,0.960789935688019,0.789223105796794,hsa04152,AMPK signaling pathway,PRKAA2,MLYCD,coherent
Sgk1,Foxo3,kidney,PT,324,0.037037037037037,0.135802469135802,0.00925925925925926,-0.0187079109959828,0.737270354554946,,,0.740233665475576,0.0570998909369869,7,0.960789935688019,0.699649146351762,hsa04068,FoxO signaling pathway,SGK1,FOXO3,coherent
Prkce,Rras,kidney,Macrophage,907,0.0231532524807056,0.0871003307607497,0.00220507166482911,-0.0111415804989658,0.737555372371445,,,-0.612364042646724,0.143817849057562,7,0.960789935688019,0.766109081487382,hsa04371,Apelin signaling pathway,PRKCE,RRAS,coherent
Kras,Pik3ca,kidney,cDC,152,0.361842105263158,0.0526315789473684,0.0197368421052632,-0.0273325764824825,0.738183861412237,,,0.379908958048957,0.620091041951043,4,0.960789935688019,0.929236948658745,hsa04211,Longevity regulating pathway,KRAS,PIK3CA,coherent
Gnb2,Mras,kidney,LoH,163,0.601226993865031,0.0920245398773006,0.0613496932515337,-0.0263428344977973,0.738536197715114,0.0545454545454545,0.891638843953118,0.696773377077753,0.123979281389436,6,0.960789935688019,0.747384535923108,hsa04371,Apelin signaling pathway,GNB2,MRAS,coherent
Akt2,Nos3,kidney,Endothelial,2875,0.0424347826086957,0.171130434782609,0.00939130434782609,0.00608968784152504,0.744133716906843,0.908424908424908,9.40744759484448e-07,0.423728227814442,0.343455623916381,7,0.960789935688019,0.831318726070332,hsa04371,Apelin signaling pathway,AKT2,NOS3,coherent
Gnai2,Prkce,kidney,Endothelial,2875,0.886260869565217,0.160695652173913,0.147130434782609,0.00604803385785459,0.745823241575158,-0.0111086826718536,0.819799526038428,-0.681110851155982,0.092049919530995,7,0.960789935688019,0.747384535923108,hsa04371,Apelin signaling pathway,GNAI2,PRKCE,coherent
Gnb2,Mras,kidney,PT,324,0.481481481481482,0.0339506172839506,0.0216049382716049,-0.0180711336794398,0.745900409356218,,,-0.0285151945702932,0.951610780828155,7,0.960789935688019,0.998689735763778,hsa04371,Apelin signaling pathway,GNB2,MRAS,coherent
Foxo3,Rbl2,kidney,Macrophage,907,0.0882028665931643,0.0848952590959206,0.0132304299889746,-0.0107597058289699,0.746235937065544,0.635087719298246,0.0264926952220914,-0.460434627904107,0.298491852841087,7,0.960789935688019,0.830500206859146,hsa04068,FoxO signaling pathway,FOXO3,RBL2,coherent
Ppargc1a,Tfam,kidney,Distal_tubule,234,0.252136752136752,0.132478632478632,0.0683760683760684,0.0211676630590806,0.747373079248978,0.0941176470588235,0.729615839473055,0.237536285299915,0.650396884783246,6,0.960789935688019,0.93184665779483,hsa04371,Apelin signaling pathway,PPARGC1A,TFAM,discordant
Gnb2,Prkce,kidney,Distal_tubule,234,0.303418803418803,0.0299145299145299,0.00854700854700855,-0.0208980430472135,0.750483855795647,,,0.575626581885532,0.231925898870248,6,0.960789935688019,0.827936588704405,hsa04371,Apelin signaling pathway,GNB2,PRKCE,coherent
Foxo3,Ccnd1,kidney,Endothelial,2875,0.0587826086956522,0.352347826086957,0.023304347826087,0.00590408920361572,0.751671135959724,0.246191298113639,0.0446151423953669,-0.341183450712386,0.453903757591713,7,0.960789935688019,0.889976691150472,hsa04068,FoxO signaling pathway,FOXO3,CCND1,discordant
Foxo3,Klf2,kidney,cDC,152,0.125,0.447368421052632,0.0526315789473684,-0.0258214531602004,0.752174841459476,,,0.447561514760117,0.552438485239883,4,0.960789935688019,0.91026938393907,hsa04068,FoxO signaling pathway,FOXO3,KLF2,discordant
Pik3r2,Pdpk1,kidney,B_cell,189,0.0317460317460317,0.0687830687830688,0.0105820105820106,0.0229590972306171,0.753837901889515,,,-0.20536887794109,0.79463112205891,4,0.960789935688019,0.964429102117725,hsa04910,Insulin signaling pathway,PIK3R2,PDPK1,coherent
Pik3ca,Akt2,kidney,PT,324,0.132716049382716,0.151234567901235,0.0308641975308642,-0.0173181371036595,0.756146566806404,0.587878787878788,0.0802150639781516,0.754758703447117,0.0498722042547145,7,0.960789935688019,0.699649146351762,hsa04066,HIF-1 signaling pathway,PIK3CA,AKT2,discordant
Pik3cd,Akt1,kidney,B_cell,189,0.0846560846560847,0.0793650793650794,0.0105820105820106,-0.0227053957737323,0.756472141742231,,,0.0220719699635768,0.977928030036423,4,0.960789935688019,0.998689735763778,hsa04066,HIF-1 signaling pathway,PIK3CD,AKT1,coherent
Foxo3,Gadd45a,kidney,Distal_tubule,234,0.106837606837607,0.153846153846154,0.0384615384615385,0.0202742639724226,0.757696179678335,,,0.00495149252767209,0.992572821907052,6,0.960789935688019,0.998795856108493,hsa04068,FoxO signaling pathway,FOXO3,GADD45A,discordant
Pdpk1,Rps6kb2,kidney,Macrophage,907,0.0749724366041896,0.0264608599779493,0.00220507166482911,0.0102405963448853,0.75808760042399,,,-0.0479662464030287,0.918663614194332,7,0.960789935688019,0.994959405881657,hsa04910,Insulin signaling pathway,PDPK1,RPS6KB2,coherent
Foxo3,Bcl2l11,kidney,Endothelial,2875,0.0587826086956522,0.0511304347826087,0.00347826086956522,0.00574331086902048,0.758219791068899,0.393939393939394,0.26288678352469,0.672873515323882,0.0976249941827328,7,0.960789935688019,0.747384535923108,hsa04068,FoxO signaling pathway,FOXO3,BCL2L11,discordant
Pik3r2,Pdpk1,kidney,cDC,152,0.0526315789473684,0.111842105263158,0.00657894736842105,0.0251206407230223,0.758691208581378,,,-0.0777034427841762,0.922296557215824,4,0.960789935688019,0.995858805603497,hsa04910,Insulin signaling pathway,PIK3R2,PDPK1,coherent
Pik3ca,Pdpk1,kidney,cDC,152,0.0526315789473684,0.111842105263158,0.00657894736842105,0.0249922766204665,0.759886633045725,,,0.26600287254683,0.73399712745317,4,0.960789935688019,0.963088633352312,hsa04910,Insulin signaling pathway,PIK3CA,PDPK1,discordant
Sos2,Kras,kidney,PT,324,0.108024691358025,0.219135802469136,0.0308641975308642,0.0169790954752464,0.76077406014729,0.806060606060606,0.00823557082285116,0.21425776021159,0.644555806888206,7,0.960789935688019,0.929236948658745,hsa04068,FoxO signaling pathway,SOS2,KRAS,coherent
Sos2,Kras,kidney,PT,324,0.108024691358025,0.219135802469136,0.0308641975308642,0.0169790954752464,0.76077406014729,0.806060606060606,0.00823557082285116,0.21425776021159,0.644555806888206,7,0.960789935688019,0.929236948658745,hsa04910,Insulin signaling pathway,SOS2,KRAS,coherent
Gnai3,Prkce,kidney,PT,324,0.280864197530864,0.0648148148148148,0.0277777777777778,0.016905078251267,0.761785442862504,,,-0.473826826660432,0.282776432562552,7,0.960789935688019,0.830500206859146,hsa04371,Apelin signaling pathway,GNAI3,PRKCE,discordant
Foxo3,Plk3,kidney,Endothelial,2875,0.0587826086956522,0.0796521739130435,0.00660869565217391,0.00565451656777192,0.761843947748697,0.705263157894737,0.00104801796890975,-0.0782316448404905,0.867595873221863,7,0.960789935688019,0.97432998767798,hsa04068,FoxO signaling pathway,FOXO3,PLK3,discordant
Akt1,Ppp1cb,kidney,Macrophage,907,0.144432194046307,0.115766262403528,0.0264608599779493,0.0100454990237368,0.762556706767426,0.485217391304348,0.0173227309201225,-0.331280205191007,0.467947036390449,7,0.960789935688019,0.889976691150472,hsa04910,Insulin signaling pathway,AKT1,PPP1CB,discordant
Prmt1,Foxo3,kidney,cDC,152,0.296052631578947,0.125,0.0328947368421053,-0.0244841820610767,0.764623946054267,,,0.0288877233823426,0.971112276617657,4,0.960789935688019,0.998689735763778,hsa04068,FoxO signaling pathway,PRMT1,FOXO3,discordant
Hras,Araf,kidney,B_cell,189,0.116402116402116,0.0687830687830688,0.00529100529100529,0.0219032541700998,0.764819313838167,,,0.590912990236003,0.409087009763997,4,0.960789935688019,0.864793137487389,hsa04068,FoxO signaling pathway,HRAS,ARAF,coherent
Hras,Araf,kidney,B_cell,189,0.116402116402116,0.0687830687830688,0.00529100529100529,0.0219032541700998,0.764819313838167,,,0.590912990236003,0.409087009763997,4,0.960789935688019,0.864793137487389,hsa04910,Insulin signaling pathway,HRAS,ARAF,coherent
Foxo3,Rbl2,kidney,T_cell,345,0.0927536231884058,0.165217391304348,0.0202898550724638,0.0159868069691219,0.767319436338404,,,-0.57661883120421,0.230931542195168,6,0.960789935688019,0.827936588704405,hsa04068,FoxO signaling pathway,FOXO3,RBL2,coherent
Hras,Pik3ca,kidney,Distal_tubule,234,0.170940170940171,0.094017094017094,0.0341880341880342,-0.0193597745446207,0.768307613368522,,,0.174265476518368,0.74124787197711,6,0.960789935688019,0.964429102117725,hsa04211,Longevity regulating pathway,HRAS,PIK3CA,discordant
Gnb2,Prkce,kidney,LoH,163,0.601226993865031,0.0306748466257669,0.0245398773006135,-0.023235928164236,0.768442190345779,,,-0.292636962351419,0.573574743244797,6,0.960789935688019,0.91026938393907,hsa04371,Apelin signaling pathway,GNB2,PRKCE,coherent
Gnai3,Prkce,kidney,B_cell,189,0.142857142857143,0.0793650793650794,0.0158730158730159,0.0215333231257744,0.768678071850353,,,-0.734602286919324,0.265397713080676,4,0.960789935688019,0.830500206859146,hsa04371,Apelin signaling pathway,GNAI3,PRKCE,discordant
Prkce,Kras,kidney,cDC,152,0.0592105263157895,0.361842105263158,0.0197368421052632,-0.0235929059647018,0.772954923148688,,,-0.334586853976453,0.665413146023547,4,0.960789935688019,0.93656167468953,hsa04371,Apelin signaling pathway,PRKCE,KRAS,discordant
Stat3,Foxo3,kidney,Distal_tubule,234,0.196581196581197,0.106837606837607,0.0341880341880342,-0.018829177296845,0.774484465141093,,,-0.174928000048715,0.740284381289777,6,0.960789935688019,0.964429102117725,hsa04068,FoxO signaling pathway,STAT3,FOXO3,discordant
Gnai1,Prkce,kidney,Distal_tubule,234,0.0811965811965812,0.0299145299145299,0.00854700854700855,0.0187247292110024,0.775702064742255,,,0.20507314818215,0.69670245295083,6,0.960789935688019,0.948178156337342,hsa04371,Apelin signaling pathway,GNAI1,PRKCE,discordant
Pik3cd,Pdpk1,kidney,LoH,163,0.0368098159509202,0.171779141104294,0.00613496932515337,-0.0224438448736756,0.776123443270269,,,-0.774988887515536,0.0702488447162776,6,0.960789935688019,0.732748669680389,hsa04910,Insulin signaling pathway,PIK3CD,PDPK1,coherent
Rps6kb2,Rps6,kidney,LoH,163,0.098159509202454,0.852760736196319,0.0858895705521472,0.0223214922414201,0.777311919232134,0.450549450549451,0.108090693109141,-0.580173546107204,0.227383278410381,6,0.960789935688019,0.827936588704405,hsa04066,HIF-1 signaling pathway,RPS6KB2,RPS6,discordant
Rps6kb2,Rps6,kidney,LoH,163,0.098159509202454,0.852760736196319,0.0858895705521472,0.0223214922414201,0.777311919232134,0.450549450549451,0.108090693109141,-0.580173546107204,0.227383278410381,6,0.960789935688019,0.827936588704405,hsa04371,Apelin signaling pathway,RPS6KB2,RPS6,discordant
Rps6kb2,Rps6,kidney,LoH,163,0.098159509202454,0.852760736196319,0.0858895705521472,0.0223214922414201,0.777311919232134,0.450549450549451,0.108090693109141,-0.580173546107204,0.227383278410381,6,0.960789935688019,0.827936588704405,hsa04910,Insulin signaling pathway,RPS6KB2,RPS6,discordant
Mapk8,Irs2,kidney,PT,324,0.037037037037037,0.0925925925925926,0.00617283950617284,0.0154982783803784,0.781083351879494,,,0.435434291988305,0.32882183975759,7,0.960789935688019,0.831318726070332,hsa04910,Insulin signaling pathway,MAPK8,IRS2,discordant
Pik3ca,Prkcz,kidney,LoH,163,0.196319018404908,0.190184049079755,0.0429447852760736,-0.0218461879985684,0.781933677473007,,,0.623816193459519,0.185653698646971,6,0.960789935688019,0.801572388077124,hsa04910,Insulin signaling pathway,PIK3CA,PRKCZ,discordant
Mapk8,Foxo3,kidney,Endothelial,2875,0.072,0.0587826086956522,0.0048695652173913,0.00516267445118355,0.782011207288557,0.758241758241758,0.00252045209148834,0.196243658945353,0.673224321361382,7,0.960789935688019,0.941335539058913,hsa04068,FoxO signaling pathway,MAPK8,FOXO3,coherent
Prkaa2,Klf2,kidney,LoH,163,0.177914110429448,0.380368098159509,0.0736196319018405,-0.0215506142652356,0.784811636877852,-0.013986013986014,0.973693903956088,-0.701609883149821,0.120271162786517,6,0.960789935688019,0.747384535923108,hsa04371,Apelin signaling pathway,PRKAA2,KLF2,coherent
Camkk2,Prkaa2,kidney,LoH,163,0.049079754601227,0.177914110429448,0.0122699386503067,-0.0215239684758944,0.785071227058373,,,0.546403415869584,0.26196107460415,6,0.960789935688019,0.830500206859146,hsa04152,AMPK signaling pathway,CAMKK2,PRKAA2,coherent
Camkk2,Prkaa2,kidney,LoH,163,0.049079754601227,0.177914110429448,0.0122699386503067,-0.0215239684758944,0.785071227058373,,,0.546403415869584,0.26196107460415,6,0.960789935688019,0.830500206859146,hsa04211,Longevity regulating pathway,CAMKK2,PRKAA2,coherent
Sos2,Kras,kidney,Distal_tubule,234,0.047008547008547,0.196581196581197,0.0213675213675214,0.0178916036851759,0.785433578458871,,,0.241143588186538,0.645295895293118,6,0.960789935688019,0.929236948658745,hsa04068,FoxO signaling pathway,SOS2,KRAS,coherent
Sos2,Kras,kidney,Distal_tubule,234,0.047008547008547,0.196581196581197,0.0213675213675214,0.0178916036851759,0.785433578458871,,,0.241143588186538,0.645295895293118,6,0.960789935688019,0.929236948658745,hsa04910,Insulin signaling pathway,SOS2,KRAS,coherent
Bcl2l1,Bax,kidney,PT,324,0.182098765432099,0.395061728395062,0.0987654320987654,-0.0151796886718771,0.785472809415497,0.552785923753666,0.0012386767872241,0.705424945554525,0.0765998759038045,7,0.960789935688019,0.732748669680389,hsa04115,p53 signaling pathway,BCL2L1,BAX,discordant
Ptprf,Shc1,kidney,PT,324,0.0864197530864198,0.0617283950617284,0.0123456790123457,0.0151143239188572,0.786374235312729,,,0.128835314067057,0.783093045811505,7,0.960789935688019,0.964429102117725,hsa04910,Insulin signaling pathway,PTPRF,SHC1,coherent
Pik3r2,Prkcz,kidney,Distal_tubule,234,0.0341880341880342,0.0726495726495727,0.00427350427350427,-0.017586763532669,0.78900276409087,,,0.343458499851231,0.505070075004121,6,0.96091174881455,0.889976691150472,hsa04910,Insulin signaling pathway,PIK3R2,PRKCZ,coherent
Prkce,Kras,kidney,Endothelial,2875,0.160695652173913,0.265739130434783,0.047304347826087,0.00486341983025309,0.794354733556997,0.565987822550749,6.94523685648331e-13,-0.319232162211399,0.485241843489266,7,0.96091174881455,0.889976691150472,hsa04371,Apelin signaling pathway,PRKCE,KRAS,discordant
Hras,Pik3cd,kidney,T_cell,345,0.0695652173913044,0.185507246376812,0.0260869565217391,0.0140685523839139,0.794573533432699,,,-0.826981125484592,0.0423135904723608,6,0.96091174881455,0.699649146351762,hsa04211,Longevity regulating pathway,HRAS,PIK3CD,coherent
Foxo3,Ccnd1,kidney,B_cell,189,0.0846560846560847,0.142857142857143,0.0158730158730159,0.0188804055014681,0.796512086015757,,,0.787472422897926,0.212527577102074,4,0.96091174881455,0.81268663614152,hsa04068,FoxO signaling pathway,FOXO3,CCND1,discordant
Prkce,Rras2,kidney,Distal_tubule,234,0.0299145299145299,0.0512820512820513,0.00427350427350427,-0.0166924470223015,0.799498919177666,,,-0.670378001368796,0.14506916879495,6,0.96091174881455,0.766109081487382,hsa04371,Apelin signaling pathway,PRKCE,RRAS2,discordant
Sos1,Kras,kidney,PT,324,0.12962962962963,0.219135802469136,0.0493827160493827,0.0140986716182598,0.800416710254979,0.967647058823529,0,0.609215497958417,0.146471189846201,7,0.96091174881455,0.76717287140756,hsa04068,FoxO signaling pathway,SOS1,KRAS,coherent
Sos1,Kras,kidney,PT,324,0.12962962962963,0.219135802469136,0.0493827160493827,0.0140986716182598,0.800416710254979,0.967647058823529,0,0.609215497958417,0.146471189846201,7,0.96091174881455,0.76717287140756,hsa04910,Insulin signaling pathway,SOS1,KRAS,coherent
Prkce,Hras,kidney,Endothelial,2875,0.160695652173913,0.400347826086957,0.0702608695652174,-0.00465179572638057,0.803115087498691,0.525466296085596,9.8138442934426e-16,-0.654683650119972,0.110544707449905,7,0.96091174881455,0.747384535923108,hsa04371,Apelin signaling pathway,PRKCE,HRAS,coherent
Mapk8,Foxo3,kidney,T_cell,345,0.0318840579710145,0.0927536231884058,0.00289855072463768,0.01334271865577,0.804953453714116,,,-0.705984269417547,0.116959743102835,6,0.96091174881455,0.747384535923108,hsa04068,FoxO signaling pathway,MAPK8,FOXO3,coherent
Pdpk1,Akt2,kidney,LoH,163,0.171779141104294,0.104294478527607,0.0245398773006135,0.0194545739526719,0.805302016550554,,,0.759777613181638,0.0796289606623376,6,0.96091174881455,0.747384535923108,hsa04068,FoxO signaling pathway,PDPK1,AKT2,coherent
Pdpk1,Akt2,kidney,LoH,163,0.171779141104294,0.104294478527607,0.0245398773006135,0.0194545739526719,0.805302016550554,,,0.759777613181638,0.0796289606623376,6,0.96091174881455,0.747384535923108,hsa04152,AMPK signaling pathway,PDPK1,AKT2,coherent
Pdpk1,Akt2,kidney,LoH,163,0.171779141104294,0.104294478527607,0.0245398773006135,0.0194545739526719,0.805302016550554,,,0.759777613181638,0.0796289606623376,6,0.96091174881455,0.747384535923108,hsa04910,Insulin signaling pathway,PDPK1,AKT2,coherent
Kras,Pik3ca,kidney,LoH,163,0.325153374233129,0.196319018404908,0.0920245398773006,0.0191056938455774,0.808725891101715,0.542857142857143,0.039158555144175,-0.264392952191646,0.612651585683717,6,0.96091174881455,0.929236948658745,hsa04211,Longevity regulating pathway,KRAS,PIK3CA,coherent
Pik3cd,Prkcz,kidney,B_cell,189,0.0846560846560847,0.0582010582010582,0.00529100529100529,-0.0174655584945857,0.811464595150511,,,0.945480297231042,0.0545197027689575,4,0.96091174881455,0.699649146351762,hsa04910,Insulin signaling pathway,PIK3CD,PRKCZ,coherent
Hras,Araf,kidney,Macrophage,907,0.0793825799338479,0.0661521499448732,0.00771775082690187,-0.00789993817194177,0.812196293675965,,,0.0133073431016501,0.97741075294017,7,0.96091174881455,0.998689735763778,hsa04068,FoxO signaling pathway,HRAS,ARAF,coherent
Hras,Araf,kidney,Macrophage,907,0.0793825799338479,0.0661521499448732,0.00771775082690187,-0.00789993817194177,0.812196293675965,,,0.0133073431016501,0.97741075294017,7,0.96091174881455,0.998689735763778,hsa04910,Insulin signaling pathway,HRAS,ARAF,coherent
Prmt1,Foxo3,kidney,B_cell,189,0.148148148148148,0.0846560846560847,0.0264550264550265,0.0173778757872688,0.81239356027308,,,0.867546464416032,0.132453535583968,4,0.96091174881455,0.755529792053158,hsa04068,FoxO signaling pathway,PRMT1,FOXO3,discordant
Akt1,Foxo3,kidney,cDC,152,0.223684210526316,0.125,0.0263157894736842,-0.0193172348818886,0.81326590697892,,,-0.880992915841626,0.119007084158374,4,0.96091174881455,0.747384535923108,hsa04068,FoxO signaling pathway,AKT1,FOXO3,coherent
Akt1,Foxo3,kidney,cDC,152,0.223684210526316,0.125,0.0263157894736842,-0.0193172348818886,0.81326590697892,,,-0.880992915841626,0.119007084158374,4,0.96091174881455,0.747384535923108,hsa04211,Longevity regulating pathway,AKT1,FOXO3,coherent
Usp7,Foxo3,kidney,Distal_tubule,234,0.175213675213675,0.106837606837607,0.0341880341880342,-0.0154056900439134,0.814663844691296,,,0.729712261001222,0.0997101949767183,6,0.96091174881455,0.747384535923108,hsa04068,FoxO signaling pathway,USP7,FOXO3,coherent
Sirt1,Ppargc1a,kidney,LoH,163,0.128834355828221,0.116564417177914,0.0184049079754601,-0.0184910594600323,0.814766648519518,,,0.340978067918716,0.508354983441444,6,0.96091174881455,0.889976691150472,hsa04211,Longevity regulating pathway,SIRT1,PPARGC1A,coherent
Pik3ca,Akt1,kidney,B_cell,189,0.0793650793650794,0.0793650793650794,0.0158730158730159,0.0169375967783763,0.817062084996108,,,0.89774829563662,0.10225170436338,4,0.96091174881455,0.747384535923108,hsa04066,HIF-1 signaling pathway,PIK3CA,AKT1,discordant
Kras,Pik3cd,kidney,cDC,152,0.361842105263158,0.217105263157895,0.0855263157894737,0.0188837259606112,0.817382448668944,0.54945054945055,0.0552810211762194,-0.597843230083047,0.402156769916953,4,0.96091174881455,0.864793137487389,hsa04211,Longevity regulating pathway,KRAS,PIK3CD,discordant
Sirt1,Bax,kidney,Distal_tubule,234,0.0726495726495727,0.213675213675214,0.0299145299145299,0.0150603821989715,0.81874545419099,,,-0.0139782718560796,0.979033957837716,6,0.96091174881455,0.998689735763778,hsa04211,Longevity regulating pathway,SIRT1,BAX,coherent
Hras,Pik3ca,kidney,Endothelial,2875,0.400347826086957,0.11895652173913,0.0521739130434783,0.00427263789606914,0.818871944787443,0.565066620916586,4.97414085563113e-14,-0.829130147631819,0.0210940287031209,7,0.96091174881455,0.699649146351762,hsa04211,Longevity regulating pathway,HRAS,PIK3CA,discordant
Akt1,Foxo3,kidney,Endothelial,2875,0.223304347826087,0.0587826086956522,0.015304347826087,0.00426150489513578,0.819335744926371,0.636222692036646,5.91358871791028e-06,-0.349618019351485,0.442069290625661,7,0.96091174881455,0.888309046257225,hsa04068,FoxO signaling pathway,AKT1,FOXO3,coherent
Akt1,Foxo3,kidney,Endothelial,2875,0.223304347826087,0.0587826086956522,0.015304347826087,0.00426150489513578,0.819335744926371,0.636222692036646,5.91358871791028e-06,-0.349618019351485,0.442069290625661,7,0.96091174881455,0.888309046257225,hsa04211,Longevity regulating pathway,AKT1,FOXO3,coherent
Pik3cd,Akt1,kidney,LoH,163,0.0368098159509202,0.122699386503067,0.00613496932515337,0.0180044448945271,0.81955696886374,,,0.0578999548072609,0.913247119831352,6,0.96091174881455,0.994063686489481,hsa04066,HIF-1 signaling pathway,PIK3CD,AKT1,coherent
Foxo3,Klf2,kidney,Macrophage,907,0.0882028665931643,0.470782800441014,0.0463065049614113,0.00737880313403845,0.824376276012234,0.215298598168706,0.170418497666264,0.262505081305861,0.56955186625605,7,0.963786005256865,0.91026938393907,hsa04068,FoxO signaling pathway,FOXO3,KLF2,discordant
Foxo3,Cdkn2b,kidney,LoH,163,0.122699386503067,0.208588957055215,0.0368098159509202,0.0174109353230086,0.825408607767308,,,0.526181007211482,0.283569423563097,6,0.963786005256865,0.830500206859146,hsa04068,FoxO signaling pathway,FOXO3,CDKN2B,discordant
Akt2,Foxo3,kidney,T_cell,345,0.0405797101449275,0.0927536231884058,0.00289855072463768,-0.0116846016839822,0.828791661063106,,,-0.520516904421167,0.289738508278872,6,0.963786005256865,0.830500206859146,hsa04068,FoxO signaling pathway,AKT2,FOXO3,coherent
Akt2,Foxo3,kidney,T_cell,345,0.0405797101449275,0.0927536231884058,0.00289855072463768,-0.0116846016839822,0.828791661063106,,,-0.520516904421167,0.289738508278872,6,0.963786005256865,0.830500206859146,hsa04211,Longevity regulating pathway,AKT2,FOXO3,coherent
Gnb2,Rras2,kidney,Distal_tubule,234,0.303418803418803,0.0512820512820513,0.0256410256410256,-0.0141641273136275,0.829361905399717,,,-0.619817714800922,0.189332353051741,6,0.963786005256865,0.801573227914052,hsa04371,Apelin signaling pathway,GNB2,RRAS2,discordant
Pdpk1,Akt2,kidney,Distal_tubule,234,0.0854700854700855,0.0811965811965812,0.0170940170940171,0.0141343078258649,0.829715671700433,,,-0.203657633638794,0.698737045511718,6,0.963786005256865,0.948178156337342,hsa04068,FoxO signaling pathway,PDPK1,AKT2,coherent
Pdpk1,Akt2,kidney,Distal_tubule,234,0.0854700854700855,0.0811965811965812,0.0170940170940171,0.0141343078258649,0.829715671700433,,,-0.203657633638794,0.698737045511718,6,0.963786005256865,0.948178156337342,hsa04152,AMPK signaling pathway,PDPK1,AKT2,coherent
Pdpk1,Akt2,kidney,Distal_tubule,234,0.0854700854700855,0.0811965811965812,0.0170940170940171,0.0141343078258649,0.829715671700433,,,-0.203657633638794,0.698737045511718,6,0.963786005256865,0.948178156337342,hsa04910,Insulin signaling pathway,PDPK1,AKT2,coherent
Sirt1,Foxo3,kidney,Distal_tubule,234,0.0726495726495727,0.106837606837607,0.0170940170940171,0.0140211836699189,0.8310580420916,,,-0.109559919305418,0.836317665490369,6,0.963786005256865,0.966964969411617,hsa04211,Longevity regulating pathway,SIRT1,FOXO3,coherent
Akt1,Ppp1ca,kidney,PT,324,0.114197530864198,0.515432098765432,0.0864197530864198,0.0117454814533058,0.833192528200132,-0.0591133004926108,0.764595131965579,0.512052342926491,0.240041405496562,7,0.964510915796892,0.830500206859146,hsa04910,Insulin signaling pathway,AKT1,PPP1CA,coherent
Kras,Araf,kidney,Macrophage,907,0.178610804851158,0.0661521499448732,0.0176405733186329,-0.00680018111344992,0.837949359201905,0.679411764705882,0.0048988929348089,0.432959114222051,0.331893450842238,7,0.967873118349196,0.831318726070332,hsa04068,FoxO signaling pathway,KRAS,ARAF,discordant
Kras,Araf,kidney,Macrophage,907,0.178610804851158,0.0661521499448732,0.0176405733186329,-0.00680018111344992,0.837949359201905,0.679411764705882,0.0048988929348089,0.432959114222051,0.331893450842238,7,0.967873118349196,0.831318726070332,hsa04910,Insulin signaling pathway,KRAS,ARAF,discordant
Akt1,Ppp1cb,kidney,Endothelial,2875,0.223304347826087,0.258434782608696,0.063304347826087,0.00378781143473896,0.839126302919335,0.571739956963391,3.4646645124998e-17,0.234527802211986,0.612711986496576,7,0.967873118349196,0.929236948658745,hsa04910,Insulin signaling pathway,AKT1,PPP1CB,discordant
Prkaa2,Mlycd,kidney,Distal_tubule,234,0.132478632478632,0.0341880341880342,0.00427350427350427,-0.0130800996165499,0.842243903099519,,,-0.716710034606427,0.109012342977309,6,0.969718656001067,0.747384535923108,hsa04152,AMPK signaling pathway,PRKAA2,MLYCD,coherent
Gnai2,Prkce,kidney,B_cell,189,0.46031746031746,0.0793650793650794,0.0476190476190476,-0.0143227525132858,0.844916166716181,,,0.99961461423635,0.000385385763650019,4,0.970504494369769,0.246261502972362,hsa04371,Apelin signaling pathway,GNAI2,PRKCE,coherent
Akt1,Tsc2,kidney,Distal_tubule,234,0.115384615384615,0.0427350427350427,0.0128205128205128,0.0127677200514638,0.845964011524196,,,-0.00515654801357383,0.992265246535913,6,0.970504494369769,0.998795856108493,hsa04910,Insulin signaling pathway,AKT1,TSC2,discordant
Stk11,Prkaa2,kidney,Distal_tubule,234,0.162393162393162,0.132478632478632,0.0384615384615385,0.0125621822407106,0.848413615818687,,,0.463901004473582,0.354065202098737,6,0.971310171933363,0.84899461951766,hsa04068,FoxO signaling pathway,STK11,PRKAA2,coherent
Stk11,Prkaa2,kidney,Distal_tubule,234,0.162393162393162,0.132478632478632,0.0384615384615385,0.0125621822407106,0.848413615818687,,,0.463901004473582,0.354065202098737,6,0.971310171933363,0.84899461951766,hsa04211,Longevity regulating pathway,STK11,PRKAA2,coherent
Akt1,Pde3b,kidney,Macrophage,907,0.144432194046307,0.0639470782800441,0.0121278941565601,-0.00630064016881504,0.849706394539515,0.836363636363636,0.00256466229904208,0.259538502620849,0.574082256224484,7,0.971310171933363,0.91026938393907,hsa04371,Apelin signaling pathway,AKT1,PDE3B,discordant
Akt1,Pde3b,kidney,Macrophage,907,0.144432194046307,0.0639470782800441,0.0121278941565601,-0.00630064016881504,0.849706394539515,0.836363636363636,0.00256466229904208,0.259538502620849,0.574082256224484,7,0.971310171933363,0.91026938393907,hsa04910,Insulin signaling pathway,AKT1,PDE3B,discordant
Irs1,Pik3r2,kidney,Distal_tubule,234,0.0512820512820513,0.0341880341880342,0.00427350427350427,0.0120525195033807,0.854494017768908,,,-0.74345913650156,0.0902779325095305,6,0.974105771133371,0.747384535923108,hsa04068,FoxO signaling pathway,IRS1,PIK3R2,discordant
Irs1,Pik3r2,kidney,Distal_tubule,234,0.0512820512820513,0.0341880341880342,0.00427350427350427,0.0120525195033807,0.854494017768908,,,-0.74345913650156,0.0902779325095305,6,0.974105771133371,0.747384535923108,hsa04152,AMPK signaling pathway,IRS1,PIK3R2,discordant
Irs1,Pik3r2,kidney,Distal_tubule,234,0.0512820512820513,0.0341880341880342,0.00427350427350427,0.0120525195033807,0.854494017768908,,,-0.74345913650156,0.0902779325095305,6,0.974105771133371,0.747384535923108,hsa04211,Longevity regulating pathway,IRS1,PIK3R2,discordant
Irs1,Pik3r2,kidney,Distal_tubule,234,0.0512820512820513,0.0341880341880342,0.00427350427350427,0.0120525195033807,0.854494017768908,,,-0.74345913650156,0.0902779325095305,6,0.974105771133371,0.747384535923108,hsa04910,Insulin signaling pathway,IRS1,PIK3R2,discordant
Klf2,Nos3,kidney,Endothelial,2875,0.808695652173913,0.171130434782609,0.14504347826087,0.00340486411483269,0.855200841323664,0.0834704086525678,0.0886861537541908,0.425410304302051,0.341336241210967,7,0.974105771133371,0.831318726070332,hsa04371,Apelin signaling pathway,KLF2,NOS3,coherent
Sos1,Hras,kidney,PT,324,0.12962962962963,0.41358024691358,0.0802469135802469,-0.00991361032018488,0.858911710744062,0.437264957264957,0.0265209281151512,0.308556475147874,0.500753770490453,7,0.97500697862421,0.889976691150472,hsa04068,FoxO signaling pathway,SOS1,HRAS,discordant
Sos1,Hras,kidney,PT,324,0.12962962962963,0.41358024691358,0.0802469135802469,-0.00991361032018488,0.858911710744062,0.437264957264957,0.0265209281151512,0.308556475147874,0.500753770490453,7,0.97500697862421,0.889976691150472,hsa04910,Insulin signaling pathway,SOS1,HRAS,discordant
Irs1,Pik3ca,kidney,Distal_tubule,234,0.0512820512820513,0.094017094017094,0.0213675213675214,0.0115221923017753,0.860830074613967,,,0.292946779220982,0.573149857487327,6,0.97500697862421,0.91026938393907,hsa04068,FoxO signaling pathway,IRS1,PIK3CA,coherent
Irs1,Pik3ca,kidney,Distal_tubule,234,0.0512820512820513,0.094017094017094,0.0213675213675214,0.0115221923017753,0.860830074613967,,,0.292946779220982,0.573149857487327,6,0.97500697862421,0.91026938393907,hsa04152,AMPK signaling pathway,IRS1,PIK3CA,coherent
Irs1,Pik3ca,kidney,Distal_tubule,234,0.0512820512820513,0.094017094017094,0.0213675213675214,0.0115221923017753,0.860830074613967,,,0.292946779220982,0.573149857487327,6,0.97500697862421,0.91026938393907,hsa04211,Longevity regulating pathway,IRS1,PIK3CA,coherent
Irs1,Pik3ca,kidney,Distal_tubule,234,0.0512820512820513,0.094017094017094,0.0213675213675214,0.0115221923017753,0.860830074613967,,,0.292946779220982,0.573149857487327,6,0.97500697862421,0.91026938393907,hsa04910,Insulin signaling pathway,IRS1,PIK3CA,coherent
Pdpk1,Rps6kb2,kidney,Distal_tubule,234,0.0854700854700855,0.0641025641025641,0.0128205128205128,0.0114914114993684,0.861198104145686,,,0.278063699878326,0.593654312346785,6,0.97500697862421,0.927494145695833,hsa04910,Insulin signaling pathway,PDPK1,RPS6KB2,coherent
Pdpk1,Akt1,kidney,LoH,163,0.171779141104294,0.122699386503067,0.0306748466257669,-0.0137106953940139,0.86209537233596,,,-0.246385211968838,0.637900672061852,6,0.97500697862421,0.929236948658745,hsa04068,FoxO signaling pathway,PDPK1,AKT1,coherent
Pdpk1,Akt1,kidney,LoH,163,0.171779141104294,0.122699386503067,0.0306748466257669,-0.0137106953940139,0.86209537233596,,,-0.246385211968838,0.637900672061852,6,0.97500697862421,0.929236948658745,hsa04152,AMPK signaling pathway,PDPK1,AKT1,coherent
Pdpk1,Akt1,kidney,LoH,163,0.171779141104294,0.122699386503067,0.0306748466257669,-0.0137106953940139,0.86209537233596,,,-0.246385211968838,0.637900672061852,6,0.97500697862421,0.929236948658745,hsa04910,Insulin signaling pathway,PDPK1,AKT1,coherent
Pik3ca,Pdpk1,kidney,T_cell,345,0.0898550724637681,0.0869565217391304,0.0115942028985507,0.00901702990485693,0.867464902981914,,,-0.506259355570266,0.305487732251878,6,0.979346418737532,0.830500206859146,hsa04910,Insulin signaling pathway,PIK3CA,PDPK1,discordant
Pik3r2,Akt1,kidney,PT,324,0.0648148148148148,0.114197530864198,0.0185185185185185,0.00912579328888381,0.870020203886748,,,0.745388324769399,0.0544738372679842,7,0.979585765193009,0.699649146351762,hsa04066,HIF-1 signaling pathway,PIK3R2,AKT1,coherent
Ptprf,Irs1,kidney,Distal_tubule,234,0.153846153846154,0.0512820512820513,0.0213675213675214,0.0106939694726753,0.870742902393786,,,0.0689847642459605,0.896686999348945,6,0.979585765193009,0.984515454667519,hsa04910,Insulin signaling pathway,PTPRF,IRS1,coherent
Foxo3,Ccnd1,kidney,Distal_tubule,234,0.106837606837607,0.286324786324786,0.047008547008547,-0.0105344490063231,0.872654538868311,0.518181818181818,0.106918151178142,0.135363782271253,0.798194485813385,6,0.980010984774781,0.964429102117725,hsa04068,FoxO signaling pathway,FOXO3,CCND1,discordant
Gnai3,Prkce,kidney,cDC,152,0.243421052631579,0.0592105263157895,0.0131578947368421,-0.0121342585763209,0.882049438461559,,,0.248734558070841,0.751265441929159,4,0.982766122334739,0.964429102117725,hsa04371,Apelin signaling pathway,GNAI3,PRKCE,discordant
Irs2,Pik3cd,kidney,LoH,163,0.202453987730061,0.0368098159509202,0.0122699386503067,-0.0116503261693879,0.882657102117265,,,-0.231936709940285,0.658333410697144,6,0.982766122334739,0.932760641763802,hsa04068,FoxO signaling pathway,IRS2,PIK3CD,discordant
Irs2,Pik3cd,kidney,LoH,163,0.202453987730061,0.0368098159509202,0.0122699386503067,-0.0116503261693879,0.882657102117265,,,-0.231936709940285,0.658333410697144,6,0.982766122334739,0.932760641763802,hsa04152,AMPK signaling pathway,IRS2,PIK3CD,discordant
Irs2,Pik3cd,kidney,LoH,163,0.202453987730061,0.0368098159509202,0.0122699386503067,-0.0116503261693879,0.882657102117265,,,-0.231936709940285,0.658333410697144,6,0.982766122334739,0.932760641763802,hsa04211,Longevity regulating pathway,IRS2,PIK3CD,discordant
Irs2,Pik3cd,kidney,LoH,163,0.202453987730061,0.0368098159509202,0.0122699386503067,-0.0116503261693879,0.882657102117265,,,-0.231936709940285,0.658333410697144,6,0.982766122334739,0.932760641763802,hsa04910,Insulin signaling pathway,IRS2,PIK3CD,discordant
Kras,Pik3ca,kidney,Distal_tubule,234,0.196581196581197,0.094017094017094,0.0256410256410256,-0.00969858329260745,0.882683086121212,,,-0.75173158624305,0.0848045223137663,6,0.982766122334739,0.747384535923108,hsa04211,Longevity regulating pathway,KRAS,PIK3CA,coherent
Sgk1,Foxo3,kidney,T_cell,345,0.0463768115942029,0.0927536231884058,0.00869565217391304,0.00763432076072063,0.887641921665754,,,-0.256922140009069,0.623096374961319,6,0.982766122334739,0.929236948658745,hsa04068,FoxO signaling pathway,SGK1,FOXO3,coherent
Foxo3,Klf2,kidney,B_cell,189,0.0846560846560847,0.714285714285714,0.0687830687830688,0.0103195532149272,0.887922881149141,0.340659340659341,0.254997689115259,0.941204877779017,0.0587951222209833,4,0.982766122334739,0.699649146351762,hsa04068,FoxO signaling pathway,FOXO3,KLF2,discordant
Pik3ca,Akt2,kidney,B_cell,189,0.0793650793650794,0.0687830687830688,0.0105820105820106,0.0103062162666194,0.888066782197438,,,0.869809118070391,0.130190881929609,4,0.982766122334739,0.749477239216397,hsa04066,HIF-1 signaling pathway,PIK3CA,AKT2,discordant
Akt2,Pde3b,kidney,B_cell,189,0.0687830687830688,0.0740740740740741,0.00529100529100529,-0.0100757584609532,0.890553916023376,,,-0.166530634053264,0.833469365946736,4,0.982766122334739,0.966964969411617,hsa04371,Apelin signaling pathway,AKT2,PDE3B,discordant
Akt2,Pde3b,kidney,B_cell,189,0.0687830687830688,0.0740740740740741,0.00529100529100529,-0.0100757584609532,0.890553916023376,,,-0.166530634053264,0.833469365946736,4,0.982766122334739,0.966964969411617,hsa04910,Insulin signaling pathway,AKT2,PDE3B,discordant
Pdpk1,Rps6kb2,kidney,Endothelial,2875,0.129391304347826,0.0653913043478261,0.0107826086956522,-0.00256275890085768,0.890751695402879,0.721774193548387,8.80448099763375e-06,0.266987897872324,0.562727542491602,7,0.982766122334739,0.91026938393907,hsa04910,Insulin signaling pathway,PDPK1,RPS6KB2,coherent
Pdpk1,Rps6kb2,kidney,T_cell,345,0.0869565217391304,0.0434782608695652,0.00289855072463768,-0.0074052589837861,0.890991850684682,,,0.19142406661648,0.716371092696774,6,0.982766122334739,0.953162489139651,hsa04910,Insulin signaling pathway,PDPK1,RPS6KB2,coherent
Hras,Pik3r2,kidney,Distal_tubule,234,0.170940170940171,0.0341880341880342,0.0128205128205128,0.00889068621767607,0.892393876726022,,,-0.559351609970061,0.24847593538262,6,0.982766122334739,0.830500206859146,hsa04211,Longevity regulating pathway,HRAS,PIK3R2,coherent
Pik3ca,Akt2,kidney,Macrophage,907,0.0551267916207277,0.0661521499448732,0.00771775082690187,0.00439297983337706,0.894890084577251,,,0.301618611031889,0.510926246426626,7,0.982766122334739,0.889976691150472,hsa04066,HIF-1 signaling pathway,PIK3CA,AKT2,discordant
Akt2,Ppp1cb,kidney,T_cell,345,0.0405797101449275,0.16231884057971,0.0115942028985507,0.00713281789120155,0.894978702246392,,,-0.147816491993711,0.779890136143181,6,0.982766122334739,0.964429102117725,hsa04910,Insulin signaling pathway,AKT2,PPP1CB,discordant
Foxo3,Ccnd1,kidney,PT,324,0.135802469135802,0.469135802469136,0.0771604938271605,-0.00731998990783306,0.89557569320474,0.278183916891112,0.178152169667259,0.816745859047874,0.0249496478975187,7,0.982766122334739,0.699649146351762,hsa04068,FoxO signaling pathway,FOXO3,CCND1,discordant
Prmt1,Foxo3,kidney,Macrophage,907,0.149944873208379,0.0882028665931643,0.0209481808158765,0.00429958285266259,0.897112232596666,0.460930640913082,0.0470110687360558,-0.341532339090172,0.453411914482219,7,0.982766122334739,0.889976691150472,hsa04068,FoxO signaling pathway,PRMT1,FOXO3,discordant
Calm1,Pygb,kidney,cDC,152,0.980263157894737,0.0789473684210526,0.0789473684210526,-0.0104653554822506,0.898177488956944,0.020979020979021,0.956169154937949,-0.230227770471644,0.769772229528356,4,0.982766122334739,0.964429102117725,hsa04910,Insulin signaling pathway,CALM1,PYGB,discordant
Foxo3,Ccnd1,kidney,LoH,163,0.122699386503067,0.245398773006135,0.0368098159509202,-0.00953878710630061,0.903810957377353,,,0.475166011557632,0.34089312433876,6,0.986268888106902,0.831318726070332,hsa04068,FoxO signaling pathway,FOXO3,CCND1,discordant
Akt1,Ppp1ca,kidney,LoH,163,0.122699386503067,0.558282208588957,0.0858895705521472,-0.0093978368288701,0.905225607747525,0.032967032967033,0.915531645846804,0.406891404586542,0.423345488736686,6,0.986268888106902,0.874109118061882,hsa04910,Insulin signaling pathway,AKT1,PPP1CA,coherent
Hras,Araf,kidney,LoH,163,0.337423312883436,0.141104294478528,0.049079754601227,-0.00911818902720388,0.908033176549912,,,0.0826408288089815,0.876320954828849,6,0.986268888106902,0.978995408043872,hsa04068,FoxO signaling pathway,HRAS,ARAF,coherent
Hras,Araf,kidney,LoH,163,0.337423312883436,0.141104294478528,0.049079754601227,-0.00911818902720388,0.908033176549912,,,0.0826408288089815,0.876320954828849,6,0.986268888106902,0.978995408043872,hsa04910,Insulin signaling pathway,HRAS,ARAF,coherent
Pik3cd,Prkcz,kidney,T_cell,345,0.185507246376812,0.0608695652173913,0.0144927536231884,-0.00605451366507804,0.910783372551014,,,0.477401459333373,0.338300608310133,6,0.986268888106902,0.831318726070332,hsa04910,Insulin signaling pathway,PIK3CD,PRKCZ,coherent
Akt1,Ppp1ca,kidney,B_cell,189,0.0793650793650794,0.343915343915344,0.0423280423280423,0.00799399080704519,0.913066164413223,,,0.971687632419938,0.0283123675800617,4,0.986268888106902,0.699649146351762,hsa04910,Insulin signaling pathway,AKT1,PPP1CA,coherent
Gnb2,Kras,kidney,T_cell,345,0.347826086956522,0.153623188405797,0.0608695652173913,-0.00572191743666015,0.915665621098554,0.628571428571429,0.0028266561130857,-0.769232805013185,0.0737356672122281,6,0.986268888106902,0.732748669680389,hsa04371,Apelin signaling pathway,GNB2,KRAS,discordant
Kras,Pik3cd,kidney,T_cell,345,0.153623188405797,0.185507246376812,0.0434782608695652,0.00571217211383084,0.915808723383259,0.485714285714286,0.0688280349342151,0.639523067982943,0.171494589305646,6,0.986268888106902,0.780477908348161,hsa04211,Longevity regulating pathway,KRAS,PIK3CD,discordant
Pdpk1,Prkcz,kidney,LoH,163,0.171779141104294,0.190184049079755,0.0306748466257669,-0.00828766674602466,0.916377916327327,,,0.164926791670503,0.754852886675359,6,0.986268888106902,0.964429102117725,hsa04910,Insulin signaling pathway,PDPK1,PRKCZ,coherent
Stk11,Foxo3,kidney,T_cell,345,0.130434782608696,0.0927536231884058,0.0115942028985507,0.00562376261323975,0.917107069855831,,,-0.786080192580357,0.063747860694756,6,0.986268888106902,0.727408624713376,hsa04068,FoxO signaling pathway,STK11,FOXO3,discordant
Foxo3,Rbl2,kidney,PT,324,0.135802469135802,0.17283950617284,0.037037037037037,0.0056678458928415,0.919052159063833,0.685314685314685,0.0173050234870596,0.120682493237924,0.796611712418295,7,0.986268888106902,0.964429102117725,hsa04068,FoxO signaling pathway,FOXO3,RBL2,coherent
Prkce,Hras,kidney,T_cell,345,0.0376811594202899,0.0695652173913044,0.00289855072463768,-0.00544635012517128,0.919713139198064,,,0.816361885135045,0.0474880256999315,6,0.986268888106902,0.699649146351762,hsa04371,Apelin signaling pathway,PRKCE,HRAS,coherent
Foxo3,Ccnd1,kidney,T_cell,345,0.0927536231884058,0.0231884057971015,0.00869565217391304,0.00531907689414636,0.921583227465881,,,-0.15822405968038,0.764644468521895,6,0.986268888106902,0.964429102117725,hsa04068,FoxO signaling pathway,FOXO3,CCND1,discordant
Sos1,Kras,kidney,Distal_tubule,234,0.0726495726495727,0.196581196581197,0.0213675213675214,-0.00644167855281104,0.921922709250135,,,-0.504005496711153,0.308005881334982,6,0.986268888106902,0.830500206859146,hsa04068,FoxO signaling pathway,SOS1,KRAS,coherent
Sos1,Kras,kidney,Distal_tubule,234,0.0726495726495727,0.196581196581197,0.0213675213675214,-0.00644167855281104,0.921922709250135,,,-0.504005496711153,0.308005881334982,6,0.986268888106902,0.830500206859146,hsa04910,Insulin signaling pathway,SOS1,KRAS,coherent
Pik3cd,Akt2,kidney,cDC,152,0.217105263157895,0.164473684210526,0.0328947368421053,-0.00779225021813359,0.924094249285482,,,-0.824108788869992,0.175891211130008,4,0.986268888106902,0.783936381337324,hsa04066,HIF-1 signaling pathway,PIK3CD,AKT2,coherent
Prmt1,Foxo3,kidney,PT,324,0.191358024691358,0.135802469135802,0.0432098765432099,-0.0052499223431148,0.925002693167871,0.613186813186813,0.0224670037017525,0.88408710935558,0.00824646840236837,7,0.986268888106902,0.699649146351762,hsa04068,FoxO signaling pathway,PRMT1,FOXO3,discordant
Prkce,Hras,kidney,LoH,163,0.0306748466257669,0.337423312883436,0.0122699386503067,-0.0073036955816341,0.926276200561058,,,-0.170729863421073,0.74639348048075,6,0.986268888106902,0.964429102117725,hsa04371,Apelin signaling pathway,PRKCE,HRAS,coherent
Pdpk1,Akt2,kidney,PT,324,0.154320987654321,0.151234567901235,0.0401234567901235,-0.00479115325676493,0.931539599305395,0.631868131868132,0.0237434280955737,-0.151981306225093,0.744957983767881,7,0.986268888106902,0.964429102117725,hsa04068,FoxO signaling pathway,PDPK1,AKT2,coherent
Pdpk1,Akt2,kidney,PT,324,0.154320987654321,0.151234567901235,0.0401234567901235,-0.00479115325676493,0.931539599305395,0.631868131868132,0.0237434280955737,-0.151981306225093,0.744957983767881,7,0.986268888106902,0.964429102117725,hsa04152,AMPK signaling pathway,PDPK1,AKT2,coherent
Pdpk1,Akt2,kidney,PT,324,0.154320987654321,0.151234567901235,0.0401234567901235,-0.00479115325676493,0.931539599305395,0.631868131868132,0.0237434280955737,-0.151981306225093,0.744957983767881,7,0.986268888106902,0.964429102117725,hsa04910,Insulin signaling pathway,PDPK1,AKT2,coherent
Srebf1,Hk3,kidney,cDC,152,0.0855263157894737,0.0394736842105263,0.00657894736842105,-0.00702412285571568,0.931557529205751,,,0.20304280145052,0.79695719854948,4,0.986268888106902,0.964429102117725,hsa04910,Insulin signaling pathway,SREBF1,HK3,coherent
Gnb2,Rras,kidney,T_cell,345,0.347826086956522,0.0202898550724638,0.00869565217391304,-0.00458126313018064,0.932432472392103,,,0.0678951064103456,0.898313829964238,6,0.986268888106902,0.984515454667519,hsa04371,Apelin signaling pathway,GNB2,RRAS,coherent
Bcl2l1,Bax,kidney,B_cell,189,0.0211640211640212,0.153439153439153,0.00529100529100529,-0.00583796948517296,0.936454341314056,,,-0.228366278584693,0.771633721415307,4,0.986268888106902,0.964429102117725,hsa04115,p53 signaling pathway,BCL2L1,BAX,discordant
Akt1,Foxo3,kidney,Distal_tubule,234,0.115384615384615,0.106837606837607,0.0213675213675214,-0.00511833203544041,0.937926167291142,,,0.791593959162135,0.0606237588877065,6,0.986268888106902,0.704337853258991,hsa04068,FoxO signaling pathway,AKT1,FOXO3,coherent
Akt1,Foxo3,kidney,Distal_tubule,234,0.115384615384615,0.106837606837607,0.0213675213675214,-0.00511833203544041,0.937926167291142,,,0.791593959162135,0.0606237588877065,6,0.986268888106902,0.704337853258991,hsa04211,Longevity regulating pathway,AKT1,FOXO3,coherent
Gnb2,Hras,kidney,Macrophage,907,0.504961411245866,0.0793825799338479,0.0474090407938258,-0.00244676437552894,0.941339552269434,0.488221081244337,0.00102958857549974,0.540411164065486,0.210442242640823,7,0.986268888106902,0.81268663614152,hsa04371,Apelin signaling pathway,GNB2,HRAS,coherent
Foxo3,Ccnd1,kidney,Macrophage,907,0.0882028665931643,0.339581036383682,0.0352811466372657,0.00243728286976343,0.941566461595608,0.511687599546479,0.00275874895765172,0.544446691394405,0.206380204464062,7,0.986268888106902,0.81268663614152,hsa04068,FoxO signaling pathway,FOXO3,CCND1,discordant
Foxo3,Cdkn1b,kidney,Endothelial,2875,0.0587826086956522,0.252173913043478,0.0170434782608696,-0.00134614013116527,0.942484630454825,0.459387755102041,0.00101483454414093,-0.301470168382039,0.511144672382196,7,0.986268888106902,0.889976691150472,hsa04068,FoxO signaling pathway,FOXO3,CDKN1B,coherent
Foxo3,Gadd45a,kidney,Macrophage,907,0.0882028665931643,0.0220507166482911,0.00330760749724366,-0.00232152151229996,0.944337213433849,,,-0.56086125464874,0.190249854710641,7,0.986268888106902,0.801573227914052,hsa04068,FoxO signaling pathway,FOXO3,GADD45A,discordant
Pik3ca,Akt1,kidney,T_cell,345,0.0898550724637681,0.0840579710144928,0.0173913043478261,0.00362099225723654,0.946571295149313,,,0.549391577614203,0.258824367205212,6,0.986268888106902,0.830500206859146,hsa04066,HIF-1 signaling pathway,PIK3CA,AKT1,discordant
Pik3cd,Prkcz,kidney,LoH,163,0.0368098159509202,0.190184049079755,0.0122699386503067,0.00527640436830565,0.946703782656841,,,0.000865871062724081,0.9987011937305,6,0.986268888106902,0.998795856108493,hsa04910,Insulin signaling pathway,PIK3CD,PRKCZ,coherent
Akt2,Pde3b,kidney,LoH,163,0.104294478527607,0.0797546012269939,0.0184049079754601,-0.00518541344941757,0.947621548566823,,,0.880651977858055,0.0205159319305721,6,0.986268888106902,0.699649146351762,hsa04371,Apelin signaling pathway,AKT2,PDE3B,discordant
Akt2,Pde3b,kidney,LoH,163,0.104294478527607,0.0797546012269939,0.0184049079754601,-0.00518541344941757,0.947621548566823,,,0.880651977858055,0.0205159319305721,6,0.986268888106902,0.699649146351762,hsa04910,Insulin signaling pathway,AKT2,PDE3B,discordant
Stk11,Foxo3,kidney,Distal_tubule,234,0.162393162393162,0.106837606837607,0.0341880341880342,-0.00425703599961601,0.948355774298205,,,0.13976043874783,0.791724310822382,6,0.986268888106902,0.964429102117725,hsa04068,FoxO signaling pathway,STK11,FOXO3,discordant
Pdpk1,Sgk1,kidney,LoH,163,0.171779141104294,0.141104294478528,0.0306748466257669,-0.00479761973770438,0.951533727593934,,,-0.447374374434648,0.373708048921126,6,0.986268888106902,0.851438440004285,hsa04068,FoxO signaling pathway,PDPK1,SGK1,coherent
Ptprf,Shc1,kidney,LoH,163,0.263803680981595,0.116564417177914,0.0368098159509202,-0.00467249211104763,0.952796304027984,,,0.824438497169006,0.0435271975271748,6,0.986268888106902,0.699649146351762,hsa04910,Insulin signaling pathway,PTPRF,SHC1,coherent
Prkce,Hras,kidney,Distal_tubule,234,0.0299145299145299,0.170940170940171,0.00427350427350427,0.00387959579993098,0.952929151166234,,,0.241360584563818,0.644989345348466,6,0.986268888106902,0.929236948658745,hsa04371,Apelin signaling pathway,PRKCE,HRAS,coherent
Srebf1,Fasn,kidney,PT,324,0.0339506172839506,0.0524691358024691,0.00308641975308642,0.00326622413614551,0.953298616052613,,,-0.494883386993445,0.258840669651863,7,0.986268888106902,0.830500206859146,hsa04152,AMPK signaling pathway,SREBF1,FASN,coherent
Srebf1,Fasn,kidney,PT,324,0.0339506172839506,0.0524691358024691,0.00308641975308642,0.00326622413614551,0.953298616052613,,,-0.494883386993445,0.258840669651863,7,0.986268888106902,0.830500206859146,hsa04910,Insulin signaling pathway,SREBF1,FASN,coherent
Gnai2,Prkce,kidney,PT,324,0.450617283950617,0.0648148148148148,0.0432098765432099,-0.00285918950265812,0.959113076434636,0.648351648351648,0.0145264436158747,-0.27505045224127,0.550520222868757,7,0.986268888106902,0.91026938393907,hsa04371,Apelin signaling pathway,GNAI2,PRKCE,coherent
Gnb2,Kras,kidney,B_cell,189,0.354497354497354,0.148148148148148,0.0687830687830688,0.00373422789691551,0.959328107254136,0.813186813186813,0.00123885867187349,-0.142988386917902,0.857011613082098,4,0.986268888106902,0.972842240675032,hsa04371,Apelin signaling pathway,GNB2,KRAS,discordant
Foxo3,Rbl2,kidney,Distal_tubule,234,0.106837606837607,0.106837606837607,0.0213675213675214,-0.00298550599048621,0.96376855583289,,,-0.0394009143084027,0.940929212158449,6,0.986268888106902,0.998689735763778,hsa04068,FoxO signaling pathway,FOXO3,RBL2,coherent
Foxo3,Plk3,kidney,PT,324,0.135802469135802,0.0308641975308642,0.00925925925925926,0.00252579247295008,0.963877256281352,,,0.373387860385446,0.409364499365498,7,0.986268888106902,0.864793137487389,hsa04068,FoxO signaling pathway,FOXO3,PLK3,discordant
Irs2,Pik3cd,kidney,B_cell,189,0.0899470899470899,0.0846560846560847,0.0105820105820106,-0.00329019695661906,0.964160890100249,,,-0.160233208525028,0.839766791474972,4,0.986268888106902,0.966964969411617,hsa04068,FoxO signaling pathway,IRS2,PIK3CD,discordant
Irs2,Pik3cd,kidney,B_cell,189,0.0899470899470899,0.0846560846560847,0.0105820105820106,-0.00329019695661906,0.964160890100249,,,-0.160233208525028,0.839766791474972,4,0.986268888106902,0.966964969411617,hsa04152,AMPK signaling pathway,IRS2,PIK3CD,discordant
Irs2,Pik3cd,kidney,B_cell,189,0.0899470899470899,0.0846560846560847,0.0105820105820106,-0.00329019695661906,0.964160890100249,,,-0.160233208525028,0.839766791474972,4,0.986268888106902,0.966964969411617,hsa04211,Longevity regulating pathway,IRS2,PIK3CD,discordant
Irs2,Pik3cd,kidney,B_cell,189,0.0899470899470899,0.0846560846560847,0.0105820105820106,-0.00329019695661906,0.964160890100249,,,-0.160233208525028,0.839766791474972,4,0.986268888106902,0.966964969411617,hsa04910,Insulin signaling pathway,IRS2,PIK3CD,discordant
Prmt1,Foxo3,kidney,T_cell,345,0.16231884057971,0.0927536231884058,0.0202898550724638,0.00235400077471899,0.965251150817122,,,0.106234735430341,0.841247369852913,6,0.986268888106902,0.966964969411617,hsa04068,FoxO signaling pathway,PRMT1,FOXO3,discordant
Irs2,Pik3ca,kidney,PT,324,0.0925925925925926,0.132716049382716,0.0246913580246914,0.00233216865683361,0.96664470383914,,,0.0566946505254677,0.903906781257676,7,0.986268888106902,0.987344330296846,hsa04068,FoxO signaling pathway,IRS2,PIK3CA,coherent
Irs2,Pik3ca,kidney,PT,324,0.0925925925925926,0.132716049382716,0.0246913580246914,0.00233216865683361,0.96664470383914,,,0.0566946505254677,0.903906781257676,7,0.986268888106902,0.987344330296846,hsa04152,AMPK signaling pathway,IRS2,PIK3CA,coherent
Irs2,Pik3ca,kidney,PT,324,0.0925925925925926,0.132716049382716,0.0246913580246914,0.00233216865683361,0.96664470383914,,,0.0566946505254677,0.903906781257676,7,0.986268888106902,0.987344330296846,hsa04211,Longevity regulating pathway,IRS2,PIK3CA,coherent
Irs2,Pik3ca,kidney,PT,324,0.0925925925925926,0.132716049382716,0.0246913580246914,0.00233216865683361,0.96664470383914,,,0.0566946505254677,0.903906781257676,7,0.986268888106902,0.987344330296846,hsa04910,Insulin signaling pathway,IRS2,PIK3CA,coherent
Pik3cd,Pdpk1,kidney,B_cell,189,0.0846560846560847,0.0687830687830688,0.00529100529100529,0.00296555482675477,0.96769509524977,,,0.0201045346398168,0.979895465360183,4,0.986268888106902,0.998689735763778,hsa04910,Insulin signaling pathway,PIK3CD,PDPK1,coherent
Sos1,Kras,kidney,T_cell,345,0.0463768115942029,0.153623188405797,0.00579710144927536,-0.00218480328036375,0.96774737148039,,,-0.560034771445434,0.247772200335407,6,0.986268888106902,0.830500206859146,hsa04068,FoxO signaling pathway,SOS1,KRAS,coherent
Sos1,Kras,kidney,T_cell,345,0.0463768115942029,0.153623188405797,0.00579710144927536,-0.00218480328036375,0.96774737148039,,,-0.560034771445434,0.247772200335407,6,0.986268888106902,0.830500206859146,hsa04910,Insulin signaling pathway,SOS1,KRAS,coherent
Rps6kb2,Rps6,kidney,cDC,152,0.0328947368421053,0.986842105263158,0.0328947368421053,0.0033068911850398,0.967747406640106,,,-0.717301136145291,0.282698863854709,4,0.986268888106902,0.830500206859146,hsa04066,HIF-1 signaling pathway,RPS6KB2,RPS6,discordant
Rps6kb2,Rps6,kidney,cDC,152,0.0328947368421053,0.986842105263158,0.0328947368421053,0.0033068911850398,0.967747406640106,,,-0.717301136145291,0.282698863854709,4,0.986268888106902,0.830500206859146,hsa04371,Apelin signaling pathway,RPS6KB2,RPS6,discordant
Rps6kb2,Rps6,kidney,cDC,152,0.0328947368421053,0.986842105263158,0.0328947368421053,0.0033068911850398,0.967747406640106,,,-0.717301136145291,0.282698863854709,4,0.986268888106902,0.830500206859146,hsa04910,Insulin signaling pathway,RPS6KB2,RPS6,discordant
Pdpk1,Akt1,kidney,T_cell,345,0.0869565217391304,0.0840579710144928,0.00869565217391304,-0.00204327980920641,0.969835551802863,,,-0.798084077745084,0.0570389994109156,6,0.986823117200684,0.699649146351762,hsa04068,FoxO signaling pathway,PDPK1,AKT1,coherent
Pdpk1,Akt1,kidney,T_cell,345,0.0869565217391304,0.0840579710144928,0.00869565217391304,-0.00204327980920641,0.969835551802863,,,-0.798084077745084,0.0570389994109156,6,0.986823117200684,0.699649146351762,hsa04152,AMPK signaling pathway,PDPK1,AKT1,coherent
Pdpk1,Akt1,kidney,T_cell,345,0.0869565217391304,0.0840579710144928,0.00869565217391304,-0.00204327980920641,0.969835551802863,,,-0.798084077745084,0.0570389994109156,6,0.986823117200684,0.699649146351762,hsa04910,Insulin signaling pathway,PDPK1,AKT1,coherent
Pdpk1,Akt1,kidney,cDC,152,0.111842105263158,0.223684210526316,0.0263157894736842,-0.00291114929391818,0.971605412052437,,,0.217616031207254,0.782383968792746,4,0.986977053468901,0.964429102117725,hsa04068,FoxO signaling pathway,PDPK1,AKT1,coherent
Pdpk1,Akt1,kidney,cDC,152,0.111842105263158,0.223684210526316,0.0263157894736842,-0.00291114929391818,0.971605412052437,,,0.217616031207254,0.782383968792746,4,0.986977053468901,0.964429102117725,hsa04152,AMPK signaling pathway,PDPK1,AKT1,coherent
Pdpk1,Akt1,kidney,cDC,152,0.111842105263158,0.223684210526316,0.0263157894736842,-0.00291114929391818,0.971605412052437,,,0.217616031207254,0.782383968792746,4,0.986977053468901,0.964429102117725,hsa04910,Insulin signaling pathway,PDPK1,AKT1,coherent
Ppargc1a,Tfam,kidney,LoH,163,0.116564417177914,0.147239263803681,0.0184049079754601,-0.00266405468492341,0.973075968208776,,,-0.152614530432611,0.772855491737459,6,0.986977053468901,0.964429102117725,hsa04371,Apelin signaling pathway,PPARGC1A,TFAM,discordant
Hras,Pik3r2,kidney,Macrophage,907,0.0793825799338479,0.0242557883131202,0.00220507166482911,-0.00105164740998004,0.974768547372752,,,-0.651403233852328,0.112963600142563,7,0.987126944169871,0.747384535923108,hsa04211,Longevity regulating pathway,HRAS,PIK3R2,coherent
Prkaa2,Ppargc1a,kidney,LoH,163,0.177914110429448,0.116564417177914,0.0306748466257669,-0.00183377907422267,0.981465240880483,,,0.924887673471473,0.00825090571955853,6,0.989668284229522,0.699649146351762,hsa04152,AMPK signaling pathway,PRKAA2,PPARGC1A,discordant
Prkaa2,Ppargc1a,kidney,LoH,163,0.177914110429448,0.116564417177914,0.0306748466257669,-0.00183377907422267,0.981465240880483,,,0.924887673471473,0.00825090571955853,6,0.989668284229522,0.699649146351762,hsa04371,Apelin signaling pathway,PRKAA2,PPARGC1A,discordant
Foxo3,Gadd45a,kidney,PT,324,0.135802469135802,0.175925925925926,0.0401234567901235,0.00128631906658725,0.981599009705631,-0.00549450549450549,0.992769768768747,0.779093707300924,0.0389532382360338,7,0.989668284229522,0.699649146351762,hsa04068,FoxO signaling pathway,FOXO3,GADD45A,discordant
Akt1,Ppp1cb,kidney,B_cell,189,0.0793650793650794,0.142857142857143,0.0211640211640212,0.0015658634906687,0.982939124017191,,,0.905062576587786,0.0949374234122138,4,0.989668284229522,0.747384535923108,hsa04910,Insulin signaling pathway,AKT1,PPP1CB,discordant
Pik3cd,Pdpk1,kidney,T_cell,345,0.185507246376812,0.0869565217391304,0.0202898550724638,0.00111930824243783,0.983473177598977,,,0.406706733226789,0.423576655131929,6,0.989668284229522,0.874109118061882,hsa04910,Insulin signaling pathway,PIK3CD,PDPK1,coherent
Stk11,Prkaa2,kidney,B_cell,189,0.132275132275132,0.0317460317460317,0.0105820105820106,0.00105944611784539,0.988456324660739,,,-0.149512763670238,0.850487236329762,4,0.991682308685038,0.972521980127868,hsa04068,FoxO signaling pathway,STK11,PRKAA2,coherent
Stk11,Prkaa2,kidney,B_cell,189,0.132275132275132,0.0317460317460317,0.0105820105820106,0.00105944611784539,0.988456324660739,,,-0.149512763670238,0.850487236329762,4,0.991682308685038,0.972521980127868,hsa04211,Longevity regulating pathway,STK11,PRKAA2,coherent
Prkcz,Srebf1,kidney,LoH,163,0.190184049079755,0.0736196319018405,0.0245398773006135,-0.00112995472257448,0.988578451693849,,,-0.00781692851183351,0.988274846056501,6,0.991682308685038,0.998689735763778,hsa04910,Insulin signaling pathway,PRKCZ,SREBF1,coherent
Ppp1cb,Calm1,kidney,T_cell,345,0.16231884057971,0.765217391304348,0.139130434782609,-0.000472453582348656,0.993023714946025,0.168475900998697,0.251493675468852,0.149646042433539,0.777206518448991,6,0.994580178449075,0.964429102117725,hsa04910,Insulin signaling pathway,PPP1CB,CALM1,discordant
Hras,Pik3ca,kidney,B_cell,189,0.116402116402116,0.0793650793650794,0.0105820105820106,-6.70117329701434e-05,0.999269818124,,,-0.0012041438915066,0.998795856108493,4,0.999269818124,0.998795856108493,hsa04211,Longevity regulating pathway,HRAS,PIK3CA,discordant
