mouse,cell_type,tissue,n_ctl,n_stz,cell_log2FC,pct_STZ,pct_Control,cell_p,cell_BH,pb_logFC,pb_P,pb_FDR,human,human_logFC,human_P,human_DE,cell_concordant,pb_concordant
Ppp2ca,B_cell,liver,4103,3283,-0.385056916392969,0.23,0.388,2.08858569761391e-29,1.04429284880695e-27,-0.379021936645588,0.00210436295804862,0.316986844177838,PPP2CA,,,FALSE,FALSE,FALSE
Stk11,B_cell,liver,4103,3283,-0.493316599055036,0.101,0.2,1.6439158883949e-25,4.10978972098726e-24,-0.457560437049434,0.00151338085500419,0.280299929427805,STK11,0.354251480632152,0.0153103974501462,TRUE,FALSE,FALSE
Rheb,B_cell,liver,4103,3283,-0.243382711580646,0.167,0.271,9.13951420137871e-18,1.52325236689645e-16,-0.254295468617397,0.0515547029899168,0.682324219027144,RHEB,0.000762141165105317,0.994533538297037,FALSE,FALSE,FALSE
Ppp2r5a,B_cell,liver,4103,3283,-0.239247283591879,0.177,0.275,3.29359170526916e-15,4.11698963158645e-14,-0.200411841066896,0.0824669392127109,0.745642793421944,PPP2R5A,-0.262441936043039,0.00882731769154429,TRUE,TRUE,FALSE
Irs2,B_cell,liver,4103,3283,-0.155683110018451,0.373,0.509,6.73626559609172e-15,6.73626559609172e-14,-0.0555690957030593,0.734743260226334,0.972000673451282,IRS2,-0.584420274513232,0.00290962468594569,TRUE,TRUE,FALSE
Rab2a,B_cell,liver,4103,3283,-0.132063149882113,0.194,0.296,2.05095031764537e-14,1.70912526470448e-13,-0.0760317012395521,0.506659790856189,0.931517461294407,RAB2A,0.120861387341921,0.355798580095796,FALSE,FALSE,FALSE
Hmgcr,B_cell,liver,4103,3283,-0.244721742184295,0.086,0.15,9.04019045507567e-14,6.45727889648262e-13,-0.252920057266715,0.072906434398612,0.743526171364124,HMGCR,0.322114208989851,0.265480328108024,FALSE,FALSE,FALSE
Sirt1,B_cell,liver,4103,3283,-0.413830705813613,0.087,0.149,1.08645292958493e-13,6.79033080990579e-13,-0.293121129978635,0.0988018364320776,0.757162287579854,SIRT1,-0.389065828328134,0.0044363570263749,TRUE,TRUE,FALSE
Ppp2r2a,B_cell,liver,4103,3283,-0.199186063087314,0.178,0.27,1.77747166011096e-13,9.87484255617201e-13,-0.157512337535077,0.198843228335618,0.825300067552226,PPP2R2A,-0.108782601530249,0.158420652705628,FALSE,FALSE,FALSE
Cab39,B_cell,liver,4103,3283,-0.121890046123645,0.145,0.223,6.64690630439803e-12,3.32345315219902e-11,-0.0876239495607976,0.51095226489492,0.934060130328054,CAB39,0.0995298512419271,0.262092054253262,FALSE,FALSE,FALSE
Pfkl,B_cell,liver,4103,3283,-0.269887669555024,0.067,0.118,1.24688677406498e-11,5.66766715484084e-11,-0.316456324862809,0.0735289793314478,0.745340824002752,PFKL,0.412788409607824,0.00375888054431156,TRUE,FALSE,FALSE
Rps6kb1,B_cell,liver,4103,3283,-0.217717660094119,0.107,0.17,1.52584712370787e-11,6.35769634878279e-11,-0.162248561744782,0.265855473075026,0.857619909025258,RPS6KB1,-0.0150524871094566,0.834304342285709,FALSE,FALSE,FALSE
Rab10,B_cell,liver,4103,3283,-0.0171108022169953,0.173,0.252,6.78776164524912e-10,2.61067755586505e-09,-0.0287574020421398,0.800479645153633,0.980618672291007,RAB10,,,FALSE,FALSE,FALSE
Pik3ca,B_cell,liver,4103,3283,-0.176511645023854,0.081,0.131,1.24321847465627e-09,4.44006598091524e-09,-0.0860007059789728,0.626260267048094,0.960605909315096,PIK3CA,-0.194162266153804,0.025007761246042,TRUE,TRUE,FALSE
Pdpk1,B_cell,liver,4103,3283,-0.174106391404811,0.072,0.117,2.04689801730666e-09,6.82299339102221e-09,-0.118481197793621,0.464374512169654,0.916615928705908,PDPK1,0.153466221786299,0.018028233353959,TRUE,FALSE,FALSE
Ppp2r1a,B_cell,liver,4103,3283,-0.125136764836498,0.087,0.135,1.01314344804381e-08,3.16607327513691e-08,-0.111327599339745,0.44119782911519,0.910276473611717,PPP2R1A,0.348763030574157,0.00116430586290843,TRUE,FALSE,FALSE
Rab14,B_cell,liver,4103,3283,-0.0153210019687043,0.288,0.399,1.13195075208003e-08,3.32926691788244e-08,-0.0242634738861867,0.829001223268606,0.985789978188079,RAB14,-0.0725879174061108,0.493282542838044,FALSE,FALSE,FALSE
Ppp2r5c,B_cell,liver,4103,3283,-0.0940696091758042,0.093,0.142,1.23576235930156e-08,3.43267322028211e-08,-0.0161670857137316,0.91118047839876,0.995111324019953,PPP2R5C,-0.214695257186268,0.0541914902763123,FALSE,FALSE,FALSE
Rab8a,B_cell,liver,4103,3283,-0.00286102349300156,0.173,0.247,2.16426204700107e-08,5.64860850338151e-08,-0.0184185722453535,0.885566741422902,0.992108730169681,RAB8A,,,FALSE,FALSE,FALSE
Adipor2,B_cell,liver,4103,3283,-0.121727667671799,0.068,0.109,2.25944340135261e-08,5.64860850338151e-08,-0.105408746349705,0.497480359034408,0.928340835425934,ADIPOR2,0.0715962771728451,0.531210570140672,FALSE,FALSE,FALSE
Crtc2,B_cell,liver,4103,3283,-0.268802533220171,0.04,0.071,9.70159329388268e-08,2.30990316521016e-07,-0.331713221698761,0.0915367791407252,0.748135739984094,CRTC2,,,FALSE,FALSE,FALSE
Eef2,B_cell,liver,4103,3283,-0.0807592848606475,0.765,0.9,6.71314532127768e-07,1.52571484574493e-06,-0.0588826654291474,0.579679951493121,0.947671556660632,EEF2,0.448462726762021,0.00104406663485494,TRUE,FALSE,FALSE
Pik3cd,B_cell,liver,4103,3283,0.0148100305294676,0.097,0.143,9.75019380807379e-07,2.11960734958126e-06,-0.0177151852652819,0.894700327678237,0.992273620561228,PIK3CD,0.187312414207718,0.0479971366369964,TRUE,TRUE,FALSE
Pfkp,B_cell,liver,4103,3283,-0.104685290632412,0.043,0.069,3.84364549262502e-06,8.00759477630213e-06,-0.0857316730150114,0.658919490745004,0.964681783196447,PFKP,0.201971206322531,0.00645525341532389,TRUE,FALSE,FALSE
Rab11b,B_cell,liver,4103,3283,0.0584693670676517,0.15,0.207,5.23591066725904e-06,1.04718213345181e-05,-0.0017578976904554,0.988647528416209,0.999879432382682,RAB11B,-0.128979335643103,0.0848864845380073,FALSE,FALSE,FALSE
Tsc1,B_cell,liver,4103,3283,-0.12278897280868,0.049,0.077,7.07129690695693e-06,1.35986478979941e-05,-0.0528105966172211,0.774253096446946,0.975699207787895,TSC1,-0.202386421851348,0.034493511696181,TRUE,TRUE,FALSE
Adipor1,B_cell,liver,4103,3283,0.119235441334887,0.145,0.198,7.92855909298361e-06,1.46825168388585e-05,0.0992420228147199,0.435717100047909,0.907384858463287,ADIPOR1,0.0985079852008817,0.299828895869015,FALSE,FALSE,FALSE
Ppp2r5e,B_cell,liver,4103,3283,0.0484203540565364,0.065,0.097,8.88705407317757e-06,1.56873687125328e-05,-0.0153453143635763,0.925191779551827,0.995691005359427,PPP2R5E,-0.0251597625886988,0.835509017894403,FALSE,FALSE,FALSE
Ppp2r2d,B_cell,liver,4103,3283,0.00255087566393319,0.094,0.134,9.09867385326903e-06,1.56873687125328e-05,0.0199506652272505,0.883412599147138,0.992017198857632,PPP2R2D,0.119151396427903,0.165293952164548,FALSE,FALSE,FALSE
Ppp2cb,B_cell,liver,4103,3283,-0.164561858769427,0.049,0.076,9.56944834725639e-06,1.59490805787607e-05,-0.0949833308060802,0.585861047073014,0.948444949557496,PPP2CB,-0.154344495591139,0.139208474399713,FALSE,FALSE,FALSE
Akt1,B_cell,liver,4103,3283,-0.0852952233706468,0.04,0.064,1.61823063417179e-05,2.6100494099545e-05,-0.0799232584874113,0.660221653336997,0.965051226900975,AKT1,0.387089573539082,0.00343401055010987,TRUE,FALSE,FALSE
Fasn,B_cell,liver,4103,3283,-0.159898197145299,0.031,0.053,1.77851859754164e-05,2.77893530865881e-05,-0.196991613289218,0.311454524634231,0.869483239590441,FASN,0.69799363467585,0.0102285985406989,TRUE,FALSE,FALSE
Prkag1,B_cell,liver,4103,3283,-0.0316846768637646,0.05,0.076,3.6038364499198e-05,5.46035825745424e-05,-0.0932700398446291,0.605293870940482,0.956783478756395,PRKAG1,-0.0911617220470691,0.322923558463888,FALSE,FALSE,FALSE
Cab39l,B_cell,liver,4103,3283,0.0690974489800955,0.078,0.11,5.56866066407664e-05,8.18920685893624e-05,0.0596491018649842,0.690315453684707,0.966985092394024,CAB39L,0.0137396623132676,0.857025750656643,FALSE,FALSE,FALSE
Akt3,B_cell,liver,4103,3283,-0.0213798826593428,0.068,0.097,8.11231328941845e-05,0.000114996590144384,0.103079820127847,0.553521817234112,0.940882400138608,AKT3,-0.238769261788149,0.072397760239147,FALSE,FALSE,FALSE
Creb1,B_cell,liver,4103,3283,0.123840020293688,0.104,0.142,8.27975449039566e-05,0.000114996590144384,0.119613151474196,0.376850192135117,0.893627430043131,CREB1,-0.0788628754166012,0.27343317375151,FALSE,FALSE,FALSE
Pfkfb4,B_cell,liver,4103,3283,-0.0717897664582705,0.033,0.053,0.000138512951223696,0.000187179663815805,-0.0443565434550548,0.856280835488746,0.990111894710976,PFKFB4,0.131856641195354,0.00500148112903384,TRUE,FALSE,FALSE
Foxo1,B_cell,liver,4103,3283,0.099021327530232,0.248,0.32,0.000159331138829598,0.000206183185501804,0.161110109748121,0.188887087491826,0.8164490186519,FOXO1,-0.105403033427432,0.24841547187657,FALSE,FALSE,FALSE
Strada,B_cell,liver,4103,3283,0.0249910297120612,0.046,0.069,0.000160822884691407,0.000206183185501804,-0.00115130292974164,0.994525943328559,0.999879432382682,STRADA,0.0482638423255332,0.441561159337292,FALSE,FALSE,FALSE
Elavl1,B_cell,liver,4103,3283,0.115575495612529,0.117,0.155,0.000296433396553432,0.000370541745691791,0.0919143014135854,0.489610154551318,0.926219359148197,ELAVL1,0.00629859637126631,0.929732702059394,FALSE,FALSE,FALSE
Akt2,B_cell,liver,4103,3283,-0.0986949117782259,0.048,0.07,0.000317903932091509,0.000387687722062816,-0.0470762652553736,0.793349500690383,0.978081852590985,AKT2,0.272775905162288,0.0322680307039496,TRUE,FALSE,FALSE
Insr,B_cell,liver,4103,3283,-0.109585716726149,0.038,0.057,0.000462822283481097,0.000550978908906067,0.0143478664045618,0.948771277868522,0.997389732307642,INSR,0.169374111461339,0.175103061199346,FALSE,FALSE,FALSE
Foxo3,B_cell,liver,4103,3283,0.0429989526729773,0.041,0.061,0.00051205898658678,0.000595417426263698,0.0126187368175049,0.951614026530781,0.997389732307642,FOXO3,-0.258505148092882,0.0236771002828433,TRUE,FALSE,FALSE
Tbc1d1,B_cell,liver,4103,3283,0.12626008801948,0.16,0.204,0.000892629221161112,0.00101435138768308,0.111298650145547,0.374998452173855,0.892212789619192,TBC1D1,0.0427897471858399,0.548382850593194,FALSE,FALSE,FALSE
Camkk2,B_cell,liver,4103,3283,0.0858999289858398,0.043,0.061,0.00120399467886315,0.0013377718654035,0.0332615187267489,0.848742356367321,0.988473816537704,CAMKK2,0.506110584900416,0.00844909260690126,TRUE,TRUE,FALSE
Pik3r1,B_cell,liver,4103,3283,0.125894038006496,0.088,0.116,0.00148785352521684,0.001617232092627,0.211397278297212,0.214712456289889,0.83552674715697,PIK3R1,-0.146984642979826,0.44195620227449,FALSE,FALSE,FALSE
Eif4ebp1,B_cell,liver,4103,3283,0.00590444546613211,0.037,0.051,0.00309882777216975,0.00329662528954228,0.100727492561486,0.614350553476699,0.958729066642768,EIF4EBP1,0.0754219943218205,0.37388212514371,FALSE,FALSE,FALSE
Map3k7,B_cell,liver,4103,3283,0.0792537810548093,0.036,0.051,0.00358574452915999,0.00373515055120832,0.0273147113391627,0.889569539982641,0.992273620561228,MAP3K7,-0.0337117987684358,0.660626089455411,FALSE,FALSE,FALSE
Rps6kb2,B_cell,liver,4103,3283,0.202315127884236,0.041,0.05,0.0853181253895325,0.0870593116219719,0.219128449166259,0.275405396772806,0.860270608557018,RPS6KB2,0.257949387042562,0.0194903632172992,TRUE,FALSE,FALSE
Pck2,B_cell,liver,4103,3283,0.597003140904834,0.062,0.061,0.528497912213478,0.528497912213478,0.612804368571148,0.00103460208523421,0.252250940979378,PCK2,0.0144772473306067,0.912081693834765,FALSE,FALSE,FALSE
Ppargc1a,Cholangiocyte,liver,164,472,-1.53299691428812,0.114,0.317,1.96275477172419e-09,1.78610684226901e-07,-1.02773068266401,0.0159695273394242,0.517858347025421,PPARGC1A,-0.612471761557638,0.000603487342297342,TRUE,TRUE,TRUE
Adipor1,Cholangiocyte,liver,164,472,-0.371607071176859,0.301,0.585,3.01369893106914e-08,1.04122872647971e-06,-0.499578886637286,0.0275501390582574,0.618261630481716,ADIPOR1,0.0985079852008817,0.299828895869015,FALSE,FALSE,FALSE
Igf1,Cholangiocyte,liver,164,472,-0.121389447732365,0.258,0.53,3.43262217520785e-08,1.04122872647971e-06,-0.358314359041526,0.224490976320879,0.877965477847734,IGF1,-0.750196331507432,0.0163841211440685,TRUE,TRUE,FALSE
Ppp2r5a,Cholangiocyte,liver,164,472,-0.235880919652554,0.379,0.665,1.12761043096153e-07,2.56531373043749e-06,-0.285392317337866,0.15645651386629,0.835075534106686,PPP2R5A,-0.262441936043039,0.00882731769154429,TRUE,TRUE,FALSE
Creb5,Cholangiocyte,liver,164,472,-0.0570602014815742,0.104,0.268,5.70617198824652e-07,1.03852330186087e-05,-0.71214910765276,0.0989476887373441,0.775701268425872,CREB5,-0.0557779584602364,0.459938075024634,FALSE,FALSE,FALSE
Ppp2r2a,Cholangiocyte,liver,164,472,-0.524882732390141,0.263,0.494,1.10893982666497e-06,1.50944020128951e-05,-0.28353311833971,0.194885614524553,0.853934238542168,PPP2R2A,-0.108782601530249,0.158420652705628,FALSE,FALSE,FALSE
Crtc2,Cholangiocyte,liver,164,472,-0.798971916781743,0.061,0.195,1.17800727355932e-06,1.50944020128951e-05,,,,CRTC2,,,FALSE,FALSE,FALSE
Rheb,Cholangiocyte,liver,164,472,-0.212251012768244,0.424,0.701,1.32698039673803e-06,1.50944020128951e-05,-0.171499571268823,0.32279331402612,0.89759249676178,RHEB,0.000762141165105317,0.994533538297037,FALSE,FALSE,FALSE
Srebf1,Cholangiocyte,liver,164,472,-0.721992455232766,0.169,0.36,1.58556929197385e-06,1.60318672855134e-05,-0.338635059660829,0.234579454708939,0.884047544989581,SREBF1,0.435480157850608,0.0261960327030443,TRUE,FALSE,FALSE
Insr,Cholangiocyte,liver,164,472,-0.427435248327674,0.159,0.341,3.26985965285846e-06,2.76540410347273e-05,-0.374568339506944,0.158212656270482,0.835488618358721,INSR,0.169374111461339,0.175103061199346,FALSE,FALSE,FALSE
Cpt1a,Cholangiocyte,liver,164,472,-0.353326841216138,0.206,0.415,3.34279616903297e-06,2.76540410347273e-05,-0.456881678950859,0.110202483902078,0.793935099087746,CPT1A,0.227443438987381,0.0910342838314238,FALSE,FALSE,FALSE
Pparg,Cholangiocyte,liver,164,472,-2.56761152652493,0.006,0.061,5.67647679706916e-06,4.30466157111078e-05,,,,PPARG,0.14873252430513,0.210592958883288,FALSE,FALSE,FALSE
Stk11,Cholangiocyte,liver,164,472,-0.359281041402051,0.275,0.488,6.65800567580562e-06,4.66060397306393e-05,-0.260591930529657,0.195062139125709,0.853934238542168,STK11,0.354251480632152,0.0153103974501462,TRUE,FALSE,FALSE
Creb3l1,Cholangiocyte,liver,164,472,-0.820249824830679,0.104,0.244,1.99282588237665e-05,0.000129533682354483,-0.488312032139892,0.169301960536472,0.842022879762709,CREB3L1,-0.0156723866492066,0.832462032154336,FALSE,FALSE,FALSE
Rab14,Cholangiocyte,liver,164,472,-0.12515749291194,0.625,0.963,4.75070125877521e-05,0.00028820920969903,-0.0815199492487354,0.549774034688179,0.950439833733912,RAB14,-0.0725879174061108,0.493282542838044,FALSE,FALSE,FALSE
Ppp2r2d,Cholangiocyte,liver,164,472,-0.225742317892213,0.22,0.402,7.40052260099168e-05,0.000420904722931402,-0.0616471409530083,0.793125600634243,0.98142788365564,PPP2R2D,0.119151396427903,0.165293952164548,FALSE,FALSE,FALSE
Rab10,Cholangiocyte,liver,164,472,-0.0372128401283869,0.415,0.64,0.000104047729866862,0.000556102515544353,-0.105663685050526,0.534996906852174,0.949074722454564,RAB10,,,FALSE,FALSE,FALSE
Irs2,Cholangiocyte,liver,164,472,-0.0997662144718408,0.129,0.256,0.000109998299778004,0.000556102515544353,-0.453285466471792,0.193526028675218,0.853934238542168,IRS2,-0.584420274513232,0.00290962468594569,TRUE,TRUE,FALSE
Foxo3,Cholangiocyte,liver,164,472,0.0141806758961061,0.214,0.378,0.000187650443198521,0.000895680548018888,0.144669076620144,0.55961552577981,0.950439833733912,FOXO3,-0.258505148092882,0.0236771002828433,TRUE,FALSE,FALSE
Rab11b,Cholangiocyte,liver,164,472,0.0885492553411241,0.409,0.665,0.000196852867696459,0.000895680548018888,-0.0939894827636847,0.578767795176412,0.950439833733912,RAB11B,-0.128979335643103,0.0848864845380073,FALSE,FALSE,FALSE
Pfkp,Cholangiocyte,liver,164,472,-0.444451814129684,0.182,0.323,0.000316937825692951,0.00137339724466946,-0.331895523307797,0.246448309895746,0.888437237121581,PFKP,0.201971206322531,0.00645525341532389,TRUE,FALSE,FALSE
Ppp2cb,Cholangiocyte,liver,164,472,-0.132749328841717,0.174,0.323,0.000373847245989615,0.00154636815386613,-0.00442006744761537,0.987156993528532,0.999369942825694,PPP2CB,-0.154344495591139,0.139208474399713,FALSE,FALSE,FALSE
Rab2a,Cholangiocyte,liver,164,472,-0.0951989866586609,0.583,0.86,0.000413950270936228,0.00157888690118646,0.0830053245786467,0.586531518262384,0.950704456817799,RAB2A,0.120861387341921,0.355798580095796,FALSE,FALSE,FALSE
Ppp2r3a,Cholangiocyte,liver,164,472,-0.172748291224162,0.199,0.354,0.000416409732181045,0.00157888690118646,-0.0633838655993746,0.831269372939162,0.987929685776599,PPP2R3A,-0.0812689650985154,0.428087382487469,FALSE,FALSE,FALSE
Lipe,Cholangiocyte,liver,164,472,-2.25147344241212,0.015,0.067,0.000496594626848863,0.00180760444172986,,,,LIPE,0.0340270585471342,0.616554915631368,FALSE,FALSE,FALSE
Creb3l2,Cholangiocyte,liver,164,472,-0.323324679252248,0.182,0.323,0.000566453577614235,0.00198258752164982,-0.0631411584980306,0.815580017170335,0.983340285230208,CREB3L2,0.109043372225875,0.405380258924797,FALSE,FALSE,FALSE
Prkab2,Cholangiocyte,liver,164,472,-0.45190202463208,0.044,0.122,0.000691997640381576,0.00233228834350827,,,,PRKAB2,-0.164901188264764,0.0594438901536121,FALSE,FALSE,FALSE
Pik3r1,Cholangiocyte,liver,164,472,0.246968549340941,0.278,0.457,0.00074926928623863,0.00243512518027555,-0.0318335870400389,0.915619153551844,0.995676753430132,PIK3R1,-0.146984642979826,0.44195620227449,FALSE,FALSE,FALSE
Pfkl,Cholangiocyte,liver,164,472,-0.182070336326218,0.233,0.378,0.00109074274491509,0.00342267550990596,-0.0571662136928354,0.807256014074541,0.983340285230208,PFKL,0.412788409607824,0.00375888054431156,TRUE,FALSE,FALSE
Ppp2r1a,Cholangiocyte,liver,164,472,0.0627999511742948,0.354,0.543,0.00119849144778457,0.00363542405827985,0.0607200048474492,0.746488287016039,0.977146497684539,PPP2R1A,0.348763030574157,0.00116430586290843,TRUE,TRUE,FALSE
Map3k7,Cholangiocyte,liver,164,472,-0.031758669674389,0.087,0.183,0.0015181973367599,0.0044504380858817,-0.224840332876416,0.590435614971674,0.950704456817799,MAP3K7,-0.0337117987684358,0.660626089455411,FALSE,FALSE,FALSE
Pik3r2,Cholangiocyte,liver,164,472,0.117803672028604,0.121,0.232,0.00156498921701334,0.0044504380858817,-0.151402071019067,0.6470937924675,0.957568759101947,PIK3R2,0.268794809673499,0.00604856153799963,TRUE,TRUE,FALSE
Fasn,Cholangiocyte,liver,164,472,-0.377522668033665,0.176,0.299,0.00182835509954466,0.00504182769874437,0.0654600879936374,0.814821265351685,0.983340285230208,FASN,0.69799363467585,0.0102285985406989,TRUE,FALSE,FALSE
Prkag2,Cholangiocyte,liver,164,472,-0.68018126939349,0.042,0.11,0.00191876096232855,0.00513550728152642,,,,PRKAG2,0.144334536180236,0.179142511226382,FALSE,FALSE,FALSE
Ppp2r2b,Cholangiocyte,liver,164,472,-0.210978119808952,0.203,0.341,0.0025232511673132,0.00656045303501431,0.0752733036296056,0.757985846737126,0.977942109184645,PPP2R2B,-0.262770074648551,0.0978848374373925,FALSE,FALSE,FALSE
Ppp2ca,Cholangiocyte,liver,164,472,0.0221350174722066,0.479,0.701,0.00280572834947989,0.0070922577722964,0.050114923003922,0.74633601009714,0.977146497684539,PPP2CA,,,FALSE,FALSE,FALSE
Ppp2r5e,Cholangiocyte,liver,164,472,0.240980188919851,0.248,0.409,0.00289122733708732,0.00711085642364719,0.100572178733179,0.651886905178281,0.957982768371876,PPP2R5E,-0.0251597625886988,0.835509017894403,FALSE,FALSE,FALSE
Ccnd1,Cholangiocyte,liver,164,472,0.925235674698117,0.667,0.726,0.00329480835502484,0.00789019895545422,1.09527899016613,0.000640595870167237,0.116685250545614,CCND1,0.8031084765255,0.00074921048132828,TRUE,TRUE,TRUE
Fbp1,Cholangiocyte,liver,164,472,-2.0353755091793,0.023,0.085,0.00393694847496931,0.00918621310826173,,,,FBP1,0.619906449388021,0.00253757287048046,TRUE,FALSE,FALSE
Ppp2r3c,Cholangiocyte,liver,164,472,-0.414893562863072,0.1,0.189,0.00415917921068291,0.00946213270430363,-0.171446470027567,0.637936231759795,0.957446499043547,PPP2R3C,-0.151989920023,0.276422292168939,FALSE,FALSE,FALSE
Cab39,Cholangiocyte,liver,164,472,-0.0687940400000863,0.305,0.463,0.00428969752634236,0.00952103597310133,0.0341756022503328,0.863903010890274,0.992900034483354,CAB39,0.0995298512419271,0.262092054253262,FALSE,FALSE,FALSE
Creb1,Cholangiocyte,liver,164,472,-0.0521189729983567,0.144,0.244,0.00488812165695465,0.0105909302567351,0.0298635986473149,0.938889797961901,0.997495455848438,CREB1,-0.0788628754166012,0.27343317375151,FALSE,FALSE,FALSE
Pck2,Cholangiocyte,liver,164,472,-0.125082243436552,0.127,0.226,0.00533324923737104,0.0112866437349015,-0.1913812784096,0.573957094929858,0.950439833733912,PCK2,0.0144772473306067,0.912081693834765,FALSE,FALSE,FALSE
Rps6kb2,Cholangiocyte,liver,164,472,-0.315489422351488,0.055,0.116,0.00556895494040728,0.0115176113540241,,,,RPS6KB2,0.257949387042562,0.0194903632172992,TRUE,FALSE,FALSE
Akt2,Cholangiocyte,liver,164,472,-0.0248436346319869,0.146,0.25,0.00578051729631627,0.0116894905325507,0.0420418614936469,0.877595665925575,0.992900034483354,AKT2,0.272775905162288,0.0322680307039496,TRUE,FALSE,FALSE
G6pc3,Cholangiocyte,liver,164,472,-0.132289111487359,0.199,0.323,0.00607124490580691,0.012010506226705,0.185267999253866,0.534044097688137,0.948685170140648,G6PC3,0.0114334505189842,0.862668473837378,FALSE,FALSE,FALSE
Sirt1,Cholangiocyte,liver,164,472,-0.368817497512886,0.125,0.213,0.00647687437255168,0.0125403312319618,-0.405150526354775,0.163239690620174,0.837459251658463,SIRT1,-0.389065828328134,0.0044363570263749,TRUE,TRUE,FALSE
Hmgcr,Cholangiocyte,liver,164,472,0.056860285373932,0.28,0.409,0.00863480896617847,0.0163414192550395,0.185487634112008,0.567674539922113,0.950439833733912,HMGCR,0.322114208989851,0.265480328108024,FALSE,FALSE,FALSE
Ulk1,Cholangiocyte,liver,164,472,-0.817506462080804,0.125,0.207,0.00879922575271359,0.0163414192550395,-0.1491613898881,0.67324817422332,0.964313130078428,ULK1,0.471039299127842,6.64395450049281e-05,TRUE,FALSE,FALSE
Foxo1,Cholangiocyte,liver,164,472,-0.178795486347758,0.121,0.22,0.0109673261110721,0.0199605335221513,-0.102261749018069,0.723570610275055,0.974263092861662,FOXO1,-0.105403033427432,0.24841547187657,FALSE,FALSE,FALSE
Eef2k,Cholangiocyte,liver,164,472,-0.163943113705108,0.106,0.183,0.0113647251003895,0.0202782349830479,-0.266654115360371,0.45534295982877,0.928418129526985,EEF2K,,,FALSE,FALSE,FALSE
Eif4ebp1,Cholangiocyte,liver,164,472,0.126955884437693,0.246,0.366,0.0118311913230881,0.0207045848154041,0.218235658353606,0.34215190215372,0.900182287477637,EIF4EBP1,0.0754219943218205,0.37388212514371,FALSE,FALSE,FALSE
Creb3,Cholangiocyte,liver,164,472,-0.177062071473531,0.203,0.305,0.0123780143707278,0.0212528171270987,-0.00575858970755642,0.98306827393892,0.999264033518319,CREB3,0.303800603180914,0.00138677189848469,TRUE,FALSE,FALSE
Pik3ca,Cholangiocyte,liver,164,472,-0.348636625988501,0.131,0.213,0.01491758460885,0.0251388925815806,-0.16451097399518,0.669001709572468,0.963669990090843,PIK3CA,-0.194162266153804,0.025007761246042,TRUE,TRUE,FALSE
Elavl1,Cholangiocyte,liver,164,472,0.179332715998683,0.28,0.421,0.0174225693271176,0.0288264328866855,0.318895635157107,0.22586634509873,0.877965477847734,ELAVL1,0.00629859637126631,0.929732702059394,FALSE,FALSE,FALSE
Ppp2r3d,Cholangiocyte,liver,164,472,-0.228551944538725,0.074,0.14,0.0186708919987851,0.0303401994980258,,,,PPP2R3B,0.276953635505095,0.00063525508853722,TRUE,FALSE,FALSE
Adipor2,Cholangiocyte,liver,164,472,0.305103932044047,0.29,0.427,0.0195796066490507,0.0312586702642739,0.220949280496844,0.314039378070094,0.89759249676178,ADIPOR2,0.0715962771728451,0.531210570140672,FALSE,FALSE,FALSE
Prkag1,Cholangiocyte,liver,164,472,0.246088013279337,0.214,0.323,0.020647599815354,0.0323781419214791,0.169221650267103,0.497985195336034,0.941072324804304,PRKAG1,-0.0911617220470691,0.322923558463888,FALSE,FALSE,FALSE
Acaca,Cholangiocyte,liver,164,472,-0.26859306723784,0.064,0.122,0.0209924216853546,0.0323781419214791,,,,ACACA,0.07726357893715,0.585139303512386,FALSE,FALSE,FALSE
Ppp2r5d,Cholangiocyte,liver,164,472,0.0509661546034796,0.081,0.146,0.0228424246184139,0.0346443440045944,,,,PPP2R5D,0.0418634535766595,0.545552937261772,FALSE,FALSE,FALSE
Cab39l,Cholangiocyte,liver,164,472,0.157387167570102,0.189,0.293,0.0299162435625339,0.0446291502326325,0.115705253574342,0.722073850977816,0.973746697943095,CAB39L,0.0137396623132676,0.857025750656643,FALSE,FALSE,FALSE
Mlycd,Cholangiocyte,liver,164,472,-0.289414304611081,0.133,0.201,0.0454200870501109,0.0666649664767756,0.184781407342364,0.554017927864509,0.950439833733912,MLYCD,0.272131424826275,0.0291126278511173,TRUE,FALSE,FALSE
Akt1s1,Cholangiocyte,liver,164,472,0.201289136430462,0.182,0.268,0.0505949489979835,0.0730815929970872,0.319606459348319,0.298092752451805,0.896546737558134,AKT1S1,,,FALSE,FALSE,FALSE
Pdpk1,Cholangiocyte,liver,164,472,-0.164037076837624,0.182,0.262,0.0533219742388668,0.0758171821208887,0.0499801892492106,0.876002557675817,0.992900034483354,PDPK1,0.153466221786299,0.018028233353959,TRUE,FALSE,FALSE
Ppp2r5b,Cholangiocyte,liver,164,472,0.262154145310217,0.04,0.079,0.0558897641446914,0.078245669802568,,,,PPP2R5B,0.137412769860998,0.0300031487878973,TRUE,FALSE,FALSE
Akt1,Cholangiocyte,liver,164,472,0.212919225825924,0.269,0.372,0.0596192529454299,0.0820660045213631,0.224017957657638,0.375416693822572,0.909704152505041,AKT1,0.387089573539082,0.00343401055010987,TRUE,FALSE,FALSE
Prkab1,Cholangiocyte,liver,164,472,0.105030522382231,0.167,0.244,0.0604222231091355,0.0820660045213631,0.270914627864222,0.427328504298174,0.923433700563871,PRKAB1,0.0903291141903828,0.333050873638677,FALSE,FALSE,FALSE
Tsc1,Cholangiocyte,liver,164,472,0.474604542249176,0.093,0.152,0.0623054928992229,0.0833794096151365,0.0184802451932092,0.963413526253274,0.999264033518319,TSC1,-0.202386421851348,0.034493511696181,TRUE,FALSE,FALSE
Ppp2r5c,Cholangiocyte,liver,164,472,0.547861729861836,0.225,0.305,0.0981166353771642,0.128950338293355,0.345128664107444,0.263657660471702,0.891310652444023,PPP2R5C,-0.214695257186268,0.0541914902763123,FALSE,FALSE,FALSE
Tsc2,Cholangiocyte,liver,164,472,0.203611053420134,0.087,0.134,0.0991925679179657,0.128950338293355,0.0587108449013243,0.90123658709749,0.994634820407478,TSC2,0.360866737018733,0.0271776682330935,TRUE,FALSE,FALSE
Rps6kb1,Cholangiocyte,liver,164,472,-0.0525477992093175,0.18,0.244,0.10731870029072,0.137549320090923,0.213860714044833,0.397855980079938,0.914225264635007,RPS6KB1,-0.0150524871094566,0.834304342285709,FALSE,FALSE,FALSE
Igf1r,Cholangiocyte,liver,164,472,0.209466860637226,0.303,0.39,0.124487976932875,0.156893656018538,0.218578287306538,0.481320725755996,0.934342922213267,IGF1R,-0.148765271716842,0.133449327413096,FALSE,FALSE,FALSE
Camkk2,Cholangiocyte,liver,164,472,1.41957598128678,0.074,0.116,0.125859746036849,0.156893656018538,0.517988789041819,0.395202771425035,0.914225264635007,CAMKK2,0.506110584900416,0.00844909260690126,TRUE,FALSE,FALSE
Pik3cb,Cholangiocyte,liver,164,472,0.527890216501732,0.066,0.104,0.136877322601487,0.168322112928856,,,,PIK3CB,-0.0993069744440654,0.160710406845698,FALSE,FALSE,FALSE
Prkaa1,Cholangiocyte,liver,164,472,0.116517883261019,0.081,0.122,0.143877354524033,0.174571190155826,,,,PRKAA1,-0.0832174939496949,0.203035696208847,FALSE,FALSE,FALSE
Tbc1d1,Cholangiocyte,liver,164,472,-0.357324288234683,0.146,0.207,0.178639208598559,0.211131769734912,0.283495690866772,0.379513760690455,0.911460537214554,TBC1D1,0.0427897471858399,0.548382850593194,FALSE,FALSE,FALSE
Strada,Cholangiocyte,liver,164,472,1.47326991206506,0.072,0.043,0.178649959006464,0.211131769734912,,,,STRADA,0.0482638423255332,0.441561159337292,FALSE,FALSE,FALSE
Prkaa2,Cholangiocyte,liver,164,472,0.227008897688788,0.112,0.159,0.184423643394889,0.215160917294037,0.248468535754736,0.553976122166313,0.950439833733912,PRKAA2,0.2883315494399,0.0174833628632484,TRUE,FALSE,FALSE
Eef2,Cholangiocyte,liver,164,472,-0.0446369204584833,0.801,0.976,0.248116090613494,0.285804610706683,-0.05319206348935,0.71830788619233,0.973259375985945,EEF2,0.448462726762021,0.00104406663485494,TRUE,FALSE,FALSE
Stradb,Cholangiocyte,liver,164,472,0.386920487994624,0.068,0.098,0.306970343020704,0.34917876518605,,,,STRADB,,,FALSE,FALSE,FALSE
Rab8a,Cholangiocyte,liver,164,472,0.505970258392833,0.28,0.341,0.396803407785416,0.445791482820653,0.711204420852073,0.00725952417826008,0.391104759772131,RAB8A,,,FALSE,FALSE,FALSE
Mtor,Cholangiocyte,liver,164,472,0.401812005685389,0.083,0.104,0.43369647967884,0.481297312814322,,,,MTOR,0.0609980192311536,0.346097047602718,FALSE,FALSE,FALSE
Cidea,Cholangiocyte,liver,164,472,0.158074163123396,0.042,0.055,0.533260117515475,0.584658683059135,,,,CIDEA,0.0597006863584045,0.476809048614875,FALSE,FALSE,FALSE
Rptor,Cholangiocyte,liver,164,472,0.111556770134766,0.076,0.091,0.582720104908004,0.631280113650338,,,,RPTOR,,,FALSE,FALSE,FALSE
Hnf4a,Cholangiocyte,liver,164,472,0.310787408699964,0.087,0.104,0.604030014822334,0.646667427633322,,,,HNF4A,0.30625444596782,0.00865664236155255,TRUE,FALSE,FALSE
Pfkfb3,Cholangiocyte,liver,164,472,0.509534064191047,0.123,0.116,0.698091997387642,0.738678741421807,0.629742503201274,0.115520541723813,0.80201115490438,PFKFB3,-0.655569796012921,0.000127446028528339,TRUE,FALSE,FALSE
Cd36,Cholangiocyte,liver,164,472,0.462797067810766,0.199,0.201,0.817538677165508,0.855126662322543,0.824414791361154,0.00414220105169933,0.292757544117746,CD36,0.228255319331112,0.102088419969093,FALSE,FALSE,FALSE
Creb3l3,Cholangiocyte,liver,164,472,0.864467899949377,0.064,0.061,0.883952651274329,0.91408740074959,,,,CREB3L3,,,FALSE,FALSE,FALSE
Pfkm,Cholangiocyte,liver,164,472,1.20998352208093,0.051,0.049,0.903079151098855,0.923373064606694,,,,PFKM,-0.174352886444122,0.044645878124864,TRUE,FALSE,FALSE
Cftr,Cholangiocyte,liver,164,472,0.453151588543888,0.106,0.104,0.965886081005602,0.97661814857233,0.91430024604041,0.0649578412849107,0.746142334126058,CFTR,0.346053445795614,0.00848407975775739,TRUE,FALSE,FALSE
Gys1,Cholangiocyte,liver,164,472,0.927685447299906,0.057,0.055,0.995209127879425,0.995209127879425,,,,GYS1,-0.0716337209718613,0.296115180093984,FALSE,FALSE,FALSE
Creb3l2,HSC_Fibroblast,liver,234,1790,-0.876846853148849,0.144,0.474,3.92034800597578e-31,3.09707492472087e-29,-0.383212057196902,0.143552498736471,0.919682034055448,CREB3L2,0.109043372225875,0.405380258924797,FALSE,FALSE,FALSE
Ppp2r2a,HSC_Fibroblast,liver,234,1790,-0.548046215425805,0.16,0.487,5.6639365255573e-25,1.56722626760254e-23,-0.0705073084321756,0.687145003849632,0.975397007142861,PPP2R2A,-0.108782601530249,0.158420652705628,FALSE,FALSE,FALSE
Ppp2r5c,HSC_Fibroblast,liver,234,1790,-0.190002963364743,0.155,0.479,5.95149215545269e-25,1.56722626760254e-23,-0.317057981167,0.158832762209216,0.919682034055448,PPP2R5C,-0.214695257186268,0.0541914902763123,FALSE,FALSE,FALSE
Foxo1,HSC_Fibroblast,liver,234,1790,-1.52744724163363,0.107,0.393,3.4478482820843e-24,6.80950035711649e-23,-0.326023262188954,0.38438262601035,0.936780168221373,FOXO1,-0.105403033427432,0.24841547187657,FALSE,FALSE,FALSE
Creb5,HSC_Fibroblast,liver,234,1790,-0.471940785851616,0.198,0.534,1.49246786230084e-23,2.35809922243533e-22,-0.158973673236899,0.522054668320131,0.956142022484349,CREB5,-0.0557779584602364,0.459938075024634,FALSE,FALSE,FALSE
Irs2,HSC_Fibroblast,liver,234,1790,-0.689958423857412,0.241,0.62,1.2571101440912e-21,1.65519502305342e-20,0.0971421841777061,0.738592821731096,0.982798813889757,IRS2,-0.584420274513232,0.00290962468594569,TRUE,TRUE,FALSE
Akt2,HSC_Fibroblast,liver,234,1790,-0.215318759916735,0.144,0.419,1.52274235332765e-21,1.71852351304121e-20,-0.131172531857592,0.534757324941196,0.956722846107039,AKT2,0.272775905162288,0.0322680307039496,TRUE,FALSE,FALSE
Adipor1,HSC_Fibroblast,liver,234,1790,-0.120114245908315,0.175,0.47,1.59770873960359e-20,1.57085785725265e-19,-0.0451955377678947,0.84039150067765,0.988795246939305,ADIPOR1,0.0985079852008817,0.299828895869015,FALSE,FALSE,FALSE
Sirt1,HSC_Fibroblast,liver,234,1790,-0.661501422144353,0.105,0.338,1.78958490066758e-20,1.57085785725265e-19,-0.224024396179,0.423619239975872,0.94489881352001,SIRT1,-0.389065828328134,0.0044363570263749,TRUE,TRUE,FALSE
Rab10,HSC_Fibroblast,liver,234,1790,-0.0110481920005412,0.253,0.603,1.22626862006054e-18,9.68752209847826e-18,0.142062829170239,0.41268500736021,0.943338104476598,RAB10,,,FALSE,FALSE,FALSE
Ppp2r5d,HSC_Fibroblast,liver,234,1790,-0.404616965654959,0.044,0.192,3.12411195528575e-18,2.24368040425068e-17,-0.699234488687284,0.11002254781265,0.919682034055448,PPP2R5D,0.0418634535766595,0.545552937261772,FALSE,FALSE,FALSE
Creb3l1,HSC_Fibroblast,liver,234,1790,-0.978102664068747,0.077,0.256,1.11822829627299e-17,7.36166961713051e-17,-0.483809937727654,0.072424101640152,0.919682034055448,CREB3L1,-0.0156723866492066,0.832462032154336,FALSE,FALSE,FALSE
Pdpk1,HSC_Fibroblast,liver,234,1790,-0.474451293458437,0.091,0.303,2.28020023521529e-17,1.38566014293852e-16,-0.291927714621976,0.295051058860604,0.929272207214945,PDPK1,0.153466221786299,0.018028233353959,TRUE,FALSE,FALSE
Rheb,HSC_Fibroblast,liver,234,1790,0.0936203712409223,0.272,0.62,8.14819780150756e-17,4.59791161656498e-16,-0.0430243928827811,0.79337358885944,0.98616959329314,RHEB,0.000762141165105317,0.994533538297037,FALSE,FALSE,FALSE
Igf1r,HSC_Fibroblast,liver,234,1790,-0.229292022124069,0.169,0.423,2.20684956156724e-16,1.16227410242541e-15,0.0593598260996922,0.755973510476783,0.984610072913407,IGF1R,-0.148765271716842,0.133449327413096,FALSE,FALSE,FALSE
Rab2a,HSC_Fibroblast,liver,234,1790,-0.0360594388245377,0.387,0.816,5.07757500059674e-16,2.50705265654464e-15,0.144516779840678,0.371724987647499,0.935171025375429,RAB2A,0.120861387341921,0.355798580095796,FALSE,FALSE,FALSE
Cab39l,HSC_Fibroblast,liver,234,1790,-0.203867455958152,0.097,0.291,5.49541880219957e-16,2.5537534433751e-15,-0.00587322230973519,0.980199056120407,0.997919935739669,CAB39L,0.0137396623132676,0.857025750656643,FALSE,FALSE,FALSE
Pik3ca,HSC_Fibroblast,liver,234,1790,-0.578605693059584,0.091,0.274,4.608268664992e-15,2.02251791407982e-14,-0.16713783332469,0.495339678903797,0.950388440980989,PIK3CA,-0.194162266153804,0.025007761246042,TRUE,TRUE,FALSE
Pfkp,HSC_Fibroblast,liver,234,1790,-0.143243725868539,0.139,0.355,6.29217532628473e-15,2.6162202672447e-14,-0.132217175474825,0.490672122935365,0.950388440980989,PFKP,0.201971206322531,0.00645525341532389,TRUE,FALSE,FALSE
Stk11,HSC_Fibroblast,liver,234,1790,-0.0299117651996548,0.127,0.338,7.48650239432042e-15,2.95716844575657e-14,-0.10072198369511,0.669020162772529,0.975397007142861,STK11,0.354251480632152,0.0153103974501462,TRUE,FALSE,FALSE
Ppp2r1a,HSC_Fibroblast,liver,234,1790,0.272986664715628,0.153,0.38,4.48205309430625e-14,1.68610568785807e-13,0.0765213419256574,0.705210988587188,0.975703411219451,PPP2R1A,0.348763030574157,0.00116430586290843,TRUE,TRUE,FALSE
Rab8a,HSC_Fibroblast,liver,234,1790,0.0195243670905743,0.105,0.282,3.16668314873368e-13,1.13712713068164e-12,-0.105062938484714,0.691290967392079,0.975397007142861,RAB8A,,,FALSE,FALSE,FALSE
Rab14,HSC_Fibroblast,liver,234,1790,0.310127242429628,0.346,0.731,3.61626395082531e-13,1.20719035630195e-12,0.256948315208727,0.183941547460078,0.919682034055448,RAB14,-0.0725879174061108,0.493282542838044,FALSE,FALSE,FALSE
Ppp2ca,HSC_Fibroblast,liver,234,1790,0.303382317422249,0.291,0.611,3.66741374066414e-13,1.20719035630195e-12,0.258086637452025,0.261090783407301,0.929272207214945,PPP2CA,,,FALSE,FALSE,FALSE
Map3k7,HSC_Fibroblast,liver,234,1790,-0.29624161419149,0.077,0.231,6.88309579073662e-13,2.17505826987277e-12,-0.144703622763996,0.543164572719718,0.958852661390345,MAP3K7,-0.0337117987684358,0.660626089455411,FALSE,FALSE,FALSE
Eif4ebp1,HSC_Fibroblast,liver,234,1790,-0.0595539207272295,0.139,0.333,1.54026149251161e-12,4.68002530416988e-12,-0.0607994888786338,0.765205940735383,0.98616959329314,EIF4EBP1,0.0754219943218205,0.37388212514371,FALSE,FALSE,FALSE
Ppp2r3a,HSC_Fibroblast,liver,234,1790,-0.186010961198072,0.109,0.286,1.83046737798551e-12,5.35581195780946e-12,0.0740761904561284,0.794293413271704,0.98616959329314,PPP2R3A,-0.0812689650985154,0.428087382487469,FALSE,FALSE,FALSE
Elavl1,HSC_Fibroblast,liver,234,1790,-0.00226639483500612,0.119,0.291,2.44170651789354e-12,6.88910053262819e-12,0.265515427759697,0.351987192744284,0.932575246385097,ELAVL1,0.00629859637126631,0.929732702059394,FALSE,FALSE,FALSE
Creb1,HSC_Fibroblast,liver,234,1790,-0.350296681245083,0.097,0.274,2.59045547381261e-12,7.05675801486884e-12,-0.00900344542984593,0.976382808482135,0.997919935739669,CREB1,-0.0788628754166012,0.27343317375151,FALSE,FALSE,FALSE
Cpt1c,HSC_Fibroblast,liver,234,1790,-0.836778740839387,0.039,0.145,5.34526280782829e-12,1.40758587272812e-11,-0.300190129568768,0.462096834759276,0.945718183992725,CPT1C,,,FALSE,FALSE,FALSE
Akt1,HSC_Fibroblast,liver,234,1790,0.194510064532586,0.171,0.385,5.64737334294324e-12,1.43916933578231e-11,0.246583047469544,0.183362306457336,0.919682034055448,AKT1,0.387089573539082,0.00343401055010987,TRUE,TRUE,FALSE
Mtor,HSC_Fibroblast,liver,234,1790,-0.759711540834754,0.041,0.15,1.23241026299284e-11,3.04251283676358e-11,-0.223378242522355,0.535767404174957,0.956926398262292,MTOR,0.0609980192311536,0.346097047602718,FALSE,FALSE,FALSE
Ppp2r2d,HSC_Fibroblast,liver,234,1790,0.168526365960863,0.172,0.38,5.23609356643164e-11,1.25311664363023e-10,0.408887665435836,0.0704327063974857,0.919682034055448,PPP2R2D,0.119151396427903,0.165293952164548,FALSE,FALSE,FALSE
Crtc2,HSC_Fibroblast,liver,234,1790,-0.954062028737724,0.041,0.145,5.39316023840858e-11,1.25311664363023e-10,-0.355198834105802,0.290541864009728,0.929272207214945,CRTC2,,,FALSE,FALSE,FALSE
Ppp2r5e,HSC_Fibroblast,liver,234,1790,0.0713755267636018,0.108,0.269,5.97644408117524e-11,1.32351564845744e-10,0.0298038006474396,0.891847087105965,0.995038044939367,PPP2R5E,-0.0251597625886988,0.835509017894403,FALSE,FALSE,FALSE
Cab39,HSC_Fibroblast,liver,234,1790,0.166304594548961,0.132,0.282,6.03121054993262e-11,1.32351564845744e-10,0.215762274601103,0.307942930510335,0.929272207214945,CAB39,0.0995298512419271,0.262092054253262,FALSE,FALSE,FALSE
Pik3r1,HSC_Fibroblast,liver,234,1790,0.168382503081807,0.175,0.41,7.83101382715482e-11,1.67202727660873e-10,0.0845983448072434,0.722184151559283,0.979302993095724,PIK3R1,-0.146984642979826,0.44195620227449,FALSE,FALSE,FALSE
Tbc1d1,HSC_Fibroblast,liver,234,1790,-1.66043685713711,0.034,0.115,1.04131773076159e-10,2.16484475605699e-10,-0.201148471250556,0.763278242848969,0.98616959329314,TBC1D1,0.0427897471858399,0.548382850593194,FALSE,FALSE,FALSE
Igf1,HSC_Fibroblast,liver,234,1790,-0.218029178907554,0.272,0.534,1.29267055558901e-10,2.57053034493374e-10,0.0318901412693724,0.865314275657588,0.989660607968691,IGF1,-0.750196331507432,0.0163841211440685,TRUE,TRUE,FALSE
Srebf1,HSC_Fibroblast,liver,234,1790,-0.242002034865243,0.051,0.162,1.30153435186518e-10,2.57053034493374e-10,-0.561080987482176,0.152772011987462,0.919682034055448,SREBF1,0.435480157850608,0.0261960327030443,TRUE,FALSE,FALSE
Rps6kb1,HSC_Fibroblast,liver,234,1790,-0.380569373596974,0.104,0.278,1.78184492183767e-10,3.43331094695551e-10,0.128638860518081,0.624700082107215,0.968851804858481,RPS6KB1,-0.0150524871094566,0.834304342285709,FALSE,FALSE,FALSE
Ppp2r5a,HSC_Fibroblast,liver,234,1790,0.697704057137113,0.176,0.346,2.35056184512705e-10,4.42129489916754e-10,0.162914091083221,0.650813464697518,0.975170064461339,PPP2R5A,-0.262441936043039,0.00882731769154429,TRUE,FALSE,FALSE
Pik3r2,HSC_Fibroblast,liver,234,1790,-0.459886606351643,0.078,0.209,4.34969074821407e-10,7.99129230485841e-10,-0.0287633281481597,0.919149687729876,0.997919935739669,PIK3R2,0.268794809673499,0.00604856153799963,TRUE,FALSE,FALSE
Ppp2cb,HSC_Fibroblast,liver,234,1790,0.121449633538851,0.087,0.218,4.04410653546985e-09,7.26100946141177e-09,0.13218683140509,0.684373096986808,0.975397007142861,PPP2CB,-0.154344495591139,0.139208474399713,FALSE,FALSE,FALSE
Insr,HSC_Fibroblast,liver,234,1790,-0.20898366229248,0.047,0.154,4.26111470703765e-09,7.48062359679943e-09,-0.179824208810199,0.601235531687763,0.965990933563928,INSR,0.169374111461339,0.175103061199346,FALSE,FALSE,FALSE
Prkag1,HSC_Fibroblast,liver,234,1790,0.138955721024352,0.093,0.222,2.44994879674002e-08,4.20752075961873e-08,0.188071254471284,0.48635712054224,0.950388440980989,PRKAG1,-0.0911617220470691,0.322923558463888,FALSE,FALSE,FALSE
Akt1s1,HSC_Fibroblast,liver,234,1790,0.384526036662913,0.08,0.197,5.50371701146922e-08,9.25092859374614e-08,0.166388718060517,0.502917027165756,0.950388440980989,AKT1S1,,,FALSE,FALSE,FALSE
Fasn,HSC_Fibroblast,liver,234,1790,0.177490120565059,0.064,0.167,8.91998893302904e-08,1.46808151189436e-07,0.147676271058535,0.619257657271697,0.968339507387906,FASN,0.69799363467585,0.0102285985406989,TRUE,TRUE,FALSE
Ppp2r5b,HSC_Fibroblast,liver,234,1790,-0.696207787781407,0.029,0.098,1.52730813155235e-07,2.46239474270685e-07,,,,PPP2R5B,0.137412769860998,0.0300031487878973,TRUE,FALSE,FALSE
Cpt1a,HSC_Fibroblast,liver,234,1790,-0.154039001512098,0.111,0.235,2.56981480167907e-07,4.06030738665293e-07,0.220787642672141,0.403818332869613,0.939306529776868,CPT1A,0.227443438987381,0.0910342838314238,FALSE,FALSE,FALSE
Rab11b,HSC_Fibroblast,liver,234,1790,0.605045057892761,0.209,0.402,2.93909158754424e-07,4.55271049835284e-07,0.523853368030844,0.0100160290443954,0.919682034055448,RAB11B,-0.128979335643103,0.0848864845380073,FALSE,FALSE,FALSE
Rptor,HSC_Fibroblast,liver,234,1790,-0.645434039170994,0.037,0.124,4.61548595745168e-07,6.9486791705843e-07,-0.368655062360173,0.322039910405739,0.929272207214945,RPTOR,,,FALSE,FALSE,FALSE
Adipor2,HSC_Fibroblast,liver,234,1790,0.465591380894514,0.106,0.218,4.66177210178441e-07,6.9486791705843e-07,0.42696899190487,0.241714353595355,0.926571688782192,ADIPOR2,0.0715962771728451,0.531210570140672,FALSE,FALSE,FALSE
Prkab1,HSC_Fibroblast,liver,234,1790,-0.0963798629129911,0.035,0.098,6.82067449871888e-07,9.9783941740517e-07,-0.00799589156734021,0.985966620851528,0.997919935739669,PRKAB1,0.0903291141903828,0.333050873638677,FALSE,FALSE,FALSE
Irs1,HSC_Fibroblast,liver,234,1790,-0.880366754310951,0.027,0.09,7.03024022469017e-07,1.00974535538889e-06,,,,IRS1,-0.3554897344882,0.00226335322613427,TRUE,TRUE,FALSE
Ulk1,HSC_Fibroblast,liver,234,1790,-0.0229065702019526,0.046,0.128,7.15768859516177e-07,1.00974535538889e-06,-0.0165112494206439,0.963425746917387,0.997919935739669,ULK1,0.471039299127842,6.64395450049281e-05,TRUE,FALSE,FALSE
Prkab2,HSC_Fibroblast,liver,234,1790,0.416670009129639,0.034,0.094,1.74195722347473e-06,2.41429159042989e-06,,,,PRKAB2,-0.164901188264764,0.0594438901536121,FALSE,FALSE,FALSE
Rps6kb2,HSC_Fibroblast,liver,234,1790,-1.12391685441945,0.027,0.09,3.81221800567915e-06,5.19250383532161e-06,,,,RPS6KB2,0.257949387042562,0.0194903632172992,TRUE,FALSE,FALSE
Tsc1,HSC_Fibroblast,liver,234,1790,0.191774022959432,0.054,0.141,5.81056461519928e-06,7.78024753560582e-06,0.0275897288013049,0.922007161316556,0.997919935739669,TSC1,-0.202386421851348,0.034493511696181,TRUE,FALSE,FALSE
G6pc3,HSC_Fibroblast,liver,234,1790,0.0756556636217716,0.045,0.12,7.28317533757211e-06,9.58951419446994e-06,0.093756974441026,0.815462819992707,0.987807883388287,G6PC3,0.0114334505189842,0.862668473837378,FALSE,FALSE,FALSE
Pck2,HSC_Fibroblast,liver,234,1790,0.103125677549293,0.078,0.171,7.4971503595697e-06,9.70942423616404e-06,0.22639344095315,0.384441413774335,0.936780168221373,PCK2,0.0144772473306067,0.912081693834765,FALSE,FALSE,FALSE
Ccnd1,HSC_Fibroblast,liver,234,1790,0.4743023919433,0.204,0.372,1.22546228323696e-05,1.56147613509226e-05,0.0547530160317789,0.831631579502109,0.988795246939305,CCND1,0.8031084765255,0.00074921048132828,TRUE,TRUE,FALSE
Lepr,HSC_Fibroblast,liver,234,1790,-0.796661445936501,0.037,0.098,1.86466234865434e-05,2.33822738958243e-05,-0.353430707037665,0.29749247600382,0.929272207214945,LEPR,,,FALSE,FALSE,FALSE
Pfkfb3,HSC_Fibroblast,liver,234,1790,0.206800263430272,0.065,0.145,2.46889918952477e-05,3.04754743706963e-05,0.16675567777909,0.556748558435563,0.96060895452212,PFKFB3,-0.655569796012921,0.000127446028528339,TRUE,FALSE,FALSE
Camkk2,HSC_Fibroblast,liver,234,1790,0.203418481625288,0.082,0.171,3.16359365795482e-05,3.84498306120663e-05,0.240395026344012,0.436644376159331,0.945718183992725,CAMKK2,0.506110584900416,0.00844909260690126,TRUE,TRUE,FALSE
Akt3,HSC_Fibroblast,liver,234,1790,-0.662533278660517,0.072,0.175,3.33776683289742e-05,3.99520575452873e-05,0.417659202135127,0.403302710951015,0.939306529776868,AKT3,-0.238769261788149,0.072397760239147,FALSE,FALSE,FALSE
Tsc2,HSC_Fibroblast,liver,234,1790,0.150768633272468,0.053,0.124,4.25266864409242e-05,5.01434064004927e-05,0.196735761029595,0.537929928990652,0.957779482942897,TSC2,0.360866737018733,0.0271776682330935,TRUE,TRUE,FALSE
Creb3,HSC_Fibroblast,liver,234,1790,0.422706283362134,0.092,0.184,4.48510460251171e-05,5.21063622938861e-05,0.446113242760059,0.107237110056786,0.919682034055448,CREB3,0.303800603180914,0.00138677189848469,TRUE,TRUE,FALSE
Stradb,HSC_Fibroblast,liver,234,1790,-0.716943836121359,0.016,0.056,5.36990735734732e-05,6.06290708311692e-05,,,,STRADB,,,FALSE,FALSE,FALSE
Eef2k,HSC_Fibroblast,liver,234,1790,-0.245803178660306,0.046,0.111,5.37219614959727e-05,6.06290708311692e-05,0.044766224951391,0.897520465615056,0.995806404613696,EEF2K,,,FALSE,FALSE,FALSE
Pfkm,HSC_Fibroblast,liver,234,1790,-0.0366069072912163,0.022,0.068,6.75579761707365e-05,7.51701424998335e-05,,,,PFKM,-0.174352886444122,0.044645878124864,TRUE,TRUE,FALSE
Acaca,HSC_Fibroblast,liver,234,1790,0.131912167025779,0.044,0.107,7.51542699333335e-05,8.24609350657409e-05,0.15008700687118,0.667516694967592,0.975397007142861,ACACA,0.07726357893715,0.585139303512386,FALSE,FALSE,FALSE
Hmgcr,HSC_Fibroblast,liver,234,1790,1.04115662631258,0.063,0.098,0.000118377480020684,0.000128107135912795,0.930054510464968,0.0363039139852168,0.919682034055448,HMGCR,0.322114208989851,0.265480328108024,FALSE,FALSE,FALSE
Foxo3,HSC_Fibroblast,liver,234,1790,0.735594286615218,0.104,0.184,0.00134481992576732,0.00143568613696782,0.624863022144396,0.0483567262670292,0.919682034055448,FOXO3,-0.258505148092882,0.0236771002828433,TRUE,FALSE,FALSE
Prkag2,HSC_Fibroblast,liver,234,1790,1.09344446884718,0.027,0.064,0.00335280604317148,0.00353162236547396,,,,PRKAG2,0.144334536180236,0.179142511226382,FALSE,FALSE,FALSE
Ppp2r3c,HSC_Fibroblast,liver,234,1790,0.888954726563751,0.036,0.073,0.00519223863877142,0.00539719542714398,,,,PPP2R3C,-0.151989920023,0.276422292168939,FALSE,FALSE,FALSE
Eef2,HSC_Fibroblast,liver,234,1790,-0.144814835392056,0.685,0.983,0.0127432138604109,0.0130742064282138,-0.00258830780804035,0.987316124552748,0.997919935739669,EEF2,0.448462726762021,0.00104406663485494,TRUE,FALSE,FALSE
Pfkl,HSC_Fibroblast,liver,234,1790,1.34016741293766,0.041,0.06,0.019405593528488,0.0196543831891096,0.609416313625218,0.407257078423473,0.940319522906102,PFKL,0.412788409607824,0.00375888054431156,TRUE,TRUE,FALSE
Prkaa1,HSC_Fibroblast,liver,234,1790,0.768393006128983,0.041,0.068,0.0713511046638268,0.0713511046638268,,,,PRKAA1,-0.0832174939496949,0.203035696208847,FALSE,FALSE,FALSE
Rps6kb1,Kupffer_cell,liver,68,134,4.45667102160027,0.082,0,0.0155542175737466,0.382839182398307,,,,RPS6KB1,-0.0150524871094566,0.834304342285709,FALSE,FALSE,FALSE
Ppp2r5c,Kupffer_cell,liver,68,134,-1.04948268902975,0.179,0.309,0.0284617385791916,0.382839182398307,,,,PPP2R5C,-0.214695257186268,0.0541914902763123,FALSE,FALSE,FALSE
Hmgcr,Kupffer_cell,liver,68,134,3.85356008156156,0.067,0,0.0295084153932932,0.382839182398307,,,,HMGCR,0.322114208989851,0.265480328108024,FALSE,FALSE,FALSE
Rheb,Kupffer_cell,liver,68,134,-1.79631693922463,0.112,0.221,0.0374068747580653,0.382839182398307,,,,RHEB,0.000762141165105317,0.994533538297037,FALSE,FALSE,FALSE
Pfkfb3,Kupffer_cell,liver,68,134,4.47037401963306,0.06,0,0.0406993007381651,0.382839182398307,,,,PFKFB3,-0.655569796012921,0.000127446028528339,TRUE,FALSE,FALSE
Pck2,Kupffer_cell,liver,68,134,4.27738518317679,0.052,0,0.0562482893736629,0.382839182398307,,,,PCK2,0.0144772473306067,0.912081693834765,FALSE,FALSE,FALSE
Pfkfb4,Kupffer_cell,liver,68,134,3.60322645696188,0.052,0,0.0562482893736629,0.382839182398307,,,,PFKFB4,0.131856641195354,0.00500148112903384,TRUE,FALSE,FALSE
Rab14,Kupffer_cell,liver,68,134,0.766157113070631,0.373,0.25,0.061663356630481,0.382839182398307,,,,RAB14,-0.0725879174061108,0.493282542838044,FALSE,FALSE,FALSE
Pik3r1,Kupffer_cell,liver,68,134,0.955839970156002,0.299,0.191,0.0675598557173482,0.382839182398307,,,,PIK3R1,-0.146984642979826,0.44195620227449,FALSE,FALSE,FALSE
Pdpk1,Kupffer_cell,liver,68,134,2.17830681002853,0.06,0.015,0.106802241941817,0.544691433903269,,,,PDPK1,0.153466221786299,0.018028233353959,TRUE,FALSE,FALSE
Prkag1,Kupffer_cell,liver,68,134,2.23603269895298,0.06,0.015,0.14315385724899,0.568179951895865,,,,PRKAG1,-0.0911617220470691,0.322923558463888,FALSE,FALSE,FALSE
Creb5,Kupffer_cell,liver,68,134,1.44787527147476,0.06,0.015,0.149084613197567,0.568179951895865,,,,CREB5,-0.0557779584602364,0.459938075024634,FALSE,FALSE,FALSE
Rab2a,Kupffer_cell,liver,68,134,0.467009343969339,0.299,0.191,0.155481578015421,0.568179951895865,,,,RAB2A,0.120861387341921,0.355798580095796,FALSE,FALSE,FALSE
Akt2,Kupffer_cell,liver,68,134,0.188371453900997,0.127,0.059,0.163910524069616,0.568179951895865,,,,AKT2,0.272775905162288,0.0322680307039496,TRUE,FALSE,FALSE
Eef2,Kupffer_cell,liver,68,134,-0.470664553430745,0.5,0.603,0.167111750557607,0.568179951895865,,,,EEF2,0.448462726762021,0.00104406663485494,TRUE,FALSE,FALSE
Tsc1,Kupffer_cell,liver,68,134,2.62591292917874,0.052,0.015,0.192205441439872,0.570603048021166,,,,TSC1,-0.202386421851348,0.034493511696181,TRUE,FALSE,FALSE
Ppp2r1a,Kupffer_cell,liver,68,134,-0.680300901068232,0.097,0.162,0.198000412803323,0.570603048021166,,,,PPP2R1A,0.348763030574157,0.00116430586290843,TRUE,FALSE,FALSE
Ppp2r5e,Kupffer_cell,liver,68,134,1.21664125222134,0.075,0.029,0.201389311066294,0.570603048021166,,,,PPP2R5E,-0.0251597625886988,0.835509017894403,FALSE,FALSE,FALSE
Ppp2ca,Kupffer_cell,liver,68,134,0.0534809702895004,0.261,0.162,0.215691792261309,0.578962179227724,,,,PPP2CA,,,FALSE,FALSE,FALSE
Ppp2r5a,Kupffer_cell,liver,68,134,-0.903606371752803,0.097,0.147,0.266703406390406,0.626855441278101,,,,PPP2R5A,-0.262441936043039,0.00882731769154429,TRUE,FALSE,FALSE
Prkab1,Kupffer_cell,liver,68,134,1.40543714981378,0.06,0.029,0.269440482222338,0.626855441278101,,,,PRKAB1,0.0903291141903828,0.333050873638677,FALSE,FALSE,FALSE
Creb1,Kupffer_cell,liver,68,134,0.910057048030665,0.119,0.074,0.270408229570945,0.626855441278101,,,,CREB1,-0.0788628754166012,0.27343317375151,FALSE,FALSE,FALSE
Rab11b,Kupffer_cell,liver,68,134,0.200518732284097,0.246,0.176,0.291726509476369,0.629986058707747,,,,RAB11B,-0.128979335643103,0.0848864845380073,FALSE,FALSE,FALSE
Rab10,Kupffer_cell,liver,68,134,0.47119476334418,0.254,0.191,0.296464027627175,0.629986058707747,,,,RAB10,,,FALSE,FALSE,FALSE
Ppp2cb,Kupffer_cell,liver,68,134,1.17576035608375,0.06,0.029,0.347986000440793,0.672746490861735,,,,PPP2CB,-0.154344495591139,0.139208474399713,FALSE,FALSE,FALSE
Pfkp,Kupffer_cell,liver,68,134,0.955843260066132,0.052,0.029,0.351477754435617,0.672746490861735,,,,PFKP,0.201971206322531,0.00645525341532389,TRUE,FALSE,FALSE
Cpt1a,Kupffer_cell,liver,68,134,0.635980557173226,0.149,0.103,0.371525320258312,0.672746490861735,,,,CPT1A,0.227443438987381,0.0910342838314238,FALSE,FALSE,FALSE
Akt1,Kupffer_cell,liver,68,134,0.727127232311953,0.172,0.132,0.451200941302115,0.672746490861735,,,,AKT1,0.387089573539082,0.00343401055010987,TRUE,FALSE,FALSE
Akt1s1,Kupffer_cell,liver,68,134,-0.409159827253309,0.06,0.088,0.45375863269641,0.672746490861735,,,,AKT1S1,,,FALSE,FALSE,FALSE
Ppp2r2a,Kupffer_cell,liver,68,134,0.510736225883157,0.09,0.059,0.454548350600984,0.672746490861735,,,,PPP2R2A,-0.108782601530249,0.158420652705628,FALSE,FALSE,FALSE
Pik3cd,Kupffer_cell,liver,68,134,-0.290787331066282,0.097,0.132,0.45677455578155,0.672746490861735,,,,PIK3CD,0.187312414207718,0.0479971366369964,TRUE,FALSE,FALSE
Mlycd,Kupffer_cell,liver,68,134,-1.7386204204182,0.037,0.059,0.46086881621369,0.672746490861735,,,,MLYCD,0.272131424826275,0.0291126278511173,TRUE,FALSE,FALSE
Ulk1,Kupffer_cell,liver,68,134,0.68210366471414,0.052,0.029,0.46086881621369,0.672746490861735,,,,ULK1,0.471039299127842,6.64395450049281e-05,TRUE,FALSE,FALSE
Tbc1d1,Kupffer_cell,liver,68,134,-0.401495402944171,0.142,0.118,0.462355995975924,0.672746490861735,,,,TBC1D1,0.0427897471858399,0.548382850593194,FALSE,FALSE,FALSE
Akt3,Kupffer_cell,liver,68,134,0.0809005075665477,0.052,0.029,0.478375508662624,0.672746490861735,,,,AKT3,-0.238769261788149,0.072397760239147,FALSE,FALSE,FALSE
Cab39,Kupffer_cell,liver,68,134,-0.499215481819837,0.112,0.147,0.498852846459916,0.672746490861735,,,,CAB39,0.0995298512419271,0.262092054253262,FALSE,FALSE,FALSE
Adipor2,Kupffer_cell,liver,68,134,-0.274641535926339,0.075,0.103,0.500011292957238,0.672746490861735,,,,ADIPOR2,0.0715962771728451,0.531210570140672,FALSE,FALSE,FALSE
Elavl1,Kupffer_cell,liver,68,134,-0.571411580533961,0.075,0.059,0.501768464306065,0.672746490861735,,,,ELAVL1,0.00629859637126631,0.929732702059394,FALSE,FALSE,FALSE
Camkk2,Kupffer_cell,liver,68,134,0.325452523229496,0.037,0.059,0.514453198894268,0.672746490861735,,,,CAMKK2,0.506110584900416,0.00844909260690126,TRUE,FALSE,FALSE
Pik3ca,Kupffer_cell,liver,68,134,-0.404013862763583,0.075,0.059,0.57718222844845,0.735907341271774,,,,PIK3CA,-0.194162266153804,0.025007761246042,TRUE,FALSE,FALSE
Igf1,Kupffer_cell,liver,68,134,0.0117495212282819,0.604,0.515,0.611635426034171,0.760814798237627,,,,IGF1,-0.750196331507432,0.0163841211440685,TRUE,FALSE,FALSE
Creb3l2,Kupffer_cell,liver,68,134,0.338435284945506,0.045,0.059,0.666985895313825,0.809911444309645,,,,CREB3L2,0.109043372225875,0.405380258924797,FALSE,FALSE,FALSE
Adipor1,Kupffer_cell,liver,68,134,-0.332771768314677,0.336,0.294,0.748300260559969,0.887518913687405,,,,ADIPOR1,0.0985079852008817,0.299828895869015,FALSE,FALSE,FALSE
Cd36,Kupffer_cell,liver,68,134,-1.00185610707189,0.172,0.147,0.807747335709486,0.920313714390577,,,,CD36,0.228255319331112,0.102088419969093,FALSE,FALSE,FALSE
Srebf1,Kupffer_cell,liver,68,134,-0.401946785914679,0.052,0.059,0.828220725545495,0.920313714390577,,,,SREBF1,0.435480157850608,0.0261960327030443,TRUE,FALSE,FALSE
Map3k7,Kupffer_cell,liver,68,134,-0.757292679144622,0.082,0.088,0.830356753399335,0.920313714390577,,,,MAP3K7,-0.0337117987684358,0.660626089455411,FALSE,FALSE,FALSE
Rab8a,Kupffer_cell,liver,68,134,0.272971575279659,0.172,0.162,0.848132246595238,0.920313714390577,,,,RAB8A,,,FALSE,FALSE,FALSE
Eif4ebp1,Kupffer_cell,liver,68,134,-0.610142261995397,0.201,0.191,0.962047108889374,0.998081717572411,,,,EIF4EBP1,0.0754219943218205,0.37388212514371,FALSE,FALSE,FALSE
Creb3,Kupffer_cell,liver,68,134,0.251266273443163,0.06,0.059,0.98263966672935,0.998081717572411,,,,CREB3,0.303800603180914,0.00138677189848469,TRUE,FALSE,FALSE
Ccnd1,Kupffer_cell,liver,68,134,-0.0641717087160494,0.216,0.221,0.994371559188877,0.998081717572411,,,,CCND1,0.8031084765255,0.00074921048132828,TRUE,FALSE,FALSE
Stk11,Kupffer_cell,liver,68,134,-0.359961161903863,0.104,0.103,0.998081717572411,0.998081717572411,,,,STK11,0.354251480632152,0.0153103974501462,TRUE,FALSE,FALSE
Ccnd1,LSEC,liver,311,434,0.744755665052329,0.332,0.219,0.000536377072264355,0.0321826243358613,1.09862658347374,0.0192654695536051,0.952306013506707,CCND1,0.8031084765255,0.00074921048132828,TRUE,TRUE,TRUE
Srebf1,LSEC,liver,311,434,1.33847327526888,0.069,0.029,0.015544399399996,0.346682722826584,,,,SREBF1,0.435480157850608,0.0261960327030443,TRUE,FALSE,FALSE
Akt1s1,LSEC,liver,311,434,-0.774895001990331,0.044,0.087,0.0173341361413292,0.346682722826584,,,,AKT1S1,,,FALSE,FALSE,FALSE
Pfkfb3,LSEC,liver,311,434,-0.562569076354875,0.065,0.109,0.0306997563168122,0.437718803329667,-0.817470674656628,0.0494480164509521,0.952306013506707,PFKFB3,-0.655569796012921,0.000127446028528339,TRUE,FALSE,TRUE
Crtc2,LSEC,liver,311,434,0.55274191277073,0.09,0.048,0.0364765669441389,0.437718803329667,,,,CRTC2,,,FALSE,FALSE,FALSE
Prkag1,LSEC,liver,311,434,1.18628529727881,0.065,0.029,0.0454228801681609,0.454228801681609,,,,PRKAG1,-0.0911617220470691,0.322923558463888,FALSE,FALSE,FALSE
Ulk1,LSEC,liver,311,434,-0.656067840252686,0.058,0.093,0.0700998983889769,0.537339469649707,,,,ULK1,0.471039299127842,6.64395450049281e-05,TRUE,FALSE,FALSE
Prkab1,LSEC,liver,311,434,0.858559714777948,0.074,0.042,0.0716452626199609,0.537339469649707,,,,PRKAB1,0.0903291141903828,0.333050873638677,FALSE,FALSE,FALSE
Rab2a,LSEC,liver,311,434,0.183731486922727,0.323,0.27,0.121912965568055,0.599619978082447,0.0300597730408286,0.909912933110794,0.996165002953132,RAB2A,0.120861387341921,0.355798580095796,FALSE,FALSE,FALSE
Rps6kb2,LSEC,liver,311,434,-0.555928428533819,0.053,0.08,0.137995105931764,0.599619978082447,,,,RPS6KB2,0.257949387042562,0.0194903632172992,TRUE,FALSE,FALSE
Adipor1,LSEC,liver,311,434,-0.514607245150307,0.318,0.354,0.141508710120085,0.599619978082447,-0.347793874994684,0.187983496928352,0.981613027543058,ADIPOR1,0.0985079852008817,0.299828895869015,FALSE,FALSE,FALSE
Elavl1,LSEC,liver,311,434,0.601005519057927,0.108,0.074,0.144942475624418,0.599619978082447,,,,ELAVL1,0.00629859637126631,0.929732702059394,FALSE,FALSE,FALSE
Creb3,LSEC,liver,311,434,0.589471727385326,0.09,0.061,0.146415148984143,0.599619978082447,,,,CREB3,0.303800603180914,0.00138677189848469,TRUE,FALSE,FALSE
Rab8a,LSEC,liver,311,434,0.254154144975473,0.104,0.061,0.159606966907268,0.599619978082447,0.608739435607958,0.249920892129313,0.981613027543058,RAB8A,,,FALSE,FALSE,FALSE
Creb1,LSEC,liver,311,434,0.543299963674758,0.164,0.129,0.167780804205431,0.599619978082447,0.314460930039185,0.356764644791957,0.9892596859711,CREB1,-0.0788628754166012,0.27343317375151,FALSE,FALSE,FALSE
Cd36,LSEC,liver,311,434,0.00687629438275028,0.274,0.228,0.168217878066286,0.599619978082447,0.129032972924689,0.690457722495916,0.996165002953132,CD36,0.228255319331112,0.102088419969093,FALSE,FALSE,FALSE
Sirt1,LSEC,liver,311,434,-0.0255113042340789,0.078,0.051,0.16989232712336,0.599619978082447,,,,SIRT1,-0.389065828328134,0.0044363570263749,TRUE,FALSE,FALSE
Camkk2,LSEC,liver,311,434,0.349849504117677,0.104,0.077,0.217240785253966,0.611239260934198,0.0678726855722499,0.853048595770664,0.996165002953132,CAMKK2,0.506110584900416,0.00844909260690126,TRUE,FALSE,FALSE
Eef2,LSEC,liver,311,434,-0.153204861295659,0.452,0.502,0.219643143155873,0.611239260934198,-0.226765619833529,0.350431282912666,0.988914224980869,EEF2,0.448462726762021,0.00104406663485494,TRUE,FALSE,FALSE
Rab11b,LSEC,liver,311,434,0.304880407621886,0.164,0.129,0.229237477321928,0.611239260934198,0.484758796106293,0.253844156409318,0.981613027543058,RAB11B,-0.128979335643103,0.0848864845380073,FALSE,FALSE,FALSE
Rps6kb1,LSEC,liver,311,434,0.292396104658076,0.159,0.125,0.231752788741567,0.611239260934198,0.0192549430554907,0.949833970875068,0.996165002953132,RPS6KB1,-0.0150524871094566,0.834304342285709,FALSE,FALSE,FALSE
Tsc2,LSEC,liver,311,434,-0.170280170846437,0.044,0.064,0.235615280945653,0.611239260934198,,,,TSC2,0.360866737018733,0.0271776682330935,TRUE,FALSE,FALSE
Pfkl,LSEC,liver,311,434,0.674036364417127,0.097,0.074,0.238430430844642,0.611239260934198,0.280032941413078,0.502172188868594,0.995636266879722,PFKL,0.412788409607824,0.00375888054431156,TRUE,FALSE,FALSE
Pik3ca,LSEC,liver,311,434,0.15472559683857,0.111,0.084,0.249437719468425,0.611239260934198,0.122047605487451,0.74957063891626,0.996165002953132,PIK3CA,-0.194162266153804,0.025007761246042,TRUE,FALSE,FALSE
Ppp2r2a,LSEC,liver,311,434,-0.497091225897278,0.115,0.141,0.259166523985889,0.611239260934198,-0.179834620888534,0.581182869958917,0.996165002953132,PPP2R2A,-0.108782601530249,0.158420652705628,FALSE,FALSE,FALSE
Rab10,LSEC,liver,311,434,-0.442592744059935,0.194,0.225,0.268654406917904,0.611239260934198,-0.283104218431187,0.311326605559382,0.988914224980869,RAB10,,,FALSE,FALSE,FALSE
Akt3,LSEC,liver,311,434,0.83141528094211,0.088,0.068,0.275057667420389,0.611239260934198,0.257545739592417,0.608263089669088,0.996165002953132,AKT3,-0.238769261788149,0.072397760239147,FALSE,FALSE,FALSE
Ppp2r5c,LSEC,liver,311,434,0.220235323297976,0.237,0.209,0.294493410149452,0.631057307463112,0.227763344329711,0.439762518774585,0.995636266879722,PPP2R5C,-0.214695257186268,0.0541914902763123,FALSE,FALSE,FALSE
Hmgcr,LSEC,liver,311,434,0.00199836721911151,0.041,0.055,0.308993126787074,0.639296124387049,,,,HMGCR,0.322114208989851,0.265480328108024,FALSE,FALSE,FALSE
Tsc1,LSEC,liver,311,434,0.0843353736393898,0.097,0.077,0.379952374570327,0.759904749140654,,,,TSC1,-0.202386421851348,0.034493511696181,TRUE,FALSE,FALSE
Ppp2r1a,LSEC,liver,311,434,0.292259791597231,0.145,0.125,0.43628512209116,0.844422816950631,-0.00337892651503123,0.993481740528788,0.998748150040219,PPP2R1A,0.348763030574157,0.00116430586290843,TRUE,FALSE,FALSE
Prkaa1,LSEC,liver,311,434,0.715866913099184,0.06,0.048,0.454348798819769,0.851903997787066,,,,PRKAA1,-0.0832174939496949,0.203035696208847,FALSE,FALSE,FALSE
Insr,LSEC,liver,311,434,-0.0542909949955646,0.276,0.241,0.483382677980108,0.869021602110611,0.0990028334917329,0.739651256594609,0.996165002953132,INSR,0.169374111461339,0.175103061199346,FALSE,FALSE,FALSE
Stk11,LSEC,liver,311,434,-0.230244766832202,0.113,0.129,0.492445574529346,0.869021602110611,-0.267245484339303,0.39185076618715,0.995636266879722,STK11,0.354251480632152,0.0153103974501462,TRUE,FALSE,FALSE
Ppp2r2d,LSEC,liver,311,434,0.0708739279949404,0.094,0.109,0.535579838410799,0.918136865847084,,,,PPP2R2D,0.119151396427903,0.165293952164548,FALSE,FALSE,FALSE
Cab39l,LSEC,liver,311,434,-0.246459700697629,0.06,0.071,0.553456019762941,0.922426699604902,,,,CAB39L,0.0137396623132676,0.857025750656643,FALSE,FALSE,FALSE
Creb3l2,LSEC,liver,311,434,0.193433449073467,0.175,0.161,0.591727729647079,0.941611918020666,0.0226804809445074,0.93334002239155,0.996165002953132,CREB3L2,0.109043372225875,0.405380258924797,FALSE,FALSE,FALSE
Foxo1,LSEC,liver,311,434,0.0371639738740946,0.15,0.167,0.602636717636404,0.941611918020666,-0.0958446431063415,0.752421938091959,0.996165002953132,FOXO1,-0.105403033427432,0.24841547187657,FALSE,FALSE,FALSE
Igf1r,LSEC,liver,311,434,0.298103433293023,0.113,0.103,0.617813712681641,0.941611918020666,-0.0404327223333286,0.91672105442465,0.996165002953132,IGF1R,-0.148765271716842,0.133449327413096,FALSE,FALSE,FALSE
Lipe,LSEC,liver,311,434,-0.060795268260323,0.044,0.051,0.641491000954563,0.941611918020666,,,,LIPE,0.0340270585471342,0.616554915631368,FALSE,FALSE,FALSE
Akt1,LSEC,liver,311,434,-0.00463081440038753,0.147,0.161,0.656507712286371,0.941611918020666,-0.119119944508206,0.675419037249282,0.996165002953132,AKT1,0.387089573539082,0.00343401055010987,TRUE,FALSE,FALSE
Pik3r1,LSEC,liver,311,434,0.205002593131673,0.161,0.151,0.661706903697076,0.941611918020666,-0.17580784109442,0.574914760270284,0.996165002953132,PIK3R1,-0.146984642979826,0.44195620227449,FALSE,FALSE,FALSE
Cpt1a,LSEC,liver,311,434,-0.0121696029624039,0.083,0.077,0.752248522375657,0.941611918020666,0.0223275473556921,0.963015203099042,0.996165002953132,CPT1A,0.227443438987381,0.0910342838314238,FALSE,FALSE,FALSE
Ppp2r5a,LSEC,liver,311,434,0.12974525519721,0.256,0.273,0.7614707707641,0.941611918020666,-0.0361825460813916,0.876819698757996,0.996165002953132,PPP2R5A,-0.262441936043039,0.00882731769154429,TRUE,FALSE,FALSE
Rptor,LSEC,liver,311,434,-0.0217426110226258,0.09,0.084,0.766517026549104,0.941611918020666,-0.0494696708494868,0.91875557368934,0.996165002953132,RPTOR,,,FALSE,FALSE,FALSE
Adipor2,LSEC,liver,311,434,0.17133476451335,0.106,0.1,0.767477612045686,0.941611918020666,0.158427260164873,0.685789218905377,0.996165002953132,ADIPOR2,0.0715962771728451,0.531210570140672,FALSE,FALSE,FALSE
Ppp2r3a,LSEC,liver,311,434,-0.275997498108368,0.06,0.064,0.78288203913907,0.941611918020666,,,,PPP2R3A,-0.0812689650985154,0.428087382487469,FALSE,FALSE,FALSE
Map3k7,LSEC,liver,311,434,-0.180988074632971,0.12,0.125,0.788722521361954,0.941611918020666,-0.1489805816753,0.658731990663901,0.996165002953132,MAP3K7,-0.0337117987684358,0.660626089455411,FALSE,FALSE,FALSE
Eif4ebp1,LSEC,liver,311,434,-0.0643376208396078,0.09,0.087,0.800904474189317,0.941611918020666,,,,EIF4EBP1,0.0754219943218205,0.37388212514371,FALSE,FALSE,FALSE
Foxo3,LSEC,liver,311,434,-0.0980206210589065,0.051,0.055,0.814719962546891,0.941611918020666,,,,FOXO3,-0.258505148092882,0.0236771002828433,TRUE,FALSE,FALSE
Ppp2r5e,LSEC,liver,311,434,0.0768174812632761,0.182,0.177,0.842458612707582,0.941611918020666,-0.0144881658761057,0.959573959871911,0.996165002953132,PPP2R5E,-0.0251597625886988,0.835509017894403,FALSE,FALSE,FALSE
Lepr,LSEC,liver,311,434,0.163013352330766,0.058,0.055,0.861842984698966,0.941611918020666,,,,LEPR,,,FALSE,FALSE,FALSE
Rheb,LSEC,liver,311,434,-0.183977096843297,0.166,0.174,0.868172404447358,0.941611918020666,-0.155895238848687,0.641353217958386,0.996165002953132,RHEB,0.000762141165105317,0.994533538297037,FALSE,FALSE,FALSE
Rab14,LSEC,liver,311,434,-0.0620724552986023,0.406,0.399,0.871541817704455,0.941611918020666,0.0826163626774518,0.731130394853959,0.996165002953132,RAB14,-0.0725879174061108,0.493282542838044,FALSE,FALSE,FALSE
Cab39,LSEC,liver,311,434,0.0476708171870851,0.131,0.125,0.874606880899608,0.941611918020666,0.0123611864298334,0.969705170576332,0.996165002953132,CAB39,0.0995298512419271,0.262092054253262,FALSE,FALSE,FALSE
Tbc1d1,LSEC,liver,311,434,-0.0606195074750895,0.065,0.074,0.878837790152622,0.941611918020666,,,,TBC1D1,0.0427897471858399,0.548382850593194,FALSE,FALSE,FALSE
Pck2,LSEC,liver,311,434,-0.169993823797475,0.069,0.068,0.923108625914553,0.971693290436372,,,,PCK2,0.0144772473306067,0.912081693834765,FALSE,FALSE,FALSE
Ppp2ca,LSEC,liver,311,434,0.103450561268221,0.182,0.18,0.954222488872138,0.973842835297574,-0.0175761176218238,0.953148788108932,0.996165002953132,PPP2CA,,,FALSE,FALSE,FALSE
Ppp2cb,LSEC,liver,311,434,-0.146618903118297,0.055,0.045,0.965161975590207,0.973842835297574,,,,PPP2CB,-0.154344495591139,0.139208474399713,FALSE,FALSE,FALSE
Pdpk1,LSEC,liver,311,434,-0.189408129577125,0.12,0.119,0.973842835297574,0.973842835297574,0.0486574809471919,0.908165087208957,0.996165002953132,PDPK1,0.153466221786299,0.018028233353959,TRUE,FALSE,FALSE
Pparg,Macrophage_other,liver,39,175,-2.92618984545349,0.034,0.154,0.0053743927042142,0.360084311182351,,,,PPARG,0.14873252430513,0.210592958883288,FALSE,FALSE,FALSE
Creb3,Macrophage_other,liver,39,175,-1.47307985887808,0.091,0.205,0.0308934923947009,0.74517239507845,,,,CREB3,0.303800603180914,0.00138677189848469,TRUE,FALSE,FALSE
Pdpk1,Macrophage_other,liver,39,175,2.14048543222206,0.143,0.026,0.0333659281378411,0.74517239507845,,,,PDPK1,0.153466221786299,0.018028233353959,TRUE,FALSE,FALSE
Ppp2r1a,Macrophage_other,liver,39,175,-1.65502242068541,0.12,0.231,0.0550219982056404,0.77741764435303,,,,PPP2R1A,0.348763030574157,0.00116430586290843,TRUE,FALSE,FALSE
Rab11b,Macrophage_other,liver,39,175,-0.482895912409905,0.263,0.385,0.07397548254292,0.77741764435303,,,,RAB11B,-0.128979335643103,0.0848864845380073,FALSE,FALSE,FALSE
Ppp2r5c,Macrophage_other,liver,39,175,0.763758093465993,0.28,0.128,0.0762371019491203,0.77741764435303,,,,PPP2R5C,-0.214695257186268,0.0541914902763123,FALSE,FALSE,FALSE
Lipe,Macrophage_other,liver,39,175,-1.11085949978695,0.069,0.154,0.0812227389622569,0.77741764435303,,,,LIPE,0.0340270585471342,0.616554915631368,FALSE,FALSE,FALSE
Ppp2r5e,Macrophage_other,liver,39,175,-1.33932065857084,0.057,0.128,0.110505224902666,0.811325934151757,,,,PPP2R5E,-0.0251597625886988,0.835509017894403,FALSE,FALSE,FALSE
Pfkfb3,Macrophage_other,liver,39,175,1.67559324444104,0.194,0.103,0.147365405848272,0.811325934151757,,,,PFKFB3,-0.655569796012921,0.000127446028528339,TRUE,FALSE,FALSE
Eef2,Macrophage_other,liver,39,175,0.320909089540455,0.749,0.744,0.147467945498695,0.811325934151757,,,,EEF2,0.448462726762021,0.00104406663485494,TRUE,FALSE,FALSE
Stk11,Macrophage_other,liver,39,175,-0.769347019876988,0.137,0.205,0.151751407120304,0.811325934151757,,,,STK11,0.354251480632152,0.0153103974501462,TRUE,FALSE,FALSE
Mtor,Macrophage_other,liver,39,175,-0.602644353809569,0.029,0.077,0.156097525132126,0.811325934151757,,,,MTOR,0.0609980192311536,0.346097047602718,FALSE,FALSE,FALSE
Ppp2r3c,Macrophage_other,liver,39,175,-0.214344099024483,0.063,0.128,0.175561546109891,0.811325934151757,,,,PPP2R3C,-0.151989920023,0.276422292168939,FALSE,FALSE,FALSE
Insr,Macrophage_other,liver,39,175,1.07736975769234,0.091,0.026,0.181695452041247,0.811325934151757,,,,INSR,0.169374111461339,0.175103061199346,FALSE,FALSE,FALSE
Pfkfb4,Macrophage_other,liver,39,175,-0.91312488941255,0.097,0.179,0.204406742096269,0.811325934151757,,,,PFKFB4,0.131856641195354,0.00500148112903384,TRUE,FALSE,FALSE
Hmgcr,Macrophage_other,liver,39,175,2.38909063967786,0.08,0.026,0.214769009371492,0.811325934151757,,,,HMGCR,0.322114208989851,0.265480328108024,FALSE,FALSE,FALSE
Akt1,Macrophage_other,liver,39,175,0.547735133117381,0.223,0.128,0.216794133939226,0.811325934151757,,,,AKT1,0.387089573539082,0.00343401055010987,TRUE,FALSE,FALSE
Ccnd1,Macrophage_other,liver,39,175,-0.239625685473544,0.326,0.436,0.240872037341966,0.811325934151757,,,,CCND1,0.8031084765255,0.00074921048132828,TRUE,FALSE,FALSE
Irs2,Macrophage_other,liver,39,175,2.63089454694259,0.189,0.051,0.249252111414753,0.811325934151757,,,,IRS2,-0.584420274513232,0.00290962468594569,TRUE,FALSE,FALSE
Srebf1,Macrophage_other,liver,39,175,-0.637952071055767,0.069,0.128,0.271744298284844,0.811325934151757,,,,SREBF1,0.435480157850608,0.0261960327030443,TRUE,FALSE,FALSE
Ppp2cb,Macrophage_other,liver,39,175,1.86025793494463,0.103,0.051,0.280663480430445,0.811325934151757,,,,PPP2CB,-0.154344495591139,0.139208474399713,FALSE,FALSE,FALSE
Creb1,Macrophage_other,liver,39,175,0.887223698105564,0.223,0.154,0.295506352404528,0.811325934151757,,,,CREB1,-0.0788628754166012,0.27343317375151,FALSE,FALSE,FALSE
Rab10,Macrophage_other,liver,39,175,-0.634175737984632,0.269,0.333,0.315512963755355,0.811325934151757,,,,RAB10,,,FALSE,FALSE,FALSE
Rheb,Macrophage_other,liver,39,175,0.053603137067458,0.24,0.308,0.320563313422199,0.811325934151757,,,,RHEB,0.000762141165105317,0.994533538297037,FALSE,FALSE,FALSE
Eif4ebp1,Macrophage_other,liver,39,175,0.939329466142441,0.257,0.179,0.323092193991148,0.811325934151757,,,,EIF4EBP1,0.0754219943218205,0.37388212514371,FALSE,FALSE,FALSE
Crtc2,Macrophage_other,liver,39,175,-2.38468374270292,0.051,0.077,0.323414006334126,0.811325934151757,,,,CRTC2,,,FALSE,FALSE,FALSE
Akt1s1,Macrophage_other,liver,39,175,0.231241903632251,0.023,0.051,0.344654132904247,0.811325934151757,,,,AKT1S1,,,FALSE,FALSE,FALSE
Eef2k,Macrophage_other,liver,39,175,0.614246151912548,0.04,0.077,0.348058254359333,0.811325934151757,,,,EEF2K,,,FALSE,FALSE,FALSE
Rps6kb1,Macrophage_other,liver,39,175,0.296628490133903,0.114,0.077,0.351170926722402,0.811325934151757,,,,RPS6KB1,-0.0150524871094566,0.834304342285709,FALSE,FALSE,FALSE
Pik3cb,Macrophage_other,liver,39,175,0.541079356373901,0.063,0.026,0.373801997067247,0.834824460116851,,,,PIK3CB,-0.0993069744440654,0.160710406845698,FALSE,FALSE,FALSE
Pik3r1,Macrophage_other,liver,39,175,0.274931780956116,0.28,0.205,0.411777690205625,0.843378071297258,,,,PIK3R1,-0.146984642979826,0.44195620227449,FALSE,FALSE,FALSE
Tbc1d1,Macrophage_other,liver,39,175,0.406967580992669,0.137,0.103,0.424348350137971,0.843378071297258,,,,TBC1D1,0.0427897471858399,0.548382850593194,FALSE,FALSE,FALSE
Rab2a,Macrophage_other,liver,39,175,-0.0741125900439202,0.366,0.41,0.438149026976684,0.843378071297258,,,,RAB2A,0.120861387341921,0.355798580095796,FALSE,FALSE,FALSE
Pik3cd,Macrophage_other,liver,39,175,-1.20654469801391,0.143,0.205,0.447557950743892,0.843378071297258,,,,PIK3CD,0.187312414207718,0.0479971366369964,TRUE,FALSE,FALSE
Rps6kb2,Macrophage_other,liver,39,175,-1.84608406326498,0.029,0.051,0.452235313246795,0.843378071297258,,,,RPS6KB2,0.257949387042562,0.0194903632172992,TRUE,FALSE,FALSE
Mlycd,Macrophage_other,liver,39,175,-0.521575454310731,0.069,0.103,0.468877265311896,0.843378071297258,,,,MLYCD,0.272131424826275,0.0291126278511173,TRUE,FALSE,FALSE
Ppp2r5d,Macrophage_other,liver,39,175,1.03465302639384,0.051,0.026,0.476717828283887,0.843378071297258,,,,PPP2R5D,0.0418634535766595,0.545552937261772,FALSE,FALSE,FALSE
Prkab1,Macrophage_other,liver,39,175,-2.03003672140063,0.051,0.077,0.482122729268695,0.843378071297258,,,,PRKAB1,0.0903291141903828,0.333050873638677,FALSE,FALSE,FALSE
Pfkl,Macrophage_other,liver,39,175,-0.0845796467404335,0.143,0.179,0.518702707394538,0.843378071297258,,,,PFKL,0.412788409607824,0.00375888054431156,TRUE,FALSE,FALSE
Akt2,Macrophage_other,liver,39,175,-0.732653151809027,0.086,0.051,0.52592735859465,0.843378071297258,,,,AKT2,0.272775905162288,0.0322680307039496,TRUE,FALSE,FALSE
Ppp2r2a,Macrophage_other,liver,39,175,0.585884745744904,0.166,0.128,0.526782044777913,0.843378071297258,,,,PPP2R2A,-0.108782601530249,0.158420652705628,FALSE,FALSE,FALSE
Ppp2r2d,Macrophage_other,liver,39,175,-0.292176158598376,0.114,0.154,0.555238060821424,0.843378071297258,,,,PPP2R2D,0.119151396427903,0.165293952164548,FALSE,FALSE,FALSE
Adipor2,Macrophage_other,liver,39,175,0.649115572211601,0.137,0.077,0.559791068533253,0.843378071297258,,,,ADIPOR2,0.0715962771728451,0.531210570140672,FALSE,FALSE,FALSE
Igf1,Macrophage_other,liver,39,175,1.03144442417741,0.28,0.256,0.563639635038639,0.843378071297258,,,,IGF1,-0.750196331507432,0.0163841211440685,TRUE,FALSE,FALSE
Pik3ca,Macrophage_other,liver,39,175,-0.713752415130467,0.074,0.103,0.566447958333979,0.843378071297258,,,,PIK3CA,-0.194162266153804,0.025007761246042,TRUE,FALSE,FALSE
Rab8a,Macrophage_other,liver,39,175,-0.227595083168531,0.223,0.179,0.588908101574075,0.847926522506929,,,,RAB8A,,,FALSE,FALSE,FALSE
Sirt1,Macrophage_other,liver,39,175,-1.55097014072722,0.046,0.077,0.594814127728741,0.847926522506929,,,,SIRT1,-0.389065828328134,0.0044363570263749,TRUE,FALSE,FALSE
Cab39l,Macrophage_other,liver,39,175,-0.568473574153732,0.057,0.077,0.623831598093993,0.8551152314597,,,,CAB39L,0.0137396623132676,0.857025750656643,FALSE,FALSE,FALSE
Pck2,Macrophage_other,liver,39,175,0.37843973465328,0.074,0.051,0.632556401100866,0.8551152314597,,,,PCK2,0.0144772473306067,0.912081693834765,FALSE,FALSE,FALSE
Ppp2r3d,Macrophage_other,liver,39,175,0.387268054738122,0.034,0.051,0.647799942654931,0.8551152314597,,,,PPP2R3B,0.276953635505095,0.00063525508853722,TRUE,FALSE,FALSE
Cpt1a,Macrophage_other,liver,39,175,-0.090468359502567,0.103,0.128,0.658849411902718,0.8551152314597,,,,CPT1A,0.227443438987381,0.0910342838314238,FALSE,FALSE,FALSE
Cab39,Macrophage_other,liver,39,175,-1.0369281632943,0.149,0.179,0.673153520964071,0.8551152314597,,,,CAB39,0.0995298512419271,0.262092054253262,FALSE,FALSE,FALSE
Pfkp,Macrophage_other,liver,39,175,-0.940598905140048,0.086,0.103,0.67643443682633,0.8551152314597,,,,PFKP,0.201971206322531,0.00645525341532389,TRUE,FALSE,FALSE
Ppp2ca,Macrophage_other,liver,39,175,0.791764514374507,0.343,0.308,0.692125765380184,0.858748634823562,,,,PPP2CA,,,FALSE,FALSE,FALSE
Camkk2,Macrophage_other,liver,39,175,-0.327851212253852,0.097,0.077,0.717022054687381,0.869183528059741,,,,CAMKK2,0.506110584900416,0.00844909260690126,TRUE,FALSE,FALSE
Elavl1,Macrophage_other,liver,39,175,0.410262937521826,0.171,0.179,0.741322737932029,0.869183528059741,,,,ELAVL1,0.00629859637126631,0.929732702059394,FALSE,FALSE,FALSE
Cd36,Macrophage_other,liver,39,175,0.465038284100425,0.206,0.179,0.74375128677174,0.869183528059741,,,,CD36,0.228255319331112,0.102088419969093,FALSE,FALSE,FALSE
Creb5,Macrophage_other,liver,39,175,0.763937839351378,0.223,0.256,0.752427531753209,0.869183528059741,,,,CREB5,-0.0557779584602364,0.459938075024634,FALSE,FALSE,FALSE
Tsc1,Macrophage_other,liver,39,175,-0.693150856096019,0.063,0.051,0.78762987615219,0.880706695436264,,,,TSC1,-0.202386421851348,0.034493511696181,TRUE,FALSE,FALSE
Akt3,Macrophage_other,liver,39,175,-0.00450679603280402,0.08,0.103,0.792291002881374,0.880706695436264,,,,AKT3,-0.238769261788149,0.072397760239147,FALSE,FALSE,FALSE
Adipor1,Macrophage_other,liver,39,175,-0.459197639167343,0.331,0.256,0.801837439128539,0.880706695436264,,,,ADIPOR1,0.0985079852008817,0.299828895869015,FALSE,FALSE,FALSE
Foxo1,Macrophage_other,liver,39,175,-0.819566617861007,0.046,0.051,0.826113337939433,0.880863279735287,,,,FOXO1,-0.105403033427432,0.24841547187657,FALSE,FALSE,FALSE
Rab14,Macrophage_other,liver,39,175,0.184090770560007,0.526,0.59,0.828274427213777,0.880863279735287,,,,RAB14,-0.0725879174061108,0.493282542838044,FALSE,FALSE,FALSE
Acaca,Macrophage_other,liver,39,175,1.38596894190371,0.08,0.077,0.864415924544559,0.904935421007585,,,,ACACA,0.07726357893715,0.585139303512386,FALSE,FALSE,FALSE
Prkag1,Macrophage_other,liver,39,175,0.225259470693612,0.097,0.103,0.911774811458149,0.939829421041477,,,,PRKAG1,-0.0911617220470691,0.322923558463888,FALSE,FALSE,FALSE
Foxo3,Macrophage_other,liver,39,175,1.20653773925435,0.069,0.077,0.984990147963449,0.996899708421434,,,,FOXO3,-0.258505148092882,0.0236771002828433,TRUE,FALSE,FALSE
Ppp2r5a,Macrophage_other,liver,39,175,0.415499070920798,0.229,0.231,0.996899708421434,0.996899708421434,,,,PPP2R5A,-0.262441936043039,0.00882731769154429,TRUE,FALSE,FALSE
Adipor2,Monocyte,liver,303,617,-0.64304185916639,0.188,0.389,4.3283882614028e-09,3.11643954821002e-07,-0.474092802674651,0.0614851616875748,0.999145022914932,ADIPOR2,0.0715962771728451,0.531210570140672,FALSE,FALSE,FALSE
Hmgcr,Monocyte,liver,303,617,-0.677893818857458,0.123,0.224,0.000265771731667787,0.00856352180427133,-0.484404753219267,0.234943056982263,0.999145022914932,HMGCR,0.322114208989851,0.265480328108024,FALSE,FALSE,FALSE
Tbc1d1,Monocyte,liver,303,617,-0.500294889275298,0.151,0.271,0.000583246595104266,0.00856352180427133,-0.381791914042219,0.424169044767882,0.999145022914932,TBC1D1,0.0427897471858399,0.548382850593194,FALSE,FALSE,FALSE
Ppp2r2a,Monocyte,liver,303,617,-0.514179770334815,0.169,0.29,0.00063579640842978,0.00856352180427133,-0.289890098580036,0.310499110688248,0.999145022914932,PPP2R2A,-0.108782601530249,0.158420652705628,FALSE,FALSE,FALSE
Ppp2r5a,Monocyte,liver,303,617,-0.164636040498449,0.528,0.713,0.000707298624677831,0.00856352180427133,-0.112861698547099,0.607112694501059,0.999145022914932,PPP2R5A,-0.262441936043039,0.00882731769154429,TRUE,TRUE,FALSE
Ppp2ca,Monocyte,liver,303,617,-0.264547105022856,0.504,0.64,0.000713626817022611,0.00856352180427133,-0.452177225506695,0.0425824008004408,0.999145022914932,PPP2CA,,,FALSE,FALSE,FALSE
Cab39,Monocyte,liver,303,617,-0.384433699278569,0.22,0.347,0.00102212852719798,0.0105133219940363,-0.172812772871277,0.502204642833795,0.999145022914932,CAB39,0.0995298512419271,0.262092054253262,FALSE,FALSE,FALSE
Akt1,Monocyte,liver,303,617,-0.168995872625855,0.332,0.479,0.00223654819619325,0.0201289337657393,-0.216170837346204,0.308545986585406,0.999145022914932,AKT1,0.387089573539082,0.00343401055010987,TRUE,FALSE,FALSE
Lipe,Monocyte,liver,303,617,-0.221331232336447,0.07,0.132,0.00355297608938491,0.0275404343054778,-0.405330994502625,0.369706567685376,0.999145022914932,LIPE,0.0340270585471342,0.616554915631368,FALSE,FALSE,FALSE
Ppp2r5c,Monocyte,liver,303,617,-0.0924340939797314,0.366,0.512,0.00382506032020525,0.0275404343054778,-0.111786082949315,0.565456903707949,0.999145022914932,PPP2R5C,-0.214695257186268,0.0541914902763123,FALSE,FALSE,FALSE
Creb3,Monocyte,liver,303,617,-0.547997929444781,0.088,0.152,0.00554019983916245,0.0362631262199724,-0.302899954957998,0.346419930160341,0.999145022914932,CREB3,0.303800603180914,0.00138677189848469,TRUE,FALSE,FALSE
Cd36,Monocyte,liver,303,617,-0.801093502784616,0.147,0.221,0.00629758660191734,0.037785519611504,-0.239457199148697,0.602918514409733,0.999145022914932,CD36,0.228255319331112,0.102088419969093,FALSE,FALSE,FALSE
Foxo3,Monocyte,liver,303,617,-0.502837177776478,0.081,0.142,0.00784658891598245,0.0434580309192874,-0.567316796582619,0.15169234841372,0.999145022914932,FOXO3,-0.258505148092882,0.0236771002828433,TRUE,TRUE,FALSE
Prkaa1,Monocyte,liver,303,617,-0.960668614359004,0.041,0.083,0.00886169709878619,0.045574442222329,,,,PRKAA1,-0.0832174939496949,0.203035696208847,FALSE,FALSE,FALSE
Rptor,Monocyte,liver,303,617,-0.478497329976677,0.042,0.089,0.00960214559695846,0.0460902988654006,,,,RPTOR,,,FALSE,FALSE,FALSE
Adipor1,Monocyte,liver,303,617,-0.128387547817432,0.46,0.597,0.0118128674579199,0.0526227399802638,-0.142605841122037,0.518237480967847,0.999145022914932,ADIPOR1,0.0985079852008817,0.299828895869015,FALSE,FALSE,FALSE
Sirt1,Monocyte,liver,303,617,-0.432001577540766,0.063,0.116,0.0124248136064512,0.0526227399802638,-0.383383427767013,0.377981842022984,0.999145022914932,SIRT1,-0.389065828328134,0.0044363570263749,TRUE,FALSE,FALSE
Irs2,Monocyte,liver,303,617,-0.91103002410398,0.066,0.135,0.0134999036552801,0.0539996146211206,-0.528831616388875,0.261213489791316,0.999145022914932,IRS2,-0.584420274513232,0.00290962468594569,TRUE,FALSE,FALSE
Ppp2cb,Monocyte,liver,303,617,-0.347125470747444,0.152,0.224,0.0147311780480495,0.0558234115505035,-0.234686928788199,0.445936324276468,0.999145022914932,PPP2CB,-0.154344495591139,0.139208474399713,FALSE,FALSE,FALSE
Strada,Monocyte,liver,303,617,-1.29878822499422,0.018,0.059,0.0239393906667501,0.0839912706859288,,,,STRADA,0.0482638423255332,0.441561159337292,FALSE,FALSE,FALSE
Mtor,Monocyte,liver,303,617,0.199125810280875,0.049,0.089,0.0244974539500626,0.0839912706859288,,,,MTOR,0.0609980192311536,0.346097047602718,FALSE,FALSE,FALSE
Rps6kb1,Monocyte,liver,303,617,-0.384332582809735,0.136,0.201,0.026471954491895,0.08663548742802,-0.108969194230755,0.752713258160481,0.999145022914932,RPS6KB1,-0.0150524871094566,0.834304342285709,FALSE,FALSE,FALSE
Pfkp,Monocyte,liver,303,617,-0.0949669421451025,0.235,0.32,0.034836181375869,0.107769395482737,-0.244076070330864,0.349536674775294,0.999145022914932,PFKP,0.201971206322531,0.00645525341532389,TRUE,FALSE,FALSE
Prkab2,Monocyte,liver,303,617,0.11618893711446,0.076,0.122,0.0359231318275789,0.107769395482737,-0.0542334042853218,0.89696745465695,0.999145022914932,PRKAB2,-0.164901188264764,0.0594438901536121,FALSE,FALSE,FALSE
Rps6kb2,Monocyte,liver,303,617,-0.356122437407415,0.057,0.106,0.0397298967637732,0.114363866399762,,,,RPS6KB2,0.257949387042562,0.0194903632172992,TRUE,FALSE,FALSE
Igf1r,Monocyte,liver,303,617,-0.437705593060173,0.024,0.056,0.0412980628665809,0.114363866399762,,,,IGF1R,-0.148765271716842,0.133449327413096,FALSE,FALSE,FALSE
Eif4ebp1,Monocyte,liver,303,617,-0.0475719236818373,0.36,0.462,0.0465597367521889,0.124159298005837,0.000475642138782734,0.99825690618066,0.999850724095953,EIF4EBP1,0.0754219943218205,0.37388212514371,FALSE,FALSE,FALSE
Pik3cd,Monocyte,liver,303,617,-0.132542946667524,0.241,0.35,0.0498552674375206,0.125011812556233,-0.182489348073409,0.627295366717555,0.999145022914932,PIK3CD,0.187312414207718,0.0479971366369964,TRUE,FALSE,FALSE
Pfkl,Monocyte,liver,303,617,-0.11632552514513,0.141,0.201,0.0503519800573718,0.125011812556233,-0.10101010602771,0.703042357749223,0.999145022914932,PFKL,0.412788409607824,0.00375888054431156,TRUE,FALSE,FALSE
Pfkfb4,Monocyte,liver,303,617,0.205756522341299,0.117,0.175,0.0937127655693658,0.224910637366478,-0.167105841623526,0.644387827913197,0.999145022914932,PFKFB4,0.131856641195354,0.00500148112903384,TRUE,FALSE,FALSE
Ppp2r3d,Monocyte,liver,303,617,0.451844295736966,0.037,0.063,0.103723924191037,0.233351468537316,,,,PPP2R3B,0.276953635505095,0.00063525508853722,TRUE,FALSE,FALSE
Rab8a,Monocyte,liver,303,617,0.0715482058602195,0.318,0.432,0.106575578664365,0.233351468537316,-0.0220939873152579,0.936542163190296,0.999232791854334,RAB8A,,,FALSE,FALSE,FALSE
Akt2,Monocyte,liver,303,617,0.318430446544469,0.12,0.165,0.108484778176768,0.233351468537316,0.0985394638720457,0.771285384545112,0.999145022914932,AKT2,0.272775905162288,0.0322680307039496,TRUE,FALSE,FALSE
Foxo1,Monocyte,liver,303,617,-0.458093902826131,0.049,0.089,0.11019374903151,0.233351468537316,,,,FOXO1,-0.105403033427432,0.24841547187657,FALSE,FALSE,FALSE
Rab11b,Monocyte,liver,303,617,0.112980674492143,0.339,0.422,0.117803596938158,0.237597393010612,0.0505363664853944,0.787893947799624,0.999145022914932,RAB11B,-0.128979335643103,0.0848864845380073,FALSE,FALSE,FALSE
Acaca,Monocyte,liver,303,617,-0.29699151248844,0.037,0.063,0.118798696505306,0.237597393010612,,,,ACACA,0.07726357893715,0.585139303512386,FALSE,FALSE,FALSE
Ppp2r1a,Monocyte,liver,303,617,0.283295041496041,0.217,0.281,0.143203336077763,0.272350268102206,0.124863705326982,0.595763371367263,0.999145022914932,PPP2R1A,0.348763030574157,0.00116430586290843,TRUE,FALSE,FALSE
Elavl1,Monocyte,liver,303,617,0.16423149695419,0.216,0.287,0.143740419276164,0.272350268102206,0.160422223366432,0.48711097816165,0.999145022914932,ELAVL1,0.00629859637126631,0.929732702059394,FALSE,FALSE,FALSE
Pik3ca,Monocyte,liver,303,617,0.428833772294845,0.084,0.122,0.158208744666345,0.292077682460945,-0.0133885226025705,0.967949955943122,0.999232791854334,PIK3CA,-0.194162266153804,0.025007761246042,TRUE,FALSE,FALSE
Stk11,Monocyte,liver,303,617,0.308563424063832,0.191,0.254,0.171573555261786,0.304969795915469,0.0909626299385991,0.728355151462715,0.999145022914932,STK11,0.354251480632152,0.0153103974501462,TRUE,FALSE,FALSE
Map3k7,Monocyte,liver,303,617,-0.0075986695917587,0.086,0.119,0.17366335600742,0.304969795915469,0.0827423195009715,0.789883542080215,0.999145022914932,MAP3K7,-0.0337117987684358,0.660626089455411,FALSE,FALSE,FALSE
Rheb,Monocyte,liver,303,617,0.0370070878306037,0.357,0.436,0.200050886387037,0.342944376663492,0.101164763017907,0.595672248714075,0.999145022914932,RHEB,0.000762141165105317,0.994533538297037,FALSE,FALSE,FALSE
Creb1,Monocyte,liver,303,617,0.185226441874178,0.18,0.234,0.212781630200495,0.356285520335713,0.126259734375214,0.663022999286899,0.999145022914932,CREB1,-0.0788628754166012,0.27343317375151,FALSE,FALSE,FALSE
Pik3cb,Monocyte,liver,303,617,0.16648030002438,0.068,0.092,0.22006961579714,0.356897740478309,0.0856584363159944,0.833675817266324,0.999145022914932,PIK3CB,-0.0993069744440654,0.160710406845698,FALSE,FALSE,FALSE
Pfkfb3,Monocyte,liver,303,617,-0.101042261345501,0.11,0.142,0.223061087798943,0.356897740478309,0.121400213566782,0.732607820985909,0.999145022914932,PFKFB3,-0.655569796012921,0.000127446028528339,TRUE,FALSE,FALSE
G6pc3,Monocyte,liver,303,617,0.631625982195113,0.05,0.069,0.228498668068181,0.357650089150196,,,,G6PC3,0.0114334505189842,0.862668473837378,FALSE,FALSE,FALSE
Ulk1,Monocyte,liver,303,617,-0.108887199065488,0.057,0.079,0.243994918363158,0.373779449407391,,,,ULK1,0.471039299127842,6.64395450049281e-05,TRUE,FALSE,FALSE
Eef2,Monocyte,liver,303,617,-0.00335813080564851,0.848,0.937,0.256434528531066,0.384651792796598,-0.129737704022005,0.469578387842561,0.999145022914932,EEF2,0.448462726762021,0.00104406663485494,TRUE,FALSE,FALSE
Rab14,Monocyte,liver,303,617,0.355706953788566,0.556,0.601,0.269329857291517,0.395749994387536,0.312615063344067,0.073981918496989,0.999145022914932,RAB14,-0.0725879174061108,0.493282542838044,FALSE,FALSE,FALSE
Rab2a,Monocyte,liver,303,617,0.0187022804258368,0.506,0.591,0.283698071403583,0.408525222821159,0.0525666446385155,0.771412555905528,0.999145022914932,RAB2A,0.120861387341921,0.355798580095796,FALSE,FALSE,FALSE
Srebf1,Monocyte,liver,303,617,0.325565807676972,0.052,0.036,0.293277743922281,0.41403916789028,,,,SREBF1,0.435480157850608,0.0261960327030443,TRUE,FALSE,FALSE
Akt3,Monocyte,liver,303,617,1.21039140716794,0.065,0.056,0.300316700735442,0.415823124095227,,,,AKT3,-0.238769261788149,0.072397760239147,FALSE,FALSE,FALSE
Ppp2r2d,Monocyte,liver,303,617,0.0617461925621399,0.144,0.175,0.31507587918775,0.428027609462604,0.131717886606617,0.685485007753878,0.999145022914932,PPP2R2D,0.119151396427903,0.165293952164548,FALSE,FALSE,FALSE
Camkk2,Monocyte,liver,303,617,0.212771452251754,0.342,0.409,0.33617584862053,0.448234464827373,0.0759832816517131,0.815727166758216,0.999145022914932,CAMKK2,0.506110584900416,0.00844909260690126,TRUE,FALSE,FALSE
Cab39l,Monocyte,liver,303,617,0.320735436372835,0.079,0.102,0.349909141392618,0.458062876004881,0.0681390622328457,0.842067418605174,0.999145022914932,CAB39L,0.0137396623132676,0.857025750656643,FALSE,FALSE,FALSE
Ppp2r3c,Monocyte,liver,303,617,0.213696772076249,0.128,0.149,0.479859892327672,0.616962718707007,0.246257290567311,0.411031811050305,0.999145022914932,PPP2R3C,-0.151989920023,0.276422292168939,FALSE,FALSE,FALSE
Pck2,Monocyte,liver,303,617,1.05585112652574,0.092,0.086,0.538035204795444,0.679623416583718,0.535985055709434,0.133192125137762,0.999145022914932,PCK2,0.0144772473306067,0.912081693834765,FALSE,FALSE,FALSE
Pparg,Monocyte,liver,303,617,0.558829188706142,0.182,0.175,0.57150796007911,0.709458157339585,0.449306062336111,0.269717555228986,0.999145022914932,PPARG,0.14873252430513,0.210592958883288,FALSE,FALSE,FALSE
Insr,Monocyte,liver,303,617,0.866165162769554,0.063,0.056,0.60715190843895,0.738067404425658,,,,INSR,0.169374111461339,0.175103061199346,FALSE,FALSE,FALSE
Ppp2r5e,Monocyte,liver,303,617,0.619786370104509,0.109,0.125,0.619311739437448,0.738067404425658,0.270964756871767,0.398937515891827,0.999145022914932,PPP2R5E,-0.0251597625886988,0.835509017894403,FALSE,FALSE,FALSE
Akt1s1,Monocyte,liver,303,617,0.854150622966569,0.063,0.059,0.625307106527294,0.738067404425658,,,,AKT1S1,,,FALSE,FALSE,FALSE
Prkab1,Monocyte,liver,303,617,0.766158990717377,0.062,0.059,0.67938759802928,0.788966242872712,,,,PRKAB1,0.0903291141903828,0.333050873638677,FALSE,FALSE,FALSE
Prkag2,Monocyte,liver,303,617,0.547868856093161,0.058,0.066,0.711516921893868,0.813162196450134,,,,PRKAG2,0.144334536180236,0.179142511226382,FALSE,FALSE,FALSE
Prkag1,Monocyte,liver,303,617,0.511100761814829,0.122,0.139,0.723646914080789,0.814102778340888,0.351228375319754,0.221468353786422,0.999145022914932,PRKAG1,-0.0911617220470691,0.322923558463888,FALSE,FALSE,FALSE
Tsc2,Monocyte,liver,303,617,0.329418050534866,0.057,0.053,0.773658787367638,0.848718922144705,,,,TSC2,0.360866737018733,0.0271776682330935,TRUE,FALSE,FALSE
Pik3r1,Monocyte,liver,303,617,0.356803072294261,0.196,0.224,0.787095352856759,0.848718922144705,0.244077216196473,0.356933272023648,0.999145022914932,PIK3R1,-0.146984642979826,0.44195620227449,FALSE,FALSE,FALSE
Crtc2,Monocyte,liver,303,617,0.71101627727089,0.081,0.089,0.789780108106879,0.848718922144705,0.301183102330057,0.432227238884578,0.999145022914932,CRTC2,,,FALSE,FALSE,FALSE
Ccnd1,Monocyte,liver,303,617,1.1749394291429,0.05,0.046,0.811054766577389,0.858763870493706,,,,CCND1,0.8031084765255,0.00074921048132828,TRUE,FALSE,FALSE
Rab10,Monocyte,liver,303,617,0.426998218181486,0.408,0.482,0.835641062891584,0.871973283017305,0.157470838608176,0.52957463552544,0.999145022914932,RAB10,,,FALSE,FALSE,FALSE
Pdpk1,Monocyte,liver,303,617,0.606789536378052,0.107,0.122,0.921667098345712,0.948000444012733,0.494413858913425,0.210610859382847,0.999145022914932,PDPK1,0.153466221786299,0.018028233353959,TRUE,FALSE,FALSE
Cpt1a,Monocyte,liver,303,617,0.332897460407005,0.177,0.188,0.95399927783663,0.964937975552043,0.432116877736756,0.222852215171638,0.999145022914932,CPT1A,0.227443438987381,0.0910342838314238,FALSE,FALSE,FALSE
Ppp2r5d,Monocyte,liver,303,617,0.892242548139725,0.06,0.063,0.964937975552043,0.964937975552043,,,,PPP2R5D,0.0418634535766595,0.545552937261772,FALSE,FALSE,FALSE
Ppp2ca,NK_cell,liver,191,405,-0.471251097243309,0.368,0.492,0.00418553561620949,0.0919000791980415,-0.564435525499988,0.00748773550724742,0.179024948946007,PPP2CA,,,FALSE,FALSE,FALSE
Pik3ca,NK_cell,liver,191,405,-1.11741372414208,0.047,0.11,0.00443745155280234,0.0919000791980415,,,,PIK3CA,-0.194162266153804,0.025007761246042,TRUE,FALSE,FALSE
Rps6kb1,NK_cell,liver,191,405,-0.636695897264423,0.111,0.199,0.00502711961443825,0.0919000791980415,-0.600388561595289,0.0724883522121796,0.505193019466594,RPS6KB1,-0.0150524871094566,0.834304342285709,FALSE,FALSE,FALSE
Rheb,NK_cell,liver,191,405,-0.488272121419683,0.257,0.377,0.00768622653484102,0.0919000791980415,-0.398001388880926,0.0801167690419759,0.522228320609772,RHEB,0.000762141165105317,0.994533538297037,FALSE,FALSE,FALSE
Pik3cb,NK_cell,liver,191,405,-0.762333353393223,0.032,0.084,0.00792242062052082,0.0919000791980415,,,,PIK3CB,-0.0993069744440654,0.160710406845698,FALSE,FALSE,FALSE
Mtor,NK_cell,liver,191,405,-1.03778132911976,0.037,0.089,0.00976917017918403,0.0944353117321123,,,,MTOR,0.0609980192311536,0.346097047602718,FALSE,FALSE,FALSE
Stk11,NK_cell,liver,191,405,-0.416574763414443,0.141,0.23,0.0120854457277424,0.10013655031558,-0.60406868355511,0.0898710445921296,0.554851085761404,STK11,0.354251480632152,0.0153103974501462,TRUE,FALSE,FALSE
Pfkl,NK_cell,liver,191,405,-0.719550012708255,0.067,0.115,0.046315359040695,0.304830608238546,,,,PFKL,0.412788409607824,0.00375888054431156,TRUE,FALSE,FALSE
Rab14,NK_cell,liver,191,405,-0.146592137987929,0.316,0.408,0.0480581729067476,0.304830608238546,-0.169908037015186,0.475860779995038,0.856301870157808,RAB14,-0.0725879174061108,0.493282542838044,FALSE,FALSE,FALSE
Pck2,NK_cell,liver,191,405,1.83087124562565,0.052,0.021,0.0590776456942213,0.304830608238546,,,,PCK2,0.0144772473306067,0.912081693834765,FALSE,FALSE,FALSE
Rptor,NK_cell,liver,191,405,-0.583869448997463,0.057,0.099,0.0611110083285275,0.304830608238546,,,,RPTOR,,,FALSE,FALSE,FALSE
Ppp2r2d,NK_cell,liver,191,405,-0.367170474338096,0.131,0.194,0.0630684017045267,0.304830608238546,-0.140810114133186,0.65416258101232,0.91954056255089,PPP2R2D,0.119151396427903,0.165293952164548,FALSE,FALSE,FALSE
Acaca,NK_cell,liver,191,405,-1.53907169310932,0.03,0.058,0.0940955481230638,0.419810907010592,,,,ACACA,0.07726357893715,0.585139303512386,FALSE,FALSE,FALSE
Rab11b,NK_cell,liver,191,405,-0.438205892419725,0.252,0.319,0.101434942150637,0.420230474624068,-0.100717711439134,0.664819897232426,0.919878279497233,RAB11B,-0.128979335643103,0.0848864845380073,FALSE,FALSE,FALSE
Pfkp,NK_cell,liver,191,405,-0.285741196582882,0.215,0.272,0.150731188973882,0.556785661109024,-0.385379699666534,0.156833225397656,0.638172435853584,PFKP,0.201971206322531,0.00645525341532389,TRUE,FALSE,FALSE
Adipor1,NK_cell,liver,191,405,-0.155487389092811,0.205,0.267,0.153596044443869,0.556785661109024,-0.158097870322863,0.579760411006524,0.898549793849187,ADIPOR1,0.0985079852008817,0.299828895869015,FALSE,FALSE,FALSE
Ppp2r3c,NK_cell,liver,191,405,-0.383711355302099,0.047,0.073,0.194374577372814,0.639868119632993,,,,PPP2R3C,-0.151989920023,0.276422292168939,FALSE,FALSE,FALSE
Creb3,NK_cell,liver,191,405,-0.977368971621674,0.059,0.089,0.198579761265412,0.639868119632993,,,,CREB3,0.303800603180914,0.00138677189848469,TRUE,FALSE,FALSE
Ppp2r5a,NK_cell,liver,191,405,-0.183799394698932,0.316,0.377,0.216190044729594,0.659948557595604,-0.136694133371385,0.568465450076044,0.895897062488811,PPP2R5A,-0.262441936043039,0.00882731769154429,TRUE,FALSE,FALSE
Cab39,NK_cell,liver,191,405,-0.0168946193409151,0.294,0.366,0.227854117914655,0.6607769419525,-0.0139288464833373,0.951463265918242,0.989782605635861,CAB39,0.0995298512419271,0.262092054253262,FALSE,FALSE,FALSE
Ppp2cb,NK_cell,liver,191,405,-0.214912704718223,0.081,0.115,0.247438787195143,0.683402364634205,,,,PPP2CB,-0.154344495591139,0.139208474399713,FALSE,FALSE,FALSE
Sirt1,NK_cell,liver,191,405,-0.228627414771726,0.089,0.12,0.265069845893853,0.698820502811066,,,,SIRT1,-0.389065828328134,0.0044363570263749,TRUE,FALSE,FALSE
Hmgcr,NK_cell,liver,191,405,-0.292972267882258,0.094,0.126,0.303132797139772,0.713895181726237,,,,HMGCR,0.322114208989851,0.265480328108024,FALSE,FALSE,FALSE
Pik3cd,NK_cell,liver,191,405,0.385563004768356,0.333,0.309,0.305096778438695,0.713895181726237,0.374048134017452,0.113591049251545,0.580201121126238,PIK3CD,0.187312414207718,0.0479971366369964,TRUE,FALSE,FALSE
Ulk1,NK_cell,liver,191,405,-0.0113628584847802,0.035,0.052,0.316341967951925,0.713895181726237,,,,ULK1,0.471039299127842,6.64395450049281e-05,TRUE,FALSE,FALSE
Strada,NK_cell,liver,191,405,-0.653536015497144,0.044,0.063,0.33099018522706,0.713895181726237,,,,STRADA,0.0482638423255332,0.441561159337292,FALSE,FALSE,FALSE
Srebf1,NK_cell,liver,191,405,-0.824727107213159,0.044,0.063,0.332330515631179,0.713895181726237,,,,SREBF1,0.435480157850608,0.0261960327030443,TRUE,FALSE,FALSE
Foxo3,NK_cell,liver,191,405,-0.126004554103113,0.094,0.12,0.35120474728651,0.727495547950628,,,,FOXO3,-0.258505148092882,0.0236771002828433,TRUE,FALSE,FALSE
Map3k7,NK_cell,liver,191,405,0.610394525410962,0.064,0.047,0.391473494019061,0.74589732913076,,,,MAP3K7,-0.0337117987684358,0.660626089455411,FALSE,FALSE,FALSE
Prkab1,NK_cell,liver,191,405,-0.45374639767007,0.084,0.105,0.396337672994498,0.74589732913076,,,,PRKAB1,0.0903291141903828,0.333050873638677,FALSE,FALSE,FALSE
Prkag1,NK_cell,liver,191,405,-0.2684698699432,0.126,0.152,0.398669262121613,0.74589732913076,-0.1128581034135,0.742830387384969,0.940600221361892,PRKAG1,-0.0911617220470691,0.322923558463888,FALSE,FALSE,FALSE
Ppp2r2a,NK_cell,liver,191,405,0.00182882424061931,0.215,0.246,0.43575602234013,0.759106089445231,0.0404148051826672,0.876935588080443,0.967436940983523,PPP2R2A,-0.108782601530249,0.158420652705628,FALSE,FALSE,FALSE
Tbc1d1,NK_cell,liver,191,405,-0.0594215626734363,0.225,0.262,0.460773671700196,0.759106089445231,0.0195825916308376,0.944148543897223,0.989782605635861,TBC1D1,0.0427897471858399,0.548382850593194,FALSE,FALSE,FALSE
Ppp2r1a,NK_cell,liver,191,405,0.0531752464700185,0.173,0.204,0.474389104891887,0.759106089445231,-0.0381413798324892,0.884233943266915,0.969243665064473,PPP2R1A,0.348763030574157,0.00116430586290843,TRUE,FALSE,FALSE
Rps6kb2,NK_cell,liver,191,405,0.629091578098239,0.067,0.052,0.475461746310467,0.759106089445231,,,,RPS6KB2,0.257949387042562,0.0194903632172992,TRUE,FALSE,FALSE
Foxo1,NK_cell,liver,191,405,0.0982383001684012,0.158,0.188,0.477240563284266,0.759106089445231,0.074357226748524,0.796463304152037,0.953069018393987,FOXO1,-0.105403033427432,0.24841547187657,FALSE,FALSE,FALSE
Cab39l,NK_cell,liver,191,405,-0.0222024052793479,0.067,0.084,0.484257332921958,0.759106089445231,,,,CAB39L,0.0137396623132676,0.857025750656643,FALSE,FALSE,FALSE
Rab10,NK_cell,liver,191,405,0.0703142600626878,0.257,0.298,0.503505912081062,0.768509023702674,0.0315629524459787,0.894677331021216,0.972623782118136,RAB10,,,FALSE,FALSE,FALSE
Akt2,NK_cell,liver,191,405,0.0245795605912669,0.116,0.136,0.540348471772275,0.783441840568739,0.132488660474111,0.707741741295637,0.93376846031375,AKT2,0.272775905162288,0.0322680307039496,TRUE,FALSE,FALSE
Eef2k,NK_cell,liver,191,405,-0.178057717514669,0.094,0.11,0.549139775587662,0.783441840568739,,,,EEF2K,,,FALSE,FALSE,FALSE
Ppp2r5e,NK_cell,liver,191,405,0.259104496970507,0.136,0.12,0.557718750593628,0.783441840568739,0.454289239801371,0.190932858080924,0.661840521619709,PPP2R5E,-0.0251597625886988,0.835509017894403,FALSE,FALSE,FALSE
Eif4ebp1,NK_cell,liver,191,405,0.457968981464849,0.067,0.058,0.567319953515294,0.783441840568739,,,,EIF4EBP1,0.0754219943218205,0.37388212514371,FALSE,FALSE,FALSE
Akt1,NK_cell,liver,191,405,0.435848660778943,0.136,0.126,0.639184623508707,0.854144969730252,0.412545824760754,0.323036180419468,0.77400153740514,AKT1,0.387089573539082,0.00343401055010987,TRUE,FALSE,FALSE
Rab2a,NK_cell,liver,191,405,0.152831530200917,0.44,0.414,0.657777079297698,0.854144969730252,0.192457324237658,0.39973460048509,0.828732890562624,RAB2A,0.120861387341921,0.355798580095796,FALSE,FALSE,FALSE
Rab8a,NK_cell,liver,191,405,0.255015974287359,0.368,0.377,0.662698683411402,0.854144969730252,0.165076962224087,0.498826115774856,0.866145604710524,RAB8A,,,FALSE,FALSE,FALSE
Crtc2,NK_cell,liver,191,405,-0.13253887398679,0.054,0.063,0.677896688903746,0.854739303400375,,,,CRTC2,,,FALSE,FALSE,FALSE
Eef2,NK_cell,liver,191,405,0.033571788402583,0.869,0.869,0.704181829097454,0.86369085627265,-0.0289655026211529,0.851536716298368,0.963755068859078,EEF2,0.448462726762021,0.00104406663485494,TRUE,FALSE,FALSE
Elavl1,NK_cell,liver,191,405,0.0302972505004115,0.215,0.236,0.714778639673917,0.86369085627265,0.131346415153392,0.609007082153335,0.904908828284334,ELAVL1,0.00629859637126631,0.929732702059394,FALSE,FALSE,FALSE
Creb1,NK_cell,liver,191,405,-0.117163930632089,0.2,0.215,0.787380114952451,0.922595628496236,-0.0440953820665882,0.884429081130459,0.969243665064473,CREB1,-0.0788628754166012,0.27343317375151,FALSE,FALSE,FALSE
Adipor2,NK_cell,liver,191,405,0.131422026714877,0.222,0.241,0.795341059048479,0.922595628496236,0.132786208472092,0.605627032000136,0.903145425866776,ADIPOR2,0.0715962771728451,0.531210570140672,FALSE,FALSE,FALSE
Pik3r1,NK_cell,liver,191,405,0.160124744669991,0.573,0.644,0.834949545289188,0.949550463270057,0.161130880674435,0.318194566249968,0.773984179187317,PIK3R1,-0.146984642979826,0.44195620227449,FALSE,FALSE,FALSE
Fasn,NK_cell,liver,191,405,-0.193957081981966,0.084,0.089,0.852464010243163,0.950825242194297,,,,FASN,0.69799363467585,0.0102285985406989,TRUE,FALSE,FALSE
Tsc1,NK_cell,liver,191,405,-0.0593505731885498,0.047,0.052,0.886056892363469,0.963060995621789,,,,TSC1,-0.202386421851348,0.034493511696181,TRUE,FALSE,FALSE
Cpt1a,NK_cell,liver,191,405,0.149535247323847,0.054,0.058,0.896642995923734,0.963060995621789,,,,CPT1A,0.227443438987381,0.0910342838314238,FALSE,FALSE,FALSE
Akt3,NK_cell,liver,191,405,0.240446785810068,0.057,0.058,0.916307867410362,0.966288296541836,,,,AKT3,-0.238769261788149,0.072397760239147,FALSE,FALSE,FALSE
Irs2,NK_cell,liver,191,405,0.0480356784640652,0.086,0.089,0.933120629369758,0.966446366132964,,,,IRS2,-0.584420274513232,0.00290962468594569,TRUE,FALSE,FALSE
Pdpk1,NK_cell,liver,191,405,-0.0817709377030969,0.168,0.168,0.96501694385913,0.98194706568122,0.248643347880589,0.432344528605943,0.839429701156645,PDPK1,0.153466221786299,0.018028233353959,TRUE,FALSE,FALSE
Ppp2r5c,NK_cell,liver,191,405,-0.00261021776498871,0.235,0.236,0.987411045985182,0.987411045985182,0.016769192416644,0.945967748316102,0.989782605635861,PPP2R5C,-0.214695257186268,0.0541914902763123,FALSE,FALSE,FALSE
Stk11,Neutrophil,liver,204,368,-1.21729769900117,0.13,0.304,7.92554150765489e-07,2.85319494275576e-05,-1.1599772050015,0.0216273803625566,0.645833299862795,STK11,0.354251480632152,0.0153103974501462,TRUE,FALSE,FALSE
Akt1,Neutrophil,liver,204,368,-1.1260555759339,0.084,0.181,0.000727227713082946,0.013090098835493,-1.06027685282045,0.0218088947427505,0.645833299862795,AKT1,0.387089573539082,0.00343401055010987,TRUE,FALSE,FALSE
Irs2,Neutrophil,liver,204,368,-1.24135286857339,0.046,0.108,0.0103915617589819,0.124698741107782,,,,IRS2,-0.584420274513232,0.00290962468594569,TRUE,FALSE,FALSE
Rab11b,Neutrophil,liver,204,368,-0.397434131588681,0.122,0.201,0.0208406430480387,0.174694389310408,-0.403387284421371,0.248482782748311,0.865789481397049,RAB11B,-0.128979335643103,0.0848864845380073,FALSE,FALSE,FALSE
Ulk1,Neutrophil,liver,204,368,-0.279811840362113,0.06,0.118,0.0242631096264455,0.174694389310408,,,,ULK1,0.471039299127842,6.64395450049281e-05,TRUE,FALSE,FALSE
Ppp2ca,Neutrophil,liver,204,368,-0.252211393722998,0.258,0.353,0.0391460082238004,0.234876049342802,-0.219857277492805,0.442043405895783,0.907292644919184,PPP2CA,,,FALSE,FALSE,FALSE
Rab2a,Neutrophil,liver,204,368,-0.0773362021143706,0.242,0.333,0.08969803607121,0.437278104044184,-0.190951589740329,0.557362728311178,0.913021861498451,RAB2A,0.120861387341921,0.355798580095796,FALSE,FALSE,FALSE
Ppp2r2d,Neutrophil,liver,204,368,-0.501172723197049,0.092,0.137,0.120236149749042,0.437278104044184,-0.321723664758995,0.492370180850995,0.913021861498451,PPP2R2D,0.119151396427903,0.165293952164548,FALSE,FALSE,FALSE
Rab14,Neutrophil,liver,204,368,-0.38167402601863,0.193,0.245,0.139723407653467,0.437278104044184,-0.232050995710096,0.532608534376699,0.913021861498451,RAB14,-0.0725879174061108,0.493282542838044,FALSE,FALSE,FALSE
Adipor1,Neutrophil,liver,204,368,0.251371998686266,0.628,0.623,0.148421568566105,0.437278104044184,0.174646322479471,0.44753382934514,0.909316463403493,ADIPOR1,0.0985079852008817,0.299828895869015,FALSE,FALSE,FALSE
Prkag1,Neutrophil,liver,204,368,-0.356618103072278,0.052,0.083,0.153307050288237,0.437278104044184,,,,PRKAG1,-0.0911617220470691,0.322923558463888,FALSE,FALSE,FALSE
Creb3,Neutrophil,liver,204,368,-0.523359072610425,0.03,0.054,0.159212117682928,0.437278104044184,,,,CREB3,0.303800603180914,0.00138677189848469,TRUE,FALSE,FALSE
Eef2,Neutrophil,liver,204,368,-0.361780958656209,0.204,0.284,0.166951555650766,0.437278104044184,-0.236984558350676,0.483407827599418,0.913021861498451,EEF2,0.448462726762021,0.00104406663485494,TRUE,FALSE,FALSE
Pik3r1,Neutrophil,liver,204,368,-0.295455284898578,0.065,0.103,0.170052596017183,0.437278104044184,,,,PIK3R1,-0.146984642979826,0.44195620227449,FALSE,FALSE,FALSE
Pdpk1,Neutrophil,liver,204,368,-0.80481123676727,0.035,0.054,0.199988734341786,0.468707263146763,,,,PDPK1,0.153466221786299,0.018028233353959,TRUE,FALSE,FALSE
Adipor2,Neutrophil,liver,204,368,-0.157279765953314,0.149,0.196,0.208314339176339,0.468707263146763,-0.237424145385906,0.545188354066071,0.913021861498451,ADIPOR2,0.0715962771728451,0.531210570140672,FALSE,FALSE,FALSE
Akt2,Neutrophil,liver,204,368,-0.277111810176283,0.101,0.137,0.225131928812371,0.476749966896786,,,,AKT2,0.272775905162288,0.0322680307039496,TRUE,FALSE,FALSE
Ppp2r5a,Neutrophil,liver,204,368,0.225849134096261,0.315,0.412,0.251382673199718,0.502765346399435,0.127939436122567,0.624862173412508,0.929687829575767,PPP2R5A,-0.262441936043039,0.00882731769154429,TRUE,FALSE,FALSE
Cab39,Neutrophil,liver,204,368,-0.184212316983513,0.19,0.23,0.304370163194446,0.576701361842109,-0.240991030908113,0.52154917217296,0.913021861498451,CAB39,0.0995298512419271,0.262092054253262,FALSE,FALSE,FALSE
Pfkp,Neutrophil,liver,204,368,-0.516260456996735,0.084,0.108,0.348138276592887,0.626648897867197,,,,PFKP,0.201971206322531,0.00645525341532389,TRUE,FALSE,FALSE
Rheb,Neutrophil,liver,204,368,0.0906593758435106,0.179,0.221,0.379114309422552,0.641219652960715,0.0407025929012185,0.89867279331837,0.992729378826862,RHEB,0.000762141165105317,0.994533538297037,FALSE,FALSE,FALSE
Eif4ebp1,Neutrophil,liver,204,368,0.295261349129101,0.296,0.27,0.393318957800736,0.641219652960715,0.029312731532024,0.934750906751236,0.992729378826862,EIF4EBP1,0.0754219943218205,0.37388212514371,FALSE,FALSE,FALSE
Pfkfb3,Neutrophil,liver,204,368,-0.237633243166068,0.052,0.069,0.418843404964339,0.641219652960715,,,,PFKFB3,-0.655569796012921,0.000127446028528339,TRUE,FALSE,FALSE
Creb1,Neutrophil,liver,204,368,0.75618846932793,0.09,0.074,0.440654232755309,0.641219652960715,,,,CREB1,-0.0788628754166012,0.27343317375151,FALSE,FALSE,FALSE
Hmgcr,Neutrophil,liver,204,368,-0.511024565570551,0.041,0.059,0.445291425667163,0.641219652960715,,,,HMGCR,0.322114208989851,0.265480328108024,FALSE,FALSE,FALSE
Rab8a,Neutrophil,liver,204,368,-0.0949604160646624,0.28,0.314,0.545385952441215,0.755149780303221,0.22444057626816,0.47405826269015,0.909316463403493,RAB8A,,,FALSE,FALSE,FALSE
Pik3cd,Neutrophil,liver,204,368,0.530180201616376,0.136,0.127,0.571526588724358,0.762035451632477,0.578602555679383,0.186519739295604,0.826682307742198,PIK3CD,0.187312414207718,0.0479971366369964,TRUE,FALSE,FALSE
Ppp2r1a,Neutrophil,liver,204,368,0.289095632903753,0.052,0.044,0.690350023222735,0.88759288700066,,,,PPP2R1A,0.348763030574157,0.00116430586290843,TRUE,FALSE,FALSE
Pfkfb4,Neutrophil,liver,204,368,0.387318785572695,0.136,0.152,0.763734399114556,0.904268918041395,0.416074651987153,0.330019897569349,0.883553592220815,PFKFB4,0.131856641195354,0.00500148112903384,TRUE,FALSE,FALSE
Ppp2cb,Neutrophil,liver,204,368,-0.371920930761655,0.057,0.064,0.770834752877579,0.904268918041395,,,,PPP2CB,-0.154344495591139,0.139208474399713,FALSE,FALSE,FALSE
Rps6kb1,Neutrophil,liver,204,368,0.276311186053152,0.065,0.069,0.778676012757868,0.904268918041395,,,,RPS6KB1,-0.0150524871094566,0.834304342285709,FALSE,FALSE,FALSE
Ppp2r5c,Neutrophil,liver,204,368,0.318788201809987,0.111,0.108,0.811425693622289,0.912853905325075,,,,PPP2R5C,-0.214695257186268,0.0541914902763123,FALSE,FALSE,FALSE
Tbc1d1,Neutrophil,liver,204,368,0.468135324081915,0.062,0.064,0.877914404601218,0.922418637172014,,,,TBC1D1,0.0427897471858399,0.548382850593194,FALSE,FALSE,FALSE
Igf1r,Neutrophil,liver,204,368,0.140344746264089,0.299,0.328,0.904261772027337,0.922418637172014,0.17534107666726,0.538427445768819,0.913021861498451,IGF1R,-0.148765271716842,0.133449327413096,FALSE,FALSE,FALSE
Foxo3,Neutrophil,liver,204,368,0.705291120769737,0.073,0.074,0.905171281018839,0.922418637172014,,,,FOXO3,-0.258505148092882,0.0236771002828433,TRUE,FALSE,FALSE
Rab10,Neutrophil,liver,204,368,-0.596735918048536,0.082,0.078,0.922418637172014,0.922418637172014,,,,RAB10,,,FALSE,FALSE,FALSE
Ppp2r5a,T_cell,liver,690,1328,-0.356710739324171,0.305,0.454,9.59380281317019e-08,1.91355177110033e-06,-0.361001714802183,0.0181026318373087,0.360528204591454,PPP2R5A,-0.262441936043039,0.00882731769154429,TRUE,TRUE,TRUE
Ppp2r2d,T_cell,liver,690,1328,-0.684857119797561,0.098,0.187,1.05227559935635e-07,1.91355177110033e-06,-0.623774050757102,0.00907650206187791,0.273733894182906,PPP2R2D,0.119151396427903,0.165293952164548,FALSE,FALSE,FALSE
Ppp2cb,T_cell,liver,690,1328,-0.832771208050482,0.046,0.11,1.17156230883694e-07,1.91355177110033e-06,-0.908990373243617,0.00165841123743828,0.160999423261454,PPP2CB,-0.154344495591139,0.139208474399713,FALSE,FALSE,FALSE
Rheb,T_cell,liver,690,1328,-0.250522468637117,0.193,0.314,1.80863079930069e-07,1.99093711813008e-06,-0.358930387769757,0.0348562425166784,0.444094349101384,RHEB,0.000762141165105317,0.994533538297037,FALSE,FALSE,FALSE
Ppp2ca,T_cell,liver,690,1328,-0.293063304984649,0.287,0.425,2.03156848788784e-07,1.99093711813008e-06,-0.356578265901129,0.0448522788465521,0.473419869331529,PPP2CA,,,FALSE,FALSE,FALSE
Adipor2,T_cell,liver,690,1328,-0.377654627544712,0.118,0.209,8.38625805100942e-07,6.84877740832436e-06,-0.383419887962125,0.0761101793506452,0.558838087118917,ADIPOR2,0.0715962771728451,0.531210570140672,FALSE,FALSE,FALSE
Sirt1,T_cell,liver,690,1328,-0.352695091393866,0.085,0.155,7.31839472764433e-06,5.12287630935103e-05,-0.46955980406433,0.0732972917810638,0.558062277866289,SIRT1,-0.389065828328134,0.0044363570263749,TRUE,TRUE,FALSE
Cab39l,T_cell,liver,690,1328,-0.64591848336708,0.05,0.104,9.22993719757791e-06,5.65333653351647e-05,-0.668917564972961,0.0290731164749693,0.416689503416283,CAB39L,0.0137396623132676,0.857025750656643,FALSE,FALSE,FALSE
Rab14,T_cell,liver,690,1328,-0.176881668246318,0.257,0.383,1.35547237217356e-05,7.37979402627824e-05,-0.279326486614633,0.0690127645692597,0.548046801951896,RAB14,-0.0725879174061108,0.493282542838044,FALSE,FALSE,FALSE
Stk11,T_cell,liver,690,1328,-0.125668683779425,0.138,0.219,4.99464630002802e-05,0.000222544189615149,-0.290993768007424,0.151524884594778,0.66890591125096,STK11,0.354251480632152,0.0153103974501462,TRUE,FALSE,FALSE
Ulk1,T_cell,liver,690,1328,-0.561842997351766,0.035,0.077,4.99588997095232e-05,0.000222544189615149,-0.690402805475336,0.0702147558905161,0.550799726455307,ULK1,0.471039299127842,6.64395450049281e-05,TRUE,FALSE,FALSE
Foxo1,T_cell,liver,690,1328,-0.276545842302398,0.188,0.275,6.0946320089177e-05,0.000248864140364139,-0.419541610450252,0.0149880452225076,0.329241771287609,FOXO1,-0.105403033427432,0.24841547187657,FALSE,FALSE,FALSE
Ppp2r2a,T_cell,liver,690,1328,-0.270549349436313,0.2,0.287,7.63649753553323e-05,0.000287837214800868,-0.157292329613752,0.36056524830053,0.818727703744123,PPP2R2A,-0.108782601530249,0.158420652705628,FALSE,FALSE,FALSE
Igf1r,T_cell,liver,690,1328,-1.22064144286092,0.038,0.086,8.45127928376686e-05,0.000289280752771481,-1.19822330687266,0.000376577880187909,0.0990436525332551,IGF1R,-0.148765271716842,0.133449327413096,FALSE,FALSE,FALSE
Adipor1,T_cell,liver,690,1328,-0.33296574889385,0.143,0.216,8.85553324810655e-05,0.000289280752771481,-0.267633713055972,0.136797764191105,0.656439163116949,ADIPOR1,0.0985079852008817,0.299828895869015,FALSE,FALSE,FALSE
Pfkl,T_cell,liver,690,1328,-0.472018531878898,0.077,0.128,0.000441801458451579,0.00135301696650796,-0.332893872680174,0.23699447033037,0.761706751945108,PFKL,0.412788409607824,0.00375888054431156,TRUE,FALSE,FALSE
Irs2,T_cell,liver,690,1328,-0.199698024736273,0.08,0.128,0.00113692586343518,0.003277021606372,-0.363733892058514,0.199000786048934,0.715193410365449,IRS2,-0.584420274513232,0.00290962468594569,TRUE,TRUE,FALSE
Rps6kb1,T_cell,liver,690,1328,-0.163601349201091,0.139,0.2,0.00153777539274222,0.00418616634690938,-0.16643709607583,0.43026017937554,0.853114764112855,RPS6KB1,-0.0150524871094566,0.834304342285709,FALSE,FALSE,FALSE
Hmgcr,T_cell,liver,690,1328,-0.00776575195622831,0.121,0.175,0.00225106656124052,0.00580538218425188,-0.139464649673274,0.470130836081971,0.869498902544377,HMGCR,0.322114208989851,0.265480328108024,FALSE,FALSE,FALSE
Ppp2r5e,T_cell,liver,690,1328,-0.0795082838437315,0.105,0.157,0.00250192714847212,0.00612972151375668,-0.195330828545192,0.355806888308076,0.817167173015347,PPP2R5E,-0.0251597625886988,0.835509017894403,FALSE,FALSE,FALSE
Rab10,T_cell,liver,690,1328,-0.0235492670730011,0.241,0.326,0.00293779290058609,0.00685485010136754,-0.0652100558117266,0.679783205877694,0.932660818291548,RAB10,,,FALSE,FALSE,FALSE
Rptor,T_cell,liver,690,1328,-0.34804303820647,0.059,0.094,0.00328997610764634,0.00732767405793957,-0.32427841846469,0.219846880699529,0.743873601645182,RPTOR,,,FALSE,FALSE,FALSE
Ppp2r1a,T_cell,liver,690,1328,-0.0479041428900104,0.108,0.158,0.00345817635658129,0.00735272020604329,-0.133369079861142,0.503986567522581,0.875292278268435,PPP2R1A,0.348763030574157,0.00116430586290843,TRUE,FALSE,FALSE
Eef2,T_cell,liver,690,1328,-0.082980297900368,0.865,0.942,0.00360133234581712,0.00735272020604329,-0.14255013349038,0.308441376533909,0.788062237851525,EEF2,0.448462726762021,0.00104406663485494,TRUE,FALSE,FALSE
Prkaa1,T_cell,liver,690,1328,-0.364751452869377,0.033,0.061,0.00441933719836808,0.00866190090880143,-0.484475229045995,0.198935069447635,0.715193410365449,PRKAA1,-0.0832174939496949,0.203035696208847,FALSE,FALSE,FALSE
Prkag1,T_cell,liver,690,1328,-0.140344486205177,0.081,0.122,0.00666672497679392,0.0125642124562655,-0.26553995015805,0.259407733200818,0.769408712934815,PRKAG1,-0.0911617220470691,0.322923558463888,FALSE,FALSE,FALSE
Pfkp,T_cell,liver,690,1328,-0.12292652938337,0.188,0.249,0.00891544967802756,0.0161798901564204,-0.070331057179818,0.712058767374193,0.944248933379049,PFKP,0.201971206322531,0.00645525341532389,TRUE,FALSE,FALSE
Rab2a,T_cell,liver,690,1328,-0.0425647719018458,0.319,0.413,0.00926996980799941,0.016222447163999,-0.172131571997161,0.278010302218891,0.774036785683306,RAB2A,0.120861387341921,0.355798580095796,FALSE,FALSE,FALSE
Ppp2r5d,T_cell,liver,690,1328,-0.143545900400052,0.034,0.059,0.0101408485794152,0.017134537254874,-0.366001674938291,0.356427327499781,0.817167173015347,PPP2R5D,0.0418634535766595,0.545552937261772,FALSE,FALSE,FALSE
Creb1,T_cell,liver,690,1328,-0.112764928122146,0.141,0.191,0.0115330968308823,0.0188373914904412,-0.110984146312677,0.5746045205471,0.901233347317446,CREB1,-0.0788628754166012,0.27343317375151,FALSE,FALSE,FALSE
Pik3ca,T_cell,liver,690,1328,-0.103431277697983,0.079,0.117,0.0139141987246467,0.0219934108873449,-0.178832955458035,0.442546670994155,0.858928000777664,PIK3CA,-0.194162266153804,0.025007761246042,TRUE,TRUE,FALSE
Map3k7,T_cell,liver,690,1328,0.0551691152572094,0.043,0.07,0.016084682033773,0.0246296693642149,-0.281620276092409,0.368507334036932,0.823138752750073,MAP3K7,-0.0337117987684358,0.660626089455411,FALSE,FALSE,FALSE
Akt2,T_cell,liver,690,1328,-0.0977057706265503,0.077,0.112,0.0177870845432496,0.0264111255339161,-0.257242540895084,0.328400568052004,0.801396256636772,AKT2,0.272775905162288,0.0322680307039496,TRUE,FALSE,FALSE
Crtc2,T_cell,liver,690,1328,-0.323796815587394,0.047,0.074,0.0275210108083915,0.0396626332238584,-0.317763692679624,0.28976455905562,0.778521939134718,CRTC2,,,FALSE,FALSE,FALSE
Tsc1,T_cell,liver,690,1328,-0.0271142616233395,0.051,0.075,0.0333719126208571,0.0467206776691999,-0.178869086269212,0.521532800156505,0.881323400266552,TSC1,-0.202386421851348,0.034493511696181,TRUE,TRUE,FALSE
Elavl1,T_cell,liver,690,1328,0.12275147771354,0.151,0.197,0.0423137317507053,0.0575936904384599,-0.0364284537947192,0.858019963771927,0.978820483241777,ELAVL1,0.00629859637126631,0.929732702059394,FALSE,FALSE,FALSE
Rab11b,T_cell,liver,690,1328,0.115812251541947,0.184,0.232,0.0561661481387572,0.0743821961837595,0.0545498650645954,0.762772510172411,0.959674479846871,RAB11B,-0.128979335643103,0.0848864845380073,FALSE,FALSE,FALSE
Pik3cd,T_cell,liver,690,1328,0.111808786756138,0.263,0.328,0.0661801844372907,0.0853376062480853,0.0706984944292793,0.657994405880839,0.925523131067416,PIK3CD,0.187312414207718,0.0479971366369964,TRUE,FALSE,FALSE
Ppp2r5c,T_cell,liver,690,1328,0.339108782498913,0.197,0.248,0.0830852191341828,0.104389121476281,0.189777919772722,0.321265424201246,0.797682654315954,PPP2R5C,-0.214695257186268,0.0541914902763123,FALSE,FALSE,FALSE
Akt1,T_cell,liver,690,1328,-0.136800074996295,0.079,0.103,0.134509038457934,0.164773572110969,-0.0210427155138625,0.928029829919391,0.991575568661578,AKT1,0.387089573539082,0.00343401055010987,TRUE,FALSE,FALSE
Prkab1,T_cell,liver,690,1328,0.116829139837557,0.038,0.052,0.147466018442313,0.17623987569935,-0.0372177811936772,0.906958378114277,0.987463818956819,PRKAB1,0.0903291141903828,0.333050873638677,FALSE,FALSE,FALSE
Pik3r1,T_cell,liver,690,1328,0.10730722291864,0.268,0.322,0.174031897688582,0.203037213970013,-0.00513574521647485,0.975184632913401,0.997998282878786,PIK3R1,-0.146984642979826,0.44195620227449,FALSE,FALSE,FALSE
Tbc1d1,T_cell,liver,690,1328,0.208507688628594,0.169,0.201,0.237494100037797,0.270632811670978,-0.00790971283644305,0.966645698631143,0.995948856318015,TBC1D1,0.0427897471858399,0.548382850593194,FALSE,FALSE,FALSE
Akt3,T_cell,liver,690,1328,0.0123333971488182,0.043,0.054,0.253400801520896,0.28219634714827,0.175082950146033,0.602093870996943,0.910806184208632,AKT3,-0.238769261788149,0.072397760239147,FALSE,FALSE,FALSE
Cab39,T_cell,liver,690,1328,0.205285142490407,0.233,0.27,0.389396320336368,0.424009326588489,0.116737440015585,0.474409336387093,0.870917671186015,CAB39,0.0995298512419271,0.262092054253262,FALSE,FALSE,FALSE
Pdpk1,T_cell,liver,690,1328,0.310145408502062,0.139,0.159,0.418962876493304,0.446286542351564,0.114458960737352,0.571202863337979,0.899459229731315,PDPK1,0.153466221786299,0.018028233353959,TRUE,FALSE,FALSE
Rab8a,T_cell,liver,690,1328,0.46490509546159,0.288,0.304,0.452303236051615,0.471550182266577,0.341420540360995,0.0403880015179052,0.456203575354488,RAB8A,,,FALSE,FALSE,FALSE
Foxo3,T_cell,liver,690,1328,0.605195445356893,0.075,0.086,0.49861868760132,0.509006576926347,0.275648735048874,0.369291629730236,0.823291814532359,FOXO3,-0.258505148092882,0.0236771002828433,TRUE,FALSE,FALSE
Fasn,T_cell,liver,690,1328,0.571265872237814,0.057,0.061,0.850682032369394,0.850682032369394,0.489262217794693,0.139641767803935,0.659371267314613,FASN,0.69799363467585,0.0102285985406989,TRUE,FALSE,FALSE
Hmgcr,cDC,liver,241,490,-0.977759532179108,0.322,0.552,3.11696882500437e-09,2.46240537175346e-07,-0.838137317539442,0.0191612382191929,0.99875188110707,HMGCR,0.322114208989851,0.265480328108024,FALSE,FALSE,FALSE
Fasn,cDC,liver,241,490,-0.94206121872438,0.135,0.274,1.16038235868457e-05,0.000458351031680406,-0.729184369293667,0.0234638059900826,0.99875188110707,FASN,0.69799363467585,0.0102285985406989,TRUE,FALSE,FALSE
Cd36,cDC,liver,241,490,-0.843615264727382,0.165,0.307,2.13100725474653e-05,0.00056116524374992,-0.882738088421542,0.00209131385131542,0.99875188110707,CD36,0.228255319331112,0.102088419969093,FALSE,FALSE,FALSE
Crtc2,cDC,liver,241,490,-0.736242640508599,0.114,0.232,7.62371016287633e-05,0.00132659466190165,-0.610450285381376,0.0554912055674277,0.99875188110707,CRTC2,,,FALSE,FALSE,FALSE
Ppp2ca,cDC,liver,241,490,-0.315347949266434,0.627,0.813,8.39616874621299e-05,0.00132659466190165,-0.17353440822457,0.435072928174018,0.99875188110707,PPP2CA,,,FALSE,FALSE,FALSE
Ppp2cb,cDC,liver,241,490,-0.44102706327218,0.127,0.249,0.00010670602183449,0.00140496262082078,-0.345284381319842,0.226396847827002,0.99875188110707,PPP2CB,-0.154344495591139,0.139208474399713,FALSE,FALSE,FALSE
Acaca,cDC,liver,241,490,-0.9452185110757,0.051,0.133,0.000261166234244131,0.0029474475007552,-0.860065960794443,0.113717872190691,0.99875188110707,ACACA,0.07726357893715,0.585139303512386,FALSE,FALSE,FALSE
Stk11,cDC,liver,241,490,-0.293860330765568,0.251,0.415,0.00033860236970527,0.00334369840083955,-0.263251033878868,0.33769228700617,0.99875188110707,STK11,0.354251480632152,0.0153103974501462,TRUE,FALSE,FALSE
Cab39,cDC,liver,241,490,-0.48415830935736,0.265,0.411,0.000498773016220531,0.00437811869793577,-0.276579105345764,0.284655087422103,0.99875188110707,CAB39,0.0995298512419271,0.262092054253262,FALSE,FALSE,FALSE
Rab11b,cDC,liver,241,490,-0.326724572793958,0.353,0.523,0.000574059111393158,0.00453506698000595,-0.0588563297065037,0.774199479047872,0.99875188110707,RAB11B,-0.128979335643103,0.0848864845380073,FALSE,FALSE,FALSE
Insr,cDC,liver,241,490,-1.19032168425427,0.037,0.095,0.000742442204563828,0.00533208492368567,,,,INSR,0.169374111461339,0.175103061199346,FALSE,FALSE,FALSE
Ulk1,cDC,liver,241,490,-1.22650346345809,0.033,0.091,0.000843550056220797,0.00555337120345358,,,,ULK1,0.471039299127842,6.64395450049281e-05,TRUE,FALSE,FALSE
Akt1,cDC,liver,241,490,-0.0781041661779029,0.365,0.539,0.00109317906518831,0.00664316508845205,-0.107944246333251,0.657980761549768,0.99875188110707,AKT1,0.387089573539082,0.00343401055010987,TRUE,FALSE,FALSE
Pfkl,cDC,liver,241,490,-0.406306468804267,0.165,0.282,0.00131961115070598,0.00744637720755516,-0.197921914833748,0.446683871552222,0.99875188110707,PFKL,0.412788409607824,0.00375888054431156,TRUE,FALSE,FALSE
Adipor2,cDC,liver,241,490,-0.28202228885588,0.29,0.432,0.00173555289455628,0.00914057857799642,-0.150105267882104,0.516314737447742,0.99875188110707,ADIPOR2,0.0715962771728451,0.531210570140672,FALSE,FALSE,FALSE
Rab2a,cDC,liver,241,490,-0.256216037276186,0.555,0.763,0.00194065249559314,0.00958197169699113,-0.173492250887246,0.30770785380237,0.99875188110707,RAB2A,0.120861387341921,0.355798580095796,FALSE,FALSE,FALSE
Eif4ebp1,cDC,liver,241,490,-0.503604595268496,0.231,0.349,0.00252965743604933,0.0117554669086998,-0.36978974853796,0.270325002093398,0.99875188110707,EIF4EBP1,0.0754219943218205,0.37388212514371,FALSE,FALSE,FALSE
Igf1r,cDC,liver,241,490,-1.37815141859352,0.027,0.075,0.00293085540282562,0.012584943609448,,,,IGF1R,-0.148765271716842,0.133449327413096,FALSE,FALSE,FALSE
Ppp2r3c,cDC,liver,241,490,-0.514016706155091,0.157,0.257,0.00302675858961409,0.012584943609448,-0.370382391514902,0.143883237594092,0.99875188110707,PPP2R3C,-0.151989920023,0.276422292168939,FALSE,FALSE,FALSE
Ppp2r2d,cDC,liver,241,490,-0.296266146799783,0.194,0.299,0.00318924024457255,0.0125974989660616,-0.13554267355757,0.636528482646267,0.99875188110707,PPP2R2D,0.119151396427903,0.165293952164548,FALSE,FALSE,FALSE
Pik3cb,cDC,liver,241,490,-0.319817185905332,0.165,0.266,0.00439862684409594,0.0165472152706466,-0.47538300704956,0.243603906891016,0.99875188110707,PIK3CB,-0.0993069744440654,0.160710406845698,FALSE,FALSE,FALSE
Cpt1a,cDC,liver,241,490,-0.476092769385755,0.108,0.187,0.00561186115811905,0.0195514954110157,-0.424286415814137,0.235692865565581,0.99875188110707,CPT1A,0.227443438987381,0.0910342838314238,FALSE,FALSE,FALSE
Prkag1,cDC,liver,241,490,-0.343489232716679,0.145,0.237,0.00590485389429084,0.0195514954110157,-0.0490349175000231,0.851959782995381,0.99875188110707,PRKAG1,-0.0911617220470691,0.322923558463888,FALSE,FALSE,FALSE
Ppp2r2a,cDC,liver,241,490,-0.128040201051324,0.253,0.39,0.00593969480840984,0.0195514954110157,-0.115187757325408,0.586666299635469,0.99875188110707,PPP2R2A,-0.108782601530249,0.158420652705628,FALSE,FALSE,FALSE
Adipor1,cDC,liver,241,490,-0.244000776997488,0.288,0.427,0.00668197430563204,0.0211150388057972,-0.0745623158102463,0.742063659348919,0.99875188110707,ADIPOR1,0.0985079852008817,0.299828895869015,FALSE,FALSE,FALSE
Ppp2r5a,cDC,liver,241,490,-0.147501077233283,0.404,0.552,0.00757225900450029,0.0230080177444432,0.0724282872156747,0.760562689119774,0.99875188110707,PPP2R5A,-0.262441936043039,0.00882731769154429,TRUE,TRUE,FALSE
Ppp2r1a,cDC,liver,241,490,-0.127589648659565,0.273,0.398,0.0092577001409888,0.0270873448569672,0.0342317019743592,0.893493755365526,0.99875188110707,PPP2R1A,0.348763030574157,0.00116430586290843,TRUE,FALSE,FALSE
Rheb,cDC,liver,241,490,-0.127954660106761,0.545,0.693,0.0114651943727063,0.0319963945798338,-0.10627048447401,0.591724419912605,0.99875188110707,RHEB,0.000762141165105317,0.994533538297037,FALSE,FALSE,FALSE
Pfkp,cDC,liver,241,490,-0.261743737828017,0.429,0.556,0.011892302358167,0.0319963945798338,-0.149899175843838,0.516636088256761,0.99875188110707,PFKP,0.201971206322531,0.00645525341532389,TRUE,FALSE,FALSE
Strada,cDC,liver,241,490,-0.439063579515648,0.067,0.116,0.0121505295872787,0.0319963945798338,-0.27236507152436,0.624656020926873,0.99875188110707,STRADA,0.0482638423255332,0.441561159337292,FALSE,FALSE,FALSE
Prkab1,cDC,liver,241,490,-0.340507301552809,0.059,0.112,0.0143145034273747,0.0364788958310516,-0.229348512619464,0.660805856019823,0.99875188110707,PRKAB1,0.0903291141903828,0.333050873638677,FALSE,FALSE,FALSE
Rab10,cDC,liver,241,490,-0.0911587211830342,0.508,0.651,0.0171778870719348,0.0424079087088389,-0.110436013572095,0.566265820155642,0.99875188110707,RAB10,,,FALSE,FALSE,FALSE
Rps6kb1,cDC,liver,241,490,-0.144615835621157,0.188,0.286,0.0188993659401936,0.045243936644706,-0.285405225198037,0.4448311800667,0.99875188110707,RPS6KB1,-0.0150524871094566,0.834304342285709,FALSE,FALSE,FALSE
Rptor,cDC,liver,241,490,-0.0737913764849045,0.076,0.129,0.0200801853120213,0.0466569011661673,-0.188908157700173,0.677356394381836,0.99875188110707,RPTOR,,,FALSE,FALSE,FALSE
Ppp2r5e,cDC,liver,241,490,-0.0130261144761521,0.173,0.261,0.0335389997154035,0.0757023136433393,-0.00192060750972958,0.994871641046287,0.998969175290756,PPP2R5E,-0.0251597625886988,0.835509017894403,FALSE,FALSE,FALSE
Rps6kb2,cDC,liver,241,490,-0.317002006286548,0.094,0.149,0.0375298755709179,0.082357226947292,-0.206670625858731,0.62661383735349,0.99875188110707,RPS6KB2,0.257949387042562,0.0194903632172992,TRUE,FALSE,FALSE
Srebf1,cDC,liver,241,490,-0.575694503844745,0.055,0.091,0.0439501512528275,0.0938395121344155,-0.309517570166357,0.571751606140597,0.99875188110707,SREBF1,0.435480157850608,0.0261960327030443,TRUE,FALSE,FALSE
Ppp2r5d,cDC,liver,241,490,-0.254747397253805,0.1,0.158,0.0455445193310506,0.0946846586092895,-0.245759352333631,0.488841638398169,0.99875188110707,PPP2R5D,0.0418634535766595,0.545552937261772,FALSE,FALSE,FALSE
Camkk2,cDC,liver,241,490,-0.356842335251032,0.1,0.149,0.0652712302169894,0.132216081721594,-0.0331289264024001,0.94014906184033,0.99875188110707,CAMKK2,0.506110584900416,0.00844909260690126,TRUE,FALSE,FALSE
Pdpk1,cDC,liver,241,490,-0.0868876458155146,0.149,0.216,0.068173205222449,0.132843183337105,0.0319664251758607,0.910099074811369,0.99875188110707,PDPK1,0.153466221786299,0.018028233353959,TRUE,FALSE,FALSE
Ppp2r1b,cDC,liver,241,490,-0.506463408282046,0.045,0.079,0.068943930592675,0.132843183337105,,,,PPP2R1B,-0.0326247135429388,0.79265448609177,FALSE,FALSE,FALSE
Prkag2,cDC,liver,241,490,-0.0991016529934097,0.08,0.124,0.0747468068866967,0.14059518438212,-0.158328923513983,0.646926072734951,0.99875188110707,PRKAG2,0.144334536180236,0.179142511226382,FALSE,FALSE,FALSE
Prkaa1,cDC,liver,241,490,-0.966343326761575,0.051,0.087,0.0771207133099461,0.141686891895017,,,,PRKAA1,-0.0832174939496949,0.203035696208847,FALSE,FALSE,FALSE
Tbc1d1,cDC,liver,241,490,-0.0616503699551056,0.216,0.29,0.0843941612973838,0.151525880511212,0.0058843958356352,0.981010131360723,0.99875188110707,TBC1D1,0.0427897471858399,0.548382850593194,FALSE,FALSE,FALSE
Ppp2r5c,cDC,liver,241,490,0.0801752422757558,0.388,0.515,0.0915624464798467,0.160742961597953,0.0528909154172939,0.819215868087957,0.99875188110707,PPP2R5C,-0.214695257186268,0.0541914902763123,FALSE,FALSE,FALSE
Elavl1,cDC,liver,241,490,-0.0382054865785297,0.32,0.432,0.0955575521618017,0.164109709147442,-0.0881177215017888,0.7270643402318,0.99875188110707,ELAVL1,0.00629859637126631,0.929732702059394,FALSE,FALSE,FALSE
Akt2,cDC,liver,241,490,-0.118407293274469,0.167,0.224,0.105429556265214,0.174863986074937,-0.111256023853509,0.720458274122854,0.99875188110707,AKT2,0.272775905162288,0.0322680307039496,TRUE,FALSE,FALSE
Creb1,cDC,liver,241,490,-0.106249124318546,0.231,0.299,0.10624647255186,0.174863986074937,0.0393425909806491,0.882275699696665,0.99875188110707,CREB1,-0.0788628754166012,0.27343317375151,FALSE,FALSE,FALSE
Tsc1,cDC,liver,241,490,-0.0556157712378669,0.047,0.075,0.12300569805033,0.198315309101553,-0.170096582546198,0.745956784084297,0.99875188110707,TSC1,-0.202386421851348,0.034493511696181,TRUE,FALSE,FALSE
Eef2,cDC,liver,241,490,-0.065095373474958,0.939,0.988,0.136706901119222,0.21340602347997,-0.0404101180818487,0.831754159883104,0.99875188110707,EEF2,0.448462726762021,0.00104406663485494,TRUE,FALSE,FALSE
Akt3,cDC,liver,241,490,0.24204018930325,0.157,0.212,0.137768445537702,0.21340602347997,0.320010293823842,0.44679664702237,0.99875188110707,AKT3,-0.238769261788149,0.072397760239147,FALSE,FALSE,FALSE
Eef2k,cDC,liver,241,490,0.165505609414932,0.045,0.062,0.170831743146139,0.255055396043486,,,,EEF2K,,,FALSE,FALSE,FALSE
Rab8a,cDC,liver,241,490,-0.0240152383185613,0.527,0.639,0.173087719099443,0.255055396043486,-0.064856463855542,0.812542851380925,0.99875188110707,RAB8A,,,FALSE,FALSE,FALSE
Foxo1,cDC,liver,241,490,0.225916301276021,0.11,0.12,0.174341663118332,0.255055396043486,0.293542637081841,0.608325559348829,0.99875188110707,FOXO1,-0.105403033427432,0.24841547187657,FALSE,FALSE,FALSE
Creb3,cDC,liver,241,490,0.0938067422741913,0.173,0.224,0.206609317323434,0.296766110337297,0.0729752223589539,0.794723703055523,0.99875188110707,CREB3,0.303800603180914,0.00138677189848469,TRUE,FALSE,FALSE
Tsc2,cDC,liver,241,490,0.252043181894555,0.055,0.079,0.246011630393551,0.347052121448045,-0.0428967450052069,0.943511604238898,0.99875188110707,TSC2,0.360866737018733,0.0271776682330935,TRUE,FALSE,FALSE
Sirt1,cDC,liver,241,490,0.0455236740935185,0.127,0.166,0.258528002660193,0.358310740529039,0.114593128335577,0.754794621479138,0.99875188110707,SIRT1,-0.389065828328134,0.0044363570263749,TRUE,FALSE,FALSE
Pik3r2,cDC,liver,241,490,0.0814393120415646,0.065,0.091,0.271765931057332,0.364757903207654,0.0359605118214251,0.929592835075786,0.99875188110707,PIK3R2,0.268794809673499,0.00604856153799963,TRUE,FALSE,FALSE
Pik3r1,cDC,liver,241,490,-0.0465836092679766,0.353,0.44,0.272414130243691,0.364757903207654,0.227083725208609,0.333034155594299,0.99875188110707,PIK3R1,-0.146984642979826,0.44195620227449,FALSE,FALSE,FALSE
Map3k7,cDC,liver,241,490,0.10704116240445,0.108,0.141,0.3201516726948,0.42153303571482,0.0761852149409838,0.843125726108939,0.99875188110707,MAP3K7,-0.0337117987684358,0.660626089455411,FALSE,FALSE,FALSE
Irs2,cDC,liver,241,490,0.837369647824299,0.082,0.062,0.325905201123001,0.422073948995362,0.652977705868279,0.176575782609691,0.99875188110707,IRS2,-0.584420274513232,0.00290962468594569,TRUE,FALSE,FALSE
Mtor,cDC,liver,241,490,0.0948792161677674,0.114,0.145,0.340223090977163,0.433510067535417,0.158401644845286,0.673911312917865,0.99875188110707,MTOR,0.0609980192311536,0.346097047602718,FALSE,FALSE,FALSE
Prkab2,cDC,liver,241,490,0.249442087126268,0.08,0.104,0.346169834905982,0.434085983453533,0.570839512910047,0.126004046252739,0.99875188110707,PRKAB2,-0.164901188264764,0.0594438901536121,FALSE,FALSE,FALSE
Lipe,cDC,liver,241,490,0.178912741788589,0.102,0.129,0.353673059572551,0.436565182909868,0.253783888705332,0.506122934963461,0.99875188110707,LIPE,0.0340270585471342,0.616554915631368,FALSE,FALSE,FALSE
Akt1s1,cDC,liver,241,490,-0.0746330049064423,0.071,0.091,0.38764705598975,0.471140268049081,0.204835344943726,0.627692881322663,0.99875188110707,AKT1S1,,,FALSE,FALSE,FALSE
Gys1,cDC,liver,241,490,0.21808322129088,0.041,0.054,0.473864032868312,0.567200887827223,,,,GYS1,-0.0716337209718613,0.296115180093984,FALSE,FALSE,FALSE
Pfkfb3,cDC,liver,241,490,0.168922147798572,0.167,0.195,0.536793007174469,0.632935038310195,0.359171869305867,0.264008896246056,0.99875188110707,PFKFB3,-0.655569796012921,0.000127446028528339,TRUE,FALSE,FALSE
Ccnd1,cDC,liver,241,490,0.0463973634500727,0.555,0.631,0.556079810524373,0.646033897520962,-0.137805591303207,0.585935347832998,0.99875188110707,CCND1,0.8031084765255,0.00074921048132828,TRUE,FALSE,FALSE
Pik3cd,cDC,liver,241,490,0.409896065541713,0.265,0.32,0.583453618840178,0.668012114324262,0.12251848374531,0.662656399256191,0.99875188110707,PIK3CD,0.187312414207718,0.0479971366369964,TRUE,FALSE,FALSE
G6pc3,cDC,liver,241,490,0.249806532018904,0.137,0.158,0.593606936641149,0.66992782849501,0.366580764608905,0.243750790654259,0.99875188110707,G6PC3,0.0114334505189842,0.862668473837378,FALSE,FALSE,FALSE
Pck2,cDC,liver,241,490,-0.0937805767344049,0.084,0.095,0.709950575922133,0.789945007011951,0.271409576393387,0.571887070823318,0.99875188110707,PCK2,0.0144772473306067,0.912081693834765,FALSE,FALSE,FALSE
Pfkfb4,cDC,liver,241,490,-0.346702007592815,0.09,0.1,0.724400851118827,0.794828711644269,0.389902439647688,0.366976503079004,0.99875188110707,PFKFB4,0.131856641195354,0.00500148112903384,TRUE,FALSE,FALSE
Foxo3,cDC,liver,241,490,0.2836349918851,0.096,0.104,0.785599586738285,0.850169415785267,0.420946613338101,0.464889672514145,0.99875188110707,FOXO3,-0.258505148092882,0.0236771002828433,TRUE,FALSE,FALSE
Ppp2r3d,cDC,liver,241,490,0.358896270631464,0.071,0.079,0.811354652638083,0.866175912951467,,,,PPP2R3B,0.276953635505095,0.00063525508853722,TRUE,FALSE,FALSE
Pik3ca,cDC,liver,241,490,0.131410106082086,0.139,0.154,0.837148794307646,0.881796730004053,0.223596592597789,0.479994681501318,0.99875188110707,PIK3CA,-0.194162266153804,0.025007761246042,TRUE,FALSE,FALSE
Rab14,cDC,liver,241,490,0.177903091222432,0.602,0.705,0.869746751372387,0.904078859979192,0.254201066796911,0.163393770551533,0.99875188110707,RAB14,-0.0725879174061108,0.493282542838044,FALSE,FALSE,FALSE
Ccna2,cDC,liver,241,490,0.152528520788783,0.124,0.124,0.92472193014109,0.948740681573326,0.463043195869889,0.0985339513228827,0.99875188110707,CCNA2,-0.112330335974335,0.173981714551894,FALSE,FALSE,FALSE
Cab39l,cDC,liver,241,490,0.495018108552372,0.161,0.17,0.971661527987084,0.977207530805944,0.300183624712736,0.335172648249138,0.99875188110707,CAB39L,0.0137396623132676,0.857025750656643,FALSE,FALSE,FALSE
Mlycd,cDC,liver,241,490,0.638504728016225,0.08,0.083,0.977207530805944,0.977207530805944,0.618216416170504,0.196563169749571,0.99875188110707,MLYCD,0.272131424826275,0.0291126278511173,TRUE,FALSE,FALSE
Irs2,pDC,liver,374,374,-1.03995857395879,0.142,0.307,3.56800698322711e-07,2.67600523742033e-05,-0.857399441610167,0.00849489399233204,0.64871054260738,IRS2,-0.584420274513232,0.00290962468594569,TRUE,TRUE,TRUE
Rheb,pDC,liver,374,374,-0.311597995548974,0.374,0.602,8.82427313779384e-05,0.00330910242667269,-0.401400184527376,0.0202185585031067,0.711235834231917,RHEB,0.000762141165105317,0.994533538297037,FALSE,FALSE,FALSE
Ppp2ca,pDC,liver,374,374,-0.272906927147824,0.516,0.706,0.00032066758411132,0.00462325399392089,-0.241189131156836,0.102675980934159,0.813474706616707,PPP2CA,,,FALSE,FALSE,FALSE
Prkab1,pDC,liver,374,374,-0.878157374195121,0.024,0.086,0.00032705002520516,0.00462325399392089,,,,PRKAB1,0.0903291141903828,0.333050873638677,FALSE,FALSE,FALSE
Ulk1,pDC,liver,374,374,-1.63149202627737,0.016,0.07,0.000362206862283221,0.00462325399392089,,,,ULK1,0.471039299127842,6.64395450049281e-05,TRUE,FALSE,FALSE
Foxo3,pDC,liver,374,374,-0.515395257471282,0.078,0.171,0.000369860319513671,0.00462325399392089,-0.717336858940703,0.0567635075873059,0.78215082430509,FOXO3,-0.258505148092882,0.0236771002828433,TRUE,TRUE,FALSE
Akt3,pDC,liver,374,374,-0.70620522020522,0.094,0.184,0.000881532934084421,0.00944499572233308,-0.591812590495549,0.059833999524103,0.78215082430509,AKT3,-0.238769261788149,0.072397760239147,FALSE,FALSE,FALSE
Tsc2,pDC,liver,374,374,-0.895920850937094,0.035,0.094,0.0015268249598317,0.0143139839984222,,,,TSC2,0.360866737018733,0.0271776682330935,TRUE,FALSE,FALSE
Prkab2,pDC,liver,374,374,-0.146345808884612,0.099,0.193,0.00203214643541891,0.0152852726857581,-0.322588564372693,0.310935716088426,0.920630216614592,PRKAB2,-0.164901188264764,0.0594438901536121,FALSE,FALSE,FALSE
Tbc1d1,pDC,liver,374,374,-0.275116067659523,0.182,0.305,0.00203803635810108,0.0152852726857581,-0.359641560011049,0.109974632931671,0.813474706616707,TBC1D1,0.0427897471858399,0.548382850593194,FALSE,FALSE,FALSE
Ppp2cb,pDC,liver,374,374,-0.413709431010771,0.086,0.166,0.00293284207647096,0.0199966505213929,-0.230029585750569,0.496540467083985,0.951437574712548,PPP2CB,-0.154344495591139,0.139208474399713,FALSE,FALSE,FALSE
Hmgcr,pDC,liver,374,374,-0.214646498536653,0.398,0.559,0.00510425031703515,0.030553235775663,-0.210377693434881,0.192559704085191,0.889181242252455,HMGCR,0.322114208989851,0.265480328108024,FALSE,FALSE,FALSE
Cab39l,pDC,liver,374,374,-0.256510245771406,0.064,0.128,0.00529589420111492,0.030553235775663,-0.397254610497487,0.272595276751796,0.91409352190407,CAB39L,0.0137396623132676,0.857025750656643,FALSE,FALSE,FALSE
Ppp2r3c,pDC,liver,374,374,-0.588869085917946,0.059,0.12,0.00589106402368532,0.0315592715554571,-0.580574765666967,0.138004523242483,0.840493658690603,PPP2R3C,-0.151989920023,0.276422292168939,FALSE,FALSE,FALSE
Pfkfb4,pDC,liver,374,374,-0.139217077653068,0.094,0.171,0.00821220351029952,0.0410610175514976,-0.210186886293509,0.516760375185409,0.951437574712548,PFKFB4,0.131856641195354,0.00500148112903384,TRUE,FALSE,FALSE
Ppp2r5e,pDC,liver,374,374,-0.304207911119386,0.118,0.198,0.0112746165786385,0.0511665431683112,-0.283651567081837,0.342497044679076,0.932960071267943,PPP2R5E,-0.0251597625886988,0.835509017894403,FALSE,FALSE,FALSE
Pik3cd,pDC,liver,374,374,-0.133927832852306,0.289,0.414,0.0115977497848172,0.0511665431683112,-0.0725561372454374,0.721079930544599,0.980396942252667,PIK3CD,0.187312414207718,0.0479971366369964,TRUE,FALSE,FALSE
Ppp2r2a,pDC,liver,374,374,-0.0272210341546291,0.222,0.342,0.0125259198693147,0.0521913327888113,-0.0816915163049059,0.714165771877984,0.978592980056921,PPP2R2A,-0.108782601530249,0.158420652705628,FALSE,FALSE,FALSE
Rps6kb2,pDC,liver,374,374,0.0472539893462969,0.064,0.123,0.0136656307338671,0.0539432792126331,,,,RPS6KB2,0.257949387042562,0.0194903632172992,TRUE,FALSE,FALSE
Rab14,pDC,liver,374,374,-0.16905338841546,0.548,0.714,0.0146898544098052,0.054057717529447,-0.117975045745422,0.463200521249595,0.951437574712548,RAB14,-0.0725879174061108,0.493282542838044,FALSE,FALSE,FALSE
Acaca,pDC,liver,374,374,-0.389804535134597,0.064,0.12,0.0151361609082452,0.054057717529447,-0.225172879234752,0.532359837623209,0.951437574712548,ACACA,0.07726357893715,0.585139303512386,FALSE,FALSE,FALSE
Stk11,pDC,liver,374,374,-0.162670505281312,0.262,0.393,0.0167761223584396,0.0571913262219531,-0.0163511223783526,0.937304152855622,0.99817121209726,STK11,0.354251480632152,0.0153103974501462,TRUE,FALSE,FALSE
Adipor2,pDC,liver,374,374,-0.134121974373473,0.428,0.58,0.019699765677212,0.0633990733699181,-0.199876213755602,0.191112196107206,0.884486196859794,ADIPOR2,0.0715962771728451,0.531210570140672,FALSE,FALSE,FALSE
Rab11b,pDC,liver,374,374,-0.0904280908951837,0.267,0.398,0.0202877034783738,0.0633990733699181,-0.106654567586818,0.614846321474662,0.964173714313041,RAB11B,-0.128979335643103,0.0848864845380073,FALSE,FALSE,FALSE
Ppp2r5a,pDC,liver,374,374,-0.0256312938153434,0.31,0.441,0.0232396731353562,0.0697190194060686,-0.0659808922610428,0.707774405669434,0.978287856892489,PPP2R5A,-0.262441936043039,0.00882731769154429,TRUE,FALSE,FALSE
Elavl1,pDC,liver,374,374,-0.0452777239019738,0.257,0.388,0.0282501433740295,0.0807532339831986,-0.0977420237696805,0.626989021766613,0.968254331484911,ELAVL1,0.00629859637126631,0.929732702059394,FALSE,FALSE,FALSE
Tsc1,pDC,liver,374,374,-0.258273024214426,0.061,0.11,0.0290711642339515,0.0807532339831986,-0.256594034971095,0.494523570837024,0.951437574712548,TSC1,-0.202386421851348,0.034493511696181,TRUE,FALSE,FALSE
Creb1,pDC,liver,374,374,-0.16863693526641,0.128,0.198,0.0358300626586752,0.0959733821214515,-0.0885238013976056,0.754465820604247,0.982427269914368,CREB1,-0.0788628754166012,0.27343317375151,FALSE,FALSE,FALSE
Adipor1,pDC,liver,374,374,-0.0471324027572786,0.112,0.184,0.037207772848383,0.096226998745818,-0.0244240069184622,0.932755169585407,0.99817121209726,ADIPOR1,0.0985079852008817,0.299828895869015,FALSE,FALSE,FALSE
Akt2,pDC,liver,374,374,-0.0162348976291831,0.136,0.209,0.0464744240534709,0.116186060133677,0.0153912263483735,0.950180116560771,0.999031930389956,AKT2,0.272775905162288,0.0322680307039496,TRUE,FALSE,FALSE
Foxo1,pDC,liver,374,374,-0.271319350916811,0.131,0.195,0.0496700399987161,0.120169451609797,-0.190515008059519,0.492105938630177,0.951437574712548,FOXO1,-0.105403033427432,0.24841547187657,FALSE,FALSE,FALSE
Cab39,pDC,liver,374,374,-0.12146270048705,0.201,0.291,0.054610726703569,0.12799389071149,0.00334024028384142,0.989442194856059,0.999031930389956,CAB39,0.0995298512419271,0.262092054253262,FALSE,FALSE,FALSE
Strada,pDC,liver,374,374,-0.266137822554086,0.035,0.067,0.0591167269712242,0.134356197661873,,,,STRADA,0.0482638423255332,0.441561159337292,FALSE,FALSE,FALSE
G6pc3,pDC,liver,374,374,-0.115689873858482,0.061,0.102,0.072050092663121,0.158934027933355,,,,G6PC3,0.0114334505189842,0.862668473837378,FALSE,FALSE,FALSE
Akt1,pDC,liver,374,374,0.0565288473312867,0.209,0.297,0.0787789275158354,0.168811987533933,-0.0504117178371116,0.808404784977331,0.983946002600361,AKT1,0.387089573539082,0.00343401055010987,TRUE,FALSE,FALSE
Crtc2,pDC,liver,374,374,0.100608642038724,0.091,0.139,0.0850357041955191,0.177157717073998,0.010602372265882,0.972874101152608,0.999031930389956,CRTC2,,,FALSE,FALSE,FALSE
Ppp2r2d,pDC,liver,374,374,0.166455049967482,0.128,0.182,0.0938863366623543,0.190310141883151,0.184990679675097,0.53544730723202,0.951437574712548,PPP2R2D,0.119151396427903,0.165293952164548,FALSE,FALSE,FALSE
Camkk2,pDC,liver,374,374,-0.0733745365619325,0.035,0.061,0.104307590342442,0.202646459028832,,,,CAMKK2,0.506110584900416,0.00844909260690126,TRUE,FALSE,FALSE
Stradb,pDC,liver,374,374,0.0725543213154527,0.035,0.061,0.107658646973949,0.202646459028832,,,,STRADB,,,FALSE,FALSE,FALSE
Prkag2,pDC,liver,374,374,0.156584593082503,0.12,0.176,0.110079285197851,0.202646459028832,-0.00438658853230682,0.987923624852062,0.999031930389956,PRKAG2,0.144334536180236,0.179142511226382,FALSE,FALSE,FALSE
Eif4ebp1,pDC,liver,374,374,-0.101236171349842,0.048,0.08,0.110780064269095,0.202646459028832,,,,EIF4EBP1,0.0754219943218205,0.37388212514371,FALSE,FALSE,FALSE
Ppp2r5d,pDC,liver,374,374,-0.342719990277742,0.037,0.067,0.121469992000308,0.215163967969996,,,,PPP2R5D,0.0418634535766595,0.545552937261772,FALSE,FALSE,FALSE
Rptor,pDC,liver,374,374,-0.137352794770632,0.096,0.139,0.124586449338289,0.215163967969996,0.155937571533139,0.679206549493132,0.976916004206163,RPTOR,,,FALSE,FALSE,FALSE
Igf1r,pDC,liver,374,374,-0.0973153821552151,0.096,0.142,0.126229527875731,0.215163967969996,-0.0713099368334216,0.807680549925597,0.983946002600361,IGF1R,-0.148765271716842,0.133449327413096,FALSE,FALSE,FALSE
Pik3cb,pDC,liver,374,374,-0.440326866009133,0.056,0.086,0.139829839858597,0.230553571726419,-0.0355071160864924,0.937001774256322,0.99817121209726,PIK3CB,-0.0993069744440654,0.160710406845698,FALSE,FALSE,FALSE
Pik3ca,pDC,liver,374,374,-0.0286689462624719,0.11,0.155,0.143591008968513,0.230553571726419,-0.0540845782947922,0.869543173876334,0.988774806719987,PIK3CA,-0.194162266153804,0.025007761246042,TRUE,FALSE,FALSE
Prkag1,pDC,liver,374,374,-0.105225347745619,0.094,0.134,0.144480238281889,0.230553571726419,0.0738033915297483,0.816450793612662,0.984047030710345,PRKAG1,-0.0911617220470691,0.322923558463888,FALSE,FALSE,FALSE
Pfkl,pDC,liver,374,374,0.113706730504796,0.115,0.166,0.148245670201889,0.231633859690452,0.152847351484498,0.639302330257182,0.974853573378823,PFKL,0.412788409607824,0.00375888054431156,TRUE,FALSE,FALSE
Ppp2r1b,pDC,liver,374,374,-0.225118477363593,0.029,0.051,0.154540673315914,0.236541846912114,,,,PPP2R1B,-0.0326247135429388,0.79265448609177,FALSE,FALSE,FALSE
Eef2,pDC,liver,374,374,-0.0594676375876744,0.925,0.976,0.174497851959105,0.261746777938657,-0.0226463441321053,0.853025409147978,0.988627486687667,EEF2,0.448462726762021,0.00104406663485494,TRUE,FALSE,FALSE
Eef2k,pDC,liver,374,374,0.371891058637325,0.112,0.158,0.18584750648722,0.266618976958788,0.0988557022358103,0.750232112783387,0.982427269914368,EEF2K,,,FALSE,FALSE,FALSE
Ppp2r3d,pDC,liver,374,374,-0.26174703776714,0.032,0.056,0.187671741246608,0.266618976958788,,,,PPP2R3B,0.276953635505095,0.00063525508853722,TRUE,FALSE,FALSE
Ccnd1,pDC,liver,374,374,0.222851062630594,0.821,0.898,0.188410743717544,0.266618976958788,0.150008729494262,0.362898060238745,0.93974599374307,CCND1,0.8031084765255,0.00074921048132828,TRUE,FALSE,FALSE
Creb3,pDC,liver,374,374,0.041507033716069,0.198,0.262,0.253711625076092,0.352377257050128,0.0213693933983811,0.923281684063316,0.995695933793772,CREB3,0.303800603180914,0.00138677189848469,TRUE,FALSE,FALSE
Pdpk1,pDC,liver,374,374,0.165004250809124,0.283,0.382,0.27546396467289,0.375632679099396,-0.000308393240769084,0.999051737966183,0.99994215007233,PDPK1,0.153466221786299,0.018028233353959,TRUE,FALSE,FALSE
Creb3l2,pDC,liver,374,374,0.148830046438999,0.086,0.118,0.284862866364574,0.381512767452555,0.154221982883611,0.661845037810304,0.976916004206163,CREB3L2,0.109043372225875,0.405380258924797,FALSE,FALSE,FALSE
Map3k7,pDC,liver,374,374,0.25580971131825,0.075,0.099,0.301323786467158,0.396478666404155,0.204914741136471,0.607014759953065,0.964173714313041,MAP3K7,-0.0337117987684358,0.660626089455411,FALSE,FALSE,FALSE
Ppp2r1a,pDC,liver,374,374,0.226680392455181,0.195,0.251,0.326699428786264,0.422456157913272,0.202424778187473,0.428875168298088,0.951437574712548,PPP2R1A,0.348763030574157,0.00116430586290843,TRUE,FALSE,FALSE
Rab2a,pDC,liver,374,374,0.022921014349224,0.532,0.652,0.337095611776145,0.428511370901879,-0.0456211057014462,0.772277825246367,0.982427269914368,RAB2A,0.120861387341921,0.355798580095796,FALSE,FALSE,FALSE
Sirt1,pDC,liver,374,374,0.117006320161393,0.08,0.107,0.354738515143574,0.443423143929467,0.145045787455317,0.652315280359558,0.976916004206163,SIRT1,-0.389065828328134,0.0044363570263749,TRUE,FALSE,FALSE
Rps6kb1,pDC,liver,374,374,0.379097244212156,0.222,0.294,0.365260482498734,0.449090757170574,0.136887793428849,0.524311948796216,0.951437574712548,RPS6KB1,-0.0150524871094566,0.834304342285709,FALSE,FALSE,FALSE
Rab10,pDC,liver,374,374,0.0855304268669906,0.422,0.537,0.372935364423574,0.451131489222065,0.0194857107880885,0.905206237481929,0.993379661317034,RAB10,,,FALSE,FALSE,FALSE
Ppp2r5c,pDC,liver,374,374,0.212924146082269,0.265,0.342,0.40842820034441,0.485682120796939,0.214543054966872,0.301599337651439,0.91836476516701,PPP2R5C,-0.214695257186268,0.0541914902763123,FALSE,FALSE,FALSE
Mtor,pDC,liver,374,374,0.36953213161781,0.08,0.102,0.414448743080054,0.485682120796939,0.360617197431453,0.369127223601896,0.940977866065866,MTOR,0.0609980192311536,0.346097047602718,FALSE,FALSE,FALSE
Prkaa1,pDC,liver,374,374,0.108275300085804,0.04,0.051,0.52431208386258,0.6049754813799,,,,PRKAA1,-0.0832174939496949,0.203035696208847,FALSE,FALSE,FALSE
Cpt1a,pDC,liver,374,374,0.722900758007938,0.064,0.059,0.559513846150076,0.634664206952618,,,,CPT1A,0.227443438987381,0.0910342838314238,FALSE,FALSE,FALSE
Insr,pDC,liver,374,374,-0.0182917178538258,0.067,0.08,0.566966691544339,0.634664206952618,0.200513986351019,0.606565797325868,0.964173714313041,INSR,0.169374111461339,0.175103061199346,FALSE,FALSE,FALSE
Rab8a,pDC,liver,374,374,0.280294226002012,0.265,0.334,0.581448225645048,0.641303190049686,0.216169287095898,0.257809750146688,0.902593130738226,RAB8A,,,FALSE,FALSE,FALSE
Pfkp,pDC,liver,374,374,0.332118851501383,0.209,0.249,0.619715526326278,0.673410273712057,0.164071988160726,0.525792996669344,0.951437574712548,PFKP,0.201971206322531,0.00645525341532389,TRUE,FALSE,FALSE
Pik3r1,pDC,liver,374,374,0.46517620664173,0.238,0.299,0.628516255464587,0.673410273712057,0.498289995948668,0.0429648674469545,0.778544453822852,PIK3R1,-0.146984642979826,0.44195620227449,FALSE,FALSE,FALSE
Srebf1,pDC,liver,374,374,0.321433015125354,0.107,0.126,0.641666483235864,0.677816707643519,0.225232447944285,0.498703453980361,0.951437574712548,SREBF1,0.435480157850608,0.0261960327030443,TRUE,FALSE,FALSE
Pck2,pDC,liver,374,374,0.192822944462598,0.067,0.075,0.728345683703573,0.758693420524555,0.339126944597569,0.404445671009865,0.94757921214035,PCK2,0.0144772473306067,0.912081693834765,FALSE,FALSE,FALSE
Mlycd,pDC,liver,374,374,0.251091880869064,0.075,0.083,0.778472281369782,0.796590667116678,0.397563170515705,0.300876509736774,0.918068334639583,MLYCD,0.272131424826275,0.0291126278511173,TRUE,FALSE,FALSE
Fasn,pDC,liver,374,374,0.438389361792619,0.104,0.118,0.785969458221789,0.796590667116678,0.425260718030196,0.262747436107137,0.903194311618283,FASN,0.69799363467585,0.0102285985406989,TRUE,FALSE,FALSE
Akt1s1,pDC,liver,374,374,0.577727752582821,0.056,0.061,0.860337423587667,0.860337423587667,,,,AKT1S1,,,FALSE,FALSE,FALSE
