mouse,cell_type,tissue,n_ctl,n_stz,cell_log2FC,pct_STZ,pct_Control,cell_p,cell_BH,pb_logFC,pb_P,pb_FDR,human,human_logFC,human_P,human_DE,cell_concordant,pb_concordant
Mtor,B_cell,kidney,36,153,-2.98345433814018,0.013,0.167,5.06169067124846e-05,0.00344194965644895,,,,MTOR,0.0609980192311536,0.346097047602718,FALSE,FALSE,FALSE
Foxo3,B_cell,kidney,36,153,-0.99355401096627,0.046,0.25,0.000177556903368675,0.00579869937937108,,,,FOXO3,-0.258505148092882,0.0236771002828433,TRUE,TRUE,FALSE
Foxo1,B_cell,kidney,36,153,-0.807192969388585,0.092,0.389,0.000308682275383942,0.00579869937937108,,,,FOXO1,-0.105403033427432,0.24841547187657,FALSE,FALSE,FALSE
G6pc,B_cell,kidney,36,153,-4.20026555125344,0,0.056,0.000341099963492416,0.00579869937937108,,,,G6PC1,-0.412080288509612,0.0750142815257835,FALSE,FALSE,FALSE
Rab2a,B_cell,kidney,36,153,-0.775828139253059,0.144,0.444,0.000479184377652763,0.00651690753607758,,,,RAB2A,0.120861387341921,0.355798580095796,FALSE,FALSE,FALSE
Strada,B_cell,kidney,36,153,-2.25683476868394,0.02,0.167,0.000765156283802738,0.00867177121643103,,,,STRADA,0.0482638423255332,0.441561159337292,FALSE,FALSE,FALSE
Rps6kb1,B_cell,kidney,36,153,-1.60214399428685,0.065,0.25,0.00107307302189489,0.0104241379269789,,,,RPS6KB1,-0.0150524871094566,0.834304342285709,FALSE,FALSE,FALSE
Rab8a,B_cell,kidney,36,153,-1.01381372934675,0.098,0.333,0.00203560458879441,0.0163066898213497,,,,RAB8A,,,FALSE,FALSE,FALSE
Map3k7,B_cell,kidney,36,153,-2.09896113189715,0.033,0.167,0.0023508900723129,0.0163066898213497,,,,MAP3K7,-0.0337117987684358,0.660626089455411,FALSE,FALSE,FALSE
Pik3r1,B_cell,kidney,36,153,-0.498403126457786,0.078,0.278,0.0026259819753503,0.0163066898213497,,,,PIK3R1,-0.146984642979826,0.44195620227449,FALSE,FALSE,FALSE
Pfkp,B_cell,kidney,36,153,-0.671713756340885,0.046,0.194,0.00275119930249962,0.0163066898213497,,,,PFKP,0.201971206322531,0.00645525341532389,TRUE,FALSE,FALSE
Tbc1d1,B_cell,kidney,36,153,-0.460909369131395,0.105,0.306,0.00287765114494406,0.0163066898213497,,,,TBC1D1,0.0427897471858399,0.548382850593194,FALSE,FALSE,FALSE
Akt3,B_cell,kidney,36,153,-1.51192442577304,0.02,0.139,0.00457417368357015,0.0236291662057062,,,,AKT3,-0.238769261788149,0.072397760239147,FALSE,FALSE,FALSE
Pik3cd,B_cell,kidney,36,153,-1.02922861766102,0.052,0.222,0.00486482833646892,0.0236291662057062,,,,PIK3CD,0.187312414207718,0.0479971366369964,TRUE,FALSE,FALSE
Ppp2r5a,B_cell,kidney,36,153,-0.361071348317194,0.137,0.333,0.00545796069340516,0.0247427551434367,,,,PPP2R5A,-0.262441936043039,0.00882731769154429,TRUE,TRUE,FALSE
Prkab1,B_cell,kidney,36,153,0.149991683479597,0.026,0.111,0.00590526442691998,0.0250973738144099,,,,PRKAB1,0.0903291141903828,0.333050873638677,FALSE,FALSE,FALSE
Prkag1,B_cell,kidney,36,153,-0.196730354328015,0.085,0.25,0.00684208618291515,0.0273683447316606,,,,PRKAG1,-0.0911617220470691,0.322923558463888,FALSE,FALSE,FALSE
Insr,B_cell,kidney,36,153,-1.23187839478602,0.007,0.083,0.00988744419996573,0.0373478974946216,,,,INSR,0.169374111461339,0.175103061199346,FALSE,FALSE,FALSE
Cab39l,B_cell,kidney,36,153,-1.14783644549085,0.039,0.167,0.010509490722888,0.0373478974946216,,,,CAB39L,0.0137396623132676,0.857025750656643,FALSE,FALSE,FALSE
Akt1s1,B_cell,kidney,36,153,-1.02282286562751,0.033,0.139,0.0109846757337122,0.0373478974946216,,,,AKT1S1,,,FALSE,FALSE,FALSE
Pdpk1,B_cell,kidney,36,153,-0.457438392462917,0.046,0.167,0.0148873870024055,0.0482067769601701,,,,PDPK1,0.153466221786299,0.018028233353959,TRUE,FALSE,FALSE
Rheb,B_cell,kidney,36,153,-0.407370634326274,0.131,0.333,0.0161951900667974,0.0500578602064646,,,,RHEB,0.000762141165105317,0.994533538297037,FALSE,FALSE,FALSE
Rab11b,B_cell,kidney,36,153,-0.273078884238903,0.111,0.25,0.0189959456408372,0.0561619262424753,,,,RAB11B,-0.128979335643103,0.0848864845380073,FALSE,FALSE,FALSE
Crtc2,B_cell,kidney,36,153,-1.28068988214082,0.026,0.111,0.024626030938402,0.067605285281076,,,,CRTC2,,,FALSE,FALSE,FALSE
Elavl1,B_cell,kidney,36,153,-0.892604590972443,0.085,0.222,0.0248548842945132,0.067605285281076,,,,ELAVL1,0.00629859637126631,0.929732702059394,FALSE,FALSE,FALSE
Pik3ca,B_cell,kidney,36,153,-0.863922955794083,0.059,0.167,0.0378013005826027,0.0978989583034949,,,,PIK3CA,-0.194162266153804,0.025007761246042,TRUE,FALSE,FALSE
Ppp2ca,B_cell,kidney,36,153,0.0690323314781784,0.137,0.306,0.0388716452087406,0.0978989583034949,,,,PPP2CA,,,FALSE,FALSE,FALSE
Ppp2r5e,B_cell,kidney,36,153,-1.59613123491535,0.059,0.167,0.0467601574992606,0.109785706870931,,,,PPP2R5E,-0.0251597625886988,0.835509017894403,FALSE,FALSE,FALSE
Cd36,B_cell,kidney,36,153,1.3454591413643,0.033,0.056,0.0491862118434103,0.109785706870931,,,,CD36,0.228255319331112,0.102088419969093,FALSE,FALSE,FALSE
Cab39,B_cell,kidney,36,153,-0.369836019473266,0.111,0.25,0.0493914328152404,0.109785706870931,,,,CAB39,0.0995298512419271,0.262092054253262,FALSE,FALSE,FALSE
Stk11,B_cell,kidney,36,153,0.135846518154211,0.111,0.222,0.0500493663676305,0.109785706870931,,,,STK11,0.354251480632152,0.0153103974501462,TRUE,FALSE,FALSE
G6pc3,B_cell,kidney,36,153,-0.730638026700457,0.02,0.083,0.0544537147062903,0.113266123889128,,,,G6PC3,0.0114334505189842,0.862668473837378,FALSE,FALSE,FALSE
Creb1,B_cell,kidney,36,153,-0.0404325748820758,0.111,0.278,0.054967383652077,0.113266123889128,,,,CREB1,-0.0788628754166012,0.27343317375151,FALSE,FALSE,FALSE
Pik3r2,B_cell,kidney,36,153,-0.232760961006771,0.02,0.083,0.0573135852715675,0.114627170543135,,,,PIK3R2,0.268794809673499,0.00604856153799963,TRUE,FALSE,FALSE
Akt2,B_cell,kidney,36,153,-0.740610161582611,0.052,0.139,0.0746001241273258,0.144937384018804,,,,AKT2,0.272775905162288,0.0322680307039496,TRUE,FALSE,FALSE
Pfkl,B_cell,kidney,36,153,-0.653437991767477,0.052,0.139,0.081102632112044,0.153193860656083,,,,PFKL,0.412788409607824,0.00375888054431156,TRUE,FALSE,FALSE
Ppargc1a,B_cell,kidney,36,153,-0.75135739489633,0.033,0.111,0.0895404930870368,0.164560906214014,,,,PPARGC1A,-0.612471761557638,0.000603487342297342,TRUE,FALSE,FALSE
Adipor2,B_cell,kidney,36,153,-0.0349070087433255,0.072,0.167,0.0925884529830949,0.165684600075012,,,,ADIPOR2,0.0715962771728451,0.531210570140672,FALSE,FALSE,FALSE
Mlycd,B_cell,kidney,36,153,-1.05063838717408,0.026,0.056,0.104184447786022,0.18165493460127,,,,MLYCD,0.272131424826275,0.0291126278511173,TRUE,FALSE,FALSE
Akt1,B_cell,kidney,36,153,-0.417629543217781,0.065,0.139,0.114302776036199,0.193570877879339,,,,AKT1,0.387089573539082,0.00343401055010987,TRUE,FALSE,FALSE
Ulk1,B_cell,kidney,36,153,-1.50067575741204,0.013,0.056,0.116711852839013,0.193570877879339,,,,ULK1,0.471039299127842,6.64395450049281e-05,TRUE,FALSE,FALSE
Irs2,B_cell,kidney,36,153,0.215722601679831,0.072,0.167,0.128688657099021,0.205343387614167,,,,IRS2,-0.584420274513232,0.00290962468594569,TRUE,FALSE,FALSE
Pfkfb4,B_cell,kidney,36,153,-1.11600580028079,0.033,0.111,0.129849495108958,0.205343387614167,,,,PFKFB4,0.131856641195354,0.00500148112903384,TRUE,FALSE,FALSE
Cpt1a,B_cell,kidney,36,153,-1.36188982161602,0.046,0.139,0.136690327108854,0.211248687350047,,,,CPT1A,0.227443438987381,0.0910342838314238,FALSE,FALSE,FALSE
Ppp2r2a,B_cell,kidney,36,153,0.0425574456872975,0.092,0.194,0.147004590679828,0.222140270360629,,,,PPP2R2A,-0.108782601530249,0.158420652705628,FALSE,FALSE,FALSE
Rab10,B_cell,kidney,36,153,0.126088450535175,0.118,0.25,0.15137477893543,0.223771412339332,,,,RAB10,,,FALSE,FALSE,FALSE
Ppp2r5c,B_cell,kidney,36,153,0.350897792442625,0.098,0.194,0.161049782889304,0.233008196520695,,,,PPP2R5C,-0.214695257186268,0.0541914902763123,FALSE,FALSE,FALSE
Eif4ebp1,B_cell,kidney,36,153,0.364944047142639,0.085,0.167,0.191007652666229,0.270594174610491,,,,EIF4EBP1,0.0754219943218205,0.37388212514371,FALSE,FALSE,FALSE
Ppp2r3c,B_cell,kidney,36,153,0.278025884465206,0.033,0.083,0.195005631946008,0.270620060659766,,,,PPP2R3C,-0.151989920023,0.276422292168939,FALSE,FALSE,FALSE
Sirt1,B_cell,kidney,36,153,-0.649619786002858,0.046,0.111,0.204135616247953,0.277624438097217,,,,SIRT1,-0.389065828328134,0.0044363570263749,TRUE,FALSE,FALSE
Ccnd1,B_cell,kidney,36,153,0.814924348937013,0.118,0.25,0.226154365441678,0.301539153922237,,,,CCND1,0.8031084765255,0.00074921048132828,TRUE,FALSE,FALSE
Rptor,B_cell,kidney,36,153,0.617604356491566,0.02,0.056,0.244729819886078,0.314852220588607,,,,RPTOR,,,FALSE,FALSE,FALSE
Tsc1,B_cell,kidney,36,153,-1.42738225972141,0.059,0.111,0.245399524870532,0.314852220588607,,,,TSC1,-0.202386421851348,0.034493511696181,TRUE,FALSE,FALSE
Prkag2,B_cell,kidney,36,153,0.455074948135803,0.039,0.083,0.29128124788224,0.366798608444302,,,,PRKAG2,0.144334536180236,0.179142511226382,FALSE,FALSE,FALSE
Igf1r,B_cell,kidney,36,153,2.22041887084438,0.072,0.028,0.31854198059194,0.393833721459126,,,,IGF1R,-0.148765271716842,0.133449327413096,FALSE,FALSE,FALSE
Pck2,B_cell,kidney,36,153,-0.0234639212407179,0.059,0.111,0.360946323955858,0.438291964803542,,,,PCK2,0.0144772473306067,0.912081693834765,FALSE,FALSE,FALSE
Eef2,B_cell,kidney,36,153,-0.0227610970416059,0.601,0.861,0.376581919927777,0.446679334747133,,,,EEF2,0.448462726762021,0.00104406663485494,TRUE,FALSE,FALSE
Acaca,B_cell,kidney,36,153,-0.166829052809187,0.026,0.056,0.387560011030601,0.446679334747133,,,,ACACA,0.07726357893715,0.585139303512386,FALSE,FALSE,FALSE
Prkaa2,B_cell,kidney,36,153,0.474919235231489,0.026,0.056,0.387560011030601,0.446679334747133,,,,PRKAA2,0.2883315494399,0.0174833628632484,TRUE,FALSE,FALSE
Ppp2r2d,B_cell,kidney,36,153,0.116031723707388,0.085,0.111,0.445761722774235,0.505196619144133,,,,PPP2R2D,0.119151396427903,0.165293952164548,FALSE,FALSE,FALSE
Rab14,B_cell,kidney,36,153,0.466614130249198,0.314,0.472,0.482536278814019,0.537909294415628,,,,RAB14,-0.0725879174061108,0.493282542838044,FALSE,FALSE,FALSE
Hmgcr,B_cell,kidney,36,153,0.98253225598738,0.078,0.111,0.606183923568729,0.66484688391409,,,,HMGCR,0.322114208989851,0.265480328108024,FALSE,FALSE,FALSE
Rps6kb2,B_cell,kidney,36,153,-0.0359776101067748,0.033,0.056,0.665762611457793,0.718600913954444,,,,RPS6KB2,0.257949387042562,0.0194903632172992,TRUE,FALSE,FALSE
Ppp2r1a,B_cell,kidney,36,153,1.03958956068492,0.078,0.111,0.715083881835599,0.759776624450324,,,,PPP2R1A,0.348763030574157,0.00116430586290843,TRUE,FALSE,FALSE
Ppp2r3a,B_cell,kidney,36,153,0.330326803973861,0.033,0.056,0.814980777768728,0.847025604741889,,,,PPP2R3A,-0.0812689650985154,0.428087382487469,FALSE,FALSE,FALSE
Creb3,B_cell,kidney,36,153,0.257026281969882,0.046,0.056,0.822113086955363,0.847025604741889,,,,CREB3,0.303800603180914,0.00138677189848469,TRUE,FALSE,FALSE
Pfkfb3,B_cell,kidney,36,153,2.02135621697115,0.052,0.028,0.900379895233104,0.913818401132106,,,,PFKFB3,-0.655569796012921,0.000127446028528339,TRUE,FALSE,FALSE
Adipor1,B_cell,kidney,36,153,1.51479920922084,0.137,0.167,0.914903006410874,0.914903006410874,,,,ADIPOR1,0.0985079852008817,0.299828895869015,FALSE,FALSE,FALSE
Ppp2r1b,CD_IC,kidney,18,278,-0.889386330886237,0.04,0.333,5.140884935694e-07,4.6267964421246e-05,,,,PPP2R1B,-0.0326247135429388,0.79265448609177,FALSE,FALSE,FALSE
Insr,CD_IC,kidney,18,278,-1.92755272153239,0.068,0.333,2.25274644923364e-06,0.000101373590215514,,,,INSR,0.169374111461339,0.175103061199346,FALSE,FALSE,FALSE
Pfkp,CD_IC,kidney,18,278,-1.79627804609507,0.151,0.556,1.43791155640239e-05,0.000431373466920717,,,,PFKP,0.201971206322531,0.00645525341532389,TRUE,FALSE,FALSE
Prkag2,CD_IC,kidney,18,278,-0.361630818619038,0.097,0.444,7.02707287915467e-05,0.00115846516610516,,,,PRKAG2,0.144334536180236,0.179142511226382,FALSE,FALSE,FALSE
Adra1a,CD_IC,kidney,18,278,-1.5896188243767,0.029,0.222,8.52060299016183e-05,0.00115846516610516,,,,ADRA1A,0.0090643584420813,0.914087955409388,FALSE,FALSE,FALSE
Pparg,CD_IC,kidney,18,278,-4.91351397087372,0,0.056,9.01028462526238e-05,0.00115846516610516,,,,PPARG,0.14873252430513,0.210592958883288,FALSE,FALSE,FALSE
Ppp2r2c,CD_IC,kidney,18,278,-5.06789633242888,0,0.056,9.01028462526238e-05,0.00115846516610516,,,,PPP2R2C,,,FALSE,FALSE,FALSE
Pdpk1,CD_IC,kidney,18,278,-1.14204539462891,0.144,0.5,0.000139248825826295,0.00156654929054582,,,,PDPK1,0.153466221786299,0.018028233353959,TRUE,FALSE,FALSE
Cab39l,CD_IC,kidney,18,278,-1.61504601790177,0.158,0.5,0.000187811888161585,0.00182881544938175,,,,CAB39L,0.0137396623132676,0.857025750656643,FALSE,FALSE,FALSE
Adipor2,CD_IC,kidney,18,278,-0.829107987047632,0.144,0.5,0.000209377598813217,0.00182881544938175,,,,ADIPOR2,0.0715962771728451,0.531210570140672,FALSE,FALSE,FALSE
Ppp2r5c,CD_IC,kidney,18,278,-1.24183847888572,0.191,0.611,0.000239081655112364,0.00182881544938175,,,,PPP2R5C,-0.214695257186268,0.0541914902763123,FALSE,FALSE,FALSE
Stk11,CD_IC,kidney,18,278,-0.564978610563596,0.169,0.5,0.000243842059917566,0.00182881544938175,,,,STK11,0.354251480632152,0.0153103974501462,TRUE,FALSE,FALSE
Hmgcr,CD_IC,kidney,18,278,-0.938259170207261,0.151,0.5,0.000363946354519599,0.00251962860821261,,,,HMGCR,0.322114208989851,0.265480328108024,FALSE,FALSE,FALSE
Ppp2r5d,CD_IC,kidney,18,278,-1.9248906074789,0.058,0.278,0.000484763375226016,0.0030608591092738,,,,PPP2R5D,0.0418634535766595,0.545552937261772,FALSE,FALSE,FALSE
Pfkl,CD_IC,kidney,18,278,-0.317572365693029,0.14,0.5,0.000535279723487512,0.0030608591092738,,,,PFKL,0.412788409607824,0.00375888054431156,TRUE,FALSE,FALSE
Ppp2r1a,CD_IC,kidney,18,278,-0.918346457630256,0.18,0.444,0.000566184291532005,0.0030608591092738,,,,PPP2R1A,0.348763030574157,0.00116430586290843,TRUE,FALSE,FALSE
Irs2,CD_IC,kidney,18,278,-1.49289181724822,0.212,0.556,0.000611047810960404,0.0030608591092738,,,,IRS2,-0.584420274513232,0.00290962468594569,TRUE,TRUE,FALSE
Prkaa2,CD_IC,kidney,18,278,-1.53848967933787,0.162,0.444,0.00061217182185476,0.0030608591092738,,,,PRKAA2,0.2883315494399,0.0174833628632484,TRUE,FALSE,FALSE
Akt1s1,CD_IC,kidney,18,278,-0.32734586738133,0.101,0.333,0.00105263407939681,0.00498616142872174,,,,AKT1S1,,,FALSE,FALSE,FALSE
Ppp2r5a,CD_IC,kidney,18,278,-1.51287426440371,0.299,0.667,0.00209077567394662,0.00912704500618256,,,,PPP2R5A,-0.262441936043039,0.00882731769154429,TRUE,TRUE,FALSE
Cab39,CD_IC,kidney,18,278,-0.716233356115905,0.27,0.667,0.00212964383477593,0.00912704500618256,,,,CAB39,0.0995298512419271,0.262092054253262,FALSE,FALSE,FALSE
Rab11b,CD_IC,kidney,18,278,-0.442894012978308,0.23,0.611,0.00252650336105295,0.0103356955679439,,,,RAB11B,-0.128979335643103,0.0848864845380073,FALSE,FALSE,FALSE
Foxo1,CD_IC,kidney,18,278,0.00447127054533691,0.104,0.333,0.00304168791921651,0.0116802732091038,,,,FOXO1,-0.105403033427432,0.24841547187657,FALSE,FALSE,FALSE
Elavl1,CD_IC,kidney,18,278,-1.84913412519387,0.183,0.5,0.00311473952242768,0.0116802732091038,,,,ELAVL1,0.00629859637126631,0.929732702059394,FALSE,FALSE,FALSE
Mlycd,CD_IC,kidney,18,278,-0.910156178261605,0.05,0.222,0.00366883988625038,0.0132078235905014,,,,MLYCD,0.272131424826275,0.0291126278511173,TRUE,FALSE,FALSE
Ppp2r2d,CD_IC,kidney,18,278,-0.536717926604081,0.183,0.5,0.00396499418504706,0.0137249798713168,,,,PPP2R2D,0.119151396427903,0.165293952164548,FALSE,FALSE,FALSE
Prkab1,CD_IC,kidney,18,278,-1.57486778670067,0.104,0.278,0.00475782690917707,0.0158594230305902,,,,PRKAB1,0.0903291141903828,0.333050873638677,FALSE,FALSE,FALSE
Pik3ca,CD_IC,kidney,18,278,-0.166593538748554,0.126,0.333,0.00632666634426447,0.0198425123947188,,,,PIK3CA,-0.194162266153804,0.025007761246042,TRUE,TRUE,FALSE
Cpt1a,CD_IC,kidney,18,278,-1.02016084780714,0.137,0.389,0.00639369843829828,0.0198425123947188,,,,CPT1A,0.227443438987381,0.0910342838314238,FALSE,FALSE,FALSE
Ppp2ca,CD_IC,kidney,18,278,-0.404367377474197,0.302,0.667,0.00781060880681316,0.0228314346237424,,,,PPP2CA,,,FALSE,FALSE,FALSE
Prkag1,CD_IC,kidney,18,278,-0.405904389656715,0.104,0.278,0.00786416081484462,0.0228314346237424,,,,PRKAG1,-0.0911617220470691,0.322923558463888,FALSE,FALSE,FALSE
Mtor,CD_IC,kidney,18,278,-0.379286807925689,0.079,0.278,0.00924434978974431,0.0259997337836559,,,,MTOR,0.0609980192311536,0.346097047602718,FALSE,FALSE,FALSE
Slc2a4,CD_IC,kidney,18,278,-1.20156876996083,0.119,0.333,0.0115379120589137,0.0314670328879464,,,,SLC2A4,0.0833675916829536,0.308686429784471,FALSE,FALSE,FALSE
Stradb,CD_IC,kidney,18,278,-1.07398405917621,0.04,0.167,0.0156030218655152,0.041209720530101,,,,STRADB,,,FALSE,FALSE,FALSE
Rab10,CD_IC,kidney,18,278,-1.13957000889226,0.281,0.611,0.0160260024283726,0.041209720530101,,,,RAB10,,,FALSE,FALSE,FALSE
Creb1,CD_IC,kidney,18,278,-0.251621753848138,0.09,0.222,0.0174797543170232,0.0436993857925581,,,,CREB1,-0.0788628754166012,0.27343317375151,FALSE,FALSE,FALSE
Ppp2cb,CD_IC,kidney,18,278,-0.130514832573882,0.122,0.278,0.0210370409557112,0.0511711807030813,,,,PPP2CB,-0.154344495591139,0.139208474399713,FALSE,FALSE,FALSE
Strada,CD_IC,kidney,18,278,-2.02924548733248,0.043,0.167,0.0241889451618712,0.0572896069623265,,,,STRADA,0.0482638423255332,0.441561159337292,FALSE,FALSE,FALSE
Ppp2r2a,CD_IC,kidney,18,278,0.369312289370122,0.212,0.444,0.0276736346116131,0.06343393695427,,,,PPP2R2A,-0.108782601530249,0.158420652705628,FALSE,FALSE,FALSE
Pfkm,CD_IC,kidney,18,278,-0.86772082704797,0.068,0.167,0.0281928608685645,0.06343393695427,,,,PFKM,-0.174352886444122,0.044645878124864,TRUE,FALSE,FALSE
Prkaa1,CD_IC,kidney,18,278,-0.092677411608586,0.043,0.167,0.0394566664282867,0.0866121945986781,,,,PRKAA1,-0.0832174939496949,0.203035696208847,FALSE,FALSE,FALSE
Lipe,CD_IC,kidney,18,278,-2.09909587589031,0.022,0.111,0.0404448926009926,0.0866676270021269,,,,LIPE,0.0340270585471342,0.616554915631368,FALSE,FALSE,FALSE
Ppp2r5b,CD_IC,kidney,18,278,-1.68587567882173,0.025,0.111,0.0433298558256423,0.090690395914135,,,,PPP2R5B,0.137412769860998,0.0300031487878973,TRUE,FALSE,FALSE
Rheb,CD_IC,kidney,18,278,-0.450192256894267,0.327,0.611,0.0461875029439061,0.0944744378398078,,,,RHEB,0.000762141165105317,0.994533538297037,FALSE,FALSE,FALSE
Acacb,CD_IC,kidney,18,278,-1.3612706637233,0.079,0.167,0.0514689547911329,0.102937909582266,,,,ACACB,0.128498466944628,0.339794153916541,FALSE,FALSE,FALSE
Adipor1,CD_IC,kidney,18,278,-0.0531055862028464,0.248,0.5,0.0537629022740963,0.105188287058015,,,,ADIPOR1,0.0985079852008817,0.299828895869015,FALSE,FALSE,FALSE
Tsc1,CD_IC,kidney,18,278,-1.06134006222036,0.083,0.222,0.057028607066665,0.109203715659571,,,,TSC1,-0.202386421851348,0.034493511696181,TRUE,FALSE,FALSE
Tbc1d1,CD_IC,kidney,18,278,0.256692169674287,0.205,0.444,0.0604015021572871,0.113252816544913,,,,TBC1D1,0.0427897471858399,0.548382850593194,FALSE,FALSE,FALSE
Ppargc1a,CD_IC,kidney,18,278,-0.526622566721819,0.259,0.5,0.0747604049460839,0.137315029492807,,,,PPARGC1A,-0.612471761557638,0.000603487342297342,TRUE,FALSE,FALSE
Eif4ebp1,CD_IC,kidney,18,278,-0.560466287258925,0.165,0.333,0.096870461819475,0.174366831275055,,,,EIF4EBP1,0.0754219943218205,0.37388212514371,FALSE,FALSE,FALSE
Creb3l2,CD_IC,kidney,18,278,0.796172527318538,0.187,0.278,0.122170526625849,0.215595046986793,,,,CREB3L2,0.109043372225875,0.405380258924797,FALSE,FALSE,FALSE
Rab14,CD_IC,kidney,18,278,-0.104213275118141,0.453,0.722,0.131094873749347,0.224473901232716,,,,RAB14,-0.0725879174061108,0.493282542838044,FALSE,FALSE,FALSE
Ppp2r3a,CD_IC,kidney,18,278,-0.570158646894238,0.104,0.222,0.132190186281489,0.224473901232716,,,,PPP2R3A,-0.0812689650985154,0.428087382487469,FALSE,FALSE,FALSE
Ppp2r5e,CD_IC,kidney,18,278,0.621359824187362,0.126,0.278,0.142684478242616,0.237807463737693,,,,PPP2R5E,-0.0251597625886988,0.835509017894403,FALSE,FALSE,FALSE
Sirt1,CD_IC,kidney,18,278,-0.342020767922298,0.112,0.222,0.173641981461776,0.284141424210179,,,,SIRT1,-0.389065828328134,0.0044363570263749,TRUE,FALSE,FALSE
Rab2a,CD_IC,kidney,18,278,0.195593373344012,0.41,0.722,0.186761632971058,0.294973650081895,,,,RAB2A,0.120861387341921,0.355798580095796,FALSE,FALSE,FALSE
Rps6kb1,CD_IC,kidney,18,278,-0.160168726102675,0.112,0.222,0.186816645051867,0.294973650081895,,,,RPS6KB1,-0.0150524871094566,0.834304342285709,FALSE,FALSE,FALSE
Pck2,CD_IC,kidney,18,278,1.92680395886432,0.083,0,0.206190685923739,0.319951064364423,,,,PCK2,0.0144772473306067,0.912081693834765,FALSE,FALSE,FALSE
Ppp2r3c,CD_IC,kidney,18,278,0.233385954940918,0.043,0.111,0.223695130025602,0.336598299350363,,,,PPP2R3C,-0.151989920023,0.276422292168939,FALSE,FALSE,FALSE
Camkk2,CD_IC,kidney,18,278,-1.78642822361797,0.032,0.111,0.224398866233575,0.336598299350363,,,,CAMKK2,0.506110584900416,0.00844909260690126,TRUE,FALSE,FALSE
Ulk1,CD_IC,kidney,18,278,-0.5831524878595,0.083,0.167,0.230898926863021,0.340670547830687,,,,ULK1,0.471039299127842,6.64395450049281e-05,TRUE,FALSE,FALSE
Rab8a,CD_IC,kidney,18,278,1.35749963369748,0.212,0.389,0.261352217641451,0.379382251415009,,,,RAB8A,,,FALSE,FALSE,FALSE
Pfkfb2,CD_IC,kidney,18,278,-1.68149466171446,0.018,0.056,0.273856929521109,0.389865581877992,,,,PFKFB2,0.0740961266957192,0.255267613635657,FALSE,FALSE,FALSE
Akt2,CD_IC,kidney,18,278,0.493695919901166,0.158,0.278,0.277237747113239,0.389865581877992,,,,AKT2,0.272775905162288,0.0322680307039496,TRUE,FALSE,FALSE
Rptor,CD_IC,kidney,18,278,-1.1408897431987,0.054,0.111,0.318692307816022,0.441266272360646,,,,RPTOR,,,FALSE,FALSE,FALSE
Ppp2r3d,CD_IC,kidney,18,278,0.189748210537239,0.054,0.111,0.343221175031905,0.468028875043507,,,,PPP2R3B,0.276953635505095,0.00063525508853722,TRUE,FALSE,FALSE
Eef2,CD_IC,kidney,18,278,-0.256828993156323,0.712,0.944,0.35002266867265,0.470179704187141,,,,EEF2,0.448462726762021,0.00104406663485494,TRUE,FALSE,FALSE
Tsc2,CD_IC,kidney,18,278,-0.24420743809089,0.058,0.111,0.356161867118395,0.471390706480228,,,,TSC2,0.360866737018733,0.0271776682330935,TRUE,FALSE,FALSE
Eef2k,CD_IC,kidney,18,278,-0.332385573097146,0.022,0.056,0.373127226774038,0.486687687096572,,,,EEF2K,,,FALSE,FALSE,FALSE
Creb3,CD_IC,kidney,18,278,-0.629356815317933,0.104,0.167,0.407854901488615,0.524384873342504,,,,CREB3,0.303800603180914,0.00138677189848469,TRUE,FALSE,FALSE
Pfkfb3,CD_IC,kidney,18,278,0.883183780929644,0.097,0.167,0.4219723930919,0.534894582792549,,,,PFKFB3,-0.655569796012921,0.000127446028528339,TRUE,FALSE,FALSE
Prkab2,CD_IC,kidney,18,278,0.701629527964203,0.025,0.056,0.466419887063871,0.583024858829838,,,,PRKAB2,-0.164901188264764,0.0594438901536121,FALSE,FALSE,FALSE
Rps6kb2,CD_IC,kidney,18,278,0.180779880184295,0.065,0.111,0.478584708464132,0.59003594194208,,,,RPS6KB2,0.257949387042562,0.0194903632172992,TRUE,FALSE,FALSE
Akt3,CD_IC,kidney,18,278,-1.09971525620817,0.014,0.056,0.519021754901321,0.631242674879985,,,,AKT3,-0.238769261788149,0.072397760239147,FALSE,FALSE,FALSE
Igf1r,CD_IC,kidney,18,278,1.28473866990996,0.094,0.056,0.555962613103557,0.667155135724269,,,,IGF1R,-0.148765271716842,0.133449327413096,FALSE,FALSE,FALSE
Cpt1b,CD_IC,kidney,18,278,1.36435835709717,0.09,0.056,0.582437290329889,0.6897283701275,,,,CPT1B,,,FALSE,FALSE,FALSE
G6pc3,CD_IC,kidney,18,278,0.439905718664457,0.112,0.167,0.592919830560925,0.693023178577704,,,,G6PC3,0.0114334505189842,0.862668473837378,FALSE,FALSE,FALSE
Gys1,CD_IC,kidney,18,278,0.340384191419989,0.076,0.111,0.609243728426516,0.702973532799826,,,,GYS1,-0.0716337209718613,0.296115180093984,FALSE,FALSE,FALSE
Irs1,CD_IC,kidney,18,278,1.21523080082293,0.086,0.056,0.626901268576913,0.714191318631926,,,,IRS1,-0.3554897344882,0.00226335322613427,TRUE,FALSE,FALSE
Map3k7,CD_IC,kidney,18,278,-0.133563745501463,0.079,0.111,0.654708036968744,0.736546541589837,,,,MAP3K7,-0.0337117987684358,0.660626089455411,FALSE,FALSE,FALSE
Pik3r1,CD_IC,kidney,18,278,0.483511644028649,0.219,0.278,0.722664316161918,0.80296035129102,,,,PIK3R1,-0.146984642979826,0.44195620227449,FALSE,FALSE,FALSE
Foxo3,CD_IC,kidney,18,278,1.28149158319201,0.137,0.167,0.844324757465503,0.926697904535309,,,,FOXO3,-0.258505148092882,0.0236771002828433,TRUE,FALSE,FALSE
Crtc2,CD_IC,kidney,18,278,0.0742999461361396,0.047,0.056,0.871120947390504,0.944588979098137,,,,CRTC2,,,FALSE,FALSE,FALSE
Pik3r2,CD_IC,kidney,18,278,0.583201037618172,0.061,0.056,0.8854489900467,0.948189105626269,,,,PIK3R2,0.268794809673499,0.00604856153799963,TRUE,FALSE,FALSE
Creb5,CD_IC,kidney,18,278,1.19315188319305,0.047,0.056,0.895511933091476,0.948189105626269,,,,CREB5,-0.0557779584602364,0.459938075024634,FALSE,FALSE,FALSE
Akt1,CD_IC,kidney,18,278,0.606382601432285,0.169,0.167,0.922594082706528,0.964668305901851,,,,AKT1,0.387089573539082,0.00343401055010987,TRUE,FALSE,FALSE
Ccnd1,CD_IC,kidney,18,278,0.672070094850523,0.112,0.111,0.932512695705122,0.964668305901851,,,,CCND1,0.8031084765255,0.00074921048132828,TRUE,FALSE,FALSE
Cd36,CD_IC,kidney,18,278,1.06065781452308,0.04,0.056,0.988428787661784,1,,,,CD36,0.228255319331112,0.102088419969093,FALSE,FALSE,FALSE
Igf1,CD_IC,kidney,18,278,0.480717197391268,0.05,0.056,0.994214285303585,1,,,,IGF1,-0.750196331507432,0.0163841211440685,TRUE,FALSE,FALSE
Pik3cd,CD_IC,kidney,18,278,0.486411080826305,0.047,0.056,1,1,,,,PIK3CD,0.187312414207718,0.0479971366369964,TRUE,FALSE,FALSE
Akt2,Distal_tubule,kidney,41,193,-2.18201104816478,0.057,0.195,0.00301847895884125,0.175421799695676,,,,AKT2,0.272775905162288,0.0322680307039496,TRUE,FALSE,FALSE
Ppp2r2b,Distal_tubule,kidney,41,193,-4.44912617989812,0.016,0.098,0.00501205141987646,0.175421799695676,,,,PPP2R2B,-0.262770074648551,0.0978848374373925,FALSE,FALSE,FALSE
G6pc3,Distal_tubule,kidney,41,193,-2.21038570527765,0.078,0.22,0.0086721127816008,0.202349298237352,,,,G6PC3,0.0114334505189842,0.862668473837378,FALSE,FALSE,FALSE
Ppp2r5d,Distal_tubule,kidney,41,193,-1.96785982759939,0.01,0.073,0.0122468493943151,0.214319864400514,,,,PPP2R5D,0.0418634535766595,0.545552937261772,FALSE,FALSE,FALSE
Cab39l,Distal_tubule,kidney,41,193,-0.811637669457619,0.155,0.317,0.0245040061259312,0.343056085763037,,,,CAB39L,0.0137396623132676,0.857025750656643,FALSE,FALSE,FALSE
Ppp2r5e,Distal_tubule,kidney,41,193,-1.86565074916254,0.098,0.22,0.0319402775129439,0.372636570984346,,,,PPP2R5E,-0.0251597625886988,0.835509017894403,FALSE,FALSE,FALSE
Rps6kb2,Distal_tubule,kidney,41,193,-2.51152413647072,0.047,0.146,0.0432845276700124,0.432845276700124,,,,RPS6KB2,0.257949387042562,0.0194903632172992,TRUE,FALSE,FALSE
Ppp2ca,Distal_tubule,kidney,41,193,-0.885616420981313,0.233,0.39,0.0529118923073953,0.436736472893121,,,,PPP2CA,,,FALSE,FALSE,FALSE
Pfkp,Distal_tubule,kidney,41,193,-1.12549178108057,0.166,0.293,0.0561518322291156,0.436736472893121,,,,PFKP,0.201971206322531,0.00645525341532389,TRUE,FALSE,FALSE
Rheb,Distal_tubule,kidney,41,193,-0.658469596393674,0.212,0.341,0.0912074734665275,0.559647667867045,,,,RHEB,0.000762141165105317,0.994533538297037,FALSE,FALSE,FALSE
Ppp2r5c,Distal_tubule,kidney,41,193,2.77548357236039,0.166,0.073,0.0924199480723943,0.559647667867045,,,,PPP2R5C,-0.214695257186268,0.0541914902763123,FALSE,FALSE,FALSE
Pfkfb3,Distal_tubule,kidney,41,193,-0.538090722350481,0.067,0.146,0.0963941145245197,0.559647667867045,,,,PFKFB3,-0.655569796012921,0.000127446028528339,TRUE,FALSE,FALSE
Rab2a,Distal_tubule,kidney,41,193,1.83272251143657,0.311,0.22,0.111728592057111,0.559647667867045,,,,RAB2A,0.120861387341921,0.355798580095796,FALSE,FALSE,FALSE
Elavl1,Distal_tubule,kidney,41,193,-0.249696664783772,0.124,0.22,0.13074194434489,0.559647667867045,,,,ELAVL1,0.00629859637126631,0.929732702059394,FALSE,FALSE,FALSE
Acaca,Distal_tubule,kidney,41,193,-0.517824132352504,0.016,0.073,0.133368767648154,0.559647667867045,,,,ACACA,0.07726357893715,0.585139303512386,FALSE,FALSE,FALSE
Pik3r2,Distal_tubule,kidney,41,193,-0.259135364006263,0.026,0.073,0.139746257066151,0.559647667867045,,,,PIK3R2,0.268794809673499,0.00604856153799963,TRUE,FALSE,FALSE
Ppargc1a,Distal_tubule,kidney,41,193,0.8628520120226,0.269,0.171,0.143700785684958,0.559647667867045,,,,PPARGC1A,-0.612471761557638,0.000603487342297342,TRUE,FALSE,FALSE
Eef2,Distal_tubule,kidney,41,193,0.320923022315889,0.596,0.512,0.148117227943365,0.559647667867045,,,,EEF2,0.448462726762021,0.00104406663485494,TRUE,FALSE,FALSE
Creb1,Distal_tubule,kidney,41,193,-0.412136725806453,0.073,0.146,0.151904366992484,0.559647667867045,,,,CREB1,-0.0788628754166012,0.27343317375151,FALSE,FALSE,FALSE
Irs2,Distal_tubule,kidney,41,193,-0.272801590528676,0.15,0.244,0.183299189071573,0.628581643847106,,,,IRS2,-0.584420274513232,0.00290962468594569,TRUE,FALSE,FALSE
Creb3,Distal_tubule,kidney,41,193,-0.248699517368574,0.062,0.122,0.196103888201117,0.628581643847106,,,,CREB3,0.303800603180914,0.00138677189848469,TRUE,FALSE,FALSE
Ppp2r3c,Distal_tubule,kidney,41,193,-2.50771291048056,0.031,0.073,0.197554230923376,0.628581643847106,,,,PPP2R3C,-0.151989920023,0.276422292168939,FALSE,FALSE,FALSE
Ppp2r5a,Distal_tubule,kidney,41,193,-0.771247209195214,0.187,0.268,0.213057551577525,0.648436026540292,,,,PPP2R5A,-0.262441936043039,0.00882731769154429,TRUE,FALSE,FALSE
Rab8a,Distal_tubule,kidney,41,193,1.75858638091991,0.166,0.098,0.244723130002053,0.670936402138706,,,,RAB8A,,,FALSE,FALSE,FALSE
Pik3ca,Distal_tubule,kidney,41,193,0.284353621708209,0.104,0.049,0.24782315711647,0.670936402138706,,,,PIK3CA,-0.194162266153804,0.025007761246042,TRUE,FALSE,FALSE
Ppp2r2d,Distal_tubule,kidney,41,193,2.49881069630039,0.176,0.098,0.249204949365805,0.670936402138706,,,,PPP2R2D,0.119151396427903,0.165293952164548,FALSE,FALSE,FALSE
Adipor2,Distal_tubule,kidney,41,193,0.213144099240963,0.161,0.244,0.277869139452216,0.708959545040832,,,,ADIPOR2,0.0715962771728451,0.531210570140672,FALSE,FALSE,FALSE
Ccnd1,Distal_tubule,kidney,41,193,-0.619791537376382,0.269,0.366,0.316239470957436,0.708959545040832,,,,CCND1,0.8031084765255,0.00074921048132828,TRUE,FALSE,FALSE
Akt1,Distal_tubule,kidney,41,193,0.0629070700848993,0.124,0.073,0.328104332576686,0.708959545040832,,,,AKT1,0.387089573539082,0.00343401055010987,TRUE,FALSE,FALSE
Akt1s1,Distal_tubule,kidney,41,193,1.97394596033467,0.119,0.049,0.339835669767805,0.708959545040832,,,,AKT1S1,,,FALSE,FALSE,FALSE
Pik3r1,Distal_tubule,kidney,41,193,0.0422341401787602,0.13,0.195,0.349224976433072,0.708959545040832,,,,PIK3R1,-0.146984642979826,0.44195620227449,FALSE,FALSE,FALSE
Ppp2cb,Distal_tubule,kidney,41,193,0.791593117033247,0.052,0.098,0.379091797939014,0.708959545040832,,,,PPP2CB,-0.154344495591139,0.139208474399713,FALSE,FALSE,FALSE
Tbc1d1,Distal_tubule,kidney,41,193,-0.716726066592187,0.145,0.22,0.385611998566513,0.708959545040832,,,,TBC1D1,0.0427897471858399,0.548382850593194,FALSE,FALSE,FALSE
Srebf1,Distal_tubule,kidney,41,193,-1.04221135091065,0.041,0.073,0.386583840245818,0.708959545040832,,,,SREBF1,0.435480157850608,0.0261960327030443,TRUE,FALSE,FALSE
Eif4ebp1,Distal_tubule,kidney,41,193,1.8039903092151,0.114,0.073,0.388538131242405,0.708959545040832,,,,EIF4EBP1,0.0754219943218205,0.37388212514371,FALSE,FALSE,FALSE
Rps6kb1,Distal_tubule,kidney,41,193,-0.0690813596617318,0.078,0.122,0.390242080750316,0.708959545040832,,,,RPS6KB1,-0.0150524871094566,0.834304342285709,FALSE,FALSE,FALSE
Irs1,Distal_tubule,kidney,41,193,1.63657873794946,0.057,0.024,0.391248580298378,0.708959545040832,,,,IRS1,-0.3554897344882,0.00226335322613427,TRUE,FALSE,FALSE
Insr,Distal_tubule,kidney,41,193,-1.56749794754071,0.067,0.122,0.392167586084973,0.708959545040832,,,,INSR,0.169374111461339,0.175103061199346,FALSE,FALSE,FALSE
Slc2a4,Distal_tubule,kidney,41,193,-1.58758580340012,0.062,0.098,0.394991746522749,0.708959545040832,,,,SLC2A4,0.0833675916829536,0.308686429784471,FALSE,FALSE,FALSE
Stradb,Distal_tubule,kidney,41,193,-0.250909044838128,0.041,0.073,0.42169187109012,0.713765952567705,,,,STRADB,,,FALSE,FALSE,FALSE
Prkaa2,Distal_tubule,kidney,41,193,-0.404039756384551,0.124,0.171,0.430085806648518,0.713765952567705,,,,PRKAA2,0.2883315494399,0.0174833628632484,TRUE,FALSE,FALSE
Acacb,Distal_tubule,kidney,41,193,1.83761971234127,0.083,0.049,0.430125728194517,0.713765952567705,,,,ACACB,0.128498466944628,0.339794153916541,FALSE,FALSE,FALSE
Prkag1,Distal_tubule,kidney,41,193,2.12484102956197,0.104,0.073,0.440136042529407,0.713765952567705,,,,PRKAG1,-0.0911617220470691,0.322923558463888,FALSE,FALSE,FALSE
Crtc2,Distal_tubule,kidney,41,193,-2.37144404704676,0.047,0.073,0.448652884471129,0.713765952567705,,,,CRTC2,,,FALSE,FALSE,FALSE
Map3k7,Distal_tubule,kidney,41,193,-0.976308930920703,0.067,0.098,0.494569511102555,0.769330350603975,,,,MAP3K7,-0.0337117987684358,0.660626089455411,FALSE,FALSE,FALSE
Rab10,Distal_tubule,kidney,41,193,0.178705768011551,0.207,0.244,0.531294625607239,0.79453990942927,,,,RAB10,,,FALSE,FALSE,FALSE
Ppp2r2a,Distal_tubule,kidney,41,193,-0.232639499067779,0.166,0.22,0.533476796331081,0.79453990942927,,,,PPP2R2A,-0.108782601530249,0.158420652705628,FALSE,FALSE,FALSE
Cab39,Distal_tubule,kidney,41,193,-0.696706490857468,0.181,0.22,0.547170664703628,0.795563733904483,,,,CAB39,0.0995298512419271,0.262092054253262,FALSE,FALSE,FALSE
Stk11,Distal_tubule,kidney,41,193,-0.258877666295505,0.155,0.195,0.556894613733138,0.795563733904483,,,,STK11,0.354251480632152,0.0153103974501462,TRUE,FALSE,FALSE
Rab11b,Distal_tubule,kidney,41,193,1.73316531462532,0.135,0.122,0.602702048708384,0.843782868191737,,,,RAB11B,-0.128979335643103,0.0848864845380073,FALSE,FALSE,FALSE
Ppp2r3a,Distal_tubule,kidney,41,193,-0.493128468672113,0.259,0.293,0.622442868944519,0.854333349531692,,,,PPP2R3A,-0.0812689650985154,0.428087382487469,FALSE,FALSE,FALSE
Prkab1,Distal_tubule,kidney,41,193,1.08878239528135,0.088,0.122,0.640371934504488,0.862039142602195,,,,PRKAB1,0.0903291141903828,0.333050873638677,FALSE,FALSE,FALSE
Ppp2r1a,Distal_tubule,kidney,41,193,0.123222866833758,0.161,0.195,0.663981255265149,0.876956374878498,,,,PPP2R1A,0.348763030574157,0.00116430586290843,TRUE,FALSE,FALSE
Cpt1a,Distal_tubule,kidney,41,193,0.1917344343011,0.202,0.244,0.691765162211482,0.896732617681551,,,,CPT1A,0.227443438987381,0.0910342838314238,FALSE,FALSE,FALSE
Adipor1,Distal_tubule,kidney,41,193,0.778108438938055,0.197,0.244,0.70498332408344,0.897251503378923,,,,ADIPOR1,0.0985079852008817,0.299828895869015,FALSE,FALSE,FALSE
Cpt1b,Distal_tubule,kidney,41,193,0.687728627259815,0.062,0.049,0.745597632464693,0.911260480980252,,,,CPT1B,,,FALSE,FALSE,FALSE
Rab14,Distal_tubule,kidney,41,193,-0.449765819100804,0.342,0.366,0.755610713057578,0.911260480980252,,,,RAB14,-0.0725879174061108,0.493282542838044,FALSE,FALSE,FALSE
Foxo3,Distal_tubule,kidney,41,193,0.924940953855792,0.104,0.122,0.790767343035026,0.911260480980252,,,,FOXO3,-0.258505148092882,0.0236771002828433,TRUE,FALSE,FALSE
Foxo1,Distal_tubule,kidney,41,193,1.17493315386308,0.073,0.073,0.796843848884575,0.911260480980252,,,,FOXO1,-0.105403033427432,0.24841547187657,FALSE,FALSE,FALSE
Hmgcr,Distal_tubule,kidney,41,193,-0.054415872379102,0.104,0.122,0.805401023889536,0.911260480980252,,,,HMGCR,0.322114208989851,0.265480328108024,FALSE,FALSE,FALSE
Camkk2,Distal_tubule,kidney,41,193,0.371433560061587,0.052,0.073,0.810842465225317,0.911260480980252,,,,CAMKK2,0.506110584900416,0.00844909260690126,TRUE,FALSE,FALSE
Igf1r,Distal_tubule,kidney,41,193,-0.0465707793751671,0.13,0.146,0.819241092752683,0.911260480980252,,,,IGF1R,-0.148765271716842,0.133449327413096,FALSE,FALSE,FALSE
Gys1,Distal_tubule,kidney,41,193,0.64699609084169,0.062,0.073,0.820134432882227,0.911260480980252,,,,GYS1,-0.0716337209718613,0.296115180093984,FALSE,FALSE,FALSE
Ulk1,Distal_tubule,kidney,41,193,1.04522550826165,0.083,0.098,0.844251325234724,0.92339988697548,,,,ULK1,0.471039299127842,6.64395450049281e-05,TRUE,FALSE,FALSE
Creb3l2,Distal_tubule,kidney,41,193,0.879956098746185,0.124,0.146,0.917580999083085,0.954982399218976,,,,CREB3L2,0.109043372225875,0.405380258924797,FALSE,FALSE,FALSE
Tsc1,Distal_tubule,kidney,41,193,-1.48282476724502,0.073,0.073,0.919064579088317,0.954982399218976,,,,TSC1,-0.202386421851348,0.034493511696181,TRUE,FALSE,FALSE
Pdpk1,Distal_tubule,kidney,41,193,1.26417224666511,0.083,0.098,0.934660824268316,0.954982399218976,,,,PDPK1,0.153466221786299,0.018028233353959,TRUE,FALSE,FALSE
Mtor,Distal_tubule,kidney,41,193,0.777482500924012,0.052,0.049,0.939076291009865,0.954982399218976,,,,MTOR,0.0609980192311536,0.346097047602718,FALSE,FALSE,FALSE
Pfkl,Distal_tubule,kidney,41,193,1.92591923202124,0.135,0.146,0.946451407438447,0.954982399218976,,,,PFKL,0.412788409607824,0.00375888054431156,TRUE,FALSE,FALSE
Sirt1,Distal_tubule,kidney,41,193,1.79429571564549,0.073,0.073,0.954982399218976,0.954982399218976,,,,SIRT1,-0.389065828328134,0.0044363570263749,TRUE,FALSE,FALSE
Ccnd1,Endothelial,kidney,1112,1763,0.998807873159608,0.404,0.271,8.2149665136487e-18,5.6683268944176e-16,0.97401374785967,1.19458182251943e-06,0.00151455848219794,CCND1,0.8031084765255,0.00074921048132828,TRUE,TRUE,TRUE
Cd36,Endothelial,kidney,1112,1763,-0.460603565142518,0.196,0.308,1.68990877507948e-10,5.8301852740242e-09,-0.592650915088365,0.000435590744031241,0.0483652368931564,CD36,0.228255319331112,0.102088419969093,FALSE,FALSE,FALSE
Stk11,Endothelial,kidney,1112,1763,-0.562385758814996,0.144,0.244,2.7372879251501e-10,6.29576222784522e-09,-0.619033591556107,0.000653533853711868,0.0611413166669718,STK11,0.354251480632152,0.0153103974501462,TRUE,FALSE,FALSE
Tbc1d1,Endothelial,kidney,1112,1763,-0.422949132146911,0.226,0.327,1.27888429608096e-07,2.20607541073966e-06,-0.263074636936126,0.192176655580947,0.713221248865115,TBC1D1,0.0427897471858399,0.548382850593194,FALSE,FALSE,FALSE
Insr,Endothelial,kidney,1112,1763,-0.261382278771126,0.159,0.227,7.99089398575655e-05,0.0011027433700344,-0.350839105397243,0.139526263610226,0.661518023107068,INSR,0.169374111461339,0.175103061199346,FALSE,FALSE,FALSE
Pfkl,Endothelial,kidney,1112,1763,-0.267560840611492,0.107,0.155,0.000531977320187383,0.00525138473487241,-0.311702217159989,0.163230622903523,0.684483959402577,PFKL,0.412788409607824,0.00375888054431156,TRUE,FALSE,FALSE
Akt1s1,Endothelial,kidney,1112,1763,-0.310362832671113,0.084,0.128,0.000532749176001549,0.00525138473487241,-0.397360641787537,0.0557706722507727,0.505643191716439,AKT1S1,,,FALSE,FALSE,FALSE
Lepr,Endothelial,kidney,1112,1763,-0.119591775151653,0.065,0.103,0.000889575427085328,0.00767258805861095,-0.323716925078923,0.111778651562851,0.626764978173777,LEPR,,,FALSE,FALSE,FALSE
Foxo1,Endothelial,kidney,1112,1763,-0.0236823908254719,0.265,0.345,0.00157362488463734,0.0120644574488863,-0.329334677874293,0.031665898980041,0.433659450793196,FOXO1,-0.105403033427432,0.24841547187657,FALSE,FALSE,FALSE
Creb3,Endothelial,kidney,1112,1763,-0.198495199954128,0.106,0.147,0.00265276361299532,0.0183040689296677,-0.224615300894745,0.277904362076277,0.770253933204562,CREB3,0.303800603180914,0.00138677189848469,TRUE,FALSE,FALSE
Prkag1,Endothelial,kidney,1112,1763,-0.287970227393931,0.118,0.159,0.0032812000458504,0.0205820730148798,-0.269404971720824,0.169196361317279,0.690380277551663,PRKAG1,-0.0911617220470691,0.322923558463888,FALSE,FALSE,FALSE
Rps6kb1,Endothelial,kidney,1112,1763,-0.0861307544356148,0.125,0.17,0.00427746130291286,0.024595402491749,-0.228021822594533,0.18475250978211,0.706630733290338,RPS6KB1,-0.0150524871094566,0.834304342285709,FALSE,FALSE,FALSE
Crtc2,Endothelial,kidney,1112,1763,-0.215013795304742,0.055,0.083,0.00543896007945401,0.0273473446860006,-0.386973858947123,0.177297539260035,0.700499873680359,CRTC2,,,FALSE,FALSE,FALSE
Ppp2r2a,Endothelial,kidney,1112,1763,-0.01991999467653,0.171,0.223,0.00554873660295663,0.0273473446860006,-0.116601058230226,0.46731760634019,0.861532657285879,PPP2R2A,-0.108782601530249,0.158420652705628,FALSE,FALSE,FALSE
Lipe,Endothelial,kidney,1112,1763,-0.439248507636124,0.064,0.091,0.00823245559663274,0.0378692957445106,-0.311426874506911,0.248985215015246,0.755426192105465,LIPE,0.0340270585471342,0.616554915631368,FALSE,FALSE,FALSE
Rheb,Endothelial,kidney,1112,1763,-0.00675900249633221,0.348,0.436,0.0102993250876695,0.0444158394405746,-0.124472300130668,0.34562504221482,0.813898588506154,RHEB,0.000762141165105317,0.994533538297037,FALSE,FALSE,FALSE
Akt3,Endothelial,kidney,1112,1763,-0.123093215259896,0.104,0.138,0.0123448252228768,0.0501054670810883,-0.129151322962326,0.539761114817068,0.893536656822308,AKT3,-0.238769261788149,0.072397760239147,FALSE,FALSE,FALSE
Ppp2cb,Endothelial,kidney,1112,1763,-0.190880865854117,0.097,0.126,0.0228252085345324,0.0873399237421502,-0.116504050111798,0.535464954870761,0.890475603314821,PPP2CB,-0.154344495591139,0.139208474399713,FALSE,FALSE,FALSE
Pparg,Endothelial,kidney,1112,1763,-0.240747905341332,0.037,0.056,0.0240501239289979,0.0873399237421502,-0.442572435353494,0.114193854083351,0.627646977604593,PPARG,0.14873252430513,0.210592958883288,FALSE,FALSE,FALSE
Sirt1,Endothelial,kidney,1112,1763,-0.200855820597821,0.074,0.099,0.02547473231563,0.0878878264889235,-0.256589181672719,0.264803058475129,0.765838384444021,SIRT1,-0.389065828328134,0.0044363570263749,TRUE,FALSE,FALSE
Rab2a,Endothelial,kidney,1112,1763,0.292655520411776,0.541,0.558,0.027165139975701,0.0892568884915891,0.122223911745712,0.362982227433219,0.827020420477867,RAB2A,0.120861387341921,0.355798580095796,FALSE,FALSE,FALSE
Cab39l,Endothelial,kidney,1112,1763,-0.0147437012954432,0.079,0.105,0.0308450733900889,0.0967413665416425,-0.242222285515671,0.23635102353733,0.746392830544344,CAB39L,0.0137396623132676,0.857025750656643,FALSE,FALSE,FALSE
Ppp2r3c,Endothelial,kidney,1112,1763,-0.303871239510467,0.04,0.058,0.0358541355998556,0.107128266871687,-0.371449976572402,0.181144378981691,0.70389583386779,PPP2R3C,-0.151989920023,0.276422292168939,FALSE,FALSE,FALSE
Ppp2ca,Endothelial,kidney,1112,1763,-0.0220237428343631,0.279,0.342,0.0372620058684129,0.107128266871687,0.0359142909659475,0.821559977754477,0.966855386637903,PPP2CA,,,FALSE,FALSE,FALSE
Ppp2r3d,Endothelial,kidney,1112,1763,-0.175898293572657,0.04,0.058,0.0398213920507713,0.109515762519262,-0.311168838740117,0.256897070695243,0.762853792858233,PPP2R3B,0.276953635505095,0.00063525508853722,TRUE,FALSE,FALSE
Mlycd,Endothelial,kidney,1112,1763,-0.203842970499752,0.039,0.056,0.041266809065229,0.109515762519262,-0.230180678196698,0.414153249116452,0.844749119891137,MLYCD,0.272131424826275,0.0291126278511173,TRUE,FALSE,FALSE
Ppp2r5d,Endothelial,kidney,1112,1763,-0.0966540346122318,0.058,0.078,0.0530864788158471,0.13566544586272,-0.221319972330846,0.415345312890094,0.844749119891137,PPP2R5D,0.0418634535766595,0.545552937261772,FALSE,FALSE,FALSE
Pdpk1,Endothelial,kidney,1112,1763,0.0124792147986876,0.118,0.147,0.0559708471164002,0.137928158965415,0.000326565802704055,0.999135402645785,0.999890036635698,PDPK1,0.153466221786299,0.018028233353959,TRUE,FALSE,FALSE
Elavl1,Endothelial,kidney,1112,1763,0.000554137108323194,0.142,0.174,0.0590992877310729,0.140615546670484,-0.0711084412808785,0.682326889420124,0.935951929141139,ELAVL1,0.00629859637126631,0.929732702059394,FALSE,FALSE,FALSE
Prkab1,Endothelial,kidney,1112,1763,0.0524414169516014,0.113,0.139,0.0816724105039883,0.187846544159173,-0.0287174612886196,0.891517713288411,0.981285630303338,PRKAB1,0.0903291141903828,0.333050873638677,FALSE,FALSE,FALSE
Pfkp,Endothelial,kidney,1112,1763,-0.132784118000608,0.06,0.076,0.0912428318331193,0.199395697605435,-0.120533552421183,0.621213097301561,0.915740585543292,PFKP,0.201971206322531,0.00645525341532389,TRUE,FALSE,FALSE
Igf1r,Endothelial,kidney,1112,1763,-0.0948996249420333,0.128,0.153,0.09305484749308,0.199395697605435,-0.0580863111551967,0.765461910726372,0.952792221130778,IGF1R,-0.148765271716842,0.133449327413096,FALSE,FALSE,FALSE
Eif4ebp1,Endothelial,kidney,1112,1763,0.684765491896939,0.071,0.057,0.0953631597243384,0.199395697605435,0.37204010316451,0.14775309345028,0.672937421283854,EIF4EBP1,0.0754219943218205,0.37388212514371,FALSE,FALSE,FALSE
Cab39,Endothelial,kidney,1112,1763,0.0508925071062279,0.203,0.239,0.12173577056372,0.240083546118999,0.0165900639123503,0.916653905029713,0.986306840968746,CAB39,0.0995298512419271,0.262092054253262,FALSE,FALSE,FALSE
Ppp2r1a,Endothelial,kidney,1112,1763,-0.0384806957717538,0.182,0.21,0.124059164652106,0.240083546118999,-0.0602636535672607,0.708190160342744,0.941715231136767,PPP2R1A,0.348763030574157,0.00116430586290843,TRUE,FALSE,FALSE
Adipor1,Endothelial,kidney,1112,1763,0.00889294266212226,0.266,0.315,0.125260980583825,0.240083546118999,-0.127187754707104,0.382395373892958,0.834082103074756,ADIPOR1,0.0985079852008817,0.299828895869015,FALSE,FALSE,FALSE
Ppp2r5c,Endothelial,kidney,1112,1763,0.41930244795443,0.262,0.256,0.145775854257896,0.271852268751212,0.211548208500385,0.186549484157115,0.70923094793145,PPP2R5C,-0.214695257186268,0.0541914902763123,FALSE,FALSE,FALSE
Adipor2,Endothelial,kidney,1112,1763,0.553818950491595,0.115,0.102,0.1549759821968,0.281400636406443,0.506585745652857,0.0168718747421077,0.34544511751225,ADIPOR2,0.0715962771728451,0.531210570140672,FALSE,FALSE,FALSE
Creb3l2,Endothelial,kidney,1112,1763,0.133732370860668,0.139,0.165,0.159052533621033,0.281400636406443,-0.00820675738752805,0.960475676411235,0.993915633324773,CREB3L2,0.109043372225875,0.405380258924797,FALSE,FALSE,FALSE
Camkk2,Endothelial,kidney,1112,1763,0.521739195040384,0.113,0.102,0.22870041704927,0.394508219409991,0.312045262342346,0.192551540381353,0.713221248865115,CAMKK2,0.506110584900416,0.00844909260690126,TRUE,FALSE,FALSE
Map3k7,Endothelial,kidney,1112,1763,0.399395843266805,0.092,0.081,0.246799079285063,0.415344791967545,0.3930792442046,0.110615746295887,0.625586004203873,MAP3K7,-0.0337117987684358,0.660626089455411,FALSE,FALSE,FALSE
Foxo3,Endothelial,kidney,1112,1763,0.0337988776423441,0.054,0.066,0.253347229486627,0.416213305585173,-0.0487712322837924,0.863279002872439,0.977357811621918,FOXO3,-0.258505148092882,0.0236771002828433,TRUE,FALSE,FALSE
Ppp2r3a,Endothelial,kidney,1112,1763,0.131260885840703,0.067,0.079,0.285569197620059,0.448727883653331,0.0121949999507158,0.956827413829743,0.993703232619101,PPP2R3A,-0.0812689650985154,0.428087382487469,FALSE,FALSE,FALSE
Tsc1,Endothelial,kidney,1112,1763,0.560772202678456,0.06,0.052,0.286145317112269,0.448727883653331,0.357322319012352,0.267532977246662,0.765838384444021,TSC1,-0.202386421851348,0.034493511696181,TRUE,FALSE,FALSE
Pik3r1,Endothelial,kidney,1112,1763,0.293365819881107,0.164,0.155,0.314215542694762,0.474351377332663,0.313777978370644,0.0805632045778807,0.56932139026124,PIK3R1,-0.146984642979826,0.44195620227449,FALSE,FALSE,FALSE
Ppp2r5a,Endothelial,kidney,1112,1763,0.13861428601714,0.277,0.314,0.316234251555109,0.474351377332663,0.0664860418417318,0.663761585822138,0.932199885335434,PPP2R5A,-0.262441936043039,0.00882731769154429,TRUE,FALSE,FALSE
Rab14,Endothelial,kidney,1112,1763,0.0241640195826152,0.526,0.605,0.334501703233223,0.491076968576434,-0.0917312201369437,0.47313266484824,0.865714236825296,RAB14,-0.0725879174061108,0.493282542838044,FALSE,FALSE,FALSE
Pck2,Endothelial,kidney,1112,1763,0.113355798623694,0.088,0.102,0.345685320307035,0.496922647941363,0.0136789452088125,0.946077997465346,0.99207161407474,PCK2,0.0144772473306067,0.912081693834765,FALSE,FALSE,FALSE
Ppp2r5e,Endothelial,kidney,1112,1763,0.433698254128435,0.152,0.147,0.366108391428431,0.509946356701199,0.37736740219132,0.0377360469726779,0.455731556864046,PPP2R5E,-0.0251597625886988,0.835509017894403,FALSE,FALSE,FALSE
G6pc3,Endothelial,kidney,1112,1763,0.517776723181416,0.053,0.046,0.369526345435651,0.509946356701199,0.42493701963619,0.142459369016947,0.665703310793572,G6PC3,0.0114334505189842,0.862668473837378,FALSE,FALSE,FALSE
Creb1,Endothelial,kidney,1112,1763,0.105641913686031,0.158,0.174,0.439278612807673,0.594318123210381,0.110448794506144,0.576944036120123,0.902304293688494,CREB1,-0.0788628754166012,0.27343317375151,FALSE,FALSE,FALSE
Akt1,Endothelial,kidney,1112,1763,0.287728248431337,0.222,0.225,0.526206255661992,0.678028705633667,0.246475423037579,0.135084051515314,0.654258265172083,AKT1,0.387089573539082,0.00343401055010987,TRUE,FALSE,FALSE
Pfkfb3,Endothelial,kidney,1112,1763,0.169560572398591,0.126,0.139,0.527195108606462,0.678028705633667,-0.0152780507383397,0.934546155529419,0.990166277420078,PFKFB3,-0.655569796012921,0.000127446028528339,TRUE,FALSE,FALSE
Rab10,Endothelial,kidney,1112,1763,0.261827446698941,0.31,0.325,0.530631160930696,0.678028705633667,0.201402676588081,0.167710839184037,0.690380277551663,RAB10,,,FALSE,FALSE,FALSE
Cpt1a,Endothelial,kidney,1112,1763,0.0161651398075495,0.098,0.105,0.604200078134316,0.745130496112584,0.00325247413729728,0.986892456925995,0.996998649456139,CPT1A,0.227443438987381,0.0910342838314238,FALSE,FALSE,FALSE
Hmgcr,Endothelial,kidney,1112,1763,0.318610574864273,0.085,0.081,0.609613001581997,0.745130496112584,0.200626031877908,0.344729176646268,0.813898588506154,HMGCR,0.322114208989851,0.265480328108024,FALSE,FALSE,FALSE
Igf1,Endothelial,kidney,1112,1763,0.268084362392161,0.137,0.132,0.615542583745179,0.745130496112584,0.0715942993815418,0.833630839702991,0.970041239235742,IGF1,-0.750196331507432,0.0163841211440685,TRUE,FALSE,FALSE
Rab11b,Endothelial,kidney,1112,1763,0.182765199976335,0.265,0.298,0.6630287252996,0.78584526307238,0.0741630533404329,0.625701022318095,0.917202537655653,RAB11B,-0.128979335643103,0.0848864845380073,FALSE,FALSE,FALSE
Tsc2,Endothelial,kidney,1112,1763,0.258070644511668,0.057,0.062,0.691018932566219,0.78584526307238,0.161951823923176,0.56082261293556,0.89592045622034,TSC2,0.360866737018733,0.0271776682330935,TRUE,FALSE,FALSE
Rps6kb2,Endothelial,kidney,1112,1763,0.207519219553306,0.064,0.068,0.691094541984851,0.78584526307238,0.129802808398239,0.605808314537532,0.913699476425275,RPS6KB2,0.257949387042562,0.0194903632172992,TRUE,FALSE,FALSE
Ppp2r2d,Endothelial,kidney,1112,1763,0.169193104758461,0.176,0.176,0.694732768803119,0.78584526307238,0.224349911940008,0.173913090818007,0.695931805536098,PPP2R2D,0.119151396427903,0.165293952164548,FALSE,FALSE,FALSE
Prkaa1,Endothelial,kidney,1112,1763,0.420017812964358,0.073,0.072,0.784835836900516,0.873446334615091,0.203537293163554,0.396220772819019,0.840461824795851,PRKAA1,-0.0832174939496949,0.203035696208847,FALSE,FALSE,FALSE
Rab8a,Endothelial,kidney,1112,1763,0.423095040860964,0.158,0.164,0.805798803352019,0.882541546528402,0.170965424545725,0.401038235950168,0.841831344610433,RAB8A,,,FALSE,FALSE,FALSE
Rptor,Endothelial,kidney,1112,1763,0.391383647613306,0.058,0.058,0.847397076317844,0.913137590694868,0.241499611071965,0.33987968608848,0.810173242989116,RPTOR,,,FALSE,FALSE,FALSE
Srebf1,Endothelial,kidney,1112,1763,0.362070756092259,0.056,0.058,0.860202078190818,0.913137590694868,0.0731344386108022,0.786041456325607,0.95812420137626,SREBF1,0.435480157850608,0.0261960327030443,TRUE,FALSE,FALSE
Mtor,Endothelial,kidney,1112,1763,0.184226451476245,0.076,0.076,0.908057460058007,0.936342408519729,0.192666394867825,0.440789046456416,0.849608978778733,MTOR,0.0609980192311536,0.346097047602718,FALSE,FALSE,FALSE
Eef2,Endothelial,kidney,1112,1763,0.0434586918207329,0.691,0.751,0.909202048852491,0.936342408519729,-0.0502032810740031,0.683527791496145,0.935967806674793,EEF2,0.448462726762021,0.00104406663485494,TRUE,FALSE,FALSE
Ulk1,Endothelial,kidney,1112,1763,0.0474323114416266,0.066,0.067,0.969300711612667,0.972115300728186,0.184183101806218,0.426562794135849,0.845078873594375,ULK1,0.471039299127842,6.64395450049281e-05,TRUE,FALSE,FALSE
Pik3ca,Endothelial,kidney,1112,1763,0.300508200751884,0.117,0.121,0.972115300728186,0.972115300728186,0.218463786708247,0.274168804802358,0.767881276386315,PIK3CA,-0.194162266153804,0.025007761246042,TRUE,FALSE,FALSE
Acaca,Fibroblast_Pericyte,kidney,15,576,-3.19934075842289,0.024,0.4,1.40850852323628e-16,1.16906207428611e-14,,,,ACACA,0.07726357893715,0.585139303512386,FALSE,FALSE,FALSE
Rps6kb1,Fibroblast_Pericyte,kidney,15,576,-0.969738231041632,0.094,0.667,1.06084765728918e-10,4.4025177777501e-09,,,,RPS6KB1,-0.0150524871094566,0.834304342285709,FALSE,FALSE,FALSE
Prkag3,Fibroblast_Pericyte,kidney,15,576,-6.66748802942384,0,0.067,6.17041127194225e-10,1.70714711857069e-08,,,,PRKAG3,,,FALSE,FALSE,FALSE
Rab11b,Fibroblast_Pericyte,kidney,15,576,-0.457286729605275,0.134,0.667,1.01157214974158e-09,2.09901221071378e-08,,,,RAB11B,-0.128979335643103,0.0848864845380073,FALSE,FALSE,FALSE
G6pc,Fibroblast_Pericyte,kidney,15,576,-3.13602181932037,0.003,0.133,1.70374896842507e-09,2.82822328758561e-08,,,,G6PC1,-0.412080288509612,0.0750142815257835,FALSE,FALSE,FALSE
Mlycd,Fibroblast_Pericyte,kidney,15,576,-2.13021702949816,0.009,0.067,4.63205095185833e-09,6.40767048340403e-08,,,,MLYCD,0.272131424826275,0.0291126278511173,TRUE,FALSE,FALSE
Ppp2r3a,Fibroblast_Pericyte,kidney,15,576,-0.812860321163674,0.059,0.4,1.98142264772222e-08,2.34940113944207e-07,,,,PPP2R3A,-0.0812689650985154,0.428087382487469,FALSE,FALSE,FALSE
Sirt1,Fibroblast_Pericyte,kidney,15,576,-2.23559890355727,0.071,0.467,5.78740029156367e-08,6.00442780249731e-07,,,,SIRT1,-0.389065828328134,0.0044363570263749,TRUE,TRUE,FALSE
Akt1s1,Fibroblast_Pericyte,kidney,15,576,-0.663628084966514,0.049,0.333,1.08678290389277e-07,8.38832197404656e-07,,,,AKT1S1,,,FALSE,FALSE,FALSE
Ppp2cb,Fibroblast_Pericyte,kidney,15,576,-0.966301675614487,0.047,0.267,1.11024256926589e-07,8.38832197404656e-07,,,,PPP2CB,-0.154344495591139,0.139208474399713,FALSE,FALSE,FALSE
Ppp2r1b,Fibroblast_Pericyte,kidney,15,576,-2.16275127729958,0.024,0.267,1.11170532186159e-07,8.38832197404656e-07,,,,PPP2R1B,-0.0326247135429388,0.79265448609177,FALSE,FALSE,FALSE
Rheb,Fibroblast_Pericyte,kidney,15,576,-0.522599843389203,0.175,0.733,3.80773977170376e-07,2.63368667542844e-06,,,,RHEB,0.000762141165105317,0.994533538297037,FALSE,FALSE,FALSE
Ppp2ca,Fibroblast_Pericyte,kidney,15,576,-0.577101268803825,0.203,0.867,5.31603214856445e-07,3.39408206408345e-06,,,,PPP2CA,,,FALSE,FALSE,FALSE
Pparg,Fibroblast_Pericyte,kidney,15,576,-1.51827196940433,0.014,0.133,7.79479634552467e-07,4.62120069056105e-06,,,,PPARG,0.14873252430513,0.210592958883288,FALSE,FALSE,FALSE
Akt1,Fibroblast_Pericyte,kidney,15,576,-0.111036355701387,0.095,0.4,2.73261101065198e-06,1.51204475922743e-05,,,,AKT1,0.387089573539082,0.00343401055010987,TRUE,FALSE,FALSE
Eif4ebp1,Fibroblast_Pericyte,kidney,15,576,-0.808203802330253,0.066,0.4,4.90918575340724e-06,2.54664010958001e-05,,,,EIF4EBP1,0.0754219943218205,0.37388212514371,FALSE,FALSE,FALSE
Prkag2,Fibroblast_Pericyte,kidney,15,576,-2.02197759162024,0.021,0.2,1.44170953646077e-05,7.0389347956614e-05,,,,PRKAG2,0.144334536180236,0.179142511226382,FALSE,FALSE,FALSE
Tsc2,Fibroblast_Pericyte,kidney,15,576,-0.49525736736449,0.031,0.267,2.08041112560469e-05,9.59300685695494e-05,,,,TSC2,0.360866737018733,0.0271776682330935,TRUE,FALSE,FALSE
Cab39l,Fibroblast_Pericyte,kidney,15,576,-0.810057084872621,0.095,0.467,2.72948398963735e-05,0.000116163036735095,,,,CAB39L,0.0137396623132676,0.857025750656643,FALSE,FALSE,FALSE
Ccnd1,Fibroblast_Pericyte,kidney,15,576,-1.06618183148241,0.168,0.667,2.79910931891794e-05,0.000116163036735095,,,,CCND1,0.8031084765255,0.00074921048132828,TRUE,FALSE,FALSE
Cab39,Fibroblast_Pericyte,kidney,15,576,-0.404357522717319,0.097,0.467,4.65459153374623e-05,0.000178450229187616,,,,CAB39,0.0995298512419271,0.262092054253262,FALSE,FALSE,FALSE
Mtor,Fibroblast_Pericyte,kidney,15,576,-1.11951383032346,0.036,0.267,4.73000607485247e-05,0.000178450229187616,,,,MTOR,0.0609980192311536,0.346097047602718,FALSE,FALSE,FALSE
Creb3l2,Fibroblast_Pericyte,kidney,15,576,-0.57210801011044,0.078,0.4,9.18059340027144e-05,0.000331299674879361,,,,CREB3L2,0.109043372225875,0.405380258924797,FALSE,FALSE,FALSE
Strada,Fibroblast_Pericyte,kidney,15,576,-2.27405606637072,0.026,0.2,0.000122525091003503,0.000423732606387113,,,,STRADA,0.0482638423255332,0.441561159337292,FALSE,FALSE,FALSE
Creb5,Fibroblast_Pericyte,kidney,15,576,-0.80213985017312,0.141,0.533,0.000159245146863388,0.000528693887586449,,,,CREB5,-0.0557779584602364,0.459938075024634,FALSE,FALSE,FALSE
Ppp2r3d,Fibroblast_Pericyte,kidney,15,576,-1.67993005699472,0.026,0.2,0.000245812693863468,0.000784709753487225,,,,PPP2R3B,0.276953635505095,0.00063525508853722,TRUE,FALSE,FALSE
Akt2,Fibroblast_Pericyte,kidney,15,576,-0.503881762279224,0.095,0.4,0.000304235135116404,0.000935241341283759,,,,AKT2,0.272775905162288,0.0322680307039496,TRUE,FALSE,FALSE
Elavl1,Fibroblast_Pericyte,kidney,15,576,-0.145116800608801,0.092,0.4,0.000320391049424779,0.000949730610794881,,,,ELAVL1,0.00629859637126631,0.929732702059394,FALSE,FALSE,FALSE
Ppp2r1a,Fibroblast_Pericyte,kidney,15,576,0.216760257559962,0.115,0.4,0.000503713386860024,0.00144166245204766,,,,PPP2R1A,0.348763030574157,0.00116430586290843,TRUE,TRUE,FALSE
Ppp2r2d,Fibroblast_Pericyte,kidney,15,576,0.354637071141505,0.115,0.4,0.000523762705625554,0.00144907681889737,,,,PPP2R2D,0.119151396427903,0.165293952164548,FALSE,FALSE,FALSE
Foxo1,Fibroblast_Pericyte,kidney,15,576,-0.119792609943463,0.087,0.333,0.000612597130958128,0.00164017941514596,,,,FOXO1,-0.105403033427432,0.24841547187657,FALSE,FALSE,FALSE
Igf1r,Fibroblast_Pericyte,kidney,15,576,-0.491039836188401,0.095,0.4,0.000828310260401633,0.00214842973791674,,,,IGF1R,-0.148765271716842,0.133449327413096,FALSE,FALSE,FALSE
Ppp2r5c,Fibroblast_Pericyte,kidney,15,576,0.915575418944543,0.139,0.267,0.000899973049403402,0.0022635685788025,,,,PPP2R5C,-0.214695257186268,0.0541914902763123,FALSE,FALSE,FALSE
Srebf1,Fibroblast_Pericyte,kidney,15,576,-1.32358653537356,0.035,0.2,0.00105515068337303,0.00257580902117534,,,,SREBF1,0.435480157850608,0.0261960327030443,TRUE,FALSE,FALSE
G6pc3,Fibroblast_Pericyte,kidney,15,576,-1.01009665063095,0.031,0.2,0.0013853772420981,0.00328532317411836,,,,G6PC3,0.0114334505189842,0.862668473837378,FALSE,FALSE,FALSE
Creb3,Fibroblast_Pericyte,kidney,15,576,0.0156839737524104,0.05,0.2,0.00174871353607192,0.0040317562081658,,,,CREB3,0.303800603180914,0.00138677189848469,TRUE,TRUE,FALSE
Tsc1,Fibroblast_Pericyte,kidney,15,576,-0.671599163582781,0.035,0.2,0.00192423055429456,0.00425194603459868,,,,TSC1,-0.202386421851348,0.034493511696181,TRUE,TRUE,FALSE
Adipor2,Fibroblast_Pericyte,kidney,15,576,-0.125856099362728,0.076,0.333,0.00194667408812951,0.00425194603459868,,,,ADIPOR2,0.0715962771728451,0.531210570140672,FALSE,FALSE,FALSE
Pdpk1,Fibroblast_Pericyte,kidney,15,576,0.0483896980056217,0.082,0.333,0.00223728068927621,0.00476139223615193,,,,PDPK1,0.153466221786299,0.018028233353959,TRUE,TRUE,FALSE
Crtc2,Fibroblast_Pericyte,kidney,15,576,-0.966374842333048,0.036,0.2,0.00256749044155317,0.00532754266622283,,,,CRTC2,,,FALSE,FALSE,FALSE
Rab8a,Fibroblast_Pericyte,kidney,15,576,0.600687950552031,0.113,0.4,0.00363866427908505,0.00736607646741607,,,,RAB8A,,,FALSE,FALSE,FALSE
Cpt1b,Fibroblast_Pericyte,kidney,15,576,-2.21569189395433,0.003,0.067,0.00433347174469118,0.00856376559069923,,,,CPT1B,,,FALSE,FALSE,FALSE
Pik3r1,Fibroblast_Pericyte,kidney,15,576,-0.251963830378699,0.151,0.467,0.00457627781079004,0.00863020865600291,,,,PIK3R1,-0.146984642979826,0.44195620227449,FALSE,FALSE,FALSE
Pik3r2,Fibroblast_Pericyte,kidney,15,576,-1.12319816660322,0.042,0.2,0.00459032839736955,0.00863020865600291,,,,PIK3R2,0.268794809673499,0.00604856153799963,TRUE,FALSE,FALSE
Camkk2,Fibroblast_Pericyte,kidney,15,576,-0.176022447690345,0.061,0.267,0.00467902878939917,0.00863020865600291,,,,CAMKK2,0.506110584900416,0.00844909260690126,TRUE,FALSE,FALSE
Hmgcr,Fibroblast_Pericyte,kidney,15,576,0.253947146026991,0.068,0.267,0.0067092241345951,0.0119911427085807,,,,HMGCR,0.322114208989851,0.265480328108024,FALSE,FALSE,FALSE
Rab10,Fibroblast_Pericyte,kidney,15,576,0.660525894389275,0.205,0.533,0.00679016514823247,0.0119911427085807,,,,RAB10,,,FALSE,FALSE,FALSE
Ppp2r5b,Fibroblast_Pericyte,kidney,15,576,-1.88055090390191,0.019,0.133,0.00720235980962025,0.012454080504135,,,,PPP2R5B,0.137412769860998,0.0300031487878973,TRUE,FALSE,FALSE
Rab14,Fibroblast_Pericyte,kidney,15,576,0.413667399948656,0.273,0.733,0.0116361212454198,0.0197101645585683,,,,RAB14,-0.0725879174061108,0.493282542838044,FALSE,FALSE,FALSE
Ppp2r2a,Fibroblast_Pericyte,kidney,15,576,0.812006372769362,0.16,0.467,0.0132796361385829,0.0220441959900476,,,,PPP2R2A,-0.108782601530249,0.158420652705628,FALSE,FALSE,FALSE
Tbc1d1,Fibroblast_Pericyte,kidney,15,576,0.00744422186770799,0.05,0.2,0.0203826670998332,0.0331717915546305,,,,TBC1D1,0.0427897471858399,0.548382850593194,FALSE,FALSE,FALSE
Creb1,Fibroblast_Pericyte,kidney,15,576,0.295986669672195,0.08,0.267,0.0225861297305804,0.0360509378391957,,,,CREB1,-0.0788628754166012,0.27343317375151,FALSE,FALSE,FALSE
Stk11,Fibroblast_Pericyte,kidney,15,576,0.462740602331576,0.115,0.333,0.0253267780010484,0.0396626900771135,,,,STK11,0.354251480632152,0.0153103974501462,TRUE,TRUE,FALSE
Pfkm,Fibroblast_Pericyte,kidney,15,576,-2.35792452740908,0.009,0.067,0.0290137123137957,0.0445951504082415,,,,PFKM,-0.174352886444122,0.044645878124864,TRUE,TRUE,FALSE
Adipor1,Fibroblast_Pericyte,kidney,15,576,0.531755437646526,0.149,0.4,0.0322567232119122,0.0486783277561585,,,,ADIPOR1,0.0985079852008817,0.299828895869015,FALSE,FALSE,FALSE
Pfkp,Fibroblast_Pericyte,kidney,15,576,-0.209206013873416,0.094,0.267,0.0360517906117247,0.0534339039423777,,,,PFKP,0.201971206322531,0.00645525341532389,TRUE,FALSE,FALSE
Foxo3,Fibroblast_Pericyte,kidney,15,576,0.60197112138844,0.09,0.267,0.0414208273615429,0.0603145380878607,,,,FOXO3,-0.258505148092882,0.0236771002828433,TRUE,FALSE,FALSE
Ppp2r5a,Fibroblast_Pericyte,kidney,15,576,-0.283375830143996,0.127,0.333,0.0450312959407629,0.0644413372945401,,,,PPP2R5A,-0.262441936043039,0.00882731769154429,TRUE,FALSE,FALSE
Fasn,Fibroblast_Pericyte,kidney,15,576,0.661891868038246,0.033,0.067,0.0474782290630468,0.066442008551309,,,,FASN,0.69799363467585,0.0102285985406989,TRUE,FALSE,FALSE
Ppp2r5d,Fibroblast_Pericyte,kidney,15,576,-1.72225062798799,0.033,0.133,0.0484814094776827,0.066442008551309,,,,PPP2R5D,0.0418634535766595,0.545552937261772,FALSE,FALSE,FALSE
Eef2k,Fibroblast_Pericyte,kidney,15,576,-1.39836078411881,0.031,0.133,0.049015779416388,0.066442008551309,,,,EEF2K,,,FALSE,FALSE,FALSE
Irs2,Fibroblast_Pericyte,kidney,15,576,0.158526119874997,0.2,0.467,0.0496313798817007,0.066442008551309,,,,IRS2,-0.584420274513232,0.00290962468594569,TRUE,FALSE,FALSE
Rab2a,Fibroblast_Pericyte,kidney,15,576,0.344020967242805,0.318,0.667,0.0512949760174743,0.0668411640214213,,,,RAB2A,0.120861387341921,0.355798580095796,FALSE,FALSE,FALSE
Prkag1,Fibroblast_Pericyte,kidney,15,576,-0.0733051198089174,0.064,0.2,0.0515401746671201,0.0668411640214213,,,,PRKAG1,-0.0911617220470691,0.322923558463888,FALSE,FALSE,FALSE
Creb3l1,Fibroblast_Pericyte,kidney,15,576,-0.49452291491854,0.036,0.133,0.0584176202402801,0.0745948073837422,,,,CREB3L1,-0.0156723866492066,0.832462032154336,FALSE,FALSE,FALSE
Ulk1,Fibroblast_Pericyte,kidney,15,576,-1.07079925561694,0.036,0.133,0.0659717240821881,0.0829644408912365,,,,ULK1,0.471039299127842,6.64395450049281e-05,TRUE,FALSE,FALSE
Pik3cd,Fibroblast_Pericyte,kidney,15,576,0.73870631672367,0.038,0.133,0.0810619334932933,0.100420007163333,,,,PIK3CD,0.187312414207718,0.0479971366369964,TRUE,FALSE,FALSE
Map3k7,Fibroblast_Pericyte,kidney,15,576,0.0109122773413306,0.038,0.133,0.0983041196012694,0.119988851866255,,,,MAP3K7,-0.0337117987684358,0.660626089455411,FALSE,FALSE,FALSE
Ppp2r5e,Fibroblast_Pericyte,kidney,15,576,0.432195606975414,0.069,0.2,0.100929376863717,0.121407801154906,,,,PPP2R5E,-0.0251597625886988,0.835509017894403,FALSE,FALSE,FALSE
Pck2,Fibroblast_Pericyte,kidney,15,576,-0.326952754831936,0.047,0.133,0.135273406808916,0.160395610930572,,,,PCK2,0.0144772473306067,0.912081693834765,FALSE,FALSE,FALSE
Ppargc1a,Fibroblast_Pericyte,kidney,15,576,-0.0586210243944576,0.049,0.133,0.17893348954053,0.207752396819734,,,,PPARGC1A,-0.612471761557638,0.000603487342297342,TRUE,FALSE,FALSE
Ppp2r3c,Fibroblast_Pericyte,kidney,15,576,0.552250070503608,0.05,0.133,0.180218946638805,0.207752396819734,,,,PPP2R3C,-0.151989920023,0.276422292168939,FALSE,FALSE,FALSE
Rps6kb2,Fibroblast_Pericyte,kidney,15,576,-0.369073685618635,0.017,0.067,0.204230178270766,0.232206915020186,,,,RPS6KB2,0.257949387042562,0.0194903632172992,TRUE,FALSE,FALSE
Igf1,Fibroblast_Pericyte,kidney,15,576,1.23980363734084,0.182,0.333,0.342810373718289,0.384503527278622,,,,IGF1,-0.750196331507432,0.0163841211440685,TRUE,FALSE,FALSE
Pfkfb4,Fibroblast_Pericyte,kidney,15,576,-0.753464601561506,0.028,0.067,0.381302865034842,0.421975170638558,,,,PFKFB4,0.131856641195354,0.00500148112903384,TRUE,FALSE,FALSE
Cpt1a,Fibroblast_Pericyte,kidney,15,576,0.596273421149665,0.069,0.133,0.398556008378934,0.435265114413836,,,,CPT1A,0.227443438987381,0.0910342838314238,FALSE,FALSE,FALSE
Prkab2,Fibroblast_Pericyte,kidney,15,576,-0.394603868777676,0.03,0.067,0.417712821683335,0.450261872723595,,,,PRKAB2,-0.164901188264764,0.0594438901536121,FALSE,FALSE,FALSE
Eef2,Fibroblast_Pericyte,kidney,15,576,-0.0379095605305091,0.625,1,0.426799978409963,0.454158951384961,,,,EEF2,0.448462726762021,0.00104406663485494,TRUE,FALSE,FALSE
Rptor,Fibroblast_Pericyte,kidney,15,576,0.123269959338185,0.031,0.067,0.456668379278471,0.479790828862191,,,,RPTOR,,,FALSE,FALSE,FALSE
Prkaa1,Fibroblast_Pericyte,kidney,15,576,0.199505679039965,0.03,0.067,0.498265810788274,0.516950778692834,,,,PRKAA1,-0.0832174939496949,0.203035696208847,FALSE,FALSE,FALSE
Pik3ca,Fibroblast_Pericyte,kidney,15,576,0.721473480429953,0.071,0.133,0.577898919585716,0.592168028711289,,,,PIK3CA,-0.194162266153804,0.025007761246042,TRUE,FALSE,FALSE
Pfkl,Fibroblast_Pericyte,kidney,15,576,0.608487455492721,0.049,0.067,0.77923919764096,0.788742114685362,,,,PFKL,0.412788409607824,0.00375888054431156,TRUE,FALSE,FALSE
Pfkfb3,Fibroblast_Pericyte,kidney,15,576,-0.805215704436005,0.059,0.067,0.964513149341674,0.964513149341674,,,,PFKFB3,-0.655569796012921,0.000127446028528339,TRUE,FALSE,FALSE
Elavl1,LoH,kidney,32,131,-1.06311701740308,0.16,0.562,2.07171470788132e-05,0.00169880606046268,,,,ELAVL1,0.00629859637126631,0.929732702059394,FALSE,FALSE,FALSE
Ppp2r2a,LoH,kidney,32,131,-1.00148880315209,0.13,0.438,0.000177481669690149,0.00727674845729611,,,,PPP2R2A,-0.108782601530249,0.158420652705628,FALSE,FALSE,FALSE
Pdpk1,LoH,kidney,32,131,-1.38158171441508,0.115,0.406,0.000371343439414215,0.0101500540106552,,,,PDPK1,0.153466221786299,0.018028233353959,TRUE,FALSE,FALSE
Tsc2,LoH,kidney,32,131,-1.87422110417395,0.053,0.25,0.000728901546928725,0.0123828858775916,,,,TSC2,0.360866737018733,0.0271776682330935,TRUE,FALSE,FALSE
Pfkl,LoH,kidney,32,131,-1.07883213287184,0.237,0.531,0.000755054016926319,0.0123828858775916,,,,PFKL,0.412788409607824,0.00375888054431156,TRUE,FALSE,FALSE
Ppp2r3d,LoH,kidney,32,131,-1.27438920348828,0.061,0.25,0.00181031761836909,0.0196592352216589,,,,PPP2R3B,0.276953635505095,0.00063525508853722,TRUE,FALSE,FALSE
Mlycd,LoH,kidney,32,131,-1.21518557085458,0.076,0.281,0.00190968919952568,0.0196592352216589,,,,MLYCD,0.272131424826275,0.0291126278511173,TRUE,FALSE,FALSE
Akt3,LoH,kidney,32,131,-1.44322246027233,0.015,0.125,0.00191797416796673,0.0196592352216589,,,,AKT3,-0.238769261788149,0.072397760239147,FALSE,FALSE,FALSE
Map3k7,LoH,kidney,32,131,-0.516713086426591,0.061,0.25,0.00225086933632499,0.0205079206198499,,,,MAP3K7,-0.0337117987684358,0.660626089455411,FALSE,FALSE,FALSE
Hnf4a,LoH,kidney,32,131,-4.32977722924415,0,0.062,0.00424652463687522,0.0303105953307293,,,,HNF4A,0.30625444596782,0.00865664236155255,TRUE,FALSE,FALSE
Cpt1a,LoH,kidney,32,131,-1.24000515288435,0.069,0.25,0.00430335542859461,0.0303105953307293,,,,CPT1A,0.227443438987381,0.0910342838314238,FALSE,FALSE,FALSE
Pfkfb3,LoH,kidney,32,131,-0.596150911010236,0.191,0.469,0.00443569687766771,0.0303105953307293,,,,PFKFB3,-0.655569796012921,0.000127446028528339,TRUE,TRUE,FALSE
Pik3r2,LoH,kidney,32,131,-2.65596641787055,0.031,0.156,0.00515609280267139,0.0313821533648152,,,,PIK3R2,0.268794809673499,0.00604856153799963,TRUE,FALSE,FALSE
Strada,LoH,kidney,32,131,-1.81769487365792,0.008,0.094,0.00539317834298293,0.0313821533648152,,,,STRADA,0.0482638423255332,0.441561159337292,FALSE,FALSE,FALSE
Akt1s1,LoH,kidney,32,131,-0.967818886504729,0.153,0.375,0.00595561779523251,0.0313821533648152,,,,AKT1S1,,,FALSE,FALSE,FALSE
Prkag2,LoH,kidney,32,131,-1.54665657237437,0.061,0.219,0.00612334699801273,0.0313821533648152,,,,PRKAG2,0.144334536180236,0.179142511226382,FALSE,FALSE,FALSE
Prkab1,LoH,kidney,32,131,-2.26150598784165,0.023,0.125,0.0111050731338187,0.0535656468807724,,,,PRKAB1,0.0903291141903828,0.333050873638677,FALSE,FALSE,FALSE
Adipor1,LoH,kidney,32,131,-0.334847729841161,0.336,0.656,0.0142486393009876,0.0623551415323486,,,,ADIPOR1,0.0985079852008817,0.299828895869015,FALSE,FALSE,FALSE
Eef2k,LoH,kidney,32,131,-1.76856157497485,0.038,0.156,0.0144481425501783,0.0623551415323486,,,,EEF2K,,,FALSE,FALSE,FALSE
Rab10,LoH,kidney,32,131,-0.622278635538161,0.267,0.531,0.0161937353053981,0.0663943147521322,,,,RAB10,,,FALSE,FALSE,FALSE
Ppp2r3c,LoH,kidney,32,131,-0.810053247577988,0.076,0.219,0.021461186440848,0.0838008232452158,,,,PPP2R3C,-0.151989920023,0.276422292168939,FALSE,FALSE,FALSE
Prkaa1,LoH,kidney,32,131,-1.3019300502053,0.053,0.188,0.0251247440713594,0.0936467733568851,,,,PRKAA1,-0.0832174939496949,0.203035696208847,FALSE,FALSE,FALSE
Rab8a,LoH,kidney,32,131,-0.709330789021857,0.183,0.375,0.0306963230988605,0.109439064961155,,,,RAB8A,,,FALSE,FALSE,FALSE
Akt2,LoH,kidney,32,131,-0.537858969093284,0.076,0.219,0.0321731595817168,0.109924961904199,,,,AKT2,0.272775905162288,0.0322680307039496,TRUE,FALSE,FALSE
Cab39l,LoH,kidney,32,131,-0.670392233448172,0.45,0.688,0.0345890914340419,0.113452219903658,,,,CAB39L,0.0137396623132676,0.857025750656643,FALSE,FALSE,FALSE
Pfkp,LoH,kidney,32,131,-0.366666581827892,0.206,0.406,0.0467209219166662,0.142988659132786,,,,PFKP,0.201971206322531,0.00645525341532389,TRUE,FALSE,FALSE
Creb3,LoH,kidney,32,131,-0.647062927929706,0.153,0.312,0.0475642039067901,0.142988659132786,,,,CREB3,0.303800603180914,0.00138677189848469,TRUE,FALSE,FALSE
Prkag1,LoH,kidney,32,131,-0.350334750814785,0.16,0.344,0.0488253958014391,0.142988659132786,,,,PRKAG1,-0.0911617220470691,0.322923558463888,FALSE,FALSE,FALSE
Stk11,LoH,kidney,32,131,-0.657727473749758,0.244,0.438,0.0557413023294007,0.157613337621064,,,,STK11,0.354251480632152,0.0153103974501462,TRUE,FALSE,FALSE
Fasn,LoH,kidney,32,131,-1.65673403177017,0.023,0.094,0.0588845411426774,0.160951079123318,,,,FASN,0.69799363467585,0.0102285985406989,TRUE,FALSE,FALSE
Pik3r1,LoH,kidney,32,131,-0.489651272897135,0.176,0.344,0.0677468068062772,0.179201230906927,,,,PIK3R1,-0.146984642979826,0.44195620227449,FALSE,FALSE,FALSE
Ppp2r1a,LoH,kidney,32,131,-0.337022482877797,0.214,0.406,0.0789417775467215,0.202288304963474,,,,PPP2R1A,0.348763030574157,0.00116430586290843,TRUE,FALSE,FALSE
Creb3l2,LoH,kidney,32,131,-0.427755950544972,0.153,0.281,0.0910469214951025,0.219661848963283,,,,CREB3L2,0.109043372225875,0.405380258924797,FALSE,FALSE,FALSE
Insr,LoH,kidney,32,131,-0.503347670644254,0.061,0.094,0.0910793032286784,0.219661848963283,,,,INSR,0.169374111461339,0.175103061199346,FALSE,FALSE,FALSE
Cab39,LoH,kidney,32,131,-0.385005016899653,0.183,0.344,0.0938508900164065,0.219879228038438,,,,CAB39,0.0995298512419271,0.262092054253262,FALSE,FALSE,FALSE
Acaca,LoH,kidney,32,131,-2.36123293033944,0.015,0.062,0.120886533891855,0.275352660531449,,,,ACACA,0.07726357893715,0.585139303512386,FALSE,FALSE,FALSE
Creb3l4,LoH,kidney,32,131,-1.8047701028924,0.008,0.062,0.12466728015933,0.276289647920678,,,,CREB3L4,,,FALSE,FALSE,FALSE
Fbp2,LoH,kidney,32,131,-0.63706927571551,0.015,0.062,0.132504783457181,0.27827461485863,,,,FBP2,-0.0184269849428555,0.801721741437421,FALSE,FALSE,FALSE
Rps6kb1,LoH,kidney,32,131,-0.144511050766822,0.16,0.281,0.137093059730458,0.27827461485863,,,,RPS6KB1,-0.0150524871094566,0.834304342285709,FALSE,FALSE,FALSE
Sirt1,LoH,kidney,32,131,-0.83983925285643,0.115,0.188,0.138663683024595,0.27827461485863,,,,SIRT1,-0.389065828328134,0.0044363570263749,TRUE,FALSE,FALSE
Prkaa2,LoH,kidney,32,131,1.43834840949542,0.198,0.094,0.139137307429315,0.27827461485863,,,,PRKAA2,0.2883315494399,0.0174833628632484,TRUE,FALSE,FALSE
Hmgcr,LoH,kidney,32,131,0.151077096714474,0.092,0.188,0.147791965197398,0.288546217766348,,,,HMGCR,0.322114208989851,0.265480328108024,FALSE,FALSE,FALSE
Eif4ebp1,LoH,kidney,32,131,-0.800908270258162,0.099,0.188,0.157578548975909,0.300498628279641,,,,EIF4EBP1,0.0754219943218205,0.37388212514371,FALSE,FALSE,FALSE
Foxo1,LoH,kidney,32,131,-0.825136164529679,0.053,0.094,0.162147619293423,0.302184199592288,,,,FOXO1,-0.105403033427432,0.24841547187657,FALSE,FALSE,FALSE
Stradb,LoH,kidney,32,131,-0.403147577489821,0.099,0.188,0.209182387966357,0.373596889848168,,,,STRADB,,,FALSE,FALSE,FALSE
Ppp2r3a,LoH,kidney,32,131,-0.440562859010189,0.176,0.281,0.215698047311381,0.373596889848168,,,,PPP2R3A,-0.0812689650985154,0.428087382487469,FALSE,FALSE,FALSE
Ppp2r5e,LoH,kidney,32,131,-0.423938014529773,0.191,0.312,0.216381396937978,0.373596889848168,,,,PPP2R5E,-0.0251597625886988,0.835509017894403,FALSE,FALSE,FALSE
Igf1r,LoH,kidney,32,131,-0.318750325077259,0.374,0.531,0.21879113996467,0.373596889848168,,,,IGF1R,-0.148765271716842,0.133449327413096,FALSE,FALSE,FALSE
Rptor,LoH,kidney,32,131,-0.518440287109006,0.084,0.156,0.223246921982442,0.373596889848168,,,,RPTOR,,,FALSE,FALSE,FALSE
Srebf1,LoH,kidney,32,131,-0.579098722155941,0.061,0.125,0.243104778375328,0.398691836535538,,,,SREBF1,0.435480157850608,0.0261960327030443,TRUE,FALSE,FALSE
Prkab2,LoH,kidney,32,131,-1.22984602564854,0.023,0.062,0.254342474088402,0.403717398600517,,,,PRKAB2,-0.164901188264764,0.0594438901536121,FALSE,FALSE,FALSE
Ppargc1a,LoH,kidney,32,131,1.81101754617116,0.13,0.062,0.256015911307645,0.403717398600517,,,,PPARGC1A,-0.612471761557638,0.000603487342297342,TRUE,FALSE,FALSE
Ulk1,LoH,kidney,32,131,-0.101091016982914,0.168,0.281,0.266339136108721,0.404515271795644,,,,ULK1,0.471039299127842,6.64395450049281e-05,TRUE,FALSE,FALSE
Ccnd1,LoH,kidney,32,131,0.643927729210509,0.214,0.375,0.266388105816644,0.404515271795644,,,,CCND1,0.8031084765255,0.00074921048132828,TRUE,FALSE,FALSE
Foxo3,LoH,kidney,32,131,-0.212069517878605,0.107,0.188,0.276312111146152,0.411956238436081,,,,FOXO3,-0.258505148092882,0.0236771002828433,TRUE,FALSE,FALSE
Rab2a,LoH,kidney,32,131,0.278188407785092,0.466,0.719,0.298127281988194,0.429443028780236,,,,RAB2A,0.120861387341921,0.355798580095796,FALSE,FALSE,FALSE
Mtor,LoH,kidney,32,131,-0.144770999844133,0.092,0.156,0.298515276103335,0.429443028780236,,,,MTOR,0.0609980192311536,0.346097047602718,FALSE,FALSE,FALSE
Ppp2cb,LoH,kidney,32,131,-0.347118056216111,0.168,0.25,0.306272502766247,0.433005952186762,,,,PPP2CB,-0.154344495591139,0.139208474399713,FALSE,FALSE,FALSE
Ppp2ca,LoH,kidney,32,131,-0.0931122735192062,0.496,0.688,0.319228608598271,0.443673659407767,,,,PPP2CA,,,FALSE,FALSE,FALSE
Camkk2,LoH,kidney,32,131,1.23557461639633,0.046,0.062,0.33679393635155,0.460285046347118,,,,CAMKK2,0.506110584900416,0.00844909260690126,TRUE,FALSE,FALSE
Irs2,LoH,kidney,32,131,0.748303290097389,0.183,0.281,0.347003918965482,0.466464284510976,,,,IRS2,-0.584420274513232,0.00290962468594569,TRUE,FALSE,FALSE
Ppp2r5b,LoH,kidney,32,131,0.432372904574174,0.092,0.156,0.360923001460387,0.477349776125028,,,,PPP2R5B,0.137412769860998,0.0300031487878973,TRUE,FALSE,FALSE
Rheb,LoH,kidney,32,131,0.108091791286605,0.427,0.625,0.392425517951838,0.510776070984933,,,,RHEB,0.000762141165105317,0.994533538297037,FALSE,FALSE,FALSE
Ppp2r5a,LoH,kidney,32,131,0.212786369909922,0.412,0.594,0.412446728702203,0.52351514619576,,,,PPP2R5A,-0.262441936043039,0.00882731769154429,TRUE,FALSE,FALSE
Rps6kb2,LoH,kidney,32,131,0.815068964482294,0.107,0.062,0.414981518325907,0.52351514619576,,,,RPS6KB2,0.257949387042562,0.0194903632172992,TRUE,FALSE,FALSE
Rab11b,LoH,kidney,32,131,-0.0827330408527734,0.351,0.469,0.493129237749573,0.612675719628258,,,,RAB11B,-0.128979335643103,0.0848864845380073,FALSE,FALSE,FALSE
Ppp2r5d,LoH,kidney,32,131,-0.949372560636981,0.038,0.062,0.540178928202777,0.661114509143697,,,,PPP2R5D,0.0418634535766595,0.545552937261772,FALSE,FALSE,FALSE
Tbc1d1,LoH,kidney,32,131,0.260266814388328,0.038,0.062,0.564033793524052,0.680158398073121,,,,TBC1D1,0.0427897471858399,0.548382850593194,FALSE,FALSE,FALSE
G6pc3,LoH,kidney,32,131,-0.456636259828863,0.115,0.156,0.600326381789087,0.704628447934456,,,,G6PC3,0.0114334505189842,0.862668473837378,FALSE,FALSE,FALSE
Pik3ca,LoH,kidney,32,131,0.481077472322006,0.183,0.25,0.61492815542436,0.704628447934456,,,,PIK3CA,-0.194162266153804,0.025007761246042,TRUE,FALSE,FALSE
Ppp2r1b,LoH,kidney,32,131,-0.0681531480174089,0.069,0.094,0.615040683111043,0.704628447934456,,,,PPP2R1B,-0.0326247135429388,0.79265448609177,FALSE,FALSE,FALSE
Crtc2,LoH,kidney,32,131,0.153307018290932,0.092,0.125,0.618698149405864,0.704628447934456,,,,CRTC2,,,FALSE,FALSE,FALSE
Creb1,LoH,kidney,32,131,0.7080204759658,0.115,0.156,0.678729951614445,0.762408986744993,,,,CREB1,-0.0788628754166012,0.27343317375151,FALSE,FALSE,FALSE
Creb5,LoH,kidney,32,131,0.0644671581454013,0.031,0.062,0.708493386876587,0.78508726653892,,,,CREB5,-0.0557779584602364,0.459938075024634,FALSE,FALSE,FALSE
Rab14,LoH,kidney,32,131,0.284241056302004,0.588,0.719,0.730978407637332,0.799203059016817,,,,RAB14,-0.0725879174061108,0.493282542838044,FALSE,FALSE,FALSE
Ppp2r5c,LoH,kidney,32,131,0.578146608909958,0.229,0.219,0.771461251132184,0.832366086747883,,,,PPP2R5C,-0.214695257186268,0.0541914902763123,FALSE,FALSE,FALSE
Ppp2r2d,LoH,kidney,32,131,1.16691974674657,0.176,0.219,0.792763992331974,0.844242173652232,,,,PPP2R2D,0.119151396427903,0.165293952164548,FALSE,FALSE,FALSE
Akt1,LoH,kidney,32,131,0.595594169096769,0.122,0.125,0.854784625863989,0.898619734882656,,,,AKT1,0.387089573539082,0.00343401055010987,TRUE,FALSE,FALSE
Adipor2,LoH,kidney,32,131,0.13431103043816,0.115,0.125,0.877848661955887,0.910344353123737,,,,ADIPOR2,0.0715962771728451,0.531210570140672,FALSE,FALSE,FALSE
Eef2,LoH,kidney,32,131,0.0759166486501814,0.763,0.875,0.888140832315841,0.910344353123737,,,,EEF2,0.448462726762021,0.00104406663485494,TRUE,FALSE,FALSE
Pik3cb,LoH,kidney,32,131,-0.277150619383293,0.069,0.062,0.919647073090338,0.931000740659355,,,,PIK3CB,-0.0993069744440654,0.160710406845698,FALSE,FALSE,FALSE
Tsc1,LoH,kidney,32,131,0.793891761401843,0.084,0.094,0.993352407992169,0.993352407992169,,,,TSC1,-0.202386421851348,0.034493511696181,TRUE,FALSE,FALSE
Cd36,Macrophage,kidney,90,817,-0.581106991893081,0.174,0.478,6.36466691942195e-09,4.07338682843005e-07,,,,CD36,0.228255319331112,0.102088419969093,FALSE,FALSE,FALSE
Rheb,Macrophage,kidney,90,817,-0.44074883387947,0.186,0.433,2.21870635434614e-06,7.09986033390764e-05,,,,RHEB,0.000762141165105317,0.994533538297037,FALSE,FALSE,FALSE
Stk11,Macrophage,kidney,90,817,-0.621071317000295,0.111,0.289,1.09423600563626e-05,0.000233437014535734,,,,STK11,0.354251480632152,0.0153103974501462,TRUE,FALSE,FALSE
Ppp2r3c,Macrophage,kidney,90,817,-1.20762480138703,0.047,0.156,4.2045933047945e-05,0.00067273492876712,,,,PPP2R3C,-0.151989920023,0.276422292168939,FALSE,FALSE,FALSE
Irs2,Macrophage,kidney,90,817,-0.807069325229558,0.102,0.244,0.000174775218395222,0.00223712279545884,,,,IRS2,-0.584420274513232,0.00290962468594569,TRUE,TRUE,FALSE
Pfkp,Macrophage,kidney,90,817,-0.73445267592891,0.078,0.2,0.000339176163586279,0.00361787907825364,,,,PFKP,0.201971206322531,0.00645525341532389,TRUE,FALSE,FALSE
Cpt1a,Macrophage,kidney,90,817,-0.565188510412852,0.056,0.156,0.000582454794251389,0.0053253009760127,,,,CPT1A,0.227443438987381,0.0910342838314238,FALSE,FALSE,FALSE
Ppp2r2a,Macrophage,kidney,90,817,-0.51202291512934,0.146,0.289,0.00169215783240977,0.0135372626592782,,,,PPP2R2A,-0.108782601530249,0.158420652705628,FALSE,FALSE,FALSE
Pfkl,Macrophage,kidney,90,817,-0.343502503945143,0.049,0.133,0.00294330395280645,0.0209301614421792,,,,PFKL,0.412788409607824,0.00375888054431156,TRUE,FALSE,FALSE
Map3k7,Macrophage,kidney,90,817,-1.12946067248395,0.035,0.1,0.00427307358089745,0.0273476709177437,,,,MAP3K7,-0.0337117987684358,0.660626089455411,FALSE,FALSE,FALSE
Rab2a,Macrophage,kidney,90,817,-0.0459509725010183,0.274,0.478,0.00472304364681255,0.0274795266723639,,,,RAB2A,0.120861387341921,0.355798580095796,FALSE,FALSE,FALSE
Crtc2,Macrophage,kidney,90,817,-0.325539532428409,0.035,0.1,0.00517073246086189,0.0275772397912634,,,,CRTC2,,,FALSE,FALSE,FALSE
Strada,Macrophage,kidney,90,817,-0.956707887759164,0.029,0.089,0.00588108225089339,0.0284047834564107,,,,STRADA,0.0482638423255332,0.441561159337292,FALSE,FALSE,FALSE
Rps6kb1,Macrophage,kidney,90,817,-0.251311423331796,0.076,0.167,0.00621354638108984,0.0284047834564107,,,,RPS6KB1,-0.0150524871094566,0.834304342285709,FALSE,FALSE,FALSE
Ppp2ca,Macrophage,kidney,90,817,0.0522204335845648,0.209,0.367,0.0107432895167777,0.0458380352715849,,,,PPP2CA,,,FALSE,FALSE,FALSE
Camkk2,Macrophage,kidney,90,817,-1.13300282550317,0.049,0.111,0.0195610748371668,0.0782442993486672,,,,CAMKK2,0.506110584900416,0.00844909260690126,TRUE,FALSE,FALSE
Tsc1,Macrophage,kidney,90,817,-0.182136617646023,0.037,0.089,0.0226323595941038,0.0852041772954497,,,,TSC1,-0.202386421851348,0.034493511696181,TRUE,FALSE,FALSE
Mtor,Macrophage,kidney,90,817,-1.05894327905507,0.045,0.1,0.0274564916321691,0.0976230813588233,,,,MTOR,0.0609980192311536,0.346097047602718,FALSE,FALSE,FALSE
Ppp2r2d,Macrophage,kidney,90,817,-0.396645716949782,0.097,0.167,0.0297108514592908,0.100078657547085,,,,PPP2R2D,0.119151396427903,0.165293952164548,FALSE,FALSE,FALSE
Creb5,Macrophage,kidney,90,817,0.0669762405688648,0.261,0.411,0.0405596837427978,0.129790987976953,,,,CREB5,-0.0557779584602364,0.459938075024634,FALSE,FALSE,FALSE
Pdpk1,Macrophage,kidney,90,817,0.0138161019445688,0.069,0.133,0.0443223037475328,0.134107547454795,,,,PDPK1,0.153466221786299,0.018028233353959,TRUE,FALSE,FALSE
Eef2k,Macrophage,kidney,90,817,-0.339489603197425,0.034,0.078,0.0490764426449669,0.134107547454795,,,,EEF2K,,,FALSE,FALSE,FALSE
Akt3,Macrophage,kidney,90,817,0.340446663927391,0.034,0.078,0.0501088277085649,0.134107547454795,,,,AKT3,-0.238769261788149,0.072397760239147,FALSE,FALSE,FALSE
Ppp2r1a,Macrophage,kidney,90,817,0.000220762295855881,0.103,0.178,0.0502903302955483,0.134107547454795,,,,PPP2R1A,0.348763030574157,0.00116430586290843,TRUE,FALSE,FALSE
Rptor,Macrophage,kidney,90,817,-0.774540308855605,0.058,0.111,0.0531593937036093,0.13608804788124,,,,RPTOR,,,FALSE,FALSE,FALSE
G6pc3,Macrophage,kidney,90,817,-0.545037379943367,0.035,0.078,0.0563561342655169,0.138722792038195,,,,G6PC3,0.0114334505189842,0.862668473837378,FALSE,FALSE,FALSE
Pik3cd,Macrophage,kidney,90,817,-0.190825589375717,0.121,0.2,0.0676373798941964,0.156332436691433,,,,PIK3CD,0.187312414207718,0.0479971366369964,TRUE,FALSE,FALSE
Rab11b,Macrophage,kidney,90,817,0.227965841820209,0.177,0.289,0.0689122011882618,0.156332436691433,,,,RAB11B,-0.128979335643103,0.0848864845380073,FALSE,FALSE,FALSE
Tbc1d1,Macrophage,kidney,90,817,-0.122091032507243,0.131,0.211,0.0708381353758056,0.156332436691433,,,,TBC1D1,0.0427897471858399,0.548382850593194,FALSE,FALSE,FALSE
Eif4ebp1,Macrophage,kidney,90,817,0.141066227469053,0.126,0.2,0.0975411085416514,0.207807348296539,,,,EIF4EBP1,0.0754219943218205,0.37388212514371,FALSE,FALSE,FALSE
Ppp2cb,Macrophage,kidney,90,817,-0.352623403746574,0.039,0.078,0.100656684331136,0.207807348296539,,,,PPP2CB,-0.154344495591139,0.139208474399713,FALSE,FALSE,FALSE
Hmgcr,Macrophage,kidney,90,817,-0.0814486071675353,0.071,0.122,0.106529882693249,0.213059765386499,,,,HMGCR,0.322114208989851,0.265480328108024,FALSE,FALSE,FALSE
Pik3r1,Macrophage,kidney,90,817,0.0666237217349165,0.212,0.3,0.111637493402998,0.216509078114906,,,,PIK3R1,-0.146984642979826,0.44195620227449,FALSE,FALSE,FALSE
Foxo3,Macrophage,kidney,90,817,0.195248939772086,0.083,0.133,0.144875765100796,0.272707322542675,,,,FOXO3,-0.258505148092882,0.0236771002828433,TRUE,FALSE,FALSE
Creb1,Macrophage,kidney,90,817,0.576051418769578,0.122,0.189,0.151785697852395,0.277550990358665,,,,CREB1,-0.0788628754166012,0.27343317375151,FALSE,FALSE,FALSE
Elavl1,Macrophage,kidney,90,817,0.741152402786133,0.121,0.189,0.165862927615972,0.284546478459916,,,,ELAVL1,0.00629859637126631,0.929732702059394,FALSE,FALSE,FALSE
Rab14,Macrophage,kidney,90,817,0.170204726817536,0.42,0.6,0.168983360102598,0.284546478459916,,,,RAB14,-0.0725879174061108,0.493282542838044,FALSE,FALSE,FALSE
Cab39l,Macrophage,kidney,90,817,0.637757614776123,0.059,0.1,0.171406789477138,0.284546478459916,,,,CAB39L,0.0137396623132676,0.857025750656643,FALSE,FALSE,FALSE
Ppp2r5a,Macrophage,kidney,90,817,0.278803990077079,0.126,0.189,0.173395510311511,0.284546478459916,,,,PPP2R5A,-0.262441936043039,0.00882731769154429,TRUE,FALSE,FALSE
Adipor1,Macrophage,kidney,90,817,0.54204245165709,0.204,0.3,0.186859420643386,0.298975073029417,,,,ADIPOR1,0.0985079852008817,0.299828895869015,FALSE,FALSE,FALSE
Akt2,Macrophage,kidney,90,817,-0.0631043764370907,0.062,0.1,0.199261222398974,0.311041908134984,,,,AKT2,0.272775905162288,0.0322680307039496,TRUE,FALSE,FALSE
Akt1,Macrophage,kidney,90,817,0.416877645121672,0.14,0.189,0.224940510921561,0.332969049742298,,,,AKT1,0.387089573539082,0.00343401055010987,TRUE,FALSE,FALSE
Pfkfb3,Macrophage,kidney,90,817,0.109741780751305,0.088,0.133,0.226442823423916,0.332969049742298,,,,PFKFB3,-0.655569796012921,0.000127446028528339,TRUE,FALSE,FALSE
Creb3,Macrophage,kidney,90,817,-0.473092901625758,0.065,0.1,0.22891622169783,0.332969049742298,,,,CREB3,0.303800603180914,0.00138677189848469,TRUE,FALSE,FALSE
Pck2,Macrophage,kidney,90,817,0.373818415500804,0.089,0.122,0.238244499616551,0.338836621676873,,,,PCK2,0.0144772473306067,0.912081693834765,FALSE,FALSE,FALSE
Cab39,Macrophage,kidney,90,817,0.229328318461897,0.126,0.178,0.257857379712098,0.358758093512485,,,,CAB39,0.0995298512419271,0.262092054253262,FALSE,FALSE,FALSE
Ccnd1,Macrophage,kidney,90,817,0.290167753509266,0.328,0.444,0.299129051237084,0.402364409650089,,,,CCND1,0.8031084765255,0.00074921048132828,TRUE,FALSE,FALSE
Prkab1,Macrophage,kidney,90,817,0.240001919950501,0.033,0.056,0.301773307237567,0.402364409650089,,,,PRKAB1,0.0903291141903828,0.333050873638677,FALSE,FALSE,FALSE
Srebf1,Macrophage,kidney,90,817,-0.919044871936228,0.033,0.056,0.318042432427708,0.415402360721904,,,,SREBF1,0.435480157850608,0.0261960327030443,TRUE,FALSE,FALSE
Pfkfb4,Macrophage,kidney,90,817,-0.0524181617467554,0.142,0.189,0.330585310347215,0.423149197244435,,,,PFKFB4,0.131856641195354,0.00500148112903384,TRUE,FALSE,FALSE
Rab8a,Macrophage,kidney,90,817,0.0803831659043137,0.174,0.222,0.374559908669192,0.470035963820163,,,,RAB8A,,,FALSE,FALSE,FALSE
Pik3ca,Macrophage,kidney,90,817,-0.319152468607077,0.053,0.078,0.387926881063474,0.477448469001199,,,,PIK3CA,-0.194162266153804,0.025007761246042,TRUE,FALSE,FALSE
Ppp2r5c,Macrophage,kidney,90,817,0.776699165296549,0.18,0.244,0.401686776948209,0.485055730654442,,,,PPP2R5C,-0.214695257186268,0.0541914902763123,FALSE,FALSE,FALSE
Adipor2,Macrophage,kidney,90,817,0.419277051740226,0.108,0.133,0.568959058223871,0.667191348673236,,,,ADIPOR2,0.0715962771728451,0.531210570140672,FALSE,FALSE,FALSE
Prkag1,Macrophage,kidney,90,817,-0.17719569807209,0.078,0.1,0.573367565266062,0.667191348673236,,,,PRKAG1,-0.0911617220470691,0.322923558463888,FALSE,FALSE,FALSE
Lipe,Macrophage,kidney,90,817,0.942664533362536,0.061,0.078,0.610765545121938,0.698017765853643,,,,LIPE,0.0340270585471342,0.616554915631368,FALSE,FALSE,FALSE
Pparg,Macrophage,kidney,90,817,0.438727902095288,0.082,0.1,0.627813708679731,0.704913637815838,,,,PPARG,0.14873252430513,0.210592958883288,FALSE,FALSE,FALSE
Pik3cb,Macrophage,kidney,90,817,1.18792203173265,0.084,0.1,0.800726659720468,0.869500595723092,,,,PIK3CB,-0.0993069744440654,0.160710406845698,FALSE,FALSE,FALSE
Ppp2r5e,Macrophage,kidney,90,817,1.10127389115213,0.091,0.089,0.801570861682225,0.869500595723092,,,,PPP2R5E,-0.0251597625886988,0.835509017894403,FALSE,FALSE,FALSE
Foxo1,Macrophage,kidney,90,817,0.831972533242773,0.048,0.056,0.834883446670204,0.890542343114884,,,,FOXO1,-0.105403033427432,0.24841547187657,FALSE,FALSE,FALSE
Rab10,Macrophage,kidney,90,817,0.623180880684789,0.237,0.278,0.879676718069542,0.922444454321129,,,,RAB10,,,FALSE,FALSE,FALSE
Eef2,Macrophage,kidney,90,817,0.108842990138021,0.673,0.8,0.893618065123594,0.922444454321129,,,,EEF2,0.448462726762021,0.00104406663485494,TRUE,FALSE,FALSE
Igf1,Macrophage,kidney,90,817,0.515857457633663,0.166,0.178,0.966991330878331,0.982340399622432,,,,IGF1,-0.750196331507432,0.0163841211440685,TRUE,FALSE,FALSE
Sirt1,Macrophage,kidney,90,817,1.14153804274461,0.054,0.056,0.989638894045235,0.989638894045235,,,,SIRT1,-0.389065828328134,0.0044363570263749,TRUE,FALSE,FALSE
Pck1,PT,kidney,150,174,-0.685228824430512,0.615,0.88,2.87291521569448e-10,2.26960302039864e-08,,,,PCK1,-0.215245386764778,0.241789294735787,FALSE,FALSE,FALSE
Fbp1,PT,kidney,150,174,-0.6538775541616,0.667,0.96,4.71951346135465e-09,1.86420781723509e-07,,,,FBP1,0.619906449388021,0.00253757287048046,TRUE,FALSE,FALSE
G6pc,PT,kidney,150,174,-1.45808126349489,0.121,0.387,3.42251206698618e-08,9.01261510973027e-07,,,,G6PC1,-0.412080288509612,0.0750142815257835,FALSE,FALSE,FALSE
Rab2a,PT,kidney,150,174,-0.583999560863963,0.402,0.767,2.0304000432367e-07,3.56027523757989e-06,,,,RAB2A,0.120861387341921,0.355798580095796,FALSE,FALSE,FALSE
Hnf4a,PT,kidney,150,174,-0.80965568139115,0.299,0.627,2.25333875796195e-07,3.56027523757989e-06,,,,HNF4A,0.30625444596782,0.00865664236155255,TRUE,FALSE,FALSE
Prkag1,PT,kidney,150,174,-1.80124297481099,0.086,0.313,5.7715084082021e-07,7.5991527374661e-06,,,,PRKAG1,-0.0911617220470691,0.322923558463888,FALSE,FALSE,FALSE
Rheb,PT,kidney,150,174,-0.468064298991199,0.27,0.58,5.46864983206649e-06,5.81419204055684e-05,,,,RHEB,0.000762141165105317,0.994533538297037,FALSE,FALSE,FALSE
Akt1s1,PT,kidney,150,174,-1.38737150905853,0.144,0.367,5.88778940815882e-06,5.81419204055684e-05,,,,AKT1S1,,,FALSE,FALSE,FALSE
Cpt1a,PT,kidney,150,174,-0.929113717424739,0.075,0.24,7.02113709596762e-05,0.000616299811757158,,,,CPT1A,0.227443438987381,0.0910342838314238,FALSE,FALSE,FALSE
Ppp2r5a,PT,kidney,150,174,-0.350327696363094,0.201,0.413,0.000145853998828223,0.00115224659074296,,,,PPP2R5A,-0.262441936043039,0.00882731769154429,TRUE,TRUE,FALSE
Rps6kb1,PT,kidney,150,174,-0.709956621498947,0.046,0.187,0.000233434754506941,0.00167648596418621,,,,RPS6KB1,-0.0150524871094566,0.834304342285709,FALSE,FALSE,FALSE
Rab8a,PT,kidney,150,174,-0.40525977388759,0.201,0.407,0.000295731907873752,0.00194690172683554,,,,RAB8A,,,FALSE,FALSE,FALSE
Cab39l,PT,kidney,150,174,-1.83385520512043,0.075,0.207,0.000752689497953553,0.00457403617987159,,,,CAB39L,0.0137396623132676,0.857025750656643,FALSE,FALSE,FALSE
Pfkl,PT,kidney,150,174,-0.597169380778893,0.034,0.14,0.000944624782903426,0.00526489007925012,,,,PFKL,0.412788409607824,0.00375888054431156,TRUE,FALSE,FALSE
Ppp2r5e,PT,kidney,150,174,-0.648492857260911,0.184,0.36,0.000999662673275339,0.00526489007925012,,,,PPP2R5E,-0.0251597625886988,0.835509017894403,FALSE,FALSE,FALSE
Rab11b,PT,kidney,150,174,-0.0782524734879795,0.213,0.413,0.00113021904872231,0.00554081278564593,,,,RAB11B,-0.128979335643103,0.0848864845380073,FALSE,FALSE,FALSE
Pik3ca,PT,kidney,150,174,-1.24224988244569,0.075,0.2,0.00119232680197444,0.00554081278564593,,,,PIK3CA,-0.194162266153804,0.025007761246042,TRUE,TRUE,FALSE
Mlycd,PT,kidney,150,174,-0.200988751707471,0.178,0.353,0.00139490913790693,0.00576662376169898,,,,MLYCD,0.272131424826275,0.0291126278511173,TRUE,FALSE,FALSE
Gys2,PT,kidney,150,174,-1.25146543628069,0.006,0.073,0.00144991206022459,0.00576662376169898,,,,GYS2,-0.436590184422608,0.0112001344569651,TRUE,TRUE,FALSE
Ulk1,PT,kidney,150,174,-1.94423232240763,0.04,0.14,0.00145990474979721,0.00576662376169898,,,,ULK1,0.471039299127842,6.64395450049281e-05,TRUE,FALSE,FALSE
Tbc1d1,PT,kidney,150,174,-0.325964790134358,0.121,0.26,0.00220641891812986,0.00830033783486945,,,,TBC1D1,0.0427897471858399,0.548382850593194,FALSE,FALSE,FALSE
Prkaa2,PT,kidney,150,174,-0.380414535686865,0.218,0.407,0.00238814361431398,0.00857560661503655,,,,PRKAA2,0.2883315494399,0.0174833628632484,TRUE,FALSE,FALSE
Akt2,PT,kidney,150,174,0.00261037844785861,0.092,0.22,0.00257933956937,0.00885947069479262,,,,AKT2,0.272775905162288,0.0322680307039496,TRUE,TRUE,FALSE
Adra1a,PT,kidney,150,174,-1.51377443990614,0.029,0.113,0.00305756396771371,0.0100644813937243,,,,ADRA1A,0.0090643584420813,0.914087955409388,FALSE,FALSE,FALSE
Rptor,PT,kidney,150,174,-1.30927945478846,0.011,0.073,0.00516160561711353,0.0163106737500788,,,,RPTOR,,,FALSE,FALSE,FALSE
Mtor,PT,kidney,150,174,-0.40050611684679,0.121,0.227,0.0182878188273188,0.0555668341291609,,,,MTOR,0.0609980192311536,0.346097047602718,FALSE,FALSE,FALSE
Prkag2,PT,kidney,150,174,-1.35629284715111,0.029,0.093,0.0292622276019054,0.0856191103907602,,,,PRKAG2,0.144334536180236,0.179142511226382,FALSE,FALSE,FALSE
Ppp2r5c,PT,kidney,150,174,0.372462710060674,0.19,0.313,0.0343704021011297,0.0934441487318999,,,,PPP2R5C,-0.214695257186268,0.0541914902763123,FALSE,FALSE,FALSE
Ppargc1a,PT,kidney,150,174,0.696565056719544,0.08,0.16,0.034807242321002,0.0934441487318999,,,,PPARGC1A,-0.612471761557638,0.000603487342297342,TRUE,FALSE,FALSE
Ppp2r5b,PT,kidney,150,174,-1.52825885794252,0.04,0.093,0.0354851197716076,0.0934441487318999,,,,PPP2R5B,0.137412769860998,0.0300031487878973,TRUE,FALSE,FALSE
Elavl1,PT,kidney,150,174,-0.350283426648913,0.161,0.267,0.0368216867298148,0.0938359113437217,,,,ELAVL1,0.00629859637126631,0.929732702059394,FALSE,FALSE,FALSE
Ppp2ca,PT,kidney,150,174,0.333842057123313,0.391,0.58,0.0415161749349314,0.102493056870612,,,,PPP2CA,,,FALSE,FALSE,FALSE
Ppp2r3a,PT,kidney,150,174,0.0904747557529236,0.172,0.287,0.0445447973915881,0.106637545270772,,,,PPP2R3A,-0.0812689650985154,0.428087382487469,FALSE,FALSE,FALSE
Camkk2,PT,kidney,150,174,0.0032837282999707,0.029,0.08,0.0472613742082797,0.109813193013356,,,,CAMKK2,0.506110584900416,0.00844909260690126,TRUE,FALSE,FALSE
Ppp2r1a,PT,kidney,150,174,0.0305192360035271,0.155,0.253,0.0496974123100332,0.112174159214075,,,,PPP2R1A,0.348763030574157,0.00116430586290843,TRUE,FALSE,FALSE
Rab14,PT,kidney,150,174,0.0816906967530429,0.483,0.687,0.0611620276536063,0.134216671795414,,,,RAB14,-0.0725879174061108,0.493282542838044,FALSE,FALSE,FALSE
Adipor1,PT,kidney,150,174,0.367672501466558,0.23,0.353,0.0681578073181476,0.145526129138748,,,,ADIPOR1,0.0985079852008817,0.299828895869015,FALSE,FALSE,FALSE
Gys1,PT,kidney,150,174,-1.0085927867625,0.029,0.073,0.0739738554795747,0.15201081168011,,,,GYS1,-0.0716337209718613,0.296115180093984,FALSE,FALSE,FALSE
Eif4ebp1,PT,kidney,150,174,1.0811817049593,0.092,0.167,0.0750433120952444,0.15201081168011,,,,EIF4EBP1,0.0754219943218205,0.37388212514371,FALSE,FALSE,FALSE
Ppp2cb,PT,kidney,150,174,-0.150094692631743,0.057,0.113,0.0940978178099938,0.185843190174738,,,,PPP2CB,-0.154344495591139,0.139208474399713,FALSE,FALSE,FALSE
Adipor2,PT,kidney,150,174,0.641811074732188,0.086,0.153,0.0976977271801622,0.18824684017641,,,,ADIPOR2,0.0715962771728451,0.531210570140672,FALSE,FALSE,FALSE
Pik3cb,PT,kidney,150,174,-0.799682215817408,0.029,0.06,0.110524957518207,0.20371853258667,,,,PIK3CB,-0.0993069744440654,0.160710406845698,FALSE,FALSE,FALSE
Map3k7,PT,kidney,150,174,-0.284275697441763,0.086,0.153,0.110884770901605,0.20371853258667,,,,MAP3K7,-0.0337117987684358,0.660626089455411,FALSE,FALSE,FALSE
Creb1,PT,kidney,150,174,0.37056500424822,0.08,0.133,0.120705231783623,0.21672075706605,,,,CREB1,-0.0788628754166012,0.27343317375151,FALSE,FALSE,FALSE
Fasn,PT,kidney,150,174,0.573039340347497,0.034,0.073,0.127187555511788,0.223284819676251,,,,FASN,0.69799363467585,0.0102285985406989,TRUE,FALSE,FALSE
Lipe,PT,kidney,150,174,-0.39694645293189,0.034,0.067,0.131857513586163,0.226450947245802,,,,LIPE,0.0340270585471342,0.616554915631368,FALSE,FALSE,FALSE
Rps6kb2,PT,kidney,150,174,-0.0414512947770862,0.034,0.073,0.141594830436732,0.23799982137238,,,,RPS6KB2,0.257949387042562,0.0194903632172992,TRUE,FALSE,FALSE
Ppp2r2a,PT,kidney,150,174,0.821135239076373,0.103,0.153,0.145546105056411,0.239544631238676,,,,PPP2R2A,-0.108782601530249,0.158420652705628,FALSE,FALSE,FALSE
Eef2,PT,kidney,150,174,-0.0883669674233905,0.69,0.88,0.152603900936222,0.246034860693093,,,,EEF2,0.448462726762021,0.00104406663485494,TRUE,FALSE,FALSE
Creb3l2,PT,kidney,150,174,0.285596153809698,0.046,0.08,0.168993723384484,0.267010082947485,,,,CREB3L2,0.109043372225875,0.405380258924797,FALSE,FALSE,FALSE
Pfkp,PT,kidney,150,174,1.47495343200094,0.075,0.033,0.179542140350476,0.278114295837011,,,,PFKP,0.201971206322531,0.00645525341532389,TRUE,FALSE,FALSE
Ppp2r5d,PT,kidney,150,174,-0.474400761574874,0.04,0.073,0.211505236493037,0.321325263133653,,,,PPP2R5D,0.0418634535766595,0.545552937261772,FALSE,FALSE,FALSE
Rab10,PT,kidney,150,174,0.487789245120024,0.299,0.407,0.233331901050969,0.347796607226915,,,,RAB10,,,FALSE,FALSE,FALSE
Sirt1,PT,kidney,150,174,0.950348134567988,0.063,0.033,0.251148104062118,0.353999046528044,,,,SIRT1,-0.389065828328134,0.0044363570263749,TRUE,FALSE,FALSE
Ppp2r2d,PT,kidney,150,174,0.52968889550334,0.167,0.227,0.255469558875561,0.353999046528044,,,,PPP2R2D,0.119151396427903,0.165293952164548,FALSE,FALSE,FALSE
Stk11,PT,kidney,150,174,0.419954147861112,0.172,0.247,0.255595502474745,0.353999046528044,,,,STK11,0.354251480632152,0.0153103974501462,TRUE,FALSE,FALSE
Foxo1,PT,kidney,150,174,0.641289962747103,0.115,0.16,0.259760287917369,0.353999046528044,,,,FOXO1,-0.105403033427432,0.24841547187657,FALSE,FALSE,FALSE
Pik3r1,PT,kidney,150,174,1.09034847941142,0.109,0.153,0.259898034159829,0.353999046528044,,,,PIK3R1,-0.146984642979826,0.44195620227449,FALSE,FALSE,FALSE
Creb3,PT,kidney,150,174,0.128773054739748,0.069,0.107,0.268813105930661,0.359936192686817,,,,CREB3,0.303800603180914,0.00138677189848469,TRUE,FALSE,FALSE
Prkaa1,PT,kidney,150,174,0.749330319677308,0.034,0.06,0.287624364956518,0.376053349231944,,,,PRKAA1,-0.0832174939496949,0.203035696208847,FALSE,FALSE,FALSE
Irs2,PT,kidney,150,174,0.517451817574248,0.075,0.113,0.290370307634792,0.376053349231944,,,,IRS2,-0.584420274513232,0.00290962468594569,TRUE,FALSE,FALSE
Ppp2r3c,PT,kidney,150,174,0.89554795257836,0.098,0.14,0.312975623761394,0.398791520599195,,,,PPP2R3C,-0.151989920023,0.276422292168939,FALSE,FALSE,FALSE
Tsc2,PT,kidney,150,174,-0.32706730698239,0.057,0.087,0.322257320864034,0.40410044997236,,,,TSC2,0.360866737018733,0.0271776682330935,TRUE,FALSE,FALSE
Pdpk1,PT,kidney,150,174,0.664405566482168,0.132,0.18,0.328927955770623,0.406020445404362,,,,PDPK1,0.153466221786299,0.018028233353959,TRUE,FALSE,FALSE
Hmgcr,PT,kidney,150,174,3.00554161813596,0.052,0.027,0.383724359157619,0.46637268266849,,,,HMGCR,0.322114208989851,0.265480328108024,FALSE,FALSE,FALSE
Cab39,PT,kidney,150,174,0.419594582416214,0.201,0.26,0.421426806408561,0.501832245499798,,,,CAB39,0.0995298512419271,0.262092054253262,FALSE,FALSE,FALSE
Prkab1,PT,kidney,150,174,1.35366141941895,0.086,0.12,0.4257271692381,0.501832245499798,,,,PRKAB1,0.0903291141903828,0.333050873638677,FALSE,FALSE,FALSE
Crtc2,PT,kidney,150,174,0.710504647732189,0.063,0.087,0.431956869544129,0.501832245499798,,,,CRTC2,,,FALSE,FALSE,FALSE
Igf1r,PT,kidney,150,174,1.48036248728944,0.144,0.113,0.473330656980241,0.541929302919407,,,,IGF1R,-0.148765271716842,0.133449327413096,FALSE,FALSE,FALSE
Pik3r2,PT,kidney,150,174,0.806203917416048,0.057,0.073,0.492759860237714,0.556114699411134,,,,PIK3R2,0.268794809673499,0.00604856153799963,TRUE,FALSE,FALSE
Akt1,PT,kidney,150,174,1.03819941623803,0.098,0.133,0.509367491212326,0.566761011348926,,,,AKT1,0.387089573539082,0.00343401055010987,TRUE,FALSE,FALSE
Cd36,PT,kidney,150,174,0.283131863708953,0.115,0.147,0.54841869181726,0.601737175743938,,,,CD36,0.228255319331112,0.102088419969093,FALSE,FALSE,FALSE
Ccnd1,PT,kidney,150,174,0.583362100210816,0.443,0.5,0.558768288451871,0.604694449146545,,,,CCND1,0.8031084765255,0.00074921048132828,TRUE,FALSE,FALSE
Stradb,PT,kidney,150,174,0.879343706207775,0.126,0.153,0.591196255730141,0.63114194868488,,,,STRADB,,,FALSE,FALSE,FALSE
G6pc3,PT,kidney,150,174,0.845404373957263,0.052,0.06,0.600065405331429,0.632068893615772,,,,G6PC3,0.0114334505189842,0.862668473837378,FALSE,FALSE,FALSE
Fbp2,PT,kidney,150,174,0.394470974686247,0.178,0.213,0.667517843687157,0.693867232253755,,,,FBP2,-0.0184269849428555,0.801721741437421,FALSE,FALSE,FALSE
Prkag3,PT,kidney,150,174,0.322370762849808,0.052,0.06,0.771329376873867,0.791363906143318,,,,PRKAG3,,,FALSE,FALSE,FALSE
Tsc1,PT,kidney,150,174,0.714515209749347,0.063,0.073,0.924440333357962,0.936292132503577,,,,TSC1,-0.202386421851348,0.034493511696181,TRUE,FALSE,FALSE
Foxo3,PT,kidney,150,174,0.587192683705341,0.132,0.14,0.9363196341957,0.9363196341957,,,,FOXO3,-0.258505148092882,0.0236771002828433,TRUE,FALSE,FALSE
Rheb,T_cell,kidney,41,304,-0.957761006208079,0.155,0.463,3.86669389592964e-05,0.0021266816427613,,,,RHEB,0.000762141165105317,0.994533538297037,FALSE,FALSE,FALSE
Ccnd1,T_cell,kidney,41,304,-2.91367575307378,0.01,0.122,0.000157045284217175,0.00402772831512123,,,,CCND1,0.8031084765255,0.00074921048132828,TRUE,FALSE,FALSE
Mlycd,T_cell,kidney,41,304,-2.0646119836361,0.01,0.098,0.000219694271733885,0.00402772831512123,,,,MLYCD,0.272131424826275,0.0291126278511173,TRUE,FALSE,FALSE
Cab39l,T_cell,kidney,41,304,-0.952282865139723,0.046,0.195,0.000420109608340501,0.00577650711468188,,,,CAB39L,0.0137396623132676,0.857025750656643,FALSE,FALSE,FALSE
Cab39,T_cell,kidney,41,304,-0.740995092899224,0.181,0.463,0.000556709450481856,0.00612380395530042,,,,CAB39,0.0995298512419271,0.262092054253262,FALSE,FALSE,FALSE
Crtc2,T_cell,kidney,41,304,-2.50945373097436,0.033,0.146,0.00120026440756485,0.0110024237360112,,,,CRTC2,,,FALSE,FALSE,FALSE
Rab2a,T_cell,kidney,41,304,-0.401849005170078,0.23,0.488,0.00835069484867945,0.0656126023824814,,,,RAB2A,0.120861387341921,0.355798580095796,FALSE,FALSE,FALSE
Cd36,T_cell,kidney,41,304,-3.14256299001007,0.01,0.073,0.010323569535366,0.0656155255085452,,,,CD36,0.228255319331112,0.102088419969093,FALSE,FALSE,FALSE
Prkaa1,T_cell,kidney,41,304,-2.66031173788436,0.007,0.073,0.0107370859923074,0.0656155255085452,,,,PRKAA1,-0.0832174939496949,0.203035696208847,FALSE,FALSE,FALSE
Ppp2r2a,T_cell,kidney,41,304,-0.0281174404082119,0.128,0.317,0.0126290587605197,0.0661316004848111,,,,PPP2R2A,-0.108782601530249,0.158420652705628,FALSE,FALSE,FALSE
Pfkp,T_cell,kidney,41,304,-0.880486461201807,0.115,0.268,0.0132263200969622,0.0661316004848111,,,,PFKP,0.201971206322531,0.00645525341532389,TRUE,FALSE,FALSE
Tbc1d1,T_cell,kidney,41,304,-0.328971603801139,0.128,0.293,0.0190357051717887,0.087246982037365,,,,TBC1D1,0.0427897471858399,0.548382850593194,FALSE,FALSE,FALSE
Ppp2ca,T_cell,kidney,41,304,-0.292604819060782,0.181,0.366,0.0244633967034402,0.0978873307035723,,,,PPP2CA,,,FALSE,FALSE,FALSE
Tsc2,T_cell,kidney,41,304,-2.10557061799535,0.016,0.073,0.024916775088182,0.0978873307035723,,,,TSC2,0.360866737018733,0.0271776682330935,TRUE,FALSE,FALSE
Rab10,T_cell,kidney,41,304,-0.474994546654852,0.184,0.366,0.0278568708820893,0.102141859900994,,,,RAB10,,,FALSE,FALSE,FALSE
Prkab1,T_cell,kidney,41,304,-0.6475196646755,0.03,0.098,0.0367747687804436,0.118653633872291,,,,PRKAB1,0.0903291141903828,0.333050873638677,FALSE,FALSE,FALSE
Irs2,T_cell,kidney,41,304,-0.478954540306056,0.03,0.098,0.0372330460960013,0.118653633872291,,,,IRS2,-0.584420274513232,0.00290962468594569,TRUE,FALSE,FALSE
Pfkl,T_cell,kidney,41,304,-0.441718689654229,0.069,0.171,0.0388320983582042,0.118653633872291,,,,PFKL,0.412788409607824,0.00375888054431156,TRUE,FALSE,FALSE
Rab14,T_cell,kidney,41,304,-0.471140852059784,0.28,0.463,0.0446261779871104,0.129181041541636,,,,RAB14,-0.0725879174061108,0.493282542838044,FALSE,FALSE,FALSE
Ppp2r5d,T_cell,kidney,41,304,-1.31996881833643,0.02,0.073,0.0485495368593588,0.133511226363237,,,,PPP2R5D,0.0418634535766595,0.545552937261772,FALSE,FALSE,FALSE
Akt2,T_cell,kidney,41,304,-0.406498908548307,0.033,0.098,0.0567202347530469,0.14855299578179,,,,AKT2,0.272775905162288,0.0322680307039496,TRUE,FALSE,FALSE
Foxo3,T_cell,kidney,41,304,-0.646123880151475,0.082,0.171,0.0844698881674036,0.211174720418509,,,,FOXO3,-0.258505148092882,0.0236771002828433,TRUE,FALSE,FALSE
Pik3cd,T_cell,kidney,41,304,-0.463309389297407,0.171,0.293,0.110063372572896,0.238760959157684,,,,PIK3CD,0.187312414207718,0.0479971366369964,TRUE,FALSE,FALSE
Creb1,T_cell,kidney,41,304,-0.418382299304399,0.099,0.195,0.117630559945297,0.238760959157684,,,,CREB1,-0.0788628754166012,0.27343317375151,FALSE,FALSE,FALSE
Cpt1a,T_cell,kidney,41,304,-0.492342076942072,0.023,0.073,0.120237678425239,0.238760959157684,,,,CPT1A,0.227443438987381,0.0910342838314238,FALSE,FALSE,FALSE
Igf1r,T_cell,kidney,41,304,-0.715907724950127,0.026,0.073,0.120237678425239,0.238760959157684,,,,IGF1R,-0.148765271716842,0.133449327413096,FALSE,FALSE,FALSE
Ppp2r1a,T_cell,kidney,41,304,-0.459392627431468,0.105,0.195,0.120472404523455,0.238760959157684,,,,PPP2R1A,0.348763030574157,0.00116430586290843,TRUE,FALSE,FALSE
Strada,T_cell,kidney,41,304,-0.697502298835087,0.026,0.073,0.121551033753003,0.238760959157684,,,,STRADA,0.0482638423255332,0.441561159337292,FALSE,FALSE,FALSE
Prkag1,T_cell,kidney,41,304,-0.17062979323125,0.056,0.122,0.129915463154161,0.246391395637201,,,,PRKAG1,-0.0911617220470691,0.322923558463888,FALSE,FALSE,FALSE
Ppp2r5a,T_cell,kidney,41,304,0.0753575993038233,0.253,0.439,0.135211575894532,0.247887889139975,,,,PPP2R5A,-0.262441936043039,0.00882731769154429,TRUE,FALSE,FALSE
Eif4ebp1,T_cell,kidney,41,304,-0.224679885725434,0.043,0.098,0.147072883753203,0.255905893950908,,,,EIF4EBP1,0.0754219943218205,0.37388212514371,FALSE,FALSE,FALSE
Eef2,T_cell,kidney,41,304,-0.224404881973273,0.74,0.927,0.148890701935074,0.255905893950908,,,,EEF2,0.448462726762021,0.00104406663485494,TRUE,FALSE,FALSE
Rps6kb1,T_cell,kidney,41,304,-0.182197706026979,0.092,0.171,0.15983534809281,0.26639224682135,,,,RPS6KB1,-0.0150524871094566,0.834304342285709,FALSE,FALSE,FALSE
Ppp2cb,T_cell,kidney,41,304,-0.43220687287534,0.03,0.073,0.167755050150425,0.268887035850965,,,,PPP2CB,-0.154344495591139,0.139208474399713,FALSE,FALSE,FALSE
Pfkfb3,T_cell,kidney,41,304,0.085862363084714,0.03,0.073,0.172665759709515,0.268887035850965,,,,PFKFB3,-0.655569796012921,0.000127446028528339,TRUE,FALSE,FALSE
Map3k7,T_cell,kidney,41,304,-0.38592533674908,0.03,0.073,0.17599878710245,0.268887035850965,,,,MAP3K7,-0.0337117987684358,0.660626089455411,FALSE,FALSE,FALSE
Pdpk1,T_cell,kidney,41,304,-0.713778339265631,0.079,0.146,0.188565531477235,0.280300114358053,,,,PDPK1,0.153466221786299,0.018028233353959,TRUE,FALSE,FALSE
Rab11b,T_cell,kidney,41,304,0.133628443031188,0.145,0.244,0.213713958995022,0.309322835387532,,,,RAB11B,-0.128979335643103,0.0848864845380073,FALSE,FALSE,FALSE
Sirt1,T_cell,kidney,41,304,-0.338800773920175,0.066,0.122,0.229903486917551,0.324222866165777,,,,SIRT1,-0.389065828328134,0.0044363570263749,TRUE,FALSE,FALSE
Mtor,T_cell,kidney,41,304,0.585218847344397,0.049,0.098,0.245040923583557,0.336931269927391,,,,MTOR,0.0609980192311536,0.346097047602718,FALSE,FALSE,FALSE
Pik3r1,T_cell,kidney,41,304,0.0991586458443232,0.237,0.341,0.322903181480239,0.433162804424711,,,,PIK3R1,-0.146984642979826,0.44195620227449,FALSE,FALSE,FALSE
Rptor,T_cell,kidney,41,304,-0.99843463697602,0.059,0.098,0.335539771534151,0.43939731986615,,,,RPTOR,,,FALSE,FALSE,FALSE
Rps6kb2,T_cell,kidney,41,304,0.123422547006776,0.039,0.073,0.358494415937451,0.458539369222321,,,,RPS6KB2,0.257949387042562,0.0194903632172992,TRUE,FALSE,FALSE
Adipor2,T_cell,kidney,41,304,-0.30170961636083,0.115,0.171,0.385517579071336,0.48189697383917,,,,ADIPOR2,0.0715962771728451,0.531210570140672,FALSE,FALSE,FALSE
Foxo1,T_cell,kidney,41,304,0.724917002260485,0.132,0.171,0.452278268744602,0.542507010877027,,,,FOXO1,-0.105403033427432,0.24841547187657,FALSE,FALSE,FALSE
Akt1,T_cell,kidney,41,304,0.307521794195119,0.079,0.122,0.453733136369877,0.542507010877027,,,,AKT1,0.387089573539082,0.00343401055010987,TRUE,FALSE,FALSE
Ppp2r5e,T_cell,kidney,41,304,0.0689247558067621,0.082,0.122,0.504449302913287,0.569582854040211,,,,PPP2R5E,-0.0251597625886988,0.835509017894403,FALSE,FALSE,FALSE
Hmgcr,T_cell,kidney,41,304,0.103040589811989,0.086,0.122,0.50659895503402,0.569582854040211,,,,HMGCR,0.322114208989851,0.265480328108024,FALSE,FALSE,FALSE
Elavl1,T_cell,kidney,41,304,1.15754466200562,0.102,0.073,0.50744654269037,0.569582854040211,,,,ELAVL1,0.00629859637126631,0.929732702059394,FALSE,FALSE,FALSE
Stk11,T_cell,kidney,41,304,0.433636122523587,0.125,0.171,0.569593084267765,0.626552392694542,,,,STK11,0.354251480632152,0.0153103974501462,TRUE,FALSE,FALSE
Ppp2r2d,T_cell,kidney,41,304,1.18720831817486,0.095,0.073,0.597013510706764,0.643838099781804,,,,PPP2R2D,0.119151396427903,0.165293952164548,FALSE,FALSE,FALSE
Rab8a,T_cell,kidney,41,304,0.662048887026532,0.224,0.293,0.775521825763365,0.820263469557406,,,,RAB8A,,,FALSE,FALSE,FALSE
Adipor1,T_cell,kidney,41,304,1.20224084012328,0.099,0.122,0.795268352029525,0.825278478521205,,,,ADIPOR1,0.0985079852008817,0.299828895869015,FALSE,FALSE,FALSE
Ppp2r5c,T_cell,kidney,41,304,0.696796499294344,0.164,0.195,0.894800688084813,0.911371071197494,,,,PPP2R5C,-0.214695257186268,0.0541914902763123,FALSE,FALSE,FALSE
Pik3ca,T_cell,kidney,41,304,1.20791324392199,0.089,0.098,0.982810291205151,0.982810291205151,,,,PIK3CA,-0.194162266153804,0.025007761246042,TRUE,FALSE,FALSE
Srebf1,Tubular_epithelium_other,kidney,12,22,-2.20140165463343,0.045,0.333,0.0327846067280182,0.853827548849025,,,,SREBF1,0.435480157850608,0.0261960327030443,TRUE,FALSE,FALSE
Rab11b,Tubular_epithelium_other,kidney,12,22,-1.00826282818367,0.318,0.75,0.0509177844968834,0.853827548849025,,,,RAB11B,-0.128979335643103,0.0848864845380073,FALSE,FALSE,FALSE
Pck2,Tubular_epithelium_other,kidney,12,22,0.183422163641123,0.136,0.25,0.0539394785295096,0.853827548849025,,,,PCK2,0.0144772473306067,0.912081693834765,FALSE,FALSE,FALSE
Ppp2r2b,Tubular_epithelium_other,kidney,12,22,-0.254802142921474,0.091,0.417,0.0558505707169657,0.853827548849025,,,,PPP2R2B,-0.262770074648551,0.0978848374373925,FALSE,FALSE,FALSE
Pdpk1,Tubular_epithelium_other,kidney,12,22,-0.91720507195336,0.136,0.5,0.0739227679664952,0.853827548849025,,,,PDPK1,0.153466221786299,0.018028233353959,TRUE,FALSE,FALSE
Rps6kb2,Tubular_epithelium_other,kidney,12,22,2.80648930547198,0.227,0,0.0844708030373149,0.853827548849025,,,,RPS6KB2,0.257949387042562,0.0194903632172992,TRUE,FALSE,FALSE
Fasn,Tubular_epithelium_other,kidney,12,22,-1.43152487060768,0.045,0.25,0.107441025025376,0.853827548849025,,,,FASN,0.69799363467585,0.0102285985406989,TRUE,FALSE,FALSE
Ppp2r5b,Tubular_epithelium_other,kidney,12,22,-1.71197653781362,0.045,0.25,0.107441025025376,0.853827548849025,,,,PPP2R5B,0.137412769860998,0.0300031487878973,TRUE,FALSE,FALSE
Elavl1,Tubular_epithelium_other,kidney,12,22,-0.677702114731562,0.273,0.583,0.122251448421093,0.853827548849025,,,,ELAVL1,0.00629859637126631,0.929732702059394,FALSE,FALSE,FALSE
Cpt1a,Tubular_epithelium_other,kidney,12,22,1.38284073617955,0.364,0.167,0.158671944321493,0.853827548849025,,,,CPT1A,0.227443438987381,0.0910342838314238,FALSE,FALSE,FALSE
Map3k7,Tubular_epithelium_other,kidney,12,22,-0.680301898106454,0.136,0.417,0.159947353246564,0.853827548849025,,,,MAP3K7,-0.0337117987684358,0.660626089455411,FALSE,FALSE,FALSE
Rab2a,Tubular_epithelium_other,kidney,12,22,0.749431449105195,0.682,0.583,0.165402521054341,0.853827548849025,,,,RAB2A,0.120861387341921,0.355798580095796,FALSE,FALSE,FALSE
Pik3r2,Tubular_epithelium_other,kidney,12,22,-1.08793262142174,0.182,0.417,0.185864782819695,0.853827548849025,,,,PIK3R2,0.268794809673499,0.00604856153799963,TRUE,FALSE,FALSE
Akt3,Tubular_epithelium_other,kidney,12,22,-2.4930228111871,0,0.167,0.187845919052756,0.853827548849025,,,,AKT3,-0.238769261788149,0.072397760239147,FALSE,FALSE,FALSE
Ppp2cb,Tubular_epithelium_other,kidney,12,22,1.41845526692568,0.409,0.25,0.190850626093419,0.853827548849025,,,,PPP2CB,-0.154344495591139,0.139208474399713,FALSE,FALSE,FALSE
Rptor,Tubular_epithelium_other,kidney,12,22,-1.20878617925255,0.136,0.333,0.19349958316824,0.853827548849025,,,,RPTOR,,,FALSE,FALSE,FALSE
Fbp1,Tubular_epithelium_other,kidney,12,22,-2.96047136483217,0,0.083,0.196197662912661,0.853827548849025,,,,FBP1,0.619906449388021,0.00253757287048046,TRUE,FALSE,FALSE
Gys1,Tubular_epithelium_other,kidney,12,22,-2.06396965769521,0,0.083,0.196197662912661,0.853827548849025,,,,GYS1,-0.0716337209718613,0.296115180093984,FALSE,FALSE,FALSE
Pik3cd,Tubular_epithelium_other,kidney,12,22,-1.92360495736441,0,0.083,0.196197662912661,0.853827548849025,,,,PIK3CD,0.187312414207718,0.0479971366369964,TRUE,FALSE,FALSE
Strada,Tubular_epithelium_other,kidney,12,22,-2.01304391871779,0,0.083,0.196197662912661,0.853827548849025,,,,STRADA,0.0482638423255332,0.441561159337292,FALSE,FALSE,FALSE
Creb3,Tubular_epithelium_other,kidney,12,22,-1.6368968536194,0.091,0.25,0.208597019596757,0.853827548849025,,,,CREB3,0.303800603180914,0.00138677189848469,TRUE,FALSE,FALSE
Lipe,Tubular_epithelium_other,kidney,12,22,-2.62985892159991,0,0.167,0.226927611138455,0.853827548849025,,,,LIPE,0.0340270585471342,0.616554915631368,FALSE,FALSE,FALSE
Tsc2,Tubular_epithelium_other,kidney,12,22,-1.25542084479103,0.091,0.25,0.230548402202052,0.853827548849025,,,,TSC2,0.360866737018733,0.0271776682330935,TRUE,FALSE,FALSE
Pik3r1,Tubular_epithelium_other,kidney,12,22,0.830881612285639,0.5,0.5,0.240068295874129,0.853827548849025,,,,PIK3R1,-0.146984642979826,0.44195620227449,FALSE,FALSE,FALSE
Creb1,Tubular_epithelium_other,kidney,12,22,-0.702912916633002,0.091,0.25,0.254093811499961,0.853827548849025,,,,CREB1,-0.0788628754166012,0.27343317375151,FALSE,FALSE,FALSE
G6pc,Tubular_epithelium_other,kidney,12,22,-2.88168205435388,0.045,0.167,0.25634173897569,0.853827548849025,,,,G6PC1,-0.412080288509612,0.0750142815257835,FALSE,FALSE,FALSE
Stk11,Tubular_epithelium_other,kidney,12,22,-0.621968626699254,0.227,0.5,0.268861813342073,0.853827548849025,,,,STK11,0.354251480632152,0.0153103974501462,TRUE,FALSE,FALSE
Ccnd1,Tubular_epithelium_other,kidney,12,22,1.99668758021324,0.318,0.167,0.275351288043109,0.853827548849025,,,,CCND1,0.8031084765255,0.00074921048132828,TRUE,FALSE,FALSE
Eef2k,Tubular_epithelium_other,kidney,12,22,-1.13017327759265,0.045,0.167,0.288304163824983,0.853827548849025,,,,EEF2K,,,FALSE,FALSE,FALSE
Adipor1,Tubular_epithelium_other,kidney,12,22,-0.347152457946969,0.273,0.583,0.293866671606061,0.853827548849025,,,,ADIPOR1,0.0985079852008817,0.299828895869015,FALSE,FALSE,FALSE
Ppp2r5c,Tubular_epithelium_other,kidney,12,22,-0.836920980856048,0.136,0.333,0.2958677532157,0.853827548849025,,,,PPP2R5C,-0.214695257186268,0.0541914902763123,FALSE,FALSE,FALSE
Crtc2,Tubular_epithelium_other,kidney,12,22,-1.90996132117995,0.091,0.25,0.302896677525004,0.853827548849025,,,,CRTC2,,,FALSE,FALSE,FALSE
Tsc1,Tubular_epithelium_other,kidney,12,22,1.07164371475759,0.091,0,0.309629770461734,0.853827548849025,,,,TSC1,-0.202386421851348,0.034493511696181,TRUE,FALSE,FALSE
Akt1,Tubular_epithelium_other,kidney,12,22,0.102421275573307,0.227,0.25,0.347313909191968,0.929575462837326,,,,AKT1,0.387089573539082,0.00343401055010987,TRUE,FALSE,FALSE
Mtor,Tubular_epithelium_other,kidney,12,22,1.13605720161318,0.273,0.167,0.370011553671009,0.935550150647631,,,,MTOR,0.0609980192311536,0.346097047602718,FALSE,FALSE,FALSE
Cab39l,Tubular_epithelium_other,kidney,12,22,-0.948598821947419,0.136,0.25,0.385628819727407,0.935550150647631,,,,CAB39L,0.0137396623132676,0.857025750656643,FALSE,FALSE,FALSE
G6pc3,Tubular_epithelium_other,kidney,12,22,0.0506105921616309,0.182,0.333,0.396440826291336,0.935550150647631,,,,G6PC3,0.0114334505189842,0.862668473837378,FALSE,FALSE,FALSE
Eef2,Tubular_epithelium_other,kidney,12,22,-0.152795558260454,0.955,1,0.397061334006748,0.935550150647631,,,,EEF2,0.448462726762021,0.00104406663485494,TRUE,FALSE,FALSE
Ppp2r2d,Tubular_epithelium_other,kidney,12,22,0.752921512777415,0.364,0.25,0.422457274962656,0.935550150647631,,,,PPP2R2D,0.119151396427903,0.165293952164548,FALSE,FALSE,FALSE
Akt2,Tubular_epithelium_other,kidney,12,22,-0.117749787349254,0.182,0.333,0.423978508474581,0.935550150647631,,,,AKT2,0.272775905162288,0.0322680307039496,TRUE,FALSE,FALSE
Ppargc1a,Tubular_epithelium_other,kidney,12,22,-0.407033219334889,0.182,0.333,0.423978508474581,0.935550150647631,,,,PPARGC1A,-0.612471761557638,0.000603487342297342,TRUE,FALSE,FALSE
Ppp2r3a,Tubular_epithelium_other,kidney,12,22,1.11975865123332,0.455,0.417,0.439346736456183,0.935550150647631,,,,PPP2R3A,-0.0812689650985154,0.428087382487469,FALSE,FALSE,FALSE
Creb3l2,Tubular_epithelium_other,kidney,12,22,-0.284100918523859,0.545,0.667,0.447128677231055,0.935550150647631,,,,CREB3L2,0.109043372225875,0.405380258924797,FALSE,FALSE,FALSE
Foxo1,Tubular_epithelium_other,kidney,12,22,0.178660090914714,0.136,0.167,0.452353918994459,0.935550150647631,,,,FOXO1,-0.105403033427432,0.24841547187657,FALSE,FALSE,FALSE
Igf1r,Tubular_epithelium_other,kidney,12,22,-0.12184704436199,0.5,0.917,0.474702866893316,0.958119841975311,,,,IGF1R,-0.148765271716842,0.133449327413096,FALSE,FALSE,FALSE
Stradb,Tubular_epithelium_other,kidney,12,22,-1.00867033661515,0.091,0.167,0.498966388176273,0.958119841975311,,,,STRADB,,,FALSE,FALSE,FALSE
Cab39,Tubular_epithelium_other,kidney,12,22,-0.37182493698626,0.364,0.5,0.505320895940214,0.958119841975311,,,,CAB39,0.0995298512419271,0.262092054253262,FALSE,FALSE,FALSE
Foxo3,Tubular_epithelium_other,kidney,12,22,-0.580546237549843,0.227,0.333,0.530893715115967,0.958119841975311,,,,FOXO3,-0.258505148092882,0.0236771002828433,TRUE,FALSE,FALSE
Igf1,Tubular_epithelium_other,kidney,12,22,-0.746912617433889,0.091,0.083,0.544429675855434,0.958119841975311,,,,IGF1,-0.750196331507432,0.0163841211440685,TRUE,FALSE,FALSE
Ppp2r5a,Tubular_epithelium_other,kidney,12,22,0.0138001309592777,0.318,0.583,0.544791795332313,0.958119841975311,,,,PPP2R5A,-0.262441936043039,0.00882731769154429,TRUE,FALSE,FALSE
Ppp2r3d,Tubular_epithelium_other,kidney,12,22,-0.0549183651245688,0.136,0.25,0.550870923377245,0.958119841975311,,,,PPP2R3B,0.276953635505095,0.00063525508853722,TRUE,FALSE,FALSE
Ppp2r2a,Tubular_epithelium_other,kidney,12,22,-0.272562816762991,0.227,0.417,0.558303018604281,0.958119841975311,,,,PPP2R2A,-0.108782601530249,0.158420652705628,FALSE,FALSE,FALSE
Hmgcr,Tubular_epithelium_other,kidney,12,22,-0.555770344179891,0.136,0.25,0.592362265803165,0.958119841975311,,,,HMGCR,0.322114208989851,0.265480328108024,FALSE,FALSE,FALSE
Pfkfb4,Tubular_epithelium_other,kidney,12,22,0.206038811128601,0.091,0.167,0.629137851232425,0.958119841975311,,,,PFKFB4,0.131856641195354,0.00500148112903384,TRUE,FALSE,FALSE
Ppp2ca,Tubular_epithelium_other,kidney,12,22,0.241326174115493,0.773,0.833,0.650974850113619,0.958119841975311,,,,PPP2CA,,,FALSE,FALSE,FALSE
Insr,Tubular_epithelium_other,kidney,12,22,0.875844132083154,0.136,0.083,0.65217360400505,0.958119841975311,,,,INSR,0.169374111461339,0.175103061199346,FALSE,FALSE,FALSE
Ppp2r1b,Tubular_epithelium_other,kidney,12,22,0.812863747376038,0.136,0.083,0.65217360400505,0.958119841975311,,,,PPP2R1B,-0.0326247135429388,0.79265448609177,FALSE,FALSE,FALSE
Cd36,Tubular_epithelium_other,kidney,12,22,-1.77676365973666,0,0.083,0.658678243853749,0.958119841975311,,,,CD36,0.228255319331112,0.102088419969093,FALSE,FALSE,FALSE
Fbp2,Tubular_epithelium_other,kidney,12,22,0.0216957047046359,0.182,0.167,0.66470098874622,0.958119841975311,,,,FBP2,-0.0184269849428555,0.801721741437421,FALSE,FALSE,FALSE
Pfkp,Tubular_epithelium_other,kidney,12,22,-0.07056131796736,0.273,0.417,0.680396019997723,0.958119841975311,,,,PFKP,0.201971206322531,0.00645525341532389,TRUE,FALSE,FALSE
Ppp2r1a,Tubular_epithelium_other,kidney,12,22,-0.34829479338321,0.409,0.5,0.70637103369536,0.958119841975311,,,,PPP2R1A,0.348763030574157,0.00116430586290843,TRUE,FALSE,FALSE
Irs1,Tubular_epithelium_other,kidney,12,22,0.0669912720702044,0.045,0.083,0.723795314149376,0.958119841975311,,,,IRS1,-0.3554897344882,0.00226335322613427,TRUE,FALSE,FALSE
Pik3cb,Tubular_epithelium_other,kidney,12,22,1.2277328486278,0.045,0.083,0.723795314149376,0.958119841975311,,,,PIK3CB,-0.0993069744440654,0.160710406845698,FALSE,FALSE,FALSE
Ppp2r3c,Tubular_epithelium_other,kidney,12,22,0.0380902179380209,0.045,0.083,0.723795314149376,0.958119841975311,,,,PPP2R3C,-0.151989920023,0.276422292168939,FALSE,FALSE,FALSE
Prkaa1,Tubular_epithelium_other,kidney,12,22,-0.640678469215285,0.045,0.083,0.723795314149376,0.958119841975311,,,,PRKAA1,-0.0832174939496949,0.203035696208847,FALSE,FALSE,FALSE
Prkab2,Tubular_epithelium_other,kidney,12,22,-0.389675576252865,0.045,0.083,0.723795314149376,0.958119841975311,,,,PRKAB2,-0.164901188264764,0.0594438901536121,FALSE,FALSE,FALSE
Prkaa2,Tubular_epithelium_other,kidney,12,22,-0.32941173259709,0.318,0.417,0.735690534262109,0.958119841975311,,,,PRKAA2,0.2883315494399,0.0174833628632484,TRUE,FALSE,FALSE
Adipor2,Tubular_epithelium_other,kidney,12,22,-0.0752862912264447,0.273,0.333,0.737166738584929,0.958119841975311,,,,ADIPOR2,0.0715962771728451,0.531210570140672,FALSE,FALSE,FALSE
Rab8a,Tubular_epithelium_other,kidney,12,22,0.621685654588754,0.364,0.417,0.757261873373805,0.958119841975311,,,,RAB8A,,,FALSE,FALSE,FALSE
Prkag1,Tubular_epithelium_other,kidney,12,22,0.455450129751506,0.273,0.25,0.762868054102436,0.958119841975311,,,,PRKAG1,-0.0911617220470691,0.322923558463888,FALSE,FALSE,FALSE
Eif4ebp1,Tubular_epithelium_other,kidney,12,22,-0.0808367511300212,0.182,0.25,0.779127699875686,0.958119841975311,,,,EIF4EBP1,0.0754219943218205,0.37388212514371,FALSE,FALSE,FALSE
Tbc1d1,Tubular_epithelium_other,kidney,12,22,0.101821528920894,0.182,0.167,0.779127699875686,0.958119841975311,,,,TBC1D1,0.0427897471858399,0.548382850593194,FALSE,FALSE,FALSE
Rheb,Tubular_epithelium_other,kidney,12,22,0.204052597895546,0.545,0.667,0.779327061696404,0.958119841975311,,,,RHEB,0.000762141165105317,0.994533538297037,FALSE,FALSE,FALSE
Rab10,Tubular_epithelium_other,kidney,12,22,0.0860992252074503,0.318,0.5,0.792998245703973,0.958119841975311,,,,RAB10,,,FALSE,FALSE,FALSE
Irs2,Tubular_epithelium_other,kidney,12,22,0.709740039580665,0.273,0.25,0.798492383401913,0.958119841975311,,,,IRS2,-0.584420274513232,0.00290962468594569,TRUE,FALSE,FALSE
Pfkl,Tubular_epithelium_other,kidney,12,22,0.720174005114503,0.273,0.25,0.834541311434462,0.958119841975311,,,,PFKL,0.412788409607824,0.00375888054431156,TRUE,FALSE,FALSE
Sirt1,Tubular_epithelium_other,kidney,12,22,0.412559588345844,0.227,0.25,0.834541311434462,0.958119841975311,,,,SIRT1,-0.389065828328134,0.0044363570263749,TRUE,FALSE,FALSE
Rps6kb1,Tubular_epithelium_other,kidney,12,22,0.244987918312593,0.273,0.333,0.845297973180848,0.958119841975311,,,,RPS6KB1,-0.0150524871094566,0.834304342285709,FALSE,FALSE,FALSE
Hnf4a,Tubular_epithelium_other,kidney,12,22,0.0728491484718989,0.091,0.083,0.860693818795735,0.958119841975311,,,,HNF4A,0.30625444596782,0.00865664236155255,TRUE,FALSE,FALSE
Pik3ca,Tubular_epithelium_other,kidney,12,22,-0.104178369433007,0.273,0.25,0.870941399878747,0.958119841975311,,,,PIK3CA,-0.194162266153804,0.025007761246042,TRUE,FALSE,FALSE
Akt1s1,Tubular_epithelium_other,kidney,12,22,0.51433622593778,0.318,0.333,0.879375422833426,0.958119841975311,,,,AKT1S1,,,FALSE,FALSE,FALSE
Mlycd,Tubular_epithelium_other,kidney,12,22,0.10526150183412,0.136,0.167,0.883753167076949,0.958119841975311,,,,MLYCD,0.272131424826275,0.0291126278511173,TRUE,FALSE,FALSE
Prkag2,Tubular_epithelium_other,kidney,12,22,-0.0295750078712442,0.136,0.167,0.883753167076949,0.958119841975311,,,,PRKAG2,0.144334536180236,0.179142511226382,FALSE,FALSE,FALSE
Ulk1,Tubular_epithelium_other,kidney,12,22,0.606229145374198,0.227,0.25,0.884418315669518,0.958119841975311,,,,ULK1,0.471039299127842,6.64395450049281e-05,TRUE,FALSE,FALSE
Cftr,Tubular_epithelium_other,kidney,12,22,0.748337065841554,0.136,0.167,0.930092977530005,0.989546336428457,,,,CFTR,0.346053445795614,0.00848407975775739,TRUE,FALSE,FALSE
Pfkm,Tubular_epithelium_other,kidney,12,22,-1.09924766749215,0.182,0.167,0.935175658602717,0.989546336428457,,,,PFKM,-0.174352886444122,0.044645878124864,TRUE,FALSE,FALSE
Creb5,Tubular_epithelium_other,kidney,12,22,-0.00405637568721806,0.182,0.25,0.961352152841095,0.992388952511536,,,,CREB5,-0.0557779584602364,0.459938075024634,FALSE,FALSE,FALSE
Ppp2r5d,Tubular_epithelium_other,kidney,12,22,0.161270802271709,0.091,0.083,0.970791593685082,0.992388952511536,,,,PPP2R5D,0.0418634535766595,0.545552937261772,FALSE,FALSE,FALSE
Prkab1,Tubular_epithelium_other,kidney,12,22,0.162262439115799,0.045,0.083,0.970791593685082,0.992388952511536,,,,PRKAB1,0.0903291141903828,0.333050873638677,FALSE,FALSE,FALSE
Ppp2r5e,Tubular_epithelium_other,kidney,12,22,-0.379518829260963,0.227,0.25,0.981483579407013,0.992388952511536,,,,PPP2R5E,-0.0251597625886988,0.835509017894403,FALSE,FALSE,FALSE
Rab14,Tubular_epithelium_other,kidney,12,22,0.0261618012473674,0.727,0.75,1,1,,,,RAB14,-0.0725879174061108,0.493282542838044,FALSE,FALSE,FALSE
Hmgcr,cDC,kidney,23,129,-1.31198356678597,0.194,0.565,0.000437766532490015,0.0293786300423098,,,,HMGCR,0.322114208989851,0.265480328108024,FALSE,FALSE,FALSE
Eef2k,cDC,kidney,23,129,-4.3898890982961,0,0.087,0.000816073056730828,0.0293786300423098,,,,EEF2K,,,FALSE,FALSE,FALSE
Foxo3,cDC,kidney,23,129,-1.68113904459882,0.093,0.304,0.00353011889007239,0.0847228533617373,,,,FOXO3,-0.258505148092882,0.0236771002828433,TRUE,FALSE,FALSE
Rab10,cDC,kidney,23,129,-1.26473208054813,0.318,0.609,0.00966086197977343,0.173895515635922,,,,RAB10,,,FALSE,FALSE,FALSE
Prkag2,cDC,kidney,23,129,-2.08150826859451,0.054,0.217,0.0127384192141269,0.183433236683428,,,,PRKAG2,0.144334536180236,0.179142511226382,FALSE,FALSE,FALSE
Akt3,cDC,kidney,23,129,-1.14657218270163,0.109,0.304,0.0160227260056406,0.192272712067687,,,,AKT3,-0.238769261788149,0.072397760239147,FALSE,FALSE,FALSE
Prkab2,cDC,kidney,23,129,-3.58837219090527,0.047,0.174,0.0219550342731567,0.225823209666755,,,,PRKAB2,-0.164901188264764,0.0594438901536121,FALSE,FALSE,FALSE
Creb1,cDC,kidney,23,129,-1.25704084802009,0.124,0.304,0.0377025207971987,0.339322687174788,,,,CREB1,-0.0788628754166012,0.27343317375151,FALSE,FALSE,FALSE
Ppp2ca,cDC,kidney,23,129,-0.784906562010368,0.442,0.609,0.0445199745069761,0.356159796055809,,,,PPP2CA,,,FALSE,FALSE,FALSE
Cpt1a,cDC,kidney,23,129,-1.32647599233402,0.132,0.304,0.0559412486086871,0.369125714989113,,,,CPT1A,0.227443438987381,0.0910342838314238,FALSE,FALSE,FALSE
Ppp2r5c,cDC,kidney,23,129,1.43093197609499,0.349,0.174,0.0563942064566701,0.369125714989113,,,,PPP2R5C,-0.214695257186268,0.0541914902763123,FALSE,FALSE,FALSE
Creb3,cDC,kidney,23,129,-0.146557597890679,0.078,0.217,0.0646100079221466,0.38766004753288,,,,CREB3,0.303800603180914,0.00138677189848469,TRUE,FALSE,FALSE
Foxo1,cDC,kidney,23,129,3.09849248270308,0.116,0,0.0765222486624459,0.406130734273458,,,,FOXO1,-0.105403033427432,0.24841547187657,FALSE,FALSE,FALSE
Rps6kb1,cDC,kidney,23,129,-1.26804829849483,0.163,0.304,0.0789698649976169,0.406130734273458,,,,RPS6KB1,-0.0150524871094566,0.834304342285709,FALSE,FALSE,FALSE
Akt2,cDC,kidney,23,129,-0.455120981373607,0.14,0.304,0.0992174364690684,0.462131483097385,,,,AKT2,0.272775905162288,0.0322680307039496,TRUE,FALSE,FALSE
Mtor,cDC,kidney,23,129,-2.17698017843623,0.047,0.13,0.104928902615776,0.462131483097385,,,,MTOR,0.0609980192311536,0.346097047602718,FALSE,FALSE,FALSE
Eef2,cDC,kidney,23,129,-0.261471531071104,0.899,0.957,0.109114377953549,0.462131483097385,,,,EEF2,0.448462726762021,0.00104406663485494,TRUE,FALSE,FALSE
Ppp2r5d,cDC,kidney,23,129,-2.44007200382247,0.016,0.087,0.117792706615368,0.467429777571689,,,,PPP2R5D,0.0418634535766595,0.545552937261772,FALSE,FALSE,FALSE
Rab11b,cDC,kidney,23,129,-0.442703908790592,0.248,0.478,0.123349524636974,0.467429777571689,,,,RAB11B,-0.128979335643103,0.0848864845380073,FALSE,FALSE,FALSE
Ppp2cb,cDC,kidney,23,129,1.66232712257127,0.07,0,0.170717725956343,0.568518827457673,,,,PPP2CB,-0.154344495591139,0.139208474399713,FALSE,FALSE,FALSE
Prkag1,cDC,kidney,23,129,-1.51796037269004,0.047,0.13,0.180248351122469,0.568518827457673,,,,PRKAG1,-0.0911617220470691,0.322923558463888,FALSE,FALSE,FALSE
Pik3cd,cDC,kidney,23,129,-0.539924199022653,0.194,0.348,0.192037066594693,0.568518827457673,,,,PIK3CD,0.187312414207718,0.0479971366369964,TRUE,FALSE,FALSE
Prkab1,cDC,kidney,23,129,1.56532900713468,0.07,0,0.195452282616894,0.568518827457673,,,,PRKAB1,0.0903291141903828,0.333050873638677,FALSE,FALSE,FALSE
Pik3r1,cDC,kidney,23,129,-0.712848009262944,0.357,0.478,0.199394820169925,0.568518827457673,,,,PIK3R1,-0.146984642979826,0.44195620227449,FALSE,FALSE,FALSE
Rps6kb2,cDC,kidney,23,129,-1.75741495856862,0.023,0.087,0.20863606591175,0.568518827457673,,,,RPS6KB2,0.257949387042562,0.0194903632172992,TRUE,FALSE,FALSE
Elavl1,cDC,kidney,23,129,-0.695292181802853,0.24,0.348,0.222798395924379,0.568518827457673,,,,ELAVL1,0.00629859637126631,0.929732702059394,FALSE,FALSE,FALSE
Insr,cDC,kidney,23,129,1.09851864386898,0.062,0,0.224078000409539,0.568518827457673,,,,INSR,0.169374111461339,0.175103061199346,FALSE,FALSE,FALSE
Pdpk1,cDC,kidney,23,129,-0.137286062358645,0.124,0.043,0.233962686526793,0.568518827457673,,,,PDPK1,0.153466221786299,0.018028233353959,TRUE,FALSE,FALSE
Sirt1,cDC,kidney,23,129,-1.07012038696357,0.093,0.174,0.237035282029487,0.568518827457673,,,,SIRT1,-0.389065828328134,0.0044363570263749,TRUE,FALSE,FALSE
Pik3cb,cDC,kidney,23,129,0.946417748060058,0.132,0.043,0.240862776829978,0.568518827457673,,,,PIK3CB,-0.0993069744440654,0.160710406845698,FALSE,FALSE,FALSE
Map3k7,cDC,kidney,23,129,-1.29057604956153,0.085,0.174,0.244778939599832,0.568518827457673,,,,MAP3K7,-0.0337117987684358,0.660626089455411,FALSE,FALSE,FALSE
Pfkfb4,cDC,kidney,23,129,0.847368188254396,0.124,0.043,0.271610235098568,0.611123028971778,,,,PFKFB4,0.131856641195354,0.00500148112903384,TRUE,FALSE,FALSE
Creb5,cDC,kidney,23,129,-0.594087435830993,0.124,0.217,0.295728992961242,0.64522689373362,,,,CREB5,-0.0557779584602364,0.459938075024634,FALSE,FALSE,FALSE
Ppp2r5e,cDC,kidney,23,129,-0.94722348960653,0.093,0.174,0.333137102264432,0.682845755011942,,,,PPP2R5E,-0.0251597625886988,0.835509017894403,FALSE,FALSE,FALSE
Rptor,cDC,kidney,23,129,-0.935697502532,0.07,0.13,0.338760212416424,0.682845755011942,,,,RPTOR,,,FALSE,FALSE,FALSE
Adipor2,cDC,kidney,23,129,-0.275190606446305,0.124,0.217,0.341422877505971,0.682845755011942,,,,ADIPOR2,0.0715962771728451,0.531210570140672,FALSE,FALSE,FALSE
Ppp2r1a,cDC,kidney,23,129,0.857709233574174,0.209,0.13,0.355069564994463,0.690946180529766,,,,PPP2R1A,0.348763030574157,0.00116430586290843,TRUE,FALSE,FALSE
Pfkl,cDC,kidney,23,129,-0.0327094571300173,0.109,0.174,0.428023404720357,0.786581640247743,,,,PFKL,0.412788409607824,0.00375888054431156,TRUE,FALSE,FALSE
Ccnd1,cDC,kidney,23,129,0.280787098297317,0.837,0.826,0.430465167299907,0.786581640247743,,,,CCND1,0.8031084765255,0.00074921048132828,TRUE,FALSE,FALSE
Tsc2,cDC,kidney,23,129,-0.417081910558784,0.047,0.087,0.436989800137635,0.786581640247743,,,,TSC2,0.360866737018733,0.0271776682330935,TRUE,FALSE,FALSE
Akt1,cDC,kidney,23,129,0.637009983821917,0.233,0.174,0.452884585625564,0.795309516220502,,,,AKT1,0.387089573539082,0.00343401055010987,TRUE,FALSE,FALSE
Pfkp,cDC,kidney,23,129,-0.347011479755692,0.287,0.348,0.491382008544979,0.821909890838499,,,,PFKP,0.201971206322531,0.00645525341532389,TRUE,FALSE,FALSE
Ppp2r2d,cDC,kidney,23,129,0.392011128822591,0.171,0.261,0.515560484646012,0.821909890838499,,,,PPP2R2D,0.119151396427903,0.165293952164548,FALSE,FALSE,FALSE
Rab2a,cDC,kidney,23,129,0.0574680115939184,0.457,0.435,0.517374881411196,0.821909890838499,,,,RAB2A,0.120861387341921,0.355798580095796,FALSE,FALSE,FALSE
Rab8a,cDC,kidney,23,129,-0.190418659115922,0.302,0.391,0.524711106792501,0.821909890838499,,,,RAB8A,,,FALSE,FALSE,FALSE
Ppp2r3a,cDC,kidney,23,129,-0.873431350646821,0.031,0.087,0.529697512360442,0.821909890838499,,,,PPP2R3A,-0.0812689650985154,0.428087382487469,FALSE,FALSE,FALSE
Mlycd,cDC,kidney,23,129,1.07752634530587,0.07,0.043,0.536524512075131,0.821909890838499,,,,MLYCD,0.272131424826275,0.0291126278511173,TRUE,FALSE,FALSE
Igf1r,cDC,kidney,23,129,0.842242933676811,0.07,0.043,0.56712307283822,0.836632048876103,,,,IGF1R,-0.148765271716842,0.133449327413096,FALSE,FALSE,FALSE
Rab14,cDC,kidney,23,129,0.399321533897422,0.496,0.478,0.576107074263599,0.836632048876103,,,,RAB14,-0.0725879174061108,0.493282542838044,FALSE,FALSE,FALSE
Ppp2r3c,cDC,kidney,23,129,0.768031752797701,0.116,0.087,0.598754936542233,0.836632048876103,,,,PPP2R3C,-0.151989920023,0.276422292168939,FALSE,FALSE,FALSE
G6pc3,cDC,kidney,23,129,0.910413387785224,0.116,0.087,0.5987559796,0.836632048876103,,,,G6PC3,0.0114334505189842,0.862668473837378,FALSE,FALSE,FALSE
Crtc2,cDC,kidney,23,129,-0.0649680427198347,0.054,0.087,0.606320273717055,0.836632048876103,,,,CRTC2,,,FALSE,FALSE,FALSE
Stk11,cDC,kidney,23,129,0.455230732228152,0.171,0.13,0.627082158825994,0.836632048876103,,,,STK11,0.354251480632152,0.0153103974501462,TRUE,FALSE,FALSE
Tbc1d1,cDC,kidney,23,129,0.310750527697044,0.256,0.348,0.630993467028718,0.836632048876103,,,,TBC1D1,0.0427897471858399,0.548382850593194,FALSE,FALSE,FALSE
Adipor1,cDC,kidney,23,129,-0.416685412288065,0.202,0.261,0.65447776802353,0.836632048876103,,,,ADIPOR1,0.0985079852008817,0.299828895869015,FALSE,FALSE,FALSE
Rheb,cDC,kidney,23,129,0.244220312702743,0.395,0.565,0.660515294509093,0.836632048876103,,,,RHEB,0.000762141165105317,0.994533538297037,FALSE,FALSE,FALSE
Lipe,cDC,kidney,23,129,-0.740329914533033,0.062,0.087,0.662333705360248,0.836632048876103,,,,LIPE,0.0340270585471342,0.616554915631368,FALSE,FALSE,FALSE
Pfkfb3,cDC,kidney,23,129,0.883410499959779,0.256,0.261,0.702600022746524,0.857384747091983,,,,PFKFB3,-0.655569796012921,0.000127446028528339,TRUE,FALSE,FALSE
Tsc1,cDC,kidney,23,129,-0.426302155800697,0.054,0.087,0.715179935881143,0.857384747091983,,,,TSC1,-0.202386421851348,0.034493511696181,TRUE,FALSE,FALSE
Irs2,cDC,kidney,23,129,-0.979297612145496,0.116,0.13,0.769362976126345,0.857384747091983,,,,IRS2,-0.584420274513232,0.00290962468594569,TRUE,FALSE,FALSE
Cab39,cDC,kidney,23,129,-0.0283817446758697,0.24,0.304,0.770236865316616,0.857384747091983,,,,CAB39,0.0995298512419271,0.262092054253262,FALSE,FALSE,FALSE
Prkaa1,cDC,kidney,23,129,-0.587465229284072,0.054,0.043,0.772513042146615,0.857384747091983,,,,PRKAA1,-0.0832174939496949,0.203035696208847,FALSE,FALSE,FALSE
Ppp2r2a,cDC,kidney,23,129,0.415030397693073,0.186,0.174,0.787185083440952,0.857384747091983,,,,PPP2R2A,-0.108782601530249,0.158420652705628,FALSE,FALSE,FALSE
Pik3ca,cDC,kidney,23,129,0.550103325435706,0.054,0.043,0.800691709254158,0.857384747091983,,,,PIK3CA,-0.194162266153804,0.025007761246042,TRUE,FALSE,FALSE
Pik3r2,cDC,kidney,23,129,0.69445182726981,0.054,0.043,0.800691709254158,0.857384747091983,,,,PIK3R2,0.268794809673499,0.00604856153799963,TRUE,FALSE,FALSE
Camkk2,cDC,kidney,23,129,-0.259388107839335,0.109,0.13,0.814281387908076,0.857384747091983,,,,CAMKK2,0.506110584900416,0.00844909260690126,TRUE,FALSE,FALSE
Ppp2r5a,cDC,kidney,23,129,-0.0633245545904249,0.256,0.261,0.815787160383572,0.857384747091983,,,,PPP2R5A,-0.262441936043039,0.00882731769154429,TRUE,FALSE,FALSE
Cab39l,cDC,kidney,23,129,0.0706564806974868,0.093,0.087,0.819250111401412,0.857384747091983,,,,CAB39L,0.0137396623132676,0.857025750656643,FALSE,FALSE,FALSE
Pck2,cDC,kidney,23,129,-0.810706130328525,0.078,0.087,0.821660382629817,0.857384747091983,,,,PCK2,0.0144772473306067,0.912081693834765,FALSE,FALSE,FALSE
Fasn,cDC,kidney,23,129,-0.178858524261919,0.109,0.13,0.883444496366014,0.908685767690757,,,,FASN,0.69799363467585,0.0102285985406989,TRUE,FALSE,FALSE
Eif4ebp1,cDC,kidney,23,129,0.303243631953931,0.225,0.261,0.955525383442106,0.968983487434248,,,,EIF4EBP1,0.0754219943218205,0.37388212514371,FALSE,FALSE,FALSE
Srebf1,cDC,kidney,23,129,0.382822059419587,0.085,0.087,0.974631548691536,0.974631548691536,,,,SREBF1,0.435480157850608,0.0261960327030443,TRUE,FALSE,FALSE
