tissue,cell_type,axis,gene1,gene2,n_mice,pseudobulk_r,pseudobulk_p,cells_coexpressing,pct_coexpressing,cell_rho,cell_p,both_concordant
liver,B_cell,AMPK,Ppargc1a,Foxo1,7,0.810626709685122,0.0269902398703414,16,0.22,0.635294117647059,0.00818206461633403,FALSE
liver,B_cell,AMPK,Foxo1,Fbp1,7,-0.737140965143475,0.0587077941100918,13,0.18,0.494505494505495,0.0858235306096076,FALSE
liver,B_cell,AMPK,Camkk2,Fasn,7,0.674775468642798,0.0963224557487705,22,0.3,0.817052512704687,3.47790056712663e-06,FALSE
liver,B_cell,AMPK,Prkaa1,Camkk2,7,-0.673619391309641,0.0971130933857871,4,0.05,,,FALSE
liver,B_cell,AMPK,Prkaa1,Srebf1,7,-0.647796410177651,0.115654439776272,2,0.03,,,FALSE
liver,B_cell,AMPK,Stk11,Fasn,7,0.59839191733399,0.155778152605156,69,0.93,0.733065400073073,7.97516561209424e-13,FALSE
liver,B_cell,AMPK,Camkk2,Srebf1,7,0.588295009666359,0.164718184750818,7,0.09,,,FALSE
liver,B_cell,AMPK,Prkaa1,Sirt1,7,0.565838510410337,0.185484201797652,12,0.16,1,0,FALSE
liver,B_cell,AMPK,Sirt1,Fbp1,7,-0.551126495368376,0.199739833112369,1,0.01,,,FALSE
liver,B_cell,AMPK,Ppargc1a,Fbp1,7,-0.545283540295254,0.205542594356544,0,0,,,FALSE
liver,B_cell,AMPK,Prkaa2,Irs2,7,-0.539323494847989,0.211543516174787,2,0.03,,,FALSE
liver,B_cell,AMPK,Prkaa2,Ppargc1a,7,0.532688141103287,0.218321008400036,0,0,,,FALSE
liver,B_cell,AMPK,Camkk2,Ppargc1a,7,0.512253422544442,0.239825115680207,4,0.05,,,FALSE
liver,B_cell,AMPK,Stk11,Sirt1,7,0.504661564365475,0.248053895239099,168,2.27,0.725719636693945,9.26533454400869e-29,FALSE
liver,B_cell,AMPK,Prkaa1,Stk11,7,0.500866659056289,0.252215195262652,28,0.38,0.889983579638752,2.3432105077952e-10,FALSE
liver,B_cell,AMPK,Sirt1,Irs2,7,0.48412730001983,0.270947972414363,483,6.54,0.311508378876849,2.49886338150546e-12,FALSE
liver,B_cell,AMPK,Prkaa2,Sirt1,7,-0.449519793564965,0.311576627768167,0,0,,,FALSE
liver,B_cell,AMPK,Sirt1,Foxo1,7,0.420852286406413,0.3470920549181,296,4.01,0.550451787630094,7.56559270611831e-25,FALSE
liver,B_cell,AMPK,Stk11,Fbp1,7,0.398850664888795,0.375437310059832,3,0.04,,,FALSE
liver,B_cell,AMPK,Prkaa2,Camkk2,7,0.38712390933853,0.390916096938047,0,0,,,FALSE
liver,B_cell,AMPK,Srebf1,Fasn,7,0.382002929591407,0.397754343759067,2,0.03,,,FALSE
liver,B_cell,AMPK,Stk11,Srebf1,7,-0.372098422100235,0.411113545963794,21,0.28,0.812987012987013,7.48548286699386e-06,FALSE
liver,B_cell,AMPK,Irs2,Srebf1,7,0.368217632616845,0.41639521921356,68,0.92,0.414627629117838,0.000439145045674809,FALSE
liver,B_cell,AMPK,Stk11,Ppargc1a,7,-0.367215799195754,0.417762967251526,4,0.05,,,FALSE
liver,B_cell,AMPK,Prkaa1,Irs2,7,-0.361156040911824,0.426073096246331,62,0.84,0.493691924151998,4.55298533739859e-05,FALSE
liver,B_cell,AMPK,Prkaa2,Srebf1,7,-0.355091924107941,0.434452252930844,0,0,,,FALSE
liver,B_cell,AMPK,Irs2,Fbp1,7,-0.349322167846791,0.442482403214867,12,0.16,0.433566433566434,0.159105769412195,FALSE
liver,B_cell,AMPK,Prkaa2,Foxo1,7,0.326348965469728,0.4749982523316,2,0.03,,,FALSE
liver,B_cell,AMPK,Prkaa2,Fbp1,7,0.324903352787018,0.477072608680311,0,0,,,FALSE
liver,B_cell,AMPK,Foxo1,Srebf1,7,-0.324407111136905,0.477785436519592,57,0.77,0.666256157635468,1.54461525017012e-08,FALSE
liver,B_cell,AMPK,Fbp1,Fasn,7,0.298988695183817,0.514800802222279,0,0,,,FALSE
liver,B_cell,AMPK,Prkaa1,Ppargc1a,7,-0.280431531785805,0.542421428006816,0,0,,,FALSE
liver,B_cell,AMPK,Sirt1,Fasn,7,0.242120059110109,0.60090542326764,42,0.57,0.623693379790941,1.02126925564829e-05,FALSE
liver,B_cell,AMPK,Foxo1,Fasn,7,-0.231049920004483,0.618142844795593,105,1.42,0.54855898818163,1.3782830461342e-09,FALSE
liver,B_cell,AMPK,Camkk2,Irs2,7,0.225036003573961,0.627566390125422,189,2.56,0.326893602915033,4.41142702324469e-06,FALSE
liver,B_cell,AMPK,Sirt1,Srebf1,7,-0.224152691875677,0.628953927259025,15,0.2,0.628571428571429,0.0120795391759058,FALSE
liver,B_cell,AMPK,Prkaa1,Prkaa2,7,-0.17847606525207,0.701812158802781,0,0,,,FALSE
liver,B_cell,AMPK,Camkk2,Sirt1,7,-0.173849228342104,0.709304114121509,54,0.73,0.731656184486373,3.28698486546795e-10,FALSE
liver,B_cell,AMPK,Prkaa1,Fbp1,7,-0.164097555187666,0.725154949914253,1,0.01,,,FALSE
liver,B_cell,AMPK,Stk11,Foxo1,7,-0.157171368756682,0.736460984873371,338,4.58,0.617857165054849,5.77262417947562e-37,FALSE
liver,B_cell,AMPK,Foxo1,Irs2,7,0.155583330335746,0.739058639663502,1121,15.18,0.235749717029665,1.27079134089172e-15,FALSE
liver,B_cell,AMPK,Camkk2,Fbp1,7,0.149028731199631,0.74980108254283,0,0,,,FALSE
liver,B_cell,AMPK,Ppargc1a,Srebf1,7,0.0998808263768225,0.831281570863531,1,0.01,,,FALSE
liver,B_cell,AMPK,Irs2,Fasn,7,0.0991379019868174,0.832524111616791,154,2.09,0.364350573287408,3.39542681300937e-06,FALSE
liver,B_cell,AMPK,Prkaa1,Foxo1,7,0.093670735194467,0.841676340707596,50,0.68,0.686739177609171,3.66356768350344e-08,FALSE
liver,B_cell,AMPK,Camkk2,Foxo1,7,0.089529348343007,0.848618661828639,116,1.57,0.65245838619152,2.10812713079308e-15,FALSE
liver,B_cell,AMPK,Fbp1,Srebf1,7,-0.0618880876234243,0.895136609263122,1,0.01,,,FALSE
liver,B_cell,AMPK,Prkaa1,Fasn,7,-0.0573552029180369,0.902790858167348,7,0.09,,,FALSE
liver,B_cell,AMPK,Prkaa2,Stk11,7,0.0529733948126495,0.910195699253158,1,0.01,,,FALSE
liver,B_cell,AMPK,Stk11,Camkk2,7,0.047323142875311,0.919751665213198,72,0.97,0.772939946941072,1.79860067772151e-15,FALSE
liver,B_cell,AMPK,Prkaa2,Fasn,7,0.038144482574528,0.935291014981893,0,0,,,FALSE
liver,B_cell,AMPK,Ppargc1a,Irs2,7,-0.0356777375588964,0.939470132995546,22,0.3,0.594579333709769,0.00351847662865536,FALSE
liver,B_cell,AMPK,Stk11,Irs2,7,0.0249068817063942,0.957729878407553,582,7.88,0.302370935974892,9.04817034939759e-14,FALSE
liver,B_cell,AMPK,Ppargc1a,Fasn,7,0.0113124436940287,0.980796627917636,2,0.03,,,FALSE
liver,B_cell,AMPK,Sirt1,Ppargc1a,7,0.00594628990685714,0.989905443193887,6,0.08,,,FALSE
liver,B_cell,AMPK,Prkaa1,Igf1,7,,,0,0,,,FALSE
liver,B_cell,AMPK,Prkaa1,Ccnd1,7,,,0,0,,,FALSE
liver,B_cell,AMPK,Prkaa2,Igf1,7,,,0,0,,,FALSE
liver,B_cell,AMPK,Prkaa2,Ccnd1,7,,,0,0,,,FALSE
liver,B_cell,AMPK,Stk11,Igf1,7,,,0,0,,,FALSE
liver,B_cell,AMPK,Stk11,Ccnd1,7,,,0,0,,,FALSE
liver,B_cell,AMPK,Camkk2,Igf1,7,,,0,0,,,FALSE
liver,B_cell,AMPK,Camkk2,Ccnd1,7,,,0,0,,,FALSE
liver,B_cell,AMPK,Sirt1,Igf1,7,,,0,0,,,FALSE
liver,B_cell,AMPK,Sirt1,Ccnd1,7,,,0,0,,,FALSE
liver,B_cell,AMPK,Ppargc1a,Igf1,7,,,0,0,,,FALSE
liver,B_cell,AMPK,Ppargc1a,Ccnd1,7,,,0,0,,,FALSE
liver,B_cell,AMPK,Foxo1,Igf1,7,,,0,0,,,FALSE
liver,B_cell,AMPK,Foxo1,Ccnd1,7,,,0,0,,,FALSE
liver,B_cell,AMPK,Irs2,Igf1,7,,,0,0,,,FALSE
liver,B_cell,AMPK,Irs2,Ccnd1,7,,,0,0,,,FALSE
liver,B_cell,AMPK,Igf1,Fbp1,7,,,0,0,,,FALSE
liver,B_cell,AMPK,Igf1,Srebf1,7,,,0,0,,,FALSE
liver,B_cell,AMPK,Igf1,Fasn,7,,,0,0,,,FALSE
liver,B_cell,AMPK,Igf1,Ccnd1,7,,,0,0,,,FALSE
liver,B_cell,AMPK,Fbp1,Ccnd1,7,,,0,0,,,FALSE
liver,B_cell,AMPK,Srebf1,Ccnd1,7,,,0,0,,,FALSE
liver,B_cell,AMPK,Fasn,Ccnd1,7,,,0,0,,,FALSE
liver,Cholangiocyte,AMPK,Ppargc1a,Fbp1,7,0.79629868242694,0.0321234532653123,8,1.26,,,FALSE
liver,Cholangiocyte,AMPK,Igf1,Fasn,7,0.787074637460903,0.0356941041329334,51,8.02,0.261176470588235,0.0641395707028207,FALSE
liver,Cholangiocyte,AMPK,Stk11,Fasn,7,-0.75792263979292,0.0483684920586776,61,9.59,0.369011105235325,0.00342811410193874,FALSE
liver,Cholangiocyte,AMPK,Prkaa1,Fbp1,7,0.749591730998981,0.0523821793564185,4,0.63,,,FALSE
liver,Cholangiocyte,AMPK,Stk11,Ppargc1a,7,0.739819206963725,0.0573139617577471,51,8.02,0.522171945701357,8.49057058094151e-05,FALSE
liver,Cholangiocyte,AMPK,Prkaa2,Fasn,7,-0.732278538038669,0.0612848545291702,24,3.77,0.879130434782609,1.56883587118814e-08,FALSE
liver,Cholangiocyte,AMPK,Irs2,Srebf1,7,0.724214181862982,0.0656913269761575,30,4.72,0.404226918798665,0.0267268691213901,FALSE
liver,Cholangiocyte,AMPK,Camkk2,Fbp1,7,-0.716698244487275,0.0699470437343404,5,0.79,,,FALSE
liver,Cholangiocyte,AMPK,Sirt1,Ccnd1,7,-0.678469001975413,0.0938191797831233,72,11.32,0.209595472377645,0.0772223937951335,FALSE
liver,Cholangiocyte,AMPK,Foxo1,Igf1,7,0.676357439675015,0.0952460439313743,36,5.66,0.476962676962677,0.00326957642010976,FALSE
liver,Cholangiocyte,AMPK,Irs2,Fbp1,7,0.669452985767037,0.0999905915567004,6,0.94,,,FALSE
liver,Cholangiocyte,AMPK,Prkaa2,Igf1,7,-0.666604056823685,0.10198349696639,32,5.03,0.454178885630499,0.00902251215833475,FALSE
liver,Cholangiocyte,AMPK,Camkk2,Ppargc1a,7,-0.665917262360711,0.102467002164133,12,1.89,0.923076923076923,1.86219510986808e-05,FALSE
liver,Cholangiocyte,AMPK,Prkaa1,Prkaa2,7,0.649457897058085,0.114410837040465,7,1.1,,,FALSE
liver,Cholangiocyte,AMPK,Prkaa1,Ppargc1a,7,0.624161894203641,0.134093350816201,16,2.52,0.844117647058823,3.93024273739987e-05,FALSE
liver,Cholangiocyte,AMPK,Foxo1,Irs2,7,0.610659609125058,0.145251177671019,25,3.93,0.425384615384615,0.034013001096716,FALSE
liver,Cholangiocyte,AMPK,Foxo1,Ccnd1,7,-0.595589071426076,0.158234977550905,68,10.69,-0.0708478070008016,0.565888813807037,FALSE
liver,Cholangiocyte,AMPK,Ppargc1a,Fasn,7,-0.57314695770223,0.178593214717193,26,4.09,0.602735042735043,0.00111888841800246,FALSE
liver,Cholangiocyte,AMPK,Prkaa1,Irs2,7,0.530122894854822,0.220968342057764,13,2.04,0.824175824175824,0.000530222837597356,FALSE
liver,Cholangiocyte,AMPK,Prkaa1,Srebf1,7,0.517185893274613,0.234547962944701,20,3.14,0.708270676691729,0.000474615108251692,FALSE
liver,Cholangiocyte,AMPK,Prkaa1,Fasn,7,-0.515539075837873,0.236303777735831,12,1.89,0.125874125874126,0.696683109395766,FALSE
liver,Cholangiocyte,AMPK,Foxo1,Fasn,7,0.508588860593416,0.243781070760451,25,3.93,0.232307692307692,0.263804004977712,FALSE
liver,Cholangiocyte,AMPK,Prkaa1,Sirt1,7,-0.508133957378724,0.244274238793634,10,1.57,0.660606060606061,0.0375883775714093,FALSE
liver,Cholangiocyte,AMPK,Fbp1,Srebf1,7,0.507086250388263,0.245411829151645,7,1.1,,,FALSE
liver,Cholangiocyte,AMPK,Prkaa2,Sirt1,7,-0.493749940045398,0.260104625528663,14,2.2,0.617582417582418,0.0186046742807084,FALSE
liver,Cholangiocyte,AMPK,Foxo1,Fbp1,7,0.476902655009095,0.279220563231684,6,0.94,,,FALSE
liver,Cholangiocyte,AMPK,Igf1,Ccnd1,7,-0.447638621769858,0.313856524687291,163,25.63,0.00275159193309725,0.972191630096253,FALSE
liver,Cholangiocyte,AMPK,Stk11,Sirt1,7,0.443162014410156,0.319310943496171,53,8.33,0.394049346879535,0.0035065199147536,FALSE
liver,Cholangiocyte,AMPK,Stk11,Foxo1,7,-0.44027136293771,0.322854554300177,48,7.55,0.477203647416413,0.000604764920579841,FALSE
liver,Cholangiocyte,AMPK,Fbp1,Ccnd1,7,-0.435220947657936,0.329086111872505,22,3.46,-0.167701863354037,0.455677001808013,FALSE
liver,Cholangiocyte,AMPK,Prkaa1,Igf1,7,-0.434587990562508,0.32987069759116,21,3.3,0.205194805194805,0.372237363854327,FALSE
liver,Cholangiocyte,AMPK,Prkaa1,Camkk2,7,-0.409263204826075,0.361907736521883,5,0.79,,,FALSE
liver,Cholangiocyte,AMPK,Camkk2,Fasn,7,0.405129080745472,0.36725497996539,13,2.04,0.82967032967033,0.000450286295546212,FALSE
liver,Cholangiocyte,AMPK,Prkaa2,Foxo1,7,-0.399195612593801,0.374985842986284,11,1.73,0.990909090909091,3.76257180708543e-09,FALSE
liver,Cholangiocyte,AMPK,Prkaa2,Ccnd1,7,0.392532905123511,0.383745031026642,66,10.38,0.185179000104373,0.136602008711513,FALSE
liver,Cholangiocyte,AMPK,Prkaa2,Stk11,7,0.384453213142114,0.394476468114398,39,6.13,0.301417004048583,0.0622183662545117,FALSE
liver,Cholangiocyte,AMPK,Camkk2,Ccnd1,7,0.381049535471417,0.399032670593724,39,6.13,0.0799595141700405,0.628473498150662,FALSE
liver,Cholangiocyte,AMPK,Irs2,Igf1,7,0.376731051855371,0.404843340352067,47,7.39,0.229185938945421,0.121233360062147,FALSE
liver,Cholangiocyte,AMPK,Prkaa2,Ppargc1a,7,0.366354921707022,0.418939670806661,26,4.09,0.755213675213675,8.21883869750665e-06,FALSE
liver,Cholangiocyte,AMPK,Ppargc1a,Srebf1,7,0.35777663220381,0.430734906506847,39,6.13,0.644331983805668,9.58078884035733e-06,FALSE
liver,Cholangiocyte,AMPK,Sirt1,Srebf1,7,-0.356275649190819,0.432811716707434,25,3.93,0.484615384615385,0.0140854512197193,FALSE
liver,Cholangiocyte,AMPK,Camkk2,Sirt1,7,-0.354249207449081,0.43562162616724,11,1.73,0.718181818181818,0.0127995980688584,FALSE
liver,Cholangiocyte,AMPK,Stk11,Fbp1,7,0.346481515674826,0.446456361876351,11,1.73,-0.118181818181818,0.72928477951978,FALSE
liver,Cholangiocyte,AMPK,Prkaa2,Srebf1,7,0.323314572474296,0.479356172685984,20,3.14,0.739849624060151,0.000192410327205573,FALSE
liver,Cholangiocyte,AMPK,Camkk2,Foxo1,7,-0.31687490863995,0.488652043556902,16,2.52,0.897058823529412,2.49237596588585e-06,FALSE
liver,Cholangiocyte,AMPK,Irs2,Ccnd1,7,-0.314219206230313,0.49250419061612,81,12.74,0.0354787714543812,0.753183085546072,FALSE
liver,Cholangiocyte,AMPK,Sirt1,Igf1,7,0.303572205992241,0.508054641469349,35,5.5,0.525770308123249,0.00117998085362266,FALSE
liver,Cholangiocyte,AMPK,Fbp1,Fasn,7,-0.30235719465468,0.509839937503027,3,0.47,,,FALSE
liver,Cholangiocyte,AMPK,Stk11,Ccnd1,7,-0.298582802400715,0.515399685999176,178,27.99,0.0503847371207464,0.504194437409501,FALSE
liver,Cholangiocyte,AMPK,Stk11,Igf1,7,-0.298395199183567,0.515676570263577,81,12.74,0.498848238482385,2.13830981533971e-06,FALSE
liver,Cholangiocyte,AMPK,Stk11,Srebf1,7,0.295632169372969,0.51976043321415,65,10.22,0.495017482517483,2.76602714542099e-05,FALSE
liver,Cholangiocyte,AMPK,Sirt1,Irs2,7,-0.279783444715112,0.543394742815902,26,4.09,0.165128205128205,0.420163032680808,FALSE
liver,Cholangiocyte,AMPK,Sirt1,Ppargc1a,7,0.270274733185779,0.557740605290476,21,3.3,0.425974025974026,0.0541785423399237,FALSE
liver,Cholangiocyte,AMPK,Prkaa1,Stk11,7,0.26560082360188,0.564836332144982,25,3.93,0.755384615384615,1.2698733030245e-05,FALSE
liver,Cholangiocyte,AMPK,Ppargc1a,Irs2,7,0.262117145389812,0.570143657188431,35,5.5,0.401960784313726,0.0166836381819784,FALSE
liver,Cholangiocyte,AMPK,Foxo1,Srebf1,7,0.256051965495483,0.579421048433912,26,4.09,0.690940170940171,9.31413109786824e-05,FALSE
liver,Cholangiocyte,AMPK,Stk11,Camkk2,7,-0.252837529178482,0.584356764639171,22,3.46,0.690570299265951,0.000374218816497912,FALSE
liver,Cholangiocyte,AMPK,Igf1,Srebf1,7,0.250796419154022,0.587497548687572,61,9.59,0.586620835536753,6.75904146885958e-07,FALSE
liver,Cholangiocyte,AMPK,Irs2,Fasn,7,0.243434872456387,0.598867732794252,19,2.99,0.164912280701754,0.49988058994796,FALSE
liver,Cholangiocyte,AMPK,Ppargc1a,Ccnd1,7,-0.229723850019619,0.620217215807797,88,13.84,-0.138406537282942,0.198441901596205,TRUE
liver,Cholangiocyte,AMPK,Prkaa2,Fbp1,7,0.218001502719561,0.638640323433101,5,0.79,,,FALSE
liver,Cholangiocyte,AMPK,Prkaa2,Camkk2,7,-0.189732251852948,0.683666605794414,4,0.63,,,FALSE
liver,Cholangiocyte,AMPK,Srebf1,Ccnd1,7,-0.156403657234935,0.737716531407949,109,17.14,0.187804652024836,0.050515733634431,FALSE
liver,Cholangiocyte,AMPK,Prkaa1,Ccnd1,7,0.156243418882304,0.737978650269892,48,7.55,0.101606600086843,0.491971268029678,FALSE
liver,Cholangiocyte,AMPK,Camkk2,Srebf1,7,0.153188863943442,0.742979145398997,13,2.04,0.703296703296703,0.00731856984210432,FALSE
liver,Cholangiocyte,AMPK,Prkaa2,Irs2,7,-0.14901175053681,0.749828954910227,23,3.62,0.517786561264822,0.0113843413553999,FALSE
liver,Cholangiocyte,AMPK,Ppargc1a,Igf1,7,-0.123595637207424,0.791776462231858,54,8.49,0.619134743663046,6.01667728429689e-07,FALSE
liver,Cholangiocyte,AMPK,Camkk2,Igf1,7,0.0873504186802006,0.852274411522533,19,2.99,0.478947368421053,0.0380171376997969,FALSE
liver,Cholangiocyte,AMPK,Igf1,Fbp1,7,0.0860097321515104,0.854524828304274,14,2.2,0.248351648351648,0.391919538938457,FALSE
liver,Cholangiocyte,AMPK,Sirt1,Fasn,7,-0.0756952801578334,0.871863535029216,28,4.4,0.631636562671045,0.000312266635405391,FALSE
liver,Cholangiocyte,AMPK,Stk11,Irs2,7,-0.0670988358496026,0.886345732157398,40,6.29,0.224202626641651,0.164287142095876,FALSE
liver,Cholangiocyte,AMPK,Ppargc1a,Foxo1,7,-0.066815698839368,0.88682317164282,23,3.62,0.49604743083004,0.0160700805749784,FALSE
liver,Cholangiocyte,AMPK,Sirt1,Fbp1,7,0.0458223177571232,0.92229125924795,4,0.63,,,FALSE
liver,Cholangiocyte,AMPK,Srebf1,Fasn,7,-0.0441707723529525,0.925086498079841,31,4.87,0.606451612903226,0.000298678931517246,FALSE
liver,Cholangiocyte,AMPK,Sirt1,Foxo1,7,0.0436401305869534,0.925984739920373,23,3.62,0.625494071146245,0.00141347916546594,FALSE
liver,Cholangiocyte,AMPK,Prkaa1,Foxo1,7,0.0359350114651452,0.93903421093755,10,1.57,0.187878787878788,0.603217610029209,FALSE
liver,Cholangiocyte,AMPK,Camkk2,Irs2,7,-0.0304340341122229,0.948357503197663,12,1.89,0.223776223776224,0.484451661455399,FALSE
liver,Cholangiocyte,AMPK,Fasn,Ccnd1,7,0.0211349106954973,0.964128274161133,111,17.45,0.101930501930502,0.287091691605489,FALSE
liver,HSC_Fibroblast,AMPK,Camkk2,Sirt1,7,-0.845115576086714,0.0166514732298463,42,2.08,0.529859816870594,0.000307735131490962,FALSE
liver,HSC_Fibroblast,AMPK,Igf1,Fbp1,7,0.778775422343351,0.0390864940610415,1,0.05,,,FALSE
liver,HSC_Fibroblast,AMPK,Prkaa2,Ppargc1a,7,-0.777293597098124,0.0397102065962012,0,0,,,FALSE
liver,HSC_Fibroblast,AMPK,Prkaa1,Stk11,7,-0.759598855914116,0.0475820601909368,26,1.28,0.730598290598291,2.25522337264928e-05,FALSE
liver,HSC_Fibroblast,AMPK,Foxo1,Irs2,7,0.744274308449071,0.0550356760010748,175,8.65,0.319405865882071,1.64391392416284e-05,FALSE
liver,HSC_Fibroblast,AMPK,Igf1,Ccnd1,7,-0.69377357591208,0.0838158760800918,168,8.3,0.411976554076969,2.88370702756479e-08,FALSE
liver,HSC_Fibroblast,AMPK,Sirt1,Fbp1,7,-0.683148583128086,0.0906973488237342,1,0.05,,,FALSE
liver,HSC_Fibroblast,AMPK,Prkaa2,Sirt1,7,0.643151664516696,0.119167768917981,5,0.25,,,FALSE
liver,HSC_Fibroblast,AMPK,Irs2,Igf1,7,0.638743631590623,0.122552092620323,294,14.53,0.255634089724024,9.05857289790746e-06,FALSE
liver,HSC_Fibroblast,AMPK,Prkaa2,Fasn,7,0.596535608564496,0.157403151009578,8,0.4,,,FALSE
liver,HSC_Fibroblast,AMPK,Ppargc1a,Igf1,7,-0.594196964169671,0.159462341624381,3,0.15,,,FALSE
liver,HSC_Fibroblast,AMPK,Stk11,Camkk2,7,0.586526200366935,0.166309809753257,45,2.22,0.730698287220026,1.20997417146028e-08,FALSE
liver,HSC_Fibroblast,AMPK,Irs2,Fbp1,7,0.579363851313727,0.172831962976174,2,0.1,,,FALSE
liver,HSC_Fibroblast,AMPK,Irs2,Fasn,7,-0.569430871073215,0.182081124567378,82,4.05,0.322777956154343,0.00310038780951497,FALSE
liver,HSC_Fibroblast,AMPK,Prkaa1,Srebf1,7,-0.549943798973421,0.200907954818808,8,0.4,,,FALSE
liver,HSC_Fibroblast,AMPK,Sirt1,Srebf1,7,0.541948635562717,0.208890214899405,37,1.83,0.589615931721195,0.000122977316319598,FALSE
liver,HSC_Fibroblast,AMPK,Camkk2,Ccnd1,7,0.535285342421653,0.215656089603584,61,3.01,0.592702273929138,4.84071492603369e-07,FALSE
liver,HSC_Fibroblast,AMPK,Fbp1,Srebf1,7,-0.468238348612261,0.289288481627034,0,0,,,FALSE
liver,HSC_Fibroblast,AMPK,Stk11,Srebf1,7,0.464561744117476,0.293608618088558,37,1.83,0.485775248933144,0.00230415002824652,FALSE
liver,HSC_Fibroblast,AMPK,Fbp1,Ccnd1,7,-0.457336869379814,0.302180450727178,1,0.05,,,FALSE
liver,HSC_Fibroblast,AMPK,Irs2,Ccnd1,7,-0.455499208801256,0.304378010070565,183,9.04,0.322485960226516,8.50166570408482e-06,FALSE
liver,HSC_Fibroblast,AMPK,Fbp1,Fasn,7,-0.454743881314233,0.305283289133082,0,0,,,FALSE
liver,HSC_Fibroblast,AMPK,Fasn,Ccnd1,7,0.447456419277881,0.314077729617029,48,2.37,0.616369952236214,3.09786631340955e-06,FALSE
liver,HSC_Fibroblast,AMPK,Foxo1,Igf1,7,0.446410313991595,0.315349073919409,168,8.3,0.273081651415093,0.000341713675486448,FALSE
liver,HSC_Fibroblast,AMPK,Prkaa2,Camkk2,7,-0.424274757736,0.342766399765043,3,0.15,,,FALSE
liver,HSC_Fibroblast,AMPK,Prkaa1,Fasn,7,0.401152129987574,0.372429357146372,10,0.49,0.842424242424242,0.00222003122591684,FALSE
liver,HSC_Fibroblast,AMPK,Stk11,Igf1,7,-0.396212023033867,0.378898081827177,153,7.56,0.306714569440562,0.000115210391623232,FALSE
liver,HSC_Fibroblast,AMPK,Camkk2,Fbp1,7,0.3811742469596,0.398865362550324,1,0.05,,,FALSE
liver,HSC_Fibroblast,AMPK,Sirt1,Fasn,7,0.380059047150139,0.400362461231602,39,1.93,0.69412955465587,9.55301741779246e-07,FALSE
liver,HSC_Fibroblast,AMPK,Camkk2,Foxo1,7,-0.371275372283167,0.412231493960819,50,2.47,0.499255702280912,0.00022355128000494,FALSE
liver,HSC_Fibroblast,AMPK,Camkk2,Srebf1,7,-0.370461609849022,0.413337996218344,28,1.38,0.610290093048714,0.000563536883158301,FALSE
liver,HSC_Fibroblast,AMPK,Stk11,Foxo1,7,-0.364675425356294,0.421239017329957,93,4.59,0.539088203039323,2.47696690077722e-08,FALSE
liver,HSC_Fibroblast,AMPK,Irs2,Srebf1,7,-0.361724456963047,0.425290900658924,73,3.61,0.206528446254474,0.0795887392129496,FALSE
liver,HSC_Fibroblast,AMPK,Foxo1,Srebf1,7,-0.360434437794948,0.427066890316806,38,1.88,0.547434073749863,0.00037506935780862,FALSE
liver,HSC_Fibroblast,AMPK,Ppargc1a,Ccnd1,7,0.333677939570149,0.464532454423595,1,0.05,,,FALSE
liver,HSC_Fibroblast,AMPK,Camkk2,Ppargc1a,7,0.328803421270743,0.471483800835018,1,0.05,,,FALSE
liver,HSC_Fibroblast,AMPK,Srebf1,Ccnd1,7,-0.325887722521349,0.475659748692048,54,2.67,0.389365351629503,0.00361327755040678,FALSE
liver,HSC_Fibroblast,AMPK,Ppargc1a,Fasn,7,-0.31995087777298,0.484203790015076,1,0.05,,,FALSE
liver,HSC_Fibroblast,AMPK,Sirt1,Foxo1,7,0.319347502845772,0.485075201335632,89,4.4,0.460139854191494,5.71256891041768e-06,FALSE
liver,HSC_Fibroblast,AMPK,Prkaa2,Foxo1,7,0.317957403569924,0.487084956411679,14,0.69,0.705494505494506,0.00481955797904852,FALSE
liver,HSC_Fibroblast,AMPK,Igf1,Srebf1,7,-0.31029463908893,0.498216443720836,65,3.21,0.21958041958042,0.078835626015606,FALSE
liver,HSC_Fibroblast,AMPK,Sirt1,Ppargc1a,7,-0.293032191195351,0.523613329221237,1,0.05,,,FALSE
liver,HSC_Fibroblast,AMPK,Stk11,Ccnd1,7,0.286648905433914,0.533113442735107,115,5.68,0.403819939675566,7.63060672852569e-06,FALSE
liver,HSC_Fibroblast,AMPK,Prkaa2,Igf1,7,0.281377125662256,0.541002342679009,17,0.84,0.166666666666667,0.522603153588037,FALSE
liver,HSC_Fibroblast,AMPK,Prkaa1,Ppargc1a,7,0.268137170077521,0.560982196207347,0,0,,,FALSE
liver,HSC_Fibroblast,AMPK,Ppargc1a,Foxo1,7,-0.261424704448255,0.571200448076252,0,0,,,FALSE
liver,HSC_Fibroblast,AMPK,Stk11,Fasn,7,-0.261019517324419,0.571819123236415,50,2.47,0.746362545018007,4.91805147691092e-10,FALSE
liver,HSC_Fibroblast,AMPK,Igf1,Fasn,7,-0.258028096054849,0.576393186538393,81,4,0.375736087043517,0.000546952552904403,FALSE
liver,HSC_Fibroblast,AMPK,Prkaa2,Srebf1,7,0.239439545492103,0.605066063721379,2,0.1,,,FALSE
liver,HSC_Fibroblast,AMPK,Sirt1,Ccnd1,7,-0.227426603917859,0.623815530117156,91,4.5,0.310989010989011,0.00269616211401328,FALSE
liver,HSC_Fibroblast,AMPK,Stk11,Sirt1,7,-0.21539898883483,0.642750958499476,82,4.05,0.557427542146908,5.33923223385918e-08,FALSE
liver,HSC_Fibroblast,AMPK,Prkaa2,Ccnd1,7,-0.212538017225897,0.647278193221368,11,0.54,-0.0909090909090909,0.790372737753291,FALSE
liver,HSC_Fibroblast,AMPK,Prkaa2,Fbp1,7,-0.201691158337284,0.664520082829793,0,0,,,FALSE
liver,HSC_Fibroblast,AMPK,Stk11,Irs2,7,-0.191000834149309,0.681628995378944,161,7.95,0.313917109262773,5.01097717311671e-05,FALSE
liver,HSC_Fibroblast,AMPK,Stk11,Ppargc1a,7,0.186381009250209,0.689056725842088,0,0,,,FALSE
liver,HSC_Fibroblast,AMPK,Prkaa1,Prkaa2,7,-0.177180789064497,0.703907611582592,4,0.2,,,FALSE
liver,HSC_Fibroblast,AMPK,Sirt1,Igf1,7,-0.165671728480902,0.722590788586106,146,7.21,0.28377330988901,0.000518508356454079,FALSE
liver,HSC_Fibroblast,AMPK,Srebf1,Fasn,7,-0.161146015883529,0.729968185571789,19,0.94,0.636842105263158,0.00336607019992448,FALSE
liver,HSC_Fibroblast,AMPK,Camkk2,Igf1,7,-0.160903703773355,0.730363652243346,97,4.79,0.377353776562171,0.000138857371948714,FALSE
liver,HSC_Fibroblast,AMPK,Foxo1,Ccnd1,7,-0.152967927531672,0.743341112599565,103,5.09,0.224113693274173,0.022859341754243,FALSE
liver,HSC_Fibroblast,AMPK,Prkaa1,Camkk2,7,-0.146666347458032,0.753680810393473,18,0.89,0.624355005159959,0.00561127262989208,FALSE
liver,HSC_Fibroblast,AMPK,Sirt1,Irs2,7,-0.13681517187614,0.76990304354528,162,8,0.284178370593325,0.000247489210487703,FALSE
liver,HSC_Fibroblast,AMPK,Camkk2,Fasn,7,-0.131400842142324,0.778847813501007,24,1.19,0.821739130434782,8.50528848056272e-07,FALSE
liver,HSC_Fibroblast,AMPK,Stk11,Fbp1,7,-0.116266331593398,0.803951512350894,1,0.05,,,FALSE
liver,HSC_Fibroblast,AMPK,Prkaa1,Fbp1,7,0.114894682660217,0.806233590737476,0,0,,,FALSE
liver,HSC_Fibroblast,AMPK,Ppargc1a,Fbp1,7,-0.106664691564167,0.819948738797911,0,0,,,FALSE
liver,HSC_Fibroblast,AMPK,Prkaa2,Irs2,7,-0.0959354467655185,0.837883364734424,17,0.84,0.485294117647059,0.0483081942842584,FALSE
liver,HSC_Fibroblast,AMPK,Ppargc1a,Srebf1,7,-0.0928381171021415,0.843071438637084,2,0.1,,,FALSE
liver,HSC_Fibroblast,AMPK,Prkaa1,Irs2,7,-0.0866967667420176,0.853371503837133,43,2.12,0.166565992147388,0.285727815768306,FALSE
liver,HSC_Fibroblast,AMPK,Prkaa1,Foxo1,7,-0.0792043135566132,0.865959943957335,26,1.28,0.591111111111111,0.00147297405895395,FALSE
liver,HSC_Fibroblast,AMPK,Prkaa2,Stk11,7,-0.0785599527579287,0.867043650648652,7,0.35,,,FALSE
liver,HSC_Fibroblast,AMPK,Prkaa1,Sirt1,7,-0.0735179439219908,0.875529074910215,30,1.48,0.723248053392659,6.3235585567085e-06,FALSE
liver,HSC_Fibroblast,AMPK,Camkk2,Irs2,7,-0.0697008420520767,0.881959396438414,95,4.69,0.278079507278835,0.00636151840994249,FALSE
liver,HSC_Fibroblast,AMPK,Foxo1,Fbp1,7,0.064166989864285,0.891290857197843,0,0,,,FALSE
liver,HSC_Fibroblast,AMPK,Prkaa1,Ccnd1,7,0.0513638328910129,0.912917028231074,31,1.53,0.645161290322581,8.91033946595087e-05,FALSE
liver,HSC_Fibroblast,AMPK,Ppargc1a,Irs2,7,0.0396894912139322,0.932674084048643,5,0.25,,,FALSE
liver,HSC_Fibroblast,AMPK,Foxo1,Fasn,7,-0.0392379570446347,0.93343884222344,46,2.27,0.466913351834721,0.00107115488029859,FALSE
liver,HSC_Fibroblast,AMPK,Prkaa1,Igf1,7,0.00903756106344917,0.984657986388057,51,2.52,0.34524886877828,0.0130917570603034,FALSE
liver,LSEC,AMPK,Prkaa1,Foxo1,7,0.900482635544612,0.00568389013680119,17,2.28,0.985294117647059,6.34161504347193e-13,FALSE
liver,LSEC,AMPK,Irs2,Ccnd1,7,0.892554765325276,0.00685416455188757,1,0.13,,,FALSE
liver,LSEC,AMPK,Sirt1,Igf1,7,0.864707448246402,0.0120064071161527,0,0,,,FALSE
liver,LSEC,AMPK,Prkaa1,Srebf1,7,0.817459310046483,0.0247175914651509,2,0.27,,,FALSE
liver,LSEC,AMPK,Irs2,Srebf1,7,0.795864652725461,0.0322867741983471,0,0,,,FALSE
liver,LSEC,AMPK,Srebf1,Ccnd1,7,0.75842791732845,0.0481306858687113,13,1.74,0.692307692307692,0.00873031779674932,FALSE
liver,LSEC,AMPK,Prkaa1,Irs2,7,0.728526846708179,0.0633142668347888,0,0,,,FALSE
liver,LSEC,AMPK,Ppargc1a,Srebf1,7,-0.670766454891949,0.0990787057071026,0,0,,,FALSE
liver,LSEC,AMPK,Prkaa1,Ccnd1,7,0.66945052799287,0.0999923019812467,17,2.28,0.546568627450981,0.0231938433767333,FALSE
liver,LSEC,AMPK,Camkk2,Irs2,7,-0.660017282391082,0.106669740302151,0,0,,,FALSE
liver,LSEC,AMPK,Camkk2,Ccnd1,7,-0.638580043586923,0.122678625987159,19,2.55,0.126315789473684,0.606350247289675,FALSE
liver,LSEC,AMPK,Foxo1,Srebf1,7,0.619677291915876,0.137749234501126,10,1.34,0.890909090909091,0.000542144224833869,FALSE
liver,LSEC,AMPK,Stk11,Fasn,7,0.590316480816064,0.162908489840443,1,0.13,,,FALSE
liver,LSEC,AMPK,Sirt1,Fasn,7,0.578389457998348,0.173728812112013,0,0,,,FALSE
liver,LSEC,AMPK,Prkaa1,Ppargc1a,7,-0.5622671676809,0.188897763484985,1,0.13,,,FALSE
liver,LSEC,AMPK,Ppargc1a,Ccnd1,7,-0.547294385015195,0.203536588433384,2,0.27,,,FALSE
liver,LSEC,AMPK,Igf1,Fasn,7,0.542861628383902,0.207971172409174,0,0,,,FALSE
liver,LSEC,AMPK,Prkaa2,Ppargc1a,7,0.51185273954167,0.240256196989972,0,0,,,FALSE
liver,LSEC,AMPK,Foxo1,Irs2,7,0.508067304372309,0.244346537159143,0,0,,,FALSE
liver,LSEC,AMPK,Prkaa1,Camkk2,7,-0.478604791327628,0.277261451649391,4,0.54,,,FALSE
liver,LSEC,AMPK,Ppargc1a,Fasn,7,0.470372677174038,0.286793628806622,0,0,,,FALSE
liver,LSEC,AMPK,Prkaa2,Foxo1,7,0.462510027045692,0.296031778659573,0,0,,,FALSE
liver,LSEC,AMPK,Camkk2,Sirt1,7,0.462146101803759,0.296462507848335,4,0.54,,,FALSE
liver,LSEC,AMPK,Srebf1,Fasn,7,-0.449444193107479,0.311668112750474,0,0,,,FALSE
liver,LSEC,AMPK,Camkk2,Foxo1,7,-0.445128167019537,0.316910318670807,16,2.15,0.547058823529412,0.0283010872421088,FALSE
liver,LSEC,AMPK,Ppargc1a,Igf1,7,0.440559195117961,0.322500949176366,0,0,,,FALSE
liver,LSEC,AMPK,Foxo1,Ccnd1,7,0.44042635165658,0.322664128156183,35,4.7,0.371988795518207,0.0277760661061875,FALSE
liver,LSEC,AMPK,Stk11,Irs2,7,-0.406822005163641,0.365061369986149,0,0,,,FALSE
liver,LSEC,AMPK,Fasn,Ccnd1,7,-0.3986606496248,0.375686096457269,2,0.27,,,FALSE
liver,LSEC,AMPK,Prkaa2,Stk11,7,0.395937616914266,0.379258727222094,0,0,,,FALSE
liver,LSEC,AMPK,Ppargc1a,Irs2,7,-0.393095302609701,0.383002500255518,0,0,,,FALSE
liver,LSEC,AMPK,Ppargc1a,Foxo1,7,-0.382748737495319,0.396755491104556,1,0.13,,,FALSE
liver,LSEC,AMPK,Sirt1,Ccnd1,7,-0.380987611138296,0.399115756220222,15,2.01,0.321428571428571,0.242719046801668,FALSE
liver,LSEC,AMPK,Stk11,Ccnd1,7,-0.349434548344128,0.442325463386627,35,4.7,0.509803921568628,0.00175802500135365,FALSE
liver,LSEC,AMPK,Prkaa2,Ccnd1,7,-0.327386861359228,0.473510966068116,0,0,,,FALSE
liver,LSEC,AMPK,Stk11,Srebf1,7,-0.323437598804174,0.479179205452675,7,0.94,,,FALSE
liver,LSEC,AMPK,Prkaa2,Srebf1,7,-0.301845960176099,0.510591776069404,0,0,,,FALSE
liver,LSEC,AMPK,Stk11,Foxo1,7,0.292589399604317,0.524270463463167,22,2.95,0.452286843591191,0.0345658742382763,FALSE
liver,LSEC,AMPK,Foxo1,Igf1,7,-0.284339785380689,0.536564155751655,0,0,,,FALSE
liver,LSEC,AMPK,Prkaa2,Sirt1,7,-0.281862411806617,0.540274534235099,0,0,,,FALSE
liver,LSEC,AMPK,Prkaa2,Igf1,7,-0.25750143238639,0.577199666697541,0,0,,,FALSE
liver,LSEC,AMPK,Prkaa2,Irs2,7,-0.257207144457093,0.577650462970837,0,0,,,FALSE
liver,LSEC,AMPK,Sirt1,Foxo1,7,-0.255264377570243,0.580629178379797,17,2.28,0.647058823529412,0.00499139592987035,FALSE
liver,LSEC,AMPK,Sirt1,Ppargc1a,7,0.242577145706428,0.600196797913949,0,0,,,FALSE
liver,LSEC,AMPK,Stk11,Igf1,7,-0.221815391991721,0.63262961906113,0,0,,,FALSE
liver,LSEC,AMPK,Irs2,Igf1,7,0.206305422233019,0.657170546576872,0,0,,,FALSE
liver,LSEC,AMPK,Camkk2,Srebf1,7,-0.195697007012388,0.674099402750832,2,0.27,,,FALSE
liver,LSEC,AMPK,Prkaa1,Stk11,7,0.189837913846473,0.683496831948634,6,0.81,,,FALSE
liver,LSEC,AMPK,Prkaa2,Fasn,7,0.187367744601715,0.687468570091568,0,0,,,FALSE
liver,LSEC,AMPK,Irs2,Fasn,7,-0.168962425717851,0.71723727462031,0,0,,,FALSE
liver,LSEC,AMPK,Camkk2,Igf1,7,0.168925649046844,0.717297054805298,0,0,,,FALSE
liver,LSEC,AMPK,Camkk2,Ppargc1a,7,0.150756386035296,0.746966413927917,0,0,,,FALSE
liver,LSEC,AMPK,Camkk2,Fasn,7,-0.149086927967197,0.749705558956815,0,0,,,FALSE
liver,LSEC,AMPK,Prkaa2,Camkk2,7,-0.126752369783387,0.786542890743266,0,0,,,FALSE
liver,LSEC,AMPK,Igf1,Ccnd1,7,-0.105761670411449,0.821455886780167,0,0,,,FALSE
liver,LSEC,AMPK,Foxo1,Fasn,7,-0.0873124743111533,0.852338092356707,0,0,,,FALSE
liver,LSEC,AMPK,Sirt1,Irs2,7,-0.0835650226690571,0.858630419698961,0,0,,,FALSE
liver,LSEC,AMPK,Prkaa1,Prkaa2,7,0.0763155168886522,0.870819699337919,0,0,,,FALSE
liver,LSEC,AMPK,Prkaa1,Sirt1,7,-0.0711995910665915,0.879433960616357,4,0.54,,,FALSE
liver,LSEC,AMPK,Prkaa1,Igf1,7,-0.0662908876695309,0.887708205822644,0,0,,,FALSE
liver,LSEC,AMPK,Stk11,Sirt1,7,0.0661002684527521,0.88802968639938,7,0.94,,,FALSE
liver,LSEC,AMPK,Prkaa1,Fasn,7,-0.0550092962659509,0.906754549172398,0,0,,,FALSE
liver,LSEC,AMPK,Stk11,Camkk2,7,-0.0428569406834872,0.927310595684777,14,1.88,0.789010989010989,0.000794614411654493,FALSE
liver,LSEC,AMPK,Igf1,Srebf1,7,0.0427759624936118,0.927447690669953,0,0,,,FALSE
liver,LSEC,AMPK,Stk11,Ppargc1a,7,-0.0112381836440105,0.980922671653678,0,0,,,FALSE
liver,LSEC,AMPK,Sirt1,Srebf1,7,-0.000404259157330303,0.9993137083955,2,0.27,,,FALSE
liver,LSEC,AMPK,Prkaa1,Fbp1,7,,,0,0,,,FALSE
liver,LSEC,AMPK,Prkaa2,Fbp1,7,,,0,0,,,FALSE
liver,LSEC,AMPK,Stk11,Fbp1,7,,,0,0,,,FALSE
liver,LSEC,AMPK,Camkk2,Fbp1,7,,,0,0,,,FALSE
liver,LSEC,AMPK,Sirt1,Fbp1,7,,,0,0,,,FALSE
liver,LSEC,AMPK,Ppargc1a,Fbp1,7,,,0,0,,,FALSE
liver,LSEC,AMPK,Foxo1,Fbp1,7,,,0,0,,,FALSE
liver,LSEC,AMPK,Irs2,Fbp1,7,,,0,0,,,FALSE
liver,LSEC,AMPK,Igf1,Fbp1,7,,,0,0,,,FALSE
liver,LSEC,AMPK,Fbp1,Srebf1,7,,,0,0,,,FALSE
liver,LSEC,AMPK,Fbp1,Fasn,7,,,0,0,,,FALSE
liver,LSEC,AMPK,Fbp1,Ccnd1,7,,,0,0,,,FALSE
liver,Monocyte,AMPK,Prkaa2,Fbp1,7,1,0,0,0,,,FALSE
liver,Monocyte,AMPK,Foxo1,Igf1,7,-0.923216530617344,0.00300968386925917,0,0,,,FALSE
liver,Monocyte,AMPK,Ppargc1a,Foxo1,7,-0.894181192755392,0.00660368651643934,0,0,,,FALSE
liver,Monocyte,AMPK,Prkaa2,Irs2,7,-0.889100503901399,0.0074041611137687,0,0,,,FALSE
liver,Monocyte,AMPK,Irs2,Fbp1,7,-0.889100503901399,0.0074041611137687,0,0,,,FALSE
liver,Monocyte,AMPK,Prkaa1,Srebf1,7,-0.850049833489663,0.0153996726606846,5,0.54,,,FALSE
liver,Monocyte,AMPK,Prkaa1,Camkk2,7,-0.80755644888985,0.0280481624942718,24,2.61,0.655652173913043,0.000504928660297394,FALSE
liver,Monocyte,AMPK,Ppargc1a,Igf1,7,0.795185207223912,0.0325433710006178,0,0,,,FALSE
liver,Monocyte,AMPK,Camkk2,Ccnd1,7,-0.776838361903835,0.0399029167295092,15,1.63,0.367857142857143,0.177342146893491,FALSE
liver,Monocyte,AMPK,Camkk2,Srebf1,7,0.758829121940659,0.0479423188438905,18,1.96,0.665634674922601,0.00256832796029371,FALSE
liver,Monocyte,AMPK,Foxo1,Fasn,7,-0.7541670677369,0.0501561891547781,0,0,,,FALSE
liver,Monocyte,AMPK,Sirt1,Irs2,7,0.752532206382849,0.050945513172486,7,0.76,,,FALSE
liver,Monocyte,AMPK,Prkaa1,Ccnd1,7,0.742089280463806,0.0561467902761461,4,0.43,,,FALSE
liver,Monocyte,AMPK,Prkaa1,Fasn,7,-0.693880178932924,0.0837482876293258,1,0.11,,,FALSE
liver,Monocyte,AMPK,Sirt1,Igf1,7,0.684712114329002,0.089666688021781,3,0.33,,,FALSE
liver,Monocyte,AMPK,Srebf1,Fasn,7,0.68470529785428,0.0896711678760062,1,0.11,,,FALSE
liver,Monocyte,AMPK,Prkaa1,Ppargc1a,7,-0.68337703205282,0.0905463705489548,0,0,,,FALSE
liver,Monocyte,AMPK,Prkaa1,Foxo1,7,0.627426441783925,0.131463472291225,4,0.43,,,FALSE
liver,Monocyte,AMPK,Stk11,Camkk2,7,-0.620040580207336,0.137451222862929,82,8.91,0.579359810185135,1.17987306304182e-08,FALSE
liver,Monocyte,AMPK,Prkaa1,Stk11,7,0.619740092955743,0.137697694353584,16,1.74,0.741176470588235,0.00101846954957367,FALSE
liver,Monocyte,AMPK,Stk11,Ccnd1,7,0.608042157871697,0.147466228003447,10,1.09,0.636363636363636,0.0479117261299755,FALSE
liver,Monocyte,AMPK,Igf1,Fasn,7,0.60133229561153,0.153221391857642,0,0,,,FALSE
liver,Monocyte,AMPK,Foxo1,Ccnd1,7,0.592329571108613,0.161116152604155,5,0.54,,,FALSE
liver,Monocyte,AMPK,Ppargc1a,Srebf1,7,0.589787010515121,0.163381533143077,0,0,,,FALSE
liver,Monocyte,AMPK,Ppargc1a,Ccnd1,7,-0.588636525281748,0.164411752016185,0,0,,,FALSE
liver,Monocyte,AMPK,Foxo1,Srebf1,7,-0.571742756628507,0.179907317736502,3,0.33,,,FALSE
liver,Monocyte,AMPK,Igf1,Ccnd1,7,-0.539996893372918,0.210861372096119,0,0,,,FALSE
liver,Monocyte,AMPK,Ppargc1a,Fasn,7,0.496505064742907,0.257037160202059,0,0,,,FALSE
liver,Monocyte,AMPK,Srebf1,Ccnd1,7,-0.491508666343034,0.262612232811492,3,0.33,,,FALSE
liver,Monocyte,AMPK,Sirt1,Foxo1,7,-0.468225716869081,0.289303275689358,10,1.09,0.333333333333333,0.346593507087334,FALSE
liver,Monocyte,AMPK,Prkaa2,Ccnd1,7,0.441923448147726,0.320827220076057,0,0,,,FALSE
liver,Monocyte,AMPK,Fbp1,Ccnd1,7,0.441923448147726,0.320827220076057,0,0,,,FALSE
liver,Monocyte,AMPK,Fasn,Ccnd1,7,-0.437252052621604,0.326573847251435,1,0.11,,,FALSE
liver,Monocyte,AMPK,Prkaa1,Igf1,7,-0.436394977017426,0.327632954306635,1,0.11,,,FALSE
liver,Monocyte,AMPK,Camkk2,Fasn,7,0.428483372901121,0.337478574684539,6,0.65,,,FALSE
liver,Monocyte,AMPK,Prkaa2,Sirt1,7,-0.397857905103554,0.376737869028521,0,0,,,FALSE
liver,Monocyte,AMPK,Sirt1,Fbp1,7,-0.397857905103554,0.376737869028521,0,0,,,FALSE
liver,Monocyte,AMPK,Irs2,Ccnd1,7,-0.357270373130153,0.431434955709696,7,0.76,,,FALSE
liver,Monocyte,AMPK,Irs2,Igf1,7,0.345919648533985,0.447243976784916,1,0.11,,,FALSE
liver,Monocyte,AMPK,Camkk2,Sirt1,7,-0.341440356583819,0.453541566910287,25,2.72,0.595384615384615,0.00169029437079281,FALSE
liver,Monocyte,AMPK,Sirt1,Srebf1,7,-0.336639299529322,0.460327939034892,4,0.43,,,FALSE
liver,Monocyte,AMPK,Camkk2,Ppargc1a,7,0.328051789592519,0.472559027416155,0,0,,,FALSE
liver,Monocyte,AMPK,Irs2,Srebf1,7,-0.326367683930322,0.474971414111706,4,0.43,,,FALSE
liver,Monocyte,AMPK,Stk11,Sirt1,7,0.322274111588875,0.480853766078725,21,2.28,0.649350649350649,0.00144577263074339,FALSE
liver,Monocyte,AMPK,Prkaa2,Ppargc1a,7,0.309552442384578,0.499299329340271,0,0,,,FALSE
liver,Monocyte,AMPK,Ppargc1a,Fbp1,7,0.309552442384578,0.499299329340271,0,0,,,FALSE
liver,Monocyte,AMPK,Sirt1,Ppargc1a,7,0.303111507016961,0.508731321221205,0,0,,,FALSE
liver,Monocyte,AMPK,Stk11,Srebf1,7,-0.298425402610435,0.515631989468439,9,0.98,,,FALSE
liver,Monocyte,AMPK,Prkaa2,Camkk2,7,-0.296639463309178,0.518270337767436,0,0,,,FALSE
liver,Monocyte,AMPK,Camkk2,Fbp1,7,-0.296639463309178,0.518270337767436,0,0,,,FALSE
liver,Monocyte,AMPK,Igf1,Srebf1,7,0.292113453036127,0.52497711358136,2,0.22,,,FALSE
liver,Monocyte,AMPK,Camkk2,Foxo1,7,-0.283968535341145,0.537119638222959,33,3.59,0.344585561497326,0.0495555441562025,FALSE
liver,Monocyte,AMPK,Prkaa1,Sirt1,7,0.263651884743363,0.567803569580561,7,0.76,,,FALSE
liver,Monocyte,AMPK,Prkaa1,Irs2,7,0.248634737223628,0.590829480186131,9,0.98,,,FALSE
liver,Monocyte,AMPK,Sirt1,Ccnd1,7,-0.246820507557527,0.593630287934178,7,0.76,,,FALSE
liver,Monocyte,AMPK,Prkaa2,Stk11,7,0.190995761788998,0.681637139604917,0,0,,,FALSE
liver,Monocyte,AMPK,Stk11,Fbp1,7,0.190995761788998,0.681637139604917,0,0,,,FALSE
liver,Monocyte,AMPK,Stk11,Ppargc1a,7,-0.157907965984923,0.735256761861853,0,0,,,FALSE
liver,Monocyte,AMPK,Ppargc1a,Irs2,7,-0.151732931943089,0.745365136097844,0,0,,,FALSE
liver,Monocyte,AMPK,Foxo1,Irs2,7,-0.136498226565743,0.770426104664786,6,0.65,,,FALSE
liver,Monocyte,AMPK,Prkaa2,Srebf1,7,0.121032544901888,0.796030418862518,0,0,,,FALSE
liver,Monocyte,AMPK,Fbp1,Srebf1,7,0.121032544901888,0.796030418862518,0,0,,,FALSE
liver,Monocyte,AMPK,Prkaa1,Prkaa2,7,-0.0887629270903355,0.849904299686135,0,0,,,FALSE
liver,Monocyte,AMPK,Prkaa1,Fbp1,7,-0.0887629270903355,0.849904299686135,0,0,,,FALSE
liver,Monocyte,AMPK,Prkaa2,Foxo1,7,-0.0621922190364919,0.894623277774331,0,0,,,FALSE
liver,Monocyte,AMPK,Foxo1,Fbp1,7,-0.0621922190364919,0.894623277774331,0,0,,,FALSE
liver,Monocyte,AMPK,Stk11,Irs2,7,0.0619645614750112,0.89500752930308,28,3.04,0.392993979200876,0.0385655420678629,FALSE
liver,Monocyte,AMPK,Prkaa2,Igf1,7,-0.0605992096885641,0.897312377049546,0,0,,,FALSE
liver,Monocyte,AMPK,Igf1,Fbp1,7,-0.0605992096885641,0.897312377049546,0,0,,,FALSE
liver,Monocyte,AMPK,Camkk2,Igf1,7,0.0533754614722739,0.909516022627091,3,0.33,,,FALSE
liver,Monocyte,AMPK,Stk11,Fasn,7,-0.0469532716052471,0.920377486491621,7,0.76,,,FALSE
liver,Monocyte,AMPK,Irs2,Fasn,7,0.0463896296631287,0.921331230025958,0,0,,,FALSE
liver,Monocyte,AMPK,Prkaa2,Fasn,7,-0.0341752573801371,0.942016156045307,0,0,,,FALSE
liver,Monocyte,AMPK,Fbp1,Fasn,7,-0.0341752573801371,0.942016156045307,0,0,,,FALSE
liver,Monocyte,AMPK,Camkk2,Irs2,7,-0.0341450681906507,0.942067317123261,26,2.83,0.161709401709402,0.429982343646759,FALSE
liver,Monocyte,AMPK,Stk11,Igf1,7,-0.0230698796382098,0.960845777195024,3,0.33,,,FALSE
liver,Monocyte,AMPK,Sirt1,Fasn,7,0.0225344377693303,0.96175406267146,6,0.65,,,FALSE
liver,Monocyte,AMPK,Stk11,Foxo1,7,-0.0151967625278233,0.974204153571191,7,0.76,,,FALSE
liver,NK_cell,AMPK,Prkaa2,Igf1,7,1,0,0,0,,,FALSE
liver,NK_cell,AMPK,Irs2,Igf1,7,-0.863707451419858,0.0122226307543924,1,0.17,,,FALSE
liver,NK_cell,AMPK,Prkaa2,Irs2,7,-0.863707451419858,0.0122226307543924,0,0,,,FALSE
liver,NK_cell,AMPK,Prkaa1,Foxo1,7,0.785497673350829,0.0363255649652828,9,1.51,,,FALSE
liver,NK_cell,AMPK,Ppargc1a,Foxo1,7,0.77525699147468,0.040576355216051,1,0.17,,,FALSE
liver,NK_cell,AMPK,Srebf1,Fasn,7,-0.727157863647449,0.0640637017763685,2,0.34,,,FALSE
liver,NK_cell,AMPK,Sirt1,Foxo1,7,0.65429943376924,0.110826616842956,10,1.68,0.478787878787879,0.161522928017456,FALSE
liver,NK_cell,AMPK,Camkk2,Srebf1,7,0.643905997283061,0.118593501179869,2,0.34,,,FALSE
liver,NK_cell,AMPK,Prkaa1,Ppargc1a,7,0.559827922636226,0.191246608984439,0,0,,,FALSE
liver,NK_cell,AMPK,Camkk2,Foxo1,7,0.550002289203344,0.200850108437791,1,0.17,,,FALSE
liver,NK_cell,AMPK,Stk11,Foxo1,7,0.544683000475963,0.206143515336434,27,4.53,0.837606837606838,5.06095708488051e-08,FALSE
liver,NK_cell,AMPK,Prkaa1,Stk11,7,0.527991012831405,0.223179907980681,6,1.01,,,FALSE
liver,NK_cell,AMPK,Camkk2,Fasn,7,-0.495949086192618,0.257654828589949,4,0.67,,,FALSE
liver,NK_cell,AMPK,Camkk2,Sirt1,7,0.488129503967999,0.266413636314421,2,0.34,,,FALSE
liver,NK_cell,AMPK,Ppargc1a,Irs2,7,0.431122987226987,0.334179891949507,0,0,,,FALSE
liver,NK_cell,AMPK,Stk11,Sirt1,7,0.414889410824129,0.354682841679938,11,1.85,0.481818181818182,0.133433838256829,FALSE
liver,NK_cell,AMPK,Prkaa1,Sirt1,7,0.413288352392023,0.356732675124477,2,0.34,,,FALSE
liver,NK_cell,AMPK,Prkaa1,Fasn,7,0.407299684753626,0.3644433962176,3,0.5,,,FALSE
liver,NK_cell,AMPK,Prkaa2,Sirt1,7,0.377954321278745,0.403194010392809,0,0,,,FALSE
liver,NK_cell,AMPK,Sirt1,Igf1,7,0.377954321278745,0.403194010392809,0,0,,,FALSE
liver,NK_cell,AMPK,Prkaa2,Ppargc1a,7,-0.351187598745651,0.439880051409989,0,0,,,FALSE
liver,NK_cell,AMPK,Ppargc1a,Igf1,7,-0.351187598745651,0.439880051409989,0,0,,,FALSE
liver,NK_cell,AMPK,Stk11,Ppargc1a,7,0.347258972258973,0.445367399658885,2,0.34,,,FALSE
liver,NK_cell,AMPK,Foxo1,Irs2,7,0.341722166748362,0.45314438976187,14,2.35,0.349450549450549,0.220689997746447,FALSE
liver,NK_cell,AMPK,Stk11,Irs2,7,0.339351962503343,0.456488943310255,12,2.01,0.55944055944056,0.0585894753885677,FALSE
liver,NK_cell,AMPK,Irs2,Srebf1,7,-0.32790278625555,0.472772286110703,4,0.67,,,FALSE
liver,NK_cell,AMPK,Prkaa2,Fasn,7,0.311390200715048,0.496619501734473,0,0,,,FALSE
liver,NK_cell,AMPK,Igf1,Fasn,7,0.311390200715048,0.496619501734473,0,0,,,FALSE
liver,NK_cell,AMPK,Sirt1,Ppargc1a,7,0.25271430141942,0.584546236094507,2,0.34,,,FALSE
liver,NK_cell,AMPK,Stk11,Srebf1,7,0.232870852488936,0.615297643058848,4,0.67,,,FALSE
liver,NK_cell,AMPK,Prkaa1,Camkk2,7,0.222319390109499,0.631836509009014,0,0,,,FALSE
liver,NK_cell,AMPK,Prkaa2,Srebf1,7,0.221647360563789,0.632894101746642,0,0,,,FALSE
liver,NK_cell,AMPK,Igf1,Srebf1,7,0.221647360563789,0.632894101746642,0,0,,,FALSE
liver,NK_cell,AMPK,Ppargc1a,Fasn,7,-0.212723954967888,0.64698369893206,1,0.17,,,FALSE
liver,NK_cell,AMPK,Stk11,Camkk2,7,0.196104975619474,0.673446298183642,3,0.5,,,FALSE
liver,NK_cell,AMPK,Prkaa1,Srebf1,7,-0.159041878554146,0.733403832325046,0,0,,,FALSE
liver,NK_cell,AMPK,Sirt1,Fasn,7,0.153103153381024,0.743119563293932,9,1.51,,,FALSE
liver,NK_cell,AMPK,Prkaa2,Foxo1,7,-0.131827304600479,0.778142558254007,0,0,,,FALSE
liver,NK_cell,AMPK,Foxo1,Igf1,7,-0.131827304600479,0.778142558254007,1,0.17,,,FALSE
liver,NK_cell,AMPK,Irs2,Fasn,7,-0.11671876624385,0.803199017086478,3,0.5,,,FALSE
liver,NK_cell,AMPK,Prkaa1,Prkaa2,7,0.113606208973049,0.808378282864251,0,0,,,FALSE
liver,NK_cell,AMPK,Prkaa1,Igf1,7,0.113606208973049,0.808378282864251,0,0,,,FALSE
liver,NK_cell,AMPK,Stk11,Fasn,7,0.107148554705988,0.819141349170547,12,2.01,0.965034965034965,3.88098529962739e-07,FALSE
liver,NK_cell,AMPK,Stk11,Igf1,7,-0.103043526648007,0.825995106907199,1,0.17,,,FALSE
liver,NK_cell,AMPK,Prkaa2,Stk11,7,-0.103043526648007,0.825995106907199,0,0,,,FALSE
liver,NK_cell,AMPK,Camkk2,Ppargc1a,7,0.0834305047181608,0.858856400435496,0,0,,,FALSE
liver,NK_cell,AMPK,Sirt1,Srebf1,7,0.0799979832486751,0.864625354388165,4,0.67,,,FALSE
liver,NK_cell,AMPK,Sirt1,Irs2,7,0.0777393412227347,0.86842402106547,9,1.51,,,FALSE
liver,NK_cell,AMPK,Ppargc1a,Srebf1,7,-0.0749222718303774,0.873164686582502,0,0,,,FALSE
liver,NK_cell,AMPK,Foxo1,Srebf1,7,0.0728600941402177,0.876636913918821,7,1.17,,,FALSE
liver,NK_cell,AMPK,Foxo1,Fasn,7,-0.0680921169563476,0.884671029838501,7,1.17,,,FALSE
liver,NK_cell,AMPK,Prkaa2,Camkk2,7,0.0623985945516402,0.894274961277549,0,0,,,FALSE
liver,NK_cell,AMPK,Camkk2,Igf1,7,0.0623985945516402,0.894274961277549,0,0,,,FALSE
liver,NK_cell,AMPK,Camkk2,Irs2,7,-0.0274916119773445,0.953346424763529,3,0.5,,,FALSE
liver,NK_cell,AMPK,Prkaa1,Irs2,7,0.00444890113800218,0.992447385597885,1,0.17,,,FALSE
liver,NK_cell,AMPK,Prkaa1,Fbp1,7,,,0,0,,,FALSE
liver,NK_cell,AMPK,Prkaa1,Ccnd1,7,,,0,0,,,FALSE
liver,NK_cell,AMPK,Prkaa2,Fbp1,7,,,0,0,,,FALSE
liver,NK_cell,AMPK,Prkaa2,Ccnd1,7,,,0,0,,,FALSE
liver,NK_cell,AMPK,Stk11,Fbp1,7,,,0,0,,,FALSE
liver,NK_cell,AMPK,Stk11,Ccnd1,7,,,0,0,,,FALSE
liver,NK_cell,AMPK,Camkk2,Fbp1,7,,,0,0,,,FALSE
liver,NK_cell,AMPK,Camkk2,Ccnd1,7,,,0,0,,,FALSE
liver,NK_cell,AMPK,Sirt1,Fbp1,7,,,0,0,,,FALSE
liver,NK_cell,AMPK,Sirt1,Ccnd1,7,,,0,0,,,FALSE
liver,NK_cell,AMPK,Ppargc1a,Fbp1,7,,,0,0,,,FALSE
liver,NK_cell,AMPK,Ppargc1a,Ccnd1,7,,,0,0,,,FALSE
liver,NK_cell,AMPK,Foxo1,Fbp1,7,,,0,0,,,FALSE
liver,NK_cell,AMPK,Foxo1,Ccnd1,7,,,0,0,,,FALSE
liver,NK_cell,AMPK,Irs2,Fbp1,7,,,0,0,,,FALSE
liver,NK_cell,AMPK,Irs2,Ccnd1,7,,,0,0,,,FALSE
liver,NK_cell,AMPK,Igf1,Fbp1,7,,,0,0,,,FALSE
liver,NK_cell,AMPK,Igf1,Ccnd1,7,,,0,0,,,FALSE
liver,NK_cell,AMPK,Fbp1,Srebf1,7,,,0,0,,,FALSE
liver,NK_cell,AMPK,Fbp1,Fasn,7,,,0,0,,,FALSE
liver,NK_cell,AMPK,Fbp1,Ccnd1,7,,,0,0,,,FALSE
liver,NK_cell,AMPK,Srebf1,Ccnd1,7,,,0,0,,,FALSE
liver,NK_cell,AMPK,Fasn,Ccnd1,7,,,0,0,,,FALSE
liver,Neutrophil,AMPK,Foxo1,Srebf1,7,1,0,0,0,,,FALSE
liver,Neutrophil,AMPK,Prkaa1,Fasn,7,0.883148437640884,0.00841003036275093,0,0,,,FALSE
liver,Neutrophil,AMPK,Camkk2,Fbp1,7,-0.635683336181759,0.124930282955789,0,0,,,FALSE
liver,Neutrophil,AMPK,Stk11,Irs2,7,0.622109632871181,0.135760179787741,8,1.4,,,FALSE
liver,Neutrophil,AMPK,Prkaa1,Stk11,7,0.602901020058611,0.15186598315606,1,0.17,,,FALSE
liver,Neutrophil,AMPK,Prkaa1,Sirt1,7,-0.496968768047128,0.256522524569756,0,0,,,FALSE
liver,Neutrophil,AMPK,Irs2,Ccnd1,7,0.471139468271888,0.285899663450772,2,0.35,,,FALSE
liver,Neutrophil,AMPK,Sirt1,Irs2,7,-0.449030314591624,0.312169158980494,0,0,,,FALSE
liver,Neutrophil,AMPK,Stk11,Ccnd1,7,0.443876286155701,0.318437928989882,2,0.35,,,FALSE
liver,Neutrophil,AMPK,Sirt1,Fasn,7,-0.42217863727629,0.345412971758511,0,0,,,FALSE
liver,Neutrophil,AMPK,Prkaa1,Camkk2,7,-0.399156424362703,0.375037121323413,0,0,,,FALSE
liver,Neutrophil,AMPK,Foxo1,Irs2,7,0.398634094874858,0.375720869864094,0,0,,,FALSE
liver,Neutrophil,AMPK,Irs2,Srebf1,7,0.398634094874858,0.375720869864094,0,0,,,FALSE
liver,Neutrophil,AMPK,Stk11,Fasn,7,0.397602379189463,0.377072915841465,1,0.17,,,FALSE
liver,Neutrophil,AMPK,Sirt1,Foxo1,7,-0.374383901875597,0.408015435627917,0,0,,,FALSE
liver,Neutrophil,AMPK,Sirt1,Srebf1,7,-0.374383901875597,0.408015435627917,0,0,,,FALSE
liver,Neutrophil,AMPK,Sirt1,Ccnd1,7,0.367953641256326,0.416755462446117,0,0,,,FALSE
liver,Neutrophil,AMPK,Fbp1,Fasn,7,-0.339788123877953,0.455872796315005,0,0,,,FALSE
liver,Neutrophil,AMPK,Prkaa1,Foxo1,7,0.302797138114762,0.50919324899193,0,0,,,FALSE
liver,Neutrophil,AMPK,Prkaa1,Srebf1,7,0.302797138114762,0.50919324899193,1,0.17,,,FALSE
liver,Neutrophil,AMPK,Foxo1,Ccnd1,7,0.29699582116843,0.517743525955273,0,0,,,FALSE
liver,Neutrophil,AMPK,Srebf1,Ccnd1,7,0.29699582116843,0.517743525955273,0,0,,,FALSE
liver,Neutrophil,AMPK,Camkk2,Ccnd1,7,0.274824948447404,0.550860473654545,0,0,,,FALSE
liver,Neutrophil,AMPK,Fbp1,Ccnd1,7,-0.257978837735207,0.576468600893013,0,0,,,FALSE
liver,Neutrophil,AMPK,Foxo1,Fasn,7,0.256541680090603,0.578670238971534,0,0,,,FALSE
liver,Neutrophil,AMPK,Srebf1,Fasn,7,0.256541680090603,0.578670238971534,0,0,,,FALSE
liver,Neutrophil,AMPK,Prkaa1,Irs2,7,0.251369907270912,0.586614564509662,1,0.17,,,FALSE
liver,Neutrophil,AMPK,Stk11,Fbp1,7,0.232508018163856,0.615864266440169,0,0,,,FALSE
liver,Neutrophil,AMPK,Fasn,Ccnd1,7,0.221690841636486,0.632825659241516,0,0,,,FALSE
liver,Neutrophil,AMPK,Camkk2,Fasn,7,-0.161822173893999,0.728864910296323,0,0,,,FALSE
liver,Neutrophil,AMPK,Stk11,Camkk2,7,-0.144504252298302,0.757235221210804,4,0.7,,,FALSE
liver,Neutrophil,AMPK,Foxo1,Fbp1,7,0.141124595716769,0.762798062369984,0,0,,,FALSE
liver,Neutrophil,AMPK,Fbp1,Srebf1,7,0.141124595716769,0.762798062369984,0,0,,,FALSE
liver,Neutrophil,AMPK,Stk11,Sirt1,7,-0.139555985037449,0.765382734451956,3,0.52,,,FALSE
liver,Neutrophil,AMPK,Irs2,Fasn,7,0.136569037332959,0.770309238246981,1,0.17,,,FALSE
liver,Neutrophil,AMPK,Irs2,Fbp1,7,0.115217337120022,0.805696676126557,0,0,,,FALSE
liver,Neutrophil,AMPK,Prkaa1,Fbp1,7,0.114434440526312,0.806999563421327,0,0,,,FALSE
liver,Neutrophil,AMPK,Prkaa1,Ccnd1,7,0.0806583001164082,0.863515198151651,0,0,,,FALSE
liver,Neutrophil,AMPK,Camkk2,Sirt1,7,0.0449075746434306,0.923839383892413,1,0.17,,,FALSE
liver,Neutrophil,AMPK,Sirt1,Fbp1,7,0.0415662162546335,0.9294959432026,0,0,,,FALSE
liver,Neutrophil,AMPK,Stk11,Foxo1,7,-0.0389161136116224,0.933983969584042,2,0.35,,,FALSE
liver,Neutrophil,AMPK,Stk11,Srebf1,7,-0.0389161136116224,0.933983969584042,1,0.17,,,FALSE
liver,Neutrophil,AMPK,Camkk2,Foxo1,7,0.0276114760557843,0.95314316883771,0,0,,,FALSE
liver,Neutrophil,AMPK,Camkk2,Srebf1,7,0.0276114760557843,0.95314316883771,0,0,,,FALSE
liver,Neutrophil,AMPK,Camkk2,Irs2,7,0.0116452911708891,0.980231680177314,0,0,,,FALSE
liver,Neutrophil,AMPK,Prkaa1,Prkaa2,7,,,0,0,,,FALSE
liver,Neutrophil,AMPK,Prkaa1,Ppargc1a,7,,,0,0,,,FALSE
liver,Neutrophil,AMPK,Prkaa1,Igf1,7,,,0,0,,,FALSE
liver,Neutrophil,AMPK,Prkaa2,Stk11,7,,,0,0,,,FALSE
liver,Neutrophil,AMPK,Prkaa2,Camkk2,7,,,0,0,,,FALSE
liver,Neutrophil,AMPK,Prkaa2,Sirt1,7,,,0,0,,,FALSE
liver,Neutrophil,AMPK,Prkaa2,Ppargc1a,7,,,0,0,,,FALSE
liver,Neutrophil,AMPK,Prkaa2,Foxo1,7,,,0,0,,,FALSE
liver,Neutrophil,AMPK,Prkaa2,Irs2,7,,,0,0,,,FALSE
liver,Neutrophil,AMPK,Prkaa2,Igf1,7,,,0,0,,,FALSE
liver,Neutrophil,AMPK,Prkaa2,Fbp1,7,,,0,0,,,FALSE
liver,Neutrophil,AMPK,Prkaa2,Srebf1,7,,,0,0,,,FALSE
liver,Neutrophil,AMPK,Prkaa2,Fasn,7,,,0,0,,,FALSE
liver,Neutrophil,AMPK,Prkaa2,Ccnd1,7,,,0,0,,,FALSE
liver,Neutrophil,AMPK,Stk11,Ppargc1a,7,,,0,0,,,FALSE
liver,Neutrophil,AMPK,Stk11,Igf1,7,,,0,0,,,FALSE
liver,Neutrophil,AMPK,Camkk2,Ppargc1a,7,,,0,0,,,FALSE
liver,Neutrophil,AMPK,Camkk2,Igf1,7,,,0,0,,,FALSE
liver,Neutrophil,AMPK,Sirt1,Ppargc1a,7,,,0,0,,,FALSE
liver,Neutrophil,AMPK,Sirt1,Igf1,7,,,0,0,,,FALSE
liver,Neutrophil,AMPK,Ppargc1a,Foxo1,7,,,0,0,,,FALSE
liver,Neutrophil,AMPK,Ppargc1a,Irs2,7,,,0,0,,,FALSE
liver,Neutrophil,AMPK,Ppargc1a,Igf1,7,,,0,0,,,FALSE
liver,Neutrophil,AMPK,Ppargc1a,Fbp1,7,,,0,0,,,FALSE
liver,Neutrophil,AMPK,Ppargc1a,Srebf1,7,,,0,0,,,FALSE
liver,Neutrophil,AMPK,Ppargc1a,Fasn,7,,,0,0,,,FALSE
liver,Neutrophil,AMPK,Ppargc1a,Ccnd1,7,,,0,0,,,FALSE
liver,Neutrophil,AMPK,Foxo1,Igf1,7,,,0,0,,,FALSE
liver,Neutrophil,AMPK,Irs2,Igf1,7,,,0,0,,,FALSE
liver,Neutrophil,AMPK,Igf1,Fbp1,7,,,0,0,,,FALSE
liver,Neutrophil,AMPK,Igf1,Srebf1,7,,,0,0,,,FALSE
liver,Neutrophil,AMPK,Igf1,Fasn,7,,,0,0,,,FALSE
liver,Neutrophil,AMPK,Igf1,Ccnd1,7,,,0,0,,,FALSE
liver,T_cell,AMPK,Igf1,Ccnd1,7,1,0,0,0,,,FALSE
liver,T_cell,AMPK,Ppargc1a,Irs2,7,-0.775978384781805,0.0402683712397787,1,0.05,,,FALSE
liver,T_cell,AMPK,Sirt1,Foxo1,7,0.731047051365546,0.0619470632963347,53,2.63,0.60985787735404,1.25069346291777e-06,FALSE
liver,T_cell,AMPK,Prkaa1,Camkk2,7,0.661084946488673,0.105902690746338,7,0.35,,,FALSE
liver,T_cell,AMPK,Stk11,Fbp1,7,0.614513117054506,0.142020813930419,1,0.05,,,FALSE
liver,T_cell,AMPK,Ppargc1a,Fbp1,7,0.60785014679757,0.147629383219572,0,0,,,FALSE
liver,T_cell,AMPK,Camkk2,Igf1,7,-0.606737131821802,0.148576916693248,0,0,,,FALSE
liver,T_cell,AMPK,Camkk2,Ccnd1,7,-0.606737131821802,0.148576916693248,0,0,,,FALSE
liver,T_cell,AMPK,Ppargc1a,Fasn,7,-0.598825801002495,0.155399546904254,0,0,,,FALSE
liver,T_cell,AMPK,Stk11,Ppargc1a,7,0.574319548124757,0.177499474942795,0,0,,,FALSE
liver,T_cell,AMPK,Prkaa1,Irs2,7,0.569136511079054,0.182358818764133,11,0.55,0.372727272727273,0.258925873684222,FALSE
liver,T_cell,AMPK,Prkaa1,Fbp1,7,0.547083365619038,0.203746657382289,0,0,,,FALSE
liver,T_cell,AMPK,Foxo1,Igf1,7,0.547031488603062,0.203798316645634,1,0.05,,,FALSE
liver,T_cell,AMPK,Foxo1,Ccnd1,7,0.547031488603062,0.203798316645634,3,0.15,,,FALSE
liver,T_cell,AMPK,Foxo1,Fasn,7,-0.535204611791465,0.215738691470589,19,0.94,0.798245614035088,4.1992113655828e-05,FALSE
liver,T_cell,AMPK,Sirt1,Fasn,7,-0.526853985796948,0.224363679599129,15,0.74,0.925,7.9874621138185e-07,FALSE
liver,T_cell,AMPK,Fbp1,Fasn,7,-0.490340997959251,0.263922997707655,0,0,,,FALSE
liver,T_cell,AMPK,Fbp1,Ccnd1,7,-0.466686342926482,0.291108676863829,0,0,,,FALSE
liver,T_cell,AMPK,Igf1,Fbp1,7,-0.466686342926482,0.291108676863829,0,0,,,FALSE
liver,T_cell,AMPK,Sirt1,Srebf1,7,-0.459012196004192,0.300183112616499,8,0.4,,,FALSE
liver,T_cell,AMPK,Prkaa2,Fbp1,7,0.449137576186763,0.312039273212637,0,0,,,FALSE
liver,T_cell,AMPK,Prkaa2,Foxo1,7,-0.416254786617918,0.352938645380145,1,0.05,,,FALSE
liver,T_cell,AMPK,Srebf1,Fasn,7,-0.412902499085911,0.357227418001981,3,0.15,,,FALSE
liver,T_cell,AMPK,Stk11,Foxo1,7,0.39567844716106,0.379599475859495,69,3.42,0.561673364998173,5.1351440334216e-07,FALSE
liver,T_cell,AMPK,Irs2,Igf1,7,0.378374922044702,0.402627531553952,0,0,,,FALSE
liver,T_cell,AMPK,Irs2,Ccnd1,7,0.378374922044702,0.402627531553953,3,0.15,,,FALSE
liver,T_cell,AMPK,Camkk2,Ppargc1a,7,-0.3566393869726,0.432308085782961,0,0,,,FALSE
liver,T_cell,AMPK,Camkk2,Foxo1,7,-0.348160041142605,0.444106551420736,18,0.89,0.302373581011352,0.222629355028922,FALSE
liver,T_cell,AMPK,Prkaa2,Fasn,7,0.329437205922041,0.470577851401723,0,0,,,FALSE
liver,T_cell,AMPK,Stk11,Irs2,7,-0.325193510457889,0.476655989315891,34,1.68,0.72070282658518,1.53260446655886e-06,FALSE
liver,T_cell,AMPK,Prkaa2,Sirt1,7,-0.321335504565146,0.482206198765201,0,0,,,FALSE
liver,T_cell,AMPK,Sirt1,Irs2,7,0.319332950497221,0.485096225186972,31,1.54,0.903629032258065,3.38123453192745e-12,FALSE
liver,T_cell,AMPK,Irs2,Srebf1,7,-0.283487703989696,0.537839365652029,2,0.1,,,FALSE
liver,T_cell,AMPK,Sirt1,Fbp1,7,0.282238010252542,0.539711452689109,1,0.05,,,FALSE
liver,T_cell,AMPK,Camkk2,Irs2,7,0.266911393441702,0.562843787733569,9,0.45,,,FALSE
liver,T_cell,AMPK,Foxo1,Irs2,7,0.259492678454264,0.574152324693822,52,2.58,0.809434364994664,3.780017554005e-13,FALSE
liver,T_cell,AMPK,Prkaa1,Stk11,7,0.258866407387979,0.575110206932684,14,0.69,0.841758241758242,0.000159737759174529,FALSE
liver,T_cell,AMPK,Ppargc1a,Foxo1,7,0.258280428426502,0.576006914679193,2,0.1,,,FALSE
liver,T_cell,AMPK,Stk11,Igf1,7,-0.256943383127475,0.578054591140511,0,0,,,FALSE
liver,T_cell,AMPK,Stk11,Ccnd1,7,-0.256943383127475,0.578054591140511,1,0.05,,,FALSE
liver,T_cell,AMPK,Prkaa1,Foxo1,7,0.255120377180065,0.580850153883133,28,1.39,0.562671045429666,0.0018276525021914,FALSE
liver,T_cell,AMPK,Camkk2,Fbp1,7,0.252197973846831,0.585340332018041,0,0,,,FALSE
liver,T_cell,AMPK,Igf1,Srebf1,7,0.250129186458028,0.588525380611495,0,0,,,FALSE
liver,T_cell,AMPK,Srebf1,Ccnd1,7,0.250129186458028,0.588525380611495,1,0.05,,,FALSE
liver,T_cell,AMPK,Ppargc1a,Igf1,7,-0.243899413209371,0.598148286540262,0,0,,,FALSE
liver,T_cell,AMPK,Ppargc1a,Ccnd1,7,-0.243899413209371,0.598148286540262,0,0,,,FALSE
liver,T_cell,AMPK,Prkaa2,Igf1,7,-0.242152260303612,0.600855493285561,0,0,,,FALSE
liver,T_cell,AMPK,Prkaa2,Ccnd1,7,-0.242152260303612,0.600855493285561,0,0,,,FALSE
liver,T_cell,AMPK,Irs2,Fasn,7,0.240075682436381,0.604077891259376,14,0.69,0.547252747252747,0.0428220493781973,FALSE
liver,T_cell,AMPK,Prkaa1,Fasn,7,-0.23381081744754,0.613830445366892,6,0.3,,,FALSE
liver,T_cell,AMPK,Prkaa1,Srebf1,7,0.233322085784688,0.614593182521889,2,0.1,,,FALSE
liver,T_cell,AMPK,Prkaa1,Ppargc1a,7,-0.232692826976262,0.615575639190077,0,0,,,FALSE
liver,T_cell,AMPK,Prkaa2,Ppargc1a,7,0.220686544652319,0.634407029232256,0,0,,,FALSE
liver,T_cell,AMPK,Sirt1,Ppargc1a,7,0.212108308747192,0.647958919449945,0,0,,,FALSE
liver,T_cell,AMPK,Foxo1,Fbp1,7,0.204679005051732,0.659758607624991,1,0.05,,,FALSE
liver,T_cell,AMPK,Ppargc1a,Srebf1,7,0.193224041267172,0.678061768569021,0,0,,,FALSE
liver,T_cell,AMPK,Irs2,Fbp1,7,-0.172904271168277,0.710836536817873,0,0,,,FALSE
liver,T_cell,AMPK,Stk11,Fasn,7,-0.172864780156621,0.710900595679742,24,1.19,0.875652173913043,2.10768342325036e-08,FALSE
liver,T_cell,AMPK,Prkaa2,Irs2,7,-0.164498848381414,0.724501091095763,0,0,,,FALSE
liver,T_cell,AMPK,Prkaa2,Camkk2,7,-0.163009706230673,0.726928135326657,0,0,,,FALSE
liver,T_cell,AMPK,Prkaa1,Sirt1,7,0.160824406645234,0.730493079828083,13,0.64,0.258241758241758,0.394284017397362,FALSE
liver,T_cell,AMPK,Camkk2,Sirt1,7,-0.141218895020775,0.762642736661456,13,0.64,0.967032967032967,7.06411388717514e-08,FALSE
liver,T_cell,AMPK,Sirt1,Igf1,7,0.140170535127875,0.764369904576836,0,0,,,FALSE
liver,T_cell,AMPK,Sirt1,Ccnd1,7,0.140170535127876,0.764369904576836,2,0.1,,,FALSE
liver,T_cell,AMPK,Prkaa2,Stk11,7,0.116678745598421,0.803265575085222,1,0.05,,,FALSE
liver,T_cell,AMPK,Stk11,Srebf1,7,0.0991662532554828,0.832476689028656,16,0.79,0.98235294117647,1.36412383426114e-11,FALSE
liver,T_cell,AMPK,Prkaa1,Igf1,7,-0.0988704099571752,0.832971559936089,0,0,,,FALSE
liver,T_cell,AMPK,Prkaa1,Ccnd1,7,-0.0988704099571751,0.832971559936089,1,0.05,,,FALSE
liver,T_cell,AMPK,Prkaa2,Srebf1,7,-0.0952125049018004,0.839093891337175,0,0,,,FALSE
liver,T_cell,AMPK,Fbp1,Srebf1,7,0.0920264590053,0.844431731099836,0,0,,,FALSE
liver,T_cell,AMPK,Camkk2,Srebf1,7,0.0917464375265198,0.844901102522715,4,0.2,,,FALSE
liver,T_cell,AMPK,Stk11,Sirt1,7,0.0897654701797038,0.848222631505954,45,2.23,0.807509881422925,2.05370233656127e-11,FALSE
liver,T_cell,AMPK,Camkk2,Fasn,7,-0.0577703424952638,0.902089595262875,6,0.3,,,FALSE
liver,T_cell,AMPK,Foxo1,Srebf1,7,0.0504743788285727,0.914421143475452,21,1.04,0.718181818181818,0.000245879341815494,FALSE
liver,T_cell,AMPK,Stk11,Camkk2,7,-0.035341004559243,0.940040707809029,17,0.84,0.632352941176471,0.0064537880533827,FALSE
liver,T_cell,AMPK,Igf1,Fasn,7,-0.0173064920397184,0.970623986340528,0,0,,,FALSE
liver,T_cell,AMPK,Fasn,Ccnd1,7,-0.0173064920397184,0.970623986340528,0,0,,,FALSE
liver,T_cell,AMPK,Prkaa1,Prkaa2,7,0.0110056629768811,0.981317337755538,0,0,,,FALSE
liver,cDC,AMPK,Foxo1,Igf1,7,-0.870428052150399,0.0108118398919997,0,0,,,FALSE
liver,cDC,AMPK,Prkaa1,Irs2,7,-0.810924196861785,0.0268889466854915,5,0.68,,,FALSE
liver,cDC,AMPK,Stk11,Igf1,7,0.718667806479576,0.0688179277391338,3,0.41,,,FALSE
liver,cDC,AMPK,Stk11,Foxo1,7,-0.713018099052045,0.0720832717708659,32,4.38,0.677052785923754,2.08675636216781e-05,FALSE
liver,cDC,AMPK,Stk11,Fasn,7,0.681381766989568,0.0918694877269191,41,5.61,0.43397212543554,0.00458556700968097,FALSE
liver,cDC,AMPK,Prkaa2,Srebf1,7,-0.671754513898227,0.0983956190495482,0,0,,,FALSE
liver,cDC,AMPK,Camkk2,Igf1,7,0.658365520586312,0.107862098553686,1,0.14,,,FALSE
liver,cDC,AMPK,Foxo1,Fasn,7,-0.63029432134029,0.129175023105105,18,2.46,0.552115583075335,0.0175129146986834,FALSE
liver,cDC,AMPK,Prkaa2,Sirt1,7,0.616693497147817,0.14020925500236,0,0,,,FALSE
liver,cDC,AMPK,Prkaa1,Foxo1,7,-0.613520920045162,0.142849063338584,7,0.96,,,FALSE
liver,cDC,AMPK,Camkk2,Sirt1,7,-0.603712807221751,0.1511669497093,14,1.92,0.934065934065934,1.02797876930844e-06,FALSE
liver,cDC,AMPK,Camkk2,Ppargc1a,7,-0.601548779114366,0.153033987548222,1,0.14,,,FALSE
liver,cDC,AMPK,Camkk2,Foxo1,7,-0.585823333706776,0.166944371352063,7,0.96,,,FALSE
liver,cDC,AMPK,Prkaa2,Ccnd1,7,0.585557227192412,0.167184929232069,1,0.14,,,FALSE
liver,cDC,AMPK,Prkaa1,Prkaa2,7,-0.585406517900062,0.167321245001027,0,0,,,FALSE
liver,cDC,AMPK,Stk11,Camkk2,7,0.581391615261896,0.170972895178277,35,4.79,0.73781512605042,4.2527765276577e-07,FALSE
liver,cDC,AMPK,Prkaa2,Ppargc1a,7,0.575214661541973,0.17666676898738,0,0,,,FALSE
liver,cDC,AMPK,Sirt1,Srebf1,7,-0.559029282667774,0.192018707220294,8,1.09,,,FALSE
liver,cDC,AMPK,Irs2,Ccnd1,7,-0.53647114153864,0.214444535009231,29,3.97,0.538423645320197,0.00258597104428476,FALSE
liver,cDC,AMPK,Prkaa1,Srebf1,7,0.524365948254818,0.226964282885993,4,0.55,,,FALSE
liver,cDC,AMPK,Camkk2,Fasn,7,0.50644427567198,0.246110086703134,21,2.87,0.55974025974026,0.00832581561706139,FALSE
liver,cDC,AMPK,Ppargc1a,Ccnd1,7,0.496941222415968,0.256553082572114,1,0.14,,,FALSE
liver,cDC,AMPK,Camkk2,Ccnd1,7,-0.496593899535565,0.256938531400222,43,5.88,-0.00513440048323769,0.97393249638671,FALSE
liver,cDC,AMPK,Prkaa2,Camkk2,7,-0.488025077812844,0.266531506229232,0,0,,,FALSE
liver,cDC,AMPK,Irs2,Fasn,7,-0.469746794436378,0.287524237204863,12,1.64,0.566433566433567,0.0548421197754078,FALSE
liver,cDC,AMPK,Fbp1,Srebf1,7,0.459200670646991,0.299958776103622,0,0,,,FALSE
liver,cDC,AMPK,Ppargc1a,Fasn,7,-0.418457998083434,0.350131739401121,0,0,,,FALSE
liver,cDC,AMPK,Foxo1,Fbp1,7,0.417449776453261,0.351415056745636,0,0,,,FALSE
liver,cDC,AMPK,Prkaa1,Igf1,7,0.414636222282769,0.355006671039867,0,0,,,FALSE
liver,cDC,AMPK,Foxo1,Irs2,7,0.405301839141579,0.367030879941291,11,1.5,0.7,0.0164709788365144,FALSE
liver,cDC,AMPK,Sirt1,Ppargc1a,7,0.365093251818907,0.4206665274722,0,0,,,FALSE
liver,cDC,AMPK,Sirt1,Fbp1,7,-0.36343613853899,0.422938815411215,0,0,,,FALSE
liver,cDC,AMPK,Igf1,Ccnd1,7,-0.362757860441375,0.423870259325047,3,0.41,,,FALSE
liver,cDC,AMPK,Prkaa1,Fasn,7,0.360994564846321,0.426295404075032,10,1.37,1,1.0635035875251e-62,FALSE
liver,cDC,AMPK,Irs2,Srebf1,7,-0.354797660328784,0.434860443895802,3,0.41,,,FALSE
liver,cDC,AMPK,Prkaa1,Fbp1,7,-0.344908589377058,0.448662574609268,0,0,,,FALSE
liver,cDC,AMPK,Prkaa1,Ppargc1a,7,-0.335737069509403,0.461607423429228,0,0,,,FALSE
liver,cDC,AMPK,Igf1,Fbp1,7,-0.32904235817733,0.471142183106685,0,0,,,FALSE
liver,cDC,AMPK,Irs2,Fbp1,7,0.322259887734131,0.480874250931735,0,0,,,FALSE
liver,cDC,AMPK,Fasn,Ccnd1,7,0.316689672164034,0.488920383301229,86,11.76,0.182395396009246,0.0927929280340526,FALSE
liver,cDC,AMPK,Prkaa1,Sirt1,7,-0.315278750047493,0.490966012893228,8,1.09,,,FALSE
liver,cDC,AMPK,Igf1,Fasn,7,0.312238243515683,0.495384596502561,1,0.14,,,FALSE
liver,cDC,AMPK,Sirt1,Foxo1,7,0.310606795129297,0.497761246502853,15,2.05,0.410714285714286,0.128328646015749,FALSE
liver,cDC,AMPK,Prkaa2,Igf1,7,-0.310211741205181,0.498337353015627,0,0,,,FALSE
liver,cDC,AMPK,Prkaa2,Fbp1,7,-0.257181379061429,0.577689936152332,0,0,,,FALSE
liver,cDC,AMPK,Sirt1,Fasn,7,-0.219437622741412,0.636375128511868,25,3.42,0.550769230769231,0.0043288477428479,FALSE
liver,cDC,AMPK,Camkk2,Irs2,7,0.217556133513925,0.639343259798267,7,0.96,,,FALSE
liver,cDC,AMPK,Foxo1,Srebf1,7,-0.213714906183263,0.645414815952706,5,0.68,,,FALSE
liver,cDC,AMPK,Prkaa1,Camkk2,7,0.194674873977701,0.675736418164686,12,1.64,0.804195804195804,0.00161476898606993,FALSE
liver,cDC,AMPK,Prkaa2,Foxo1,7,0.19042580446528,0.682552424376828,0,0,,,FALSE
liver,cDC,AMPK,Igf1,Srebf1,7,0.177932486738688,0.702691359104453,1,0.14,,,FALSE
liver,cDC,AMPK,Sirt1,Igf1,7,-0.173051939084184,0.710597014840065,0,0,,,FALSE
liver,cDC,AMPK,Ppargc1a,Fbp1,7,-0.166666666666667,0.72097120207323,0,0,,,FALSE
liver,cDC,AMPK,Camkk2,Fbp1,7,0.165561244906756,0.72277068755057,0,0,,,FALSE
liver,cDC,AMPK,Prkaa2,Stk11,7,0.134947886544836,0.772985655372704,0,0,,,FALSE
liver,cDC,AMPK,Fbp1,Fasn,7,-0.129882185082096,0.78136024472154,0,0,,,FALSE
liver,cDC,AMPK,Fbp1,Ccnd1,7,-0.118225981193003,0.800693071816858,0,0,,,FALSE
liver,cDC,AMPK,Camkk2,Srebf1,7,0.116988378373407,0.802750652080533,6,0.82,,,FALSE
liver,cDC,AMPK,Prkaa2,Fasn,7,0.11453083080024,0.806839132657453,0,0,,,FALSE
liver,cDC,AMPK,Prkaa1,Stk11,7,0.114348148916526,0.807143190658806,17,2.33,0.649908154038086,0.00474181248426977,FALSE
liver,cDC,AMPK,Srebf1,Fasn,7,-0.113667017100239,0.808277044889943,15,2.05,0.321428571428571,0.242719046801668,FALSE
liver,cDC,AMPK,Prkaa2,Irs2,7,0.0993489969505262,0.832171027080197,0,0,,,FALSE
liver,cDC,AMPK,Stk11,Irs2,7,-0.0897574466180735,0.848236088437562,21,2.87,0.409090909090909,0.0655581692093152,FALSE
liver,cDC,AMPK,Stk11,Ppargc1a,7,-0.0789858993836291,0.866327261292476,0,0,,,FALSE
liver,cDC,AMPK,Ppargc1a,Irs2,7,0.0749369093045503,0.873140046213445,1,0.14,,,FALSE
liver,cDC,AMPK,Ppargc1a,Foxo1,7,0.0672611358284305,0.886072066306406,0,0,,,FALSE
liver,cDC,AMPK,Foxo1,Ccnd1,7,-0.0599980261101268,0.898327416767171,36,4.92,0.213899613899614,0.210328452016489,FALSE
liver,cDC,AMPK,Stk11,Sirt1,7,0.0594769766877501,0.899207247011103,38,5.2,0.64109858846701,1.44777502676465e-05,FALSE
liver,cDC,AMPK,Ppargc1a,Igf1,7,-0.0521894386464695,0.911521068832621,0,0,,,FALSE
liver,cDC,AMPK,Stk11,Srebf1,7,-0.0520938445072279,0.911682693112213,17,2.33,0.666666666666667,0.0034699602434104,FALSE
liver,cDC,AMPK,Stk11,Fbp1,7,-0.0516047335336228,0.912509687549089,1,0.14,,,FALSE
liver,cDC,AMPK,Prkaa1,Ccnd1,7,0.0454252329955895,0.922963267582887,26,3.56,0.126837606837607,0.536943539113977,FALSE
liver,cDC,AMPK,Stk11,Ccnd1,7,-0.0442747122417391,0.924910561614515,137,18.74,0.418168389783628,3.68298546349224e-07,FALSE
liver,cDC,AMPK,Irs2,Igf1,7,-0.0418339840790271,0.929042551608177,0,0,,,FALSE
liver,cDC,AMPK,Sirt1,Ccnd1,7,0.041164278611991,0.93017654313477,61,8.34,0.329032258064516,0.00962018896522882,FALSE
liver,cDC,AMPK,Srebf1,Ccnd1,7,0.0281422031766553,0.952243228585622,31,4.24,-0.295967741935484,0.105961451764565,FALSE
liver,cDC,AMPK,Ppargc1a,Srebf1,7,0.014223123959149,0.975856517087134,0,0,,,FALSE
liver,cDC,AMPK,Sirt1,Irs2,7,0.0109213308195739,0.981460478660368,12,1.64,0.853146853146853,0.000418117940414995,FALSE
liver,pDC,AMPK,Ppargc1a,Foxo1,7,0.924039819551398,0.00293098222899238,1,0.13,,,FALSE
liver,pDC,AMPK,Camkk2,Ccnd1,7,0.802167061629286,0.0299605306764003,33,4.41,0.197860962566845,0.269699535175736,FALSE
liver,pDC,AMPK,Fbp1,Srebf1,7,-0.705592199470367,0.076498807595725,0,0,,,FALSE
liver,pDC,AMPK,Sirt1,Irs2,7,-0.704744829253113,0.0770115908080161,15,2.01,0.567857142857143,0.0272283567088619,FALSE
liver,pDC,AMPK,Ppargc1a,Irs2,7,0.698590501091085,0.0807907222156046,1,0.13,,,FALSE
liver,pDC,AMPK,Foxo1,Irs2,7,0.654282616936506,0.110838964282583,44,5.88,0.207610993657505,0.176286567678599,FALSE
liver,pDC,AMPK,Stk11,Sirt1,7,0.63630743786884,0.124443385344708,34,4.55,0.549579831932773,0.000761046440748909,FALSE
liver,pDC,AMPK,Foxo1,Igf1,7,-0.621010825353905,0.13665691705769,1,0.13,,,FALSE
liver,pDC,AMPK,Sirt1,Ccnd1,7,0.606742498528073,0.148572340598758,65,8.69,0.419842657342657,0.000498485931387909,FALSE
liver,pDC,AMPK,Prkaa1,Irs2,7,-0.58240796650448,0.170044823186247,16,2.14,0.294117647058824,0.268846554622893,FALSE
liver,pDC,AMPK,Ppargc1a,Igf1,7,-0.580967900664847,0.171360541473629,0,0,,,FALSE
liver,pDC,AMPK,Stk11,Igf1,7,-0.540772372675667,0.210077121935349,0,0,,,FALSE
liver,pDC,AMPK,Stk11,Srebf1,7,-0.540191212647658,0.210664724275181,33,4.41,0.587232620320856,0.000327359995015154,FALSE
liver,pDC,AMPK,Prkaa1,Fasn,7,-0.529367566613246,0.221750713567634,4,0.53,,,FALSE
liver,pDC,AMPK,Camkk2,Foxo1,7,-0.528289182951649,0.222869968187483,6,0.8,,,FALSE
liver,pDC,AMPK,Sirt1,Foxo1,7,-0.526098732620286,0.225151612096314,6,0.8,,,FALSE
liver,pDC,AMPK,Sirt1,Ppargc1a,7,-0.499108878634676,0.254153472286896,1,0.13,,,FALSE
liver,pDC,AMPK,Foxo1,Ccnd1,7,-0.474288514360073,0.28224140513059,102,13.64,0.190030025275514,0.0557447067641487,FALSE
liver,pDC,AMPK,Stk11,Camkk2,7,0.464294895632696,0.293923278551836,12,1.6,0.615384615384615,0.0331699010901058,FALSE
liver,pDC,AMPK,Irs2,Fasn,7,0.458974885845659,0.300227530685937,22,2.94,0.235460191981931,0.291488234961247,FALSE
liver,pDC,AMPK,Camkk2,Sirt1,7,0.452473090897096,0.308011969963529,3,0.4,,,FALSE
liver,pDC,AMPK,Sirt1,Fbp1,7,-0.401740483335727,0.371661984288854,0,0,,,FALSE
liver,pDC,AMPK,Camkk2,Fasn,7,-0.373889314877615,0.408685097736689,4,0.53,,,FALSE
liver,pDC,AMPK,Igf1,Ccnd1,7,0.373176776424202,0.409650621695177,1,0.13,,,FALSE
liver,pDC,AMPK,Srebf1,Fasn,7,-0.355207077248417,0.434292556939042,8,1.07,,,FALSE
liver,pDC,AMPK,Camkk2,Srebf1,7,-0.350707573282366,0.440549150627679,4,0.53,,,FALSE
liver,pDC,AMPK,Irs2,Srebf1,7,-0.348019847682871,0.444302632835416,16,2.14,0.461764705882353,0.0717684158405381,FALSE
liver,pDC,AMPK,Camkk2,Ppargc1a,7,-0.343225839686051,0.451027343553642,0,0,,,FALSE
liver,pDC,AMPK,Stk11,Irs2,7,-0.341211246734058,0.453864565040582,59,7.89,0.279080641184689,0.0323125720113735,FALSE
liver,pDC,AMPK,Irs2,Igf1,7,-0.335589502200881,0.461816818702567,0,0,,,FALSE
liver,pDC,AMPK,Irs2,Ccnd1,7,-0.33232254320035,0.466461528622272,150,20.05,0.0937998078135468,0.253571589199108,FALSE
liver,pDC,AMPK,Irs2,Fbp1,7,0.330018363642857,0.46974768760546,1,0.13,,,FALSE
liver,pDC,AMPK,Stk11,Ccnd1,7,0.309548890092027,0.499304514220892,219,29.28,0.10551039008854,0.119512241876874,FALSE
liver,pDC,AMPK,Prkaa1,Srebf1,7,0.302861937371832,0.509098022289821,3,0.4,,,FALSE
liver,pDC,AMPK,Stk11,Fbp1,7,0.299982771378405,0.51333508150472,0,0,,,FALSE
liver,pDC,AMPK,Igf1,Srebf1,7,0.288028751144112,0.531054978955974,0,0,,,FALSE
liver,pDC,AMPK,Ppargc1a,Fasn,7,0.286171149282599,0.53382678402626,1,0.13,,,FALSE
liver,pDC,AMPK,Prkaa1,Stk11,7,0.257005319337473,0.577959686201641,9,1.2,,,FALSE
liver,pDC,AMPK,Ppargc1a,Ccnd1,7,-0.256966439159581,0.578019261784241,7,0.94,,,FALSE
liver,pDC,AMPK,Foxo1,Fasn,7,0.243106623500913,0.599376256916714,18,2.41,0.323013415892673,0.19106788357349,FALSE
liver,pDC,AMPK,Stk11,Fasn,7,-0.211885969024967,0.648311217301541,29,3.88,0.653694581280788,0.000120349207503132,FALSE
liver,pDC,AMPK,Stk11,Foxo1,7,-0.207991823023872,0.654489907830634,36,4.81,0.381209781209781,0.0217948267961371,FALSE
liver,pDC,AMPK,Prkaa1,Camkk2,7,-0.201441918015823,0.664917683389559,0,0,,,FALSE
liver,pDC,AMPK,Ppargc1a,Fbp1,7,0.194299871711979,0.676337264771808,1,0.13,,,FALSE
liver,pDC,AMPK,Camkk2,Irs2,7,-0.187143852962884,0.687828844983275,7,0.94,,,FALSE
liver,pDC,AMPK,Prkaa1,Fbp1,7,0.184260468928229,0.692472813153223,1,0.13,,,FALSE
liver,pDC,AMPK,Camkk2,Fbp1,7,0.181124281276782,0.697532648488877,0,0,,,FALSE
liver,pDC,AMPK,Foxo1,Srebf1,7,0.166952444921233,0.720506157675816,14,1.87,0.784615384615385,0.000890073974907857,FALSE
liver,pDC,AMPK,Igf1,Fbp1,7,-0.166666666666667,0.72097120207323,0,0,,,FALSE
liver,pDC,AMPK,Srebf1,Ccnd1,7,-0.140225329211951,0.764279612295042,77,10.29,0.121404910878595,0.292893412629414,FALSE
liver,pDC,AMPK,Fbp1,Fasn,7,-0.127005079348479,0.786124195374023,0,0,,,FALSE
liver,pDC,AMPK,Fbp1,Ccnd1,7,-0.120242215986591,0.797342940134794,1,0.13,,,FALSE
liver,pDC,AMPK,Camkk2,Igf1,7,0.117667882692359,0.801620827341351,0,0,,,FALSE
liver,pDC,AMPK,Ppargc1a,Srebf1,7,-0.0911463686733131,0.845907059413491,2,0.27,,,FALSE
liver,pDC,AMPK,Sirt1,Srebf1,7,-0.0900269787945673,0.847784051379793,8,1.07,,,FALSE
liver,pDC,AMPK,Fasn,Ccnd1,7,-0.0745801207393782,0.873740678623207,74,9.89,0.449152165864495,5.96810536756773e-05,FALSE
liver,pDC,AMPK,Prkaa1,Ccnd1,7,-0.0681203877157834,0.884623369446164,28,3.74,-0.0136836343732895,0.944902978380715,FALSE
liver,pDC,AMPK,Foxo1,Fbp1,7,-0.0668964764524495,0.886686957697798,1,0.13,,,FALSE
liver,pDC,AMPK,Prkaa1,Foxo1,7,-0.0652844165836018,0.889405763482233,9,1.2,,,FALSE
liver,pDC,AMPK,Prkaa1,Sirt1,7,0.0566839624881367,0.903924838437479,2,0.27,,,FALSE
liver,pDC,AMPK,Stk11,Ppargc1a,7,-0.0515996429093379,0.912518295166133,2,0.27,,,FALSE
liver,pDC,AMPK,Prkaa1,Igf1,7,0.0280881971204894,0.952334803426703,0,0,,,FALSE
liver,pDC,AMPK,Sirt1,Igf1,7,0.0185449610908507,0.968522509696029,0,0,,,FALSE
liver,pDC,AMPK,Sirt1,Fasn,7,-0.0149054768405291,0.974698487482747,11,1.47,0.609090909090909,0.0466957093540989,FALSE
liver,pDC,AMPK,Igf1,Fasn,7,0.013025117507719,0.977889749406595,0,0,,,FALSE
liver,pDC,AMPK,Prkaa1,Ppargc1a,7,-0.00404417132777812,0.993134457664117,1,0.13,,,FALSE
liver,pDC,AMPK,Prkaa1,Prkaa2,7,,,0,0,,,FALSE
liver,pDC,AMPK,Prkaa2,Stk11,7,,,0,0,,,FALSE
liver,pDC,AMPK,Prkaa2,Camkk2,7,,,0,0,,,FALSE
liver,pDC,AMPK,Prkaa2,Sirt1,7,,,0,0,,,FALSE
liver,pDC,AMPK,Prkaa2,Ppargc1a,7,,,0,0,,,FALSE
liver,pDC,AMPK,Prkaa2,Foxo1,7,,,0,0,,,FALSE
liver,pDC,AMPK,Prkaa2,Irs2,7,,,0,0,,,FALSE
liver,pDC,AMPK,Prkaa2,Igf1,7,,,0,0,,,FALSE
liver,pDC,AMPK,Prkaa2,Fbp1,7,,,0,0,,,FALSE
liver,pDC,AMPK,Prkaa2,Srebf1,7,,,0,0,,,FALSE
liver,pDC,AMPK,Prkaa2,Fasn,7,,,0,0,,,FALSE
liver,pDC,AMPK,Prkaa2,Ccnd1,7,,,0,0,,,FALSE
liver,B_cell,p53,Mdm2,Zmat3,7,0.740948090463982,0.0567319073695887,12,0.16,0.734265734265734,0.00654349014683787,FALSE
liver,B_cell,p53,Trp53,Cdkn1a,7,0.57525521381304,0.176629089479508,44,0.6,0.48204658404077,0.000921891299876799,FALSE
liver,B_cell,p53,Trp53,Serpine1,7,-0.541330092979197,0.209513954902788,7,0.09,,,FALSE
liver,B_cell,p53,Mdm2,Cdkn1a,7,-0.532433390246446,0.218583236243496,35,0.47,0.689075630252101,4.71315392874914e-06,FALSE
liver,B_cell,p53,Bax,Zmat3,7,0.485957605479447,0.268870009891485,10,0.14,0.915151515151515,0.000204472406148833,FALSE
liver,B_cell,p53,Cdkn1a,Bax,7,0.461745447019449,0.296937028530956,76,1.03,0.505840778144272,3.14372451907072e-06,FALSE
liver,B_cell,p53,Phlda3,Serpine1,7,0.451452162599804,0.309242217388539,0,0,,,FALSE
liver,B_cell,p53,Trp53,Zmat3,7,-0.447709919607637,0.313769983188949,12,0.16,0.657342657342657,0.0201854985098541,FALSE
liver,B_cell,p53,Cdkn1a,Phlda3,7,0.439449656155988,0.323864947956756,2,0.03,,,FALSE
liver,B_cell,p53,Trp53,Mdm2,7,-0.35241108961174,0.438176394836277,161,2.18,0.766699496056878,2.05490486982663e-32,FALSE
liver,B_cell,p53,Cdkn1a,Serpine1,7,-0.34335368972207,0.450847512393845,1,0.01,,,FALSE
liver,B_cell,p53,Cdkn1a,Zmat3,7,-0.246162046678694,0.594647812963641,1,0.01,,,FALSE
liver,B_cell,p53,Mdm2,Phlda3,7,-0.212338442914553,0.647594326244735,0,0,,,FALSE
liver,B_cell,p53,Trp53,Bax,7,0.193129745456555,0.678212973514479,312,4.22,0.636850201992457,6.83187716061204e-37,FALSE
liver,B_cell,p53,Trp53,Phlda3,7,-0.157182258739852,0.736443178299716,1,0.01,,,FALSE
liver,B_cell,p53,Zmat3,Serpine1,7,0.106703387441828,0.819884164949987,0,0,,,FALSE
liver,B_cell,p53,Mdm2,Serpine1,7,0.0751720829370364,0.872744171813766,6,0.08,,,FALSE
liver,B_cell,p53,Bax,Phlda3,7,-0.070661045120155,0.880341333619063,3,0.04,,,FALSE
liver,B_cell,p53,Zmat3,Phlda3,7,-0.050899819932589,0.913701673845498,0,0,,,FALSE
liver,B_cell,p53,Mdm2,Bax,7,0.0427678224341782,0.927461471759969,251,3.4,0.62825491449332,5.72300871040001e-29,FALSE
liver,B_cell,p53,Bax,Serpine1,7,-0.0270037499242088,0.95417372290366,9,0.12,,,FALSE
liver,B_cell,p53,Trp53,Ccnd1,7,,,0,0,,,FALSE
liver,B_cell,p53,Trp53,Igf1,7,,,0,0,,,FALSE
liver,B_cell,p53,Mdm2,Ccnd1,7,,,0,0,,,FALSE
liver,B_cell,p53,Mdm2,Igf1,7,,,0,0,,,FALSE
liver,B_cell,p53,Cdkn1a,Ccnd1,7,,,0,0,,,FALSE
liver,B_cell,p53,Cdkn1a,Igf1,7,,,0,0,,,FALSE
liver,B_cell,p53,Ccnd1,Bax,7,,,0,0,,,FALSE
liver,B_cell,p53,Ccnd1,Zmat3,7,,,0,0,,,FALSE
liver,B_cell,p53,Ccnd1,Phlda3,7,,,0,0,,,FALSE
liver,B_cell,p53,Ccnd1,Serpine1,7,,,0,0,,,FALSE
liver,B_cell,p53,Ccnd1,Igf1,7,,,0,0,,,FALSE
liver,B_cell,p53,Bax,Igf1,7,,,0,0,,,FALSE
liver,B_cell,p53,Zmat3,Igf1,7,,,0,0,,,FALSE
liver,B_cell,p53,Phlda3,Igf1,7,,,0,0,,,FALSE
liver,B_cell,p53,Serpine1,Igf1,7,,,0,0,,,FALSE
liver,Cholangiocyte,p53,Bax,Phlda3,7,0.942462527109864,0.00147846542146183,83,13.05,0.545023298769993,9.97126641850039e-08,TRUE
liver,Cholangiocyte,p53,Cdkn1a,Phlda3,7,0.898583190998807,0.00595272447939547,60,9.43,0.499583217560434,4.82961684195148e-05,TRUE
liver,Cholangiocyte,p53,Cdkn1a,Bax,7,0.888603981929929,0.00748524518316343,114,17.92,0.641288433383453,1.51394141365645e-14,TRUE
liver,Cholangiocyte,p53,Trp53,Serpine1,7,-0.866558189757124,0.0116120631819438,8,1.26,,,FALSE
liver,Cholangiocyte,p53,Zmat3,Phlda3,7,0.807156933597818,0.0281875035139926,18,2.83,0.382868937048504,0.116832323012768,FALSE
liver,Cholangiocyte,p53,Cdkn1a,Zmat3,7,0.79130066574849,0.0340321813691241,20,3.14,0.146671691455523,0.537200292409665,FALSE
liver,Cholangiocyte,p53,Serpine1,Igf1,7,0.780240264471026,0.0384752995895152,14,2.2,0.740659340659341,0.00244519764044602,FALSE
liver,Cholangiocyte,p53,Ccnd1,Zmat3,7,0.759207460534388,0.0477650586746153,38,5.97,0.23514607725134,0.155278356889137,FALSE
liver,Cholangiocyte,p53,Ccnd1,Bax,7,0.748931766234726,0.0527076281813294,264,41.51,0.012736668450414,0.83681221954569,TRUE
liver,Cholangiocyte,p53,Bax,Zmat3,7,0.706337403721261,0.0760493608283961,33,5.19,0.441510695187166,0.0101060715777752,FALSE
liver,Cholangiocyte,p53,Ccnd1,Phlda3,7,0.668128087665831,0.100914838765885,89,13.99,-0.108563159686755,0.311202854864619,TRUE
liver,Cholangiocyte,p53,Cdkn1a,Ccnd1,7,0.630022082940722,0.129391378063901,119,18.71,0.00408775134510263,0.964807475634123,TRUE
liver,Cholangiocyte,p53,Trp53,Igf1,7,-0.578044510635976,0.174046854773826,70,11.01,0.25525325868253,0.0329564642402806,FALSE
liver,Cholangiocyte,p53,Mdm2,Serpine1,7,0.481878555319759,0.273510885610159,7,1.1,,,FALSE
liver,Cholangiocyte,p53,Trp53,Zmat3,7,-0.460520803632583,0.298389525827027,18,2.83,0.450980392156863,0.0603262357856848,FALSE
liver,Cholangiocyte,p53,Ccnd1,Igf1,7,-0.447638621769858,0.313856524687291,163,25.63,0.00275159193309725,0.972191630096253,FALSE
liver,Cholangiocyte,p53,Mdm2,Cdkn1a,7,0.431031070708705,0.334294526924381,40,6.29,0.266979362101313,0.0958398743468332,FALSE
liver,Cholangiocyte,p53,Trp53,Cdkn1a,7,-0.421474184732959,0.346304341342205,59,9.28,0.328467686588052,0.0110875568148265,FALSE
liver,Cholangiocyte,p53,Bax,Igf1,7,-0.400919406550073,0.372733070678514,117,18.4,0.296145603860391,0.00118712782526724,FALSE
liver,Cholangiocyte,p53,Trp53,Mdm2,7,-0.373572232778923,0.409114648625924,48,7.55,0.391120277898393,0.00598189557140386,FALSE
liver,Cholangiocyte,p53,Cdkn1a,Serpine1,7,0.362124704227571,0.424740454521551,11,1.73,0.109090909090909,0.749508596234148,FALSE
liver,Cholangiocyte,p53,Trp53,Phlda3,7,-0.356010649953875,0.433178775606676,42,6.6,0.0820841098776436,0.605306012318635,FALSE
liver,Cholangiocyte,p53,Phlda3,Serpine1,7,0.298878038918331,0.514964048812841,12,1.89,0.776223776223776,0.00299286368018598,FALSE
liver,Cholangiocyte,p53,Ccnd1,Serpine1,7,-0.28533735176938,0.535072496643415,22,3.46,0.0468661773009599,0.835928888224099,FALSE
liver,Cholangiocyte,p53,Mdm2,Zmat3,7,0.275092033409814,0.550457490712738,10,1.57,0.781818181818182,0.00754700778106788,FALSE
liver,Cholangiocyte,p53,Mdm2,Igf1,7,0.262005032990952,0.570314719242187,45,7.08,0.408563899868248,0.00533054292492198,FALSE
liver,Cholangiocyte,p53,Mdm2,Ccnd1,7,0.232464870371896,0.615931658656645,97,15.25,0.168130654323585,0.0997288933661762,FALSE
liver,Cholangiocyte,p53,Zmat3,Serpine1,7,0.231566935682698,0.617334622156615,3,0.47,,,FALSE
liver,Cholangiocyte,p53,Trp53,Ccnd1,7,0.183457789450393,0.693766975355835,154,24.21,0.100119273711946,0.216669932725279,FALSE
liver,Cholangiocyte,p53,Cdkn1a,Igf1,7,-0.160222112065594,0.731476301778021,55,8.65,0.344660894660895,0.00997056151539738,FALSE
liver,Cholangiocyte,p53,Phlda3,Igf1,7,-0.157050198714453,0.736659120362629,32,5.03,0.504765395894428,0.00321650476026167,FALSE
liver,Cholangiocyte,p53,Mdm2,Phlda3,7,0.149818862921311,0.748504385746742,25,3.93,0.179230769230769,0.391308496089342,FALSE
liver,Cholangiocyte,p53,Mdm2,Bax,7,0.0940809405345395,0.840989139732804,78,12.26,0.29402243326294,0.00897939880739886,FALSE
liver,Cholangiocyte,p53,Trp53,Bax,7,-0.0785123103404988,0.867123783788389,125,19.65,0.31783039808331,0.00030399234493701,FALSE
liver,Cholangiocyte,p53,Bax,Serpine1,7,0.0481380066185446,0.918373034336246,15,2.36,0.182142857142857,0.515881681707039,FALSE
liver,Cholangiocyte,p53,Zmat3,Igf1,7,-0.0421488953915839,0.928509354944594,15,2.36,0.45,0.0923573749481227,FALSE
liver,HSC_Fibroblast,p53,Trp53,Phlda3,7,0.798863891684013,0.0311676221047314,111,5.48,0.353875719005436,0.000138875750219317,FALSE
liver,HSC_Fibroblast,p53,Cdkn1a,Igf1,7,0.782833897622976,0.0374062032669386,282,13.93,0.246113091671522,2.92739404686286e-05,FALSE
liver,HSC_Fibroblast,p53,Ccnd1,Bax,7,0.729949788780024,0.0625403412775381,179,8.84,0.488344782889184,4.07329090764854e-12,FALSE
liver,HSC_Fibroblast,p53,Ccnd1,Igf1,7,-0.69377357591208,0.0838158760800918,168,8.3,0.411976554076969,2.88370702756479e-08,FALSE
liver,HSC_Fibroblast,p53,Trp53,Bax,7,-0.676976404396839,0.0948266132985062,151,7.46,0.399347158151199,3.78559995873017e-07,FALSE
liver,HSC_Fibroblast,p53,Trp53,Serpine1,7,0.644714895940438,0.117979279217327,121,5.98,0.270871614401578,0.00265538635903507,FALSE
liver,HSC_Fibroblast,p53,Mdm2,Ccnd1,7,0.552358186631128,0.198526802829057,83,4.1,0.629759455942236,1.79536183422465e-10,FALSE
liver,HSC_Fibroblast,p53,Cdkn1a,Phlda3,7,0.546378249189829,0.204449351105385,183,9.04,0.367043068628172,3.20870978530417e-07,FALSE
liver,HSC_Fibroblast,p53,Cdkn1a,Ccnd1,7,-0.544267398532204,0.206559872331963,201,9.93,0.33129907318573,1.55489952141175e-06,FALSE
liver,HSC_Fibroblast,p53,Ccnd1,Phlda3,7,-0.540768891698055,0.210080639171704,144,7.11,0.343810786914235,2.45254812533954e-05,FALSE
liver,HSC_Fibroblast,p53,Serpine1,Igf1,7,0.533859881907123,0.217116796306526,257,12.7,0.157729347785745,0.0113369505840849,FALSE
liver,HSC_Fibroblast,p53,Mdm2,Zmat3,7,-0.530062882152569,0.221030455666081,20,0.99,0.67218045112782,0.00116843029037229,FALSE
liver,HSC_Fibroblast,p53,Phlda3,Igf1,7,0.512922178226391,0.239106425349942,178,8.79,0.182042860775358,0.0150156977584038,FALSE
liver,HSC_Fibroblast,p53,Trp53,Igf1,7,0.487635870044693,0.266971028740935,151,7.46,0.333302834875375,2.89117571396608e-05,FALSE
liver,HSC_Fibroblast,p53,Trp53,Ccnd1,7,-0.439550726919695,0.323740595263624,103,5.09,0.366208320520142,0.000142212339483977,FALSE
liver,HSC_Fibroblast,p53,Bax,Igf1,7,-0.435150801654086,0.329173022390981,254,12.55,0.245871630175398,7.48923263404546e-05,FALSE
liver,HSC_Fibroblast,p53,Bax,Zmat3,7,-0.431398837495773,0.333835961921894,52,2.57,0.588918295910527,4.37945323645345e-06,FALSE
liver,HSC_Fibroblast,p53,Zmat3,Serpine1,7,-0.408627155455234,0.36272831939807,46,2.27,-0.052358926919519,0.729658578080082,FALSE
liver,HSC_Fibroblast,p53,Phlda3,Serpine1,7,0.388449630422821,0.389153556432328,153,7.56,0.116809403187112,0.150453679622464,FALSE
liver,HSC_Fibroblast,p53,Mdm2,Phlda3,7,-0.385943809064976,0.392487723313657,83,4.1,0.354680268253519,0.00100209204077921,FALSE
liver,HSC_Fibroblast,p53,Ccnd1,Zmat3,7,-0.36631872232183,0.418989178696411,37,1.83,0.399976291378932,0.0141742577297793,FALSE
liver,HSC_Fibroblast,p53,Bax,Phlda3,7,-0.354214560214758,0.435669729135742,176,8.7,0.515491432414079,2.46392741590679e-13,FALSE
liver,HSC_Fibroblast,p53,Cdkn1a,Zmat3,7,-0.329090737358869,0.471073024436861,55,2.72,0.115295815295815,0.401908597791495,FALSE
liver,HSC_Fibroblast,p53,Mdm2,Bax,7,0.274745276545375,0.550980702750352,93,4.59,0.479941213116992,1.12751377115071e-06,FALSE
liver,HSC_Fibroblast,p53,Mdm2,Serpine1,7,0.228199517440223,0.622604202052682,103,5.09,0.32154879381449,0.000926469925324906,FALSE
liver,HSC_Fibroblast,p53,Cdkn1a,Serpine1,7,0.227235119619134,0.624115732996467,255,12.6,0.139988181734955,0.0253866384077831,FALSE
liver,HSC_Fibroblast,p53,Trp53,Cdkn1a,7,0.185322636184329,0.690761192044896,140,6.92,0.129789420743041,0.126414922094975,FALSE
liver,HSC_Fibroblast,p53,Mdm2,Igf1,7,-0.173419158742804,0.710001455166882,108,5.34,0.528441284700152,4.1496812567472e-09,FALSE
liver,HSC_Fibroblast,p53,Bax,Serpine1,7,-0.147451981342889,0.752390107992836,225,11.12,0.212082862432283,0.00137425311892547,FALSE
liver,HSC_Fibroblast,p53,Zmat3,Phlda3,7,0.144571170806206,0.757125158154619,42,2.08,0.304444714807649,0.0499611707275312,FALSE
liver,HSC_Fibroblast,p53,Trp53,Mdm2,7,-0.142318313984031,0.760832289913245,66,3.26,0.723828410395575,6.56542535980858e-12,FALSE
liver,HSC_Fibroblast,p53,Zmat3,Igf1,7,-0.129178068452447,0.782525633348489,50,2.47,0.231596638655462,0.10559746994683,FALSE
liver,HSC_Fibroblast,p53,Mdm2,Cdkn1a,7,-0.124202732801974,0.790769465461793,118,5.83,0.129301450784041,0.162869079364245,FALSE
liver,HSC_Fibroblast,p53,Trp53,Zmat3,7,0.114504147659463,0.806883543203835,34,1.68,0.523605805958747,0.00148343236127999,FALSE
liver,HSC_Fibroblast,p53,Ccnd1,Serpine1,7,0.077535613398645,0.86876675783759,194,9.58,0.193042035493697,0.00700088362943127,FALSE
liver,HSC_Fibroblast,p53,Cdkn1a,Bax,7,0.0261751663991935,0.955578878379268,274,13.54,0.32131610306717,5.34813087369126e-08,FALSE
liver,LSEC,p53,Cdkn1a,Phlda3,7,0.989642858169358,2.08516156572122e-05,36,4.83,0.227541827541828,0.181989529329675,TRUE
liver,LSEC,p53,Trp53,Serpine1,7,-0.929956526977333,0.00240092774666821,0,0,,,FALSE
liver,LSEC,p53,Bax,Phlda3,7,0.85005482196812,0.01539843528218,34,4.56,0.391596638655462,0.0220039177476073,TRUE
liver,LSEC,p53,Cdkn1a,Bax,7,0.799399142817809,0.0309702123766408,60,8.05,0.298249513753821,0.0206357560603956,TRUE
liver,LSEC,p53,Zmat3,Phlda3,7,0.723513494937246,0.0660819989346426,12,1.61,0.468531468531469,0.124454791188834,FALSE
liver,LSEC,p53,Cdkn1a,Zmat3,7,0.700887828667873,0.07936874311762,34,4.56,0.246447669977082,0.160005306725836,FALSE
liver,LSEC,p53,Mdm2,Zmat3,7,0.672576078754053,0.097829520694577,9,1.21,,,FALSE
liver,LSEC,p53,Cdkn1a,Ccnd1,7,0.652852496005916,0.111891610219474,49,6.58,0.179285714285714,0.217718163247056,TRUE
liver,LSEC,p53,Ccnd1,Phlda3,7,0.611466902301087,0.144571399108586,23,3.09,-0.16897233201581,0.440861722065763,TRUE
liver,LSEC,p53,Ccnd1,Bax,7,0.604146798528938,0.15079390046753,68,9.13,0.499370156888193,1.4576209351434e-05,TRUE
liver,LSEC,p53,Zmat3,Igf1,7,0.549225122677813,0.20161937319612,0,0,,,FALSE
liver,LSEC,p53,Bax,Zmat3,7,0.454908258349094,0.305086178874262,31,4.16,0.523790322580645,0.00249327415564973,FALSE
liver,LSEC,p53,Phlda3,Igf1,7,0.3867983335827,0.391349437523007,0,0,,,FALSE
liver,LSEC,p53,Mdm2,Bax,7,0.376383617723918,0.405312269864871,26,3.49,0.550769230769231,0.00354788401736575,FALSE
liver,LSEC,p53,Mdm2,Phlda3,7,0.364836956723795,0.421017657406996,7,0.94,,,FALSE
liver,LSEC,p53,Cdkn1a,Igf1,7,0.324975491636706,0.476969016679464,1,0.13,,,FALSE
liver,LSEC,p53,Mdm2,Cdkn1a,7,0.310344584022647,0.498143602373047,20,2.68,0.0270676691729323,0.909811665177451,FALSE
liver,LSEC,p53,Serpine1,Igf1,7,0.296887040662402,0.517904319175995,0,0,,,FALSE
liver,LSEC,p53,Cdkn1a,Serpine1,7,-0.276397097618261,0.54848976809732,0,0,,,FALSE
liver,LSEC,p53,Trp53,Zmat3,7,0.254762750327141,0.581399062096543,13,1.74,0.489010989010989,0.0899130823086563,FALSE
liver,LSEC,p53,Trp53,Cdkn1a,7,0.21943599765101,0.636377690501875,24,3.22,-0.0165217391304348,0.938922866945509,FALSE
liver,LSEC,p53,Trp53,Bax,7,-0.218235983210474,0.638270323871754,30,4.03,0.632925472747497,0.000174437352748504,FALSE
liver,LSEC,p53,Bax,Igf1,7,0.218108207319499,0.638471941031884,0,0,,,FALSE
liver,LSEC,p53,Bax,Serpine1,7,0.194840065260871,0.675471784147559,2,0.27,,,FALSE
liver,LSEC,p53,Zmat3,Serpine1,7,-0.19175083680233,0.680425055283547,0,0,,,FALSE
liver,LSEC,p53,Phlda3,Serpine1,7,-0.18797950010612,0.686484404400707,0,0,,,FALSE
liver,LSEC,p53,Trp53,Phlda3,7,0.171178684784889,0.713636889572053,13,1.74,0.659340659340659,0.0142255785114567,FALSE
liver,LSEC,p53,Mdm2,Serpine1,7,0.162070685422748,0.728459511716878,0,0,,,FALSE
liver,LSEC,p53,Trp53,Igf1,7,-0.138925771038647,0.76642165579937,0,0,,,FALSE
liver,LSEC,p53,Trp53,Ccnd1,7,-0.133171381239859,0.775920607410192,34,4.56,0.483880825057296,0.00373808583062065,FALSE
liver,LSEC,p53,Ccnd1,Igf1,7,-0.105761670411449,0.821455886780167,0,0,,,FALSE
liver,LSEC,p53,Mdm2,Igf1,7,0.079395352914023,0.865638679855862,0,0,,,FALSE
liver,LSEC,p53,Trp53,Mdm2,7,-0.0493366865487807,0.916345338627474,14,1.88,0.740659340659341,0.00244519764044602,FALSE
liver,LSEC,p53,Ccnd1,Zmat3,7,0.0389128364122148,0.933989520497716,19,2.55,0.670175438596491,0.00169130801821514,FALSE
liver,LSEC,p53,Mdm2,Ccnd1,7,0.0357889701867425,0.939281660182592,26,3.49,0.398974358974359,0.0434820375524984,FALSE
liver,LSEC,p53,Ccnd1,Serpine1,7,-0.0016609390616103,0.997180306163191,2,0.27,,,FALSE
liver,Monocyte,p53,Bax,Igf1,7,0.931162672745409,0.00230042104722129,7,0.76,,,FALSE
liver,Monocyte,p53,Ccnd1,Phlda3,7,0.898815615280099,0.00591944069287209,6,0.65,,,FALSE
liver,Monocyte,p53,Zmat3,Serpine1,7,0.817995294383813,0.02454406068078,0,0,,,FALSE
liver,Monocyte,p53,Mdm2,Serpine1,7,0.695240589953572,0.0828882992080973,5,0.54,,,FALSE
liver,Monocyte,p53,Mdm2,Bax,7,0.690769226880195,0.085732584175658,128,13.91,0.393391778062626,4.35515690367124e-06,FALSE
liver,Monocyte,p53,Zmat3,Phlda3,7,0.649228671552989,0.114581996780508,2,0.22,,,FALSE
liver,Monocyte,p53,Mdm2,Igf1,7,0.64452555521199,0.118122904335602,3,0.33,,,FALSE
liver,Monocyte,p53,Bax,Serpine1,7,0.555949286771269,0.195010433602932,19,2.07,0.442105263157895,0.0580567541676256,FALSE
liver,Monocyte,p53,Ccnd1,Igf1,7,-0.539996893372918,0.210861372096119,0,0,,,FALSE
liver,Monocyte,p53,Mdm2,Ccnd1,7,-0.529266606967536,0.221855386799388,8,0.87,,,FALSE
liver,Monocyte,p53,Trp53,Ccnd1,7,0.525410535705121,0.225870718647261,9,0.98,,,FALSE
liver,Monocyte,p53,Bax,Zmat3,7,0.501017894978561,0.252048748263337,11,1.2,-0.2,0.555445442105586,FALSE
liver,Monocyte,p53,Phlda3,Serpine1,7,0.468806257025237,0.288623705326476,5,0.54,,,FALSE
liver,Monocyte,p53,Cdkn1a,Phlda3,7,-0.459708835127667,0.299354288804434,18,1.96,0.0464396284829721,0.854813951687075,FALSE
liver,Monocyte,p53,Ccnd1,Bax,7,-0.442765178003106,0.319796420637094,30,3.26,0.089210233592881,0.639213473171117,FALSE
liver,Monocyte,p53,Serpine1,Igf1,7,0.433915009686931,0.330705770972903,2,0.22,,,FALSE
liver,Monocyte,p53,Cdkn1a,Ccnd1,7,-0.420657503501027,0.347338927007629,23,2.5,-0.228260869565217,0.294839847187007,FALSE
liver,Monocyte,p53,Trp53,Phlda3,7,0.39959268363589,0.37446643158076,7,0.76,,,FALSE
liver,Monocyte,p53,Ccnd1,Zmat3,7,0.388766481607874,0.388732778190755,1,0.11,,,FALSE
liver,Monocyte,p53,Mdm2,Zmat3,7,0.382491175030209,0.397100328643664,6,0.65,,,FALSE
liver,Monocyte,p53,Mdm2,Cdkn1a,7,0.333667048405331,0.464547943609379,154,16.74,0.261549077108849,0.00105094241652034,FALSE
liver,Monocyte,p53,Trp53,Serpine1,7,0.311424004457289,0.496570256553014,7,0.76,,,FALSE
liver,Monocyte,p53,Trp53,Cdkn1a,7,-0.301494258710411,0.511109222472384,91,9.89,0.0884854276158624,0.404243660657811,FALSE
liver,Monocyte,p53,Trp53,Igf1,7,-0.295247725874686,0.520329527623461,2,0.22,,,FALSE
liver,Monocyte,p53,Zmat3,Igf1,7,0.274000576089543,0.552104907632409,0,0,,,FALSE
liver,Monocyte,p53,Mdm2,Phlda3,7,-0.220649661000292,0.634465127454459,7,0.76,,,FALSE
liver,Monocyte,p53,Ccnd1,Serpine1,7,0.192921771992108,0.67854649285134,3,0.33,,,FALSE
liver,Monocyte,p53,Phlda3,Igf1,7,-0.18618387965967,0.689374115927911,0,0,,,FALSE
liver,Monocyte,p53,Cdkn1a,Zmat3,7,0.161612501449304,0.729206989477624,12,1.3,0.258741258741259,0.416774768899138,FALSE
liver,Monocyte,p53,Trp53,Bax,7,-0.142970521297911,0.759758689623247,87,9.46,0.37036159510097,0.000414021349873798,FALSE
liver,Monocyte,p53,Trp53,Zmat3,7,0.139634150116322,0.765253897095935,6,0.65,,,FALSE
liver,Monocyte,p53,Cdkn1a,Igf1,7,-0.120648687263458,0.796667854365611,8,0.87,,,FALSE
liver,Monocyte,p53,Bax,Phlda3,7,-0.0833018324448483,0.859072568012991,20,2.17,0.511278195488722,0.0212206441332248,FALSE
liver,Monocyte,p53,Cdkn1a,Bax,7,0.0737568107260636,0.87512685587472,335,36.41,0.0638304035445554,0.243974514830477,FALSE
liver,Monocyte,p53,Trp53,Mdm2,7,-0.0699287593059988,0.881575297509214,41,4.46,0.822996515679443,4.02050695339351e-11,FALSE
liver,Monocyte,p53,Cdkn1a,Serpine1,7,0.0112234949022866,0.980947603318355,12,1.3,0.832167832167832,0.00078544167785361,FALSE
liver,NK_cell,p53,Zmat3,Igf1,7,0.925122410935447,0.00282934798665353,1,0.17,,,FALSE
liver,NK_cell,p53,Trp53,Phlda3,7,0.656073915343007,0.109527743486292,4,0.67,,,FALSE
liver,NK_cell,p53,Cdkn1a,Serpine1,7,0.56650290813254,0.184852497365642,2,0.34,,,FALSE
liver,NK_cell,p53,Cdkn1a,Zmat3,7,0.561875835477778,0.189273644691742,2,0.34,,,FALSE
liver,NK_cell,p53,Mdm2,Phlda3,7,-0.466551199543164,0.291267413104871,0,0,,,FALSE
liver,NK_cell,p53,Cdkn1a,Igf1,7,0.461446691684005,0.297291081224825,0,0,,,FALSE
liver,NK_cell,p53,Bax,Serpine1,7,-0.453613738302224,0.306639991243331,3,0.5,,,FALSE
liver,NK_cell,p53,Trp53,Bax,7,0.440052258468209,0.323123838458989,55,9.23,0.547474747474747,1.52085580948005e-05,FALSE
liver,NK_cell,p53,Mdm2,Cdkn1a,7,0.412764722474181,0.357404144903367,21,3.52,0.061038961038961,0.792679653625775,FALSE
liver,NK_cell,p53,Cdkn1a,Bax,7,-0.403949242731911,0.368786955230076,33,5.54,0.428475935828877,0.0128533644838655,FALSE
liver,NK_cell,p53,Trp53,Serpine1,7,-0.39795029201904,0.37661676073184,2,0.34,,,FALSE
liver,NK_cell,p53,Phlda3,Igf1,7,-0.338957828606165,0.457045985860125,0,0,,,FALSE
liver,NK_cell,p53,Mdm2,Serpine1,7,-0.306139797793518,0.504289073173933,1,0.17,,,FALSE
liver,NK_cell,p53,Serpine1,Igf1,7,0.292463864597433,0.524456817197322,0,0,,,FALSE
liver,NK_cell,p53,Cdkn1a,Phlda3,7,-0.264917271276205,0.565876470575961,2,0.34,,,FALSE
liver,NK_cell,p53,Mdm2,Bax,7,0.264491467587562,0.566524709001559,35,5.87,0.629131652661065,5.1611999391895e-05,FALSE
liver,NK_cell,p53,Bax,Zmat3,7,0.234153629149491,0.61329560261524,5,0.84,,,FALSE
liver,NK_cell,p53,Bax,Igf1,7,0.195196514441134,0.674900848294255,0,0,,,FALSE
liver,NK_cell,p53,Zmat3,Serpine1,7,0.19205415028215,0.679938314984736,0,0,,,FALSE
liver,NK_cell,p53,Mdm2,Zmat3,7,0.184437017411569,0.692188243218361,2,0.34,,,FALSE
liver,NK_cell,p53,Trp53,Zmat3,7,0.179946830039402,0.699434626493872,5,0.84,,,FALSE
liver,NK_cell,p53,Trp53,Igf1,7,-0.171352363308233,0.713354920729869,0,0,,,FALSE
liver,NK_cell,p53,Trp53,Mdm2,7,0.138313743626688,0.767430862537397,27,4.53,0.488400488400488,0.00974459644155776,FALSE
liver,NK_cell,p53,Zmat3,Phlda3,7,-0.109485891150374,0.815242993319165,0,0,,,FALSE
liver,NK_cell,p53,Mdm2,Igf1,7,0.0742895953468393,0.874229796534907,1,0.17,,,FALSE
liver,NK_cell,p53,Trp53,Cdkn1a,7,-0.0589012507339098,0.90017949803461,25,4.19,0.214615384615385,0.302913187181062,FALSE
liver,NK_cell,p53,Phlda3,Serpine1,7,-0.0425688525646953,0.927798331478074,0,0,,,FALSE
liver,NK_cell,p53,Bax,Phlda3,7,0.00114811875588872,0.998050894348567,2,0.34,,,FALSE
liver,NK_cell,p53,Trp53,Ccnd1,7,,,0,0,,,FALSE
liver,NK_cell,p53,Mdm2,Ccnd1,7,,,0,0,,,FALSE
liver,NK_cell,p53,Cdkn1a,Ccnd1,7,,,0,0,,,FALSE
liver,NK_cell,p53,Ccnd1,Bax,7,,,0,0,,,FALSE
liver,NK_cell,p53,Ccnd1,Zmat3,7,,,0,0,,,FALSE
liver,NK_cell,p53,Ccnd1,Phlda3,7,,,0,0,,,FALSE
liver,NK_cell,p53,Ccnd1,Serpine1,7,,,0,0,,,FALSE
liver,NK_cell,p53,Ccnd1,Igf1,7,,,0,0,,,FALSE
liver,Neutrophil,p53,Bax,Serpine1,7,-0.781160972851633,0.0380938707806266,0,0,,,FALSE
liver,Neutrophil,p53,Ccnd1,Zmat3,7,-0.689854600655673,0.0863206548505172,0,0,,,FALSE
liver,Neutrophil,p53,Trp53,Bax,7,-0.610755687441601,0.145170191078196,0,0,,,FALSE
liver,Neutrophil,p53,Cdkn1a,Zmat3,7,-0.605836744455641,0.149345662297044,1,0.17,,,FALSE
liver,Neutrophil,p53,Trp53,Mdm2,7,-0.599544183826252,0.154773699009491,1,0.17,,,FALSE
liver,Neutrophil,p53,Mdm2,Serpine1,7,-0.575831051655124,0.176094469929856,3,0.52,,,FALSE
liver,Neutrophil,p53,Mdm2,Bax,7,0.550795403993055,0.200066514340178,4,0.7,,,FALSE
liver,Neutrophil,p53,Bax,Phlda3,7,-0.503256689247127,0.249590693026801,0,0,,,FALSE
liver,Neutrophil,p53,Phlda3,Serpine1,7,0.481683577147493,0.273733616691108,0,0,,,FALSE
liver,Neutrophil,p53,Trp53,Serpine1,7,0.449028576485167,0.312171263890967,0,0,,,FALSE
liver,Neutrophil,p53,Mdm2,Ccnd1,7,-0.430449554945632,0.335020160208633,1,0.17,,,FALSE
liver,Neutrophil,p53,Ccnd1,Phlda3,7,-0.390044160261496,0.38703788096759,0,0,,,FALSE
liver,Neutrophil,p53,Zmat3,Phlda3,7,0.33108797560505,0.468221185067652,0,0,,,FALSE
liver,Neutrophil,p53,Mdm2,Phlda3,7,0.27252357246851,0.554336802533299,0,0,,,FALSE
liver,Neutrophil,p53,Ccnd1,Bax,7,-0.257392290236163,0.577366840079803,0,0,,,FALSE
liver,Neutrophil,p53,Cdkn1a,Ccnd1,7,0.254009464754701,0.582555776955104,1,0.17,,,FALSE
liver,Neutrophil,p53,Trp53,Zmat3,7,-0.244762018574881,0.596813037245561,0,0,,,FALSE
liver,Neutrophil,p53,Bax,Zmat3,7,0.225387864122292,0.627013917663664,0,0,,,FALSE
liver,Neutrophil,p53,Trp53,Cdkn1a,7,0.220215009795714,0.635149891606413,1,0.17,,,FALSE
liver,Neutrophil,p53,Cdkn1a,Phlda3,7,-0.210044791681347,0.651230566007497,0,0,,,FALSE
liver,Neutrophil,p53,Zmat3,Serpine1,7,0.158227613446976,0.734734321440331,0,0,,,FALSE
liver,Neutrophil,p53,Mdm2,Cdkn1a,7,0.123240864353436,0.792365034884193,7,1.22,,,FALSE
liver,Neutrophil,p53,Trp53,Ccnd1,7,0.0972438856983799,0.835693102953895,0,0,,,FALSE
liver,Neutrophil,p53,Cdkn1a,Serpine1,7,0.0845699308436177,0.856942487985321,1,0.17,,,FALSE
liver,Neutrophil,p53,Trp53,Phlda3,7,-0.0713628602664254,0.879158896019544,0,0,,,FALSE
liver,Neutrophil,p53,Ccnd1,Serpine1,7,-0.0550811518608409,0.906633117327135,0,0,,,FALSE
liver,Neutrophil,p53,Mdm2,Zmat3,7,0.0335945959463088,0.94300022019786,1,0.17,,,FALSE
liver,Neutrophil,p53,Cdkn1a,Bax,7,0.0106767360733456,0.981875642960306,7,1.22,,,FALSE
liver,Neutrophil,p53,Trp53,Igf1,7,,,0,0,,,FALSE
liver,Neutrophil,p53,Mdm2,Igf1,7,,,0,0,,,FALSE
liver,Neutrophil,p53,Cdkn1a,Igf1,7,,,0,0,,,FALSE
liver,Neutrophil,p53,Ccnd1,Igf1,7,,,0,0,,,FALSE
liver,Neutrophil,p53,Bax,Igf1,7,,,0,0,,,FALSE
liver,Neutrophil,p53,Zmat3,Igf1,7,,,0,0,,,FALSE
liver,Neutrophil,p53,Phlda3,Igf1,7,,,0,0,,,FALSE
liver,Neutrophil,p53,Serpine1,Igf1,7,,,0,0,,,FALSE
liver,T_cell,p53,Ccnd1,Igf1,7,1,0,0,0,,,FALSE
liver,T_cell,p53,Mdm2,Igf1,7,0.652657931439026,0.112035218343935,0,0,,,FALSE
liver,T_cell,p53,Mdm2,Ccnd1,7,0.652657931439026,0.112035218343936,1,0.05,,,FALSE
liver,T_cell,p53,Phlda3,Serpine1,7,0.594048325337027,0.159593669212852,1,0.05,,,FALSE
liver,T_cell,p53,Bax,Phlda3,7,0.545465739453853,0.205360445529252,13,0.64,0.32967032967033,0.271335054505236,FALSE
liver,T_cell,p53,Trp53,Serpine1,7,-0.504865117921558,0.247831590342781,8,0.4,,,FALSE
liver,T_cell,p53,Trp53,Mdm2,7,-0.448634790692831,0.312648311978371,63,3.12,0.56576420890937,1.35219194298737e-06,FALSE
liver,T_cell,p53,Cdkn1a,Phlda3,7,-0.447868973838708,0.313576960107888,2,0.1,,,FALSE
liver,T_cell,p53,Mdm2,Serpine1,7,0.42608915215549,0.340482476812801,4,0.2,,,FALSE
liver,T_cell,p53,Cdkn1a,Zmat3,7,-0.406900977545383,0.364959173659486,4,0.2,,,FALSE
liver,T_cell,p53,Ccnd1,Zmat3,7,-0.398525533343563,0.375863044688182,0,0,,,FALSE
liver,T_cell,p53,Zmat3,Igf1,7,-0.398525533343563,0.375863044688182,0,0,,,FALSE
liver,T_cell,p53,Cdkn1a,Bax,7,-0.38575476700486,0.392739719366859,56,2.78,0.396924128503076,0.00245526076063067,FALSE
liver,T_cell,p53,Trp53,Zmat3,7,-0.383159917711769,0.396205230045354,17,0.84,0.86764705882353,6.42647355423363e-06,FALSE
liver,T_cell,p53,Trp53,Cdkn1a,7,-0.340365543809225,0.455057575577262,53,2.63,0.216658603451056,0.119171549016487,FALSE
liver,T_cell,p53,Zmat3,Phlda3,7,-0.302726474594435,0.509297100642763,2,0.1,,,FALSE
liver,T_cell,p53,Bax,Serpine1,7,0.284034683357423,0.537020650325236,15,0.74,0.375,0.168432749846746,FALSE
liver,T_cell,p53,Trp53,Bax,7,-0.272619053736801,0.554192432896734,202,10.01,0.562813774045962,2.84031558109526e-18,FALSE
liver,T_cell,p53,Cdkn1a,Ccnd1,7,0.245644265036695,0.595448315298426,1,0.05,,,FALSE
liver,T_cell,p53,Cdkn1a,Igf1,7,0.245644265036695,0.595448315298426,0,0,,,FALSE
liver,T_cell,p53,Mdm2,Cdkn1a,7,0.228867951023431,0.621557162392849,32,1.59,0.586510263929619,0.000418898995624215,FALSE
liver,T_cell,p53,Zmat3,Serpine1,7,-0.20576435838057,0.658031221788329,1,0.05,,,FALSE
liver,T_cell,p53,Mdm2,Phlda3,7,-0.18526781188055,0.690849512678377,4,0.2,,,FALSE
liver,T_cell,p53,Mdm2,Zmat3,7,0.176342518139275,0.705264531976122,4,0.2,,,FALSE
liver,T_cell,p53,Ccnd1,Serpine1,7,0.174187024389623,0.708756504095021,0,0,,,FALSE
liver,T_cell,p53,Serpine1,Igf1,7,0.174187024389623,0.708756504095021,0,0,,,FALSE
liver,T_cell,p53,Cdkn1a,Serpine1,7,0.16144548863578,0.729479495310517,4,0.2,,,FALSE
liver,T_cell,p53,Ccnd1,Bax,7,-0.138299213708871,0.767454824923748,1,0.05,,,FALSE
liver,T_cell,p53,Bax,Igf1,7,-0.138299213708871,0.767454824923748,0,0,,,FALSE
liver,T_cell,p53,Trp53,Ccnd1,7,0.0623428825953879,0.894368989481838,3,0.15,,,FALSE
liver,T_cell,p53,Trp53,Igf1,7,0.0623428825953879,0.894368989481838,0,0,,,FALSE
liver,T_cell,p53,Mdm2,Bax,7,0.0345473924788997,0.941385518433297,93,4.61,0.52267912028886,7.68938284072378e-08,FALSE
liver,T_cell,p53,Trp53,Phlda3,7,-0.0208316963399275,0.964642686902383,11,0.55,0.836363636363636,0.00133318507995086,FALSE
liver,T_cell,p53,Phlda3,Igf1,7,0.0161218472317188,0.972634258786463,0,0,,,FALSE
liver,T_cell,p53,Ccnd1,Phlda3,7,0.0161218472317188,0.972634258786463,0,0,,,FALSE
liver,T_cell,p53,Bax,Zmat3,7,-0.0151234567774146,0.974328558378084,21,1.04,0.87012987012987,2.96460725868008e-07,FALSE
liver,cDC,p53,Serpine1,Igf1,7,0.885260607336352,0.00804459548920871,2,0.27,,,FALSE
liver,cDC,p53,Phlda3,Igf1,7,0.839128353214705,0.0182456777883572,0,0,,,FALSE
liver,cDC,p53,Phlda3,Serpine1,7,0.836354580445984,0.0190124380062079,1,0.14,,,FALSE
liver,cDC,p53,Trp53,Zmat3,7,-0.795171715595863,0.0325484776741511,11,1.5,0.909090909090909,0.000105593376303609,FALSE
liver,cDC,p53,Cdkn1a,Zmat3,7,0.744740792864591,0.0548000287456319,6,0.82,,,FALSE
liver,cDC,p53,Cdkn1a,Igf1,7,-0.606630091498139,0.148668202840521,2,0.27,,,FALSE
liver,cDC,p53,Ccnd1,Serpine1,7,-0.569448921557244,0.182064102769957,11,1.5,0.236363636363636,0.484091162225397,FALSE
liver,cDC,p53,Trp53,Cdkn1a,7,-0.534064882289287,0.216906439267686,109,14.91,0.311565193216569,0.000974376627894481,FALSE
liver,cDC,p53,Mdm2,Phlda3,7,0.491434842942002,0.262695015223094,3,0.41,,,FALSE
liver,cDC,p53,Mdm2,Cdkn1a,7,-0.473209130445041,0.283492959056435,62,8.48,0.429276522877792,0.000498507750117149,FALSE
liver,cDC,p53,Trp53,Ccnd1,7,-0.4636493663623,0.294685085698716,153,20.93,0.0416835245288444,0.608937388099886,FALSE
liver,cDC,p53,Cdkn1a,Phlda3,7,-0.447507454837613,0.314015762514813,4,0.55,,,FALSE
liver,cDC,p53,Ccnd1,Igf1,7,-0.362757860441375,0.423870259325047,3,0.41,,,FALSE
liver,cDC,p53,Mdm2,Bax,7,0.350579436694339,0.440727823202037,107,14.64,0.0914202864476185,0.349008320098258,FALSE
liver,cDC,p53,Mdm2,Zmat3,7,-0.342078574296381,0.452642262709242,5,0.68,,,FALSE
liver,cDC,p53,Mdm2,Ccnd1,7,-0.340033100860473,0.455526863310256,81,11.08,0.162827461607949,0.146395392460109,FALSE
liver,cDC,p53,Trp53,Igf1,7,0.338172335655402,0.458156901367057,3,0.41,,,FALSE
liver,cDC,p53,Mdm2,Igf1,7,0.334718873203528,0.463052938272952,2,0.27,,,FALSE
liver,cDC,p53,Zmat3,Igf1,7,-0.321030260348983,0.482646317523575,0,0,,,FALSE
liver,cDC,p53,Ccnd1,Bax,7,-0.305620881774631,0.505049316317286,272,37.21,0.0641123135768548,0.292074278496954,FALSE
liver,cDC,p53,Bax,Serpine1,7,0.291137070538469,0.526427782088875,17,2.33,0.0514705882352941,0.844466903040607,FALSE
liver,cDC,p53,Mdm2,Serpine1,7,0.283230814246137,0.538224019632041,7,0.96,,,FALSE
liver,cDC,p53,Trp53,Serpine1,7,0.282878438209241,0.538751798546879,6,0.82,,,FALSE
liver,cDC,p53,Cdkn1a,Serpine1,7,-0.270616443771441,0.557222965183977,8,1.09,,,FALSE
liver,cDC,p53,Ccnd1,Phlda3,7,-0.244930803074175,0.59655187643553,6,0.82,,,FALSE
liver,cDC,p53,Bax,Igf1,7,0.230860461605892,0.618439091514628,4,0.55,,,FALSE
liver,cDC,p53,Trp53,Mdm2,7,0.223586490739054,0.629843792698969,74,10.12,0.342347278785635,0.00283000972456067,FALSE
liver,cDC,p53,Cdkn1a,Ccnd1,7,0.222210406951338,0.632007985190416,175,23.94,-0.00232870577698164,0.975600382006655,FALSE
liver,cDC,p53,Cdkn1a,Bax,7,0.170882161894433,0.714118357353809,187,25.58,0.15923137023892,0.0294982160773127,FALSE
liver,cDC,p53,Trp53,Phlda3,7,0.13093137359284,0.779624328866584,4,0.55,,,FALSE
liver,cDC,p53,Zmat3,Phlda3,7,-0.124258641583526,0.790676740508942,1,0.14,,,FALSE
liver,cDC,p53,Bax,Zmat3,7,0.0937142472489681,0.841603442867983,14,1.92,0.235164835164835,0.418333896198591,FALSE
liver,cDC,p53,Trp53,Bax,7,-0.0430439254550733,0.926994038451673,208,28.45,0.162566905534645,0.0189724342844672,FALSE
liver,cDC,p53,Ccnd1,Zmat3,7,-0.0162605998673343,0.972398797618483,15,2.05,0.125,0.65713566818695,FALSE
liver,cDC,p53,Zmat3,Serpine1,7,-0.0150603045005428,0.974435732386897,0,0,,,FALSE
liver,cDC,p53,Bax,Phlda3,7,0.00135766151630581,0.997695164349622,9,1.23,,,FALSE
liver,pDC,p53,Bax,Igf1,7,0.863471316317562,0.0122740122837721,0,0,,,FALSE
liver,pDC,p53,Trp53,Zmat3,7,0.799932226828069,0.0307742984465048,12,1.6,1,0,FALSE
liver,pDC,p53,Ccnd1,Bax,7,0.731867932017077,0.0615052221074443,336,44.92,0.115049242192374,0.0350281403826753,FALSE
liver,pDC,p53,Ccnd1,Phlda3,7,-0.611065004791641,0.144909614898161,3,0.4,,,FALSE
liver,pDC,p53,Trp53,Ccnd1,7,0.590756012083094,0.162516317307108,232,31.02,0.179136061673436,0.00622009380391427,FALSE
liver,pDC,p53,Trp53,Bax,7,0.562713070146256,0.188469908655467,142,18.98,0.342028663574963,3.09891814903783e-05,FALSE
liver,pDC,p53,Cdkn1a,Zmat3,7,-0.554771246615609,0.19616061885086,1,0.13,,,FALSE
liver,pDC,p53,Cdkn1a,Phlda3,7,0.550309032772566,0.200546872497973,1,0.13,,,FALSE
liver,pDC,p53,Mdm2,Cdkn1a,7,0.544060964381221,0.206766830838788,16,2.14,0.397058823529412,0.127806009088262,FALSE
liver,pDC,p53,Zmat3,Serpine1,7,0.543528756808458,0.207300847170169,1,0.13,,,FALSE
liver,pDC,p53,Trp53,Cdkn1a,7,-0.520662226374485,0.230861632866164,24,3.21,0.332173913043478,0.112772790295697,FALSE
liver,pDC,p53,Cdkn1a,Ccnd1,7,-0.52044495115189,0.23109123280111,52,6.95,0.174421582856655,0.216197465910885,FALSE
liver,pDC,p53,Trp53,Serpine1,7,0.475103108371996,0.281298517363609,3,0.4,,,FALSE
liver,pDC,p53,Mdm2,Zmat3,7,-0.445779528112618,0.316116751786574,6,0.8,,,FALSE
liver,pDC,p53,Trp53,Phlda3,7,-0.434112384320331,0.330460763674909,0,0,,,FALSE
liver,pDC,p53,Serpine1,Igf1,7,0.395879738466306,0.379334813289594,0,0,,,FALSE
liver,pDC,p53,Ccnd1,Igf1,7,0.373176776424202,0.409650621695177,1,0.13,,,FALSE
liver,pDC,p53,Mdm2,Ccnd1,7,-0.356558026471792,0.432420717955296,148,19.79,0.199791217049127,0.014910147764346,FALSE
liver,pDC,p53,Phlda3,Igf1,7,0.345216277984516,0.448230683977156,0,0,,,FALSE
liver,pDC,p53,Ccnd1,Zmat3,7,0.33744821893345,0.459181898970858,23,3.07,0.075098814229249,0.733436535145335,FALSE
liver,pDC,p53,Mdm2,Igf1,7,-0.331590153380325,0.467505126953185,0,0,,,FALSE
liver,pDC,p53,Bax,Zmat3,7,0.305103457221486,0.505807771730058,14,1.87,0.683516483516484,0.00703674363988465,FALSE
liver,pDC,p53,Trp53,Igf1,7,0.300259406817533,0.512927450947667,1,0.13,,,FALSE
liver,pDC,p53,Phlda3,Serpine1,7,0.292438311445277,0.524494752994274,0,0,,,FALSE
liver,pDC,p53,Zmat3,Igf1,7,0.280631753780017,0.542120845532727,0,0,,,FALSE
liver,pDC,p53,Cdkn1a,Igf1,7,0.27144856257889,0.555963078785382,0,0,,,FALSE
liver,pDC,p53,Bax,Serpine1,7,0.229555301951408,0.620481019170398,6,0.8,,,FALSE
liver,pDC,p53,Mdm2,Serpine1,7,-0.194277353132932,0.676373349465856,4,0.53,,,FALSE
liver,pDC,p53,Mdm2,Bax,7,-0.192616076629575,0.679036800855289,91,12.17,0.164962573658226,0.118143186375757,FALSE
liver,pDC,p53,Cdkn1a,Serpine1,7,-0.166021138461263,0.722021915753823,1,0.13,,,FALSE
liver,pDC,p53,Bax,Phlda3,7,-0.144119304697549,0.757868420396444,1,0.13,,,FALSE
liver,pDC,p53,Mdm2,Phlda3,7,-0.129812030039124,0.78147634429372,3,0.4,,,FALSE
liver,pDC,p53,Trp53,Mdm2,7,-0.128820371267909,0.783117784596365,65,8.69,0.374082167832168,0.00214264985872036,FALSE
liver,pDC,p53,Ccnd1,Serpine1,7,-0.121557968343471,0.795158044852102,9,1.2,,,FALSE
liver,pDC,p53,Zmat3,Phlda3,7,0.0305260085229267,0.948201580127564,0,0,,,FALSE
liver,pDC,p53,Cdkn1a,Bax,7,0.0283045477539318,0.951967953109819,33,4.41,0.214572192513369,0.230479849563703,FALSE
