pathway,rel_type,subtype,edge_sign,gene1,lfc1,p1,fdr1,gene2,lfc2,p2,fdr2,coherent,both_FDR,in_intersect,in_pheno,worst_p
hsa04064,PPrel,activation,1,RIGI,-0.29713429833567,0.000554931608815853,0.0532228199633379,TRAF2,0.228306444374609,0.0149931872201866,0.117013322946593,FALSE,FALSE,0,0,0.0149931872201866
hsa04064,PPrel,activation,1,RIGI,-0.29713429833567,0.000554931608815853,0.0532228199633379,TRAF6,-0.184313070986844,0.0175241928301093,0.124528023712669,TRUE,FALSE,0,0,0.0175241928301093
hsa04064,PPrel,activation,1,TNFSF14,0.665552583871152,0.00698667196686934,0.0959757859890401,LTBR,0.278271168168704,0.0226976323221851,0.136832186448049,TRUE,FALSE,0,0,0.0226976323221851
hsa04064,PPrel,activation,1,TNF,0.157059465411569,0.0301660466016043,0.155533122271493,TNFRSF1A,0.297436592284587,0.0232747228326003,0.137628242926823,TRUE,FALSE,0,2,0.0301660466016043
hsa04064,PPrel,activation,1,LAT,0.196984349163005,0.0436099839464912,0.181621357452023,PLCG1,0.182449170261676,0.0082697963729943,0.0997947821115051,TRUE,FALSE,0,1,0.0436099839464912
hsa04064,PPrel,activation;phosphorylation,1,ZAP70,0.245306114533064,0.0104425794307658,0.104571409505261,LAT,0.196984349163005,0.0436099839464912,0.181621357452023,TRUE,FALSE,0,0,0.0436099839464912
hsa04064,PPrel,binding/association,1,CD40,0.124917797105994,0.0492105769172041,0.191398766829197,TRAF6,-0.184313070986844,0.0175241928301093,0.124528023712669,FALSE,FALSE,0,1,0.0492105769172041
hsa04066,PPrel,activation,1,PIK3R2,0.268794809673499,0.00604856153799963,0.0920119170685281,AKT1,0.387089573539082,0.00343401055010987,0.0789152904062191,TRUE,FALSE,0,2,0.00604856153799963
hsa04066,PPrel,activation,1,CAMK2B,0.250072152499838,0.0200466643413923,0.130718227393872,CREBBP,-0.364311607598314,0.0119827175352151,0.110041392625391,FALSE,FALSE,0,0,0.0200466643413923
hsa04066,PPrel,activation,1,PIK3CA,-0.194162266153804,0.025007761246042,0.141319286744511,AKT1,0.387089573539082,0.00343401055010987,0.0789152904062191,FALSE,FALSE,0,2,0.025007761246042
hsa04066,PPrel,activation,1,CAMK2A,-0.164820383523415,0.0273208004500512,0.148136151715585,CREBBP,-0.364311607598314,0.0119827175352151,0.110041392625391,TRUE,FALSE,0,0,0.0273208004500512
hsa04066,PPrel,activation,1,PIK3CA,-0.194162266153804,0.025007761246042,0.141319286744511,AKT2,0.272775905162288,0.0322680307039496,0.159941472099098,FALSE,FALSE,0,2,0.0322680307039496
hsa04066,PPrel,activation,1,PIK3R2,0.268794809673499,0.00604856153799963,0.0920119170685281,AKT2,0.272775905162288,0.0322680307039496,0.159941472099098,TRUE,FALSE,0,2,0.0322680307039496
hsa04066,PPrel,activation,1,RPS6KB2,0.257949387042562,0.0194903632172992,0.129212989472378,RPS6,-0.254641670484692,0.0351400983266956,0.166488706451921,FALSE,FALSE,0,2,0.0351400983266956
hsa04066,PPrel,activation,1,PIK3CD,0.187312414207718,0.0479971366369964,0.189473707246273,AKT1,0.387089573539082,0.00343401055010987,0.0789152904062191,TRUE,FALSE,0,2,0.0479971366369964
hsa04066,PPrel,activation,1,PIK3CD,0.187312414207718,0.0479971366369964,0.189473707246273,AKT2,0.272775905162288,0.0322680307039496,0.159941472099098,TRUE,FALSE,0,2,0.0479971366369964
hsa04068,PPrel,activation,1,IRS1,-0.3554897344882,0.00226335322613427,0.0728410344711814,PIK3R2,0.268794809673499,0.00604856153799963,0.0920119170685281,FALSE,FALSE,0,2,0.00604856153799963
hsa04068,PPrel,activation,1,IRS2,-0.584420274513232,0.00290962468594569,0.0747511303436519,PIK3R2,0.268794809673499,0.00604856153799963,0.0920119170685281,FALSE,FALSE,1,2,0.00604856153799963
hsa04068,PPrel,activation,1,KRAS,-0.248737657296002,0.0173365303927831,0.124321581462778,ARAF,0.308661107681488,0.0151374004972875,0.1174497464378,FALSE,FALSE,0,1,0.0173365303927831
hsa04068,PPrel,activation;phosphorylation,1,STK11,0.354251480632152,0.0153103974501462,0.117879056948494,PRKAA2,0.2883315494399,0.0174833628632484,0.124528023712669,TRUE,FALSE,0,1,0.0174833628632484
hsa04068,PPrel,activation,1,SOS2,-0.242208708988776,0.0178555653576005,0.125376438980172,KRAS,-0.248737657296002,0.0173365303927831,0.124321581462778,TRUE,FALSE,0,2,0.0178555653576005
hsa04068,PPrel,activation;phosphorylation,1,PDPK1,0.153466221786299,0.018028233353959,0.12592415969288,AKT1,0.387089573539082,0.00343401055010987,0.0789152904062191,TRUE,FALSE,0,2,0.018028233353959
hsa04068,PPrel,activation,1,SOS2,-0.242208708988776,0.0178555653576005,0.125376438980172,HRAS,0.236375195318022,0.0186148363045659,0.127141536662267,FALSE,FALSE,0,2,0.0186148363045659
hsa04068,PPrel,activation,1,HRAS,0.236375195318022,0.0186148363045659,0.127141536662267,ARAF,0.308661107681488,0.0151374004972875,0.1174497464378,TRUE,FALSE,0,1,0.0186148363045659
hsa04068,PPrel,activation;indirect effect,1,IL6,0.138626493551915,0.0205700594974582,0.132187199304116,STAT3,0.388066346775698,0.004956499558627,0.0869703643891037,TRUE,FALSE,0,2,0.0205700594974582
hsa04068,PPrel,activation;phosphorylation,1,PDPK1,0.153466221786299,0.018028233353959,0.12592415969288,SGK1,0.389503628563857,0.0216427882654647,0.134739358955681,TRUE,FALSE,0,1,0.0216427882654647
hsa04068,PPrel,activation;phosphorylation,1,STK11,0.354251480632152,0.0153103974501462,0.117879056948494,FOXO3,-0.258505148092882,0.0236771002828433,0.138569997318525,FALSE,FALSE,0,1,0.0236771002828433
hsa04068,PPrel,activation;phosphorylation,1,PRKAA2,0.2883315494399,0.0174833628632484,0.124528023712669,FOXO3,-0.258505148092882,0.0236771002828433,0.138569997318525,FALSE,FALSE,0,2,0.0236771002828433
hsa04068,PPrel,inhibition;phosphorylation,-1,AKT1,0.387089573539082,0.00343401055010987,0.0789152904062191,FOXO3,-0.258505148092882,0.0236771002828433,0.138569997318525,TRUE,FALSE,0,2,0.0236771002828433
hsa04068,PPrel,inhibition;phosphorylation,-1,SGK1,0.389503628563857,0.0216427882654647,0.134739358955681,FOXO3,-0.258505148092882,0.0236771002828433,0.138569997318525,TRUE,FALSE,0,1,0.0236771002828433
hsa04068,PPrel,activation;phosphorylation,1,MAPK13,-0.192163523711123,0.00400805854631353,0.0825894611298892,FOXO3,-0.258505148092882,0.0236771002828433,0.138569997318525,TRUE,FALSE,0,2,0.0236771002828433
hsa04068,PPrel,activation;phosphorylation,1,MAPK8,-0.219103231894202,0.0122692600501608,0.110731833004267,FOXO3,-0.258505148092882,0.0236771002828433,0.138569997318525,TRUE,FALSE,0,2,0.0236771002828433
hsa04068,GErel,expression,1,FOXO3,-0.258505148092882,0.0236771002828433,0.138569997318525,CCND1,0.8031084765255,0.00074921048132828,0.0578425746384107,FALSE,FALSE,1,2,0.0236771002828433
hsa04068,GErel,expression,1,FOXO3,-0.258505148092882,0.0236771002828433,0.138569997318525,CDKN2B,0.315251410729242,0.00991383917752031,0.102938840098242,FALSE,FALSE,0,1,0.0236771002828433
hsa04068,GErel,expression,1,FOXO3,-0.258505148092882,0.0236771002828433,0.138569997318525,CDKN1A,0.960105171790021,5.29391439571774e-06,0.0158446857863832,FALSE,FALSE,0,1,0.0236771002828433
hsa04068,GErel,expression,1,FOXO3,-0.258505148092882,0.0236771002828433,0.138569997318525,RBL2,-0.438055560325673,0.000424763686376901,0.0513663722555985,TRUE,FALSE,0,1,0.0236771002828433
hsa04068,GErel,expression,1,FOXO3,-0.258505148092882,0.0236771002828433,0.138569997318525,BCL2L11,0.191479039012409,0.0208774710315908,0.13292550699405,FALSE,FALSE,0,1,0.0236771002828433
hsa04068,PPrel,activation,1,STAT3,0.388066346775698,0.004956499558627,0.0869703643891037,FOXO3,-0.258505148092882,0.0236771002828433,0.138569997318525,FALSE,FALSE,0,2,0.0236771002828433
hsa04068,PPrel,activation;methylation,1,PRMT1,0.438799229897478,0.000643799229211169,0.0542786223388459,FOXO3,-0.258505148092882,0.0236771002828433,0.138569997318525,FALSE,FALSE,0,1,0.0236771002828433
hsa04068,PPrel,inhibition,-1,USP7,0.2911851878275,0.00425064390904627,0.0842591919238574,FOXO3,-0.258505148092882,0.0236771002828433,0.138569997318525,TRUE,FALSE,0,1,0.0236771002828433
hsa04068,PPrel,activation,1,IRS1,-0.3554897344882,0.00226335322613427,0.0728410344711814,PIK3CA,-0.194162266153804,0.025007761246042,0.141319286744511,TRUE,FALSE,0,2,0.025007761246042
hsa04068,PPrel,activation,1,IRS2,-0.584420274513232,0.00290962468594569,0.0747511303436519,PIK3CA,-0.194162266153804,0.025007761246042,0.141319286744511,TRUE,FALSE,1,2,0.025007761246042
hsa04068,PPrel,activation;phosphorylation,1,PDPK1,0.153466221786299,0.018028233353959,0.12592415969288,AKT2,0.272775905162288,0.0322680307039496,0.159941472099098,TRUE,FALSE,0,2,0.0322680307039496
hsa04068,PPrel,inhibition;phosphorylation,-1,AKT2,0.272775905162288,0.0322680307039496,0.159941472099098,FOXO3,-0.258505148092882,0.0236771002828433,0.138569997318525,TRUE,FALSE,0,2,0.0322680307039496
hsa04068,GErel,expression,1,FOXO3,-0.258505148092882,0.0236771002828433,0.138569997318525,GADD45A,0.296316578021205,0.0330372618442218,0.161964194678644,FALSE,FALSE,0,1,0.0330372618442218
hsa04068,PPrel,activation,1,SOS1,-0.183245348489432,0.0388948218928561,0.172866706501494,HRAS,0.236375195318022,0.0186148363045659,0.127141536662267,FALSE,FALSE,0,2,0.0388948218928561
hsa04068,PPrel,activation,1,SOS1,-0.183245348489432,0.0388948218928561,0.172866706501494,KRAS,-0.248737657296002,0.0173365303927831,0.124321581462778,TRUE,FALSE,0,2,0.0388948218928561
hsa04068,GErel,expression,1,FOXO3,-0.258505148092882,0.0236771002828433,0.138569997318525,PLK3,0.176239528686015,0.0389858249324472,0.172900524287687,FALSE,FALSE,0,1,0.0389858249324472
hsa04068,GErel,expression,1,FOXO3,-0.258505148092882,0.0236771002828433,0.138569997318525,CDKN1B,-0.293884690967838,0.0415731612082708,0.178264285811396,TRUE,FALSE,0,2,0.0415731612082708
hsa04068,PPrel,activation,1,IRS1,-0.3554897344882,0.00226335322613427,0.0728410344711814,PIK3CD,0.187312414207718,0.0479971366369964,0.189473707246273,FALSE,FALSE,0,2,0.0479971366369964
hsa04068,PPrel,activation,1,IRS2,-0.584420274513232,0.00290962468594569,0.0747511303436519,PIK3CD,0.187312414207718,0.0479971366369964,0.189473707246273,FALSE,FALSE,1,2,0.0479971366369964
hsa04068,GErel,expression,1,FOXO3,-0.258505148092882,0.0236771002828433,0.138569997318525,KLF2,0.219807606878075,0.0484805528099388,0.190204464766282,FALSE,FALSE,0,1,0.0484805528099388
hsa04071,PPrel,inhibition;dephosphorylation,-1,PPP2R3B,0.276953635505095,0.00063525508853722,0.0539381129075716,AKT1,0.387089573539082,0.00343401055010987,0.0789152904062191,FALSE,FALSE,0,1,0.00343401055010987
hsa04071,PPrel,inhibition;dephosphorylation,-1,PPP2R1A,0.348763030574157,0.00116430586290843,0.0636171358842145,AKT1,0.387089573539082,0.00343401055010987,0.0789152904062191,FALSE,FALSE,0,1,0.00343401055010987
hsa04071,PPrel,inhibition,-1,MAPK13,-0.192163523711123,0.00400805854631353,0.0825894611298892,AKT1,0.387089573539082,0.00343401055010987,0.0789152904062191,TRUE,FALSE,0,2,0.00400805854631353
hsa04071,PPrel,activation,1,GNAI1,-0.32694715903727,0.000598275794419197,0.0534519239610942,PIK3R2,0.268794809673499,0.00604856153799963,0.0920119170685281,FALSE,FALSE,0,1,0.00604856153799963
hsa04071,PPrel,activation,1,PIK3R2,0.268794809673499,0.00604856153799963,0.0920119170685281,RAC2,0.416226544502855,0.00131421839250051,0.0642357513285687,TRUE,FALSE,0,1,0.00604856153799963
hsa04071,PPrel,activation,1,PIK3R2,0.268794809673499,0.00604856153799963,0.0920119170685281,RAC3,0.296277626643266,0.00259725256489118,0.0745214814612773,TRUE,FALSE,0,1,0.00604856153799963
hsa04071,PPrel,inhibition,-1,PRKCZ,0.262251059755017,0.00694558784935386,0.0959757859890401,AKT1,0.387089573539082,0.00343401055010987,0.0789152904062191,FALSE,FALSE,0,2,0.00694558784935386
hsa04071,PPrel,inhibition;dephosphorylation,-1,PPP2R5A,-0.262441936043039,0.00882731769154429,0.100936625982014,AKT1,0.387089573539082,0.00343401055010987,0.0789152904062191,TRUE,FALSE,0,1,0.00882731769154429
hsa04071,PPrel,activation,1,GNAI1,-0.32694715903727,0.000598275794419197,0.0534519239610942,PLCB3,0.220882517229287,0.0128324083634766,0.11197248231415,FALSE,FALSE,0,1,0.0128324083634766
hsa04071,PPrel,activation;indirect effect,1,PLCB3,0.220882517229287,0.0128324083634766,0.11197248231415,PRKCE,0.547566417668494,0.0132187992668058,0.112424259087139,TRUE,FALSE,0,2,0.0132187992668058
hsa04071,PPrel,activation;indirect effect,1,MAPK8,-0.219103231894202,0.0122692600501608,0.110731833004267,BAX,0.341780465352488,0.0136443501184127,0.113739722456912,FALSE,FALSE,0,2,0.0136443501184127
hsa04071,PPrel,activation;indirect effect,1,MAPK13,-0.192163523711123,0.00400805854631353,0.0825894611298892,BAX,0.341780465352488,0.0136443501184127,0.113739722456912,FALSE,FALSE,0,2,0.0136443501184127
hsa04071,PPrel,activation,1,S1PR2,0.159602970058,0.0149516695280897,0.116832864179081,GNAI1,-0.32694715903727,0.000598275794419197,0.0534519239610942,FALSE,FALSE,0,0,0.0149516695280897
hsa04071,PPrel,activation,1,S1PR2,0.159602970058,0.0149516695280897,0.116832864179081,GNA12,0.295009263531505,0.000596689041783474,0.0534519239610942,TRUE,FALSE,0,0,0.0149516695280897
hsa04071,PPrel,activation;phosphorylation,1,AKT1,0.387089573539082,0.00343401055010987,0.0789152904062191,NOS3,0.287450538090903,0.0150267246293483,0.117122361499061,TRUE,FALSE,0,2,0.0150267246293483
hsa04071,PPrel,activation,1,GNAI1,-0.32694715903727,0.000598275794419197,0.0534519239610942,KRAS,-0.248737657296002,0.0173365303927831,0.124321581462778,TRUE,FALSE,0,1,0.0173365303927831
hsa04071,PPrel,activation,1,PDPK1,0.153466221786299,0.018028233353959,0.12592415969288,AKT1,0.387089573539082,0.00343401055010987,0.0789152904062191,TRUE,FALSE,0,2,0.018028233353959
hsa04071,PPrel,activation,1,S1PR5,0.161866772152355,0.0183205601123466,0.126455886863522,GNAI1,-0.32694715903727,0.000598275794419197,0.0534519239610942,FALSE,FALSE,0,0,0.0183205601123466
hsa04071,PPrel,activation,1,S1PR5,0.161866772152355,0.0183205601123466,0.126455886863522,GNA12,0.295009263531505,0.000596689041783474,0.0534519239610942,TRUE,FALSE,0,0,0.0183205601123466
hsa04071,PPrel,activation,1,GNAI1,-0.32694715903727,0.000598275794419197,0.0534519239610942,HRAS,0.236375195318022,0.0186148363045659,0.127141536662267,FALSE,FALSE,0,1,0.0186148363045659
hsa04071,PPrel,activation,1,GNAI1,-0.32694715903727,0.000598275794419197,0.0534519239610942,PLCB1,-0.272842529245825,0.0241401734901125,0.139290247145778,TRUE,FALSE,0,1,0.0241401734901125
hsa04071,PPrel,activation;indirect effect,1,PLCB1,-0.272842529245825,0.0241401734901125,0.139290247145778,PRKCE,0.547566417668494,0.0132187992668058,0.112424259087139,FALSE,FALSE,0,2,0.0241401734901125
hsa04071,PPrel,activation,1,GNAI1,-0.32694715903727,0.000598275794419197,0.0534519239610942,PIK3CA,-0.194162266153804,0.025007761246042,0.141319286744511,TRUE,FALSE,0,1,0.025007761246042
hsa04071,PPrel,activation,1,PIK3CA,-0.194162266153804,0.025007761246042,0.141319286744511,RAC2,0.416226544502855,0.00131421839250051,0.0642357513285687,FALSE,FALSE,0,1,0.025007761246042
hsa04071,PPrel,activation,1,PIK3CA,-0.194162266153804,0.025007761246042,0.141319286744511,RAC3,0.296277626643266,0.00259725256489118,0.0745214814612773,FALSE,FALSE,0,1,0.025007761246042
hsa04071,PPrel,activation,1,GNA12,0.295009263531505,0.000596689041783474,0.0534519239610942,RHOA,0.269478570747899,0.0274377599111723,0.148336760934694,TRUE,FALSE,0,0,0.0274377599111723
hsa04071,PPrel,activation,1,RHOA,0.269478570747899,0.0274377599111723,0.148336760934694,ROCK1,-0.382239747732372,0.0182519715951825,0.126405072232454,FALSE,FALSE,0,0,0.0274377599111723
hsa04071,PPrel,activation,1,GNAI2,0.196720386361129,0.0275013494997748,0.148375915372377,PLCB1,-0.272842529245825,0.0241401734901125,0.139290247145778,FALSE,FALSE,0,1,0.0275013494997748
hsa04071,PPrel,activation,1,GNAI2,0.196720386361129,0.0275013494997748,0.148375915372377,PLCB3,0.220882517229287,0.0128324083634766,0.11197248231415,TRUE,FALSE,0,1,0.0275013494997748
hsa04071,PPrel,activation,1,S1PR2,0.159602970058,0.0149516695280897,0.116832864179081,GNAI2,0.196720386361129,0.0275013494997748,0.148375915372377,TRUE,FALSE,0,0,0.0275013494997748
hsa04071,PPrel,activation,1,S1PR5,0.161866772152355,0.0183205601123466,0.126455886863522,GNAI2,0.196720386361129,0.0275013494997748,0.148375915372377,TRUE,FALSE,0,0,0.0275013494997748
hsa04071,PPrel,activation,1,GNAI2,0.196720386361129,0.0275013494997748,0.148375915372377,HRAS,0.236375195318022,0.0186148363045659,0.127141536662267,TRUE,FALSE,0,1,0.0275013494997748
hsa04071,PPrel,activation,1,GNAI2,0.196720386361129,0.0275013494997748,0.148375915372377,KRAS,-0.248737657296002,0.0173365303927831,0.124321581462778,FALSE,FALSE,0,1,0.0275013494997748
hsa04071,PPrel,activation,1,GNAI2,0.196720386361129,0.0275013494997748,0.148375915372377,PIK3CA,-0.194162266153804,0.025007761246042,0.141319286744511,FALSE,FALSE,0,1,0.0275013494997748
hsa04071,PPrel,activation,1,GNAI2,0.196720386361129,0.0275013494997748,0.148375915372377,PIK3R2,0.268794809673499,0.00604856153799963,0.0920119170685281,TRUE,FALSE,0,1,0.0275013494997748
hsa04071,PPrel,activation,1,TNFRSF1A,0.297436592284587,0.0232747228326003,0.137628242926823,TRADD,0.189809978666953,0.0276263780373396,0.14884923396176,TRUE,FALSE,0,1,0.0276263780373396
hsa04071,PPrel,activation,1,TRADD,0.189809978666953,0.0276263780373396,0.14884923396176,TRAF2,0.228306444374609,0.0149931872201866,0.117013322946593,TRUE,FALSE,0,0,0.0276263780373396
hsa04071,PPrel,inhibition;dephosphorylation,-1,PPP2R5B,0.137412769860998,0.0300031487878973,0.155093997102205,AKT1,0.387089573539082,0.00343401055010987,0.0789152904062191,FALSE,FALSE,0,1,0.0300031487878973
hsa04071,PPrel,activation,1,TNF,0.157059465411569,0.0301660466016043,0.155533122271493,TNFRSF1A,0.297436592284587,0.0232747228326003,0.137628242926823,TRUE,FALSE,0,2,0.0301660466016043
hsa04071,PPrel,activation,1,PDPK1,0.153466221786299,0.018028233353959,0.12592415969288,AKT2,0.272775905162288,0.0322680307039496,0.159941472099098,TRUE,FALSE,0,2,0.0322680307039496
hsa04071,PPrel,activation;phosphorylation,1,AKT2,0.272775905162288,0.0322680307039496,0.159941472099098,NOS3,0.287450538090903,0.0150267246293483,0.117122361499061,TRUE,FALSE,0,2,0.0322680307039496
hsa04071,PPrel,inhibition,-1,MAPK13,-0.192163523711123,0.00400805854631353,0.0825894611298892,AKT2,0.272775905162288,0.0322680307039496,0.159941472099098,TRUE,FALSE,0,2,0.0322680307039496
hsa04071,PPrel,inhibition,-1,PRKCZ,0.262251059755017,0.00694558784935386,0.0959757859890401,AKT2,0.272775905162288,0.0322680307039496,0.159941472099098,FALSE,FALSE,0,2,0.0322680307039496
hsa04071,PPrel,inhibition;dephosphorylation,-1,PPP2R3B,0.276953635505095,0.00063525508853722,0.0539381129075716,AKT2,0.272775905162288,0.0322680307039496,0.159941472099098,FALSE,FALSE,0,1,0.0322680307039496
hsa04071,PPrel,inhibition;dephosphorylation,-1,PPP2R1A,0.348763030574157,0.00116430586290843,0.0636171358842145,AKT2,0.272775905162288,0.0322680307039496,0.159941472099098,FALSE,FALSE,0,1,0.0322680307039496
hsa04071,PPrel,inhibition;dephosphorylation,-1,PPP2R5A,-0.262441936043039,0.00882731769154429,0.100936625982014,AKT2,0.272775905162288,0.0322680307039496,0.159941472099098,TRUE,FALSE,0,1,0.0322680307039496
hsa04071,PPrel,inhibition;dephosphorylation,-1,PPP2R5B,0.137412769860998,0.0300031487878973,0.155093997102205,AKT2,0.272775905162288,0.0322680307039496,0.159941472099098,FALSE,FALSE,0,1,0.0322680307039496
hsa04071,PPrel,activation,1,GNAI3,-0.230810446287896,0.0372897668361851,0.17038910445446,PLCB1,-0.272842529245825,0.0241401734901125,0.139290247145778,TRUE,FALSE,0,1,0.0372897668361851
hsa04071,PPrel,activation,1,GNAI3,-0.230810446287896,0.0372897668361851,0.17038910445446,PLCB3,0.220882517229287,0.0128324083634766,0.11197248231415,FALSE,FALSE,0,1,0.0372897668361851
hsa04071,PPrel,activation,1,S1PR2,0.159602970058,0.0149516695280897,0.116832864179081,GNAI3,-0.230810446287896,0.0372897668361851,0.17038910445446,FALSE,FALSE,0,0,0.0372897668361851
hsa04071,PPrel,activation,1,S1PR5,0.161866772152355,0.0183205601123466,0.126455886863522,GNAI3,-0.230810446287896,0.0372897668361851,0.17038910445446,FALSE,FALSE,0,0,0.0372897668361851
hsa04071,PPrel,activation,1,GNAI3,-0.230810446287896,0.0372897668361851,0.17038910445446,HRAS,0.236375195318022,0.0186148363045659,0.127141536662267,FALSE,FALSE,0,1,0.0372897668361851
hsa04071,PPrel,activation,1,GNAI3,-0.230810446287896,0.0372897668361851,0.17038910445446,KRAS,-0.248737657296002,0.0173365303927831,0.124321581462778,TRUE,FALSE,0,1,0.0372897668361851
hsa04071,PPrel,activation,1,GNAI3,-0.230810446287896,0.0372897668361851,0.17038910445446,PIK3CA,-0.194162266153804,0.025007761246042,0.141319286744511,TRUE,FALSE,0,1,0.0372897668361851
hsa04071,PPrel,activation,1,GNAI3,-0.230810446287896,0.0372897668361851,0.17038910445446,PIK3R2,0.268794809673499,0.00604856153799963,0.0920119170685281,FALSE,FALSE,0,1,0.0372897668361851
hsa04071,PPrel,activation,1,OPRD1,0.143399056797693,0.0390724548556109,0.172993871868112,GNAI1,-0.32694715903727,0.000598275794419197,0.0534519239610942,FALSE,FALSE,0,0,0.0390724548556109
hsa04071,PPrel,activation,1,OPRD1,0.143399056797693,0.0390724548556109,0.172993871868112,GNAI2,0.196720386361129,0.0275013494997748,0.148375915372377,TRUE,FALSE,0,0,0.0390724548556109
hsa04071,PPrel,activation,1,OPRD1,0.143399056797693,0.0390724548556109,0.172993871868112,GNAI3,-0.230810446287896,0.0372897668361851,0.17038910445446,FALSE,FALSE,0,0,0.0390724548556109
hsa04071,PPrel,activation,1,RHOA,0.269478570747899,0.0274377599111723,0.148336760934694,ROCK2,-0.18488865611623,0.039973188477123,0.174975872924357,FALSE,FALSE,0,0,0.039973188477123
hsa04071,PPrel,activation,1,PIK3CA,-0.194162266153804,0.025007761246042,0.141319286744511,RAC1,-0.166148471728248,0.0444310617198828,0.182856194881553,TRUE,FALSE,0,2,0.0444310617198828
hsa04071,PPrel,activation,1,PIK3R2,0.268794809673499,0.00604856153799963,0.0920119170685281,RAC1,-0.166148471728248,0.0444310617198828,0.182856194881553,FALSE,FALSE,0,2,0.0444310617198828
hsa04071,PPrel,activation,1,GNAI1,-0.32694715903727,0.000598275794419197,0.0534519239610942,PIK3CD,0.187312414207718,0.0479971366369964,0.189473707246273,FALSE,FALSE,0,1,0.0479971366369964
hsa04071,PPrel,activation,1,GNAI2,0.196720386361129,0.0275013494997748,0.148375915372377,PIK3CD,0.187312414207718,0.0479971366369964,0.189473707246273,TRUE,FALSE,0,1,0.0479971366369964
hsa04071,PPrel,activation,1,GNAI3,-0.230810446287896,0.0372897668361851,0.17038910445446,PIK3CD,0.187312414207718,0.0479971366369964,0.189473707246273,FALSE,FALSE,0,1,0.0479971366369964
hsa04071,PPrel,activation,1,PIK3CD,0.187312414207718,0.0479971366369964,0.189473707246273,RAC1,-0.166148471728248,0.0444310617198828,0.182856194881553,FALSE,FALSE,0,2,0.0479971366369964
hsa04071,PPrel,activation,1,PIK3CD,0.187312414207718,0.0479971366369964,0.189473707246273,RAC2,0.416226544502855,0.00131421839250051,0.0642357513285687,TRUE,FALSE,0,1,0.0479971366369964
hsa04071,PPrel,activation,1,PIK3CD,0.187312414207718,0.0479971366369964,0.189473707246273,RAC3,0.296277626643266,0.00259725256489118,0.0745214814612773,TRUE,FALSE,0,1,0.0479971366369964
hsa04081,PPrel,activation,1,SSTR3,0.318782202522172,0.00154303417409644,0.0659802603220883,GNAI1,-0.32694715903727,0.000598275794419197,0.0534519239610942,FALSE,FALSE,0,0,0.00154303417409644
hsa04081,PPrel,activation,1,IRS1,-0.3554897344882,0.00226335322613427,0.0728410344711814,PIK3R2,0.268794809673499,0.00604856153799963,0.0920119170685281,FALSE,FALSE,0,2,0.00604856153799963
hsa04081,PPrel,activation,1,IRS2,-0.584420274513232,0.00290962468594569,0.0747511303436519,PIK3R2,0.268794809673499,0.00604856153799963,0.0920119170685281,FALSE,FALSE,1,2,0.00604856153799963
hsa04081,PPrel,activation,1,SSTR3,0.318782202522172,0.00154303417409644,0.0659802603220883,GNB2,0.544823748155262,0.00606214247893564,0.0921014844642354,TRUE,FALSE,0,0,0.00606214247893564
hsa04081,PPrel,activation,1,AVPR1A,0.577671789787058,0.00549355577808004,0.0898627321524589,GNB2,0.544823748155262,0.00606214247893564,0.0921014844642354,TRUE,FALSE,0,0,0.00606214247893564
hsa04081,PPrel,activation,1,VIPR2,-0.302359992185875,0.00699055173592073,0.0959757859890401,GNB2,0.544823748155262,0.00606214247893564,0.0921014844642354,FALSE,FALSE,0,0,0.00699055173592073
hsa04081,PPrel,activation,1,VIPR2,-0.302359992185875,0.00699055173592073,0.0959757859890401,GNAI1,-0.32694715903727,0.000598275794419197,0.0534519239610942,TRUE,FALSE,0,0,0.00699055173592073
hsa04081,PPrel,activation,1,VIPR2,-0.302359992185875,0.00699055173592073,0.0959757859890401,GNA11,0.407887556574168,0.00542201552655704,0.0898627321524589,FALSE,FALSE,0,0,0.00699055173592073
hsa04081,PPrel,activation,1,AVP,0.212742808805746,0.0104980704261757,0.104719488881065,AVPR1A,0.577671789787058,0.00549355577808004,0.0898627321524589,TRUE,FALSE,0,0,0.0104980704261757
hsa04081,PPrel,activation,1,GNA11,0.407887556574168,0.00542201552655704,0.0898627321524589,PLCB3,0.220882517229287,0.0128324083634766,0.11197248231415,TRUE,FALSE,0,1,0.0128324083634766
hsa04081,PPrel,activation,1,GNB2,0.544823748155262,0.00606214247893564,0.0921014844642354,PLCB3,0.220882517229287,0.0128324083634766,0.11197248231415,TRUE,FALSE,0,1,0.0128324083634766
hsa04081,PPrel,activation,1,OPRM1,-0.277544603703857,0.0141636575458032,0.114564820695156,GNA11,0.407887556574168,0.00542201552655704,0.0898627321524589,FALSE,FALSE,0,0,0.0141636575458032
hsa04081,PPrel,activation,1,OPRM1,-0.277544603703857,0.0141636575458032,0.114564820695156,GNB2,0.544823748155262,0.00606214247893564,0.0921014844642354,FALSE,FALSE,0,0,0.0141636575458032
hsa04081,PPrel,activation,1,OPRM1,-0.277544603703857,0.0141636575458032,0.114564820695156,GNAI1,-0.32694715903727,0.000598275794419197,0.0534519239610942,TRUE,FALSE,0,0,0.0141636575458032
hsa04081,PPrel,activation,1,GNA11,0.407887556574168,0.00542201552655704,0.0898627321524589,PLCB1,-0.272842529245825,0.0241401734901125,0.139290247145778,FALSE,FALSE,0,1,0.0241401734901125
hsa04081,PPrel,activation,1,GNB2,0.544823748155262,0.00606214247893564,0.0921014844642354,PLCB1,-0.272842529245825,0.0241401734901125,0.139290247145778,FALSE,FALSE,0,1,0.0241401734901125
hsa04081,PPrel,activation,1,IRS1,-0.3554897344882,0.00226335322613427,0.0728410344711814,PIK3CA,-0.194162266153804,0.025007761246042,0.141319286744511,TRUE,FALSE,0,2,0.025007761246042
hsa04081,PPrel,activation,1,IRS2,-0.584420274513232,0.00290962468594569,0.0747511303436519,PIK3CA,-0.194162266153804,0.025007761246042,0.141319286744511,TRUE,FALSE,1,2,0.025007761246042
hsa04081,PPrel,activation,1,GNA12,0.295009263531505,0.000596689041783474,0.0534519239610942,RHOA,0.269478570747899,0.0274377599111723,0.148336760934694,TRUE,FALSE,0,0,0.0274377599111723
hsa04081,PPrel,activation,1,GNB2,0.544823748155262,0.00606214247893564,0.0921014844642354,RHOA,0.269478570747899,0.0274377599111723,0.148336760934694,TRUE,FALSE,0,0,0.0274377599111723
hsa04081,PPrel,activation,1,DRD1,-0.183832662993155,0.0274584031306894,0.148336760934694,GNB2,0.544823748155262,0.00606214247893564,0.0921014844642354,FALSE,FALSE,0,0,0.0274584031306894
hsa04081,PPrel,activation,1,DRD1,-0.183832662993155,0.0274584031306894,0.148336760934694,GNA11,0.407887556574168,0.00542201552655704,0.0898627321524589,FALSE,FALSE,0,0,0.0274584031306894
hsa04081,PPrel,activation,1,SSTR3,0.318782202522172,0.00154303417409644,0.0659802603220883,GNAI2,0.196720386361129,0.0275013494997748,0.148375915372377,TRUE,FALSE,0,0,0.0275013494997748
hsa04081,PPrel,activation,1,OPRM1,-0.277544603703857,0.0141636575458032,0.114564820695156,GNAI2,0.196720386361129,0.0275013494997748,0.148375915372377,FALSE,FALSE,0,0,0.0275013494997748
hsa04081,PPrel,activation,1,VIPR2,-0.302359992185875,0.00699055173592073,0.0959757859890401,GNAI2,0.196720386361129,0.0275013494997748,0.148375915372377,FALSE,FALSE,0,0,0.0275013494997748
hsa04081,PPrel,activation,1,TSHR,-0.136865468508032,0.0321021044641308,0.159778739962476,GNB2,0.544823748155262,0.00606214247893564,0.0921014844642354,FALSE,FALSE,0,0,0.0321021044641308
hsa04081,PPrel,activation,1,TSHR,-0.136865468508032,0.0321021044641308,0.159778739962476,GNA11,0.407887556574168,0.00542201552655704,0.0898627321524589,FALSE,FALSE,0,0,0.0321021044641308
hsa04081,PPrel,activation,1,CCKBR,-0.192261963683326,0.0361811887341181,0.168485244441999,GNA11,0.407887556574168,0.00542201552655704,0.0898627321524589,FALSE,FALSE,0,0,0.0361811887341181
hsa04081,PPrel,activation,1,CCKBR,-0.192261963683326,0.0361811887341181,0.168485244441999,GNB2,0.544823748155262,0.00606214247893564,0.0921014844642354,FALSE,FALSE,0,0,0.0361811887341181
hsa04081,PPrel,activation,1,CCKBR,-0.192261963683326,0.0361811887341181,0.168485244441999,GNA12,0.295009263531505,0.000596689041783474,0.0534519239610942,FALSE,FALSE,0,0,0.0361811887341181
hsa04081,PPrel,activation,1,SSTR3,0.318782202522172,0.00154303417409644,0.0659802603220883,GNAI3,-0.230810446287896,0.0372897668361851,0.17038910445446,FALSE,FALSE,0,0,0.0372897668361851
hsa04081,PPrel,activation,1,OPRM1,-0.277544603703857,0.0141636575458032,0.114564820695156,GNAI3,-0.230810446287896,0.0372897668361851,0.17038910445446,TRUE,FALSE,0,0,0.0372897668361851
hsa04081,PPrel,activation,1,VIPR2,-0.302359992185875,0.00699055173592073,0.0959757859890401,GNAI3,-0.230810446287896,0.0372897668361851,0.17038910445446,TRUE,FALSE,0,0,0.0372897668361851
hsa04081,PPrel,activation,1,ADRA2C,0.217090379475093,0.038928219238893,0.172866706501494,GNAI1,-0.32694715903727,0.000598275794419197,0.0534519239610942,FALSE,FALSE,0,0,0.038928219238893
hsa04081,PPrel,activation,1,ADRA2C,0.217090379475093,0.038928219238893,0.172866706501494,GNAI2,0.196720386361129,0.0275013494997748,0.148375915372377,TRUE,FALSE,0,0,0.038928219238893
hsa04081,PPrel,activation,1,ADRA2C,0.217090379475093,0.038928219238893,0.172866706501494,GNAI3,-0.230810446287896,0.0372897668361851,0.17038910445446,FALSE,FALSE,0,0,0.038928219238893
hsa04081,PPrel,activation,1,ADRA2C,0.217090379475093,0.038928219238893,0.172866706501494,GNB2,0.544823748155262,0.00606214247893564,0.0921014844642354,TRUE,FALSE,0,0,0.038928219238893
hsa04081,PPrel,activation,1,OPRD1,0.143399056797693,0.0390724548556109,0.172993871868112,GNA11,0.407887556574168,0.00542201552655704,0.0898627321524589,TRUE,FALSE,0,0,0.0390724548556109
hsa04081,PPrel,activation,1,OPRD1,0.143399056797693,0.0390724548556109,0.172993871868112,GNB2,0.544823748155262,0.00606214247893564,0.0921014844642354,TRUE,FALSE,0,0,0.0390724548556109
hsa04081,PPrel,activation,1,OPRD1,0.143399056797693,0.0390724548556109,0.172993871868112,GNAI1,-0.32694715903727,0.000598275794419197,0.0534519239610942,FALSE,FALSE,0,0,0.0390724548556109
hsa04081,PPrel,activation,1,OPRD1,0.143399056797693,0.0390724548556109,0.172993871868112,GNAI2,0.196720386361129,0.0275013494997748,0.148375915372377,TRUE,FALSE,0,0,0.0390724548556109
hsa04081,PPrel,activation,1,OPRD1,0.143399056797693,0.0390724548556109,0.172993871868112,GNAI3,-0.230810446287896,0.0372897668361851,0.17038910445446,FALSE,FALSE,0,0,0.0390724548556109
hsa04081,PPrel,activation,1,GIPR,0.109913515922681,0.0404753177396864,0.17555859873647,GNB2,0.544823748155262,0.00606214247893564,0.0921014844642354,TRUE,FALSE,0,1,0.0404753177396864
hsa04081,PPrel,activation,1,DRD1,-0.183832662993155,0.0274584031306894,0.148336760934694,GNAS,0.225884175594842,0.0464337234857718,0.18679587956037,FALSE,FALSE,0,1,0.0464337234857718
hsa04081,PPrel,activation,1,GIPR,0.109913515922681,0.0404753177396864,0.17555859873647,GNAS,0.225884175594842,0.0464337234857718,0.18679587956037,TRUE,FALSE,0,2,0.0464337234857718
hsa04081,PPrel,activation,1,AVPR1A,0.577671789787058,0.00549355577808004,0.0898627321524589,GNAS,0.225884175594842,0.0464337234857718,0.18679587956037,TRUE,FALSE,0,1,0.0464337234857718
hsa04081,PPrel,activation,1,TSHR,-0.136865468508032,0.0321021044641308,0.159778739962476,GNAS,0.225884175594842,0.0464337234857718,0.18679587956037,FALSE,FALSE,0,1,0.0464337234857718
hsa04081,PPrel,activation,1,VIPR2,-0.302359992185875,0.00699055173592073,0.0959757859890401,GNAS,0.225884175594842,0.0464337234857718,0.18679587956037,FALSE,FALSE,0,1,0.0464337234857718
hsa04081,PPrel,activation,1,DRD1,-0.183832662993155,0.0274584031306894,0.148336760934694,GNG4,-0.175791501900058,0.0470625083212815,0.187873407676686,TRUE,FALSE,0,0,0.0470625083212815
hsa04081,PPrel,activation,1,GNG4,-0.175791501900058,0.0470625083212815,0.187873407676686,PLCB1,-0.272842529245825,0.0241401734901125,0.139290247145778,TRUE,FALSE,0,1,0.0470625083212815
hsa04081,PPrel,activation,1,GNG4,-0.175791501900058,0.0470625083212815,0.187873407676686,PLCB3,0.220882517229287,0.0128324083634766,0.11197248231415,FALSE,FALSE,0,1,0.0470625083212815
hsa04081,PPrel,activation,1,SSTR3,0.318782202522172,0.00154303417409644,0.0659802603220883,GNG4,-0.175791501900058,0.0470625083212815,0.187873407676686,FALSE,FALSE,0,0,0.0470625083212815
hsa04081,PPrel,activation,1,OPRD1,0.143399056797693,0.0390724548556109,0.172993871868112,GNG4,-0.175791501900058,0.0470625083212815,0.187873407676686,FALSE,FALSE,0,0,0.0470625083212815
hsa04081,PPrel,activation,1,OPRM1,-0.277544603703857,0.0141636575458032,0.114564820695156,GNG4,-0.175791501900058,0.0470625083212815,0.187873407676686,TRUE,FALSE,0,0,0.0470625083212815
hsa04081,PPrel,activation,1,ADRA2C,0.217090379475093,0.038928219238893,0.172866706501494,GNG4,-0.175791501900058,0.0470625083212815,0.187873407676686,FALSE,FALSE,0,0,0.0470625083212815
hsa04081,PPrel,activation,1,CCKBR,-0.192261963683326,0.0361811887341181,0.168485244441999,GNG4,-0.175791501900058,0.0470625083212815,0.187873407676686,TRUE,FALSE,0,0,0.0470625083212815
hsa04081,PPrel,activation,1,GNG4,-0.175791501900058,0.0470625083212815,0.187873407676686,RHOA,0.269478570747899,0.0274377599111723,0.148336760934694,FALSE,FALSE,0,0,0.0470625083212815
hsa04081,PPrel,activation,1,GIPR,0.109913515922681,0.0404753177396864,0.17555859873647,GNG4,-0.175791501900058,0.0470625083212815,0.187873407676686,FALSE,FALSE,0,1,0.0470625083212815
hsa04081,PPrel,activation,1,AVPR1A,0.577671789787058,0.00549355577808004,0.0898627321524589,GNG4,-0.175791501900058,0.0470625083212815,0.187873407676686,FALSE,FALSE,0,0,0.0470625083212815
hsa04081,PPrel,activation,1,TSHR,-0.136865468508032,0.0321021044641308,0.159778739962476,GNG4,-0.175791501900058,0.0470625083212815,0.187873407676686,TRUE,FALSE,0,0,0.0470625083212815
hsa04081,PPrel,activation,1,VIPR2,-0.302359992185875,0.00699055173592073,0.0959757859890401,GNG4,-0.175791501900058,0.0470625083212815,0.187873407676686,TRUE,FALSE,0,0,0.0470625083212815
hsa04081,PPrel,activation,1,RAMP1,-0.157827373089532,0.0479693372395881,0.189471760287809,GNAS,0.225884175594842,0.0464337234857718,0.18679587956037,FALSE,FALSE,0,1,0.0479693372395881
hsa04081,PPrel,activation,1,RAMP1,-0.157827373089532,0.0479693372395881,0.189471760287809,GNB2,0.544823748155262,0.00606214247893564,0.0921014844642354,FALSE,FALSE,0,0,0.0479693372395881
hsa04081,PPrel,activation,1,RAMP1,-0.157827373089532,0.0479693372395881,0.189471760287809,GNG4,-0.175791501900058,0.0470625083212815,0.187873407676686,TRUE,FALSE,0,0,0.0479693372395881
hsa04081,PPrel,activation,1,IRS1,-0.3554897344882,0.00226335322613427,0.0728410344711814,PIK3CD,0.187312414207718,0.0479971366369964,0.189473707246273,FALSE,FALSE,0,2,0.0479971366369964
hsa04081,PPrel,activation,1,IRS2,-0.584420274513232,0.00290962468594569,0.0747511303436519,PIK3CD,0.187312414207718,0.0479971366369964,0.189473707246273,FALSE,FALSE,1,2,0.0479971366369964
hsa04081,PPrel,activation,1,GCGR,0.235848538829546,0.0488003155819146,0.190864873618648,GNAS,0.225884175594842,0.0464337234857718,0.18679587956037,TRUE,FALSE,0,1,0.0488003155819146
hsa04081,PPrel,activation,1,GCGR,0.235848538829546,0.0488003155819146,0.190864873618648,GNB2,0.544823748155262,0.00606214247893564,0.0921014844642354,TRUE,FALSE,0,0,0.0488003155819146
hsa04081,PPrel,activation,1,GCGR,0.235848538829546,0.0488003155819146,0.190864873618648,GNG4,-0.175791501900058,0.0470625083212815,0.187873407676686,FALSE,FALSE,0,0,0.0488003155819146
hsa04081,PPrel,activation,1,GCGR,0.235848538829546,0.0488003155819146,0.190864873618648,GNA11,0.407887556574168,0.00542201552655704,0.0898627321524589,TRUE,FALSE,0,0,0.0488003155819146
hsa04081,PPrel,activation,1,GHSR,0.109658079209709,0.0489800361473363,0.19125537924198,GNAS,0.225884175594842,0.0464337234857718,0.18679587956037,TRUE,FALSE,0,2,0.0489800361473363
hsa04081,PPrel,activation,1,GHSR,0.109658079209709,0.0489800361473363,0.19125537924198,GNB2,0.544823748155262,0.00606214247893564,0.0921014844642354,TRUE,FALSE,0,1,0.0489800361473363
hsa04081,PPrel,activation,1,GHSR,0.109658079209709,0.0489800361473363,0.19125537924198,GNG4,-0.175791501900058,0.0470625083212815,0.187873407676686,FALSE,FALSE,0,1,0.0489800361473363
hsa04081,PPrel,activation,1,GHSR,0.109658079209709,0.0489800361473363,0.19125537924198,GNA11,0.407887556574168,0.00542201552655704,0.0898627321524589,TRUE,FALSE,0,1,0.0489800361473363
hsa04114,PPrel,activation,1,CALM1,-0.534686866605506,0.0108828735078466,0.106358989090563,PPP3CB,-0.225308662025932,0.00539211956184269,0.0898627321524589,TRUE,FALSE,0,1,0.0108828735078466
hsa04114,PPrel,activation,1,CALM1,-0.534686866605506,0.0108828735078466,0.106358989090563,CAMK2B,0.250072152499838,0.0200466643413923,0.130718227393872,FALSE,FALSE,0,0,0.0200466643413923
hsa04114,PPrel,activation,1,CALM1,-0.534686866605506,0.0108828735078466,0.106358989090563,CAMK2A,-0.164820383523415,0.0273208004500512,0.148136151715585,TRUE,FALSE,0,0,0.0273208004500512
hsa04115,PPrel,inhibition,-1,BCL2L1,0.320592861753887,0.00962537638125497,0.102068207295292,BAX,0.341780465352488,0.0136443501184127,0.113739722456912,FALSE,FALSE,0,1,0.0136443501184127
hsa04115,PPrel,inhibition,-1,IGFBP3,0.231841406981911,0.0347053681375458,0.165337312909947,IGF1,-0.750196331507432,0.0163841211440685,0.121600797588543,TRUE,FALSE,1,1,0.0347053681375458
hsa04141,PPrel,binding/association,1,UBXN8,-0.303678102599764,0.000967295692615527,0.0612722964655719,VCP,0.536874128534357,0.00932624325004082,0.101402872959854,FALSE,FALSE,0,0,0.00932624325004082
hsa04141,PPrel,binding/association,1,NPLOC4,0.236679953110058,0.0109666384338927,0.106741947423223,VCP,0.536874128534357,0.00932624325004082,0.101402872959854,TRUE,FALSE,0,0,0.0109666384338927
hsa04141,PPrel,binding/association,1,UBXN6,0.421233444882694,0.011844053646913,0.109783221954881,VCP,0.536874128534357,0.00932624325004082,0.101402872959854,TRUE,FALSE,0,0,0.011844053646913
hsa04141,PPrel,activation,1,MAP2K7,0.276184268171789,0.0312313203706094,0.157862266418951,MAPK8,-0.219103231894202,0.0122692600501608,0.110731833004267,FALSE,FALSE,0,1,0.0312313203706094
hsa04141,PPrel,activation,1,BAX,0.341780465352488,0.0136443501184127,0.113739722456912,CAPN1,0.21877778901362,0.0479268901910021,0.189471760287809,TRUE,FALSE,0,1,0.0479268901910021
hsa04151,PPrel,activation,1,MET,-0.594530156292599,0.000535321938461894,0.0532228199633379,IRS1,-0.3554897344882,0.00226335322613427,0.0728410344711814,TRUE,FALSE,0,1,0.00226335322613427
hsa04151,PPrel,activation,1,NRTN,0.290304016603285,0.00333032994609391,0.0781778629698752,MET,-0.594530156292599,0.000535321938461894,0.0532228199633379,FALSE,FALSE,0,0,0.00333032994609391
hsa04151,PPrel,activation;phosphorylation,1,AKT1,0.387089573539082,0.00343401055010987,0.0789152904062191,CREB3,0.303800603180914,0.00138677189848469,0.0658826713042013,TRUE,FALSE,0,2,0.00343401055010987
hsa04151,PPrel,activation;phosphorylation,1,AKT1,0.387089573539082,0.00343401055010987,0.0789152904062191,ATF4,0.362156848089467,0.00106389360075933,0.0629300210083297,TRUE,FALSE,0,1,0.00343401055010987
hsa04151,PPrel,activation;phosphorylation,1,AKT1,0.387089573539082,0.00343401055010987,0.0789152904062191,IKBKG,0.331088914750224,0.000167254679098857,0.0422769009190092,TRUE,FALSE,0,1,0.00343401055010987
hsa04151,PPrel,inhibition;phosphorylation,-1,AKT1,0.387089573539082,0.00343401055010987,0.0789152904062191,CDKN1A,0.960105171790021,5.29391439571774e-06,0.0158446857863832,FALSE,FALSE,0,1,0.00343401055010987
hsa04151,PPrel,inhibition;dephosphorylation,-1,PPP2R3B,0.276953635505095,0.00063525508853722,0.0539381129075716,AKT1,0.387089573539082,0.00343401055010987,0.0789152904062191,FALSE,FALSE,0,1,0.00343401055010987
hsa04151,PPrel,inhibition;dephosphorylation,-1,PPP2R1A,0.348763030574157,0.00116430586290843,0.0636171358842145,AKT1,0.387089573539082,0.00343401055010987,0.0789152904062191,FALSE,FALSE,0,1,0.00343401055010987
hsa04151,PPrel,activation,1,NRTN,0.290304016603285,0.00333032994609391,0.0781778629698752,ERBB3,-0.423032713637065,0.00349726913224901,0.0789152904062191,FALSE,FALSE,0,0,0.00349726913224901
hsa04151,PPrel,activation,1,ERBB3,-0.423032713637065,0.00349726913224901,0.0789152904062191,IRS1,-0.3554897344882,0.00226335322613427,0.0728410344711814,TRUE,FALSE,0,1,0.00349726913224901
hsa04151,PPrel,activation,1,VEGFC,-0.304383874229806,0.00386778818298142,0.0816669490769904,ERBB3,-0.423032713637065,0.00349726913224901,0.0789152904062191,TRUE,FALSE,0,1,0.00386778818298142
hsa04151,PPrel,activation,1,VEGFC,-0.304383874229806,0.00386778818298142,0.0816669490769904,MET,-0.594530156292599,0.000535321938461894,0.0532228199633379,TRUE,FALSE,0,1,0.00386778818298142
hsa04151,PPrel,activation,1,IRS1,-0.3554897344882,0.00226335322613427,0.0728410344711814,PIK3R2,0.268794809673499,0.00604856153799963,0.0920119170685281,FALSE,FALSE,0,2,0.00604856153799963
hsa04151,PPrel,activation;phosphorylation,1,AKT1,0.387089573539082,0.00343401055010987,0.0789152904062191,ATF2,-0.397622017656181,0.00827776949329714,0.0997947821115051,FALSE,FALSE,0,1,0.00827776949329714
hsa04151,PPrel,inhibition;dephosphorylation,-1,PPP2R5A,-0.262441936043039,0.00882731769154429,0.100936625982014,AKT1,0.387089573539082,0.00343401055010987,0.0789152904062191,TRUE,FALSE,0,1,0.00882731769154429
hsa04151,PPrel,activation,1,NRTN,0.290304016603285,0.00333032994609391,0.0781778629698752,FGFR4,0.378996908602998,0.010950877973237,0.106741947423223,TRUE,FALSE,0,0,0.010950877973237
hsa04151,PPrel,activation,1,VEGFC,-0.304383874229806,0.00386778818298142,0.0816669490769904,FGFR4,0.378996908602998,0.010950877973237,0.106741947423223,FALSE,FALSE,0,1,0.010950877973237
hsa04151,PPrel,activation,1,FGFR4,0.378996908602998,0.010950877973237,0.106741947423223,IRS1,-0.3554897344882,0.00226335322613427,0.0728410344711814,FALSE,FALSE,0,1,0.010950877973237
hsa04151,PPrel,activation,1,FGF5,-0.242486357289115,0.0110669089689079,0.106929420189803,ERBB3,-0.423032713637065,0.00349726913224901,0.0789152904062191,TRUE,FALSE,0,0,0.0110669089689079
hsa04151,PPrel,activation,1,FGF5,-0.242486357289115,0.0110669089689079,0.106929420189803,FGFR4,0.378996908602998,0.010950877973237,0.106741947423223,FALSE,FALSE,0,0,0.0110669089689079
hsa04151,PPrel,activation,1,FGF5,-0.242486357289115,0.0110669089689079,0.106929420189803,MET,-0.594530156292599,0.000535321938461894,0.0532228199633379,TRUE,FALSE,0,0,0.0110669089689079
hsa04151,PPrel,activation;phosphorylation,1,AKT1,0.387089573539082,0.00343401055010987,0.0789152904062191,NOS3,0.287450538090903,0.0150267246293483,0.117122361499061,TRUE,FALSE,0,2,0.0150267246293483
hsa04151,PPrel,activation,1,IGF1,-0.750196331507432,0.0163841211440685,0.121600797588543,ERBB3,-0.423032713637065,0.00349726913224901,0.0789152904062191,TRUE,FALSE,1,1,0.0163841211440685
hsa04151,PPrel,activation,1,IGF1,-0.750196331507432,0.0163841211440685,0.121600797588543,FGFR4,0.378996908602998,0.010950877973237,0.106741947423223,FALSE,FALSE,1,1,0.0163841211440685
hsa04151,PPrel,activation,1,IGF1,-0.750196331507432,0.0163841211440685,0.121600797588543,MET,-0.594530156292599,0.000535321938461894,0.0532228199633379,TRUE,FALSE,1,1,0.0163841211440685
hsa04151,PPrel,activation,1,KRAS,-0.248737657296002,0.0173365303927831,0.124321581462778,PIK3R2,0.268794809673499,0.00604856153799963,0.0920119170685281,FALSE,FALSE,0,2,0.0173365303927831
hsa04151,PPrel,activation,1,STK11,0.354251480632152,0.0153103974501462,0.117879056948494,PRKAA2,0.2883315494399,0.0174833628632484,0.124528023712669,TRUE,FALSE,0,1,0.0174833628632484
hsa04151,PPrel,activation,1,SOS2,-0.242208708988776,0.0178555653576005,0.125376438980172,KRAS,-0.248737657296002,0.0173365303927831,0.124321581462778,TRUE,FALSE,0,2,0.0178555653576005
hsa04151,PPrel,activation;phosphorylation,1,PDPK1,0.153466221786299,0.018028233353959,0.12592415969288,PRKCA,-0.479460401629906,0.00290012427493524,0.0747511303436519,FALSE,FALSE,0,2,0.018028233353959
hsa04151,PPrel,activation;phosphorylation,1,PDPK1,0.153466221786299,0.018028233353959,0.12592415969288,PKN1,0.347231166181054,0.0123469654137616,0.110955127267885,TRUE,FALSE,0,1,0.018028233353959
hsa04151,PPrel,activation;phosphorylation,1,PDPK1,0.153466221786299,0.018028233353959,0.12592415969288,AKT1,0.387089573539082,0.00343401055010987,0.0789152904062191,TRUE,FALSE,0,2,0.018028233353959
hsa04151,PPrel,activation,1,SOS2,-0.242208708988776,0.0178555653576005,0.125376438980172,HRAS,0.236375195318022,0.0186148363045659,0.127141536662267,FALSE,FALSE,0,2,0.0186148363045659
hsa04151,PPrel,activation,1,HRAS,0.236375195318022,0.0186148363045659,0.127141536662267,PIK3R2,0.268794809673499,0.00604856153799963,0.0920119170685281,TRUE,FALSE,0,2,0.0186148363045659
hsa04151,PPrel,activation;phosphorylation,1,PDPK1,0.153466221786299,0.018028233353959,0.12592415969288,RPS6KB2,0.257949387042562,0.0194903632172992,0.129212989472378,TRUE,FALSE,0,2,0.0194903632172992
hsa04151,PPrel,activation,1,FLT3LG,0.26653208192006,0.0196582324747158,0.129597114089922,ERBB3,-0.423032713637065,0.00349726913224901,0.0789152904062191,FALSE,FALSE,0,0,0.0196582324747158
hsa04151,PPrel,activation,1,FLT3LG,0.26653208192006,0.0196582324747158,0.129597114089922,FGFR4,0.378996908602998,0.010950877973237,0.106741947423223,TRUE,FALSE,0,0,0.0196582324747158
hsa04151,PPrel,activation,1,FLT3LG,0.26653208192006,0.0196582324747158,0.129597114089922,MET,-0.594530156292599,0.000535321938461894,0.0532228199633379,FALSE,FALSE,0,0,0.0196582324747158
hsa04151,PPrel,inhibition;phosphorylation,-1,AKT1,0.387089573539082,0.00343401055010987,0.0789152904062191,CASP9,0.218691690575173,0.019747769379535,0.129911996469049,FALSE,FALSE,0,1,0.019747769379535
hsa04151,PPrel,activation,1,CSF1,0.213521532780208,0.0203756184052349,0.131792918416824,ERBB3,-0.423032713637065,0.00349726913224901,0.0789152904062191,FALSE,FALSE,0,0,0.0203756184052349
hsa04151,PPrel,activation,1,CSF1,0.213521532780208,0.0203756184052349,0.131792918416824,FGFR4,0.378996908602998,0.010950877973237,0.106741947423223,TRUE,FALSE,0,0,0.0203756184052349
hsa04151,PPrel,activation,1,CSF1,0.213521532780208,0.0203756184052349,0.131792918416824,MET,-0.594530156292599,0.000535321938461894,0.0532228199633379,FALSE,FALSE,0,0,0.0203756184052349
hsa04151,PPrel,activation,1,JAK1,-0.239663864608074,0.0211989372224872,0.13378686158546,PIK3R2,0.268794809673499,0.00604856153799963,0.0920119170685281,FALSE,FALSE,0,1,0.0211989372224872
hsa04151,PPrel,activation;phosphorylation,1,PDPK1,0.153466221786299,0.018028233353959,0.12592415969288,SGK1,0.389503628563857,0.0216427882654647,0.134739358955681,TRUE,FALSE,0,1,0.0216427882654647
hsa04151,PPrel,activation,1,CSF1,0.213521532780208,0.0203756184052349,0.131792918416824,RET,0.286788374588338,0.023292389487457,0.137628242926823,TRUE,FALSE,0,1,0.023292389487457
hsa04151,PPrel,activation,1,FGF5,-0.242486357289115,0.0110669089689079,0.106929420189803,RET,0.286788374588338,0.023292389487457,0.137628242926823,FALSE,FALSE,0,1,0.023292389487457
hsa04151,PPrel,activation,1,FLT3LG,0.26653208192006,0.0196582324747158,0.129597114089922,RET,0.286788374588338,0.023292389487457,0.137628242926823,TRUE,FALSE,0,1,0.023292389487457
hsa04151,PPrel,activation,1,IGF1,-0.750196331507432,0.0163841211440685,0.121600797588543,RET,0.286788374588338,0.023292389487457,0.137628242926823,FALSE,FALSE,1,2,0.023292389487457
hsa04151,PPrel,activation,1,NRTN,0.290304016603285,0.00333032994609391,0.0781778629698752,RET,0.286788374588338,0.023292389487457,0.137628242926823,TRUE,FALSE,0,1,0.023292389487457
hsa04151,PPrel,activation,1,VEGFC,-0.304383874229806,0.00386778818298142,0.0816669490769904,RET,0.286788374588338,0.023292389487457,0.137628242926823,FALSE,FALSE,0,2,0.023292389487457
hsa04151,PPrel,activation,1,RET,0.286788374588338,0.023292389487457,0.137628242926823,IRS1,-0.3554897344882,0.00226335322613427,0.0728410344711814,FALSE,FALSE,0,2,0.023292389487457
hsa04151,PPrel,activation,1,CSF1,0.213521532780208,0.0203756184052349,0.131792918416824,FGFR3,0.290775612429906,0.0233799641136304,0.137680733088236,TRUE,FALSE,0,0,0.0233799641136304
hsa04151,PPrel,activation,1,FGF5,-0.242486357289115,0.0110669089689079,0.106929420189803,FGFR3,0.290775612429906,0.0233799641136304,0.137680733088236,FALSE,FALSE,0,0,0.0233799641136304
hsa04151,PPrel,activation,1,FLT3LG,0.26653208192006,0.0196582324747158,0.129597114089922,FGFR3,0.290775612429906,0.0233799641136304,0.137680733088236,TRUE,FALSE,0,0,0.0233799641136304
hsa04151,PPrel,activation,1,IGF1,-0.750196331507432,0.0163841211440685,0.121600797588543,FGFR3,0.290775612429906,0.0233799641136304,0.137680733088236,FALSE,FALSE,1,1,0.0233799641136304
hsa04151,PPrel,activation,1,NRTN,0.290304016603285,0.00333032994609391,0.0781778629698752,FGFR3,0.290775612429906,0.0233799641136304,0.137680733088236,TRUE,FALSE,0,0,0.0233799641136304
hsa04151,PPrel,activation,1,VEGFC,-0.304383874229806,0.00386778818298142,0.0816669490769904,FGFR3,0.290775612429906,0.0233799641136304,0.137680733088236,FALSE,FALSE,0,1,0.0233799641136304
hsa04151,PPrel,activation,1,FGFR3,0.290775612429906,0.0233799641136304,0.137680733088236,IRS1,-0.3554897344882,0.00226335322613427,0.0728410344711814,FALSE,FALSE,0,1,0.0233799641136304
hsa04151,PPrel,inhibition;phosphorylation,-1,AKT1,0.387089573539082,0.00343401055010987,0.0789152904062191,FOXO3,-0.258505148092882,0.0236771002828433,0.138569997318525,TRUE,FALSE,0,2,0.0236771002828433
hsa04151,GErel,expression,1,FOXO3,-0.258505148092882,0.0236771002828433,0.138569997318525,RBL2,-0.438055560325673,0.000424763686376901,0.0513663722555985,TRUE,FALSE,0,1,0.0236771002828433
hsa04151,GErel,expression,1,FOXO3,-0.258505148092882,0.0236771002828433,0.138569997318525,BCL2L11,0.191479039012409,0.0208774710315908,0.13292550699405,FALSE,FALSE,0,1,0.0236771002828433
hsa04151,PPrel,activation,1,CSF1,0.213521532780208,0.0203756184052349,0.131792918416824,ERBB4,-0.194302515855191,0.0241032935623033,0.139290247145778,FALSE,FALSE,0,0,0.0241032935623033
hsa04151,PPrel,activation,1,FGF5,-0.242486357289115,0.0110669089689079,0.106929420189803,ERBB4,-0.194302515855191,0.0241032935623033,0.139290247145778,TRUE,FALSE,0,0,0.0241032935623033
hsa04151,PPrel,activation,1,FLT3LG,0.26653208192006,0.0196582324747158,0.129597114089922,ERBB4,-0.194302515855191,0.0241032935623033,0.139290247145778,FALSE,FALSE,0,0,0.0241032935623033
hsa04151,PPrel,activation,1,IGF1,-0.750196331507432,0.0163841211440685,0.121600797588543,ERBB4,-0.194302515855191,0.0241032935623033,0.139290247145778,TRUE,FALSE,1,1,0.0241032935623033
hsa04151,PPrel,activation,1,NRTN,0.290304016603285,0.00333032994609391,0.0781778629698752,ERBB4,-0.194302515855191,0.0241032935623033,0.139290247145778,FALSE,FALSE,0,0,0.0241032935623033
hsa04151,PPrel,activation,1,VEGFC,-0.304383874229806,0.00386778818298142,0.0816669490769904,ERBB4,-0.194302515855191,0.0241032935623033,0.139290247145778,TRUE,FALSE,0,1,0.0241032935623033
hsa04151,PPrel,activation,1,ERBB4,-0.194302515855191,0.0241032935623033,0.139290247145778,IRS1,-0.3554897344882,0.00226335322613427,0.0728410344711814,TRUE,FALSE,0,1,0.0241032935623033
hsa04151,PPrel,activation;phosphorylation,1,AKT1,0.387089573539082,0.00343401055010987,0.0789152904062191,MDM2,0.17303418058197,0.0246563674273424,0.140387000161258,TRUE,FALSE,0,1,0.0246563674273424
hsa04151,PPrel,activation,1,IRS1,-0.3554897344882,0.00226335322613427,0.0728410344711814,PIK3CA,-0.194162266153804,0.025007761246042,0.141319286744511,TRUE,FALSE,0,2,0.025007761246042
hsa04151,PPrel,activation,1,HRAS,0.236375195318022,0.0186148363045659,0.127141536662267,PIK3CA,-0.194162266153804,0.025007761246042,0.141319286744511,FALSE,FALSE,0,2,0.025007761246042
hsa04151,PPrel,activation,1,KRAS,-0.248737657296002,0.0173365303927831,0.124321581462778,PIK3CA,-0.194162266153804,0.025007761246042,0.141319286744511,TRUE,FALSE,0,2,0.025007761246042
hsa04151,PPrel,activation,1,JAK1,-0.239663864608074,0.0211989372224872,0.13378686158546,PIK3CA,-0.194162266153804,0.025007761246042,0.141319286744511,TRUE,FALSE,0,1,0.025007761246042
hsa04151,PPrel,activation,1,CSF1,0.213521532780208,0.0203756184052349,0.131792918416824,NTRK1,0.183827282805448,0.0259204791002992,0.143918018778676,TRUE,FALSE,0,0,0.0259204791002992
hsa04151,PPrel,activation,1,FGF5,-0.242486357289115,0.0110669089689079,0.106929420189803,NTRK1,0.183827282805448,0.0259204791002992,0.143918018778676,FALSE,FALSE,0,0,0.0259204791002992
hsa04151,PPrel,activation,1,FLT3LG,0.26653208192006,0.0196582324747158,0.129597114089922,NTRK1,0.183827282805448,0.0259204791002992,0.143918018778676,TRUE,FALSE,0,0,0.0259204791002992
hsa04151,PPrel,activation,1,IGF1,-0.750196331507432,0.0163841211440685,0.121600797588543,NTRK1,0.183827282805448,0.0259204791002992,0.143918018778676,FALSE,FALSE,1,1,0.0259204791002992
hsa04151,PPrel,activation,1,NRTN,0.290304016603285,0.00333032994609391,0.0781778629698752,NTRK1,0.183827282805448,0.0259204791002992,0.143918018778676,TRUE,FALSE,0,0,0.0259204791002992
hsa04151,PPrel,activation,1,VEGFC,-0.304383874229806,0.00386778818298142,0.0816669490769904,NTRK1,0.183827282805448,0.0259204791002992,0.143918018778676,FALSE,FALSE,0,1,0.0259204791002992
hsa04151,PPrel,activation,1,NTRK1,0.183827282805448,0.0259204791002992,0.143918018778676,IRS1,-0.3554897344882,0.00226335322613427,0.0728410344711814,FALSE,FALSE,0,1,0.0259204791002992
hsa04151,PPrel,activation,1,VEGFB,0.244850705346642,0.0277629703860775,0.149079024467147,ERBB3,-0.423032713637065,0.00349726913224901,0.0789152904062191,FALSE,FALSE,0,1,0.0277629703860775
hsa04151,PPrel,activation,1,VEGFB,0.244850705346642,0.0277629703860775,0.149079024467147,ERBB4,-0.194302515855191,0.0241032935623033,0.139290247145778,FALSE,FALSE,0,1,0.0277629703860775
hsa04151,PPrel,activation,1,VEGFB,0.244850705346642,0.0277629703860775,0.149079024467147,FGFR3,0.290775612429906,0.0233799641136304,0.137680733088236,TRUE,FALSE,0,1,0.0277629703860775
hsa04151,PPrel,activation,1,VEGFB,0.244850705346642,0.0277629703860775,0.149079024467147,FGFR4,0.378996908602998,0.010950877973237,0.106741947423223,TRUE,FALSE,0,1,0.0277629703860775
hsa04151,PPrel,activation,1,VEGFB,0.244850705346642,0.0277629703860775,0.149079024467147,MET,-0.594530156292599,0.000535321938461894,0.0532228199633379,FALSE,FALSE,0,1,0.0277629703860775
hsa04151,PPrel,activation,1,VEGFB,0.244850705346642,0.0277629703860775,0.149079024467147,NTRK1,0.183827282805448,0.0259204791002992,0.143918018778676,TRUE,FALSE,0,1,0.0277629703860775
hsa04151,PPrel,activation,1,VEGFB,0.244850705346642,0.0277629703860775,0.149079024467147,RET,0.286788374588338,0.023292389487457,0.137628242926823,TRUE,FALSE,0,2,0.0277629703860775
hsa04151,PPrel,inhibition;dephosphorylation,-1,PPP2R5B,0.137412769860998,0.0300031487878973,0.155093997102205,AKT1,0.387089573539082,0.00343401055010987,0.0789152904062191,FALSE,FALSE,0,1,0.0300031487878973
hsa04151,PPrel,activation,1,CSF1,0.213521532780208,0.0203756184052349,0.131792918416824,FLT1,-0.265225153566922,0.0320892189706352,0.159778739962476,FALSE,FALSE,0,0,0.0320892189706352
hsa04151,PPrel,activation,1,FGF5,-0.242486357289115,0.0110669089689079,0.106929420189803,FLT1,-0.265225153566922,0.0320892189706352,0.159778739962476,TRUE,FALSE,0,0,0.0320892189706352
hsa04151,PPrel,activation,1,FLT3LG,0.26653208192006,0.0196582324747158,0.129597114089922,FLT1,-0.265225153566922,0.0320892189706352,0.159778739962476,FALSE,FALSE,0,0,0.0320892189706352
hsa04151,PPrel,activation,1,IGF1,-0.750196331507432,0.0163841211440685,0.121600797588543,FLT1,-0.265225153566922,0.0320892189706352,0.159778739962476,TRUE,FALSE,1,1,0.0320892189706352
hsa04151,PPrel,activation,1,NRTN,0.290304016603285,0.00333032994609391,0.0781778629698752,FLT1,-0.265225153566922,0.0320892189706352,0.159778739962476,FALSE,FALSE,0,0,0.0320892189706352
hsa04151,PPrel,activation,1,VEGFB,0.244850705346642,0.0277629703860775,0.149079024467147,FLT1,-0.265225153566922,0.0320892189706352,0.159778739962476,FALSE,FALSE,0,1,0.0320892189706352
hsa04151,PPrel,activation,1,VEGFC,-0.304383874229806,0.00386778818298142,0.0816669490769904,FLT1,-0.265225153566922,0.0320892189706352,0.159778739962476,TRUE,FALSE,0,1,0.0320892189706352
hsa04151,PPrel,activation,1,FLT1,-0.265225153566922,0.0320892189706352,0.159778739962476,IRS1,-0.3554897344882,0.00226335322613427,0.0728410344711814,TRUE,FALSE,0,1,0.0320892189706352
hsa04151,PPrel,activation;phosphorylation,1,AKT2,0.272775905162288,0.0322680307039496,0.159941472099098,NOS3,0.287450538090903,0.0150267246293483,0.117122361499061,TRUE,FALSE,0,2,0.0322680307039496
hsa04151,PPrel,activation;phosphorylation,1,AKT2,0.272775905162288,0.0322680307039496,0.159941472099098,CREB3,0.303800603180914,0.00138677189848469,0.0658826713042013,TRUE,FALSE,0,2,0.0322680307039496
hsa04151,PPrel,activation;phosphorylation,1,AKT2,0.272775905162288,0.0322680307039496,0.159941472099098,ATF2,-0.397622017656181,0.00827776949329714,0.0997947821115051,FALSE,FALSE,0,1,0.0322680307039496
hsa04151,PPrel,activation;phosphorylation,1,AKT2,0.272775905162288,0.0322680307039496,0.159941472099098,ATF4,0.362156848089467,0.00106389360075933,0.0629300210083297,TRUE,FALSE,0,1,0.0322680307039496
hsa04151,PPrel,activation;phosphorylation,1,AKT2,0.272775905162288,0.0322680307039496,0.159941472099098,IKBKG,0.331088914750224,0.000167254679098857,0.0422769009190092,TRUE,FALSE,0,1,0.0322680307039496
hsa04151,PPrel,activation;phosphorylation,1,AKT2,0.272775905162288,0.0322680307039496,0.159941472099098,MDM2,0.17303418058197,0.0246563674273424,0.140387000161258,TRUE,FALSE,0,1,0.0322680307039496
hsa04151,PPrel,inhibition;phosphorylation,-1,AKT2,0.272775905162288,0.0322680307039496,0.159941472099098,CDKN1A,0.960105171790021,5.29391439571774e-06,0.0158446857863832,FALSE,FALSE,0,1,0.0322680307039496
hsa04151,PPrel,inhibition;phosphorylation,-1,AKT2,0.272775905162288,0.0322680307039496,0.159941472099098,FOXO3,-0.258505148092882,0.0236771002828433,0.138569997318525,TRUE,FALSE,0,2,0.0322680307039496
hsa04151,PPrel,inhibition;phosphorylation,-1,AKT2,0.272775905162288,0.0322680307039496,0.159941472099098,CASP9,0.218691690575173,0.019747769379535,0.129911996469049,FALSE,FALSE,0,1,0.0322680307039496
hsa04151,PPrel,activation;phosphorylation,1,PDPK1,0.153466221786299,0.018028233353959,0.12592415969288,AKT2,0.272775905162288,0.0322680307039496,0.159941472099098,TRUE,FALSE,0,2,0.0322680307039496
hsa04151,PPrel,inhibition;dephosphorylation,-1,PPP2R3B,0.276953635505095,0.00063525508853722,0.0539381129075716,AKT2,0.272775905162288,0.0322680307039496,0.159941472099098,FALSE,FALSE,0,1,0.0322680307039496
hsa04151,PPrel,inhibition;dephosphorylation,-1,PPP2R1A,0.348763030574157,0.00116430586290843,0.0636171358842145,AKT2,0.272775905162288,0.0322680307039496,0.159941472099098,FALSE,FALSE,0,1,0.0322680307039496
hsa04151,PPrel,inhibition;dephosphorylation,-1,PPP2R5A,-0.262441936043039,0.00882731769154429,0.100936625982014,AKT2,0.272775905162288,0.0322680307039496,0.159941472099098,TRUE,FALSE,0,1,0.0322680307039496
hsa04151,PPrel,inhibition;dephosphorylation,-1,PPP2R5B,0.137412769860998,0.0300031487878973,0.155093997102205,AKT2,0.272775905162288,0.0322680307039496,0.159941472099098,FALSE,FALSE,0,1,0.0322680307039496
hsa04151,PPrel,activation,1,PDGFC,-0.259175386576165,0.0334141087687689,0.162903456846376,ERBB3,-0.423032713637065,0.00349726913224901,0.0789152904062191,TRUE,FALSE,0,0,0.0334141087687689
hsa04151,PPrel,activation,1,PDGFC,-0.259175386576165,0.0334141087687689,0.162903456846376,ERBB4,-0.194302515855191,0.0241032935623033,0.139290247145778,TRUE,FALSE,0,0,0.0334141087687689
hsa04151,PPrel,activation,1,PDGFC,-0.259175386576165,0.0334141087687689,0.162903456846376,FGFR3,0.290775612429906,0.0233799641136304,0.137680733088236,FALSE,FALSE,0,0,0.0334141087687689
hsa04151,PPrel,activation,1,PDGFC,-0.259175386576165,0.0334141087687689,0.162903456846376,FGFR4,0.378996908602998,0.010950877973237,0.106741947423223,FALSE,FALSE,0,0,0.0334141087687689
hsa04151,PPrel,activation,1,PDGFC,-0.259175386576165,0.0334141087687689,0.162903456846376,FLT1,-0.265225153566922,0.0320892189706352,0.159778739962476,TRUE,FALSE,0,0,0.0334141087687689
hsa04151,PPrel,activation,1,PDGFC,-0.259175386576165,0.0334141087687689,0.162903456846376,MET,-0.594530156292599,0.000535321938461894,0.0532228199633379,TRUE,FALSE,0,0,0.0334141087687689
hsa04151,PPrel,activation,1,PDGFC,-0.259175386576165,0.0334141087687689,0.162903456846376,NTRK1,0.183827282805448,0.0259204791002992,0.143918018778676,FALSE,FALSE,0,0,0.0334141087687689
hsa04151,PPrel,activation,1,PDGFC,-0.259175386576165,0.0334141087687689,0.162903456846376,RET,0.286788374588338,0.023292389487457,0.137628242926823,FALSE,FALSE,0,1,0.0334141087687689
hsa04151,PPrel,inhibition;dephosphorylation,-1,PHLPP1,-0.230494471532542,0.0338638428435898,0.163914656802211,AKT1,0.387089573539082,0.00343401055010987,0.0789152904062191,TRUE,FALSE,0,1,0.0338638428435898
hsa04151,PPrel,inhibition;dephosphorylation,-1,PHLPP1,-0.230494471532542,0.0338638428435898,0.163914656802211,AKT2,0.272775905162288,0.0322680307039496,0.159941472099098,TRUE,FALSE,0,1,0.0338638428435898
hsa04151,PPrel,activation;phosphorylation,1,RPS6KB2,0.257949387042562,0.0194903632172992,0.129212989472378,RPS6,-0.254641670484692,0.0351400983266956,0.166488706451921,FALSE,FALSE,0,2,0.0351400983266956
hsa04151,PPrel,activation,1,SOS1,-0.183245348489432,0.0388948218928561,0.172866706501494,HRAS,0.236375195318022,0.0186148363045659,0.127141536662267,FALSE,FALSE,0,2,0.0388948218928561
hsa04151,PPrel,activation,1,SOS1,-0.183245348489432,0.0388948218928561,0.172866706501494,KRAS,-0.248737657296002,0.0173365303927831,0.124321581462778,TRUE,FALSE,0,2,0.0388948218928561
hsa04151,PPrel,inhibition;phosphorylation,-1,AKT1,0.387089573539082,0.00343401055010987,0.0789152904062191,CDKN1B,-0.293884690967838,0.0415731612082708,0.178264285811396,TRUE,FALSE,0,2,0.0415731612082708
hsa04151,PPrel,inhibition;phosphorylation,-1,AKT2,0.272775905162288,0.0322680307039496,0.159941472099098,CDKN1B,-0.293884690967838,0.0415731612082708,0.178264285811396,TRUE,FALSE,0,2,0.0415731612082708
hsa04151,GErel,expression,1,FOXO3,-0.258505148092882,0.0236771002828433,0.138569997318525,CDKN1B,-0.293884690967838,0.0415731612082708,0.178264285811396,TRUE,FALSE,0,2,0.0415731612082708
hsa04151,PPrel,activation,1,RAC1,-0.166148471728248,0.0444310617198828,0.182856194881553,PIK3CA,-0.194162266153804,0.025007761246042,0.141319286744511,TRUE,FALSE,0,2,0.0444310617198828
hsa04151,PPrel,activation,1,RAC1,-0.166148471728248,0.0444310617198828,0.182856194881553,PIK3R2,0.268794809673499,0.00604856153799963,0.0920119170685281,FALSE,FALSE,0,2,0.0444310617198828
hsa04151,PPrel,activation,1,IRS1,-0.3554897344882,0.00226335322613427,0.0728410344711814,PIK3CD,0.187312414207718,0.0479971366369964,0.189473707246273,FALSE,FALSE,0,2,0.0479971366369964
hsa04151,PPrel,activation,1,HRAS,0.236375195318022,0.0186148363045659,0.127141536662267,PIK3CD,0.187312414207718,0.0479971366369964,0.189473707246273,TRUE,FALSE,0,2,0.0479971366369964
hsa04151,PPrel,activation,1,KRAS,-0.248737657296002,0.0173365303927831,0.124321581462778,PIK3CD,0.187312414207718,0.0479971366369964,0.189473707246273,FALSE,FALSE,0,2,0.0479971366369964
hsa04151,PPrel,activation,1,RAC1,-0.166148471728248,0.0444310617198828,0.182856194881553,PIK3CD,0.187312414207718,0.0479971366369964,0.189473707246273,FALSE,FALSE,0,2,0.0479971366369964
hsa04151,PPrel,activation,1,JAK1,-0.239663864608074,0.0211989372224872,0.13378686158546,PIK3CD,0.187312414207718,0.0479971366369964,0.189473707246273,FALSE,FALSE,0,1,0.0479971366369964
hsa04152,PPrel,activation,1,IRS1,-0.3554897344882,0.00226335322613427,0.0728410344711814,PIK3R2,0.268794809673499,0.00604856153799963,0.0920119170685281,FALSE,FALSE,0,2,0.00604856153799963
hsa04152,PPrel,activation,1,IRS2,-0.584420274513232,0.00290962468594569,0.0747511303436519,PIK3R2,0.268794809673499,0.00604856153799963,0.0920119170685281,FALSE,FALSE,1,2,0.00604856153799963
hsa04152,PPrel,activation;phosphorylation,1,CAMKK2,0.506110584900416,0.00844909260690126,0.100031858033946,PRKAA2,0.2883315494399,0.0174833628632484,0.124528023712669,TRUE,FALSE,0,1,0.0174833628632484
hsa04152,PPrel,activation;phosphorylation,1,PRKAA2,0.2883315494399,0.0174833628632484,0.124528023712669,PFKFB1,-0.325059846329074,0.00103535016306561,0.0628118882034337,FALSE,FALSE,0,1,0.0174833628632484
hsa04152,PPrel,activation;phosphorylation,1,PRKAA2,0.2883315494399,0.0174833628632484,0.124528023712669,PFKFB3,-0.655569796012921,0.000127446028528339,0.0422769009190092,FALSE,FALSE,0,1,0.0174833628632484
hsa04152,PPrel,activation;phosphorylation,1,PRKAA2,0.2883315494399,0.0174833628632484,0.124528023712669,PFKFB4,0.131856641195354,0.00500148112903384,0.0874127475573622,TRUE,FALSE,0,1,0.0174833628632484
hsa04152,PPrel,activation;phosphorylation,1,PRKAA2,0.2883315494399,0.0174833628632484,0.124528023712669,PPARGC1A,-0.612471761557638,0.000603487342297342,0.0535181515702502,FALSE,FALSE,1,2,0.0174833628632484
hsa04152,PPrel,inhibition;phosphorylation,-1,PRKAA2,0.2883315494399,0.0174833628632484,0.124528023712669,GYS2,-0.436590184422608,0.0112001344569651,0.107509604953939,TRUE,FALSE,0,2,0.0174833628632484
hsa04152,PPrel,inhibition;phosphorylation,-1,PRKAA2,0.2883315494399,0.0174833628632484,0.124528023712669,CFTR,0.346053445795614,0.00848407975775739,0.100031858033946,FALSE,FALSE,0,1,0.0174833628632484
hsa04152,PPrel,activation;phosphorylation,1,PDPK1,0.153466221786299,0.018028233353959,0.12592415969288,AKT1,0.387089573539082,0.00343401055010987,0.0789152904062191,TRUE,FALSE,0,2,0.018028233353959
hsa04152,PPrel,activation,1,IRS1,-0.3554897344882,0.00226335322613427,0.0728410344711814,PIK3CA,-0.194162266153804,0.025007761246042,0.141319286744511,TRUE,FALSE,0,2,0.025007761246042
hsa04152,PPrel,activation,1,IRS2,-0.584420274513232,0.00290962468594569,0.0747511303436519,PIK3CA,-0.194162266153804,0.025007761246042,0.141319286744511,TRUE,FALSE,1,2,0.025007761246042
hsa04152,GErel,expression,1,SREBF1,0.435480157850608,0.0261960327030443,0.14479173754425,FASN,0.69799363467585,0.0102285985406989,0.104041445819242,TRUE,FALSE,0,1,0.0261960327030443
hsa04152,PPrel,inhibition;indirect effect,-1,PRKAA2,0.2883315494399,0.0174833628632484,0.124528023712669,SREBF1,0.435480157850608,0.0261960327030443,0.14479173754425,FALSE,FALSE,0,2,0.0261960327030443
hsa04152,PPrel,activation;phosphorylation,1,PRKAA2,0.2883315494399,0.0174833628632484,0.124528023712669,MLYCD,0.272131424826275,0.0291126278511173,0.152132859290081,TRUE,FALSE,0,1,0.0291126278511173
hsa04152,PPrel,activation;phosphorylation,1,PDPK1,0.153466221786299,0.018028233353959,0.12592415969288,AKT2,0.272775905162288,0.0322680307039496,0.159941472099098,TRUE,FALSE,0,2,0.0322680307039496
hsa04152,PPrel,activation,1,IRS1,-0.3554897344882,0.00226335322613427,0.0728410344711814,PIK3CD,0.187312414207718,0.0479971366369964,0.189473707246273,FALSE,FALSE,0,2,0.0479971366369964
hsa04152,PPrel,activation,1,IRS2,-0.584420274513232,0.00290962468594569,0.0747511303436519,PIK3CD,0.187312414207718,0.0479971366369964,0.189473707246273,FALSE,FALSE,1,2,0.0479971366369964
hsa04210,PPrel,activation;phosphorylation,1,AKT1,0.387089573539082,0.00343401055010987,0.0789152904062191,IKBKG,0.331088914750224,0.000167254679098857,0.0422769009190092,TRUE,FALSE,0,1,0.00343401055010987
hsa04210,PPrel,inhibition,-1,CTSW,0.339258414134575,0.00276788239537488,0.0745214814612773,BIRC5,0.164479304293159,0.00630377119011232,0.0931712946765737,FALSE,FALSE,0,0,0.00630377119011232
hsa04210,PPrel,inhibition,-1,CTSZ,0.252405083903582,0.00262623093763095,0.0745214814612773,BIRC5,0.164479304293159,0.00630377119011232,0.0931712946765737,FALSE,FALSE,0,0,0.00630377119011232
hsa04210,PPrel,inhibition,-1,CTSD,0.547802129648465,0.00704034286440144,0.0963279825972731,BIRC5,0.164479304293159,0.00630377119011232,0.0931712946765737,FALSE,FALSE,0,1,0.00704034286440144
hsa04210,PPrel,inhibition,-1,CTSD,0.547802129648465,0.00704034286440144,0.0963279825972731,BCL2L1,0.320592861753887,0.00962537638125497,0.102068207295292,FALSE,FALSE,0,1,0.00962537638125497
hsa04210,PPrel,inhibition,-1,CTSW,0.339258414134575,0.00276788239537488,0.0745214814612773,BCL2L1,0.320592861753887,0.00962537638125497,0.102068207295292,FALSE,FALSE,0,0,0.00962537638125497
hsa04210,PPrel,inhibition,-1,CTSZ,0.252405083903582,0.00262623093763095,0.0745214814612773,BCL2L1,0.320592861753887,0.00962537638125497,0.102068207295292,FALSE,FALSE,0,0,0.00962537638125497
hsa04210,PPrel,inhibition,-1,CTSD,0.547802129648465,0.00704034286440144,0.0963279825972731,BIRC2,-0.300450106961928,0.0102160920953223,0.104030967441895,TRUE,FALSE,0,1,0.0102160920953223
hsa04210,PPrel,inhibition,-1,CTSW,0.339258414134575,0.00276788239537488,0.0745214814612773,BIRC2,-0.300450106961928,0.0102160920953223,0.104030967441895,TRUE,FALSE,0,0,0.0102160920953223
hsa04210,PPrel,inhibition,-1,CTSZ,0.252405083903582,0.00262623093763095,0.0745214814612773,BIRC2,-0.300450106961928,0.0102160920953223,0.104030967441895,TRUE,FALSE,0,0,0.0102160920953223
hsa04210,PPrel,inhibition;phosphorylation,-1,MAPK8,-0.219103231894202,0.0122692600501608,0.110731833004267,BCL2L1,0.320592861753887,0.00962537638125497,0.102068207295292,TRUE,FALSE,0,1,0.0122692600501608
hsa04210,PPrel,activation,1,FAS,-0.296444124075168,0.0130705654150839,0.112167891342133,FADD,0.190586985500345,0.010997589983844,0.106794774570433,FALSE,FALSE,0,0,0.0130705654150839
hsa04210,PPrel,inhibition,-1,BCL2L1,0.320592861753887,0.00962537638125497,0.102068207295292,BAX,0.341780465352488,0.0136443501184127,0.113739722456912,FALSE,FALSE,0,1,0.0136443501184127
hsa04210,PPrel,activation;phosphorylation,1,PDPK1,0.153466221786299,0.018028233353959,0.12592415969288,AKT1,0.387089573539082,0.00343401055010987,0.0789152904062191,TRUE,FALSE,0,2,0.018028233353959
hsa04210,PPrel,inhibition,-1,BIRC2,-0.300450106961928,0.0102160920953223,0.104030967441895,CASP9,0.218691690575173,0.019747769379535,0.129911996469049,TRUE,FALSE,0,0,0.019747769379535
hsa04210,PPrel,inhibition,-1,BIRC5,0.164479304293159,0.00630377119011232,0.0931712946765737,CASP9,0.218691690575173,0.019747769379535,0.129911996469049,FALSE,FALSE,0,0,0.019747769379535
hsa04210,PPrel,inhibition,-1,CASP9,0.218691690575173,0.019747769379535,0.129911996469049,PARP2,-0.215999758207841,0.0184277744226236,0.126645990463633,TRUE,FALSE,0,0,0.019747769379535
hsa04210,PPrel,activation,1,IL3RA,0.229460332686403,0.0207159842171641,0.132343523504743,HRAS,0.236375195318022,0.0186148363045659,0.127141536662267,TRUE,FALSE,0,1,0.0207159842171641
hsa04210,PPrel,activation,1,IL3RA,0.229460332686403,0.0207159842171641,0.132343523504743,KRAS,-0.248737657296002,0.0173365303927831,0.124321581462778,FALSE,FALSE,0,1,0.0207159842171641
hsa04210,PPrel,activation;indirect effect,1,IL3RA,0.229460332686403,0.0207159842171641,0.132343523504743,PIK3R2,0.268794809673499,0.00604856153799963,0.0920119170685281,TRUE,FALSE,0,1,0.0207159842171641
hsa04210,PPrel,inhibition,-1,BCL2L11,0.191479039012409,0.0208774710315908,0.13292550699405,BCL2L1,0.320592861753887,0.00962537638125497,0.102068207295292,FALSE,FALSE,0,0,0.0208774710315908
hsa04210,PPrel,activation,1,BCL2L11,0.191479039012409,0.0208774710315908,0.13292550699405,BAX,0.341780465352488,0.0136443501184127,0.113739722456912,TRUE,FALSE,0,1,0.0208774710315908
hsa04210,PPrel,activation;indirect effect,1,IL3RA,0.229460332686403,0.0207159842171641,0.132343523504743,PIK3CA,-0.194162266153804,0.025007761246042,0.141319286744511,FALSE,FALSE,0,1,0.025007761246042
hsa04210,PPrel,activation;indirect effect,1,NTRK1,0.183827282805448,0.0259204791002992,0.143918018778676,PIK3CA,-0.194162266153804,0.025007761246042,0.141319286744511,FALSE,FALSE,0,1,0.0259204791002992
hsa04210,PPrel,activation;indirect effect,1,NTRK1,0.183827282805448,0.0259204791002992,0.143918018778676,PIK3R2,0.268794809673499,0.00604856153799963,0.0920119170685281,TRUE,FALSE,0,1,0.0259204791002992
hsa04210,PPrel,activation;indirect effect,1,NTRK1,0.183827282805448,0.0259204791002992,0.143918018778676,HRAS,0.236375195318022,0.0186148363045659,0.127141536662267,TRUE,FALSE,0,1,0.0259204791002992
hsa04210,PPrel,activation;indirect effect,1,NTRK1,0.183827282805448,0.0259204791002992,0.143918018778676,KRAS,-0.248737657296002,0.0173365303927831,0.124321581462778,FALSE,FALSE,0,1,0.0259204791002992
hsa04210,PPrel,activation,1,TNF,0.157059465411569,0.0301660466016043,0.155533122271493,TNFRSF1A,0.297436592284587,0.0232747228326003,0.137628242926823,TRUE,FALSE,0,2,0.0301660466016043
hsa04210,PPrel,inhibition,-1,CTSD,0.547802129648465,0.00704034286440144,0.0963279825972731,BIRC3,0.190708925092721,0.0321477866708598,0.159778739962476,FALSE,FALSE,0,1,0.0321477866708598
hsa04210,PPrel,inhibition,-1,CTSW,0.339258414134575,0.00276788239537488,0.0745214814612773,BIRC3,0.190708925092721,0.0321477866708598,0.159778739962476,FALSE,FALSE,0,0,0.0321477866708598
hsa04210,PPrel,inhibition,-1,CTSZ,0.252405083903582,0.00262623093763095,0.0745214814612773,BIRC3,0.190708925092721,0.0321477866708598,0.159778739962476,FALSE,FALSE,0,0,0.0321477866708598
hsa04210,PPrel,inhibition,-1,BIRC3,0.190708925092721,0.0321477866708598,0.159778739962476,CASP9,0.218691690575173,0.019747769379535,0.129911996469049,FALSE,FALSE,0,0,0.0321477866708598
hsa04210,PPrel,activation;phosphorylation,1,PDPK1,0.153466221786299,0.018028233353959,0.12592415969288,AKT2,0.272775905162288,0.0322680307039496,0.159941472099098,TRUE,FALSE,0,2,0.0322680307039496
hsa04210,PPrel,activation;phosphorylation,1,AKT2,0.272775905162288,0.0322680307039496,0.159941472099098,IKBKG,0.331088914750224,0.000167254679098857,0.0422769009190092,TRUE,FALSE,0,1,0.0322680307039496
hsa04210,PPrel,activation;indirect effect,1,NTRK1,0.183827282805448,0.0259204791002992,0.143918018778676,PIK3CD,0.187312414207718,0.0479971366369964,0.189473707246273,TRUE,FALSE,0,1,0.0479971366369964
hsa04210,PPrel,activation;indirect effect,1,IL3RA,0.229460332686403,0.0207159842171641,0.132343523504743,PIK3CD,0.187312414207718,0.0479971366369964,0.189473707246273,TRUE,FALSE,0,1,0.0479971366369964
hsa04211,PPrel,activation,1,SIRT1,-0.389065828328134,0.0044363570263749,0.0855266768434143,PPARGC1A,-0.612471761557638,0.000603487342297342,0.0535181515702502,TRUE,FALSE,1,2,0.0044363570263749
hsa04211,PPrel,activation,1,IRS1,-0.3554897344882,0.00226335322613427,0.0728410344711814,PIK3R2,0.268794809673499,0.00604856153799963,0.0920119170685281,FALSE,FALSE,0,2,0.00604856153799963
hsa04211,PPrel,activation,1,IRS2,-0.584420274513232,0.00290962468594569,0.0747511303436519,PIK3R2,0.268794809673499,0.00604856153799963,0.0920119170685281,FALSE,FALSE,1,2,0.00604856153799963
hsa04211,PPrel,inhibition,-1,SIRT1,-0.389065828328134,0.0044363570263749,0.0855266768434143,BAX,0.341780465352488,0.0136443501184127,0.113739722456912,TRUE,FALSE,0,2,0.0136443501184127
hsa04211,PPrel,activation,1,KRAS,-0.248737657296002,0.0173365303927831,0.124321581462778,PIK3R2,0.268794809673499,0.00604856153799963,0.0920119170685281,FALSE,FALSE,0,2,0.0173365303927831
hsa04211,PPrel,activation;phosphorylation,1,CAMKK2,0.506110584900416,0.00844909260690126,0.100031858033946,PRKAA2,0.2883315494399,0.0174833628632484,0.124528023712669,TRUE,FALSE,0,1,0.0174833628632484
hsa04211,PPrel,activation;phosphorylation,1,STK11,0.354251480632152,0.0153103974501462,0.117879056948494,PRKAA2,0.2883315494399,0.0174833628632484,0.124528023712669,TRUE,FALSE,0,1,0.0174833628632484
hsa04211,PPrel,activation,1,HRAS,0.236375195318022,0.0186148363045659,0.127141536662267,PIK3R2,0.268794809673499,0.00604856153799963,0.0920119170685281,TRUE,FALSE,0,2,0.0186148363045659
hsa04211,PPrel,inhibition;phosphorylation,-1,AKT1,0.387089573539082,0.00343401055010987,0.0789152904062191,FOXO3,-0.258505148092882,0.0236771002828433,0.138569997318525,TRUE,FALSE,0,2,0.0236771002828433
hsa04211,PPrel,activation,1,SIRT1,-0.389065828328134,0.0044363570263749,0.0855266768434143,FOXO3,-0.258505148092882,0.0236771002828433,0.138569997318525,TRUE,FALSE,0,2,0.0236771002828433
hsa04211,PPrel,activation,1,PRKAA2,0.2883315494399,0.0174833628632484,0.124528023712669,FOXO3,-0.258505148092882,0.0236771002828433,0.138569997318525,FALSE,FALSE,0,2,0.0236771002828433
hsa04211,PPrel,activation,1,IRS1,-0.3554897344882,0.00226335322613427,0.0728410344711814,PIK3CA,-0.194162266153804,0.025007761246042,0.141319286744511,TRUE,FALSE,0,2,0.025007761246042
hsa04211,PPrel,activation,1,IRS2,-0.584420274513232,0.00290962468594569,0.0747511303436519,PIK3CA,-0.194162266153804,0.025007761246042,0.141319286744511,TRUE,FALSE,1,2,0.025007761246042
hsa04211,PPrel,activation,1,HRAS,0.236375195318022,0.0186148363045659,0.127141536662267,PIK3CA,-0.194162266153804,0.025007761246042,0.141319286744511,FALSE,FALSE,0,2,0.025007761246042
hsa04211,PPrel,activation,1,KRAS,-0.248737657296002,0.0173365303927831,0.124321581462778,PIK3CA,-0.194162266153804,0.025007761246042,0.141319286744511,TRUE,FALSE,0,2,0.025007761246042
hsa04211,PPrel,inhibition;phosphorylation,-1,AKT2,0.272775905162288,0.0322680307039496,0.159941472099098,FOXO3,-0.258505148092882,0.0236771002828433,0.138569997318525,TRUE,FALSE,0,2,0.0322680307039496
hsa04211,PPrel,activation,1,IRS1,-0.3554897344882,0.00226335322613427,0.0728410344711814,PIK3CD,0.187312414207718,0.0479971366369964,0.189473707246273,FALSE,FALSE,0,2,0.0479971366369964
hsa04211,PPrel,activation,1,IRS2,-0.584420274513232,0.00290962468594569,0.0747511303436519,PIK3CD,0.187312414207718,0.0479971366369964,0.189473707246273,FALSE,FALSE,1,2,0.0479971366369964
hsa04211,PPrel,activation,1,HRAS,0.236375195318022,0.0186148363045659,0.127141536662267,PIK3CD,0.187312414207718,0.0479971366369964,0.189473707246273,TRUE,FALSE,0,2,0.0479971366369964
hsa04211,PPrel,activation,1,KRAS,-0.248737657296002,0.0173365303927831,0.124321581462778,PIK3CD,0.187312414207718,0.0479971366369964,0.189473707246273,FALSE,FALSE,0,2,0.0479971366369964
hsa04213,PPrel,activation,1,IRS1,-0.3554897344882,0.00226335322613427,0.0728410344711814,PIK3R2,0.268794809673499,0.00604856153799963,0.0920119170685281,FALSE,FALSE,0,2,0.00604856153799963
hsa04213,PPrel,activation,1,IRS2,-0.584420274513232,0.00290962468594569,0.0747511303436519,PIK3R2,0.268794809673499,0.00604856153799963,0.0920119170685281,FALSE,FALSE,1,2,0.00604856153799963
hsa04213,PPrel,activation,1,KRAS,-0.248737657296002,0.0173365303927831,0.124321581462778,PIK3R2,0.268794809673499,0.00604856153799963,0.0920119170685281,FALSE,FALSE,0,2,0.0173365303927831
hsa04213,PPrel,activation;indirect effect,1,AKT1,0.387089573539082,0.00343401055010987,0.0789152904062191,PRKAA2,0.2883315494399,0.0174833628632484,0.124528023712669,TRUE,FALSE,0,2,0.0174833628632484
hsa04213,PPrel,activation,1,HRAS,0.236375195318022,0.0186148363045659,0.127141536662267,PIK3R2,0.268794809673499,0.00604856153799963,0.0920119170685281,TRUE,FALSE,0,2,0.0186148363045659
hsa04213,PPrel,inhibition,-1,RPS6KB2,0.257949387042562,0.0194903632172992,0.129212989472378,FOXA2,0.195108562020086,0.0208672453339355,0.13292550699405,FALSE,FALSE,0,2,0.0208672453339355
hsa04213,PPrel,activation,1,SIRT1,-0.389065828328134,0.0044363570263749,0.0855266768434143,FOXO3,-0.258505148092882,0.0236771002828433,0.138569997318525,TRUE,FALSE,0,2,0.0236771002828433
hsa04213,PPrel,inhibition;phosphorylation,-1,AKT1,0.387089573539082,0.00343401055010987,0.0789152904062191,FOXO3,-0.258505148092882,0.0236771002828433,0.138569997318525,TRUE,FALSE,0,2,0.0236771002828433
hsa04213,GErel,expression,1,FOXO3,-0.258505148092882,0.0236771002828433,0.138569997318525,HSPA1L,-0.287256893074587,0.0205251653376424,0.132187199304116,TRUE,FALSE,0,1,0.0236771002828433
hsa04213,GErel,expression,1,FOXO3,-0.258505148092882,0.0236771002828433,0.138569997318525,HSPA8,0.270648879526287,0.0139790114017746,0.114263631972364,FALSE,FALSE,0,1,0.0236771002828433
hsa04213,PPrel,activation,1,IRS1,-0.3554897344882,0.00226335322613427,0.0728410344711814,PIK3CA,-0.194162266153804,0.025007761246042,0.141319286744511,TRUE,FALSE,0,2,0.025007761246042
hsa04213,PPrel,activation,1,IRS2,-0.584420274513232,0.00290962468594569,0.0747511303436519,PIK3CA,-0.194162266153804,0.025007761246042,0.141319286744511,TRUE,FALSE,1,2,0.025007761246042
hsa04213,PPrel,activation,1,HRAS,0.236375195318022,0.0186148363045659,0.127141536662267,PIK3CA,-0.194162266153804,0.025007761246042,0.141319286744511,FALSE,FALSE,0,2,0.025007761246042
hsa04213,PPrel,activation,1,KRAS,-0.248737657296002,0.0173365303927831,0.124321581462778,PIK3CA,-0.194162266153804,0.025007761246042,0.141319286744511,TRUE,FALSE,0,2,0.025007761246042
hsa04213,PPrel,inhibition;phosphorylation,-1,AKT2,0.272775905162288,0.0322680307039496,0.159941472099098,FOXO3,-0.258505148092882,0.0236771002828433,0.138569997318525,TRUE,FALSE,0,2,0.0322680307039496
hsa04213,PPrel,activation;indirect effect,1,AKT2,0.272775905162288,0.0322680307039496,0.159941472099098,PRKAA2,0.2883315494399,0.0174833628632484,0.124528023712669,TRUE,FALSE,0,2,0.0322680307039496
hsa04213,GErel,expression,1,FOXO3,-0.258505148092882,0.0236771002828433,0.138569997318525,CRYAB,-0.433442020194444,0.0358004822783392,0.167882245920986,TRUE,FALSE,0,1,0.0358004822783392
hsa04213,GErel,expression,1,FOXO3,-0.258505148092882,0.0236771002828433,0.138569997318525,SOD1,-0.12736821610793,0.043615219067371,0.181621357452023,TRUE,FALSE,0,1,0.043615219067371
hsa04213,PPrel,activation,1,IRS1,-0.3554897344882,0.00226335322613427,0.0728410344711814,PIK3CD,0.187312414207718,0.0479971366369964,0.189473707246273,FALSE,FALSE,0,2,0.0479971366369964
hsa04213,PPrel,activation,1,IRS2,-0.584420274513232,0.00290962468594569,0.0747511303436519,PIK3CD,0.187312414207718,0.0479971366369964,0.189473707246273,FALSE,FALSE,1,2,0.0479971366369964
hsa04213,PPrel,activation,1,HRAS,0.236375195318022,0.0186148363045659,0.127141536662267,PIK3CD,0.187312414207718,0.0479971366369964,0.189473707246273,TRUE,FALSE,0,2,0.0479971366369964
hsa04213,PPrel,activation,1,KRAS,-0.248737657296002,0.0173365303927831,0.124321581462778,PIK3CD,0.187312414207718,0.0479971366369964,0.189473707246273,FALSE,FALSE,0,2,0.0479971366369964
hsa04217,PPrel,binding/association,1,RNF31,0.259773887572062,0.00349582233903071,0.0789152904062191,BIRC2,-0.300450106961928,0.0102160920953223,0.104030967441895,FALSE,FALSE,0,0,0.0102160920953223
hsa04217,PPrel,inhibition;indirect effect,-1,MAPK8,-0.219103231894202,0.0122692600501608,0.110731833004267,FTH1,0.285983609280864,0.0161488039765937,0.120649162922485,TRUE,FALSE,0,1,0.0161488039765937
hsa04217,PPrel,activation,1,TYK2,0.18140107059319,0.0187931510646706,0.127493748416118,STAT3,0.388066346775698,0.004956499558627,0.0869703643891037,TRUE,FALSE,0,1,0.0187931510646706
hsa04217,PPrel,activation,1,JAK1,-0.239663864608074,0.0211989372224872,0.13378686158546,STAT3,0.388066346775698,0.004956499558627,0.0869703643891037,FALSE,FALSE,0,1,0.0211989372224872
hsa04217,PPrel,activation,1,TNFRSF1A,0.297436592284587,0.0232747228326003,0.137628242926823,TRADD,0.189809978666953,0.0276263780373396,0.14884923396176,TRUE,FALSE,0,1,0.0276263780373396
hsa04217,PPrel,binding/association,1,TRADD,0.189809978666953,0.0276263780373396,0.14884923396176,TRAF2,0.228306444374609,0.0149931872201866,0.117013322946593,TRUE,FALSE,0,0,0.0276263780373396
hsa04217,PPrel,activation,1,TNF,0.157059465411569,0.0301660466016043,0.155533122271493,TNFRSF1A,0.297436592284587,0.0232747228326003,0.137628242926823,TRUE,FALSE,0,2,0.0301660466016043
hsa04217,PPrel,binding/association,1,RNF31,0.259773887572062,0.00349582233903071,0.0789152904062191,BIRC3,0.190708925092721,0.0321477866708598,0.159778739962476,TRUE,FALSE,0,0,0.0321477866708598
hsa04217,PPrel,activation,1,IFNA2,-0.117730095388264,0.0103657563541252,0.104571409505261,IFNGR2,0.177861698984855,0.0377275176618063,0.170894378148749,FALSE,FALSE,0,0,0.0377275176618063
hsa04217,PPrel,activation,1,IFNA13,-0.285700807488951,0.0244722292024904,0.140298018023124,IFNGR2,0.177861698984855,0.0377275176618063,0.170894378148749,FALSE,FALSE,0,0,0.0377275176618063
hsa04217,PPrel,activation,1,IFNGR2,0.177861698984855,0.0377275176618063,0.170894378148749,JAK1,-0.239663864608074,0.0211989372224872,0.13378686158546,FALSE,FALSE,0,0,0.0377275176618063
hsa04217,PPrel,activation,1,IFNGR2,0.177861698984855,0.0377275176618063,0.170894378148749,TYK2,0.18140107059319,0.0187931510646706,0.127493748416118,TRUE,FALSE,0,0,0.0377275176618063
hsa04217,PPrel,activation,1,JAK1,-0.239663864608074,0.0211989372224872,0.13378686158546,STAT2,0.148219928235007,0.0383378897957698,0.172354944286503,FALSE,FALSE,0,0,0.0383378897957698
hsa04217,PPrel,activation,1,TYK2,0.18140107059319,0.0187931510646706,0.127493748416118,STAT2,0.148219928235007,0.0383378897957698,0.172354944286503,TRUE,FALSE,0,0,0.0383378897957698
hsa04340,PPrel,inhibition,-1,PTCH1,-0.400204058357391,0.00273109280204034,0.0745214814612773,SMO,0.223176395100235,0.0118993872097568,0.109783221954881,TRUE,FALSE,0,0,0.0118993872097568
hsa04340,PPrel,activation;phosphorylation,1,CSNK1G3,-0.210827064701221,0.00855971954496717,0.100044487294167,SMO,0.223176395100235,0.0118993872097568,0.109783221954881,FALSE,FALSE,0,0,0.0118993872097568
hsa04340,PPrel,activation;phosphorylation,1,CSNK1D,0.249553803569329,0.0168640588951053,0.123408626584475,SMO,0.223176395100235,0.0118993872097568,0.109783221954881,TRUE,FALSE,0,0,0.0168640588951053
hsa04340,PPrel,activation,1,SHH,0.228877524125679,0.0242767418665688,0.139731323858924,PTCH1,-0.400204058357391,0.00273109280204034,0.0745214814612773,FALSE,FALSE,0,0,0.0242767418665688
hsa04340,PPrel,inhibition,-1,MEGF8,0.195483155274497,0.0246691577917045,0.140387000161258,SMO,0.223176395100235,0.0118993872097568,0.109783221954881,FALSE,FALSE,0,0,0.0246691577917045
hsa04340,PPrel,inhibition,-1,MGRN1,0.245862737555348,0.0459994130276288,0.18557613834302,SMO,0.223176395100235,0.0118993872097568,0.109783221954881,FALSE,FALSE,0,0,0.0459994130276288
hsa04371,PPrel,activation;phosphorylation,1,AKT1,0.387089573539082,0.00343401055010987,0.0789152904062191,PDE3B,-0.251160651153912,0.00607410795940263,0.0921663124080714,FALSE,FALSE,0,2,0.00607410795940263
hsa04371,PPrel,inhibition,-1,GNAI1,-0.32694715903727,0.000598275794419197,0.0534519239610942,ADCY10,-0.315418928193687,0.00885026912592462,0.101102501885085,FALSE,FALSE,0,0,0.00885026912592462
hsa04371,PPrel,inhibition,-1,GNB2,0.544823748155262,0.00606214247893564,0.0921014844642354,ADCY10,-0.315418928193687,0.00885026912592462,0.101102501885085,TRUE,FALSE,0,0,0.00885026912592462
hsa04371,PPrel,activation,1,GNB2,0.544823748155262,0.00606214247893564,0.0921014844642354,MRAS,0.215582340516216,0.00981604153926247,0.102730045301419,TRUE,FALSE,0,0,0.00981604153926247
hsa04371,PPrel,activation,1,GNB2,0.544823748155262,0.00606214247893564,0.0921014844642354,PLCB3,0.220882517229287,0.0128324083634766,0.11197248231415,TRUE,FALSE,0,1,0.0128324083634766
hsa04371,PPrel,activation,1,PRKCE,0.547566417668494,0.0132187992668058,0.112424259087139,MRAS,0.215582340516216,0.00981604153926247,0.102730045301419,TRUE,FALSE,0,1,0.0132187992668058
hsa04371,PPrel,activation,1,GNAI1,-0.32694715903727,0.000598275794419197,0.0534519239610942,PRKCE,0.547566417668494,0.0132187992668058,0.112424259087139,FALSE,FALSE,0,1,0.0132187992668058
hsa04371,PPrel,activation,1,GNB2,0.544823748155262,0.00606214247893564,0.0921014844642354,PRKCE,0.547566417668494,0.0132187992668058,0.112424259087139,TRUE,FALSE,0,1,0.0132187992668058
hsa04371,PPrel,activation,1,CALM1,-0.534686866605506,0.0108828735078466,0.106358989090563,NOS3,0.287450538090903,0.0150267246293483,0.117122361499061,FALSE,FALSE,0,1,0.0150267246293483
hsa04371,PPrel,activation;phosphorylation,1,AKT1,0.387089573539082,0.00343401055010987,0.0789152904062191,NOS3,0.287450538090903,0.0150267246293483,0.117122361499061,TRUE,FALSE,0,2,0.0150267246293483
hsa04371,PPrel,activation,1,PRKCE,0.547566417668494,0.0132187992668058,0.112424259087139,KRAS,-0.248737657296002,0.0173365303927831,0.124321581462778,FALSE,FALSE,0,2,0.0173365303927831
hsa04371,PPrel,activation,1,GNB2,0.544823748155262,0.00606214247893564,0.0921014844642354,KRAS,-0.248737657296002,0.0173365303927831,0.124321581462778,FALSE,FALSE,0,1,0.0173365303927831
hsa04371,PPrel,activation,1,GNB2,0.544823748155262,0.00606214247893564,0.0921014844642354,PRKAA2,0.2883315494399,0.0174833628632484,0.124528023712669,TRUE,FALSE,0,1,0.0174833628632484
hsa04371,GErel,expression,1,PRKAA2,0.2883315494399,0.0174833628632484,0.124528023712669,PLIN1,0.526689591687546,0.00617901329380455,0.0924192126902241,TRUE,FALSE,0,2,0.0174833628632484
hsa04371,GErel,expression;indirect effect,1,PRKAA2,0.2883315494399,0.0174833628632484,0.124528023712669,PPARGC1A,-0.612471761557638,0.000603487342297342,0.0535181515702502,FALSE,FALSE,1,2,0.0174833628632484
hsa04371,PPrel,activation,1,PRKCE,0.547566417668494,0.0132187992668058,0.112424259087139,HRAS,0.236375195318022,0.0186148363045659,0.127141536662267,TRUE,FALSE,0,2,0.0186148363045659
hsa04371,PPrel,activation,1,GNB2,0.544823748155262,0.00606214247893564,0.0921014844642354,HRAS,0.236375195318022,0.0186148363045659,0.127141536662267,TRUE,FALSE,0,1,0.0186148363045659
hsa04371,PPrel,activation,1,GNB2,0.544823748155262,0.00606214247893564,0.0921014844642354,PLCB1,-0.272842529245825,0.0241401734901125,0.139290247145778,FALSE,FALSE,0,1,0.0241401734901125
hsa04371,PPrel,activation,1,GNAI2,0.196720386361129,0.0275013494997748,0.148375915372377,PRKCE,0.547566417668494,0.0132187992668058,0.112424259087139,TRUE,FALSE,0,1,0.0275013494997748
hsa04371,PPrel,inhibition,-1,GNAI2,0.196720386361129,0.0275013494997748,0.148375915372377,ADCY10,-0.315418928193687,0.00885026912592462,0.101102501885085,TRUE,FALSE,0,0,0.0275013494997748
hsa04371,PPrel,activation;phosphorylation,1,AKT2,0.272775905162288,0.0322680307039496,0.159941472099098,NOS3,0.287450538090903,0.0150267246293483,0.117122361499061,TRUE,FALSE,0,2,0.0322680307039496
hsa04371,PPrel,activation;phosphorylation,1,AKT2,0.272775905162288,0.0322680307039496,0.159941472099098,PDE3B,-0.251160651153912,0.00607410795940263,0.0921663124080714,FALSE,FALSE,0,2,0.0322680307039496
hsa04371,PPrel,activation,1,RPS6KB2,0.257949387042562,0.0194903632172992,0.129212989472378,RPS6,-0.254641670484692,0.0351400983266956,0.166488706451921,FALSE,FALSE,0,2,0.0351400983266956
hsa04371,PPrel,activation,1,GNAI3,-0.230810446287896,0.0372897668361851,0.17038910445446,PRKCE,0.547566417668494,0.0132187992668058,0.112424259087139,FALSE,FALSE,0,1,0.0372897668361851
hsa04371,PPrel,inhibition,-1,GNAI3,-0.230810446287896,0.0372897668361851,0.17038910445446,ADCY10,-0.315418928193687,0.00885026912592462,0.101102501885085,FALSE,FALSE,0,0,0.0372897668361851
hsa04371,PPrel,activation,1,PRKCE,0.547566417668494,0.0132187992668058,0.112424259087139,RRAS2,-0.222056434350108,0.0435466882379165,0.18158862820771,FALSE,FALSE,0,1,0.0435466882379165
hsa04371,PPrel,activation,1,GNB2,0.544823748155262,0.00606214247893564,0.0921014844642354,RRAS2,-0.222056434350108,0.0435466882379165,0.18158862820771,FALSE,FALSE,0,0,0.0435466882379165
hsa04371,GErel,expression,1,PPARGC1A,-0.612471761557638,0.000603487342297342,0.0535181515702502,TFAM,0.204684764227013,0.0450726277413552,0.183603096059716,FALSE,FALSE,1,1,0.0450726277413552
hsa04371,PPrel,activation,1,GNG4,-0.175791501900058,0.0470625083212815,0.187873407676686,PRKCE,0.547566417668494,0.0132187992668058,0.112424259087139,FALSE,FALSE,0,1,0.0470625083212815
hsa04371,PPrel,activation,1,GNG4,-0.175791501900058,0.0470625083212815,0.187873407676686,PRKAA2,0.2883315494399,0.0174833628632484,0.124528023712669,FALSE,FALSE,0,1,0.0470625083212815
hsa04371,PPrel,activation,1,GNG4,-0.175791501900058,0.0470625083212815,0.187873407676686,RRAS2,-0.222056434350108,0.0435466882379165,0.18158862820771,TRUE,FALSE,0,0,0.0470625083212815
hsa04371,PPrel,activation,1,GNG4,-0.175791501900058,0.0470625083212815,0.187873407676686,MRAS,0.215582340516216,0.00981604153926247,0.102730045301419,FALSE,FALSE,0,0,0.0470625083212815
hsa04371,PPrel,activation,1,GNG4,-0.175791501900058,0.0470625083212815,0.187873407676686,HRAS,0.236375195318022,0.0186148363045659,0.127141536662267,FALSE,FALSE,0,1,0.0470625083212815
hsa04371,PPrel,activation,1,GNG4,-0.175791501900058,0.0470625083212815,0.187873407676686,KRAS,-0.248737657296002,0.0173365303927831,0.124321581462778,TRUE,FALSE,0,1,0.0470625083212815
hsa04371,PPrel,activation,1,GNG4,-0.175791501900058,0.0470625083212815,0.187873407676686,PLCB1,-0.272842529245825,0.0241401734901125,0.139290247145778,TRUE,FALSE,0,1,0.0470625083212815
hsa04371,PPrel,activation,1,GNG4,-0.175791501900058,0.0470625083212815,0.187873407676686,PLCB3,0.220882517229287,0.0128324083634766,0.11197248231415,FALSE,FALSE,0,1,0.0470625083212815
hsa04371,PPrel,inhibition,-1,GNG4,-0.175791501900058,0.0470625083212815,0.187873407676686,ADCY10,-0.315418928193687,0.00885026912592462,0.101102501885085,FALSE,FALSE,0,0,0.0470625083212815
hsa04371,GErel,expression,1,KLF2,0.219807606878075,0.0484805528099388,0.190204464766282,NOS3,0.287450538090903,0.0150267246293483,0.117122361499061,TRUE,FALSE,0,1,0.0484805528099388
hsa04371,GErel,expression;indirect effect,1,PRKAA2,0.2883315494399,0.0174833628632484,0.124528023712669,KLF2,0.219807606878075,0.0484805528099388,0.190204464766282,TRUE,FALSE,0,1,0.0484805528099388
hsa04371,PPrel,activation,1,PRKCE,0.547566417668494,0.0132187992668058,0.112424259087139,RRAS,0.206607547700293,0.0484884753146252,0.190204464766282,TRUE,FALSE,0,1,0.0484884753146252
hsa04371,PPrel,activation,1,GNB2,0.544823748155262,0.00606214247893564,0.0921014844642354,RRAS,0.206607547700293,0.0484884753146252,0.190204464766282,TRUE,FALSE,0,0,0.0484884753146252
hsa04371,PPrel,activation,1,GNG4,-0.175791501900058,0.0470625083212815,0.187873407676686,RRAS,0.206607547700293,0.0484884753146252,0.190204464766282,FALSE,FALSE,0,0,0.0484884753146252
hsa04510,PPrel,activation,1,VAV2,0.323530394391601,0.000167564753175387,0.0422769009190092,RAC2,0.416226544502855,0.00131421839250051,0.0642357513285687,TRUE,FALSE,0,0,0.00131421839250051
hsa04510,PPrel,activation,1,VAV2,0.323530394391601,0.000167564753175387,0.0422769009190092,RAC3,0.296277626643266,0.00259725256489118,0.0745214814612773,TRUE,FALSE,0,0,0.00259725256489118
hsa04510,PPrel,activation,1,VEGFC,-0.304383874229806,0.00386778818298142,0.0816669490769904,MET,-0.594530156292599,0.000535321938461894,0.0532228199633379,TRUE,FALSE,0,1,0.00386778818298142
hsa04510,PPrel,activation,1,MET,-0.594530156292599,0.000535321938461894,0.0532228199633379,PIK3R2,0.268794809673499,0.00604856153799963,0.0920119170685281,FALSE,FALSE,0,1,0.00604856153799963
hsa04510,PPrel,activation,1,MET,-0.594530156292599,0.000535321938461894,0.0532228199633379,SHC1,0.221586875098124,0.00936978753866645,0.101402872959854,FALSE,FALSE,0,1,0.00936978753866645
hsa04510,PPrel,activation,1,RAP1A,-0.427174784836011,0.00473569851564028,0.0867161473960069,MAPK8,-0.219103231894202,0.0122692600501608,0.110731833004267,TRUE,FALSE,0,1,0.0122692600501608
hsa04510,PPrel,phosphorylation;indirect effect,1,RAC2,0.416226544502855,0.00131421839250051,0.0642357513285687,MAPK8,-0.219103231894202,0.0122692600501608,0.110731833004267,FALSE,FALSE,0,1,0.0122692600501608
hsa04510,PPrel,phosphorylation;indirect effect,1,RAC3,0.296277626643266,0.00259725256489118,0.0745214814612773,MAPK8,-0.219103231894202,0.0122692600501608,0.110731833004267,FALSE,FALSE,0,1,0.0122692600501608
hsa04510,PPrel,inhibition;dephosphorylation,-1,PPP1CA,0.40701097338486,0.0132313549159522,0.112424259087139,MYL2,-0.174998242366876,0.00278320675505219,0.0745214814612773,TRUE,FALSE,0,1,0.0132313549159522
hsa04510,PPrel,activation,1,IGF1,-0.750196331507432,0.0163841211440685,0.121600797588543,MET,-0.594530156292599,0.000535321938461894,0.0532228199633379,TRUE,FALSE,1,1,0.0163841211440685
hsa04510,PPrel,phosphorylation,1,PDPK1,0.153466221786299,0.018028233353959,0.12592415969288,AKT1,0.387089573539082,0.00343401055010987,0.0789152904062191,TRUE,FALSE,0,2,0.018028233353959
hsa04510,PPrel,phosphorylation,1,ROCK1,-0.382239747732372,0.0182519715951825,0.126405072232454,MYL2,-0.174998242366876,0.00278320675505219,0.0745214814612773,TRUE,FALSE,0,0,0.0182519715951825
hsa04510,PPrel,inhibition;phosphorylation,-1,ROCK1,-0.382239747732372,0.0182519715951825,0.126405072232454,PPP1CA,0.40701097338486,0.0132313549159522,0.112424259087139,TRUE,FALSE,0,1,0.0182519715951825
hsa04510,PPrel,activation,1,HRAS,0.236375195318022,0.0186148363045659,0.127141536662267,PIK3R2,0.268794809673499,0.00604856153799963,0.0920119170685281,TRUE,FALSE,0,2,0.0186148363045659
hsa04510,PPrel,activation,1,SOS2,-0.242208708988776,0.0178555653576005,0.125376438980172,HRAS,0.236375195318022,0.0186148363045659,0.127141536662267,FALSE,FALSE,0,2,0.0186148363045659
hsa04510,PPrel,inhibition;phosphorylation,-1,ROCK1,-0.382239747732372,0.0182519715951825,0.126405072232454,PPP1CB,-0.16802115162632,0.0195981728979504,0.129486382965928,FALSE,FALSE,0,1,0.0195981728979504
hsa04510,PPrel,inhibition;dephosphorylation,-1,PPP1CB,-0.16802115162632,0.0195981728979504,0.129486382965928,MYL2,-0.174998242366876,0.00278320675505219,0.0745214814612773,FALSE,FALSE,0,1,0.0195981728979504
hsa04510,PPrel,activation,1,HRAS,0.236375195318022,0.0186148363045659,0.127141536662267,PIK3CA,-0.194162266153804,0.025007761246042,0.141319286744511,FALSE,FALSE,0,2,0.025007761246042
hsa04510,PPrel,activation,1,MET,-0.594530156292599,0.000535321938461894,0.0532228199633379,PIK3CA,-0.194162266153804,0.025007761246042,0.141319286744511,TRUE,FALSE,0,1,0.025007761246042
hsa04510,PPrel,binding/association,1,ZYX,0.215486338813632,0.0255358607738621,0.142857628590971,ACTN1,0.522264708233409,0.00362766968443005,0.0789152904062191,TRUE,FALSE,0,0,0.0255358607738621
hsa04510,PPrel,inhibition;phosphorylation,-1,ROCK1,-0.382239747732372,0.0182519715951825,0.126405072232454,PPP1R12A,-0.262312641719777,0.0257854300450716,0.143783497205215,FALSE,FALSE,0,0,0.0257854300450716
hsa04510,PPrel,inhibition;dephosphorylation,-1,PPP1R12A,-0.262312641719777,0.0257854300450716,0.143783497205215,MYL2,-0.174998242366876,0.00278320675505219,0.0745214814612773,FALSE,FALSE,0,0,0.0257854300450716
hsa04510,PPrel,activation,1,RHOA,0.269478570747899,0.0274377599111723,0.148336760934694,ROCK1,-0.382239747732372,0.0182519715951825,0.126405072232454,FALSE,FALSE,0,0,0.0274377599111723
hsa04510,PPrel,activation,1,RHOA,0.269478570747899,0.0274377599111723,0.148336760934694,PIP5K1C,0.264938406021874,0.00168462519136977,0.0666322382759389,TRUE,FALSE,0,0,0.0274377599111723
hsa04510,PPrel,activation,1,RHOA,0.269478570747899,0.0274377599111723,0.148336760934694,PIP5K1A,-0.251646089986485,0.0260253987934784,0.144075699246262,FALSE,FALSE,0,0,0.0274377599111723
hsa04510,PPrel,inhibition,-1,ARHGAP5,-0.366700279930079,0.0040529020869917,0.0828527881467953,RHOA,0.269478570747899,0.0274377599111723,0.148336760934694,TRUE,FALSE,0,0,0.0274377599111723
hsa04510,PPrel,activation,1,RHOA,0.269478570747899,0.0274377599111723,0.148336760934694,DIAPH1,-0.213907735790289,0.0274624990707788,0.148336760934694,FALSE,FALSE,0,1,0.0274624990707788
hsa04510,PPrel,activation,1,VEGFB,0.244850705346642,0.0277629703860775,0.149079024467147,MET,-0.594530156292599,0.000535321938461894,0.0532228199633379,FALSE,FALSE,0,1,0.0277629703860775
hsa04510,PPrel,activation,1,CRK,0.304691049409171,0.00280688541548015,0.0745214814612773,RAPGEF1,0.198436523730593,0.0308117333176453,0.15693869833186,TRUE,FALSE,0,0,0.0308117333176453
hsa04510,PPrel,activation,1,RAPGEF1,0.198436523730593,0.0308117333176453,0.15693869833186,RAP1A,-0.427174784836011,0.00473569851564028,0.0867161473960069,FALSE,FALSE,0,0,0.0308117333176453
hsa04510,PPrel,phosphorylation,1,ROCK1,-0.382239747732372,0.0182519715951825,0.126405072232454,MYL12A,-0.240050176283327,0.032001761220383,0.15970199471881,TRUE,FALSE,0,0,0.032001761220383
hsa04510,PPrel,inhibition;dephosphorylation,-1,PPP1R12A,-0.262312641719777,0.0257854300450716,0.143783497205215,MYL12A,-0.240050176283327,0.032001761220383,0.15970199471881,FALSE,FALSE,0,0,0.032001761220383
hsa04510,PPrel,inhibition;dephosphorylation,-1,PPP1CA,0.40701097338486,0.0132313549159522,0.112424259087139,MYL12A,-0.240050176283327,0.032001761220383,0.15970199471881,TRUE,FALSE,0,1,0.032001761220383
hsa04510,PPrel,inhibition;dephosphorylation,-1,PPP1CB,-0.16802115162632,0.0195981728979504,0.129486382965928,MYL12A,-0.240050176283327,0.032001761220383,0.15970199471881,FALSE,FALSE,0,1,0.032001761220383
hsa04510,PPrel,activation,1,FLT1,-0.265225153566922,0.0320892189706352,0.159778739962476,SHC1,0.221586875098124,0.00936978753866645,0.101402872959854,FALSE,FALSE,0,1,0.0320892189706352
hsa04510,PPrel,activation,1,FLT1,-0.265225153566922,0.0320892189706352,0.159778739962476,PIK3CA,-0.194162266153804,0.025007761246042,0.141319286744511,TRUE,FALSE,0,1,0.0320892189706352
hsa04510,PPrel,activation,1,FLT1,-0.265225153566922,0.0320892189706352,0.159778739962476,PIK3R2,0.268794809673499,0.00604856153799963,0.0920119170685281,FALSE,FALSE,0,1,0.0320892189706352
hsa04510,PPrel,activation,1,IGF1,-0.750196331507432,0.0163841211440685,0.121600797588543,FLT1,-0.265225153566922,0.0320892189706352,0.159778739962476,TRUE,FALSE,1,1,0.0320892189706352
hsa04510,PPrel,activation,1,VEGFB,0.244850705346642,0.0277629703860775,0.149079024467147,FLT1,-0.265225153566922,0.0320892189706352,0.159778739962476,FALSE,FALSE,0,1,0.0320892189706352
hsa04510,PPrel,activation,1,VEGFC,-0.304383874229806,0.00386778818298142,0.0816669490769904,FLT1,-0.265225153566922,0.0320892189706352,0.159778739962476,TRUE,FALSE,0,1,0.0320892189706352
hsa04510,PPrel,phosphorylation,1,PDPK1,0.153466221786299,0.018028233353959,0.12592415969288,AKT2,0.272775905162288,0.0322680307039496,0.159941472099098,TRUE,FALSE,0,2,0.0322680307039496
hsa04510,PPrel,activation,1,PDGFC,-0.259175386576165,0.0334141087687689,0.162903456846376,FLT1,-0.265225153566922,0.0320892189706352,0.159778739962476,TRUE,FALSE,0,0,0.0334141087687689
hsa04510,PPrel,activation,1,PDGFC,-0.259175386576165,0.0334141087687689,0.162903456846376,MET,-0.594530156292599,0.000535321938461894,0.0532228199633379,TRUE,FALSE,0,0,0.0334141087687689
hsa04510,PPrel,activation,1,FLT1,-0.265225153566922,0.0320892189706352,0.159778739962476,SHC3,-0.195438117940359,0.0347583228556946,0.165523723638972,TRUE,FALSE,0,0,0.0347583228556946
hsa04510,PPrel,activation,1,MET,-0.594530156292599,0.000535321938461894,0.0532228199633379,SHC3,-0.195438117940359,0.0347583228556946,0.165523723638972,TRUE,FALSE,0,0,0.0347583228556946
hsa04510,PPrel,activation,1,SOS1,-0.183245348489432,0.0388948218928561,0.172866706501494,HRAS,0.236375195318022,0.0186148363045659,0.127141536662267,FALSE,FALSE,0,2,0.0388948218928561
hsa04510,PPrel,activation,1,RHOA,0.269478570747899,0.0274377599111723,0.148336760934694,ROCK2,-0.18488865611623,0.039973188477123,0.174975872924357,FALSE,FALSE,0,0,0.039973188477123
hsa04510,PPrel,phosphorylation,1,ROCK2,-0.18488865611623,0.039973188477123,0.174975872924357,MYL12A,-0.240050176283327,0.032001761220383,0.15970199471881,TRUE,FALSE,0,0,0.039973188477123
hsa04510,PPrel,phosphorylation,1,ROCK2,-0.18488865611623,0.039973188477123,0.174975872924357,MYL2,-0.174998242366876,0.00278320675505219,0.0745214814612773,TRUE,FALSE,0,0,0.039973188477123
hsa04510,PPrel,inhibition;phosphorylation,-1,ROCK2,-0.18488865611623,0.039973188477123,0.174975872924357,PPP1R12A,-0.262312641719777,0.0257854300450716,0.143783497205215,FALSE,FALSE,0,0,0.039973188477123
hsa04510,PPrel,inhibition;phosphorylation,-1,ROCK2,-0.18488865611623,0.039973188477123,0.174975872924357,PPP1CA,0.40701097338486,0.0132313549159522,0.112424259087139,TRUE,FALSE,0,1,0.039973188477123
hsa04510,PPrel,inhibition;phosphorylation,-1,ROCK2,-0.18488865611623,0.039973188477123,0.174975872924357,PPP1CB,-0.16802115162632,0.0195981728979504,0.129486382965928,FALSE,FALSE,0,1,0.039973188477123
hsa04510,PPrel,activation,1,VAV2,0.323530394391601,0.000167564753175387,0.0422769009190092,RAC1,-0.166148471728248,0.0444310617198828,0.182856194881553,FALSE,FALSE,0,1,0.0444310617198828
hsa04510,PPrel,phosphorylation;indirect effect,1,RAC1,-0.166148471728248,0.0444310617198828,0.182856194881553,MAPK8,-0.219103231894202,0.0122692600501608,0.110731833004267,TRUE,FALSE,0,2,0.0444310617198828
hsa04510,PPrel,activation,1,HRAS,0.236375195318022,0.0186148363045659,0.127141536662267,PIK3CD,0.187312414207718,0.0479971366369964,0.189473707246273,TRUE,FALSE,0,2,0.0479971366369964
hsa04510,PPrel,activation,1,FLT1,-0.265225153566922,0.0320892189706352,0.159778739962476,PIK3CD,0.187312414207718,0.0479971366369964,0.189473707246273,FALSE,FALSE,0,1,0.0479971366369964
hsa04510,PPrel,activation,1,MET,-0.594530156292599,0.000535321938461894,0.0532228199633379,PIK3CD,0.187312414207718,0.0479971366369964,0.189473707246273,FALSE,FALSE,0,1,0.0479971366369964
hsa04518,PPrel,activation,1,VEGFC,-0.304383874229806,0.00386778818298142,0.0816669490769904,MET,-0.594530156292599,0.000535321938461894,0.0532228199633379,TRUE,FALSE,0,1,0.00386778818298142
hsa04518,PPrel,activation;indirect effect,1,PIK3R2,0.268794809673499,0.00604856153799963,0.0920119170685281,AKT1,0.387089573539082,0.00343401055010987,0.0789152904062191,TRUE,FALSE,0,2,0.00604856153799963
hsa04518,PPrel,activation,1,IGF1,-0.750196331507432,0.0163841211440685,0.121600797588543,MET,-0.594530156292599,0.000535321938461894,0.0532228199633379,TRUE,FALSE,1,1,0.0163841211440685
hsa04518,PPrel,activation;indirect effect,1,PIK3CA,-0.194162266153804,0.025007761246042,0.141319286744511,AKT1,0.387089573539082,0.00343401055010987,0.0789152904062191,FALSE,FALSE,0,2,0.025007761246042
hsa04518,PPrel,activation,1,VEGFB,0.244850705346642,0.0277629703860775,0.149079024467147,MET,-0.594530156292599,0.000535321938461894,0.0532228199633379,FALSE,FALSE,0,1,0.0277629703860775
hsa04518,PPrel,activation,1,IGF1,-0.750196331507432,0.0163841211440685,0.121600797588543,FLT1,-0.265225153566922,0.0320892189706352,0.159778739962476,TRUE,FALSE,1,1,0.0320892189706352
hsa04518,PPrel,activation,1,VEGFB,0.244850705346642,0.0277629703860775,0.149079024467147,FLT1,-0.265225153566922,0.0320892189706352,0.159778739962476,FALSE,FALSE,0,1,0.0320892189706352
hsa04518,PPrel,activation,1,VEGFC,-0.304383874229806,0.00386778818298142,0.0816669490769904,FLT1,-0.265225153566922,0.0320892189706352,0.159778739962476,TRUE,FALSE,0,1,0.0320892189706352
hsa04518,PPrel,activation;indirect effect,1,PIK3CA,-0.194162266153804,0.025007761246042,0.141319286744511,AKT2,0.272775905162288,0.0322680307039496,0.159941472099098,FALSE,FALSE,0,2,0.0322680307039496
hsa04518,PPrel,activation;indirect effect,1,PIK3R2,0.268794809673499,0.00604856153799963,0.0920119170685281,AKT2,0.272775905162288,0.0322680307039496,0.159941472099098,TRUE,FALSE,0,2,0.0322680307039496
hsa04518,PPrel,activation,1,PDGFC,-0.259175386576165,0.0334141087687689,0.162903456846376,FLT1,-0.265225153566922,0.0320892189706352,0.159778739962476,TRUE,FALSE,0,0,0.0334141087687689
hsa04518,PPrel,activation,1,PDGFC,-0.259175386576165,0.0334141087687689,0.162903456846376,MET,-0.594530156292599,0.000535321938461894,0.0532228199633379,TRUE,FALSE,0,0,0.0334141087687689
hsa04518,PPrel,activation;indirect effect,1,PIK3CD,0.187312414207718,0.0479971366369964,0.189473707246273,AKT1,0.387089573539082,0.00343401055010987,0.0789152904062191,TRUE,FALSE,0,2,0.0479971366369964
hsa04518,PPrel,activation;indirect effect,1,PIK3CD,0.187312414207718,0.0479971366369964,0.189473707246273,AKT2,0.272775905162288,0.0322680307039496,0.159941472099098,TRUE,FALSE,0,2,0.0479971366369964
hsa04550,PPrel,activation,1,WNT11,0.469436233831152,0.0018658706138729,0.0689450709545875,FZD5,-0.355441554278481,0.00434062481023536,0.0851092148962099,FALSE,FALSE,0,0,0.00434062481023536
hsa04550,PPrel,activation;indirect effect,1,PIK3R2,0.268794809673499,0.00604856153799963,0.0920119170685281,AKT1,0.387089573539082,0.00343401055010987,0.0789152904062191,TRUE,FALSE,0,2,0.00604856153799963
hsa04550,PPrel,activation,1,FGFR4,0.378996908602998,0.010950877973237,0.106741947423223,PIK3R2,0.268794809673499,0.00604856153799963,0.0920119170685281,TRUE,FALSE,0,1,0.010950877973237
hsa04550,PPrel,activation,1,FZD5,-0.355441554278481,0.00434062481023536,0.0851092148962099,DVL3,-0.289590436157688,0.0147788390507891,0.116173513536472,TRUE,FALSE,0,0,0.0147788390507891
hsa04550,GErel,expression,1,SMAD9,0.177335425093962,0.0167605800803103,0.123027384869084,DUSP9,0.265107083605428,0.0123150555463732,0.110854018797879,TRUE,FALSE,0,0,0.0167605800803103
hsa04550,GErel,expression,1,SMAD9,0.177335425093962,0.0167605800803103,0.123027384869084,ID1,0.764624206038743,0.00862914065670971,0.100044487294167,TRUE,FALSE,0,0,0.0167605800803103
hsa04550,PPrel,activation,1,FGFR4,0.378996908602998,0.010950877973237,0.106741947423223,KRAS,-0.248737657296002,0.0173365303927831,0.124321581462778,FALSE,FALSE,0,1,0.0173365303927831
hsa04550,PPrel,activation,1,FGFR4,0.378996908602998,0.010950877973237,0.106741947423223,HRAS,0.236375195318022,0.0186148363045659,0.127141536662267,TRUE,FALSE,0,1,0.0186148363045659
hsa04550,PPrel,activation,1,INHBA,0.422859169133139,0.0141045152728795,0.11440329054669,ACVR2A,-0.193733304090289,0.0203998108795964,0.131800612979238,FALSE,FALSE,0,0,0.0203998108795964
hsa04550,PPrel,activation,1,INHBC,0.374116107612574,0.00361649981073962,0.0789152904062191,ACVR2A,-0.193733304090289,0.0203998108795964,0.131800612979238,FALSE,FALSE,0,0,0.0203998108795964
hsa04550,PPrel,activation,1,INHBE,1.15816638681207,0.000392224810403814,0.0510230243067918,ACVR2A,-0.193733304090289,0.0203998108795964,0.131800612979238,FALSE,FALSE,0,0,0.0203998108795964
hsa04550,PPrel,activation,1,JAK1,-0.239663864608074,0.0211989372224872,0.13378686158546,STAT3,0.388066346775698,0.004956499558627,0.0869703643891037,FALSE,FALSE,0,1,0.0211989372224872
hsa04550,PPrel,activation,1,FGFR3,0.290775612429906,0.0233799641136304,0.137680733088236,HRAS,0.236375195318022,0.0186148363045659,0.127141536662267,TRUE,FALSE,0,1,0.0233799641136304
hsa04550,PPrel,activation,1,FGFR3,0.290775612429906,0.0233799641136304,0.137680733088236,KRAS,-0.248737657296002,0.0173365303927831,0.124321581462778,FALSE,FALSE,0,1,0.0233799641136304
hsa04550,PPrel,activation,1,FGFR3,0.290775612429906,0.0233799641136304,0.137680733088236,PIK3R2,0.268794809673499,0.00604856153799963,0.0920119170685281,TRUE,FALSE,0,1,0.0233799641136304
hsa04550,PPrel,activation,1,FGFR3,0.290775612429906,0.0233799641136304,0.137680733088236,PIK3CA,-0.194162266153804,0.025007761246042,0.141319286744511,FALSE,FALSE,0,1,0.025007761246042
hsa04550,PPrel,activation,1,FGFR4,0.378996908602998,0.010950877973237,0.106741947423223,PIK3CA,-0.194162266153804,0.025007761246042,0.141319286744511,FALSE,FALSE,0,1,0.025007761246042
hsa04550,PPrel,activation;indirect effect,1,PIK3CA,-0.194162266153804,0.025007761246042,0.141319286744511,AKT1,0.387089573539082,0.00343401055010987,0.0789152904062191,FALSE,FALSE,0,2,0.025007761246042
hsa04550,PPrel,activation,1,BMPR1B,-0.204653430296661,0.0264305903356567,0.145372784977831,SMAD9,0.177335425093962,0.0167605800803103,0.123027384869084,FALSE,FALSE,0,0,0.0264305903356567
hsa04550,PPrel,inhibition;indirect effect,-1,BMPR1B,-0.204653430296661,0.0264305903356567,0.145372784977831,MAPK13,-0.192163523711123,0.00400805854631353,0.0825894611298892,FALSE,FALSE,0,1,0.0264305903356567
hsa04550,PPrel,activation,1,WNT11,0.469436233831152,0.0018658706138729,0.0689450709545875,FZD4,-0.231756102071757,0.0277319072004472,0.149079024467147,FALSE,FALSE,0,0,0.0277319072004472
hsa04550,PPrel,activation,1,FZD4,-0.231756102071757,0.0277319072004472,0.149079024467147,DVL3,-0.289590436157688,0.0147788390507891,0.116173513536472,TRUE,FALSE,0,0,0.0277319072004472
hsa04550,PPrel,activation;indirect effect,1,PIK3CA,-0.194162266153804,0.025007761246042,0.141319286744511,AKT2,0.272775905162288,0.0322680307039496,0.159941472099098,FALSE,FALSE,0,2,0.0322680307039496
hsa04550,PPrel,activation;indirect effect,1,PIK3R2,0.268794809673499,0.00604856153799963,0.0920119170685281,AKT2,0.272775905162288,0.0322680307039496,0.159941472099098,TRUE,FALSE,0,2,0.0322680307039496
hsa04550,PPrel,activation,1,BMPR1B,-0.204653430296661,0.0264305903356567,0.145372784977831,SMAD1,0.253254374852664,0.0375616122233458,0.170646269275577,FALSE,FALSE,0,0,0.0375616122233458
hsa04550,GErel,expression,1,SMAD1,0.253254374852664,0.0375616122233458,0.170646269275577,DUSP9,0.265107083605428,0.0123150555463732,0.110854018797879,TRUE,FALSE,0,0,0.0375616122233458
hsa04550,GErel,expression,1,SMAD1,0.253254374852664,0.0375616122233458,0.170646269275577,ID1,0.764624206038743,0.00862914065670971,0.100044487294167,TRUE,FALSE,0,0,0.0375616122233458
hsa04550,PPrel,activation,1,WNT11,0.469436233831152,0.0018658706138729,0.0689450709545875,FZD9,0.152986610920657,0.0439604682114752,0.182424514879647,TRUE,FALSE,0,0,0.0439604682114752
hsa04550,PPrel,activation,1,FZD9,0.152986610920657,0.0439604682114752,0.182424514879647,DVL3,-0.289590436157688,0.0147788390507891,0.116173513536472,FALSE,FALSE,0,0,0.0439604682114752
hsa04550,PPrel,activation,1,IL6ST,-0.293862755892194,0.0477785763208697,0.189092600235852,JAK1,-0.239663864608074,0.0211989372224872,0.13378686158546,TRUE,FALSE,0,0,0.0477785763208697
hsa04550,PPrel,activation,1,IL6ST,-0.293862755892194,0.0477785763208697,0.189092600235852,PIK3CA,-0.194162266153804,0.025007761246042,0.141319286744511,TRUE,FALSE,0,1,0.0477785763208697
hsa04550,PPrel,activation,1,IL6ST,-0.293862755892194,0.0477785763208697,0.189092600235852,PIK3R2,0.268794809673499,0.00604856153799963,0.0920119170685281,FALSE,FALSE,0,1,0.0477785763208697
hsa04550,PPrel,activation,1,IL6ST,-0.293862755892194,0.0477785763208697,0.189092600235852,PIK3CD,0.187312414207718,0.0479971366369964,0.189473707246273,FALSE,FALSE,0,1,0.0479971366369964
hsa04550,PPrel,activation,1,FGFR3,0.290775612429906,0.0233799641136304,0.137680733088236,PIK3CD,0.187312414207718,0.0479971366369964,0.189473707246273,TRUE,FALSE,0,1,0.0479971366369964
hsa04550,PPrel,activation,1,FGFR4,0.378996908602998,0.010950877973237,0.106741947423223,PIK3CD,0.187312414207718,0.0479971366369964,0.189473707246273,TRUE,FALSE,0,1,0.0479971366369964
hsa04550,PPrel,activation;indirect effect,1,PIK3CD,0.187312414207718,0.0479971366369964,0.189473707246273,AKT1,0.387089573539082,0.00343401055010987,0.0789152904062191,TRUE,FALSE,0,2,0.0479971366369964
hsa04550,PPrel,activation;indirect effect,1,PIK3CD,0.187312414207718,0.0479971366369964,0.189473707246273,AKT2,0.272775905162288,0.0322680307039496,0.159941472099098,TRUE,FALSE,0,2,0.0479971366369964
hsa04550,PPrel,activation,1,ACVR1,-0.121129304258915,0.0486659020609461,0.190588217034232,SMAD1,0.253254374852664,0.0375616122233458,0.170646269275577,FALSE,FALSE,0,0,0.0486659020609461
hsa04550,PPrel,activation,1,ACVR1,-0.121129304258915,0.0486659020609461,0.190588217034232,SMAD9,0.177335425093962,0.0167605800803103,0.123027384869084,FALSE,FALSE,0,0,0.0486659020609461
hsa04550,PPrel,inhibition;indirect effect,-1,ACVR1,-0.121129304258915,0.0486659020609461,0.190588217034232,MAPK13,-0.192163523711123,0.00400805854631353,0.0825894611298892,FALSE,FALSE,0,1,0.0486659020609461
hsa04613,PPrel,activation,1,HMGB1,-0.250694390633497,0.00917182476325491,0.101402872959854,AGER,0.236604176880382,0.0122488350045032,0.110715062217674,FALSE,FALSE,0,1,0.0122488350045032
hsa04613,PPrel,activation;indirect effect,1,FPR1,0.237796868741165,0.0159077438986267,0.119477735228581,PLCB3,0.220882517229287,0.0128324083634766,0.11197248231415,TRUE,FALSE,0,1,0.0159077438986267
hsa04613,PPrel,activation;indirect effect,1,FPR1,0.237796868741165,0.0159077438986267,0.119477735228581,PLCG1,0.182449170261676,0.0082697963729943,0.0997947821115051,TRUE,FALSE,0,1,0.0159077438986267
hsa04613,PPrel,activation;indirect effect,1,FPR1,0.237796868741165,0.0159077438986267,0.119477735228581,PIK3R2,0.268794809673499,0.00604856153799963,0.0920119170685281,TRUE,FALSE,0,1,0.0159077438986267
hsa04613,PPrel,activation;indirect effect,1,FPR1,0.237796868741165,0.0159077438986267,0.119477735228581,PLCB1,-0.272842529245825,0.0241401734901125,0.139290247145778,FALSE,FALSE,0,1,0.0241401734901125
hsa04613,PPrel,activation;indirect effect,1,FPR1,0.237796868741165,0.0159077438986267,0.119477735228581,PIK3CA,-0.194162266153804,0.025007761246042,0.141319286744511,FALSE,FALSE,0,1,0.025007761246042
hsa04613,PPrel,activation,1,CASP4,0.201845018851425,0.00963560388721666,0.10208623870598,GSDMD,0.222968039577623,0.0413626828144733,0.177743732467651,TRUE,FALSE,0,0,0.0413626828144733
hsa04613,PPrel,activation;indirect effect,1,FPR1,0.237796868741165,0.0159077438986267,0.119477735228581,PIK3CD,0.187312414207718,0.0479971366369964,0.189473707246273,TRUE,FALSE,0,1,0.0479971366369964
hsa04650,PPrel,activation,1,VAV2,0.323530394391601,0.000167564753175387,0.0422769009190092,RAC2,0.416226544502855,0.00131421839250051,0.0642357513285687,TRUE,FALSE,0,0,0.00131421839250051
hsa04650,PPrel,activation,1,VAV2,0.323530394391601,0.000167564753175387,0.0422769009190092,RAC3,0.296277626643266,0.00259725256489118,0.0745214814612773,TRUE,FALSE,0,0,0.00259725256489118
hsa04650,PPrel,activation,1,PIK3R2,0.268794809673499,0.00604856153799963,0.0920119170685281,RAC2,0.416226544502855,0.00131421839250051,0.0642357513285687,TRUE,FALSE,0,1,0.00604856153799963
hsa04650,PPrel,activation,1,PIK3R2,0.268794809673499,0.00604856153799963,0.0920119170685281,RAC3,0.296277626643266,0.00259725256489118,0.0745214814612773,TRUE,FALSE,0,1,0.00604856153799963
hsa04650,PPrel,activation,1,PLCG1,0.182449170261676,0.0082697963729943,0.0997947821115051,VAV2,0.323530394391601,0.000167564753175387,0.0422769009190092,TRUE,FALSE,0,1,0.0082697963729943
hsa04650,PPrel,activation,1,ZAP70,0.245306114533064,0.0104425794307658,0.104571409505261,PIK3R2,0.268794809673499,0.00604856153799963,0.0920119170685281,TRUE,FALSE,0,1,0.0104425794307658
hsa04650,PPrel,activation,1,ZAP70,0.245306114533064,0.0104425794307658,0.104571409505261,SHC1,0.221586875098124,0.00936978753866645,0.101402872959854,TRUE,FALSE,0,1,0.0104425794307658
hsa04650,PPrel,activation,1,KRAS,-0.248737657296002,0.0173365303927831,0.124321581462778,ARAF,0.308661107681488,0.0151374004972875,0.1174497464378,FALSE,FALSE,0,1,0.0173365303927831
hsa04650,PPrel,activation,1,SOS2,-0.242208708988776,0.0178555653576005,0.125376438980172,KRAS,-0.248737657296002,0.0173365303927831,0.124321581462778,TRUE,FALSE,0,2,0.0178555653576005
hsa04650,PPrel,activation,1,SOS2,-0.242208708988776,0.0178555653576005,0.125376438980172,HRAS,0.236375195318022,0.0186148363045659,0.127141536662267,FALSE,FALSE,0,2,0.0186148363045659
hsa04650,PPrel,activation,1,HRAS,0.236375195318022,0.0186148363045659,0.127141536662267,ARAF,0.308661107681488,0.0151374004972875,0.1174497464378,TRUE,FALSE,0,1,0.0186148363045659
hsa04650,PPrel,activation,1,ZAP70,0.245306114533064,0.0104425794307658,0.104571409505261,PIK3CA,-0.194162266153804,0.025007761246042,0.141319286744511,FALSE,FALSE,0,1,0.025007761246042
hsa04650,PPrel,activation,1,PIK3CA,-0.194162266153804,0.025007761246042,0.141319286744511,RAC2,0.416226544502855,0.00131421839250051,0.0642357513285687,FALSE,FALSE,0,1,0.025007761246042
hsa04650,PPrel,activation,1,PIK3CA,-0.194162266153804,0.025007761246042,0.141319286744511,RAC3,0.296277626643266,0.00259725256489118,0.0745214814612773,FALSE,FALSE,0,1,0.025007761246042
hsa04650,PPrel,activation,1,TYROBP,0.406174563946395,0.0269320311575475,0.147094104479087,ZAP70,0.245306114533064,0.0104425794307658,0.104571409505261,TRUE,FALSE,0,0,0.0269320311575475
hsa04650,PPrel,binding/association,1,TYROBP,0.406174563946395,0.0269320311575475,0.147094104479087,NCR2,0.142370736915183,0.0110181351572962,0.10684081628777,TRUE,FALSE,0,0,0.0269320311575475
hsa04650,PPrel,activation,1,CD247,0.200867777069591,0.030593510575091,0.156256616299057,ZAP70,0.245306114533064,0.0104425794307658,0.104571409505261,TRUE,FALSE,0,0,0.030593510575091
hsa04650,PPrel,binding/association,1,CD247,0.200867777069591,0.030593510575091,0.156256616299057,NCR3,0.180687181986661,0.0114568782698179,0.108301531700098,TRUE,FALSE,0,0,0.030593510575091
hsa04650,PPrel,activation,1,ZAP70,0.245306114533064,0.0104425794307658,0.104571409505261,SHC3,-0.195438117940359,0.0347583228556946,0.165523723638972,FALSE,FALSE,0,0,0.0347583228556946
hsa04650,PPrel,inhibition;dephosphorylation,-1,PTPN6,0.22462501830183,0.0372714534655256,0.17038910445446,VAV2,0.323530394391601,0.000167564753175387,0.0422769009190092,FALSE,FALSE,0,0,0.0372714534655256
hsa04650,PPrel,indirect effect,1,IFNGR2,0.177861698984855,0.0377275176618063,0.170894378148749,FAS,-0.296444124075168,0.0130705654150839,0.112167891342133,FALSE,FALSE,0,0,0.0377275176618063
hsa04650,PPrel,activation,1,IFNA2,-0.117730095388264,0.0103657563541252,0.104571409505261,IFNGR2,0.177861698984855,0.0377275176618063,0.170894378148749,FALSE,FALSE,0,0,0.0377275176618063
hsa04650,PPrel,activation,1,IFNA13,-0.285700807488951,0.0244722292024904,0.140298018023124,IFNGR2,0.177861698984855,0.0377275176618063,0.170894378148749,FALSE,FALSE,0,0,0.0377275176618063
hsa04650,PPrel,activation,1,SOS1,-0.183245348489432,0.0388948218928561,0.172866706501494,HRAS,0.236375195318022,0.0186148363045659,0.127141536662267,FALSE,FALSE,0,2,0.0388948218928561
hsa04650,PPrel,activation,1,SOS1,-0.183245348489432,0.0388948218928561,0.172866706501494,KRAS,-0.248737657296002,0.0173365303927831,0.124321581462778,TRUE,FALSE,0,2,0.0388948218928561
hsa04650,PPrel,inhibition;dephosphorylation,-1,PTPN11,-0.225330810780707,0.0394859692242005,0.173860251398355,VAV2,0.323530394391601,0.000167564753175387,0.0422769009190092,TRUE,FALSE,0,1,0.0394859692242005
hsa04650,PPrel,activation,1,LAT,0.196984349163005,0.0436099839464912,0.181621357452023,PLCG1,0.182449170261676,0.0082697963729943,0.0997947821115051,TRUE,FALSE,0,1,0.0436099839464912
hsa04650,PPrel,activation;phosphorylation,1,ZAP70,0.245306114533064,0.0104425794307658,0.104571409505261,LAT,0.196984349163005,0.0436099839464912,0.181621357452023,TRUE,FALSE,0,0,0.0436099839464912
hsa04650,PPrel,inhibition;dephosphorylation,-1,PTPN6,0.22462501830183,0.0372714534655256,0.17038910445446,LAT,0.196984349163005,0.0436099839464912,0.181621357452023,FALSE,FALSE,0,0,0.0436099839464912
hsa04650,PPrel,inhibition;dephosphorylation,-1,PTPN11,-0.225330810780707,0.0394859692242005,0.173860251398355,LAT,0.196984349163005,0.0436099839464912,0.181621357452023,TRUE,FALSE,0,1,0.0436099839464912
hsa04650,PPrel,activation,1,PIK3CA,-0.194162266153804,0.025007761246042,0.141319286744511,RAC1,-0.166148471728248,0.0444310617198828,0.182856194881553,TRUE,FALSE,0,2,0.0444310617198828
hsa04650,PPrel,activation,1,PIK3R2,0.268794809673499,0.00604856153799963,0.0920119170685281,RAC1,-0.166148471728248,0.0444310617198828,0.182856194881553,FALSE,FALSE,0,2,0.0444310617198828
hsa04650,PPrel,activation,1,VAV2,0.323530394391601,0.000167564753175387,0.0422769009190092,RAC1,-0.166148471728248,0.0444310617198828,0.182856194881553,FALSE,FALSE,0,1,0.0444310617198828
hsa04650,PPrel,activation,1,ZAP70,0.245306114533064,0.0104425794307658,0.104571409505261,PIK3CD,0.187312414207718,0.0479971366369964,0.189473707246273,TRUE,FALSE,0,1,0.0479971366369964
hsa04650,PPrel,activation,1,PIK3CD,0.187312414207718,0.0479971366369964,0.189473707246273,RAC1,-0.166148471728248,0.0444310617198828,0.182856194881553,FALSE,FALSE,0,2,0.0479971366369964
hsa04650,PPrel,activation,1,PIK3CD,0.187312414207718,0.0479971366369964,0.189473707246273,RAC2,0.416226544502855,0.00131421839250051,0.0642357513285687,TRUE,FALSE,0,1,0.0479971366369964
hsa04650,PPrel,activation,1,PIK3CD,0.187312414207718,0.0479971366369964,0.189473707246273,RAC3,0.296277626643266,0.00259725256489118,0.0745214814612773,TRUE,FALSE,0,1,0.0479971366369964
hsa04662,PPrel,activation,1,VAV2,0.323530394391601,0.000167564753175387,0.0422769009190092,RAC2,0.416226544502855,0.00131421839250051,0.0642357513285687,TRUE,FALSE,0,0,0.00131421839250051
hsa04662,PPrel,activation,1,VAV2,0.323530394391601,0.000167564753175387,0.0422769009190092,RAC3,0.296277626643266,0.00259725256489118,0.0745214814612773,TRUE,FALSE,0,0,0.00259725256489118
hsa04662,PPrel,dephosphorylation,-1,PPP3CB,-0.225308662025932,0.00539211956184269,0.0898627321524589,NFATC3,-0.162511987553212,0.02997875516407,0.155093997102205,FALSE,FALSE,0,1,0.02997875516407
hsa04662,PPrel,binding/association,1,PTPN6,0.22462501830183,0.0372714534655256,0.17038910445446,LILRB2,0.259725248256844,0.0369467967042559,0.169929715767711,TRUE,FALSE,0,0,0.0372714534655256
hsa04662,PPrel,binding/association,1,PTPN6,0.22462501830183,0.0372714534655256,0.17038910445446,LILRB1,0.25560623321218,0.0332892330935977,0.162633307784151,TRUE,FALSE,0,0,0.0372714534655256
hsa04662,PPrel,binding/association,1,PTPN6,0.22462501830183,0.0372714534655256,0.17038910445446,CD72,0.285137607218042,0.0135969406071111,0.113739722456912,TRUE,FALSE,0,0,0.0372714534655256
hsa04662,PPrel,activation,1,VAV2,0.323530394391601,0.000167564753175387,0.0422769009190092,RAC1,-0.166148471728248,0.0444310617198828,0.182856194881553,FALSE,FALSE,0,1,0.0444310617198828
hsa04666,PPrel,activation,1,VAV2,0.323530394391601,0.000167564753175387,0.0422769009190092,RAC2,0.416226544502855,0.00131421839250051,0.0642357513285687,TRUE,FALSE,0,0,0.00131421839250051
hsa04666,PPrel,activation,1,RAC2,0.416226544502855,0.00131421839250051,0.0642357513285687,PIP5K1C,0.264938406021874,0.00168462519136977,0.0666322382759389,TRUE,FALSE,0,0,0.00168462519136977
hsa04666,PPrel,activation;indirect effect,1,RAC2,0.416226544502855,0.00131421839250051,0.0642357513285687,WASF1,-0.276924518828574,0.00246920213660306,0.0739205739356838,FALSE,FALSE,0,0,0.00246920213660306
hsa04666,PPrel,activation,1,WASF1,-0.276924518828574,0.00246920213660306,0.0739205739356838,ACTR2,0.398279246765253,0.00820069398870861,0.0995727266052936,FALSE,FALSE,0,0,0.00820069398870861
hsa04666,PPrel,activation;binding/association,1,PIK3R2,0.268794809673499,0.00604856153799963,0.0920119170685281,PLCG1,0.182449170261676,0.0082697963729943,0.0997947821115051,TRUE,FALSE,0,2,0.0082697963729943
hsa04666,PPrel,activation,1,WASF1,-0.276924518828574,0.00246920213660306,0.0739205739356838,ARPC1B,0.514037818278289,0.0128391267115824,0.11197248231415,FALSE,FALSE,0,0,0.0128391267115824
hsa04666,PPrel,activation,1,AKT1,0.387089573539082,0.00343401055010987,0.0789152904062191,RPS6KB2,0.257949387042562,0.0194903632172992,0.129212989472378,TRUE,FALSE,0,2,0.0194903632172992
hsa04666,PPrel,activation,1,WASF1,-0.276924518828574,0.00246920213660306,0.0739205739356838,ARPC5L,0.202165390254445,0.0214401425540371,0.134388160553368,FALSE,FALSE,0,0,0.0214401425540371
hsa04666,PPrel,activation;binding/association,1,PIK3CA,-0.194162266153804,0.025007761246042,0.141319286744511,PLCG1,0.182449170261676,0.0082697963729943,0.0997947821115051,FALSE,FALSE,0,2,0.025007761246042
hsa04666,PPrel,activation,1,RAC2,0.416226544502855,0.00131421839250051,0.0642357513285687,PIP5K1A,-0.251646089986485,0.0260253987934784,0.144075699246262,FALSE,FALSE,0,0,0.0260253987934784
hsa04666,PPrel,activation,1,AKT2,0.272775905162288,0.0322680307039496,0.159941472099098,RPS6KB2,0.257949387042562,0.0194903632172992,0.129212989472378,TRUE,FALSE,0,2,0.0322680307039496
hsa04666,PPrel,binding/association,1,LAT,0.196984349163005,0.0436099839464912,0.181621357452023,PIK3CA,-0.194162266153804,0.025007761246042,0.141319286744511,FALSE,FALSE,0,1,0.0436099839464912
hsa04666,PPrel,binding/association,1,LAT,0.196984349163005,0.0436099839464912,0.181621357452023,PIK3R2,0.268794809673499,0.00604856153799963,0.0920119170685281,TRUE,FALSE,0,1,0.0436099839464912
hsa04666,PPrel,inhibition;phosphorylation,-1,PRKCE,0.547566417668494,0.0132187992668058,0.112424259087139,MARCKS,-0.308356293731603,0.0443905174156255,0.18277717462261,TRUE,FALSE,0,1,0.0443905174156255
hsa04666,PPrel,activation,1,VAV2,0.323530394391601,0.000167564753175387,0.0422769009190092,RAC1,-0.166148471728248,0.0444310617198828,0.182856194881553,FALSE,FALSE,0,1,0.0444310617198828
hsa04666,PPrel,activation,1,RAC1,-0.166148471728248,0.0444310617198828,0.182856194881553,PIP5K1C,0.264938406021874,0.00168462519136977,0.0666322382759389,FALSE,FALSE,0,1,0.0444310617198828
hsa04666,PPrel,activation,1,RAC1,-0.166148471728248,0.0444310617198828,0.182856194881553,PIP5K1A,-0.251646089986485,0.0260253987934784,0.144075699246262,TRUE,FALSE,0,1,0.0444310617198828
hsa04666,PPrel,activation;indirect effect,1,RAC1,-0.166148471728248,0.0444310617198828,0.182856194881553,WASF1,-0.276924518828574,0.00246920213660306,0.0739205739356838,TRUE,FALSE,0,1,0.0444310617198828
hsa04666,PPrel,activation;binding/association,1,PIK3CD,0.187312414207718,0.0479971366369964,0.189473707246273,PLCG1,0.182449170261676,0.0082697963729943,0.0997947821115051,TRUE,FALSE,0,2,0.0479971366369964
hsa04666,PPrel,binding/association,1,LAT,0.196984349163005,0.0436099839464912,0.181621357452023,PIK3CD,0.187312414207718,0.0479971366369964,0.189473707246273,TRUE,FALSE,0,1,0.0479971366369964
hsa04730,PPrel,inhibition,-1,PPP2R1A,0.348763030574157,0.00116430586290843,0.0636171358842145,PRKCA,-0.479460401629906,0.00290012427493524,0.0747511303436519,TRUE,FALSE,0,1,0.00290012427493524
hsa04730,PPrel,activation,1,GNA11,0.407887556574168,0.00542201552655704,0.0898627321524589,PLCB3,0.220882517229287,0.0128324083634766,0.11197248231415,TRUE,FALSE,0,1,0.0128324083634766
hsa04730,PPrel,inhibition,-1,PPP2R1A,0.348763030574157,0.00116430586290843,0.0636171358842145,PRKCG,0.247052369891414,0.0168494091450029,0.123408626584475,FALSE,FALSE,0,0,0.0168494091450029
hsa04730,PPrel,activation,1,KRAS,-0.248737657296002,0.0173365303927831,0.124321581462778,ARAF,0.308661107681488,0.0151374004972875,0.1174497464378,FALSE,FALSE,0,1,0.0173365303927831
hsa04730,PPrel,activation,1,HRAS,0.236375195318022,0.0186148363045659,0.127141536662267,ARAF,0.308661107681488,0.0151374004972875,0.1174497464378,TRUE,FALSE,0,1,0.0186148363045659
hsa04730,PPrel,activation,1,GNA11,0.407887556574168,0.00542201552655704,0.0898627321524589,PLCB1,-0.272842529245825,0.0241401734901125,0.139290247145778,FALSE,FALSE,0,1,0.0241401734901125
hsa04750,PPrel,activation,1,MAP2K6,-0.390009286510288,0.00742441276874709,0.0975686824011418,MAPK13,-0.192163523711123,0.00400805854631353,0.0825894611298892,TRUE,FALSE,0,1,0.00742441276874709
hsa04750,PPrel,activation;phosphorylation,1,PRKCA,-0.479460401629906,0.00290012427493524,0.0747511303436519,TRPV4,0.398920967742291,0.0100636437042817,0.10379193748164,FALSE,FALSE,0,2,0.0100636437042817
hsa04750,PPrel,activation,1,MAP2K6,-0.390009286510288,0.00742441276874709,0.0975686824011418,MAPK8,-0.219103231894202,0.0122692600501608,0.110731833004267,TRUE,FALSE,0,1,0.0122692600501608
hsa04750,PPrel,activation;phosphorylation,1,PRKCE,0.547566417668494,0.0132187992668058,0.112424259087139,TRPV4,0.398920967742291,0.0100636437042817,0.10379193748164,TRUE,FALSE,0,2,0.0132187992668058
hsa04750,PPrel,activation,1,PRKCE,0.547566417668494,0.0132187992668058,0.112424259087139,PPP1CA,0.40701097338486,0.0132313549159522,0.112424259087139,TRUE,FALSE,0,2,0.0132313549159522
hsa04750,PPrel,activation;phosphorylation,1,PRKCG,0.247052369891414,0.0168494091450029,0.123408626584475,TRPV4,0.398920967742291,0.0100636437042817,0.10379193748164,TRUE,FALSE,0,1,0.0168494091450029
hsa04750,PPrel,inhibition;dephosphorylation,-1,PPP1CA,0.40701097338486,0.0132313549159522,0.112424259087139,TRPM8,0.203725355105401,0.0180981638253234,0.126044919905044,FALSE,FALSE,0,1,0.0180981638253234
hsa04750,PPrel,activation;indirect effect,1,IL1RAP,-0.26287891589899,0.0194120224566962,0.129089117125052,MAP2K6,-0.390009286510288,0.00742441276874709,0.0975686824011418,TRUE,FALSE,0,0,0.0194120224566962
hsa04750,PPrel,activation,1,PRKCE,0.547566417668494,0.0132187992668058,0.112424259087139,PPP1CB,-0.16802115162632,0.0195981728979504,0.129486382965928,FALSE,FALSE,0,2,0.0195981728979504
hsa04750,PPrel,inhibition;dephosphorylation,-1,PPP1CB,-0.16802115162632,0.0195981728979504,0.129486382965928,TRPM8,0.203725355105401,0.0180981638253234,0.126044919905044,TRUE,FALSE,0,1,0.0195981728979504
hsa04750,PPrel,activation,1,CALM1,-0.534686866605506,0.0108828735078466,0.106358989090563,CAMK2B,0.250072152499838,0.0200466643413923,0.130718227393872,FALSE,FALSE,0,0,0.0200466643413923
hsa04750,PPrel,activation,1,NTRK1,0.183827282805448,0.0259204791002992,0.143918018778676,PLCG1,0.182449170261676,0.0082697963729943,0.0997947821115051,TRUE,FALSE,0,1,0.0259204791002992
hsa04750,PPrel,activation,1,NTRK1,0.183827282805448,0.0259204791002992,0.143918018778676,PIK3CA,-0.194162266153804,0.025007761246042,0.141319286744511,FALSE,FALSE,0,1,0.0259204791002992
hsa04750,PPrel,activation,1,NTRK1,0.183827282805448,0.0259204791002992,0.143918018778676,PIK3R2,0.268794809673499,0.00604856153799963,0.0920119170685281,TRUE,FALSE,0,1,0.0259204791002992
hsa04750,PPrel,activation,1,CALM1,-0.534686866605506,0.0108828735078466,0.106358989090563,CAMK2A,-0.164820383523415,0.0273208004500512,0.148136151715585,TRUE,FALSE,0,0,0.0273208004500512
hsa04750,PPrel,activation;indirect effect,1,IL1RAP,-0.26287891589899,0.0194120224566962,0.129089117125052,MAP2K3,0.202713273437741,0.0378103111643473,0.171010595111283,FALSE,FALSE,0,1,0.0378103111643473
hsa04750,PPrel,activation,1,MAP2K3,0.202713273437741,0.0378103111643473,0.171010595111283,MAPK8,-0.219103231894202,0.0122692600501608,0.110731833004267,FALSE,FALSE,0,2,0.0378103111643473
hsa04750,PPrel,activation,1,MAP2K3,0.202713273437741,0.0378103111643473,0.171010595111283,MAPK13,-0.192163523711123,0.00400805854631353,0.0825894611298892,FALSE,FALSE,0,2,0.0378103111643473
hsa04750,PPrel,activation,1,NTRK1,0.183827282805448,0.0259204791002992,0.143918018778676,PIK3CD,0.187312414207718,0.0479971366369964,0.189473707246273,TRUE,FALSE,0,1,0.0479971366369964
hsa04910,PPrel,activation,1,IRS1,-0.3554897344882,0.00226335322613427,0.0728410344711814,PIK3R2,0.268794809673499,0.00604856153799963,0.0920119170685281,FALSE,FALSE,0,2,0.00604856153799963
hsa04910,PPrel,activation,1,IRS2,-0.584420274513232,0.00290962468594569,0.0747511303436519,PIK3R2,0.268794809673499,0.00604856153799963,0.0920119170685281,FALSE,FALSE,1,2,0.00604856153799963
hsa04910,PPrel,activation;phosphorylation,1,AKT1,0.387089573539082,0.00343401055010987,0.0789152904062191,PDE3B,-0.251160651153912,0.00607410795940263,0.0921663124080714,FALSE,FALSE,0,2,0.00607410795940263
hsa04910,PPrel,compound;activation,1,PIK3R2,0.268794809673499,0.00604856153799963,0.0920119170685281,PRKCZ,0.262251059755017,0.00694558784935386,0.0959757859890401,TRUE,FALSE,0,2,0.00694558784935386
hsa04910,PPrel,activation;phosphorylation,1,CALM1,-0.534686866605506,0.0108828735078466,0.106358989090563,PYGB,0.278624458417644,0.00296940464805344,0.0749993933470374,FALSE,FALSE,0,1,0.0108828735078466
hsa04910,PPrel,inhibition;phosphorylation,-1,MAPK8,-0.219103231894202,0.0122692600501608,0.110731833004267,IRS1,-0.3554897344882,0.00226335322613427,0.0728410344711814,FALSE,FALSE,0,2,0.0122692600501608
hsa04910,PPrel,inhibition;phosphorylation,-1,MAPK8,-0.219103231894202,0.0122692600501608,0.110731833004267,IRS2,-0.584420274513232,0.00290962468594569,0.0747511303436519,FALSE,FALSE,1,2,0.0122692600501608
hsa04910,PPrel,indirect effect,1,AKT1,0.387089573539082,0.00343401055010987,0.0789152904062191,PPP1CA,0.40701097338486,0.0132313549159522,0.112424259087139,TRUE,FALSE,0,2,0.0132313549159522
hsa04910,PPrel,inhibition;dephosphorylation,-1,PPP1CA,0.40701097338486,0.0132313549159522,0.112424259087139,CALM1,-0.534686866605506,0.0108828735078466,0.106358989090563,TRUE,FALSE,0,1,0.0132313549159522
hsa04910,PPrel,activation;dephosphorylation,-1,PPP1CA,0.40701097338486,0.0132313549159522,0.112424259087139,GYS2,-0.436590184422608,0.0112001344569651,0.107509604953939,TRUE,FALSE,0,2,0.0132313549159522
hsa04910,PPrel,activation,1,KRAS,-0.248737657296002,0.0173365303927831,0.124321581462778,ARAF,0.308661107681488,0.0151374004972875,0.1174497464378,FALSE,FALSE,0,1,0.0173365303927831
hsa04910,PPrel,activation,1,SOS2,-0.242208708988776,0.0178555653576005,0.125376438980172,KRAS,-0.248737657296002,0.0173365303927831,0.124321581462778,TRUE,FALSE,0,2,0.0178555653576005
hsa04910,PPrel,activation;phosphorylation,1,PDPK1,0.153466221786299,0.018028233353959,0.12592415969288,AKT1,0.387089573539082,0.00343401055010987,0.0789152904062191,TRUE,FALSE,0,2,0.018028233353959
hsa04910,PPrel,compound;activation,1,PIK3R2,0.268794809673499,0.00604856153799963,0.0920119170685281,PDPK1,0.153466221786299,0.018028233353959,0.12592415969288,TRUE,FALSE,0,2,0.018028233353959
hsa04910,PCrel,activation;phosphorylation,1,PDPK1,0.153466221786299,0.018028233353959,0.12592415969288,PRKCZ,0.262251059755017,0.00694558784935386,0.0959757859890401,TRUE,FALSE,0,2,0.018028233353959
hsa04910,PPrel,activation,1,SOS2,-0.242208708988776,0.0178555653576005,0.125376438980172,HRAS,0.236375195318022,0.0186148363045659,0.127141536662267,FALSE,FALSE,0,2,0.0186148363045659
hsa04910,PPrel,activation,1,HRAS,0.236375195318022,0.0186148363045659,0.127141536662267,ARAF,0.308661107681488,0.0151374004972875,0.1174497464378,TRUE,FALSE,0,1,0.0186148363045659
hsa04910,PPrel,activation;phosphorylation,1,PDPK1,0.153466221786299,0.018028233353959,0.12592415969288,RPS6KB2,0.257949387042562,0.0194903632172992,0.129212989472378,TRUE,FALSE,0,2,0.0194903632172992
hsa04910,PPrel,indirect effect,1,AKT1,0.387089573539082,0.00343401055010987,0.0789152904062191,PPP1CB,-0.16802115162632,0.0195981728979504,0.129486382965928,FALSE,FALSE,0,2,0.0195981728979504
hsa04910,PPrel,inhibition;dephosphorylation,-1,PPP1CB,-0.16802115162632,0.0195981728979504,0.129486382965928,CALM1,-0.534686866605506,0.0108828735078466,0.106358989090563,FALSE,FALSE,0,1,0.0195981728979504
hsa04910,PPrel,activation;dephosphorylation,-1,PPP1CB,-0.16802115162632,0.0195981728979504,0.129486382965928,GYS2,-0.436590184422608,0.0112001344569651,0.107509604953939,FALSE,FALSE,0,2,0.0195981728979504
hsa04910,PPrel,inhibition;dephosphorylation,-1,PTPRF,0.221534492129057,0.0207155620838631,0.132343523504743,IRS1,-0.3554897344882,0.00226335322613427,0.0728410344711814,TRUE,FALSE,0,2,0.0207155620838631
hsa04910,PPrel,inhibition;dephosphorylation,-1,PTPRF,0.221534492129057,0.0207155620838631,0.132343523504743,IRS2,-0.584420274513232,0.00290962468594569,0.0747511303436519,TRUE,FALSE,1,2,0.0207155620838631
hsa04910,PPrel,indirect effect,1,PTPRF,0.221534492129057,0.0207155620838631,0.132343523504743,SHC1,0.221586875098124,0.00936978753866645,0.101402872959854,TRUE,FALSE,0,2,0.0207155620838631
hsa04910,PPrel,activation,1,IRS1,-0.3554897344882,0.00226335322613427,0.0728410344711814,PIK3CA,-0.194162266153804,0.025007761246042,0.141319286744511,TRUE,FALSE,0,2,0.025007761246042
hsa04910,PPrel,activation,1,IRS2,-0.584420274513232,0.00290962468594569,0.0747511303436519,PIK3CA,-0.194162266153804,0.025007761246042,0.141319286744511,TRUE,FALSE,1,2,0.025007761246042
hsa04910,PPrel,compound;activation,1,PIK3CA,-0.194162266153804,0.025007761246042,0.141319286744511,PRKCZ,0.262251059755017,0.00694558784935386,0.0959757859890401,FALSE,FALSE,0,2,0.025007761246042
hsa04910,PPrel,compound;activation,1,PIK3CA,-0.194162266153804,0.025007761246042,0.141319286744511,PDPK1,0.153466221786299,0.018028233353959,0.12592415969288,FALSE,FALSE,0,2,0.025007761246042
hsa04910,PPrel,indirect effect,1,PRKCZ,0.262251059755017,0.00694558784935386,0.0959757859890401,SREBF1,0.435480157850608,0.0261960327030443,0.14479173754425,TRUE,FALSE,0,2,0.0261960327030443
hsa04910,PPrel,activation;indirect effect,1,SREBF1,0.435480157850608,0.0261960327030443,0.14479173754425,FASN,0.69799363467585,0.0102285985406989,0.104041445819242,TRUE,FALSE,0,1,0.0261960327030443
hsa04910,PPrel,inhibition;phosphorylation,-1,AKT1,0.387089573539082,0.00343401055010987,0.0789152904062191,TSC2,0.360866737018733,0.0271776682330935,0.147761600402632,FALSE,FALSE,0,2,0.0271776682330935
hsa04910,PPrel,activation;phosphorylation,1,PDPK1,0.153466221786299,0.018028233353959,0.12592415969288,AKT2,0.272775905162288,0.0322680307039496,0.159941472099098,TRUE,FALSE,0,2,0.0322680307039496
hsa04910,PPrel,activation;phosphorylation,1,AKT2,0.272775905162288,0.0322680307039496,0.159941472099098,PDE3B,-0.251160651153912,0.00607410795940263,0.0921663124080714,FALSE,FALSE,0,2,0.0322680307039496
hsa04910,PPrel,inhibition;phosphorylation,-1,AKT2,0.272775905162288,0.0322680307039496,0.159941472099098,TSC2,0.360866737018733,0.0271776682330935,0.147761600402632,FALSE,FALSE,0,2,0.0322680307039496
hsa04910,PPrel,indirect effect,1,AKT2,0.272775905162288,0.0322680307039496,0.159941472099098,PPP1CA,0.40701097338486,0.0132313549159522,0.112424259087139,TRUE,FALSE,0,2,0.0322680307039496
hsa04910,PPrel,indirect effect,1,AKT2,0.272775905162288,0.0322680307039496,0.159941472099098,PPP1CB,-0.16802115162632,0.0195981728979504,0.129486382965928,FALSE,FALSE,0,2,0.0322680307039496
hsa04910,PPrel,indirect effect,1,PTPRF,0.221534492129057,0.0207155620838631,0.132343523504743,SHC3,-0.195438117940359,0.0347583228556946,0.165523723638972,FALSE,FALSE,0,1,0.0347583228556946
hsa04910,PPrel,activation,1,RPS6KB2,0.257949387042562,0.0194903632172992,0.129212989472378,RPS6,-0.254641670484692,0.0351400983266956,0.166488706451921,FALSE,FALSE,0,2,0.0351400983266956
hsa04910,PPrel,activation;indirect effect,1,SREBF1,0.435480157850608,0.0261960327030443,0.14479173754425,HK3,0.140458961109149,0.0363139820873142,0.168856280401451,TRUE,FALSE,0,2,0.0363139820873142
hsa04910,PPrel,activation,1,SOS1,-0.183245348489432,0.0388948218928561,0.172866706501494,HRAS,0.236375195318022,0.0186148363045659,0.127141536662267,FALSE,FALSE,0,2,0.0388948218928561
hsa04910,PPrel,activation,1,SOS1,-0.183245348489432,0.0388948218928561,0.172866706501494,KRAS,-0.248737657296002,0.0173365303927831,0.124321581462778,TRUE,FALSE,0,2,0.0388948218928561
hsa04910,PPrel,activation,1,IRS1,-0.3554897344882,0.00226335322613427,0.0728410344711814,PIK3CD,0.187312414207718,0.0479971366369964,0.189473707246273,FALSE,FALSE,0,2,0.0479971366369964
hsa04910,PPrel,activation,1,IRS2,-0.584420274513232,0.00290962468594569,0.0747511303436519,PIK3CD,0.187312414207718,0.0479971366369964,0.189473707246273,FALSE,FALSE,1,2,0.0479971366369964
hsa04910,PPrel,compound;activation,1,PIK3CD,0.187312414207718,0.0479971366369964,0.189473707246273,PRKCZ,0.262251059755017,0.00694558784935386,0.0959757859890401,TRUE,FALSE,0,2,0.0479971366369964
hsa04910,PPrel,compound;activation,1,PIK3CD,0.187312414207718,0.0479971366369964,0.189473707246273,PDPK1,0.153466221786299,0.018028233353959,0.12592415969288,TRUE,FALSE,0,2,0.0479971366369964
hsa04914,PPrel,activation;phosphorylation,1,AKT1,0.387089573539082,0.00343401055010987,0.0789152904062191,PDE3B,-0.251160651153912,0.00607410795940263,0.0921663124080714,FALSE,FALSE,0,2,0.00607410795940263
hsa04914,PPrel,activation,1,KRAS,-0.248737657296002,0.0173365303927831,0.124321581462778,ARAF,0.308661107681488,0.0151374004972875,0.1174497464378,FALSE,FALSE,0,1,0.0173365303927831
hsa04914,PPrel,activation;phosphorylation,1,AKT2,0.272775905162288,0.0322680307039496,0.159941472099098,PDE3B,-0.251160651153912,0.00607410795940263,0.0921663124080714,FALSE,FALSE,0,2,0.0322680307039496
hsa04914,PPrel,indirect effect,1,FZR1,0.232430374811408,0.0459522010706145,0.18548204693776,CDC23,-0.2284169130851,0.0202030460363441,0.131237583910532,FALSE,FALSE,0,0,0.0459522010706145
hsa04914,PPrel,indirect effect,1,FZR1,0.232430374811408,0.0459522010706145,0.18548204693776,CDC16,-0.250758593751524,0.0124588690064018,0.111363780678123,FALSE,FALSE,0,0,0.0459522010706145
hsa04917,GErel,expression,1,STAT3,0.388066346775698,0.004956499558627,0.0869703643891037,CCND1,0.8031084765255,0.00074921048132828,0.0578425746384107,TRUE,FALSE,1,2,0.004956499558627
hsa04917,PPrel,activation,1,MAPK8,-0.219103231894202,0.0122692600501608,0.110731833004267,MAPK13,-0.192163523711123,0.00400805854631353,0.0825894611298892,TRUE,FALSE,0,2,0.0122692600501608
hsa04917,PPrel,activation,1,KRAS,-0.248737657296002,0.0173365303927831,0.124321581462778,MAPK8,-0.219103231894202,0.0122692600501608,0.110731833004267,TRUE,FALSE,0,2,0.0173365303927831
hsa04917,PPrel,activation,1,SOS2,-0.242208708988776,0.0178555653576005,0.125376438980172,KRAS,-0.248737657296002,0.0173365303927831,0.124321581462778,TRUE,FALSE,0,2,0.0178555653576005
hsa04917,PPrel,activation,1,SOS2,-0.242208708988776,0.0178555653576005,0.125376438980172,HRAS,0.236375195318022,0.0186148363045659,0.127141536662267,FALSE,FALSE,0,2,0.0186148363045659
hsa04917,PPrel,activation,1,HRAS,0.236375195318022,0.0186148363045659,0.127141536662267,MAPK8,-0.219103231894202,0.0122692600501608,0.110731833004267,FALSE,FALSE,0,2,0.0186148363045659
hsa04917,PPrel,inhibition;phosphorylation,-1,AKT1,0.387089573539082,0.00343401055010987,0.0789152904062191,FOXO3,-0.258505148092882,0.0236771002828433,0.138569997318525,TRUE,FALSE,0,2,0.0236771002828433
hsa04917,PPrel,inhibition,-1,SOCS6,-0.135174241213496,0.0239853594318177,0.139290247145778,STAT3,0.388066346775698,0.004956499558627,0.0869703643891037,TRUE,FALSE,0,1,0.0239853594318177
hsa04917,PPrel,inhibition;phosphorylation,-1,AKT2,0.272775905162288,0.0322680307039496,0.159941472099098,FOXO3,-0.258505148092882,0.0236771002828433,0.138569997318525,TRUE,FALSE,0,2,0.0322680307039496
hsa04917,PPrel,inhibition,-1,SOCS3,0.152168931590356,0.037549247403871,0.170646269275577,STAT3,0.388066346775698,0.004956499558627,0.0869703643891037,FALSE,FALSE,0,2,0.037549247403871
hsa04917,PPrel,activation,1,SOS1,-0.183245348489432,0.0388948218928561,0.172866706501494,HRAS,0.236375195318022,0.0186148363045659,0.127141536662267,FALSE,FALSE,0,2,0.0388948218928561
hsa04917,PPrel,activation,1,SOS1,-0.183245348489432,0.0388948218928561,0.172866706501494,KRAS,-0.248737657296002,0.0173365303927831,0.124321581462778,TRUE,FALSE,0,2,0.0388948218928561
hsa04917,PPrel,inhibition,-1,SOCS5,-0.14771428407865,0.0425870291739178,0.180478553369962,STAT3,0.388066346775698,0.004956499558627,0.0869703643891037,TRUE,FALSE,0,1,0.0425870291739178
hsa04917,GErel,expression,1,STAT3,0.388066346775698,0.004956499558627,0.0869703643891037,ESR2,0.115998587042105,0.0428481970547969,0.180753564179009,TRUE,FALSE,0,2,0.0428481970547969
hsa04917,GErel,expression,1,FOXO3,-0.258505148092882,0.0236771002828433,0.138569997318525,GALT,0.26451014642554,0.0449197567911062,0.183479811771792,FALSE,FALSE,0,1,0.0449197567911062
hsa04919,PPrel,activation;indirect effect,1,PIK3R2,0.268794809673499,0.00604856153799963,0.0920119170685281,ATP1A2,-0.212947980744571,0.00440481113505504,0.0852446320063534,FALSE,FALSE,0,1,0.00604856153799963
hsa04919,PPrel,activation,1,PIK3R2,0.268794809673499,0.00604856153799963,0.0920119170685281,THRA,0.236636667861308,0.0101503127484238,0.103868581629292,TRUE,FALSE,0,1,0.0101503127484238
hsa04919,GErel,expression,1,THRA,0.236636667861308,0.0101503127484238,0.103868581629292,NOTCH1,0.267548962183494,0.0131207503421818,0.112167891342133,TRUE,FALSE,0,0,0.0131207503421818
hsa04919,PPrel,activation,1,PDPK1,0.153466221786299,0.018028233353959,0.12592415969288,AKT1,0.387089573539082,0.00343401055010987,0.0789152904062191,TRUE,FALSE,0,2,0.018028233353959
hsa04919,PPrel,inhibition;phosphorylation,-1,AKT1,0.387089573539082,0.00343401055010987,0.0789152904062191,CASP9,0.218691690575173,0.019747769379535,0.129911996469049,FALSE,FALSE,0,1,0.019747769379535
hsa04919,PPrel,activation;indirect effect,1,PIK3R2,0.268794809673499,0.00604856153799963,0.0920119170685281,ATP1B1,-0.269539821868371,0.0225678950530726,0.136387097211199,FALSE,FALSE,0,1,0.0225678950530726
hsa04919,PPrel,activation;phosphorylation,1,AKT1,0.387089573539082,0.00343401055010987,0.0789152904062191,MDM2,0.17303418058197,0.0246563674273424,0.140387000161258,TRUE,FALSE,0,1,0.0246563674273424
hsa04919,PPrel,activation;indirect effect,1,PIK3CA,-0.194162266153804,0.025007761246042,0.141319286744511,ATP1A2,-0.212947980744571,0.00440481113505504,0.0852446320063534,TRUE,FALSE,0,1,0.025007761246042
hsa04919,PPrel,activation;indirect effect,1,PIK3CA,-0.194162266153804,0.025007761246042,0.141319286744511,ATP1B1,-0.269539821868371,0.0225678950530726,0.136387097211199,TRUE,FALSE,0,1,0.025007761246042
hsa04919,PPrel,activation,1,PIK3CA,-0.194162266153804,0.025007761246042,0.141319286744511,THRA,0.236636667861308,0.0101503127484238,0.103868581629292,FALSE,FALSE,0,1,0.025007761246042
hsa04919,PPrel,inhibition;phosphorylation,-1,AKT1,0.387089573539082,0.00343401055010987,0.0789152904062191,TSC2,0.360866737018733,0.0271776682330935,0.147761600402632,FALSE,FALSE,0,2,0.0271776682330935
hsa04919,PPrel,activation,1,PDPK1,0.153466221786299,0.018028233353959,0.12592415969288,AKT2,0.272775905162288,0.0322680307039496,0.159941472099098,TRUE,FALSE,0,2,0.0322680307039496
hsa04919,PPrel,activation;phosphorylation,1,AKT2,0.272775905162288,0.0322680307039496,0.159941472099098,MDM2,0.17303418058197,0.0246563674273424,0.140387000161258,TRUE,FALSE,0,1,0.0322680307039496
hsa04919,PPrel,inhibition;phosphorylation,-1,AKT2,0.272775905162288,0.0322680307039496,0.159941472099098,TSC2,0.360866737018733,0.0271776682330935,0.147761600402632,FALSE,FALSE,0,2,0.0322680307039496
hsa04919,PPrel,inhibition;phosphorylation,-1,AKT2,0.272775905162288,0.0322680307039496,0.159941472099098,CASP9,0.218691690575173,0.019747769379535,0.129911996469049,FALSE,FALSE,0,1,0.0322680307039496
hsa04919,GErel,expression,1,THRA,0.236636667861308,0.0101503127484238,0.103868581629292,NOTCH2,-0.237317566507191,0.0324832780352142,0.16039431296413,FALSE,FALSE,0,0,0.0324832780352142
hsa04919,PPrel,activation;indirect effect,1,PIK3CA,-0.194162266153804,0.025007761246042,0.141319286744511,ATP1B2,-0.199596650618083,0.036157306912481,0.168485244441999,TRUE,FALSE,0,1,0.036157306912481
hsa04919,PPrel,activation;indirect effect,1,PIK3R2,0.268794809673499,0.00604856153799963,0.0920119170685281,ATP1B2,-0.199596650618083,0.036157306912481,0.168485244441999,FALSE,FALSE,0,1,0.036157306912481
hsa04919,PPrel,activation;indirect effect,1,PIK3CD,0.187312414207718,0.0479971366369964,0.189473707246273,ATP1A2,-0.212947980744571,0.00440481113505504,0.0852446320063534,FALSE,FALSE,0,1,0.0479971366369964
hsa04919,PPrel,activation;indirect effect,1,PIK3CD,0.187312414207718,0.0479971366369964,0.189473707246273,ATP1B1,-0.269539821868371,0.0225678950530726,0.136387097211199,FALSE,FALSE,0,1,0.0479971366369964
hsa04919,PPrel,activation;indirect effect,1,PIK3CD,0.187312414207718,0.0479971366369964,0.189473707246273,ATP1B2,-0.199596650618083,0.036157306912481,0.168485244441999,FALSE,FALSE,0,1,0.0479971366369964
hsa04919,PPrel,activation,1,PIK3CD,0.187312414207718,0.0479971366369964,0.189473707246273,THRA,0.236636667861308,0.0101503127484238,0.103868581629292,TRUE,FALSE,0,1,0.0479971366369964
hsa04919,GErel,expression,1,THRA,0.236636667861308,0.0101503127484238,0.103868581629292,PLN,-0.217175196906863,0.0495468369148058,0.19192610706997,FALSE,FALSE,0,1,0.0495468369148058
hsa04920,PPrel,inhibition;phosphorylation,-1,IKBKG,0.331088914750224,0.000167254679098857,0.0422769009190092,IRS1,-0.3554897344882,0.00226335322613427,0.0728410344711814,TRUE,FALSE,0,1,0.00226335322613427
hsa04920,PPrel,inhibition;phosphorylation,-1,IKBKG,0.331088914750224,0.000167254679098857,0.0422769009190092,IRS2,-0.584420274513232,0.00290962468594569,0.0747511303436519,TRUE,FALSE,1,1,0.00290962468594569
hsa04920,GErel,repression,-1,STAT3,0.388066346775698,0.004956499558627,0.0869703643891037,PPARGC1A,-0.612471761557638,0.000603487342297342,0.0535181515702502,TRUE,FALSE,1,2,0.004956499558627
hsa04920,GErel,repression,-1,STAT3,0.388066346775698,0.004956499558627,0.0869703643891037,AGRP,0.227040710870944,0.0102874743976099,0.104551480040905,FALSE,FALSE,0,2,0.0102874743976099
hsa04920,PPrel,inhibition;phosphorylation,-1,MAPK8,-0.219103231894202,0.0122692600501608,0.110731833004267,IRS1,-0.3554897344882,0.00226335322613427,0.0728410344711814,FALSE,FALSE,0,2,0.0122692600501608
hsa04920,PPrel,inhibition;phosphorylation,-1,MAPK8,-0.219103231894202,0.0122692600501608,0.110731833004267,IRS2,-0.584420274513232,0.00290962468594569,0.0747511303436519,FALSE,FALSE,1,2,0.0122692600501608
hsa04920,PPrel,activation;indirect effect,1,TRAF2,0.228306444374609,0.0149931872201866,0.117013322946593,MAPK8,-0.219103231894202,0.0122692600501608,0.110731833004267,FALSE,FALSE,0,1,0.0149931872201866
hsa04920,PPrel,activation;indirect effect,1,TRAF2,0.228306444374609,0.0149931872201866,0.117013322946593,IKBKG,0.331088914750224,0.000167254679098857,0.0422769009190092,TRUE,FALSE,0,0,0.0149931872201866
hsa04920,PPrel,activation;phosphorylation,1,CAMKK2,0.506110584900416,0.00844909260690126,0.100031858033946,PRKAA2,0.2883315494399,0.0174833628632484,0.124528023712669,TRUE,FALSE,0,1,0.0174833628632484
hsa04920,PPrel,activation;phosphorylation,1,STK11,0.354251480632152,0.0153103974501462,0.117879056948494,PRKAA2,0.2883315494399,0.0174833628632484,0.124528023712669,TRUE,FALSE,0,1,0.0174833628632484
hsa04920,PPrel,activation,1,TNFRSF1A,0.297436592284587,0.0232747228326003,0.137628242926823,TRADD,0.189809978666953,0.0276263780373396,0.14884923396176,TRUE,FALSE,0,1,0.0276263780373396
hsa04920,PPrel,activation,1,TRADD,0.189809978666953,0.0276263780373396,0.14884923396176,TRAF2,0.228306444374609,0.0149931872201866,0.117013322946593,TRUE,FALSE,0,0,0.0276263780373396
hsa04920,PPrel,activation,1,TNF,0.157059465411569,0.0301660466016043,0.155533122271493,TNFRSF1A,0.297436592284587,0.0232747228326003,0.137628242926823,TRUE,FALSE,0,2,0.0301660466016043
hsa04920,PPrel,activation;indirect effect,1,PRKAA2,0.2883315494399,0.0174833628632484,0.124528023712669,SLC2A1,-0.206273293941063,0.0367362412505673,0.169754934126295,FALSE,FALSE,0,2,0.0367362412505673
hsa04920,PPrel,inhibition,-1,SOCS3,0.152168931590356,0.037549247403871,0.170646269275577,IRS1,-0.3554897344882,0.00226335322613427,0.0728410344711814,TRUE,FALSE,0,2,0.037549247403871
hsa04920,PPrel,inhibition,-1,SOCS3,0.152168931590356,0.037549247403871,0.170646269275577,IRS2,-0.584420274513232,0.00290962468594569,0.0747511303436519,TRUE,FALSE,1,2,0.037549247403871
hsa04920,GErel,expression,1,STAT3,0.388066346775698,0.004956499558627,0.0869703643891037,SOCS3,0.152168931590356,0.037549247403871,0.170646269275577,TRUE,FALSE,0,2,0.037549247403871
hsa04920,PPrel,activation;phosphorylation,1,IKBKG,0.331088914750224,0.000167254679098857,0.0422769009190092,NFKBIE,0.183288190442584,0.0404080330968067,0.17555859873647,TRUE,FALSE,0,0,0.0404080330968067
hsa04922,PPrel,activation,1,AKT1,0.387089573539082,0.00343401055010987,0.0789152904062191,PDE3B,-0.251160651153912,0.00607410795940263,0.0921663124080714,FALSE,FALSE,0,2,0.00607410795940263
hsa04922,PPrel,activation,1,AKT2,0.272775905162288,0.0322680307039496,0.159941472099098,PDE3B,-0.251160651153912,0.00607410795940263,0.0921663124080714,FALSE,FALSE,0,2,0.0322680307039496
hsa04922,PPrel,activation,1,GCGR,0.235848538829546,0.0488003155819146,0.190864873618648,GNAS,0.225884175594842,0.0464337234857718,0.18679587956037,TRUE,FALSE,0,1,0.0488003155819146
hsa04923,PPrel,activation,1,IRS1,-0.3554897344882,0.00226335322613427,0.0728410344711814,PIK3R2,0.268794809673499,0.00604856153799963,0.0920119170685281,FALSE,FALSE,0,2,0.00604856153799963
hsa04923,PPrel,activation,1,IRS2,-0.584420274513232,0.00290962468594569,0.0747511303436519,PIK3R2,0.268794809673499,0.00604856153799963,0.0920119170685281,FALSE,FALSE,1,2,0.00604856153799963
hsa04923,PPrel,activation;indirect effect,1,PIK3R2,0.268794809673499,0.00604856153799963,0.0920119170685281,AKT1,0.387089573539082,0.00343401055010987,0.0789152904062191,TRUE,FALSE,0,2,0.00604856153799963
hsa04923,PPrel,activation,1,AKT1,0.387089573539082,0.00343401055010987,0.0789152904062191,PDE3B,-0.251160651153912,0.00607410795940263,0.0921663124080714,FALSE,FALSE,0,2,0.00607410795940263
hsa04923,PPrel,activation,1,NPY1R,-0.339533423180239,0.0207428936979101,0.132350887570142,GNAI1,-0.32694715903727,0.000598275794419197,0.0534519239610942,TRUE,FALSE,0,0,0.0207428936979101
hsa04923,PPrel,activation,1,IRS1,-0.3554897344882,0.00226335322613427,0.0728410344711814,PIK3CA,-0.194162266153804,0.025007761246042,0.141319286744511,TRUE,FALSE,0,2,0.025007761246042
hsa04923,PPrel,activation,1,IRS2,-0.584420274513232,0.00290962468594569,0.0747511303436519,PIK3CA,-0.194162266153804,0.025007761246042,0.141319286744511,TRUE,FALSE,1,2,0.025007761246042
hsa04923,PPrel,activation;indirect effect,1,PIK3CA,-0.194162266153804,0.025007761246042,0.141319286744511,AKT1,0.387089573539082,0.00343401055010987,0.0789152904062191,FALSE,FALSE,0,2,0.025007761246042
hsa04923,PPrel,activation,1,NPY1R,-0.339533423180239,0.0207428936979101,0.132350887570142,GNAI2,0.196720386361129,0.0275013494997748,0.148375915372377,FALSE,FALSE,0,0,0.0275013494997748
hsa04923,PPrel,activation;indirect effect,1,PIK3CA,-0.194162266153804,0.025007761246042,0.141319286744511,AKT2,0.272775905162288,0.0322680307039496,0.159941472099098,FALSE,FALSE,0,2,0.0322680307039496
hsa04923,PPrel,activation;indirect effect,1,PIK3R2,0.268794809673499,0.00604856153799963,0.0920119170685281,AKT2,0.272775905162288,0.0322680307039496,0.159941472099098,TRUE,FALSE,0,2,0.0322680307039496
hsa04923,PPrel,activation,1,AKT2,0.272775905162288,0.0322680307039496,0.159941472099098,PDE3B,-0.251160651153912,0.00607410795940263,0.0921663124080714,FALSE,FALSE,0,2,0.0322680307039496
hsa04923,PPrel,activation,1,NPY1R,-0.339533423180239,0.0207428936979101,0.132350887570142,GNAI3,-0.230810446287896,0.0372897668361851,0.17038910445446,TRUE,FALSE,0,0,0.0372897668361851
hsa04923,PPrel,activation,1,TSHR,-0.136865468508032,0.0321021044641308,0.159778739962476,GNAS,0.225884175594842,0.0464337234857718,0.18679587956037,FALSE,FALSE,0,1,0.0464337234857718
hsa04923,PPrel,activation,1,IRS1,-0.3554897344882,0.00226335322613427,0.0728410344711814,PIK3CD,0.187312414207718,0.0479971366369964,0.189473707246273,FALSE,FALSE,0,2,0.0479971366369964
hsa04923,PPrel,activation,1,IRS2,-0.584420274513232,0.00290962468594569,0.0747511303436519,PIK3CD,0.187312414207718,0.0479971366369964,0.189473707246273,FALSE,FALSE,1,2,0.0479971366369964
hsa04923,PPrel,activation;indirect effect,1,PIK3CD,0.187312414207718,0.0479971366369964,0.189473707246273,AKT1,0.387089573539082,0.00343401055010987,0.0789152904062191,TRUE,FALSE,0,2,0.0479971366369964
hsa04923,PPrel,activation;indirect effect,1,PIK3CD,0.187312414207718,0.0479971366369964,0.189473707246273,AKT2,0.272775905162288,0.0322680307039496,0.159941472099098,TRUE,FALSE,0,2,0.0479971366369964
hsa04930,PPrel,activation,1,IRS1,-0.3554897344882,0.00226335322613427,0.0728410344711814,PIK3R2,0.268794809673499,0.00604856153799963,0.0920119170685281,FALSE,FALSE,0,2,0.00604856153799963
hsa04930,PPrel,activation,1,IRS2,-0.584420274513232,0.00290962468594569,0.0747511303436519,PIK3R2,0.268794809673499,0.00604856153799963,0.0920119170685281,FALSE,FALSE,1,2,0.00604856153799963
hsa04930,PPrel,indirect effect,1,PIK3R2,0.268794809673499,0.00604856153799963,0.0920119170685281,PRKCZ,0.262251059755017,0.00694558784935386,0.0959757859890401,TRUE,FALSE,0,2,0.00694558784935386
hsa04930,PPrel,inhibition;phosphorylation,-1,PRKCZ,0.262251059755017,0.00694558784935386,0.0959757859890401,IRS1,-0.3554897344882,0.00226335322613427,0.0728410344711814,TRUE,FALSE,0,2,0.00694558784935386
hsa04930,PPrel,inhibition;phosphorylation,-1,PRKCZ,0.262251059755017,0.00694558784935386,0.0959757859890401,IRS2,-0.584420274513232,0.00290962468594569,0.0747511303436519,TRUE,FALSE,1,2,0.00694558784935386
hsa04930,PPrel,inhibition;phosphorylation,-1,MAPK8,-0.219103231894202,0.0122692600501608,0.110731833004267,IRS1,-0.3554897344882,0.00226335322613427,0.0728410344711814,FALSE,FALSE,0,2,0.0122692600501608
hsa04930,PPrel,inhibition;phosphorylation,-1,MAPK8,-0.219103231894202,0.0122692600501608,0.110731833004267,IRS2,-0.584420274513232,0.00290962468594569,0.0747511303436519,FALSE,FALSE,1,2,0.0122692600501608
hsa04930,PPrel,inhibition;phosphorylation,-1,PRKCE,0.547566417668494,0.0132187992668058,0.112424259087139,IRS1,-0.3554897344882,0.00226335322613427,0.0728410344711814,TRUE,FALSE,0,2,0.0132187992668058
hsa04930,PPrel,inhibition;phosphorylation,-1,PRKCE,0.547566417668494,0.0132187992668058,0.112424259087139,IRS2,-0.584420274513232,0.00290962468594569,0.0747511303436519,TRUE,FALSE,1,2,0.0132187992668058
hsa04930,PPrel,activation,1,IRS1,-0.3554897344882,0.00226335322613427,0.0728410344711814,PIK3CA,-0.194162266153804,0.025007761246042,0.141319286744511,TRUE,FALSE,0,2,0.025007761246042
hsa04930,PPrel,activation,1,IRS2,-0.584420274513232,0.00290962468594569,0.0747511303436519,PIK3CA,-0.194162266153804,0.025007761246042,0.141319286744511,TRUE,FALSE,1,2,0.025007761246042
hsa04930,PPrel,indirect effect,1,PIK3CA,-0.194162266153804,0.025007761246042,0.141319286744511,PRKCZ,0.262251059755017,0.00694558784935386,0.0959757859890401,FALSE,FALSE,0,2,0.025007761246042
hsa04930,PPrel,indirect effect,1,TNF,0.157059465411569,0.0301660466016043,0.155533122271493,MAPK8,-0.219103231894202,0.0122692600501608,0.110731833004267,FALSE,FALSE,0,2,0.0301660466016043
hsa04930,PPrel,inhibition,-1,SOCS3,0.152168931590356,0.037549247403871,0.170646269275577,IRS1,-0.3554897344882,0.00226335322613427,0.0728410344711814,TRUE,FALSE,0,2,0.037549247403871
hsa04930,PPrel,inhibition,-1,SOCS3,0.152168931590356,0.037549247403871,0.170646269275577,IRS2,-0.584420274513232,0.00290962468594569,0.0747511303436519,TRUE,FALSE,1,2,0.037549247403871
hsa04930,PPrel,activation,1,IRS1,-0.3554897344882,0.00226335322613427,0.0728410344711814,PIK3CD,0.187312414207718,0.0479971366369964,0.189473707246273,FALSE,FALSE,0,2,0.0479971366369964
hsa04930,PPrel,activation,1,IRS2,-0.584420274513232,0.00290962468594569,0.0747511303436519,PIK3CD,0.187312414207718,0.0479971366369964,0.189473707246273,FALSE,FALSE,1,2,0.0479971366369964
hsa04930,PPrel,indirect effect,1,PIK3CD,0.187312414207718,0.0479971366369964,0.189473707246273,PRKCZ,0.262251059755017,0.00694558784935386,0.0959757859890401,TRUE,FALSE,0,2,0.0479971366369964
hsa04931,PPrel,activation;indirect effect,1,CREB3,0.303800603180914,0.00138677189848469,0.0658826713042013,PPARGC1A,-0.612471761557638,0.000603487342297342,0.0535181515702502,FALSE,FALSE,1,2,0.00138677189848469
hsa04931,PPrel,activation,1,IRS1,-0.3554897344882,0.00226335322613427,0.0728410344711814,PIK3R2,0.268794809673499,0.00604856153799963,0.0920119170685281,FALSE,FALSE,0,2,0.00604856153799963
hsa04931,PPrel,activation,1,IRS2,-0.584420274513232,0.00290962468594569,0.0747511303436519,PIK3R2,0.268794809673499,0.00604856153799963,0.0920119170685281,FALSE,FALSE,1,2,0.00604856153799963
hsa04931,PPrel,activation,1,PIK3R2,0.268794809673499,0.00604856153799963,0.0920119170685281,PRKCZ,0.262251059755017,0.00694558784935386,0.0959757859890401,TRUE,FALSE,0,2,0.00694558784935386
hsa04931,PPrel,inhibition;phosphorylation,-1,MAPK8,-0.219103231894202,0.0122692600501608,0.110731833004267,IRS1,-0.3554897344882,0.00226335322613427,0.0728410344711814,FALSE,FALSE,0,2,0.0122692600501608
hsa04931,PPrel,inhibition;phosphorylation,-1,MAPK8,-0.219103231894202,0.0122692600501608,0.110731833004267,IRS2,-0.584420274513232,0.00290962468594569,0.0747511303436519,FALSE,FALSE,1,2,0.0122692600501608
hsa04931,PPrel,activation,1,PRKCE,0.547566417668494,0.0132187992668058,0.112424259087139,MAPK8,-0.219103231894202,0.0122692600501608,0.110731833004267,FALSE,FALSE,0,2,0.0132187992668058
hsa04931,PPrel,activation;phosphorylation,1,RPS6KA6,-0.497392334993076,0.0019296259133275,0.0693778544712142,PPP1CA,0.40701097338486,0.0132313549159522,0.112424259087139,FALSE,FALSE,0,2,0.0132313549159522
hsa04931,PPrel,activation;phosphorylation,1,RPS6KA1,0.428712639401201,0.000136208555086698,0.0422769009190092,PPP1CA,0.40701097338486,0.0132313549159522,0.112424259087139,TRUE,FALSE,0,2,0.0132313549159522
hsa04931,PPrel,activation;dephosphorylation,-1,PPP1CA,0.40701097338486,0.0132313549159522,0.112424259087139,GYS2,-0.436590184422608,0.0112001344569651,0.107509604953939,TRUE,FALSE,0,2,0.0132313549159522
hsa04931,PPrel,inhibition;dephosphorylation;indirect effect,-1,PPP1CA,0.40701097338486,0.0132313549159522,0.112424259087139,PYGB,0.278624458417644,0.00296940464805344,0.0749993933470374,FALSE,FALSE,0,2,0.0132313549159522
hsa04931,PPrel,inhibition,-1,TRIB3,0.314168875492543,0.0139056116990244,0.114263631972364,AKT1,0.387089573539082,0.00343401055010987,0.0789152904062191,FALSE,FALSE,0,2,0.0139056116990244
hsa04931,PPrel,activation;phosphorylation,1,AKT1,0.387089573539082,0.00343401055010987,0.0789152904062191,NOS3,0.287450538090903,0.0150267246293483,0.117122361499061,TRUE,FALSE,0,2,0.0150267246293483
hsa04931,PPrel,inhibition;glycosylation,-1,OGT,-0.278198798632401,0.0179342109197497,0.125560452123534,IRS1,-0.3554897344882,0.00226335322613427,0.0728410344711814,FALSE,FALSE,0,2,0.0179342109197497
hsa04931,PPrel,inhibition;glycosylation,-1,OGT,-0.278198798632401,0.0179342109197497,0.125560452123534,PIK3R2,0.268794809673499,0.00604856153799963,0.0920119170685281,TRUE,FALSE,0,2,0.0179342109197497
hsa04931,PPrel,inhibition;glycosylation,-1,OGT,-0.278198798632401,0.0179342109197497,0.125560452123534,AKT1,0.387089573539082,0.00343401055010987,0.0789152904062191,TRUE,FALSE,0,2,0.0179342109197497
hsa04931,PPrel,activation,1,PPARGC1A,-0.612471761557638,0.000603487342297342,0.0535181515702502,OGT,-0.278198798632401,0.0179342109197497,0.125560452123534,TRUE,FALSE,1,2,0.0179342109197497
hsa04931,PPrel,activation;phosphorylation,1,PDPK1,0.153466221786299,0.018028233353959,0.12592415969288,AKT1,0.387089573539082,0.00343401055010987,0.0789152904062191,TRUE,FALSE,0,2,0.018028233353959
hsa04931,PPrel,inhibition;glycosylation,-1,OGT,-0.278198798632401,0.0179342109197497,0.125560452123534,PDPK1,0.153466221786299,0.018028233353959,0.12592415969288,TRUE,FALSE,0,2,0.018028233353959
hsa04931,PPrel,inhibition;phosphorylation,-1,RPS6KB2,0.257949387042562,0.0194903632172992,0.129212989472378,IRS1,-0.3554897344882,0.00226335322613427,0.0728410344711814,TRUE,FALSE,0,2,0.0194903632172992
hsa04931,PPrel,activation;phosphorylation,1,RPS6KA6,-0.497392334993076,0.0019296259133275,0.0693778544712142,PPP1CB,-0.16802115162632,0.0195981728979504,0.129486382965928,TRUE,FALSE,0,2,0.0195981728979504
hsa04931,PPrel,activation;phosphorylation,1,RPS6KA1,0.428712639401201,0.000136208555086698,0.0422769009190092,PPP1CB,-0.16802115162632,0.0195981728979504,0.129486382965928,FALSE,FALSE,0,2,0.0195981728979504
hsa04931,PPrel,activation;dephosphorylation,-1,PPP1CB,-0.16802115162632,0.0195981728979504,0.129486382965928,GYS2,-0.436590184422608,0.0112001344569651,0.107509604953939,FALSE,FALSE,0,2,0.0195981728979504
hsa04931,PPrel,inhibition;dephosphorylation;indirect effect,-1,PPP1CB,-0.16802115162632,0.0195981728979504,0.129486382965928,PYGB,0.278624458417644,0.00296940464805344,0.0749993933470374,TRUE,FALSE,0,2,0.0195981728979504
hsa04931,PPrel,activation;indirect effect,1,IL6,0.138626493551915,0.0205700594974582,0.132187199304116,STAT3,0.388066346775698,0.004956499558627,0.0869703643891037,TRUE,FALSE,0,2,0.0205700594974582
hsa04931,PPrel,inhibition;dephosphorylation,-1,PTPRF,0.221534492129057,0.0207155620838631,0.132343523504743,IRS1,-0.3554897344882,0.00226335322613427,0.0728410344711814,TRUE,FALSE,0,2,0.0207155620838631
hsa04931,PPrel,activation;indirect effect,1,TNFRSF1A,0.297436592284587,0.0232747228326003,0.137628242926823,MAPK8,-0.219103231894202,0.0122692600501608,0.110731833004267,FALSE,FALSE,0,2,0.0232747228326003
hsa04931,PPrel,activation,1,IRS1,-0.3554897344882,0.00226335322613427,0.0728410344711814,PIK3CA,-0.194162266153804,0.025007761246042,0.141319286744511,TRUE,FALSE,0,2,0.025007761246042
hsa04931,PPrel,activation,1,PIK3CA,-0.194162266153804,0.025007761246042,0.141319286744511,PRKCZ,0.262251059755017,0.00694558784935386,0.0959757859890401,FALSE,FALSE,0,2,0.025007761246042
hsa04931,PPrel,activation,1,IRS2,-0.584420274513232,0.00290962468594569,0.0747511303436519,PIK3CA,-0.194162266153804,0.025007761246042,0.141319286744511,TRUE,FALSE,1,2,0.025007761246042
hsa04931,PPrel,inhibition;glycosylation,-1,OGT,-0.278198798632401,0.0179342109197497,0.125560452123534,PIK3CA,-0.194162266153804,0.025007761246042,0.141319286744511,FALSE,FALSE,0,2,0.025007761246042
hsa04931,PPrel,inhibition;indirect effect,-1,SREBF1,0.435480157850608,0.0261960327030443,0.14479173754425,IRS2,-0.584420274513232,0.00290962468594569,0.0747511303436519,TRUE,FALSE,1,2,0.0261960327030443
hsa04931,PPrel,activation;indirect effect,1,NR1H2,0.454446224697958,0.00729258815356003,0.0968193403656439,SREBF1,0.435480157850608,0.0261960327030443,0.14479173754425,TRUE,FALSE,0,2,0.0261960327030443
hsa04931,PPrel,inhibition;indirect effect,-1,OGA,-0.239981770320207,0.0263827839326156,0.145354205817429,OGT,-0.278198798632401,0.0179342109197497,0.125560452123534,FALSE,FALSE,0,2,0.0263827839326156
hsa04931,PPrel,activation,1,TNF,0.157059465411569,0.0301660466016043,0.155533122271493,TNFRSF1A,0.297436592284587,0.0232747228326003,0.137628242926823,TRUE,FALSE,0,2,0.0301660466016043
hsa04931,PPrel,inhibition,-1,TRIB3,0.314168875492543,0.0139056116990244,0.114263631972364,AKT2,0.272775905162288,0.0322680307039496,0.159941472099098,FALSE,FALSE,0,2,0.0322680307039496
hsa04931,PPrel,activation;phosphorylation,1,PDPK1,0.153466221786299,0.018028233353959,0.12592415969288,AKT2,0.272775905162288,0.0322680307039496,0.159941472099098,TRUE,FALSE,0,2,0.0322680307039496
hsa04931,PPrel,inhibition;glycosylation,-1,OGT,-0.278198798632401,0.0179342109197497,0.125560452123534,AKT2,0.272775905162288,0.0322680307039496,0.159941472099098,TRUE,FALSE,0,2,0.0322680307039496
hsa04931,PPrel,activation;phosphorylation,1,AKT2,0.272775905162288,0.0322680307039496,0.159941472099098,NOS3,0.287450538090903,0.0150267246293483,0.117122361499061,TRUE,FALSE,0,2,0.0322680307039496
hsa04931,GErel,expression,1,STAT3,0.388066346775698,0.004956499558627,0.0869703643891037,SOCS3,0.152168931590356,0.037549247403871,0.170646269275577,TRUE,FALSE,0,2,0.037549247403871
hsa04931,PPrel,inhibition;indirect effect,-1,SOCS3,0.152168931590356,0.037549247403871,0.170646269275577,IRS1,-0.3554897344882,0.00226335322613427,0.0728410344711814,TRUE,FALSE,0,2,0.037549247403871
hsa04931,PPrel,indirect effect,1,SOCS3,0.152168931590356,0.037549247403871,0.170646269275577,SREBF1,0.435480157850608,0.0261960327030443,0.14479173754425,TRUE,FALSE,0,2,0.037549247403871
hsa04931,PPrel,inhibition,-1,SOCS3,0.152168931590356,0.037549247403871,0.170646269275577,IRS2,-0.584420274513232,0.00290962468594569,0.0747511303436519,TRUE,FALSE,1,2,0.037549247403871
hsa04931,PPrel,inhibition;dephosphorylation,-1,PTPN11,-0.225330810780707,0.0394859692242005,0.173860251398355,IRS1,-0.3554897344882,0.00226335322613427,0.0728410344711814,FALSE,FALSE,0,2,0.0394859692242005
hsa04931,PPrel,activation,1,IRS1,-0.3554897344882,0.00226335322613427,0.0728410344711814,PIK3CD,0.187312414207718,0.0479971366369964,0.189473707246273,FALSE,FALSE,0,2,0.0479971366369964
hsa04931,PPrel,activation,1,PIK3CD,0.187312414207718,0.0479971366369964,0.189473707246273,PRKCZ,0.262251059755017,0.00694558784935386,0.0959757859890401,TRUE,FALSE,0,2,0.0479971366369964
hsa04931,PPrel,activation,1,IRS2,-0.584420274513232,0.00290962468594569,0.0747511303436519,PIK3CD,0.187312414207718,0.0479971366369964,0.189473707246273,FALSE,FALSE,1,2,0.0479971366369964
hsa04931,PPrel,inhibition;glycosylation,-1,OGT,-0.278198798632401,0.0179342109197497,0.125560452123534,PIK3CD,0.187312414207718,0.0479971366369964,0.189473707246273,TRUE,FALSE,0,2,0.0479971366369964
hsa04933,PPrel,activation;phosphorylation;indirect effect,1,PRKCA,-0.479460401629906,0.00290012427493524,0.0747511303436519,MAPK13,-0.192163523711123,0.00400805854631353,0.0825894611298892,TRUE,FALSE,0,2,0.00400805854631353
hsa04933,PPrel,activation;indirect effect,1,PIK3R2,0.268794809673499,0.00604856153799963,0.0920119170685281,AKT1,0.387089573539082,0.00343401055010987,0.0789152904062191,TRUE,FALSE,0,2,0.00604856153799963
hsa04933,PPrel,activation;phosphorylation;indirect effect,1,PRKCZ,0.262251059755017,0.00694558784935386,0.0959757859890401,MAPK13,-0.192163523711123,0.00400805854631353,0.0825894611298892,FALSE,FALSE,0,2,0.00694558784935386
hsa04933,PPrel,activation;indirect effect,1,AGER,0.236604176880382,0.0122488350045032,0.110715062217674,PLCG1,0.182449170261676,0.0082697963729943,0.0997947821115051,TRUE,FALSE,0,2,0.0122488350045032
hsa04933,PPrel,activation;indirect effect,1,AGER,0.236604176880382,0.0122488350045032,0.110715062217674,PIK3R2,0.268794809673499,0.00604856153799963,0.0920119170685281,TRUE,FALSE,0,2,0.0122488350045032
hsa04933,PPrel,activation;phosphorylation;indirect effect,1,PRKCA,-0.479460401629906,0.00290012427493524,0.0747511303436519,MAPK8,-0.219103231894202,0.0122692600501608,0.110731833004267,TRUE,FALSE,0,2,0.0122692600501608
hsa04933,PPrel,activation;phosphorylation;indirect effect,1,PRKCZ,0.262251059755017,0.00694558784935386,0.0959757859890401,MAPK8,-0.219103231894202,0.0122692600501608,0.110731833004267,FALSE,FALSE,0,2,0.0122692600501608
hsa04933,GErel,expression,1,STAT3,0.388066346775698,0.004956499558627,0.0869703643891037,PIM1,0.237598179017244,0.012714040972404,0.111852280585697,TRUE,FALSE,0,2,0.012714040972404
hsa04933,PPrel,activation;indirect effect,1,AGER,0.236604176880382,0.0122488350045032,0.110715062217674,PLCB3,0.220882517229287,0.0128324083634766,0.11197248231415,TRUE,FALSE,0,2,0.0128324083634766
hsa04933,PPrel,activation;phosphorylation;indirect effect,1,PRKCE,0.547566417668494,0.0132187992668058,0.112424259087139,MAPK13,-0.192163523711123,0.00400805854631353,0.0825894611298892,FALSE,FALSE,0,2,0.0132187992668058
hsa04933,PPrel,activation;phosphorylation;indirect effect,1,PRKCE,0.547566417668494,0.0132187992668058,0.112424259087139,MAPK8,-0.219103231894202,0.0122692600501608,0.110731833004267,FALSE,FALSE,0,2,0.0132187992668058
hsa04933,PPrel,activation;indirect effect,1,MAPK8,-0.219103231894202,0.0122692600501608,0.110731833004267,BAX,0.341780465352488,0.0136443501184127,0.113739722456912,FALSE,FALSE,0,2,0.0136443501184127
hsa04933,PPrel,activation;indirect effect,1,MAPK13,-0.192163523711123,0.00400805854631353,0.0825894611298892,BAX,0.341780465352488,0.0136443501184127,0.113739722456912,FALSE,FALSE,0,2,0.0136443501184127
hsa04933,PPrel,activation;indirect effect,1,NOS3,0.287450538090903,0.0150267246293483,0.117122361499061,MAPK13,-0.192163523711123,0.00400805854631353,0.0825894611298892,FALSE,FALSE,0,2,0.0150267246293483
hsa04933,PPrel,activation;indirect effect,1,NOS3,0.287450538090903,0.0150267246293483,0.117122361499061,MAPK8,-0.219103231894202,0.0122692600501608,0.110731833004267,FALSE,FALSE,0,2,0.0150267246293483
hsa04933,PPrel,activation;indirect effect,1,KRAS,-0.248737657296002,0.0173365303927831,0.124321581462778,MAPK13,-0.192163523711123,0.00400805854631353,0.0825894611298892,TRUE,FALSE,0,2,0.0173365303927831
hsa04933,PPrel,activation;indirect effect,1,HRAS,0.236375195318022,0.0186148363045659,0.127141536662267,MAPK13,-0.192163523711123,0.00400805854631353,0.0825894611298892,FALSE,FALSE,0,2,0.0186148363045659
hsa04933,PPrel,activation;indirect effect,1,AGER,0.236604176880382,0.0122488350045032,0.110715062217674,PLCB1,-0.272842529245825,0.0241401734901125,0.139290247145778,FALSE,FALSE,0,2,0.0241401734901125
hsa04933,PPrel,activation;indirect effect,1,AGER,0.236604176880382,0.0122488350045032,0.110715062217674,PIK3CA,-0.194162266153804,0.025007761246042,0.141319286744511,FALSE,FALSE,0,2,0.025007761246042
hsa04933,PPrel,activation;indirect effect,1,PIK3CA,-0.194162266153804,0.025007761246042,0.141319286744511,AKT1,0.387089573539082,0.00343401055010987,0.0789152904062191,FALSE,FALSE,0,2,0.025007761246042
hsa04933,PPrel,activation,1,AGER,0.236604176880382,0.0122488350045032,0.110715062217674,NOX4,-0.212168891393445,0.0268769198482211,0.14691049806947,FALSE,FALSE,0,2,0.0268769198482211
hsa04933,PPrel,activation;indirect effect,1,PRKCA,-0.479460401629906,0.00290012427493524,0.0747511303436519,NOX4,-0.212168891393445,0.0268769198482211,0.14691049806947,TRUE,FALSE,0,2,0.0268769198482211
hsa04933,PPrel,activation;indirect effect,1,PRKCE,0.547566417668494,0.0132187992668058,0.112424259087139,NOX4,-0.212168891393445,0.0268769198482211,0.14691049806947,FALSE,FALSE,0,2,0.0268769198482211
hsa04933,PPrel,activation;indirect effect,1,PRKCZ,0.262251059755017,0.00694558784935386,0.0959757859890401,NOX4,-0.212168891393445,0.0268769198482211,0.14691049806947,FALSE,FALSE,0,2,0.0268769198482211
hsa04933,PPrel,activation,1,AGER,0.236604176880382,0.0122488350045032,0.110715062217674,DIAPH1,-0.213907735790289,0.0274624990707788,0.148336760934694,FALSE,FALSE,0,2,0.0274624990707788
hsa04933,PPrel,activation;indirect effect,1,PIK3CA,-0.194162266153804,0.025007761246042,0.141319286744511,AKT2,0.272775905162288,0.0322680307039496,0.159941472099098,FALSE,FALSE,0,2,0.0322680307039496
hsa04933,PPrel,activation;indirect effect,1,PIK3R2,0.268794809673499,0.00604856153799963,0.0920119170685281,AKT2,0.272775905162288,0.0322680307039496,0.159941472099098,TRUE,FALSE,0,2,0.0322680307039496
hsa04933,GErel,expression,1,STAT3,0.388066346775698,0.004956499558627,0.0869703643891037,COL1A1,0.305441164532185,0.0439344510378744,0.182379766929762,TRUE,FALSE,0,2,0.0439344510378744
hsa04933,PPrel,activation;indirect effect,1,DIAPH1,-0.213907735790289,0.0274624990707788,0.148336760934694,RAC1,-0.166148471728248,0.0444310617198828,0.182856194881553,TRUE,FALSE,0,2,0.0444310617198828
hsa04933,PPrel,activation;indirect effect,1,RAC1,-0.166148471728248,0.0444310617198828,0.182856194881553,MAPK8,-0.219103231894202,0.0122692600501608,0.110731833004267,TRUE,FALSE,0,2,0.0444310617198828
hsa04933,PPrel,activation;indirect effect,1,RAC1,-0.166148471728248,0.0444310617198828,0.182856194881553,MAPK13,-0.192163523711123,0.00400805854631353,0.0825894611298892,TRUE,FALSE,0,2,0.0444310617198828
hsa04933,PPrel,activation;indirect effect,1,AGER,0.236604176880382,0.0122488350045032,0.110715062217674,PIK3CD,0.187312414207718,0.0479971366369964,0.189473707246273,TRUE,FALSE,0,2,0.0479971366369964
hsa04933,PPrel,activation;indirect effect,1,PIK3CD,0.187312414207718,0.0479971366369964,0.189473707246273,AKT1,0.387089573539082,0.00343401055010987,0.0789152904062191,TRUE,FALSE,0,2,0.0479971366369964
hsa04933,PPrel,activation;indirect effect,1,PIK3CD,0.187312414207718,0.0479971366369964,0.189473707246273,AKT2,0.272775905162288,0.0322680307039496,0.159941472099098,TRUE,FALSE,0,2,0.0479971366369964
hsa04935,PPrel,activation,1,SSTR3,0.318782202522172,0.00154303417409644,0.0659802603220883,GNAI1,-0.32694715903727,0.000598275794419197,0.0534519239610942,FALSE,FALSE,0,0,0.00154303417409644
hsa04935,GErel,expression,1,STAT3,0.388066346775698,0.004956499558627,0.0869703643891037,JUNB,0.490374688608143,0.0026670124193184,0.0745214814612773,TRUE,FALSE,0,1,0.004956499558627
hsa04935,PPrel,activation,1,IRS1,-0.3554897344882,0.00226335322613427,0.0728410344711814,PIK3R2,0.268794809673499,0.00604856153799963,0.0920119170685281,FALSE,FALSE,0,2,0.00604856153799963
hsa04935,PPrel,activation,1,IRS2,-0.584420274513232,0.00290962468594569,0.0747511303436519,PIK3R2,0.268794809673499,0.00604856153799963,0.0920119170685281,FALSE,FALSE,1,2,0.00604856153799963
hsa04935,PPrel,activation,1,PIK3R2,0.268794809673499,0.00604856153799963,0.0920119170685281,AKT1,0.387089573539082,0.00343401055010987,0.0789152904062191,TRUE,FALSE,0,2,0.00604856153799963
hsa04935,PPrel,activation;phosphorylation,1,MAP2K6,-0.390009286510288,0.00742441276874709,0.0975686824011418,MAPK13,-0.192163523711123,0.00400805854631353,0.0825894611298892,TRUE,FALSE,0,1,0.00742441276874709
hsa04935,PPrel,inhibition,-1,GNAI1,-0.32694715903727,0.000598275794419197,0.0534519239610942,ADCY10,-0.315418928193687,0.00885026912592462,0.101102501885085,FALSE,FALSE,0,0,0.00885026912592462
hsa04935,PPrel,activation;phosphorylation,1,MAP2K6,-0.390009286510288,0.00742441276874709,0.0975686824011418,MAPK8,-0.219103231894202,0.0122692600501608,0.110731833004267,TRUE,FALSE,0,1,0.0122692600501608
hsa04935,PPrel,activation,1,GNA11,0.407887556574168,0.00542201552655704,0.0898627321524589,PLCB3,0.220882517229287,0.0128324083634766,0.11197248231415,TRUE,FALSE,0,1,0.0128324083634766
hsa04935,GErel,expression,1,STAT3,0.388066346775698,0.004956499558627,0.0869703643891037,IGF1,-0.750196331507432,0.0163841211440685,0.121600797588543,FALSE,FALSE,1,2,0.0163841211440685
hsa04935,PPrel,activation,1,SOS2,-0.242208708988776,0.0178555653576005,0.125376438980172,KRAS,-0.248737657296002,0.0173365303927831,0.124321581462778,TRUE,FALSE,0,2,0.0178555653576005
hsa04935,PPrel,activation,1,SOS2,-0.242208708988776,0.0178555653576005,0.125376438980172,HRAS,0.236375195318022,0.0186148363045659,0.127141536662267,FALSE,FALSE,0,2,0.0186148363045659
hsa04935,PPrel,activation,1,GNA11,0.407887556574168,0.00542201552655704,0.0898627321524589,PLCB1,-0.272842529245825,0.0241401734901125,0.139290247145778,FALSE,FALSE,0,1,0.0241401734901125
hsa04935,PPrel,activation,1,IRS1,-0.3554897344882,0.00226335322613427,0.0728410344711814,PIK3CA,-0.194162266153804,0.025007761246042,0.141319286744511,TRUE,FALSE,0,2,0.025007761246042
hsa04935,PPrel,activation,1,IRS2,-0.584420274513232,0.00290962468594569,0.0747511303436519,PIK3CA,-0.194162266153804,0.025007761246042,0.141319286744511,TRUE,FALSE,1,2,0.025007761246042
hsa04935,PPrel,activation,1,PIK3CA,-0.194162266153804,0.025007761246042,0.141319286744511,AKT1,0.387089573539082,0.00343401055010987,0.0789152904062191,FALSE,FALSE,0,2,0.025007761246042
hsa04935,PPrel,activation,1,SSTR3,0.318782202522172,0.00154303417409644,0.0659802603220883,GNAI2,0.196720386361129,0.0275013494997748,0.148375915372377,TRUE,FALSE,0,0,0.0275013494997748
hsa04935,PPrel,inhibition,-1,GNAI2,0.196720386361129,0.0275013494997748,0.148375915372377,ADCY10,-0.315418928193687,0.00885026912592462,0.101102501885085,TRUE,FALSE,0,0,0.0275013494997748
hsa04935,PPrel,activation,1,PIK3CA,-0.194162266153804,0.025007761246042,0.141319286744511,AKT2,0.272775905162288,0.0322680307039496,0.159941472099098,FALSE,FALSE,0,2,0.0322680307039496
hsa04935,PPrel,activation,1,PIK3R2,0.268794809673499,0.00604856153799963,0.0920119170685281,AKT2,0.272775905162288,0.0322680307039496,0.159941472099098,TRUE,FALSE,0,2,0.0322680307039496
hsa04935,PPrel,activation;phosphorylation,1,MAP2K4,-0.162681310842282,0.033709848634775,0.163375106195145,MAPK8,-0.219103231894202,0.0122692600501608,0.110731833004267,TRUE,FALSE,0,1,0.033709848634775
hsa04935,PPrel,activation;phosphorylation,1,MAP2K4,-0.162681310842282,0.033709848634775,0.163375106195145,MAPK13,-0.192163523711123,0.00400805854631353,0.0825894611298892,TRUE,FALSE,0,1,0.033709848634775
hsa04935,GErel,expression,1,STAT3,0.388066346775698,0.004956499558627,0.0869703643891037,IGFBP3,0.231841406981911,0.0347053681375458,0.165337312909947,TRUE,FALSE,0,1,0.0347053681375458
hsa04935,PPrel,activation,1,SSTR3,0.318782202522172,0.00154303417409644,0.0659802603220883,GNAI3,-0.230810446287896,0.0372897668361851,0.17038910445446,FALSE,FALSE,0,0,0.0372897668361851
hsa04935,PPrel,inhibition,-1,GNAI3,-0.230810446287896,0.0372897668361851,0.17038910445446,ADCY10,-0.315418928193687,0.00885026912592462,0.101102501885085,FALSE,FALSE,0,0,0.0372897668361851
hsa04935,GErel,expression,1,STAT3,0.388066346775698,0.004956499558627,0.0869703643891037,SOCS3,0.152168931590356,0.037549247403871,0.170646269275577,TRUE,FALSE,0,2,0.037549247403871
hsa04935,PPrel,activation;phosphorylation,1,MAP2K3,0.202713273437741,0.0378103111643473,0.171010595111283,MAPK8,-0.219103231894202,0.0122692600501608,0.110731833004267,FALSE,FALSE,0,2,0.0378103111643473
hsa04935,PPrel,activation;phosphorylation,1,MAP2K3,0.202713273437741,0.0378103111643473,0.171010595111283,MAPK13,-0.192163523711123,0.00400805854631353,0.0825894611298892,FALSE,FALSE,0,2,0.0378103111643473
hsa04935,PPrel,activation,1,SOS1,-0.183245348489432,0.0388948218928561,0.172866706501494,HRAS,0.236375195318022,0.0186148363045659,0.127141536662267,FALSE,FALSE,0,2,0.0388948218928561
hsa04935,PPrel,activation,1,SOS1,-0.183245348489432,0.0388948218928561,0.172866706501494,KRAS,-0.248737657296002,0.0173365303927831,0.124321581462778,TRUE,FALSE,0,2,0.0388948218928561
hsa04935,PPrel,activation,1,GNAS,0.225884175594842,0.0464337234857718,0.18679587956037,ADCY10,-0.315418928193687,0.00885026912592462,0.101102501885085,FALSE,FALSE,0,1,0.0464337234857718
hsa04935,PPrel,activation,1,IRS1,-0.3554897344882,0.00226335322613427,0.0728410344711814,PIK3CD,0.187312414207718,0.0479971366369964,0.189473707246273,FALSE,FALSE,0,2,0.0479971366369964
hsa04935,PPrel,activation,1,IRS2,-0.584420274513232,0.00290962468594569,0.0747511303436519,PIK3CD,0.187312414207718,0.0479971366369964,0.189473707246273,FALSE,FALSE,1,2,0.0479971366369964
hsa04935,PPrel,activation,1,PIK3CD,0.187312414207718,0.0479971366369964,0.189473707246273,AKT1,0.387089573539082,0.00343401055010987,0.0789152904062191,TRUE,FALSE,0,2,0.0479971366369964
hsa04935,PPrel,activation,1,PIK3CD,0.187312414207718,0.0479971366369964,0.189473707246273,AKT2,0.272775905162288,0.0322680307039496,0.159941472099098,TRUE,FALSE,0,2,0.0479971366369964
hsa04935,PPrel,activation,1,GHSR,0.109658079209709,0.0489800361473363,0.19125537924198,GNA11,0.407887556574168,0.00542201552655704,0.0898627321524589,TRUE,FALSE,0,1,0.0489800361473363
hsa04936,GErel,expression,1,TCF7L1,-0.258908410607808,0.00664517581284024,0.0954881069719081,CCND1,0.8031084765255,0.00074921048132828,0.0578425746384107,FALSE,FALSE,1,1,0.00664517581284024
hsa04936,PPrel,activation,1,MAP2K6,-0.390009286510288,0.00742441276874709,0.0975686824011418,MAPK13,-0.192163523711123,0.00400805854631353,0.0825894611298892,TRUE,FALSE,0,1,0.00742441276874709
hsa04936,PPrel,activation,1,FAS,-0.296444124075168,0.0130705654150839,0.112167891342133,FADD,0.190586985500345,0.010997589983844,0.106794774570433,FALSE,FALSE,0,0,0.0130705654150839
hsa04936,PPrel,activation;phosphorylation,1,CAMKK2,0.506110584900416,0.00844909260690126,0.100031858033946,PRKAA2,0.2883315494399,0.0174833628632484,0.124528023712669,TRUE,FALSE,0,1,0.0174833628632484
hsa04936,PPrel,activation;phosphorylation,1,PRKAA2,0.2883315494399,0.0174833628632484,0.124528023712669,PPARGC1A,-0.612471761557638,0.000603487342297342,0.0535181515702502,FALSE,FALSE,1,2,0.0174833628632484
hsa04936,GErel,expression,1,IRF3,0.276194091435126,0.0206340131593417,0.132243257785674,IFNA2,-0.117730095388264,0.0103657563541252,0.104571409505261,FALSE,FALSE,0,0,0.0206340131593417
hsa04936,GErel,expression,1,IRF3,0.276194091435126,0.0206340131593417,0.132243257785674,IFNA13,-0.285700807488951,0.0244722292024904,0.140298018023124,FALSE,FALSE,0,0,0.0244722292024904
hsa04936,PPrel,activation;indirect effect,1,TNFRSF1A,0.297436592284587,0.0232747228326003,0.137628242926823,SREBF1,0.435480157850608,0.0261960327030443,0.14479173754425,TRUE,FALSE,0,2,0.0261960327030443
hsa04936,PPrel,inhibition;indirect effect,-1,PRKAA2,0.2883315494399,0.0174833628632484,0.124528023712669,SREBF1,0.435480157850608,0.0261960327030443,0.14479173754425,FALSE,FALSE,0,2,0.0261960327030443
hsa04936,GErel,expression,1,SREBF1,0.435480157850608,0.0261960327030443,0.14479173754425,FASN,0.69799363467585,0.0102285985406989,0.104041445819242,TRUE,FALSE,0,1,0.0261960327030443
hsa04936,PPrel,activation;phosphorylation,1,PRKAA2,0.2883315494399,0.0174833628632484,0.124528023712669,MLYCD,0.272131424826275,0.0291126278511173,0.152132859290081,TRUE,FALSE,0,1,0.0291126278511173
hsa04936,PPrel,activation,1,TNF,0.157059465411569,0.0301660466016043,0.155533122271493,TNFRSF1A,0.297436592284587,0.0232747228326003,0.137628242926823,TRUE,FALSE,0,2,0.0301660466016043
hsa04936,PPrel,activation;phosphorylation,1,MAP2K7,0.276184268171789,0.0312313203706094,0.157862266418951,MAPK8,-0.219103231894202,0.0122692600501608,0.110731833004267,FALSE,FALSE,0,1,0.0312313203706094
hsa04936,PPrel,activation;phosphorylation,1,MAP2K4,-0.162681310842282,0.033709848634775,0.163375106195145,MAPK8,-0.219103231894202,0.0122692600501608,0.110731833004267,TRUE,FALSE,0,1,0.033709848634775
hsa04936,PPrel,activation,1,MAP2K3,0.202713273437741,0.0378103111643473,0.171010595111283,MAPK13,-0.192163523711123,0.00400805854631353,0.0825894611298892,FALSE,FALSE,0,2,0.0378103111643473
hsa04960,GErel,expression,1,NR3C2,-0.34910828903409,0.00113882261524829,0.0636171358842145,ATP1A2,-0.212947980744571,0.00440481113505504,0.0852446320063534,TRUE,FALSE,0,0,0.00440481113505504
hsa04960,PPrel,activation,1,IRS1,-0.3554897344882,0.00226335322613427,0.0728410344711814,PIK3R2,0.268794809673499,0.00604856153799963,0.0920119170685281,FALSE,FALSE,0,2,0.00604856153799963
hsa04960,GErel,expression,1,NR3C2,-0.34910828903409,0.00113882261524829,0.0636171358842145,KRAS,-0.248737657296002,0.0173365303927831,0.124321581462778,TRUE,FALSE,0,1,0.0173365303927831
hsa04960,PPrel,activation;indirect effect,1,KRAS,-0.248737657296002,0.0173365303927831,0.124321581462778,PIK3R2,0.268794809673499,0.00604856153799963,0.0920119170685281,FALSE,FALSE,0,2,0.0173365303927831
hsa04960,GErel,expression,1,NR3C2,-0.34910828903409,0.00113882261524829,0.0636171358842145,SGK1,0.389503628563857,0.0216427882654647,0.134739358955681,FALSE,FALSE,0,0,0.0216427882654647
hsa04960,PPrel,activation;phosphorylation,1,PDPK1,0.153466221786299,0.018028233353959,0.12592415969288,SGK1,0.389503628563857,0.0216427882654647,0.134739358955681,TRUE,FALSE,0,1,0.0216427882654647
hsa04960,GErel,expression,1,NR3C2,-0.34910828903409,0.00113882261524829,0.0636171358842145,ATP1B1,-0.269539821868371,0.0225678950530726,0.136387097211199,TRUE,FALSE,0,0,0.0225678950530726
hsa04960,PPrel,activation,1,IRS1,-0.3554897344882,0.00226335322613427,0.0728410344711814,PIK3CA,-0.194162266153804,0.025007761246042,0.141319286744511,TRUE,FALSE,0,2,0.025007761246042
hsa04960,PPrel,activation;indirect effect,1,KRAS,-0.248737657296002,0.0173365303927831,0.124321581462778,PIK3CA,-0.194162266153804,0.025007761246042,0.141319286744511,TRUE,FALSE,0,2,0.025007761246042
hsa04960,PPrel,activation,1,SGK1,0.389503628563857,0.0216427882654647,0.134739358955681,KCNJ1,-0.199094067430262,0.0276254268558882,0.14884923396176,FALSE,FALSE,0,0,0.0276254268558882
hsa04960,GErel,expression,1,NR3C2,-0.34910828903409,0.00113882261524829,0.0636171358842145,ATP1B2,-0.199596650618083,0.036157306912481,0.168485244441999,TRUE,FALSE,0,0,0.036157306912481
hsa04960,PPrel,activation,1,IRS1,-0.3554897344882,0.00226335322613427,0.0728410344711814,PIK3CD,0.187312414207718,0.0479971366369964,0.189473707246273,FALSE,FALSE,0,2,0.0479971366369964
hsa04960,PPrel,activation;indirect effect,1,KRAS,-0.248737657296002,0.0173365303927831,0.124321581462778,PIK3CD,0.187312414207718,0.0479971366369964,0.189473707246273,FALSE,FALSE,0,2,0.0479971366369964
