pathway,pval,padj,log2err,ES,NES,size,leadingEdge
REACTOME_ASSEMBLY_OF_COLLAGEN_FIBRILS_AND_OTHER_MULTIMERIC_STRUCTURES,1.89801804911084e-05,0.00869292266492766,0.575610261071129,0.605850352993129,2.22482578572346,33,COL11A2;COL5A1;COL4A2;COL3A1;COL4A1;COL1A1;LOXL1;COL1A2;COL5A3;MMP9;COL6A3;PLEC;COL6A2;CD151;LAMA3
REACTOME_COLLAGEN_CHAIN_TRIMERIZATION,1.69547817011143e-05,0.00869292266492766,0.575610261071129,0.721259775320767,2.24997803400471,19,COL11A2;COL5A1;COL4A2;COL3A1;COL4A1;COL1A1;COL1A2;COL5A3;COL6A3;COL16A1;COL6A2;COL13A1
REACTOME_DEVELOPMENTAL_LINEAGE_OF_PANCREATIC_DUCTAL_CELLS,0.000254905775476402,0.0451047514397981,0.49849310876659,0.571162607202771,2.04587494532318,31,LAMA5;COL11A2;COL5A1;PDX1;COL3A1;COL1A1;COL1A2;KRT17;COL5A3;AQP1;LAMA3;SOX9;CA2;ANXA2;CLDN10;FOXA2;TFPI2;CD74;ONECUT1;LAMA2
REACTOME_ECM_PROTEOGLYCANS,0.000295445970129682,0.0451047514397981,0.49849310876659,0.492048718325599,1.94791617298191,46,LAMA5;COL5A1;COL4A2;ASPN;COL3A1;COL4A1;SERPINE1;VCAN;ITGAX;COL1A1;ITGAV;DCN;COL1A2;COL5A3;COL6A3;COL6A2;SPARC;LAMA3;AGRN;TGFB1;LUM;FMOD;ITGB5;HSPG2
REACTOME_NGF_STIMULATED_TRANSCRIPTION,0.000218403083376967,0.0451047514397981,0.518848077743792,0.597080824371917,2.05441818607709,26,JUNB;ID1;ID3;TRIB1;EGR1;ARC;JUND;FOS;CDK5R1
REACTOME_SIGNALING_BY_TGF_BETA_RECEPTOR_COMPLEX,0.000294599255259178,0.0451047514397981,0.49849310876659,0.435195910763774,1.85417075018536,73,JUNB;PPP1R15A;UBE2D3;UBE2M;SMAD7;SERPINE1;LTBP4;TGIF1;ITGAV;MEN1;NEDD4L;CDK9;RHOA;COL1A2;NCOR2;RNF111;XPO1;PARD6A;STRAP;PRKCZ;SMAD3;FKBP1A;TGFB1;HDAC1;LTBP1;ITGB5;PPP1CC;LTBP2
REACTOME_ORGANELLE_BIOGENESIS_AND_MAINTENANCE,0.000465584087761343,0.0561783204500199,0.49849310876659,-0.330517220805779,-1.65235786746214,180,IFT88;CLUAP1;WDR19;C2CD3;MKS1;CEP43;TFB1M;BBS4;TNPO1;DYNLRB1;TTC21B;ARL3;SAMM50;TRIP11;TCTN1;CETN2;KIFAP3;CEP162;APOO;ATP5MC1;ATP5PF;TBL1X;MED1;ATP5F1C;CCP110;TCTN3;NCOA2;NCOA6;YWHAE;DNAJC11;ATP5ME;AHI1;PRKAB2;TUBB2A;B9D1;PPARGC1A;PKD2;POLG2;NPHP4;TCTN2;CEP72;SEPTIN2;LZTFL1;MTX1;CEP63;CEP70;SSBP1;OFD1;BBS9;IFT52;PDE6D;MAPK11;ATP5MC2;PRKACA;TFAM;CCT3;CHCHD3;ATP5MJ;TGS1;SIRT3;SIRT5;IFT122;CKAP5;CRTC3;CEP57
REACTOME_RMTS_METHYLATE_HISTONE_ARGININES,0.000490640353275283,0.0561783204500199,0.477270815362862,0.578164273681205,1.98933067334759,26,PRMT1;CCND1;SMARCC2;H2AC6;RPS2;H2AX;CARM1;H2AZ2;PRMT5;PRMT7;SMARCA4;SMARCD3;RBBP7
REACTOME_DEGRADATION_OF_THE_EXTRACELLULAR_MATRIX,0.000659526870188543,0.0671251792325228,0.477270815362862,0.419616062538491,1.78779214193753,73,SPP1;LAMA5;COL11A2;COL5A1;COL4A2;BSG;COL3A1;COL4A1;COL1A1;MMP25;MMP24;DCN;COL1A2;CAPNS1;COL5A3;MMP9;COL6A3;COL16A1;COL6A2;COL13A1;CAPN2;LAMA3;CDH1;TIMP2;MMP14
REACTOME_SYNTHESIS_OF_IP3_AND_IP4_IN_THE_CYTOSOL,0.000933928463675869,0.08291926470659,0.477270815362862,0.644262546382001,1.95856813948891,17,ITPKC;PLCG1;PLCH2;INPP5D;ITPKA
REACTOME_TRANSCRIPTIONAL_ACTIVITY_OF_SMAD2_SMAD3_SMAD4_HETEROTRIMER,0.000995755362197041,0.08291926470659,0.45505986738723,0.497217021316674,1.88394078368137,38,JUNB;UBE2D3;SMAD7;SERPINE1;TGIF1;MEN1;NEDD4L;CDK9;COL1A2;NCOR2;RNF111
REACTOME_EPIGENETIC_REGULATION_OF_GENE_EXPRESSION,0.00124288416582951,0.094873491324986,0.45505986738723,0.311424186522437,1.5252467571046,179,KAT8;PLIN2;ZNF324;FABP4;GATAD2A;EHMT2;SMARCC2;H2AC6;SGF29;MED16;KANSL2;RBBP4;ZNF331;POLR1E;RBM7;MEN1;POLR1C;SAP30BP;DPF2;MYO1C;BCL7B;H2AX;LIPE;PLIN1;NCOR2;CBX3;TRIM28;UBTF;DNMT1;BCL7C;HCFC1;SETD1A;H2AZ2;CEBPA;KAT2A;SMARCA4;SIN3B;SMARCD3;RBBP7;SS18L1;AKAP8L;OGT;CCNH;KAT2B;AGPAT2;HDAC1;SETD1B;SF3B1;PAGR1;MED24;SUZ12;PNPLA2;MCRS1;ABL1;PSIP1;ACSL1;MBD2;H2BC5;BAZ2A;CREBBP;TADA2A;PPARG;DPF3
REACTOME_CRISTAE_FORMATION,0.00160730314702826,0.098152645511859,0.45505986738723,-0.56888403709325,-1.89208738973427,24,SAMM50;APOO;ATP5MC1;ATP5PF;ATP5F1C;DNAJC11;ATP5ME;MTX1;ATP5MC2;CHCHD3;ATP5MJ;ATP5MG
REACTOME_SIGNALING_BY_PDGF,0.00150932873212434,0.098152645511859,0.45505986738723,0.466971429133295,1.83980941098186,45,SPP1;COL5A1;PLCG1;COL4A2;COL3A1;COL4A1;PIK3R2;CRK;RAPGEF1;COL5A3;HRAS;COL6A3;PDGFC;THBS1;COL6A2;PDGFA;NCK2;GRB7;STAT3
REACTOME_SIGNALING_BY_TGFB_FAMILY_MEMBERS,0.00160090707256988,0.098152645511859,0.45505986738723,0.353182800612508,1.62800891328228,114,SMAD6;JUNB;PPP1R15A;UBE2D3;GDF2;UBE2M;SMAD7;TCF3;ACVRL1;SERPINE1;LTBP4;TGIF1;ITGAV;MEN1;ACVR1B;NEDD4L;CDK9;INHA;RHOA;COL1A2;NCOR2;RNF111;XPO1;PARD6A;STRAP;PRKCZ;RARA;SMAD3;FKBP1A;TIMP2;MMP14;TGFB1;HDAC1;LTBP1;ITGB5;PSEN2;PPP1CC;LTBP2;AMHR2;FSTL3;ACVR2A
REACTOME_CILIUM_ASSEMBLY,0.00215314718755455,0.109571267988887,0.431707695803346,-0.346235370614124,-1.61250457699432,112,IFT88;CLUAP1;WDR19;C2CD3;MKS1;CEP43;BBS4;TNPO1;DYNLRB1;TTC21B;ARL3;TRIP11;TCTN1;CETN2;KIFAP3;CEP162;CCP110;TCTN3;YWHAE;AHI1;TUBB2A;B9D1;PKD2;NPHP4;TCTN2;CEP72;SEPTIN2;LZTFL1;CEP63;CEP70;OFD1;BBS9;IFT52;PDE6D
REACTOME_COLLAGEN_FORMATION,0.00208864189344683,0.109571267988887,0.431707695803346,0.450571974074914,1.7917859810457,49,COL11A2;COL5A1;COL4A2;COL3A1;COL4A1;COL1A1;LOXL1;COL1A2;COL5A3;MMP9;COL6A3;COL16A1;PLEC;COL6A2;COL13A1;CD151;LAMA3;COLGALT1
REACTOME_INTEGRIN_CELL_SURFACE_INTERACTIONS,0.00205638487578742,0.109571267988887,0.431707695803346,0.432688346316538,1.75825917116081,57,SPP1;COL5A1;COL4A2;BSG;COL3A1;COL4A1;ITGAX;COL1A1;ITGAV;ITGB7;COL1A2;COL5A3;COL6A3;COL16A1;THBS1;COL6A2;COL13A1;CDH1;AGRN;LUM;ICAM1;VWF;ITGB5;HSPG2;ITGA3;ICAM2
REACTOME_COLLAGEN_DEGRADATION,0.00315641296112032,0.113283723806279,0.431707695803346,0.504485068857736,1.85258848849742,33,COL11A2;COL5A1;COL4A2;COL3A1;COL4A1;COL1A1;COL1A2;COL5A3;MMP9;COL6A3;COL16A1;COL6A2;COL13A1;MMP14
REACTOME_INOSITOL_PHOSPHATE_METABOLISM,0.00279329684465876,0.113283723806279,0.431707695803346,0.521970235219902,1.82948381819834,29,ITPKC;PLCG1;PLCH2;INPP5D;ITPKA;IPPK;MINPP1;INPP5A;IP6K1;ITPKB;IP6K2;INPPL1
REACTOME_NUCLEAR_EVENTS_KINASE_AND_TRANSCRIPTION_FACTOR_ACTIVATION,0.00284808255384937,0.113283723806279,0.431707695803346,0.451326330336987,1.77816966558114,45,JUNB;ID1;ID3;TRIB1;DUSP6;EGR1;RPS6KA3;ARC;JUND;FOS;CDK5R1
REACTOME_PLATELET_ACTIVATION_SIGNALING_AND_AGGREGATION,0.00247206903726367,0.113283723806279,0.431707695803346,0.303517920306787,1.50720493145411,187,GNB5;ANXA5;GAS6;CFD;LAT;DGKQ;RAP1B;RHOG;HSPA5;ABHD6;PIK3R5;PF4;VTI1B;TOR4A;MAGED2;SERPINE1;VEGFB;PIK3R2;GNA11;COL1A1;CRK;GNG11;VEGFA;ACTN1;GP1BA;RHOA;COL1A2;ADRA2B;CYRIB;VEGFC;PRKCZ;WDR1;CTSW;CD9;THBS1;LCP2;FLNA;PDGFA;PFN1;SPARC;DAGLA;APOA1;CDC37L1;VAV2;LGALS3BP;SHC1;MANF;TGFB1;QSOX1;GNG5;CLU;ECM1;GNB2;VWF;STX4;GNG12;RASGRP2;PRKCD;ADRA2C;DGKZ;RAC2;PROS1;PTPN11;CYB5R1;PTK2;GP9;STXBP2;DGKD;HABP4;RHOB;TIMP1;GNA14;MAPK3;CFL1;MGLL;VCL
REACTOME_POSITIVE_EPIGENETIC_REGULATION_OF_RRNA_EXPRESSION,0.00284808255384937,0.113283723806279,0.431707695803346,0.451184238058097,1.77760983965685,45,GATAD2A;EHMT2;H2AC6;RBBP4;POLR1E;POLR1C;MYO1C;H2AX;CBX3;H2AZ2;KAT2A;RBBP7;KAT2B;HDAC1;SF3B1
REACTOME_REGULATION_OF_ENDOGENOUS_RETROELEMENTS,0.00321547687659743,0.113283723806279,0.431707695803346,0.411587820483479,1.67645971165929,58,ZNF324;GATAD2A;EHMT2;SMARCC2;H2AC6;RBBP4;ZNF331;RBM7;DPF2;BCL7B;H2AX;TRIM28;BCL7C;H2AZ2;SMARCA4;SMARCD3;RBBP7;SS18L1;HDAC1
REACTOME_REGULATION_OF_ENDOGENOUS_RETROELEMENTS_BY_PIWI_INTERACTING_RNAS_PIRNAS,0.0030037469849302,0.113283723806279,0.431707695803346,0.486311818455391,1.80989108118042,36,GATAD2A;SMARCC2;H2AC6;RBBP4;DPF2;BCL7B;H2AX;BCL7C;H2AZ2;SMARCA4;SMARCD3;RBBP7;SS18L1;HDAC1;H2BC5;DPF3;ARID1A;SMARCE1;MBD3;CHD3;H3-3B
REACTOME_REGULATION_OF_PD_L1_CD274_TRANSCRIPTION,0.00317435474340476,0.113283723806279,0.431707695803346,0.464884691544892,1.79395357322659,41,TEAD3;ATF3;TCF7L2;H2AC6;JUN;TCF7;RBBP4;H2AX;JUND;FOS;H2AZ2;RELA;EPAS1;RBBP7;STAT3
REACTOME_INTERLEUKIN_4_AND_INTERLEUKIN_13_SIGNALING,0.00383932823826314,0.130252765416631,0.431707695803346,0.380498328940354,1.65015692189731,78,JUNB;LAMA5;OPRD1;CDKN1A;CCND1;HMOX1;VIM;IL4R;ITGAX;VEGFA;BATF;RORC;COL1A2;FOS;MMP9;PIM1;BCL6;LBP;POMC;HSP90AA1;TYK2;STAT3;TGFB1;BCL2L1;ICAM1;CCL2;SOCS3;STAT6;BCL2
REACTOME_EXTRA_NUCLEAR_ESTROGEN_SIGNALING,0.00420260812330303,0.134004390661738,0.407017918923954,0.429420439294214,1.70767284112955,49,GNB5;PRMT1;CCND1;NOS3;PIK3R2;GNG11;FOS;MMP9;HRAS;CDKN1B;XPO1;ESR1;HBEGF;PRKCZ;HSP90AA1;SHC1;GNG5;GNB2;ZDHHC7;CAV2;HSPB1;GNG12;BCL2
REACTOME_FORMATION_OF_NEURONAL_PROGENITOR_AND_NEURONAL_BAF_NPBAF_AND_NBAF,0.00453508309008064,0.134004390661738,0.407017918923954,0.583301893240917,1.77368435684621,18,SMARCC2;DPF2;BCL7B;BCL7C;SMARCA4;SMARCD3;SS18L1;DPF3;PHF10;ARID1A;SMARCE1
REACTOME_G_ALPHA_Q_SIGNALLING_EVENTS,0.00443388886192222,0.134004390661738,0.407017918923954,0.345740785775179,1.5593463420489,98,GNB5;EDN3;NPFF;DGKQ;GCGR;ABHD6;GPR132;PIK3R2;GNA11;AGTR1;RPS6KA3;GNG11;KISS1;HRAS;P2RY2;HBEGF;MCHR1;LPAR2;GRK5;DAGLA;MAPK7;EDN2;GNG5;GNB2;BTK;PTGER1;RPS6KA1;GNG12;RASGRP2;LPAR6;PRKCD;DGKZ;NMB;CREB1;DGKD;EDNRB;GNA14;MAPK3;MGLL;RGS19;P2RY6
REACTOME_RNA_POLYMERASE_I_TRANSCRIPTION_INITIATION,0.0043108106484514,0.134004390661738,0.407017918923954,0.494321258128866,1.78607173640891,32,GATAD2A;EHMT2;RBBP4;POLR1E;POLR1C;UBTF;KAT2A;RBBP7;CCNH;KAT2B;HDAC1
REACTOME_DOWNREGULATION_OF_SMAD2_3_SMAD4_TRANSCRIPTIONAL_ACTIVITY,0.00593306978907897,0.155276912194181,0.407017918923954,0.53097613779174,1.80037427712816,25,UBE2D3;SMAD7;SERPINE1;TGIF1;NEDD4L;NCOR2;RNF111;SMAD3;HDAC1
REACTOME_MET_PROMOTES_CELL_MOTILITY,0.00577371047656238,0.155276912194181,0.407017918923954,0.500337353524553,1.753661473681,29,LAMA5;COL11A2;COL5A1;RAP1B;COL3A1;COL1A1;CRK;RAPGEF1;COL1A2;TNS3;COL5A3
REACTOME_RNA_POLYMERASE_I_TRANSCRIPTION,0.00574037394604381,0.155276912194181,0.407017918923954,0.435018760638847,1.72319047521501,47,GATAD2A;EHMT2;H2AC6;RBBP4;POLR1E;POLR1C;H2AX;CBX3;UBTF;H2AZ2;KAT2A;RBBP7;CCNH;KAT2B;HDAC1
REACTOME_SIGNALING_BY_BMP,0.00567982900539877,0.155276912194181,0.407017918923954,0.574523816499036,1.74699228267212,18,SMAD6;UBE2D3;GDF2;SMAD7;ACVRL1;INHA
REACTOME_EXTRACELLULAR_MATRIX_ORGANIZATION,0.00676194429407279,0.167403810091099,0.407017918923954,0.287780257051231,1.43997281695423,196,SPP1;LAMA5;SDC2;COL11A2;COL5A1;COL4A2;BSG;ASPN;COL3A1;COL4A1;SERPINE1;LTBP4;VCAN;ITGAX;COL1A1;SNTB1;ITGAV;ACTN1;LOXL1;MMP25;ITGB7;MMP24;DCN;COL1A2;CAPNS1;EFEMP2;COL5A3;MMP9;ACTA2;COL6A3;COL16A1;MFAP2;PLEC;THBS1;COL6A2;COL13A1;PDGFA;CAPN2;CD151;SPARC;FBLN5;LAMA3;CDH1;COLGALT1;TIMP2;SDC1;AGRN;ACTG1;MMP14;EMILIN1;TGFB1;LUM;SERPINH1;ICAM1;ACTG2;FMOD;ADAMTS1;LTBP1;VWF;ITGB5;HSPG2;EFEMP1;TMPRSS6;LTBP2;ITGA3;ICAM2;CASP3;CAPN5
REACTOME_TRANSCRIPTIONAL_REGULATION_BY_RUNX3,0.00672884414943284,0.167403810091099,0.407017918923954,0.377499885581476,1.60035887755548,71,SPP1;CDKN1A;TEAD3;CCND1;TCF7L2;TCF7;CCN2;NOTCH1;PSMD7;RORC;PSMC3;SMAD3;PSMD6;KAT2A;PSMA7;MAMLD1;HES1;CBFB;MAML3;PSMC6;TGFB1;RUNX3;KAT2B;PSMA5;ZFHX3
REACTOME_INTRAFLAGELLAR_TRANSPORT,0.00748265637216017,0.175746493253813,0.407017918923954,-0.496243500438208,-1.73728098711185,28,IFT88;CLUAP1;WDR19;TNPO1;DYNLRB1;TTC21B;TRIP11;KIFAP3
REACTOME_NS1_MEDIATED_EFFECTS_ON_HOST_PATHWAYS,0.00736104524791465,0.175746493253813,0.407017918923954,-0.467108578826319,-1.68636510542089,32,EIF2AK2;KPNB1;NUP88;NUP155;NUP160;RAE1;NUP205;NUP133;KPNA4;NUP43;TPR;KPNA1;NUP54
REACTOME_SNRNP_ASSEMBLY,0.00848044490717146,0.189465549633392,0.380730400722792,-0.423580563404652,-1.61145302721388,41,SNRPD3;GEMIN2;NUP88;NUP155;NUP160;RAE1;NUP205;NUP133;SNRPE;GEMIN7;NUP43;TPR;NUP54;SNRPF;TGS1;AAAS
REACTOME_SYNDECAN_INTERACTIONS,0.00831804028589155,0.189465549633392,0.380730400722792,0.525697978156727,1.74587027630685,23,SDC2;COL5A1;COL3A1;COL1A1;ITGAV;ACTN1;COL1A2;COL5A3;THBS1;SDC1;TGFB1
REACTOME_TRANSCRIPTIONAL_REGULATION_BY_RUNX1,0.00938943734773751,0.204779157393513,0.380730400722792,0.310597599277384,1.45492375350774,127,PRMT1;CCND1;AUTS2;LMO1;CBX4;TCF3;PHC2;SMARCC2;H2AC6;PF4;SCMH1;PSMD7;H2AX;PSMC3;GP1BA;LDB1;ESR1;LMO2;MYL9;SETD1A;THBS1;H2AZ2;AXIN1;PSMD6;PSMA7;SMARCA4;SIN3B;SMARCD3;CBFB;PSMC6;CCNH;KAT2B;HDAC1;SETD1B;SPI1;PSMA5;GATA1;SOCS3;PSMB3;CBX8;TJP1;HIPK2;ABL1;H2BC5;CREBBP;PTPN11;CSNK2A2;CCND3;LGALS3;ARID1A
REACTOME_ESR_MEDIATED_SIGNALING,0.00967406739169689,0.206080133274287,0.380730400722792,0.320947961632132,1.49781526916085,122,GNB5;PRMT1;CCND1;NOS3;H2AC6;JUN;PIK3R2;YY1;DDX5;GNG11;POLR2J;CDK9;H2AX;JUND;FOS;MMP9;HRAS;CDKN1B;XPO1;POLR2I;ESR1;HBEGF;PTGES3;CARM1;PRKCZ;CXCL12;HSP90AB1;H2AZ2;AXIN1;HSP90AA1;CBFB;SHC1;GNG5;KAT2B;KDM4B;HDAC1;GNB2;ZDHHC7;CAV2;GTF2F1;HSPB1;GNG12;BCL2
REACTOME_HEMOSTASIS,0.0108571064380152,0.221002433271598,0.380730400722792,0.237467529151813,1.2794045998473,388,GNB5;ANXA5;SLC7A5;SDC2;MAFG;GAS6;PLCG1;CFD;PLAU;LAT;DGKQ;RAP1B;NOS3;RHOG;HSPA5;ABHD6;PIK3R5;PF4;VTI1B;BSG;TOR4A;MAGED2;SERPINE1;P2RX4;ATP2A3;VEGFB;INPP5D;SH2B2;PIK3R2;ATP2A1;GNA11;ITGAX;COL1A1;PPP2R5B;ITGAV;CRK;GNG11;VEGFA;ACTN1;TUBA1A;GP1BA;RHOA;COL1A2;C1QBP;SRI;HRAS;ADRA2B;ATP1B3;CYRIB;VEGFC;PRKCZ;KLC1;WDR1;PRKAR1B;KIF5B;CTSW;SERPINB8;CD9;SLC3A2;HBB;THBS1;LCP2;FLNA;GYPC;SLC7A10;PDGFA;CDK2;ATP2A2;PFN1;SPARC;DAGLA;FGR;APOA1;CDC37L1;VAV2;ORAI2;SDC1;LGALS3BP;ADAMTS13;SLC16A8;SERPINB6;SHC1;MANF;GRB7;P2RX1;TGFB1;QSOX1;GNG5;TUBA3C;CLU;HDAC1;PLAUR;ECM1;GNB2;DOCK9;ANXA2;GATA1;SH2B1;VWF;STX4;DOCK6;GUCY1A2;PDE9A;ITGA3;GNG12;RASGRP2;PRKCD;KCNMB1;EHD1;ADRA2C;DGKZ;ABL1;CD74;PTGIR;TUBB6;RAC2;PROS1;PTPN11
REACTOME_POSTMITOTIC_NUCLEAR_PORE_COMPLEX_NPC_REFORMATION,0.010777876707346,0.221002433271598,0.380730400722792,-0.540861611987787,-1.73321101517243,20,KPNB1;TNPO1;NUP155;NUP160;NUP205;NUP133;NUP43;NUP54
REACTOME_NUCLEAR_IMPORT_OF_REV_PROTEIN,0.0119049658173415,0.237064101927932,0.380730400722792,-0.491283392516136,-1.69334056227136,27,KPNB1;NUP88;NUP155;NUP160;RAE1;NUP205;NUP133;NUP43;TPR;NUP54;AAAS;NPM1;NUP50
REACTOME_NON_INTEGRIN_MEMBRANE_ECM_INTERACTIONS,0.0123737817040985,0.241157107254345,0.380730400722792,0.389313225957676,1.59268402602513,59,LAMA5;SDC2;COL11A2;COL5A1;COL4A2;COL3A1;COL4A1;COL1A1;SNTB1;ITGAV;ACTN1;COL1A2;COL5A3;ACTA2;THBS1;PDGFA;LAMA3;SDC1;AGRN;ACTG1;TGFB1;ACTG2;ITGB5;HSPG2
REACTOME_HEPARAN_SULFATE_HEPARIN_HS_GAG_METABOLISM,0.013820409195189,0.25835703719986,0.380730400722792,0.516949681332506,1.73724503567935,24,SDC2;HS3ST1;IDUA;EXTL3;SGSH;HS6ST1;NDST1;HGSNAT;SDC1;AGRN;SLC35D2;HSPG2
REACTOME_SIGNALING_BY_NUCLEAR_RECEPTORS,0.0137747196201286,0.25835703719986,0.380730400722792,0.282889710696481,1.38272740910971,173,GNB5;PRMT1;CCND1;NOS3;H2AC6;JUN;ADH1A;PIK3R2;PCK1;YY1;DDX5;GNG11;POLR2J;CDK9;H2AX;JUND;NR1H2;FOS;PLIN1;NCOR2;MMP9;HRAS;CDKN1B;XPO1;POLR2I;ESR1;HBEGF;PTGES3;CARM1;PRKCZ;CXCL12;HSP90AB1;RARA;H2AZ2;AXIN1;SREBF1;NR1H3;HSP90AA1;CBFB;PPARD;SHC1;RARG;GNG5;KAT2B;KDM4B;HDAC1;GNB2;FASN;ZDHHC7;CAV2;GTF2F1;ARL4C;HSPB1;GNG12;BCL2
REACTOME_INFLUENZA_VIRAL_RNA_TRANSCRIPTION_AND_REPLICATION,0.0144102110316841,0.263995066100453,0.380730400722792,-0.312346723196715,-1.45349534747007,111,RPS3;RPL36AL;RPS23;RPL5;NUP88;RPL10;RPS21;RPL35A;NUP155;POLR2A;NUP160;RPL7;RPS13;RPL19;RAE1;POLR2B;RPL10A;NUP205;RPL38;NUP133;POLR2D;RPS15A;RPL37A;NUP43;TPR;NUP54;RPS3A;RPL30;RPL4;AAAS;RPL7A;RPS24;RPL24;RPS6;NUP50;RPS29;UBA52;RPL31;RPS27A;RPS4X;NUP98;RPL27;POLR2K;RPL22;IPO5;RPS8;NUP153;RPS27;RPL36;NUP93;RPL27A;RPL41;RPS17
REACTOME_CHROMATIN_ORGANIZATION,0.015546886720256,0.279234279132442,0.380730400722792,0.281885327135051,1.37018018947094,163,KAT8;PRMT1;JMJD6;CCND1;GATAD2A;EHMT2;SMARCC2;H2AC6;SGF29;EP400;KANSL2;RBBP4;RPS2;MECOM;SMYD2;DPF2;BCL7B;H2AX;NCOR2;RUVBL2;CARM1;BCL7C;HCFC1;BRD1;SETD1A;H2AZ2;RELA;PRMT5;KAT2A;JADE2;PRMT7;SMARCA4;TAF10;SMARCD3;RBBP7;SS18L1;NSD2;OGT;SUPT7L;KAT2B;KDM4B;JADE1;USP22;HDAC1;SETD1B;SUZ12;MCRS1;TAF5L;WDR77;H2BC5;CREBBP;BICRA;TADA2A;HMG20B;DPF3;PHF10;SMYD3;ATXN7;KDM5B;ARID1A;TAF12;SMARCE1;MEAF6;ZZZ3;MBD3;ING4
REACTOME_ATTENUATION_PHASE,0.0160429541177446,0.282602807151039,0.352487857583619,0.54343981223068,1.69526664616627,19,DNAJB1;HSF1;HSPH1;PTGES3;HSP90AB1;HSP90AA1;SERPINH1;HSPB1;CREBBP;MRPL18;HSPA8;FKBP4
REACTOME_ATP_DEPENDENT_CHROMATIN_REMODELERS,0.0164468063108497,0.284250463787516,0.352487857583619,0.517417868542627,1.69726353448741,22,SMARCC2;DPF2;BCL7B;BCL7C;SMARCA4;SMARCD3;SS18L1;BICRA;DPF3;PHF10;ARID1A;SMARCE1
REACTOME_ANTIMICROBIAL_MECHANISM_OF_IFN_STIMULATED_GENES,0.022283656004896,0.323263159337627,0.352487857583619,-0.301170577007649,-1.40513602786397,119,DUS2;EIF2AK2;KPNB1;MAP2K6;IFIT1;HERC5;ARIH1;PPP2R5A;EIF4E;NUP88;NCK1;OASL;NUP155;SFN;NUP160;GBP2;RAE1;NEDD4;TUBB2A;NUP205;NUP133;ABCE1;KPNA4;EIF4G3;NUP43;DHX9;TPR;KPNA1;RNASEL;NUP54;FANCL;HSPA1L;AAAS;FURIN;OAS2;SNCA;NPM1;NUP50;EIF2S3;UBE2N;UBA52;RPS27A;UBE2L6
REACTOME_COLLAGEN_BIOSYNTHESIS_AND_MODIFYING_ENZYMES,0.0233351863556058,0.323263159337627,0.352487857583619,0.427765588811383,1.59200145800411,36,COL11A2;COL5A1;COL4A2;COL3A1;COL4A1;COL1A1;COL1A2;COL5A3;COL6A3;COL16A1;COL6A2;COL13A1;COLGALT1
REACTOME_FORMATION_OF_THE_EMBRYONIC_STEM_CELL_BAF_ESBAF_COMPLEX,0.0201469580777973,0.323263159337627,0.352487857583619,0.572168138323515,1.68492483008975,15,SMARCC2;DPF2;BCL7B;BCL7C;SMARCA4;SMARCD3;PHF10;ARID1A;SMARCE1
REACTOME_FORMATION_OF_WDR5_CONTAINING_HISTONE_MODIFYING_COMPLEXES,0.0210357863475844,0.323263159337627,0.352487857583619,0.453595334908669,1.58983265564186,29,KAT8;SGF29;KANSL2;MEN1;HCFC1;SETD1A;KAT2A;AKAP8L;OGT;KAT2B;SETD1B;PAGR1;MCRS1;PSIP1;TADA2A;ZZZ3;KMT2D;CXXC1
REACTOME_HSF1_ACTIVATION,0.0219428506015157,0.323263159337627,0.352487857583619,0.499018573160604,1.65726658729209,23,DNAJB1;HSF1;HSPH1;PTGES3;HSP90AB1;HSP90AA1;RPA2;SERPINH1;HSPB1;HDAC6;EEF1A1;MRPL18;FKBP4;VCP
REACTOME_INTERACTIONS_OF_VPR_WITH_HOST_CELLULAR_PROTEINS,0.0235081192935281,0.323263159337627,0.352487857583619,-0.430991464073972,-1.54590011232225,31,NUP88;NUP155;NUP160;RAE1;SLC25A4;NUP205;NUP133;NUP43;TPR;KPNA1;NUP54;AAAS
REACTOME_IRE1ALPHA_ACTIVATES_CHAPERONES,0.022583099802816,0.323263159337627,0.352487857583619,0.409268092670303,1.56236101614179,39,XBP1;PREB;HSPA5;PPP2R5B;EXTL3;EDEM1;ZBTB17;SERP1;SHC1;ADD1;HDGF;DCTN1;ATP6V0D1;ACADVL;SRPRA;KDELR3;LMNA;CXXC1;ARFGAP1;CUL7;SRPRB;DNAJB9
REACTOME_NUCLEAR_ENVELOPE_BREAKDOWN,0.0207406875413344,0.323263159337627,0.352487857583619,-0.420378186133386,-1.57257595285638,38,VRK2;NUP88;NUP155;NUP160;RAE1;NUP205;NUP133;NUP43;TPR;PRKCA;NUP54;AAAS;NUP50;EMD;NUP98;LEMD3;PRKCB;NUP153;NUP93;NUP214;RANBP2;NEK7;NEK9
REACTOME_NUCLEAR_PORE_COMPLEX_NPC_DISASSEMBLY,0.020995683089518,0.323263159337627,0.352487857583619,-0.467319265204346,-1.59823958023878,26,NUP88;NUP155;NUP160;RAE1;NUP205;NUP133;NUP43;TPR;NUP54;AAAS;NUP50;NUP98;NUP153;NUP93;NUP214;RANBP2;NEK7;NEK9
REACTOME_REGULATION_OF_GLUCOKINASE_BY_GLUCOKINASE_REGULATORY_PROTEIN,0.0229189159822733,0.323263159337627,0.352487857583619,-0.46496645812098,-1.5901929412806,26,NUP88;NUP155;NUP160;RAE1;NUP205;GCK;NUP133;NUP43;TPR;NUP54;AAAS;NUP50;NUP98;NUP153;NUP93
REACTOME_RHOBTB2_GTPASE_CYCLE,0.0224492079067518,0.323263159337627,0.352487857583619,0.518327791918912,1.57572453150503,17,ACTN1;CUL3;TXNL1;HSP90AB1;DBN1;ACTG1;HSP90AA1;CCT6A
REACTOME_SEMAPHORIN_INTERACTIONS,0.0236447944056998,0.323263159337627,0.352487857583619,0.380612847693319,1.53690248932968,54,SEMA7A;CD72;PLXNB1;DPYSL3;RHOA;PLXNB3;CDK5R1;MYH9;PLXND1;HSP90AB1;MYL9;SEMA4D;PLXNA2;MYH10;DPYSL2;HSP90AA1;LIMK1;LIMK2;PIP5K1C;NRP1;RND1;RHOB;CFL1;SEMA6A;ITGB1
REACTOME_SIGNALING_BY_RECEPTOR_TYROSINE_KINASES,0.0236106969257181,0.323263159337627,0.352487857583619,0.229608075295236,1.23768041686659,377,JUNB;SPP1;LAMA5;GRAP2;COL11A2;NGF;HNRNPH1;COL5A1;PLCG1;TRIB3;GGA3;RAP1B;NOS3;ID1;COL4A2;SPINT2;COL3A1;COL4A1;ID3;SPRY2;VEGFB;SH2B2;PIK3R2;ARHGEF7;TRIB1;GAB2;COL1A1;DUSP6;FGFR1;ITGAV;EGR1;RPS6KA3;CRK;VEGFA;POLR2J;ARC;RAPGEF1;LTK;RHOA;COL1A2;TNS3;JUND;FOS;TAB2;COL5A3;MMP9;BAX;HRAS;CDK5R1;POLR2I;ATP6V0B;ESR1;HBEGF;TCIRG1;SHC2;COL6A3;MKNK1;HNRNPF;DNMT1;VEGFC;PRKCZ;CXCL12;PDGFC;THBS1;COL6A2;PDGFA;RALGDS;ARF6;SPARC;IRS1;SHB;LAMA3;MAPK7;NCK2;PTBP1;VAV2;ADAP1;ACTG1;HSP90AA1;RAB4A;SHC1;GRB7;STAT3;SPRED2;HGS;ATP6V0C;HDAC1;RPS6KA1;HGFAC;TIAL1;GTF2F1;PSEN2;PTPRK;CLTC;HSPB1;AP2M1;ITGA3;STAT6;HNRNPM;SH3GL1;HPN;PRKCD;FGF17;GALNT3;AP2A2;THBS2;MATK;MAPKAPK2;ATP6V0D1;CYBA;LAMA2;PTPN11;NRP1;ATP6V1G1
REACTOME_SUMOYLATION_OF_UBIQUITINYLATION_PROTEINS,0.0212384077495125,0.323263159337627,0.352487857583619,-0.434384421478592,-1.55807012883099,31,PIAS1;NUP88;NUP155;NUP160;RAE1;NUP205;NUP133;PIAS2;NUP43;TPR;NUP54;AAAS;NUP50;NUP98;NUP153;NUP93;PML;NUP214;SUMO1;RANBP2
REACTOME_TGF_BETA_RECEPTOR_SIGNALING_ACTIVATES_SMADS,0.0245904512381496,0.331247843149192,0.352487857583619,0.406343126942616,1.55119510189553,39,PPP1R15A;UBE2M;SMAD7;LTBP4;ITGAV;NEDD4L;XPO1;STRAP;SMAD3;FKBP1A;TGFB1;LTBP1;ITGB5;PPP1CC;LTBP2
REACTOME_MTORC1_MEDIATED_SIGNALLING,0.0256160548311269,0.335803237316982,0.352487857583619,-0.518450727528128,-1.5619943558084,17,LAMTOR3;RPS6KB1;EIF4E;LAMTOR5;MTOR;RRAGD
REACTOME_SMAD2_SMAD3_SMAD4_HETEROTRIMER_REGULATES_TRANSCRIPTION,0.0256618194456209,0.335803237316982,0.352487857583619,0.464864304518657,1.6111944299378,27,JUNB;SMAD7;SERPINE1;TGIF1;MEN1;CDK9;COL1A2;RNF111
REACTOME_DEADENYLATION_OF_MRNA,0.0295324116124761,0.368340139105645,0.352487857583619,-0.514790328962333,-1.59740942066193,18,CNOT4;TUT7;EIF4E;PARN;CNOT9;CNOT7
REACTOME_GPCR_LIGAND_BINDING,0.0297636338568942,0.368340139105645,0.352487857583619,0.276209311856917,1.33581903068518,158,GNB5;OPRD1;CXCR3;EDN3;S1PR2;NPFF;FZD9;CX3CL1;ADGRE5;GCGR;PF4;GPR132;PTCH2;AGTR1;FZD1;FPR1;GNG11;PLPPR3;HTR7;SSTR3;KISS1;GIPR;GALR3;ADRA2B;CXCR6;P2RY2;MCHR1;LPAR2;CXCL12;ADORA1;CCL4;SSTR2;EDN2;RAMP3;POMC;ADM;GNG5;WNT2B;CCL2;GNB2;PTGER1;SMO;CHRM4;GPER1;HTR1B;GNG12;PTH1R;LPAR6;ADRA2C;PTGIR;NMB;CCL5;DRD2
REACTOME_INFLUENZA_INFECTION,0.0291814098099096,0.368340139105645,0.352487857583619,-0.290450698041593,-1.36560814815401,127,EIF2AK2;KPNB1;RPS3;RPL36AL;RPS23;RPL5;NUP88;RPL10;RPS21;RPL35A;NUP155;POLR2A;NUP160;RPL7;RPS13;RPL19;RAE1;POLR2B;RPL10A;NUP205;RPL38;NUP133;KPNA4;POLR2D;RPS15A;RPL37A;NUP43;TPR;KPNA1;NUP54;RPS3A;RPL30;RPL4;AAAS;RPL7A;RPS24;RPL24;RPS6;NUP50;CANX;RPS29;UBA52;RPL31;RPS27A;RPS4X;NUP98;RPL27;POLR2K;RPL22;IPO5;RPS8;NUP153;RPS27;RPL36;NUP93;RPL27A;RPL41;RPS17
REACTOME_ISG15_ANTIVIRAL_MECHANISM,0.0309630902959985,0.368340139105645,0.352487857583619,-0.351639633542427,-1.46950105134852,62,EIF2AK2;KPNB1;IFIT1;HERC5;ARIH1;EIF4E;NUP88;NUP155;NUP160;RAE1;NEDD4;NUP205;NUP133;KPNA4;EIF4G3;NUP43;TPR;KPNA1;NUP54
REACTOME_OTHER_SEMAPHORIN_INTERACTIONS,0.0286118967443192,0.368340139105645,0.352487857583619,0.552655928028949,1.62746513351948,15,SEMA7A;CD72;PLXNB3;PLXND1;SEMA4D;PLXNA2
REACTOME_RUNX1_REGULATES_GENES_INVOLVED_IN_MEGAKARYOCYTE_DIFFERENTIATION_AND_PLATELET_FUNCTION,0.0308348787419778,0.368340139105645,0.352487857583619,0.433459690260106,1.55263021235539,31,PRMT1;H2AC6;PF4;H2AX;GP1BA;MYL9;SETD1A;THBS1;H2AZ2;SIN3B;CBFB;KAT2B;HDAC1;SETD1B;GATA1
REACTOME_SUMOYLATION_OF_TRANSCRIPTION_COFACTORS,0.030829581845975,0.368340139105645,0.352487857583619,0.414849364863938,1.54393156202819,36,CTBP1;CBX4;PHC2;PCGF2;SCMH1;DDX5;SAFB;PIAS3;NCOR2;TRIM28;PARK7;PIAS4;MBD1
REACTOME_TRANSCRIPTIONAL_AND_POST_TRANSLATIONAL_REGULATION_OF_MITF_M_EXPRESSION_AND_ACTIVITY,0.0315534586459896,0.370550873329826,0.321775918075361,0.368925160180789,1.4604962057041,46,EDN3;ID1;CSF1;TFE3;TFEB;XPO1;MARS1;TBX3;SOX9;YWHAH;CDH1;IARS1;POMC;HINT1;HDAC1;MARK3;RPS6KA1;CREBBP;CREB1;EDNRB;CTNNB1;RARS1;MAPK3;YWHAZ
REACTOME_XENOBIOTICS,0.0322068762556502,0.373436691774374,0.321775918075361,-0.547025354613715,-1.62170211815416,16,CYP3A5;CYP2C19;CYP2B6
REACTOME_REGULATION_OF_PTEN_GENE_TRANSCRIPTION,0.033492025809116,0.383483695514378,0.321775918075361,0.394810694122518,1.53204084885345,42,CBX4;PHC2;GATAD2A;HDAC5;JUN;SCMH1;RBBP4;RRAGA;MECOM;EGR1;SNAI1
REACTOME_CREB1_PHOSPHORYLATION_THROUGH_NMDA_RECEPTOR_MEDIATED_ACTIVATION_OF_RAS_SIGNALING,0.0348949728403874,0.385641414889289,0.321775918075361,-0.544295438744709,-1.61360905572147,16,KRAS;RPS6KA6;CAMK2G;CAMK2A
REACTOME_EUKARYOTIC_TRANSLATION_INITIATION,0.0349434906504486,0.385641414889289,0.321775918075361,-0.300116940808106,-1.37296571974612,100,EIF2B3;RPS3;RPL36AL;EIF1AX;RPS23;EIF4E;RPL5;RPL10;RPS21;RPL35A;RPL7;RPS13;RPL19;EIF5;RPL10A;RPL38;RPS15A;RPL37A;RPS3A;RPL30;RPL4;RPL7A;EIF5B;EIF3A;RPS24;RPL24;RPS6;EIF3H;RPS29;EIF2S3;UBA52;RPL31;EIF3D;RPS27A;RPS4X;EIF3E;RPL27;EIF3I;RPL22;EIF2S1;RPS8;RPS27;RPL36;RPL27A;RPL41;RPS17;EIF3K;EIF3M;RPL15;RPL14
REACTOME_GAP_JUNCTION_TRAFFICKING_AND_REGULATION,0.0346779961109215,0.385641414889289,0.321775918075361,0.444565171190926,1.54485072146071,28,GJA3;GJC2;TUBA1A;GJC1;ACTG1;TUBA3C;CLTC;GJD2;AP2M1;TJP1;TUBB6;CLTCL1;TUBB4B;CLTB;TUBA1B;TUBA4A
REACTOME_INFECTION_WITH_ENTEROBACTERIA,0.0357548079001095,0.387698924787935,0.321775918075361,0.477792313363007,1.58677307657377,23,LAMA5;CASP4;COL5A1;COL4A2;COL4A1;COL5A3;HBB;LAMA3
REACTOME_SUMOYLATION_OF_DNA_DAMAGE_RESPONSE_AND_REPAIR_PROTEINS,0.0359764286102341,0.387698924787935,0.321775918075361,-0.361991267043735,-1.48806550792575,57,PHC3;PIAS1;SMC5;STAG1;PHC1;CETN2;XPC;NUP88;NUP155;NUP160;RAE1;NUP205;NUP133;PIAS2;NUP43;TPR;NUP54;SP100;AAAS;RAD52;HERC2;NUP50
REACTOME_PRE_NOTCH_PROCESSING_IN_GOLGI,0.0372549232501885,0.392247237898536,0.321775918075361,0.528309178046413,1.58897728751835,16,RAB6A;ATP2A3;NOTCH1;ATP2A1;MFNG;LFNG;ATP2A2;ST3GAL4
REACTOME_TBC_RABGAPS,0.037121861763734,0.392247237898536,0.321775918075361,0.439864709212115,1.52851675616219,28,GGA3;RAB6A;TBC1D2;ULK1;TBC1D10B;TBC1D17;ARF6;TSC2;GABARAPL2;RAB4A;MAP1LC3B;RABGEF1;RAB35
REACTOME_MET_ACTIVATES_PTK2_SIGNALING,0.0381654305393988,0.397267436069196,0.321775918075361,0.483401278005878,1.53502655482848,20,LAMA5;COL11A2;COL5A1;COL3A1;COL1A1;COL1A2;COL5A3
REACTOME_SELENOAMINO_ACID_METABOLISM,0.0387527734867787,0.398848769818981,0.321775918075361,-0.299975117395223,-1.35168533290155,93,RPS3;RPL36AL;PAPSS1;AIMP1;RPS23;RPL5;RPL10;RPS21;RPL35A;DARS1;RPL7;RPS13;RPL19;RPL10A;RPL38;EPRS1;RPS15A;RPL37A;RPS3A;RPL30;PAPSS2;RPL4;SECISBP2;RPL7A;RPS24;GNMT;SEPHS2;RPL24;RPS6;RPS29;UBA52;RPL31;RPS27A;RPS4X;AIMP2;RPL27;RPL22;CTH;RPS8;RPS27;RPL36;RPL27A;RPL41;RPS17
REACTOME_ANCHORING_OF_THE_BASAL_BODY_TO_THE_PLASMA_MEMBRANE,0.0396484106792367,0.403532713135342,0.321775918075361,-0.340757725946217,-1.42402558974536,62,C2CD3;MKS1;CEP43;TCTN1;CETN2;CEP162;CCP110;TCTN3;YWHAE;AHI1;B9D1;NPHP4;TCTN2;CEP72;SEPTIN2;CEP63;CEP70;OFD1;PRKACA
REACTOME_PRE_NOTCH_EXPRESSION_AND_PROCESSING,0.040645457426071,0.409134494530561,0.321775918075361,0.365248396614591,1.4524803900578,49,CCND1;RAB6A;H2AC6;SIRT6;JUN;ATP2A3;NOTCH1;ATP2A1;MFNG;H2AX;LFNG;ELF3;H2AZ2;ATP2A2;KAT2A;MAMLD1;MAML3;ST3GAL4;KAT2B
REACTOME_ESTROGEN_DEPENDENT_GENE_EXPRESSION,0.042037611178972,0.414047869246649,0.321775918075361,0.322663047027216,1.39933508243056,78,PRMT1;CCND1;H2AC6;JUN;YY1;DDX5;POLR2J;CDK9;H2AX;JUND;FOS;POLR2I;ESR1;PTGES3;CARM1;CXCL12;HSP90AB1;H2AZ2;AXIN1;HSP90AA1;CBFB;KAT2B;KDM4B;HDAC1
REACTOME_FORMATION_OF_THE_CANONICAL_BAF_CBAF_COMPLEX,0.0417086182842982,0.414047869246649,0.321775918075361,0.535288030102112,1.57632002336159,15,DPF2;BCL7B;BCL7C;SMARCA4;SS18L1;DPF3;ARID1A;SMARCE1
REACTOME_CLASS_B_2_SECRETIN_FAMILY_RECEPTORS,0.0431574655751332,0.416128825966547,0.321775918075361,0.413051750370112,1.52132325098782,35,GNB5;FZD9;ADGRE5;GCGR;PTCH2;FZD1;GNG11;GIPR;RAMP3;ADM;GNG5;WNT2B;GNB2;SMO;GNG12;PTH1R
REACTOME_HS_GAG_BIOSYNTHESIS,0.0428065918712703,0.416128825966547,0.321775918075361,0.495305453668947,1.50610780663175,18,SDC2;HS3ST1;EXTL3;HS6ST1;NDST1;SDC1;AGRN;SLC35D2;HSPG2
REACTOME_SENESCENCE_ASSOCIATED_SECRETORY_PHENOTYPE_SASP,0.043983268930497,0.416473601096128,0.321775918075361,0.367051613737829,1.4551500087936,48,CDKN1A;EHMT2;H2AC6;JUN;RPS6KA3;H2AX;CDKN2D;FZR1;FOS;CDKN1B;H2AZ2;RELA;CDK2;MAPK7;IGFBP7
REACTOME_SRP_DEPENDENT_COTRANSLATIONAL_PROTEIN_TARGETING_TO_MEMBRANE,0.0445572193312451,0.416473601096128,0.321775918075361,-0.301509707020496,-1.35824247862072,90,RPS3;RPL36AL;RPS23;SEC61A2;RPL5;RPL10;RPS21;RPL35A;RPL7;RPS13;RPL19;RPL10A;RPL38;SEC61G;SRP54;RPS15A;RPL37A;SEC61B;RPS3A;RPL30;SEC11A;SPCS2;RPL4;RPL7A;RPS24;RPL24;RPS6;RPS29;UBA52;RPL31;RPS27A;SRP72;RPS4X;RPL27;RPL22;RPS8;RPS27;RPL36;RPL27A;RPL41;RPS17
REACTOME_STRIATED_MUSCLE_CONTRACTION,0.0445079202497475,0.416473601096128,0.321775918075361,0.519062102160738,1.56116517641207,16,TPM2;MYL3;VIM;ACTN3;TPM4;TNNI2;TNNC2;TNNT3;MYBPC3;TMOD1
REACTOME_GLYCOSPHINGOLIPID_CATABOLISM,0.0466715875439414,0.431830042325761,0.321775918075361,-0.478939811760497,-1.54697175810342,22,GBA3;STS;NEU3;ARSL;GALC;GLB1
REACTOME_BINDING_AND_UPTAKE_OF_LIGANDS_BY_SCAVENGER_RECEPTORS,0.0506072874493927,0.435048264530704,0.287857117255149,0.383369467519528,1.42677383877753,36,S100A9;COL4A2;COL3A1;COL4A1;HSPH1;COLEC11;COL1A1;COL1A2;HBB;SPARC;APOA1;HSP90AA1
REACTOME_CARGO_RECOGNITION_FOR_CLATHRIN_MEDIATED_ENDOCYTOSIS,0.0623108092652538,0.435048264530704,0.321775918075361,-0.306584942476531,-1.34409674688023,77,IL7R;REPS2;CD3G;STAM2;VAMP2;CD4;WNT5A;EPS15L1;VAMP4;ARRB1;EGFR;NECAP2;VAMP3;AP2B1;COPS3;NECAP1;LDLRAP1;CBL;COPS8;UBQLN2;EPS15;VAMP7;TGOLN2
REACTOME_CELLULAR_RESPONSES_TO_MECHANICAL_STIMULI,0.0509486553349242,0.435048264530704,0.321775918075361,0.339965617726242,1.4406370324948,72,GNB5;SPP1;NOS3;PIK3R2;GNA11;ITGAV;GNG11;CAPNS1;P2RY2;PRKAR1B;PIEZO1;RELA;CAPN2;ADCY9;MMP14;ADM;GNG5;ADCY3;IKBKG;GNB2;TRPV4;ANXA2;HSPG2;GNG12;CACNA1H;ABL1;PTK2;PIK3CD;CTNNB1;VCL;ITGB1;MAPKAP1;MLST8;CACNB1;RAMP2
REACTOME_DEADENYLATION_DEPENDENT_MRNA_DECAY,0.0652173913043478,0.435048264530704,0.248911114434702,-0.370830538626183,-1.38278136885343,37,CNOT4;LSM3;TUT7;EIF4E;HBS1L;DCP1A;PARN;CNOT9;CNOT7;DIS3;DCPS
REACTOME_DEVELOPMENTAL_CELL_LINEAGES,0.0512033693646814,0.435048264530704,0.321775918075361,0.324918602942115,1.38432957402804,73,LAMA5;COL11A2;PRSS3;COL5A1;PDX1;KRT18;COL3A1;CD24;VIM;COL1A1;KLK5;COL1A2;KRT17;COL5A3;ACTA2;ESR1;HHEX;AQP3;AQP1;LAMA3;SOX9;CDH1;CA2;KRT8
REACTOME_DISEASES_OF_DNA_REPAIR,0.0659133709981168,0.435048264530704,0.241339976815091,-0.422694893211767,-1.42888474777498,25,OGG1;RFC4;XRCC2;NBN;RAD17;HUS1;ATM;KAT5;NEIL1;TOPBP1
REACTOME_EPIGENETIC_REGULATION_BY_WDR5_CONTAINING_HISTONE_MODIFYING_COMPLEXES,0.0670266010457559,0.435048264530704,0.287805130535564,0.303995490940949,1.34903924675028,86,KAT8;PLIN2;FABP4;H2AC6;SGF29;MED16;KANSL2;MEN1;H2AX;LIPE;PLIN1;NCOR2;HCFC1;SETD1A;H2AZ2;CEBPA;KAT2A;AKAP8L;OGT;KAT2B;AGPAT2;SETD1B;PAGR1;MED24;PNPLA2;MCRS1;ABL1;PSIP1;ACSL1;H2BC5;CREBBP;TADA2A;PPARG
REACTOME_ERCC6_CSB_AND_EHMT2_G9A_POSITIVELY_REGULATE_RRNA_EXPRESSION,0.0511036109270413,0.435048264530704,0.321775918075361,0.497164537319062,1.5942659198761,21,GATAD2A;EHMT2;H2AC6;RBBP4;H2AX;CBX3;H2AZ2;RBBP7;HDAC1
REACTOME_FORMATION_OF_ATP_BY_CHEMIOSMOTIC_COUPLING,0.0514851485148515,0.435048264530704,0.282013350011725,-0.514778671913592,-1.49754621174439,15,ATP5MC1;ATP5PF;ATP5F1C;ATP5ME;ATP5MC2;ATP5MJ;ATP5MG
REACTOME_FORMATION_OF_FIBRIN_CLOT_CLOTTING_CASCADE,0.0635838150289017,0.435048264530704,0.248911114434702,-0.39273942953353,-1.40869594606416,31,TFPI;SERPINC1;F7;CD177;F5;SERPIND1;F9;KNG1;PRCP;FGB;SERPINE2;THBD;F11;PROC;KLKB1;SERPING1
REACTOME_GAP_JUNCTION_ASSEMBLY,0.0530796718912802,0.435048264530704,0.321775918075361,0.511711863492541,1.53905811716167,16,GJA3;GJC2;TUBA1A;GJC1;TUBA3C;GJD2;TUBB6;TUBB4B;TUBA1B;TUBA4A
REACTOME_GENERATION_OF_SECOND_MESSENGER_MOLECULES,0.0679525707425988,0.435048264530704,0.287805130535564,0.439911450618384,1.49160235938534,25,GRAP2;PLCG1;ZAP70;LAT;CD247;HLA-DQB1
REACTOME_G_PROTEIN_BETA_GAMMA_SIGNALLING,0.0554414784394251,0.435048264530704,0.276500599254472,0.484027288342259,1.50992860532755,19,GNB5;PIK3R5;GNG11;RHOA;GNG5;GNB2;BTK;GNG12
REACTOME_HDR_THROUGH_SINGLE_STRAND_ANNEALING_SSA,0.0601941747572816,0.435048264530704,0.257206466468838,-0.454099933260157,-1.43429040222821,19,RFC4;NBN;ERCC4;RAD17;HUS1;ATM;KAT5;RAD52;TOPBP1
REACTOME_HIGH_LAMINAR_FLOW_SHEAR_STRESS_ACTIVATES_SIGNALING_BY_PIEZO1_AND_PECAM1_CDH5_KDR_IN_ENDOTHELIAL_CELLS,0.0615384615384615,0.435048264530704,0.252961123069611,0.34611693711939,1.37020330395757,46,GNB5;NOS3;PIK3R2;GNA11;GNG11;CAPNS1;P2RY2;PRKAR1B;PIEZO1;CAPN2;ADCY9;MMP14;ADM;GNG5;ADCY3;GNB2;TRPV4;GNG12;PIK3CD;CTNNB1;VCL;MAPKAP1;MLST8;RAMP2
REACTOME_HOMOLOGOUS_DNA_PAIRING_AND_STRAND_EXCHANGE,0.0485436893203884,0.435048264530704,0.287857117255149,-0.472903449710673,-1.49368196165763,19,RFC4;XRCC2;NBN;RAD17;HUS1;ATM
REACTOME_LAMININ_INTERACTIONS,0.0590631364562118,0.435048264530704,0.266350657088526,0.468094807712247,1.48642130815156,20,LAMA5;COL4A2;COL4A1;ITGAV;LAMA3;HSPG2;ITGA3;LAMA2;ITGA7;ITGA6;ITGB1
REACTOME_MITF_M_REGULATED_MELANOCYTE_DEVELOPMENT,0.0521415270018622,0.435048264530704,0.271288554688953,0.286670698336016,1.32927175297571,117,EDN3;CDKN1A;CCND1;TCF7L2;ID1;SMARCC2;TCF7;SERPINE1;CSF1;TFE3;DPF2;BCL7B;TFEB;XPO1;ATP6V0B;BCL7C;MARS1;CDK2;TBX2;TBX3;SOX9;YWHAH;CDH1;IARS1;SMARCA4;POMC;SMARCD3;SS18L1;HINT1;ATP6V0C;HDAC1;MARK3;RPS6KA1;MCM5;BCL2;ATP6V0D1;CREBBP;ATP6V1G1;DPF3;CREB1;ARID1A;PLK1;EDNRB;CTNNB1;RARS1;MAPK3;SMARCE1;IRF4;TERT;YWHAZ
REACTOME_MITOCHONDRIAL_BIOGENESIS,0.0478107379299221,0.435048264530704,0.321775918075361,-0.336805475972421,-1.4519538961564,68,TFB1M;SAMM50;APOO;ATP5MC1;ATP5PF;TBL1X;MED1;ATP5F1C;NCOA2;NCOA6;DNAJC11;ATP5ME;PRKAB2;PPARGC1A;POLG2;MTX1;SSBP1;MAPK11;ATP5MC2;TFAM;CHCHD3;ATP5MJ;TGS1;SIRT3;SIRT5;CRTC3
REACTOME_MOLECULES_ASSOCIATED_WITH_ELASTIC_FIBRES,0.0649895178197065,0.435048264530704,0.257206466468838,0.419047875087187,1.44184763649323,26,LTBP4;ITGAV;EFEMP2;MFAP2;FBLN5;EMILIN1;TGFB1;LTBP1;ITGB5;EFEMP1;LTBP2;MFAP4;ELN
REACTOME_NUCLEAR_RECEPTOR_TRANSCRIPTION_PATHWAY,0.0666666666666667,0.435048264530704,0.248911114434702,0.386037287484847,1.42108376221094,34,RORC;NR1H2;NR4A1;NCOR2;NRBP1;ESR1;HNF4A;THRA;RARA;ESRRA;NR1H3;PPARD;RARG
REACTOME_REGULATION_OF_BETA_CELL_DEVELOPMENT,0.0632556977982047,0.435048264530704,0.287805130535564,0.456655331997556,1.53462171885737,24,PDX1;NOTCH1;HNF4A;KAT2A;MAMLD1;HES1;MAML3;KAT2B;FOXA2;ONECUT1;CREBBP
REACTOME_REGULATION_OF_CDH1_GENE_TRANSCRIPTION,0.056732227561791,0.435048264530704,0.321775918075361,0.389674840285135,1.4502403421585,36,CTBP1;TCF3;H2AC6;RBBP4;H2AX;SNAI1;STRAP;H2AZ2;CDH1;SMARCA4;RBBP7;HDAC1;SUZ12;PKM;FOXA2;H2BC5;ARID1A;MAPK3
REACTOME_REGULATION_OF_PYRUVATE_METABOLISM,0.0521235521235521,0.435048264530704,0.276500599254472,-0.4316345522777,-1.52855323025101,29,PDPR;MKLN1;NEK1;DLAT;LDHA;ARMC8;PDHB;ME1;PDK1;UBA52;RPS27A;DLD;PDHA1
REACTOME_RHOBTB_GTPASE_CYCLE,0.0663900414937759,0.435048264530704,0.252961123069611,0.417068654378322,1.44553730261523,27,VIM;ACTN1;CUL3;TXNL1;SPEN;HSP90AB1;DBN1;ACTG1;HSP90AA1;CCT6A
REACTOME_RIBOSOME_ASSOCIATED_QUALITY_CONTROL,0.0665236051502146,0.435048264530704,0.257206466468838,-0.271976228834701,-1.26944819059351,120,RPS3;RPL36AL;RPS23;PSMA4;HBS1L;RPL5;RPL10;KLHDC10;RPS21;PSMB5;RPL35A;RPL7;RPS13;PSMB1;RPL19;RPL10A;RPL38;ABCE1;PSMA3;PSMA2;RPS15A;RPL37A;RBX1;RPS3A;RPL30;PSMB6;RPL4;RPL7A;RPS24;RPL24;UFD1;RPS6;PSMD13;RPS29;UBA52;TRIP4;PSMC1;RPL31;RPS27A;CUL2;PSMB4;RPS4X;RPL27;PSMC4;RPL22;ASCC3;PSMD14;RPS8;RPS27;RPL36;RPL27A;PSMC2;RPL41;RPS17;PSMB2
REACTOME_RNA_POLYMERASE_II_TRANSCRIBES_SNRNA_GENES,0.0663900414937759,0.435048264530704,0.252961123069611,-0.355198303719108,-1.38331025546541,46,INTS14;RPAP2;RPRD2;INTS6;GTF2E1;POLR2A;GTF2A2;CCNT1;POLR2B;GTF2B;POLR2D;TAF5;SNAPC5;INTS12
REACTOME_RND3_GTPASE_CYCLE,0.0665442400433602,0.435048264530704,0.287805130535564,0.441825332086929,1.49809173380387,25,RND3;NISCH;EPHA2;PIK3R2;TXNL1;DSP;SCRIB;TNFAIP1;PICALM
REACTOME_RUNX1_INTERACTS_WITH_CO_FACTORS_WHOSE_PRECISE_EFFECT_ON_RUNX1_TARGETS_IS_NOT_KNOWN,0.0587002096436059,0.435048264530704,0.271288554688953,0.425925925409443,1.46551343028532,26,AUTS2;CBX4;PHC2;SMARCC2;SCMH1;SMARCA4;SMARCD3;CBFB;CBX8;HIPK2;CSNK2A2;ARID1A;SMARCE1
REACTOME_SARS_COV_2_HOST_INTERACTIONS,0.0631578947368421,0.435048264530704,0.261663521711573,-0.267057437556739,-1.27116966553794,139,TLR2;TRAF6;SNRPD3;RPS3;NOD1;GEMIN2;G3BP1;RPS23;PIK3C3;NUP88;RPS21;VPS33B;NUP155;SFN;NUP160;RPS13;MBL2;ATG14;YWHAE;RAE1;NUP205;VPS45;NUP133;SNRPE;GEMIN7;RPS15A;VPS11;NUP43;TPR
REACTOME_SEMA4D_INDUCED_CELL_MIGRATION_AND_GROWTH_CONE_COLLAPSE,0.0677618069815195,0.435048264530704,0.248911114434702,0.463078522506914,1.44457869315745,19,PLXNB1;RHOA;MYH9;MYL9;SEMA4D;MYH10;LIMK1;LIMK2;RND1;RHOB
REACTOME_SIALIC_ACID_METABOLISM,0.0564516129032258,0.435048264530704,0.271288554688953,-0.482410375900429,-1.45341156705967,17,ST6GALNAC2;SLC17A5;NEU3;GLB1;GNE;ST3GAL1
REACTOME_SIGNALING_BY_ALK_IN_CANCER,0.0634615384615385,0.435048264530704,0.248911114434702,0.321532910077539,1.33920523166148,64,JUNB;CDKN1A;PLCG1;ZAP70;JUN;PIK3R2;NOTCH1;MYH9;DNMT1;KLC1;KIF5B;IRS1;TPM4;SQSTM1;TYK2;SHC1;IL10RA;STAT3;HDAC1;EML4;CLTC;RRBP1
REACTOME_SIGNALING_BY_BRAF_AND_RAF1_FUSIONS,0.0679012345679012,0.435048264530704,0.248911114434702,-0.340727914533233,-1.36695338453425,51,KRAS;CAMK2G;CAMK2A;PAPSS1;FAM114A2;ARRB1;ZC3HAV1;AGK;TLN1;FGB;RAP1A;FN1;AP3B1;MAP2K1
REACTOME_SIGNALING_BY_GPCR,0.0683918669131239,0.435048264530704,0.234392647294686,0.228375236000376,1.20745996036064,303,GNB5;OPRD1;CXCR3;EDN3;S1PR2;NPFF;FZD9;DGKQ;CX3CL1;ADGRE5;GCGR;ABR;ABHD6;ARHGEF16;PIK3R5;PF4;GPR132;PIK3R2;RGS14;ARHGEF7;GNA11;PTCH2;AGTR1;FZD1;FPR1;ARHGEF40;RPS6KA3;GNG11;MCF2L;PLXNB1;PLPPR3;HTR7;SSTR3;RHOA;KISS1;GIPR;GALR3;HRAS;ADRA2B;CXCR6;P2RY2;HBEGF;MCHR1;LPAR2;CXCL12;PPP3CC;PRKAR1B;GRK5;ADORA1;CCL4;DAGLA;ADCY9;MAPK7;SSTR2;VAV2;EDN2;RAMP3;POMC;SHC1;ADM;OBSCN;GNG5;ADCY3;WNT2B;ARHGEF10L;CCL2;GNB2;BTK;PTGER1;RPS6KA1;SMO;CHRM4;GPER1;HTR1B;CAMKK2;GNG12;PTH1R;RASGRP2;LPAR6;PRKCD;ADRA2C;DGKZ;PTGIR;NMB;FGD1;CCL5;ARHGEF2;DRD2
REACTOME_SIGNALING_BY_INTERLEUKINS,0.0623818525519849,0.435048264530704,0.248911114434702,0.229891619091143,1.21268883623644,317,IL18BP;JUNB;IL36A;LAMA5;OPRD1;CDKN1A;CCND1;IL15RA;RAP1B;LGALS9;HMOX1;JUN;TNFRSF1A;INPP5D;PIK3R2;CSF3;VIM;GAB2;IL4R;ITGAX;DUSP6;FPR1;RPS6KA3;CSF1;CRK;VEGFA;PSMD7;BATF;RORC;PSMC3;TCP1;HNRNPDL;RAPGEF1;COL1A2;IL10RB;FOS;TOLLIP;TAB2;MMP9;CNTFR;PIM1;BCL6;HNRNPF;TRAF2;MAP2K7;IL11RA;RELA;IL22RA1;CCL4;AIP;SMAD3;PSMD6;IRS1;LBP;MAPK7;PSMA7;SMARCA4;POMC;SDC1;SQSTM1;HSP90AA1;CTF1;TYK2;TXLNA;HCK;SHC1;IL10RA;PSMC6;STAT3;TGFB1;BCL2L1;IL1R1;IKBKG
REACTOME_SIGNALING_BY_MET,0.0646141472948523,0.435048264530704,0.287805130535564,0.340002173588091,1.39095205243926,59,LAMA5;COL11A2;COL5A1;GGA3;RAP1B;SPINT2;COL3A1;COL1A1;CRK;RAPGEF1;COL1A2;TNS3;COL5A3;HRAS;ARF6;LAMA3;RAB4A;SHC1;STAT3;HGS;HGFAC;ITGA3;SH3GL1;HPN;LAMA2;PTPN11;PTK2
REACTOME_SIGNALING_BY_NTRKS,0.0651340996168582,0.435048264530704,0.245041785430996,0.288852020350612,1.30525545914433,97,JUNB;NGF;PLCG1;ID1;ID3;PIK3R2;TRIB1;DUSP6;EGR1;RPS6KA3;CRK;ARC;RAPGEF1;RHOA;JUND;FOS;BAX;HRAS;CDK5R1;SHC2;RALGDS;IRS1;MAPK7
REACTOME_SIGNALING_BY_RHO_GTPASES_MIRO_GTPASES_AND_RHOBTB3,0.0638297872340426,0.435048264530704,0.248911114434702,0.217716720580849,1.18737720838388,440,RND3;NISCH;STIP1;TRIP10;EPHA2;ZAP70;RHOF;YKT6;S100A9;RHOG;ABR;ARHGEF16;H2AC6;ARPC5;ARHGAP4;PKN1;RALBP1;MYO19;PIK3R2;ARHGEF7;VIM;LIN7B;RHOD;ADD3;PPP2R5B;ABCD3;MEN1;ARHGEF40;MAP3K11;DEF6;RRAS2;MCF2L;PLXNB1;ACTN1;HTR7;CUL3;H2AX;RAPGEF1;TUBA1A;CDC42EP1;TXNL1;RHOA;C1QBP;MAD1L1;CDKN1B;ANKLE2;XPO1;MYH9;DYNC1H1;NDE1;PLXND1;ARHGAP1;AKAP12;PARD6A;SPEN;PRKCZ;KLC1;BUB3;STEAP3;GMIP;HSP90AB1;KIF5B;MYL9;STK10;HMOX2;FLNA;FERMT2;DSP;H2AZ2;PFN1;TPM4;ARAP3;DBN1;NCK2;RHOT2;YWHAH;CDH1;MYH10;VAV2;LETM1;ARPC1A;ARAP1;SCRIB;ARPC2;ACTG1;HSP90AA1;CCT6A;LRRC41;EFHD2;GRB7;OBSCN;CDC42EP4;TUBA3C;HGS;ARHGEF10L;LIMK1;DLC1;LIMK2;FARP1;FNBP1;MYO9B;TNFAIP1;DVL2;STX5;FLOT1;RANGAP1;DOCK9;BTK;PICALM;PLEKHG6
REACTOME_SIGNALING_BY_ROBO_RECEPTORS,0.0554371002132196,0.435048264530704,0.282013350011725,-0.256035397815089,-1.25332560367797,165,USP33;RPS3;RPL36AL;SRGAP3;RPS23;SOS2;UPF3B;PSMA4;RPL5;NCK1;RPL10;RPS21;PSMB5;RPL35A;NELL2;RPL7;CXCR4;RPS13;PSMB1;RPL19;RPL10A;CAP2;CDC42;UPF2;RPL38;PSMA3;PSMA2;RPS15A;RPL37A;RBX1;PRKCA;PRKACA;PFN2;RPS3A;RPL30;SOS1;DAG1;PSMB6;RPL4;RPL7A;RPS24;RPL24;RPS6;PSMD13;PRKAR2A;ETF1;RPS29;SLIT3;UBA52;PSMC1;RPL31;RPS27A;PRKACG;CUL2;PSMB4;RPS4X;RPL27;PSMC4;RPL22;ROBO3;PSMD14;RPS8;UPF3A;SRC;RPS27;RPL36;RBM8A;RPL27A;SLIT2;PSMC2;RPL41;RPS17;PSMB2
REACTOME_SMOOTH_MUSCLE_CONTRACTION,0.0492473687766709,0.435048264530704,0.321775918075361,0.402931194220841,1.48327375608238,34,SORBS3;TPM2;CALD1;LMOD1;ACTA2;MYL9;SORBS1;TPM4;ACTG2;ANXA2;ITGB5;GUCY1A2;CACNA1H;MYL6B;ALDH2;VCL
REACTOME_SUMOYLATION_OF_CHROMATIN_ORGANIZATION_PROTEINS,0.0561330561330561,0.435048264530704,0.276500599254472,-0.366896104946193,-1.42143728910257,45,PHC3;PIAS1;PHC1;H4C3;NUP88;NUP155;SATB1;CBX5;NUP160;RAE1;NUP205;NUP133;PIAS2;NUP43;TPR;NUP54
REACTOME_SUMOYLATION_OF_SUMOYLATION_PROTEINS,0.0538461538461539,0.435048264530704,0.271288554688953,-0.421263734039124,-1.45199894628825,27,NUP88;NUP155;NUP160;RAE1;NUP205;NUP133;NUP43;TPR;NUP54;AAAS;NUP50;NUP98;NUP153;NUP93;NUP214;SUMO1;RANBP2
REACTOME_TRANSLATION,0.0643776824034335,0.435048264530704,0.261663521711573,-0.234395731108052,-1.22306447415823,273,MRPS33;NARS2;MRPL39;EIF2B3;RPS3;MRPS11;RPL36AL;MIEF1;MRPS7;AIMP1;EIF1AX;RPS23;SEC61A2;MRPL48;EIF4E;PSMA4;HBS1L;RPL5;RPL10;KLHDC10;RPS21;PSMB5;MRPL24;MRPS35;RPL35A;DARS1;MRPL49;DARS2;RPL7;RPS13;PSMB1;RPL19;MRPL46;EIF5;RPL10A;ERAL1;FARS2;RPL38;APEH;ABCE1;SEC61G;PSMA3;SRP54;EEF1G;EPRS1;MRPS14;PSMA2;RPS15A;MRPL33;RPL37A;SEC61B;RBX1;MRPL35;RPS3A;RPL30;SEC11A;PSMB6;SPCS2;RPL4;MRPL22;MRPS31;RPL7A;EIF5B;EIF3A;RPS24;RPL24;UFD1;RPS6;PSMD13;MRPL40;EIF3H;TSFM;ETF1;RPS29;EIF2S3;UBA52;TRIP4;MRPL28;PSMC1;RPL31;EIF3D;RPS27A;CUL2;PSMB4;SRP72;HARS1;NDUFAB1;RPS4X;EIF3E
REACTOME_VIRAL_MESSENGER_RNA_SYNTHESIS,0.0612648221343874,0.435048264530704,0.257206466468838,-0.371993388714573,-1.38711749349665,37,NUP88;NUP155;POLR2A;NUP160;RAE1;POLR2B;NUP205;NUP133;POLR2D;NUP43;TPR;NUP54
REACTOME_DNA_DAMAGE_TELOMERE_STRESS_INDUCED_SENESCENCE,0.069672131147541,0.437121041994161,0.245041785430996,0.394391400223522,1.39642367407815,30,CDKN1A;H1-2;H2AC6;EP400;HIRA;H2AX;TERF2;CDKN1B;H2AZ2;CDK2;CABIN1;ACD
REACTOME_G_ALPHA_12_13_SIGNALLING_EVENTS,0.0692307692307692,0.437121041994161,0.237793834423688,0.343940386422892,1.36158680289757,46,GNB5;ABR;ARHGEF16;ARHGEF7;ARHGEF40;GNG11;MCF2L;PLXNB1;RHOA;VAV2;OBSCN;GNG5;ARHGEF10L;GNB2;BTK;GNG12;FGD1;ARHGEF2;ARHGEF18;RHOB
REACTOME_CD209_DC_SIGN_SIGNALING,0.0705645161290323,0.438197346390331,0.241339976815091,-0.466127344761856,-1.40435386227995,17,KRAS;LYN;ICAM3;FYN;PRKACA;RPS6KA5
REACTOME_FCERI_MEDIATED_MAPK_ACTIVATION,0.0712788259958071,0.438197346390331,0.245041785430996,0.412212320164464,1.41832805962532,26,GRAP2;PLCG1;LAT;JUN;FOS;HRAS;MAP2K7;LCP2;VAV2;SHC1
REACTOME_SIGNALING_BY_FGFR2_IN_DISEASE,0.0711538461538462,0.438197346390331,0.234392647294686,-0.406196240925468,-1.40006477214402,27,KRAS;FGF4;GAB1;PIK3R1;POLR2A;POLR2B;FRS2;POLR2D
REACTOME_INTERACTIONS_OF_REV_WITH_HOST_CELLULAR_PROTEINS,0.0719844357976654,0.43958495460441,0.234392647294686,-0.394576375671338,-1.40580202473711,30,KPNB1;NUP88;NUP155;NUP160;RAE1;NUP205;NUP133;NUP43;TPR;NUP54;AAAS;NPM1;NUP50
REACTOME_SIGNALING_BY_FGFR1_IN_DISEASE,0.0734463276836158,0.44554196131253,0.227987202850442,-0.416280056308692,-1.40719992792627,25,KRAS;FGF4;GAB1;CEP43;PIK3R1;CPSF6
REACTOME_DEVELOPMENTAL_CELL_LINEAGES_OF_THE_EXOCRINE_PANCREAS,0.0746561886051081,0.446961233740386,0.231126709673834,0.351525082152613,1.35650772906889,41,LAMA5;COL11A2;COL5A1;PDX1;COL3A1;COL1A1;COL1A2;KRT17;COL5A3;HHEX;AQP1;LAMA3;SOX9;CA2;ANXA2;CLDN10;FOXA2;TFPI2;CD74;ONECUT1;LAMA2
REACTOME_RAB_REGULATION_OF_TRAFFICKING,0.0744466800804829,0.446961233740386,0.234392647294686,0.305843965208459,1.30768636633986,74,GGA3;RAB6A;DENND6B;RIN1;TRAPPC2;DENND2A;TBC1D2;ULK1;MADD;RAB32;TBC1D10B;TBC1D17;SBF1;HPS1;DENND2B;ARF6;RAB1A;DENND1B;TSC2;GABARAPL2;RAB4A;RAB3IL1;TRAPPC6A;MAP1LC3B;RABGEF1
REACTOME_NONSENSE_MEDIATED_DECAY_NMD,0.0757894736842105,0.4507997265892,0.237793834423688,-0.282907722674832,-1.27552735058303,94,SMG8;RPS3;RPL36AL;RPS23;UPF3B;RPL5;DCP1A;RPL10;RPS21;RPL35A;RPL7;RPS13;RPL19;RPL10A;UPF2;RPL38;SMG7;RPS15A;RPL37A;RPS3A;RPL30;RPL4;RPL7A;RPS24;RPL24;RPS6;ETF1;RPS29;UBA52;RPL31;RPS27A;RPS4X;RPL27;RPL22;RPS8;UPF3A;RPS27;RPL36;RBM8A;RPL27A;RPL41;RPS17;RPL15;GSPT1;RPL14
REACTOME_PLATELET_HOMEOSTASIS,0.0766283524904215,0.452848844395007,0.224966093540314,0.332136355760396,1.34793870134255,55,GNB5;NOS3;P2RX4;ATP2A3;ATP2A1;PPP2R5B;GNG11;SRI;ATP2A2;FGR;ORAI2;P2RX1;GNG5;GNB2;GUCY1A2;PDE9A;GNG12;KCNMB1;PTGIR;PTPN11
REACTOME_SIGNALING_BY_TYPE_1_INSULIN_LIKE_GROWTH_FACTOR_1_RECEPTOR_IGF1R,0.0778210116731518,0.456949017260301,0.224966093540314,-0.386584801458276,-1.37732953651364,30,KRAS;FGF4;GAB1;PDE3B;IGF1;PIK3R1;PIK3C3
REACTOME_METABOLISM_OF_AMINO_ACIDS_AND_DERIVATIVES,0.0788912579957356,0.45736957167148,0.234392647294686,-0.229941970489908,-1.19760298615757,250,NQO1;SLC25A15;TDO2;RPS3;RPL36AL;TAT;PAPSS1;AIMP1;KYNU;SDS;RPS23;DIO1;GLUL;PSMA4;RPL5;RPL10;TXN2;RPS21;PSMB5;RPL35A;PIPOX;DARS1;KMO;RPL7;RPS13;PSMB1;RPL19;RPL10A;ASRGL1;RPL38;MCCC2;PSMA3;MTRR;BBOX1;EPRS1;ARG1;ACAD8;PSMA2;RPS15A;GRHPR;RPL37A;BCKDHB;SERINC5;OGDH;ALDH9A1;AUH;ARG2;RPS3A;HAO1;RPL30;PSMB6;PRODH;PAPSS2;RPL4;OCA2;SIRT5;SECISBP2;ALDH6A1;RPL7A;DAO;RPS24;GNMT;ACADSB;SEPHS2;RPL24;ALDH7A1;RPS6;PSMD13;SRR;RPS29;UBA52;PYCR1;HAL;PSMC1;RPL31;RPS27A;PSMB4;DLD;SERINC1;GLS2
REACTOME_NCAM_SIGNALING_FOR_NEURITE_OUT_GROWTH,0.0783938814531549,0.45736957167148,0.222056046145248,0.34054571368017,1.33612503438235,44,COL5A1;COL4A2;SPTBN4;COL3A1;PSPN;COL4A1;FGFR1;SPTBN2;COL5A3;HRAS;COL6A3;COL6A2
REACTOME_DOWNSTREAM_SIGNALING_OF_ACTIVATED_FGFR2,0.0801603206412826,0.458560462787852,0.224966093540314,-0.469707452673907,-1.39248677321724,16,KRAS;FGF4;GAB1;PIK3R1
REACTOME_DOWNSTREAM_SIGNALING_OF_ACTIVATED_FGFR3,0.0891089108910891,0.458560462787852,0.211400189384923,-0.477543321165338,-1.38922459412815,15,KRAS;FGF4;GAB1;PIK3R1
REACTOME_DOWNSTREAM_SIGNALING_OF_ACTIVATED_FGFR4,0.0841683366733467,0.458560462787852,0.219250346703755,-0.465223793040097,-1.37919459166861,16,KRAS;FGF4;GAB1;PIK3R1
REACTOME_ELASTIC_FIBRE_FORMATION,0.0819672131147541,0.458560462787852,0.224966093540314,0.386159216118052,1.3672759371657,30,LTBP4;ITGAV;LOXL1;EFEMP2;MFAP2;FBLN5;EMILIN1;TGFB1;LTBP1;ITGB5;EFEMP1;LTBP2;MFAP4;ELN;LOXL2;ITGB1
REACTOME_EUKARYOTIC_TRANSLATION_ELONGATION,0.0826612903225806,0.458560462787852,0.222056046145248,-0.293802712313716,-1.28121916184761,75,RPS3;RPL36AL;RPS23;RPL5;RPL10;RPS21;RPL35A;RPL7;RPS13;RPL19;RPL10A;RPL38;EEF1G;RPS15A;RPL37A;RPS3A;RPL30;RPL4;RPL7A;RPS24;RPL24;RPS6;RPS29;UBA52;RPL31;RPS27A;RPS4X;RPL27;RPL22;RPS8;RPS27;RPL36;RPL27A;RPL41;RPS17
REACTOME_EXPORT_OF_VIRAL_RIBONUCLEOPROTEINS_FROM_NUCLEUS,0.0819047619047619,0.458560462787852,0.216542836735348,-0.402661637732605,-1.37710942985972,26,NUP88;NUP155;NUP160;RAE1;NUP205;NUP133;NUP43;TPR;NUP54;AAAS;NUP50;NUP98;NUP153;NUP93
REACTOME_FORMATION_OF_THE_BETA_CATENIN_TCF_TRANSACTIVATING_COMPLEX,0.0814663951120163,0.458560462787852,0.224966093540314,0.369894039563398,1.3583383968341,33,TCF7L2;H2AC6;TCF7;MEN1;H2AX;TLE2;H2AZ2;SMARCA4;RUNX3;HDAC1;H2BC5;CREBBP;CTNNB1;TERT
REACTOME_GLUCOSE_METABOLISM,0.0882352941176471,0.458560462787852,0.219250346703755,-0.305960784981605,-1.28658498464221,65,PFKFB1;SLC37A4;NUP88;NUP155;PFKM;PFKFB3;NUP160;RAE1;NUP205;GCK;NUP133;NUP43;TPR;NUP54;PRKACA;ALDOB;ALDOC;GNPDA1
REACTOME_GPVI_MEDIATED_ACTIVATION_CASCADE,0.0838574423480084,0.458560462787852,0.224966093540314,0.404787908185745,1.39278236067233,26,LAT;RHOG;PIK3R5;PIK3R2;COL1A1;RHOA;COL1A2;PRKCZ;LCP2;VAV2
REACTOME_HIV_INFECTION,0.0845665961945032,0.458560462787852,0.224966093540314,-0.244119296466956,-1.21308929516195,176,RNGTT;TAF15;KPNB1;TAF9B;CD4;PSMA4;NUP88;GTF2E1;PSMB5;ELOA;NUP155;FYN;BTRC;POLR2A;GTF2A2;NUP160;CXCR4;PSMB1;CCNT1;RAE1;POLR2B;ATP6V1H;SLC25A4;NMT2;NUP205;GTF2B;NUP133;AP2B1;PSMA3;CCR5;POLR2D;PSMA2;MNAT1;NUP43;TPR;KPNA1;RBX1;CHMP2B;NUP54;TAF5
REACTOME_HIV_LIFE_CYCLE,0.0852878464818763,0.458560462787852,0.224966093540314,-0.272185955829939,-1.26750152203267,114,RNGTT;TAF15;TAF9B;CD4;NUP88;GTF2E1;ELOA;NUP155;POLR2A;GTF2A2;NUP160;CXCR4;CCNT1;RAE1;POLR2B;NMT2;NUP205;GTF2B;NUP133;CCR5;POLR2D;MNAT1;NUP43;TPR;KPNA1;CHMP2B;NUP54;TAF5
REACTOME_ION_HOMEOSTASIS,0.083011583011583,0.458560462787852,0.216542836735348,-0.392599534726261,-1.39031799895106,29,ASPH;CAMK2G;ATP1B1;CAMK2A;FXYD7;ATP1A1;SLC8A1;ATP1A2;FXYD3;PRKACA;FKBP1B;STIM1;ITPR3
REACTOME_MUSCLE_CONTRACTION,0.0886319845857418,0.458560462787852,0.208955027549354,0.278563167974475,1.25843241163158,103,SORBS3;KCNIP2;KCNQ1;TPM2;NKX2-5;MYL3;ATP2A3;CALD1;VIM;ATP2A1;NPR2;KCNK7;SRI;LMOD1;ACTN3;ACTA2;ATP1B3;MYL9;SORBS1;ATP2A2;KCND1;TPM4;TNNI2;ORAI2;KCNK5;TNNC2;KAT2B;ACTG2;ANXA2;CACNA1C;ITGB5;GUCY1A2;TNNT3;HIPK2;CACNA1H;DMPK
REACTOME_NCAM1_INTERACTIONS,0.0871369294605809,0.458560462787852,0.219250346703755,0.404313271398572,1.40132783802754,27,COL5A1;COL4A2;COL3A1;PSPN;COL4A1;COL5A3;COL6A3;COL6A2;AGRN
REACTOME_PLATELET_CALCIUM_HOMEOSTASIS,0.0869565217391304,0.458560462787852,0.213927855492356,0.461495485295546,1.4029534373738,17,P2RX4;ATP2A3;ATP2A1;SRI;ATP2A2;ORAI2;P2RX1
REACTOME_REGULATION_OF_MECP2_EXPRESSION_AND_ACTIVITY,0.0887096774193548,0.458560462787852,0.213927855492356,-0.457361221662871,-1.37794318509136,17,CAMK2G;CAMK2A;AGO3;TBL1X
REACTOME_RNA_POLYMERASE_I_PROMOTER_ESCAPE,0.0814663951120163,0.458560462787852,0.224966093540314,0.369822423675631,1.35807540635637,33,H2AC6;POLR1E;POLR1C;H2AX;CBX3;UBTF;H2AZ2;CCNH
REACTOME_SIGNALING_BY_KIT_IN_DISEASE,0.0861723446893788,0.458560462787852,0.216542836735348,-0.461312012777273,-1.36759779403487,16,KRAS;LYN;PIK3R1;FYN;KIT
REACTOME_SIGNALING_BY_PTK6,0.0862745098039216,0.458560462787852,0.213927855492356,0.351137577739129,1.34969877568985,40,CCND1;CRK;RHOA;HRAS;CDKN1B;HBEGF;CDK2;KHDRBS1;GPNMB;DOK1;ARAP1;EPAS1;STAT3
REACTOME_SUMOYLATION_OF_DNA_REPLICATION_PROTEINS,0.0885826771653543,0.458560462787852,0.211400189384923,-0.364924307811036,-1.35242670689565,36,NUP88;NUP155;NUP160;RAE1;NUP205;NUP133;TOP1;INCENP;NUP43;TPR;NUP54;CDCA8;AAAS;NUP50;TOP2B
REACTOME_DENGUE_VIRUS_ATTACHMENT_AND_ENTRY,0.0903490759753593,0.462344992142062,0.213927855492356,0.374307881261096,1.35244179051928,32,SDC2;GAS6;HSPA5;CLDN1;UBA7;SDC1;AGRN;HSPG2;AP2M1;AP2A2;PROS1;GPC1;AP2S1
REACTOME_RESPONSE_TO_ELEVATED_PLATELET_CYTOSOLIC_CA2,0.0914285714285714,0.465269841269841,0.204294756516886,0.276898191855022,1.2557606189753,105,ANXA5;GAS6;CFD;HSPA5;PF4;VTI1B;TOR4A;MAGED2;SERPINE1;VEGFB;VEGFA;ACTN1;CYRIB;VEGFC;WDR1;CTSW;CD9;THBS1;FLNA;PDGFA;PFN1;SPARC;APOA1;CDC37L1;LGALS3BP;MANF;TGFB1;QSOX1;CLU
REACTOME_REGULATION_OF_T_CELL_ACTIVATION_BY_CD28_FAMILY,0.0919540229885057,0.465358480980504,0.204294756516886,0.251356842939312,1.21552368676353,159,GRAP2;TEAD3;CCND1;TNFRSF14;PRKAG2;ATF3;TRIB3;TCF7L2;PIK3R5;H2AC6;JUN;TCF7;PIK3R2;RBBP4;CD247;PPP2R5B;HLA-DQB1;CD28;PSMD7;CUL3;H2AX;PSMC3;JUND;FOS
REACTOME_GLUCAGON_SIGNALING_IN_METABOLIC_REGULATION,0.0955284552845528,0.48079156615742,0.206587922696891,0.456644679610776,1.38854945311854,18,GCGR;GNG11;PRKAR1B;ADCY9;GNG5;ADCY3;GNB2;GNG12
REACTOME_B_WICH_COMPLEX_POSITIVELY_REGULATES_RRNA_EXPRESSION,0.0963114754098361,0.482083669264535,0.206587922696891,0.363346033605473,1.33825063949712,35,H2AC6;POLR1E;POLR1C;MYO1C;H2AX;H2AZ2;KAT2A;KAT2B;SF3B1
REACTOME_THROMBIN_SIGNALLING_THROUGH_PROTEINASE_ACTIVATED_RECEPTORS_PARS,0.0968379446640316,0.482084550610071,0.20207170902116,0.454578808095716,1.38192663134451,17,GNB5;GNA11;GNG11;GNG5;GNB2;GNG12;GNA14;MAPK3;GNA12;GNAQ
REACTOME_CELLULAR_SENESCENCE,0.0978886756238004,0.48379217006668,0.197822021315103,0.274494139810401,1.24228266849622,104,CDKN1A;H1-2;CBX4;PHC2;EHMT2;ID1;ETS2;H2AC6;JUN;SCMH1;EP400;RBBP4;HIRA;RPS6KA3;H2AX;CDKN2D;FZR1;FOS;TERF2;CDKN1B;MAP2K7;H2AZ2;RELA;CDK2;MAPK7;IGFBP7;CABIN1;RBBP7;STAT3;ACD
REACTOME_CELL_CYCLE,0.0987654320987654,0.48379217006668,0.204294756516886,-0.210869558548839,-1.15648903400514,406,ANAPC15;VRK2;TFDP2;KPNB1;WEE1;POT1;CEP43;MYBL2;E2F3;STAG1;RFC4;TNPO1;LYN;PPP2R5A;GINS3;NBN;CETN2;H4C3;NEK11;PSMA4;NUP88;TUBGCP4;ORC3;PSMB5;NIPBL;NUP155;BTRC;RAD17;SFN;ANKRD28;CCP110;POLR2A;PPP1CB;NUP160;PSMB1;PHLDA1;YWHAE;SET;RAE1;POLD3;POLR2B;CDK6;TUBB2A;NUP205;STAG3;CDC16;POLA1;NUP133;ENSA;HUS1;ATM;CEP72;PSMA3;CHEK2;CEP63;UBE2C;E2F6;DYNC1I1;CDC27;CEP70;ZW10;POLR2D;INCENP;PSMA2;MNAT1;NUP43;MIS18A;TPR;OFD1;RBL2;RFC1;PTTG1;RBX1;MAPK11;CHMP2B;PRKCA;NUP54;PRKACA;CCNA2;GSK3B;CDCA8;ITGB3BP;ESPL1;WRAP53;NUDC;MCM4;MZT2A;PSMB6;NCAPD3;SMC4;AAAS;FBXL18;CKAP5;KAT5;CEP57;SHQ1;PSMD13;TOPBP1;NPM1;LIG1;HERC2;DYNC1LI2;BABAM2;NUP50;STN1;ARPP19;TERF2IP;EMD;PPME1;UBE2N;UBA52;DYRK1A;CEP41;PSMC1;PDS5B;RPS27A;PSMB4;POLE2;GOLGA2;CEP164;PPP6R3
REACTOME_TRANSCRIPTION_OF_THE_HIV_GENOME,0.0985324947589099,0.48379217006668,0.206587922696891,-0.319127987062447,-1.28558020900823,52,RNGTT;TAF15;TAF9B;GTF2E1;ELOA;POLR2A;GTF2A2;CCNT1;POLR2B;GTF2B;POLR2D;MNAT1
REACTOME_REGULATION_OF_EXPRESSION_OF_SLITS_AND_ROBOS,0.0993657505285412,0.484143763213531,0.206587922696891,-0.259716425866016,-1.2250188674034,128,USP33;RPS3;RPL36AL;RPS23;UPF3B;PSMA4;RPL5;RPL10;RPS21;PSMB5;RPL35A;RPL7;RPS13;PSMB1;RPL19;RPL10A;UPF2;RPL38;PSMA3;PSMA2;RPS15A;RPL37A;RBX1;RPS3A;RPL30;DAG1;PSMB6;RPL4;RPL7A;RPS24;RPL24;RPS6;PSMD13;ETF1;RPS29;UBA52;PSMC1;RPL31;RPS27A;CUL2;PSMB4;RPS4X;RPL27;PSMC4;RPL22;ROBO3;PSMD14;RPS8;UPF3A;RPS27;RPL36;RBM8A;RPL27A;SLIT2;PSMC2;RPL41;RPS17;PSMB2
REACTOME_G2_M_DNA_DAMAGE_CHECKPOINT,0.1,0.484656084656085,0.204294756516886,-0.344019528114873,-1.3205451653885,43,WEE1;RFC4;NBN;H4C3;RAD17;SFN;YWHAE;HUS1;ATM;CHEK2;CCNA2;KAT5;TOPBP1;HERC2;BABAM2;UBE2N
REACTOME_FORMATION_OF_THE_POLYBROMO_BAF_PBAF_COMPLEX,0.10261569416499,0.488446498400284,0.197822021315103,0.465333826611734,1.37031838409617,15,SMARCC2;BCL7B;BCL7C;SMARCA4;SMARCD3;PHF10;SMARCE1
REACTOME_ION_CHANNEL_TRANSPORT,0.103238866396761,0.488446498400284,0.197822021315103,-0.275176225677364,-1.22656022394104,84,WNK1;ASPH;CAMK2G;ATP6V1D;ATP1B1;CAMK2A;FXYD7;ATP7B;ATP9B;ATP1A1;ATP10A;ASIC1;ATP6V1C1;ATP6V1H;CLCN3;ATP6V0E1;SLC17A3;ATP6AP1;MCOLN3;ATP1A2;FXYD3;WWP1;ATP10B;FKBP1B;ATP7A;ATP6V0A1;ATP6V1B2;TRPM3;CLCN4;UBA52;ATP8B2;RPS27A;TSC22D3;ATP2C1;ATP11A;ATP11B;ATP6V1A
REACTOME_IRS_MEDIATED_SIGNALLING,0.102857142857143,0.488446498400284,0.191892240384838,-0.388133282038614,-1.32742221421332,26,KRAS;FGF4;GAB1;PDE3B;PIK3R1;PIK3C3
REACTOME_RIBOSOME_QUALITY_CONTROL_RQC_COMPLEX_EXTRACTS_AND_DEGRADES_NASCENT_PEPTIDE,0.103448275862069,0.488446498400284,0.197822021315103,-0.272894020574513,-1.21762993195071,85,RPL36AL;PSMA4;RPL5;RPL10;KLHDC10;PSMB5;RPL35A;RPL7;PSMB1;RPL19;RPL10A;RPL38;PSMA3;PSMA2;RPL37A;RBX1;RPL30;PSMB6;RPL4;RPL7A;RPL24;UFD1;PSMD13;UBA52;PSMC1;RPL31;RPS27A;CUL2;PSMB4;RPL27;PSMC4;RPL22;PSMD14;RPL36;RPL27A;PSMC2;RPL41;PSMB2
REACTOME_SPHINGOLIPID_METABOLISM,0.103305785123967,0.488446498400284,0.199915231309662,-0.310182361978564,-1.27509063353032,57,GBA3;CERT1;PLPP3;STS;NEU3;SGPL1;ARSL;GALC;GLB1;KDSR;ORMDL2;SMPD2
REACTOME_AMINO_ACIDS_REGULATE_MTORC1,0.110894941634241,0.489628268127087,0.186432558434075,-0.34903218672072,-1.28097323221851,35,ATP6V1D;MIOS;LAMTOR3;LAMTOR5;MTOR;ATP6V1C1;ATP6V1H;RRAGD;ATP6V0E1
REACTOME_CELL_CYCLE_MITOTIC,0.106609808102345,0.489628268127087,0.199915231309662,-0.219288221127214,-1.17018591715072,323,ANAPC15;VRK2;TFDP2;KPNB1;WEE1;CEP43;MYBL2;E2F3;STAG1;RFC4;TNPO1;LYN;PPP2R5A;GINS3;CETN2;H4C3;PSMA4;NUP88;TUBGCP4;ORC3;PSMB5;NIPBL;NUP155;BTRC;CCP110;PPP1CB;NUP160;PSMB1;PHLDA1;YWHAE;SET;RAE1;POLD3;CDK6;TUBB2A;NUP205;CDC16;POLA1;NUP133;ENSA;CEP72;PSMA3;CEP63;UBE2C;E2F6;DYNC1I1;CDC27;CEP70;ZW10;INCENP;PSMA2;MNAT1;NUP43;TPR;OFD1;RBL2;RFC1;PTTG1;RBX1;CHMP2B;PRKCA;NUP54;PRKACA;CCNA2;GSK3B;CDCA8;ITGB3BP;ESPL1;NUDC;MCM4;MZT2A;PSMB6;NCAPD3
REACTOME_CLASS_A_1_RHODOPSIN_LIKE_RECEPTORS,0.110694183864916,0.489628268127087,0.183023938384487,0.265542089123418,1.23375419761288,118,OPRD1;CXCR3;EDN3;S1PR2;NPFF;CX3CL1;PF4;GPR132;AGTR1;FPR1;PLPPR3;HTR7;SSTR3;KISS1;GALR3;ADRA2B;CXCR6;P2RY2;MCHR1;LPAR2;CXCL12;ADORA1;CCL4;SSTR2;EDN2;POMC
REACTOME_EFFECTS_OF_PIP2_HYDROLYSIS,0.113320079522863,0.489628268127087,0.186432558434075,0.455340793255381,1.36951279407799,16,DGKQ;ABHD6;DAGLA;RASGRP2;PRKCD;DGKZ;DGKD;MGLL
REACTOME_GLYCOSPHINGOLIPID_METABOLISM,0.111753371868979,0.489628268127087,0.184706471207739,-0.361811543441456,-1.29776237412822,31,GBA3;STS;NEU3;ARSL;GALC;GLB1
REACTOME_G_ALPHA_Z_SIGNALLING_EVENTS,0.113207547169811,0.489628268127087,0.191892240384838,0.387764303443515,1.33420804083579,26,GNB5;GNG11;ADRA2B;ADCY9;GNG5;ADCY3;GNB2;GNG12;PRKCD;ADRA2C
REACTOME_METABOLISM_OF_FAT_SOLUBLE_VITAMINS,0.112704918032787,0.489628268127087,0.190023305279108,0.369121874804632,1.30695173450832,30,RBP1;SDC2;APOC3;LDLR;APOA1;SDC1;AGRN;LRP10;HSPG2;APOA4;GPC1
REACTOME_MTOR_SIGNALLING,0.11284046692607,0.489628268127087,0.184706471207739,-0.370432717514187,-1.31978267432837,30,LAMTOR3;RPS6KB1;EIF4E;LAMTOR5;MTOR;CAB39;RRAGD;PRKAB2;TSC1
REACTOME_M_PHASE,0.108932461873638,0.489628268127087,0.199915231309662,-0.227565151199455,-1.16305674249646,230,ANAPC15;VRK2;KPNB1;CEP43;STAG1;TNPO1;PPP2R5A;CETN2;H4C3;PSMA4;NUP88;TUBGCP4;PSMB5;NIPBL;NUP155;CCP110;NUP160;PSMB1;YWHAE;SET;RAE1;TUBB2A;NUP205;CDC16;NUP133;ENSA;CEP72;PSMA3;CEP63;UBE2C;DYNC1I1;CDC27;CEP70;ZW10;INCENP;PSMA2;NUP43;TPR;OFD1;PTTG1;CHMP2B;PRKCA;NUP54;PRKACA;CDCA8;ITGB3BP;ESPL1;NUDC;MZT2A;PSMB6;NCAPD3;SMC4;AAAS;CKAP5;CEP57;PSMD13;DYNC1LI2;NUP50;ARPP19;EMD;UBA52;CEP41;PSMC1;PDS5B;RPS27A;PSMB4;GOLGA2;CEP164
REACTOME_NOTCH_HLH_TRANSCRIPTION_PATHWAY,0.107942973523422,0.489628268127087,0.193813302725311,0.434168193878684,1.37868834276768,20,HDAC5;NOTCH1;NCOR2;KAT2A;MAMLD1;MAML3;KAT2B;HDAC1;HDAC6;CREBBP
REACTOME_REGULATION_OF_MITF_M_DEPENDENT_GENES_INVOLVED_IN_PIGMENTATION,0.109504132231405,0.489628268127087,0.193813302725311,0.380700771818577,1.33434026429549,29,SMARCC2;DPF2;BCL7B;BCL7C;SMARCA4;SMARCD3;SS18L1;DPF3;CREB1;ARID1A;CTNNB1;SMARCE1;IRF4
REACTOME_RESPIRATORY_SYNCYTIAL_VIRUS_INFECTION_PATHWAY,0.109533468559838,0.489628268127087,0.191892240384838,-0.281615963161369,-1.23869948367908,80,TLR2;MED27;EIF2AK2;MED13L;KPNB1;HERC5;ARIH1;MED8;CDK19;MED1;PPP1CB;EGFR;IGF1R;MED7;MED13
REACTOME_RHO_GTPASE_CYCLE,0.107344632768362,0.489628268127087,0.186432558434075,0.223162408024484,1.16969601877386,287,RND3;NISCH;STIP1;TRIP10;EPHA2;ZAP70;RHOF;YKT6;RHOG;ABR;ARHGEF16;ARHGAP4;PKN1;RALBP1;PIK3R2;ARHGEF7;VIM;RHOD;ADD3;ABCD3;ARHGEF40;MAP3K11;DEF6;RRAS2;MCF2L;PLXNB1;ACTN1;CUL3;RAPGEF1;CDC42EP1;TXNL1;RHOA;C1QBP;ANKLE2;PLXND1;ARHGAP1;AKAP12;PARD6A;SPEN;STEAP3;GMIP;HSP90AB1;STK10;HMOX2;FERMT2;DSP;TPM4;ARAP3;DBN1;NCK2;VAV2;LETM1;ARAP1;SCRIB;ACTG1;HSP90AA1;CCT6A;EFHD2;GRB7;OBSCN;CDC42EP4;HGS;ARHGEF10L;DLC1;FARP1;FNBP1;MYO9B;TNFAIP1;STX5;FLOT1;DOCK9;PICALM;PLEKHG6
REACTOME_SARS_COV_2_MODULATES_HOST_TRANSLATION_MACHINERY,0.111561866125761,0.489628268127087,0.190023305279108,-0.340494963989574,-1.29536548150797,41,SNRPD3;RPS3;GEMIN2;RPS23;RPS21;RPS13;SNRPE;GEMIN7;RPS15A;RPS3A;SNRPF;RPS24;RPS6;RPS29;RPS27A;RPS4X;GEMIN6;RPS8;RPS27;RPS17
REACTOME_SIGNALING_BY_INSULIN_RECEPTOR,0.104938271604938,0.489628268127087,0.197822021315103,-0.320186919095478,-1.28454574477921,51,KRAS;FGF4;GAB1;ATP6V1D;PDE3B;PIK3R1;PIK3C3;ATP6V1C1;ATP6V1H;ATP6V0E1;FRS2;IDE;ATP6AP1;SOS1;ATP6V0A1;PDPK1;ATP6V1B2
REACTOME_TP53_REGULATES_METABOLIC_GENES,0.107216494845361,0.489628268127087,0.195789002148949,-0.308874342870133,-1.26696158118085,56,AGO3;COX7A2;LAMTOR3;LAMTOR5;MTOR;SFN;COX6C;YWHAE;RRAGD;PRKAB2;COX6A2;PRDX1;TSC1
REACTOME_TRANSPORT_OF_THE_SLBP_DEPENDANT_MATURE_MRNA,0.104961832061069,0.489628268127087,0.190023305279108,-0.382143496803164,-1.33783239631013,28,EIF4E;NUP88;NUP155;NUP160;RAE1;NUP205;NUP133;NUP43;TPR;NUP54
REACTOME_VASOPRESSIN_REGULATES_RENAL_WATER_HOMEOSTASIS_VIA_AQUAPORINS,0.110403397027601,0.489628268127087,0.195789002148949,0.397474563709666,1.3477121275011,25,GNB5;GNG11;AQP3;PRKAR1B;AQP1;ADCY9;GNG5;ADCY3;GNB2;GNG12
REACTOME_INTERFERON_SIGNALING,0.115631691648822,0.497270561269114,0.191892240384838,-0.231567731917824,-1.16042836100262,198,IRF6;DUS2;TRIM2;EIF2AK2;CAMK2G;KPNB1;CAMK2A;PIAS1;MAP2K6;IFIT5;IFIT1;HERC5;ARIH1;PPP2R5A;IFIT3;EIF4E;VCAM1;NUP88;NCK1;OASL;NUP155;SFN;NCAM1;NUP160;GBP2;RAE1;NEDD4;TUBB2A;NUP205;NUP133;ABCE1;KPNA4;EIF4G3;NUP43;DHX9;TPR;IFITM2;KPNA1;RNASEL;IRF2;NUP54;SP100;FANCL;TRIM62;HSPA1L;IRF5;AAAS;FURIN;TRIM21;SAMHD1;OAS2;SNCA;NPM1;TRIM14;NUP50;EIF2S3;UBE2N;UBA52
REACTOME_DOWNSTREAM_SIGNALING_OF_ACTIVATED_FGFR1,0.116935483870968,0.50052758516732,0.184706471207739,-0.43801757753039,-1.31966443004021,17,KRAS;FGF4;GAB1;PIK3R1
REACTOME_AEROBIC_RESPIRATION_AND_RESPIRATORY_ELECTRON_TRANSPORT,0.118143459915612,0.501018483591098,0.188204146308491,-0.235961965114326,-1.17269235661997,175,PDPR;MKLN1;COX7A2;NDUFB5;NEK1;HCCS;NDUFB1;ATP5MC1;DLAT;SDHC;COA1;ATP5PF;NDUFA6;ATP5F1C;COX6C;IDH3A;ATP5ME;SLC25A4;COX6A2;LDHA;NDUFS1;NDUFS5;SLC25A14;HIGD1A;ISCA1;NDUFB3;OGDH;NDUFB4;TMEM126B;UQCC1;ATP5MC2;NDUFA9;FH;COX7B;COX4I1;UQCR10;MDH1;ARMC8;ATP5MJ;UQCRC2;LDHB;SIRT3;PDHB;LYRM4;NDUFA1;COX11;SLC25A11;ATP5MG;COX7C;ME1;PDK1;UBA52;UCP2;SUCLA2;NDUFA7;RPS27A;DLD;COX17;COX6B1;NDUFAB1;PDHA1;COX15;COA3
REACTOME_FCERI_MEDIATED_CA_2_MOBILIZATION,0.118895966029724,0.501018483591098,0.188204146308491,0.39180392906703,1.32848477617783,25,GRAP2;PLCG1;LAT;LCP2;VAV2;SHC1;NFATC3;BTK
REACTOME_INSULIN_RECEPTOR_SIGNALLING_CASCADE,0.119460500963391,0.501018483591098,0.178219874951973,-0.357910345951035,-1.28376937857878,31,KRAS;FGF4;GAB1;PDE3B;PIK3R1;PIK3C3
REACTOME_PHASE_II_CONJUGATION_OF_COMPOUNDS,0.119496855345912,0.501018483591098,0.186432558434075,-0.31088253596482,-1.25236410394948,52,TPST1;ABHD10;SULT1A2;UGT2B4;TPMT;SULT1A1;COMT;ESD;MTRR;AKR1A1;GSS;GSTA4;BPNT2;GGCT;GSTM3;SLC35D1;SULT1B1;CNDP2;MGST3
REACTOME_REGULATION_OF_ENDOGENOUS_RETROELEMENTS_BY_KRAB_ZFP_PROTEINS,0.120162932790224,0.501018483591098,0.183023938384487,0.355935035493011,1.30707763244668,33,ZNF324;GATAD2A;H2AC6;RBBP4;ZNF331;H2AX;TRIM28;H2AZ2;RBBP7;HDAC1
REACTOME_RHOF_GTPASE_CYCLE,0.120331950207469,0.501018483591098,0.184706471207739,0.379143877593588,1.31409208619779,27,RHOF;PIK3R2;ADD3;ACTN1;ARHGAP1;AKAP12;STEAP3;FARP1;MYO9B;BASP1;CAPZB;MTMR1;SYDE1
REACTOME_COMMON_PATHWAY_OF_FIBRIN_CLOT_FORMATION,0.120967741935484,0.501386658881915,0.181383128498408,-0.433921083950286,-1.30732246674268,17,SERPINC1;CD177;F5;SERPIND1;FGB;SERPINE2;THBD;PROC
REACTOME_ESTROGEN_DEPENDENT_NUCLEAR_EVENTS_DOWNSTREAM_OF_ESR_MEMBRANE_SIGNALING,0.121951219512195,0.503186112942211,0.181383128498408,0.442727468346557,1.3462304752508,18,CCND1;FOS;CDKN1B;XPO1;HBEGF;BCL2;PTK2;CREB1;MAPK3
REACTOME_CYTOCHROME_P450_ARRANGED_BY_SUBSTRATE_TYPE,0.132411067193676,0.530486645345319,0.170932335370056,-0.335629310366877,-1.25152032768338,37,CYP3A5;CYP2C19;CYP26A1;CYP2B6;NCOA2;CYP2C8;CYP46A1;ARNT;CYP39A1
REACTOME_HEDGEHOG_OFF_STATE,0.132673267326733,0.530486645345319,0.170932335370056,-0.27567982623233,-1.20388053787106,74,IFT88;WDR19;MKS1;TTC21B;PSMA4;PSMB5;BTRC;PSMB1;TUBB2A;PSMA3;PSMA2;OFD1;IFT52;RBX1;PRKACA;GSK3B;PSMB6;FUZ;IFT122;PSMD13;PRKAR2A;UBA52;PSMC1;RPS27A;PRKACG;PSMB4;TULP3
REACTOME_INTERLEUKIN_10_SIGNALING,0.132505175983437,0.530486645345319,0.175204047558551,0.360036210091715,1.28963110040265,31,TNFRSF1A;CSF3;FPR1;CSF1;IL10RB;CCL4;TYK2;IL10RA;STAT3;IL1R1;ICAM1;CCL2
REACTOME_ION_TRANSPORT_BY_P_TYPE_ATPASES,0.132038834951456,0.530486645345319,0.169570644405628,-0.347414535958101,-1.25424318266176,32,CAMK2G;ATP1B1;CAMK2A;FXYD7;ATP7B;ATP9B;ATP1A1;ATP10A;ATP1A2;FXYD3;ATP10B;ATP7A
REACTOME_LATE_ENDOSOMAL_MICROAUTOPHAGY,0.129511677282378,0.530486645345319,0.179782316298324,0.388271649991515,1.3165079208456,25,PLIN2;VIM;VPS37C;HBB;PARK7;TSG101;PCNT;PLIN3;HDAC6;MVB12B;VPS37B
REACTOME_REGULATION_OF_MITF_M_DEPENDENT_GENES_INVOLVED_IN_LYSOSOME_BIOGENESIS_AND_AUTOPHAGY,0.133064516129032,0.530486645345319,0.172324344900946,-0.428705442453558,-1.29160872164168,17,ATP6V1D;ATP6V1C1;ATP6V1H;MITF;ATP6V0E1;ATP6V0A1;ATP6V1B2
REACTOME_RRNA_PROCESSING,0.132780082987552,0.530486645345319,0.175204047558551,-0.241706194693575,-1.1727310011215,153,NOL9;MRM2;RPS3;RPL36AL;TFB1M;UTP25;RCL1;PNO1;UTP20;RPS23;NOL11;RPL5;RPL10;RPS21;RPL35A;BMS1;RPL7;RPS13;RPP38;RPL19;RPL10A;RPP30;RPL38;FBL;MPHOSPH6;UTP6;THUMPD1;FASTKD2;DIS3;MPHOSPH10;RPS15A;RPL37A;EMG1;ISG20L2;RPS3A;RPL30;RBM28;RPL4;LAS1L;RPL7A;PDCD11;RPS24;RPL24;RPS6;TEX10;GNL3;RPS29;UBA52;RPP40;RPL31;RPS27A
REACTOME_SIGNAL_AMPLIFICATION,0.133200795228628,0.530486645345319,0.170932335370056,0.441610023429755,1.32821523140127,16,GNB5;GNA11;GNG11;GNG5;GNB2;GNG12
REACTOME_INTERLEUKIN_1_SIGNALING,0.134146341463415,0.531939605110337,0.172324344900946,-0.27044420818522,-1.19532947963745,82,TRAF6;PELI2;MAP2K6;IL1R2;NOD1;PSMA4;PSMB5;BTRC;S100A12;PSMB1;NFKBIA;MAP2K4;PSMA3;HMGB1;IL1RN;PSMA2;RBX1;MAP2K1;PSMB6;CASP8;PSMD13;N4BP1;UBE2N;UBA52;PSMC1;RPS27A;PSMB4;NKIRAS2;ALPK1;IL1B;PSMC4
REACTOME_SARS_COV_2_INFECTION,0.13588110403397,0.536496083168607,0.175204047558551,-0.229014631831084,-1.1488826715151,199,SRPK2;TLR2;ACE2;ST6GALNAC2;TRAF6;SNRPD3;RPS3;NOD1;GEMIN2;G3BP1;RPS23;PIK3C3;EDEM2;NUP88;RPS21;SRPK1;VPS33B;NUP155;SFN;MAN2A1;NUP160;RPS13;MBL2;ATG14;YWHAE;RAE1;ST3GAL1;NUP205;TMEM258;VPS45;NUP133;SNRPE;GEMIN7;RPS15A;VPS11;NUP43;TPR
REACTOME_GAMMA_CARBOXYLATION_HYPUSINYLATION_HYDROXYLATION_AND_ARYLSULFATASE_ACTIVATION,0.1375,0.538247863247863,0.172324344900946,-0.323396200216749,-1.24138095020768,43,TPST1;ASPH;EIF5A;F7;ZC3H15;STS;DPH5;RPS23;ARSL
REACTOME_TRANSCRIPTIONAL_REGULATION_BY_MECP2,0.137065637065637,0.538247863247863,0.165656695205483,-0.361122845992053,-1.27884917888467,29,CAMK2G;CAMK2A;AGO3;PTPN4;SLC2A3;TBL1X;MET
REACTOME_HIV_TRANSCRIPTION_INITIATION,0.140077821011673,0.543691881553782,0.16440575583821,-0.335670445334691,-1.23193468018083,35,TAF15;TAF9B;GTF2E1;POLR2A;GTF2A2;POLR2B;GTF2B;POLR2D;MNAT1;TAF5
REACTOME_KIDNEY_DEVELOPMENT,0.139720558882236,0.543691881553782,0.166933848713193,0.411498650943438,1.34982128990685,22,FOXC2;WFDC2;MECOM;LFNG;SALL1;HNF4A
REACTOME_FGFR1_MUTANT_RECEPTOR_ACTIVATION,0.14368932038835,0.548645833333333,0.161978948883402,-0.406205346305458,-1.28301368678228,19,FGF4;CEP43;PIK3R1;CPSF6
REACTOME_HDMS_DEMETHYLATE_HISTONES,0.14368932038835,0.548645833333333,0.161978948883402,-0.38554756422806,-1.26821317482117,23,KDM2A;KDM5A;H4C3;KDM3B;UTY
REACTOME_INTERFERON_ALPHA_BETA_SIGNALING,0.14375,0.548645833333333,0.16823816568964,-0.298001063758503,-1.21540658220639,55,IRF6;EIF2AK2;KPNB1;IFIT5;IFIT1;IFIT3;OASL;GBP2;ABCE1;IFITM2;KPNA1;RNASEL;IRF2;IRF5;SAMHD1;OAS2;UBA52;IRF8;RPS27A;IFI35;MX2
REACTOME_MITOTIC_PROPHASE,0.142276422764228,0.548645833333333,0.166933848713193,-0.278779515431319,-1.1980354916981,69,VRK2;H4C3;NUP88;NUP155;NUP160;SET;RAE1;NUP205;NUP133;ENSA;NUP43;TPR;PRKCA;NUP54;NCAPD3;SMC4;AAAS;NUP50;ARPP19;EMD;GOLGA2;NUP98;LEMD3;PRKCB;H4C5;NUP153;NUP93
REACTOME_TURBULENT_OSCILLATORY_DISTURBED_FLOW_SHEAR_STRESS_ACTIVATES_SIGNALING_BY_PIEZO1_AND_INTEGRINS_IN_ENDOTHELIAL_CELLS,0.144654088050314,0.549805579477544,0.16823816568964,0.375542224687275,1.29215467076667,26,GNA11;ITGAV;CAPNS1;PIEZO1;RELA;CAPN2;IKBKG;ANXA2;ABL1;PTK2;VCL;ITGB1
REACTOME_DISEASES_OF_PROGRAMMED_CELL_DEATH,0.147058823529412,0.554565610452511,0.160801401070022,0.318366748647922,1.23540438773909,42,H2AC6;JUN;RBBP4;H2AX;C1QBP;CAPNS1;CDK5R1;DNMT1;TRAF2;H2AZ2;CAPN2;RBBP7
REACTOME_RAF_INDEPENDENT_MAPK1_3_ACTIVATION,0.147117296222664,0.554565610452511,0.161978948883402,0.433713025378606,1.3044637028186,16,DUSP8;DUSP6;DUSP9;TYK2;DUSP1;PTPN11;IL6ST;MAPK3;DUSP10;JAK1
REACTOME_AQUAPORIN_MEDIATED_TRANSPORT,0.152719665271967,0.555123862655243,0.163180127180689,0.36096807878382,1.25435331661189,28,GNB5;GNG11;AQP3;PRKAR1B;AQP1;ADCY9;GNG5;ADCY3;GNB2;GNG12
REACTOME_CDC42_GTPASE_CYCLE,0.15,0.555123862655243,0.157402899305283,0.265145565660005,1.18720879809964,91,YKT6;ABR;ARHGEF16;ARHGAP4;RALBP1;PIK3R2;ARHGEF7;MAP3K11;DEF6;MCF2L;CDC42EP1;ARHGAP1;PARD6A;STEAP3;GMIP;ARAP3;VAV2;ARAP1;SCRIB;CDC42EP4;DLC1;FARP1;FNBP1;MYO9B;DOCK9
REACTOME_CHAPERONE_MEDIATED_AUTOPHAGY,0.15071283095723,0.555123862655243,0.161978948883402,0.412226753979429,1.30901394505928,20,PLIN2;VIM;HSP90AB1;HBB;PARK7;PCNT;HSP90AA1;PLIN3;HDAC6;EEF1A1
REACTOME_METABOLISM_OF_STEROIDS,0.152360515021459,0.555123862655243,0.165656695205483,-0.255729504128176,-1.18307483395512,110,MBTPS2;SRD5A1;KPNB1;HSD17B12;STS;AKR1D1;ACACB;TBL1X;MED1;HSD11B1;NCOA2;NCOA6;DHCR24;EBP;INSIG2;ALB;ELOVL6;LDLRAP1;GC;NFYC;CYP46A1;CYP39A1;NFYB;SLC27A2;TGS1;SLC10A1;IDI1;SRD5A2;ACAT2
REACTOME_PEPTIDE_LIGAND_BINDING_RECEPTORS,0.151696606786427,0.555123862655243,0.159646701919906,0.277239952962287,1.2023428031373,78,OPRD1;CXCR3;EDN3;NPFF;CX3CL1;PF4;AGTR1;FPR1;SSTR3;KISS1;GALR3;CXCR6;MCHR1;CXCL12;CCL4;SSTR2;EDN2;POMC
REACTOME_PKR_MEDIATED_SIGNALING,0.152439024390244,0.555123862655243,0.160801401070022,-0.306160048267899,-1.22105919874962,49,DUS2;EIF2AK2;MAP2K6;HERC5;ARIH1;PPP2R5A;NCK1
REACTOME_RAF_ACTIVATION,0.152509652509653,0.555123862655243,0.156312403073186,-0.355365400405784,-1.25846025959532,29,KRAS;CAMK2G;CAMK2A;PPP2R5A;PPP1CB
REACTOME_RSV_HOST_INTERACTIONS,0.151767151767152,0.555123862655243,0.163180127180689,-0.295277258425669,-1.22013488173416,59,TLR2;MED27;EIF2AK2;MED13L;HERC5;ARIH1;MED8;CDK19;MED1;MED7;MED13
REACTOME_SIGNALING_BY_FGFR_IN_DISEASE,0.152083333333333,0.555123862655243,0.163180127180689,-0.320898191731342,-1.23179215434315,43,KRAS;FGF4;GAB1;CEP43;PIK3R1;CPSF6;POLR2A;POLR2B;FRS2;POLR2D
REACTOME_SUMOYLATION,0.154175588865096,0.558200946246752,0.16440575583821,-0.246676183104464,-1.15887897526577,126,EIF2AK2;AR;PHC3;PIAS1;SMC5;STAG1;PHC1;SENP2;CETN2;H4C3;XPC;NUP88;NUP155;SATB1;CBX5;NCOA2;NUP160;RAE1;NFKBIA;MITF;NUP205;PPARGC1A;NUP133;TOP1;NR2C1;INCENP;PIAS2;NUP43;TPR
REACTOME_NUCLEAR_ENVELOPE_NE_REASSEMBLY,0.159751037344398,0.569983774161534,0.158514105424824,-0.316781629965433,-1.23369755115938,46,VRK2;KPNB1;TNPO1;NUP155;NUP160;TUBB2A;NUP205;NUP133;NUP43;CHMP2B;NUP54
REACTOME_PARACETAMOL_ADME,0.159045725646123,0.569983774161534,0.155241966228839,0.428649259618775,1.28923358924867,16,GSTT1;GGT5;ABCC1;GSTP1;ABCC5;ABCC3
REACTOME_SIGNALING_BY_PDGFR_IN_DISEASE,0.158415841584158,0.569983774161534,0.155241966228839,-0.442487479340433,-1.28724340106658,15,KRAS;WDR48;PIK3R1
REACTOME_TRANSCRIPTIONAL_REGULATION_OF_GRANULOPOIESIS,0.159919028340081,0.569983774161534,0.156312403073186,0.331988626324424,1.23555141173899,36,CDKN1A;FLI1;H2AC6;H2AX;RARA;H2AZ2;CDK2;CEBPA;CBFB;STAT3;SPI1;E2F1;H2BC5;GFI1;CREB1;DEK;H3-3B;RXRA;TAL1;CEBPB;H2BC21;MYC
REACTOME_GLYCOSAMINOGLYCAN_METABOLISM,0.162324649298597,0.576315421540756,0.154190966581424,0.277482315293486,1.19756760199186,77,SDC2;HS3ST1;VCAN;IDUA;EXTL3;SGSH;XYLT2;DCN;CHST11;PRELP;CHST12;ST3GAL2;GLB1L;ABCC5;HS6ST1;HEXA;NDST1;HGSNAT;SDC1;AGRN;HYAL2;B3GNT3;ST3GAL4;SLC35D2;LUM;FMOD
REACTOME_ACTIVATED_TAK1_MEDIATES_P38_MAPK_ACTIVATION,0.166666666666667,0.58166386593667,0.150169802128406,-0.407452641821972,-1.26433744361898,18,TRAF6;MAP2K6;NOD1;MAPK11;MAPKAPK3;UBE2N;UBA52;RPS27A
REACTOME_CHONDROITIN_SULFATE_DERMATAN_SULFATE_METABOLISM,0.167006109979633,0.58166386593667,0.153158808683073,0.40383351641619,1.2823614657905,20,VCAN;IDUA;DCN;CHST11;CHST12;GLB1L;HEXA
REACTOME_NRIF_SIGNALS_CELL_DEATH_FROM_THE_NUCLEUS,0.166332665330661,0.58166386593667,0.152144922367565,-0.423137866685677,-1.25442736591243,16,TRAF6;MAPK8;APH1B;NCSTN
REACTOME_NUCLEOTIDE_CATABOLISM,0.165668662674651,0.58166386593667,0.152144922367565,-0.383540186274273,-1.2388317314509,22,ENTPD5;ITPA;ADPRM;NUDT9;DNPH1;NT5E;SAMHD1;ENTPD1;XDH
REACTOME_SIGNALING_BY_NOTCH,0.166347992351816,0.58166386593667,0.148261500475107,0.246558883571637,1.16532789531697,140,CCND1;DTX4;HDAC5;RAB6A;H2AC6;SIRT6;JUN;ATP2A3;NOTCH1;ATP2A1;MFNG;DTX2;PSMD7;H2AX;PSMC3;LFNG;ELF3;NCOR2;ACTA2;TLE2;PLXND1;H2AZ2;ATP2A2;SMAD3;PSMD6;KAT2A;PSMA7;MAMLD1;HES1;MAML3;PSMC6;ST3GAL4;KAT2B;HDAC1;PSMA5;E2F1;PSEN2;WWC1;PSMB3;HDAC6
REACTOME_DAP12_SIGNALING,0.167664670658683,0.581745599709672,0.151148761385484,0.391532509125692,1.28432721540356,22,GRAP2;PLCG1;LAT;PIK3R2;HRAS;LCP2;VAV2;SHC1;BTK
REACTOME_ACTIVATION_OF_KAINATE_RECEPTORS_UPON_GLUTAMATE_BINDING,0.173038229376258,0.584881985640782,0.149207542435322,0.428672395534865,1.26235753938882,15,GNB5;GNG11;GRIK5;GNG5;GNB2;GNG12
REACTOME_ASPIRIN_ADME,0.172549019607843,0.584881985640782,0.147331213699377,-0.403140124031105,-1.25095557500504,18,CYP2C19;BCHE;UGT2B4;CYP2C8;ALB
REACTOME_CLASS_I_PEROXISOMAL_MEMBRANE_PROTEIN_IMPORT,0.172277227722772,0.584881985640782,0.148261500475107,-0.434149422260265,-1.26298710127215,15,PEX26;PEX13;PEX12;PXMP4;PEX19;SLC25A17
REACTOME_ER_QUALITY_CONTROL_COMPARTMENT_ERQC,0.17029702970297,0.584881985640782,0.149207542435322,-0.437175235921373,-1.27178951682055,15,UGGT1;EDEM2;OS9;AMFR;UGGT2
REACTOME_SEMA4D_IN_SEMAPHORIN_SIGNALING,0.172484599589322,0.584881985640782,0.151148761385484,0.37911003552489,1.25904410892601,23,PLXNB1;RHOA;MYH9;MYL9;SEMA4D;MYH10;LIMK1;LIMK2
REACTOME_SIGNALING_BY_NTRK2_TRKB,0.170873786407767,0.584881985640782,0.147331213699377,-0.394843880159145,-1.24712810157221,19,KRAS;GAB1;PIK3R1;FYN;TIAM1;FRS2
REACTOME_TRANSLOCATION_OF_SLC2A4_GLUT4_TO_THE_PLASMA_MEMBRANE,0.170124481327801,0.584881985640782,0.153158808683073,-0.310083722011856,-1.20761272849741,46,RAB14;TBC1D1;VAMP2;KIFAP3;RHOQ;SFN;YWHAE;PRKAB2;TUBB2A;SLC2A4;RALGAPB
REACTOME_NEURONAL_SYSTEM,0.176470588235294,0.592113768584357,0.154190966581424,-0.224640330381252,-1.12132557138459,189,KRAS;SYN1;RPS6KA6;SLC6A13;CAMK2G;NCALD;EPB41L5;KCNN2;CAMK2A;KCNJ8;BCHE;KCNA10;PPFIBP1;KCNF1;VAMP2;ARHGEF9;KCNJ14;KCNA1;GLUL;UNC13B;EPB41L2;NRXN1;EPB41;KCNMB3;ABAT;KCNMB4;KCNH4;SLC1A2;DLGAP2;PRKAB2;TUBB2A;NLGN3;COMT;MAOA;KCNC3;AP2B1;KCNMA1;SNAP25;KCNJ3
REACTOME_SELECTIVE_AUTOPHAGY,0.176136363636364,0.592113768584357,0.142901149386948,0.288452232698766,1.1935626084845,61,UBE2D3;PLIN2;PRKAG2;HSF1;ULK1;VIM;TUBA1A;DYNC1H1;PARK7;SQSTM1;PCNT;HSP90AA1;EPAS1;TUBA3C;MAP1LC3B;PLIN3;HDAC6;TUBB6;ATG9A;CSNK2A2;HSPA8;TUBB4B;VCP;UBE2L3;TUBA1B;TUBA4A
REACTOME_GABA_B_RECEPTOR_ACTIVATION,0.179226069246436,0.594822751557012,0.147331213699377,0.395606028976702,1.25623532116955,20,GNB5;GNG11;ADCY9;GNG5;ADCY3;GNB2;GNG12
REACTOME_NUCLEAR_EVENTS_STIMULATED_BY_ALK_SIGNALING_IN_CANCER,0.179226069246436,0.594822751557012,0.147331213699377,0.394593668230964,1.25302059936703,20,JUNB;ZAP70;NOTCH1;DNMT1;IL10RA;STAT3;HDAC1
REACTOME_RUNX1_REGULATES_TRANSCRIPTION_OF_GENES_INVOLVED_IN_DIFFERENTIATION_OF_HSCS,0.178030303030303,0.594822751557012,0.142056643575821,0.286959619855929,1.18738644939748,61,LMO1;TCF3;H2AC6;PSMD7;H2AX;PSMC3;LDB1;LMO2;H2AZ2;PSMD6;PSMA7;CBFB;PSMC6;CCNH;SPI1;PSMA5;GATA1;PSMB3;ABL1;H2BC5
REACTOME_GPER1_SIGNALING,0.182572614107884,0.599414030547748,0.147331213699377,0.357855718750268,1.24030848393239,27,GNB5;GNG11;PRKAR1B;ADCY9;SHC1;GNG5;ADCY3;GNB2;GPER1;GNG12
REACTOME_METABOLISM_OF_STEROID_HORMONES,0.181996086105675,0.599414030547748,0.142901149386948,-0.381439176801253,-1.22233593251422,20,SRD5A1;HSD17B12;STS;HSD11B1
REACTOME_PLATELET_AGGREGATION_PLUG_FORMATION,0.181818181818182,0.599414030547748,0.147331213699377,0.347359796329631,1.21748154127985,29,RAP1B;COL1A1;CRK;GP1BA;COL1A2;ADRA2B;SHC1;VWF;RASGRP2;ADRA2C;PTK2;GP9
REACTOME_ADORA2B_MEDIATED_ANTI_INFLAMMATORY_CYTOKINES_PRODUCTION,0.186858316221766,0.601699670192821,0.144630528034484,0.372242459781202,1.23623653336098,23,GNB5;GNG11;PRKAR1B;ADCY9;GNG5;ADCY3;GNB2;GNG12;CREB1
REACTOME_ANTI_INFLAMMATORY_RESPONSE_FAVOURING_LEISHMANIA_PARASITE_INFECTION,0.18568665377176,0.601699670192821,0.140406238523342,0.30651192312056,1.2141509154353,47,GNB5;PLCG1;CD247;GGT5;GNG11;MYH9;PRKAR1B;FGR;ADCY9;RHBDF2;HCK;GNG5;ADCY3;GNB2
REACTOME_ENERGY_DEPENDENT_REGULATION_OF_MTOR_BY_LKB1_AMPK,0.187866927592955,0.601699670192821,0.140406238523342,-0.378859974454456,-1.21407078331756,20,LAMTOR3;LAMTOR5;MTOR;CAB39;RRAGD;PRKAB2;TSC1;STRADA
REACTOME_HATS_ACETYLATE_HISTONES,0.187747035573123,0.601699670192821,0.141225119642531,0.278231988532461,1.16644004225842,68,KAT8;H2AC6;SGF29;EP400;KANSL2;RUVBL2;HCFC1;BRD1;KAT2A;JADE2;TAF10;RBBP7;OGT;SUPT7L;KAT2B;JADE1;USP22;MCRS1;TAF5L;H2BC5;CREBBP;TADA2A;ATXN7;TAF12;MEAF6;ZZZ3;ING4
REACTOME_HOST_INTERACTIONS_OF_HIV_FACTORS,0.185031185031185,0.601699670192821,0.14641623786055,-0.251519630599632,-1.15516151941036,104,KPNB1;CD4;PSMA4;NUP88;PSMB5;NUP155;FYN;BTRC;NUP160;PSMB1;CCNT1;RAE1;ATP6V1H;SLC25A4;NUP205;NUP133;AP2B1;PSMA3;PSMA2;NUP43;TPR;KPNA1;RBX1;NUP54;PSMB6;AAAS;DOCK2;PSMD13;NPM1;PPIA;NUP50;UBA52;PSMC1;RPS27A;PSMB4
REACTOME_MICRORNA_MIRNA_BIOGENESIS,0.185483870967742,0.601699670192821,0.143758989039275,-0.407727938219873,-1.22840745395672,17,AGO3;DICER1;POLR2A;POLR2B;POLR2D
REACTOME_RHOB_GTPASE_CYCLE,0.186612576064909,0.601699670192821,0.143758989039275,-0.296961580241579,-1.17684883892467,48,PKN2;AKAP13;MYO9A;OPHN1;ARHGEF28;PIK3R1
REACTOME_REGULATION_OF_TP53_ACTIVITY_THROUGH_ACETYLATION,0.189690721649485,0.60542404540393,0.143758989039275,0.363812447861294,1.22261680737715,24,GATAD2A;RBBP4;PIP4K2B;BRD1;RBBP7;HDAC1;MEAF6;PIN1;MBD3;PIP4K2A;CHD3;BRPF1
REACTOME_RHOD_GTPASE_CYCLE,0.191446028513238,0.608904729576827,0.142056643575821,0.331185449918585,1.21619130069839,33,PIK3R2;RHOD;ADD3;PLXNB1;ACTN1;ARHGAP1;AKAP12;STEAP3;DBN1;EFHD2
REACTOME_REGULATION_OF_PD_L1_CD274_EXPRESSION,0.192164179104478,0.609074007126995,0.135002033828631,0.249823425907797,1.14408314172362,110,TEAD3;CCND1;PRKAG2;ATF3;TCF7L2;H2AC6;JUN;TCF7;RBBP4;PSMD7;CUL3;H2AX;PSMC3;JUND;FOS;H2AZ2;RELA;PSMD6;PSMA7;EPAS1;RBBP7;B3GNT3;PSMC6;STAT3
REACTOME_PYRUVATE_METABOLISM,0.195121951219512,0.616316232127839,0.140406238523342,-0.316773316993516,-1.19581309982226,40,PDPR;MKLN1;NEK1;DLAT;LDHA;ARMC8;LDHB;PDHB;ME1;PDK1;UBA52;RPS27A;DLD;PDHA1
REACTOME_DOWNREGULATION_OF_TGF_BETA_RECEPTOR_SIGNALING,0.195876288659794,0.616572784922238,0.141225119642531,0.361809958681563,1.21588730446398,24,PPP1R15A;SMAD7;NEDD4L;XPO1;STRAP;SMAD3;TGFB1
REACTOME_ACTIVATION_OF_ANTERIOR_HOX_GENES_IN_HINDBRAIN_DEVELOPMENT_DURING_EARLY_EMBRYOGENESIS,0.198841698841699,0.622688186360738,0.135002033828631,0.291710738673427,1.18538686323534,57,PCGF2;CTCF;H2AC6;JUN;RBBP4;YY1;POLR2J;H2AX;HOXB2;POLR2I;PKNOX1;RARA;H2AZ2;RBBP7;RARG;PAGR1;SUZ12
REACTOME_NOTCH3_INTRACELLULAR_DOMAIN_REGULATES_TRANSCRIPTION,0.19917864476386,0.622688186360738,0.139599673451922,0.390645477611336,1.21862298964044,19,NOTCH1;PLXND1;KAT2A;MAMLD1;HES1;MAML3;KAT2B;WWC1;CREBBP;NOTCH3
REACTOME_INTERLEUKIN_6_FAMILY_SIGNALING,0.201207243460765,0.626890595272314,0.137250779610133,0.419332419300043,1.23485311050431,15,CNTFR;IL11RA;CTF1;TYK2;STAT3;CLCF1;SOCS3;PTPN11;IL6ST
REACTOME_DEVELOPMENTAL_CELL_LINEAGES_OF_THE_INTEGUMENTARY_SYSTEM,0.205338809034908,0.637594403647374,0.137250779610133,0.329590016551787,1.19086809131771,32,PRSS3;KRT18;CD24;VIM;KLK5;ACTA2;ESR1;AQP3;CDH1;KRT8
REACTOME_GASTRULATION,0.206827309236948,0.640046673179203,0.135002033828631,0.270094188746255,1.14455012589781,72,TCF7L2;FOXC2;TCF7;NOTCH1;FGFR1;PSMD7;PSMC3;LFNG;SNAI1;SMAD3;PSMD6;KAT2A;CDH1;PSMA7;MAMLD1;MAML3;PSMC6;KAT2B;CLDN7;PSMA5;FOXA2;PSMB3
REACTOME_ANTIGEN_ACTIVATES_B_CELL_RECEPTOR_BCR_LEADING_TO_GENERATION_OF_SECOND_MESSENGERS,0.209039548022599,0.640186371578334,0.129442887745046,-0.348697253606158,-1.17874191354199,25,LYN;PIK3R1;NCK1;FYN;SOS1;STIM1;ITPR3;VAV1
REACTOME_CALNEXIN_CALRETICULIN_CYCLE,0.209708737864078,0.640186371578334,0.131457611642763,-0.382752414435242,-1.20893678735607,19,UGGT1;EDEM2;OS9;AMFR;UGGT2;CANX;UBA52;RPS27A
REACTOME_DEFECTS_IN_VITAMIN_AND_COFACTOR_METABOLISM,0.211693548387097,0.640186371578334,0.133554954557592,-0.395191383509575,-1.19063717674613,17,MMUT;MMACHC;MCCC2;MTRR;BTD;AMN
REACTOME_G2_M_CHECKPOINTS,0.210843373493976,0.640186371578334,0.133554954557592,-0.252361134888287,-1.13570932241393,89,WEE1;RFC4;NBN;H4C3;PSMA4;ORC3;PSMB5;RAD17;SFN;PSMB1;YWHAE;HUS1;ATM;PSMA3;CHEK2;PSMA2;CCNA2;MCM4;PSMB6;KAT5;PSMD13;TOPBP1;HERC2;BABAM2;UBE2N;UBA52;PSMC1;RPS27A;PSMB4
REACTOME_NOTCH1_INTRACELLULAR_DOMAIN_REGULATES_TRANSCRIPTION,0.209677419354839,0.640186371578334,0.134273452883202,0.314452442268423,1.18398732615021,37,HDAC5;NOTCH1;NCOR2;TLE2;KAT2A;MAMLD1;HES1;MAML3;KAT2B;HDAC1;HDAC6;CREBBP
REACTOME_TRAFFICKING_OF_AMPA_RECEPTORS,0.210420841683367,0.640186371578334,0.133554954557592,-0.40002952674795,-1.18592077200783,16,CAMK2G;CAMK2A;AP2B1;PRKCA;EPB41L1;TSPAN7;PRKCB
REACTOME_TRANSCRIPTIONAL_REGULATION_BY_RUNX2,0.211764705882353,0.640186371578334,0.131457611642763,0.258178686477055,1.13546654356778,82,SMAD6;CDKN1A;CCND1;RBM14;COL1A1;PSMD7;PSMC3;BAX;ESR1;ESRRA;PSMD6;SOX9;PSMA7;ITGBL1;HES1;CBFB;PSMC6;PSMA5;HAND2;PSMB3;HDAC6;NR3C1;ABL1
REACTOME_TRANSPORT_OF_MATURE_MRNAS_DERIVED_FROM_INTRONLESS_TRANSCRIPTS,0.213872832369942,0.644432613325221,0.129442887745046,-0.32546568496629,-1.16739536832236,31,EIF4E;NUP88;NUP155;NUP160;RAE1;NUP205;NUP133;NUP43;TPR;NUP54
REACTOME_CELL_CYCLE_CHECKPOINTS,0.217484008528785,0.648909940756895,0.135740943810425,-0.228262200584806,-1.11737229612066,165,ANAPC15;WEE1;RFC4;PPP2R5A;NBN;H4C3;NEK11;PSMA4;ORC3;PSMB5;BTRC;RAD17;SFN;NUP160;PSMB1;YWHAE;CDC16;NUP133;HUS1;ATM;PSMA3;CHEK2;UBE2C;DYNC1I1;CDC27;ZW10;INCENP;PSMA2;NUP43;RBX1;MAPK11;CCNA2;GSK3B;CDCA8;ITGB3BP;NUDC;MCM4;PSMB6;CKAP5;KAT5;PSMD13;TOPBP1;HERC2;DYNC1LI2;BABAM2;UBE2N;UBA52;PSMC1;RPS27A;PSMB4
REACTOME_MRNA_SPLICING_MINOR_PATHWAY,0.217479674796748,0.648909940756895,0.132147260608774,-0.304263462314514,-1.16825072028635,42,SNRNP25;SNRNP200;SNRPD3;POLR2A;SF3B4;POLR2B;SNRPE;POLR2D;ZRSR2;SNRPF;SF3B3;PRPF8
REACTOME_RND1_GTPASE_CYCLE,0.21656050955414,0.648909940756895,0.135740943810425,0.353013184918259,1.19695747582389,25,STIP1;EPHA2;PIK3R2;RRAS2;TXNL1;DSP;GRB7
REACTOME_RHOA_GTPASE_CYCLE,0.218390804597701,0.649499925361995,0.127505315300183,0.250522858471096,1.13205484338634,97,YKT6;ABR;ARHGAP4;PKN1;PIK3R2;ARHGEF7;ABCD3;ARHGEF40;DEF6;MCF2L;RHOA;C1QBP;ARHGAP1;GMIP;STK10;HMOX2;ARAP3;VAV2;ARAP1;OBSCN;ARHGEF10L;DLC1;FARP1;MYO9B;STX5;FLOT1;PLEKHG6
REACTOME_CELLULAR_RESPONSE_TO_STARVATION,0.220779220779221,0.653939714436806,0.135740943810425,-0.241959331093455,-1.12621979613045,115,ATP6V1D;MIOS;RPS3;RPL36AL;LAMTOR3;RPS23;LAMTOR5;RPL5;RPL10;RPS21;RPL35A;MTOR;RPL7;ATP6V1C1;RPS13;RPL19;ATP6V1H;RRAGD;RPL10A;ATP6V0E1;RPL38;RPS15A;RPL37A;RPS3A;RPL30;ATP6V1B2;DEPDC5;RPL4;FLCN;RPL7A;RPS24;WDR59;RPL24;RPS6;RPS29;EIF2S3;UBA52;RPL31;RPS27A
REACTOME_CO_STIMULATION_BY_CD28,0.221311475409836,0.653939714436806,0.131457611642763,0.316788284303539,1.16677240108455,35,GRAP2;TRIB3;PIK3R5;PIK3R2;PPP2R5B;CD28
REACTOME_DISEASES_ASSOCIATED_WITH_GLYCOSAMINOGLYCAN_METABOLISM,0.222929936305732,0.656603928154505,0.133554954557592,0.351238524559882,1.19094015671583,25,SDC2;VCAN;DCN;PRELP;HEXA;SDC1;AGRN;LUM;FMOD;HSPG2;GPC1;BGN;B3GAT3
REACTOME_SLC_MEDIATED_TRANSMEMBRANE_TRANSPORT,0.225746268656716,0.660650422011349,0.123257226381337,0.240478406233745,1.12328245213158,124,SLC7A5;SLC29A3;SLC5A3;SLC12A7;SLC6A3;SLC39A7;SLCO4A1;BSG;SLC5A2;SLC35C1;SLC20A1;SLC1A7;SLC6A1;SLC12A4;SLC38A2;SLC22A7;SRI;SLC36A1;SLC11A1;SLC3A2;SLC7A10;SLC26A6;SLC13A4;SLC25A1;SLC16A8;SLC2A8;SLCO1B1;SLC25A10;SLC35D2;SLC4A2
REACTOME_TRANSCRIPTIONAL_REGULATION_OF_BROWN_AND_BEIGE_ADIPOCYTE_DIFFERENTIATION,0.225296442687747,0.660650422011349,0.127505315300183,0.393518402581116,1.1963020509669,17,GATAD2A;RBBP4;RBBP7;HDAC1;HNRNPU;PPARG;MBD3;CHD3;RXRA
REACTOME_ACTIVATION_OF_APC_C_AND_APC_C_CDC20_MEDIATED_DEGRADATION_OF_MITOTIC_PROTEINS,0.228865979381443,0.66764725195351,0.129442887745046,-0.289576052692517,-1.13908622833451,47,ANAPC15;PSMA4;PSMB5;PSMB1;CDC16;PSMA3;UBE2C;CDC27;PSMA2;PTTG1;CCNA2;PSMB6;PSMD13;UBA52;PSMC1;RPS27A;PSMB4
REACTOME_INFECTION_WITH_MYCOBACTERIUM_TUBERCULOSIS,0.231536926147705,0.673294680480309,0.126253987849115,-0.358385911508883,-1.15758362531707,22,TLR2;KPNB1;VPS33B;ATP6V1H;KPNA1
REACTOME_GENE_SILENCING_BY_RNA,0.234833659491194,0.673843929711438,0.12384217120105,-0.316592884374369,-1.15012752637522,33,AGO3;DICER1;IPO8;H4C3;POLR2A;POLR2B;TSN;POLR2D
REACTOME_NEUROTRANSMITTER_RELEASE_CYCLE,0.233463035019455,0.673843929711438,0.12384217120105,-0.323309612604222,-1.15189184157991,30,SYN1;SLC6A13;VAMP2;UNC13B;ABAT;SLC1A2;MAOA;SNAP25;SLC1A3
REACTOME_OVARIAN_TUMOR_DOMAIN_PROTEASES,0.235528942115768,0.673843929711438,0.125033367555272,-0.357789867216108,-1.15565840702271,22,APC;TRAF6;NOD1
REACTOME_O_LINKED_GLYCOSYLATION_OF_MUCINS,0.235404896421846,0.673843929711438,0.120985142145252,-0.340414338276124,-1.15074221074863,25,ST6GALNAC2;GALNT10;MUC1;GCNT3;ST3GAL1;C1GALT1C1;GALNT14;MUC5B;GALNT11
REACTOME_PERK_REGULATES_GENE_EXPRESSION,0.232704402515723,0.673843929711438,0.129442887745046,0.349931240512756,1.20403314767671,26,ATF4;DDIT3;ATF3;HSPA5
REACTOME_PRC2_METHYLATES_HISTONES_AND_DNA,0.236139630390144,0.673843929711438,0.126875729929857,0.380166723060007,1.18593439619471,19,H2AC6;RBBP4;H2AX;DNMT1;H2AZ2;RBBP7;SUZ12;H2BC5
REACTOME_SIGNALING_BY_FGFR4,0.24236641221374,0.687330134946707,0.119887845115423,-0.326862011554036,-1.14429943682994,28,KRAS;FGF4;GAB1;PIK3R1
REACTOME_VISUAL_PHOTOTRANSDUCTION,0.241650294695481,0.687330134946707,0.122107920287081,0.290790617297841,1.15281871399232,48,GNB5;RBP1;SDC2;APOC3;LDLR;APOA1;SDC1;AGRN;LRP10;GRK4
REACTOME_COMPLEMENT_CASCADE,0.247422680412371,0.687509854997509,0.12384217120105,-0.285615856511422,-1.1235082656907,47,CFI;C3;C8A;C8B;MBL2;CFHR2;C1S;C6;CPB2;CFH;C2;CFHR5;C4BPB;C4BPA
REACTOME_JNK_C_JUN_KINASES_PHOSPHORYLATION_AND_ACTIVATION_MEDIATED_BY_ACTIVATED_HUMAN_TAK1,0.245967741935484,0.687509854997509,0.122679189568808,-0.38383301412902,-1.15641654994096,17,TRAF6;MAPK8;NOD1
REACTOME_MITOTIC_METAPHASE_AND_ANAPHASE,0.248434237995825,0.687509854997509,0.124434168630393,-0.230428816439984,-1.09886233200897,140,ANAPC15;VRK2;KPNB1;STAG1;TNPO1;PPP2R5A;PSMA4;PSMB5;NUP155;NUP160;PSMB1;TUBB2A;NUP205;CDC16;NUP133;PSMA3;UBE2C;DYNC1I1;CDC27;ZW10;INCENP;PSMA2;NUP43;PTTG1;CHMP2B;NUP54;CDCA8;ITGB3BP;ESPL1;NUDC;PSMB6;CKAP5;PSMD13;DYNC1LI2;EMD;UBA52;PSMC1;PDS5B;RPS27A;PSMB4
REACTOME_NEGATIVE_REGULATION_OF_MET_ACTIVITY,0.245967741935484,0.687509854997509,0.122679189568808,-0.383246046769941,-1.15464812788415,17,STAM2;MET;CBL;EPS15;PTPRJ;UBA52;RPS27A;PTPN1;LRIG1
REACTOME_PEPTIDE_HORMONE_METABOLISM,0.248434237995825,0.687509854997509,0.124434168630393,-0.295650962555774,-1.14071988044827,44,ACE2;IGF1;MME;SLC30A5;BCHE;VAMP2;CPA3;ENPEP;CPB2;CPE;SEC11A;SPCS2;AGT;DPP4;GZMH
REACTOME_SIGNALING_BY_THE_B_CELL_RECEPTOR_BCR,0.244939271255061,0.687509854997509,0.123257226381337,-0.247365758324174,-1.10259888614499,84,KRAS;LYN;PIK3R1;PSMA4;NCK1;PSMB5;FYN;BTRC;PSMB1;MALT1;NFKBIA;PSMA3;PSMA2;PPP3R1;SOS1;PSMB6;STIM1;ITPR3;PSMD13;PPIA;VAV1;PPP3CA;UBA52;PSMC1;RPS27A;PSMB4
REACTOME_SYNTHESIS_OF_PA,0.245967741935484,0.687509854997509,0.122679189568808,-0.383502693211933,-1.15542135525668,17,PLD1;AGPAT5;ACP6;PLD2
REACTOME_TRNA_PROCESSING,0.247983870967742,0.687509854997509,0.122107920287081,-0.253366933450226,-1.10488622640208,75,DUS2;TRIT1;OSGEPL1;NUP88;NUP155;CLP1;NUP160;RPP38;RAE1;NUP205;RPP30;NUP133;DDX1;EPRS1;ADAT1;NUP43;TPR;TRMT11;NUP54;GTPBP3;PUS7;CSTF2;AAAS;RTRAF;PUS3;NUP50
REACTOME_NUCLEAR_RNA_DECAY,0.253061224489796,0.69610835325121,0.121543282035469,0.365762584115529,1.17289705690931,21,ZC3H3;ZC3H4;RBM7
REACTOME_SIGNALING_BY_ERBB2_IN_CANCER,0.25250501002004,0.69610835325121,0.120433371642259,-0.388008881854797,-1.15028457138132,16,KRAS;GAB1;PIK3R1;EGFR
REACTOME_DNA_REPLICATION,0.254658385093168,0.698404433369286,0.122107920287081,-0.241675234240894,-1.10997234919217,103,ANAPC15;KPNB1;RFC4;GINS3;H4C3;PSMA4;ORC3;PSMB5;PSMB1;POLD3;CDC16;POLA1;POLG2;PSMA3;UBE2C;CDC27;SSBP1;PSMA2;KPNA1;EXOG;RFC1;RBX1;RNASEH1;CCNA2;MCM4;PSMB6
REACTOME_SIGNALING_BY_FGFR3,0.255725190839695,0.699236641221374,0.116234148779716,-0.322933378960282,-1.13054582856213,28,KRAS;FGF4;GAB1;PIK3R1
REACTOME_CONSTITUTIVE_SIGNALING_BY_LIGAND_RESPONSIVE_EGFR_CANCER_VARIANTS,0.259405940594059,0.699445003166089,0.11776578836269,-0.397123869408346,-1.15527580817405,15,KRAS;GAB1;PIK3R1;EGFR;CBL;SOS1;UBA52;RPS27A
REACTOME_CO_INHIBITION_BY_PD_1,0.259328358208955,0.699445003166089,0.11378726182188,0.236449777295366,1.10446459541212,124,TEAD3;CCND1;PRKAG2;ATF3;TCF7L2;H2AC6;JUN;TCF7;RBBP4;CD247;HLA-DQB1;PSMD7;CUL3;H2AX;PSMC3;JUND;FOS;H2AZ2;RELA;PSMD6;PSMA7;EPAS1;RBBP7;B3GNT3;PSMC6;STAT3;CD3E;PSMA5;SUZ12;TUSC3;PSMB3;SEL1L;H2BC5;CREBBP;PTPN11
REACTOME_DEFECTIVE_PYROPTOSIS,0.258726899383984,0.699445003166089,0.120433371642259,0.372660189248987,1.16251767899487,19,H2AC6;RBBP4;H2AX;DNMT1;H2AZ2;RBBP7;SUZ12;H2BC5
REACTOME_DOWNSTREAM_SIGNAL_TRANSDUCTION,0.261146496815287,0.699445003166089,0.122107920287081,0.337220357195477,1.14340892858886,25,PLCG1;PIK3R2;CRK;RAPGEF1;HRAS;PDGFA;NCK2;GRB7;STAT3
REACTOME_MYOGENESIS,0.26027397260274,0.699445003166089,0.116739204791222,-0.361577008000816,-1.15868687887994,20,MAP2K6;SPAG9;MYOG;CDC42;CDH2;MAPK11;CDON;NEO1
REACTOME_REGULATION_OF_ENDOGENOUS_RETROELEMENTS_BY_THE_HUMAN_SILENCING_HUB_HUSH_COMPLEX,0.259183673469388,0.699445003166089,0.119887845115423,0.364449353999778,1.16868589971417,21,EHMT2;H2AC6;RBM7;H2AX;H2AZ2
REACTOME_RUNX2_REGULATES_BONE_DEVELOPMENT,0.260692464358452,0.699445003166089,0.119348440591015,0.361679105859931,1.14850137366593,20,SMAD6;RBM14;COL1A1;HES1;CBFB;HDAC6;ABL1
REACTOME_CELL_JUNCTION_ORGANIZATION,0.265151515151515,0.707303779069767,0.11331290842208,0.219729938339851,1.07233663832044,172,CTBP1;CLDN9;TCF3;H2AC6;RBBP4;CLDN1;CDH4;ACTN1;PSMD7;H2AX;PSMC3;SNAI1;ACTA2;PARD6A;STRAP;PLEC;FLNA;FERMT2;H2AZ2;ZC3H12A;CD151;PSMD6;LAMA3;CDH1;PSMA7;SMARCA4;PCSK7;POMT2;PRDM8;ACTG1;RBBP7;PARVA;PSMC6;HDAC1;CLDN7;CDH15;ACTG2;PSMA5;VASP;SUZ12;PKM;CLDN10;FOXA2;PSMB3;PIP5K1C;H2BC5;RACK1;SPCS1;CSNK2A2;ARID1A;PVR;CTNNB1;MAPK3;ADRM1;CLDN11;SDK2;VCL;ITGA6;ITGB1
REACTOME_INSULIN_RECEPTOR_RECYCLING,0.265625,0.707303779069767,0.115240003147781,-0.355881846512395,-1.15192686430139,21,ATP6V1D;ATP6V1C1;ATP6V1H;ATP6V0E1;IDE;ATP6AP1;ATP6V0A1;ATP6V1B2
REACTOME_CELL_SURFACE_INTERACTIONS_AT_THE_VASCULAR_WALL,0.267307692307692,0.707355697937942,0.11378726182188,0.242518415583274,1.09733314546617,96,SLC7A5;SDC2;GAS6;PLCG1;PF4;BSG;INPP5D;PIK3R2;ITGAX;COL1A1;ITGAV;COL1A2;HRAS;ATP1B3;SLC3A2;GYPC;SLC7A10;SDC1;SLC16A8;SHC1;GRB7;TGFB1
REACTOME_CO_INHIBITION_BY_CTLA4,0.267961165048544,0.707355697937942,0.114266502484433,-0.362088651359304,-1.14366957438611,19,LYN;PPP2R5A;FYN;CD86
REACTOME_TRNA_PROCESSING_IN_THE_NUCLEUS,0.266666666666667,0.707355697937942,0.119348440591015,-0.293426891523789,-1.12634147578776,43,NUP88;NUP155;CLP1;NUP160;RPP38;RAE1;NUP205;RPP30;NUP133;DDX1;NUP43;TPR;NUP54;CSTF2;AAAS;RTRAF;NUP50;RPP40
REACTOME_HSP90_CHAPERONE_CYCLE_FOR_STEROID_HORMONE_RECEPTORS_SHR_IN_THE_PRESENCE_OF_LIGAND,0.27037773359841,0.70877010663293,0.115240003147781,0.298932150620066,1.13264519508081,38,DNAJB1;STIP1;DNAJA1;TUBA1A;DYNC1H1;PTGES3;HSP90AB1;HSP90AA1;TUBA3C;NR3C1;DCTN1;TUBB6;CAPZB;HSPA8;TUBB4B;FKBP4;TUBA1B;TUBA4A
REACTOME_MITOCHONDRIAL_TRANSLATION,0.270042194092827,0.70877010663293,0.119348440591015,-0.264230286023981,-1.09747375927073,61,MRPS33;MRPL39;MRPS11;MIEF1;MRPS7;MRPL48;MRPL24;MRPS35;MRPL49;MRPL46;ERAL1;MRPS14;MRPL33
REACTOME_SLC_MEDIATED_TRANSPORT_OF_INORGANIC_ANIONS,0.272365805168986,0.70877010663293,0.114750719227023,0.381336672798326,1.14693315420904,16,SLC12A7;SLC20A1;SLC12A4;SLC26A6;SLC13A4;SLC4A2
REACTOME_SYNTHESIS_OF_DNA,0.271805273833671,0.70877010663293,0.116234148779716,-0.24794890364633,-1.09061352729324,80,ANAPC15;RFC4;GINS3;PSMA4;ORC3;PSMB5;PSMB1;POLD3;CDC16;POLA1;PSMA3;UBE2C;CDC27;PSMA2;RFC1;RBX1;CCNA2;MCM4;PSMB6;PSMD13;LIG1;UBA52;PSMC1;RPS27A;PSMB4;POLE2
REACTOME_VITAMIN_B5_PANTOTHENATE_METABOLISM,0.271287128712871,0.70877010663293,0.114750719227023,-0.39476198286006,-1.1484048276033,15,ENPP1;SLC25A16;ENPP3
REACTOME_MATERNAL_TO_ZYGOTIC_TRANSITION_MZT,0.27348643006263,0.709670169794248,0.11776578836269,-0.291870262540454,-1.12613268062249,44,CNOT4;KDM5A;DICER1;TUT7;H4C3;EIF4E;SRPK1;CNOT9;CNOT7;POLR2D;UNG
REACTOME_NEGATIVE_EPIGENETIC_REGULATION_OF_RRNA_EXPRESSION,0.27447216890595,0.710216120671893,0.111918316325105,0.287095658306414,1.13112122295045,45,H2AC6;POLR1E;POLR1C;SAP30BP;H2AX;UBTF;DNMT1;H2AZ2;SIN3B;CCNH;HDAC1;MBD2;H2BC5;BAZ2A
REACTOME_DAP12_INTERACTIONS,0.278131634819533,0.715642071614304,0.11776578836269,0.333477238163462,1.13071718080243,25,GRAP2;PLCG1;LAT;PIK3R2;HRAS;LCP2;VAV2;SHC1
REACTOME_SUMOYLATION_OF_RNA_BINDING_PROTEINS,0.27755905511811,0.715642071614304,0.112843355675562,-0.302120329977372,-1.11967220108862,36,PHC3;PHC1;NUP88;NUP155;NUP160;RAE1;NUP205;NUP133;NUP43;TPR;NUP54
REACTOME_CONSTITUTIVE_SIGNALING_BY_AKT1_E17K_IN_CANCER,0.279022403258656,0.715923029089436,0.114750719227023,0.355607394743686,1.12922083341761,20,CDKN1A;NR4A1;CDKN1B;RPS6KB2;TSC2;CASP9;BAD;CREB1;MAPKAP1;MLST8;FOXO4
REACTOME_C_TYPE_LECTIN_RECEPTORS_CLRS,0.283018867924528,0.720125786163522,0.115734447701689,-0.240139424322602,-1.0836161158699,95,KRAS;TRAF6;CLEC4A;MUC1;LYN;ICAM3;PSMA4;PSMB5;FYN;BTRC;PSMB1;MALT1;NFKBIA;MUC5B;PSMA3;PSMA2;PPP3R1;PRKACA;RPS6KA5;PSMB6;PDPK1;CASP8;ITPR3;PSMD13;PPP3CA;UBE2N;UBA52;PSMC1;RPS27A;PRKACG;PSMB4
REACTOME_SARS_COV_INFECTIONS,0.282978723404255,0.720125786163522,0.116739204791222,-0.20251319371238,-1.06366112067487,286,SRPK2;TLR2;ACE2;ST6GALNAC2;TRAF6;SNRPD3;KPNB1;ATP1B1;PPIH;RPS3;NOD1;GEMIN2;G3BP1;RPS23;PIK3C3;EDEM2;FXYD7;NUP88;NCK1;RPS21;SRPK1;VPS33B;ATP1A1;NUP155;SFN;PPIG;MAN2A1;NUP160;CRBN;RPS13;MBL2;ATG14;YWHAE;IL6R;RAE1;ST3GAL1;NFKBIA;NUP205;TMEM258;VPS45;COMT;NUP133;AP2B1;SNRPE;ARID4B;GEMIN7;RPS15A;VPS11;ARID4A;NUP43;TPR;ATP1A2;IMPDH2;FXYD3;RBX1;CHMP2B;NUP54;ROCK2;GSK3B;RPS3A;BRMS1;SOS1;SNRPF;PDPK1;KDM1A;AAAS;FURIN;TOMM70;RPS24;RPS6;NPM1;PPIA;REST;NUP50;CANX;VAV1;RPS29;STT3A;UBE2N;UBA52;MAGT1
REACTOME_UNFOLDED_PROTEIN_RESPONSE_UPR,0.282565130260521,0.720125786163522,0.112843355675562,0.258786841767297,1.09709124541563,71,ATF4;DDIT3;XBP1;ATF3;PREB;HSPA5;PPP2R5B;EXTL3;EDEM1;ZBTB17;SERP1;SHC1;ADD1;HDGF;CCL2;HERPUD1;EXOSC4;DCTN1;ATP6V0D1;CREB3;ACADVL;MBTPS1;SRPRA;KDELR3;LMNA;CXXC1;CREB3L2;ARFGAP1;CUL7;SRPRB;DNAJB9
REACTOME_SLC_MEDIATED_TRANSPORT_OF_AMINO_ACIDS,0.285420944558522,0.724225997827163,0.11378726182188,0.33785931112966,1.1220483117379,23,SLC7A5;SLC1A7;SLC38A2;SLC36A1;SLC3A2;SLC7A10
REACTOME_GABA_RECEPTOR_ACTIVATION,0.287474332648871,0.72541732425996,0.11331290842208,0.337186940211379,1.11981533301312,23,GNB5;GNG11;ADCY9;GNG5;ADCY3;GNB2;NPTN;GNG12
REACTOME_M_DECAY_DEGRADATION_OF_MATERNAL_MRNAS_BY_MATERNALLY_STORED_FACTORS,0.287378640776699,0.72541732425996,0.109684061970549,-0.356973077831873,-1.12751185782445,19,CNOT4;DICER1;EIF4E;CNOT9;CNOT7;POLR2D
REACTOME_SIGNALING_BY_EGFR,0.288577154308617,0.726199652051356,0.11146266692298,-0.296569138481198,-1.1094236354759,38,KRAS;GAB1;PIK3R1;STAM2;EPS15L1;EGFR;ADAM12;CDC42;PTPN3;CBL;SOS1;EPS15;ADAM17
REACTOME_INTERLEUKIN_2_FAMILY_SIGNALING,0.292887029288703,0.73502607898206,0.11331290842208,0.320847130751087,1.1149342178372,28,IL15RA;LGALS9;INPP5D;PIK3R2;GAB2
REACTOME_REGULATION_OF_TP53_EXPRESSION_AND_DEGRADATION,0.293893129770992,0.735535811120844,0.107140237276725,-0.316576124682353,-1.1082899461626,28,MTOR;ATM;CHEK2;PRDM1;CCNA2;PDPK1;UBA52;RPS27A
REACTOME_NOD1_2_SIGNALING_PATHWAY,0.3,0.738709677419355,0.106323255932708,-0.318099717410327,-1.0964163709651,27,TRAF6;MAP2K6;CYLD;NOD1
REACTOME_PI_METABOLISM,0.299806576402321,0.738709677419355,0.106729884364606,0.271763112235195,1.10128926109409,56,GDPD3;RUFY1;PIK3R5;INPP5D;PIK3R2;TNFAIP8L1;GDPD5;SBF1;PIP4K2B;PIK3C2B;PLEKHA4;PLEKHA6;PNPLA6;RAB4A;PI4KA
REACTOME_RAB_GEFS_EXCHANGE_GTP_FOR_GDP_ON_RABS,0.298449612403101,0.738709677419355,0.107140237276725,0.276741378799947,1.11747282456654,54,RAB6A;DENND6B;RIN1;TRAPPC2;DENND2A;ULK1;MADD;RAB32;SBF1;HPS1;DENND2B;RAB1A;DENND1B;RAB3IL1;TRAPPC6A;RABGEF1;RAB35;TRAPPC12;RAB3A;ALS2CL
REACTOME_RAB_GERANYLGERANYLATION,0.29938900203666,0.738709677419355,0.110122263835536,0.301503087583572,1.10719064603529,33,RAB40C;RAB6A;RAB3D;RAB29;RAB32;RAB1A;RAB4A;RAB20;RAB35;RAB26;RAB3A;RAB40B;RAB9A
REACTOME_SARS_COV_1_ACTIVATES_MODULATES_INNATE_IMMUNE_RESPONSES,0.298076923076923,0.738709677419355,0.106729884364606,-0.31864944396061,-1.09831115161499,27,TRAF6;KPNB1;PPIH;PPIG;NFKBIA
REACTOME_TP53_REGULATES_TRANSCRIPTION_OF_CELL_CYCLE_GENES,0.299163179916318,0.738709677419355,0.111918316325105,0.319458498171001,1.11010876100386,28,PRMT1;CDKN1A;BTG2;PCBP4;BAX;CDKN1B;CARM1;PLK3;CDK2
REACTOME_DEPOSITION_OF_NEW_CENPA_CONTAINING_NUCLEOSOMES_AT_THE_CENTROMERE,0.303393213572854,0.741433125433126,0.107972360317345,0.336054359190952,1.10234463117183,22,H2AC6;RBBP4;H2AX;H2AZ2;RBBP7;CENPX
REACTOME_N_GLYCAN_TRIMMING_IN_THE_ER_AND_CALNEXIN_CALRETICULIN_CYCLE,0.303435114503817,0.741433125433126,0.105125131597001,-0.313558554991267,-1.09772584517794,28,UGGT1;EDEM2;OS9;AMFR;UGGT2;CANX;UBA52;MLEC;PSMC1;RPS27A
REACTOME_SIGNALING_BY_HEDGEHOG,0.303534303534304,0.741433125433126,0.110564716336619,-0.238425888855966,-1.07361344351344,92,IFT88;WDR19;MKS1;TTC21B;PSMA4;PSMB5;BTRC;OS9;ARRB1;PSMB1;TUBB2A;PSMA3;PSMA2;OFD1;IFT52;RBX1;CDON;PRKACA;GSK3B;PSMB6;FUZ;ADAM17;IFT122;PSMD13;PRKAR2A;UBA52;PSMC1;RPS27A;PRKACG;PSMB4;TULP3
REACTOME_ANTIGEN_PROCESSING_UB_ATP_INDEPENDENT_PROTEASOMAL_DEGRADATION,0.305882352941177,0.741867051237839,0.106323255932708,-0.364343719164517,-1.13056919799865,18,PSMA4;PSMB5;PSMB1;PSMA3;PSMA2;PSMB6;PSME2;PSMB4
REACTOME_FCERI_MEDIATED_NF_KB_ACTIVATION,0.307851239669421,0.741867051237839,0.109250039480711,-0.263482864744009,-1.08311939720815,57,TRAF6;LYN;PSMA4;PSMB5;BTRC;PSMB1;MALT1;NFKBIA;PSMA3;PSMA2;PRKCQ;PSMB6;PDPK1;PSMD13;UBE2N;UBA52;PSMC1;RPS27A;PSMB4
REACTOME_GLYCOGEN_STORAGE_DISEASES,0.308910891089109,0.741867051237839,0.106323255932708,-0.385993096556717,-1.12289519952183,15,EPM2A;SLC37A4;GBE1;UBA52;RPS27A
REACTOME_MRNA_CAPPING,0.306967984934087,0.741867051237839,0.103576326612592,-0.323766374096468,-1.09446515966561,25,RNGTT;POLR2A;POLR2B;POLR2D;MNAT1
REACTOME_N_GLYCAN_ANTENNAE_ELONGATION_IN_THE_MEDIAL_TRANS_GOLGI,0.306451612903226,0.741867051237839,0.107972360317345,-0.369458421376751,-1.11310861043214,17,MGAT3;B4GALT1;MAN2A1;B4GALT4;FUCA1;CHST8;B4GALT5
REACTOME_RHO_GTPASES_ACTIVATE_IQGAPS,0.306122448979592,0.741867051237839,0.108820126769161,0.345662082967558,1.10844044034239,21,MEN1;TUBA1A;CDH1;ACTG1;TUBA3C;TUBB6;CTNNB1;TUBB4B;TUBA1B;TUBA4A;CTNNA1
REACTOME_RNA_POLYMERASE_I_TRANSCRIPTION_TERMINATION,0.30938123752495,0.741867051237839,0.106729884364606,0.334550022470139,1.0974100202605,22,POLR1E;POLR1C;UBTF;CCNH
REACTOME_UB_SPECIFIC_PROCESSING_PROTEASES,0.310492505353319,0.74258781959175,0.11101149245045,-0.227424962863698,-1.06697722737735,125,USP33;TRAF6;USP47;AR;POLB;CYLD;WDR48;STAM2;TAF9B;PSMA4;PSMB5;CCP110;ARRB1;PSMB1;NFKBIA;USP3;PSMA3;USP25;PSMA2;IDE;USP16;TGFBR1;OTUB1;MUL1;CCNA2;PSMB6;RHOT1;USP4;TOMM70
REACTOME_MITF_M_DEPENDENT_GENE_EXPRESSION,0.313373253493014,0.747525781769794,0.105920292736253,0.24770421007542,1.07425127983449,78,CDKN1A;CCND1;TCF7L2;SMARCC2;TCF7;SERPINE1;DPF2;BCL7B;ATP6V0B;BCL7C;CDK2;TBX2;CDH1;SMARCA4;SMARCD3;SS18L1;HINT1;ATP6V0C;HDAC1;MCM5;BCL2;ATP6V0D1;ATP6V1G1;DPF3;CREB1;ARID1A;PLK1;CTNNB1;SMARCE1;IRF4;TERT
REACTOME_SIGNALING_BY_ERYTHROPOIETIN,0.315068493150685,0.749617505781889,0.104343952581949,-0.345640283199939,-1.1076170555491,20,KRAS;GAB1;LYN;PIK3R1
REACTOME_VESICLE_MEDIATED_TRANSPORT,0.316504854368932,0.751084058554253,0.103576326612592,0.190491293153387,1.03842926424326,438,ARF4;EPN2;ALPP;PRKAG2;TRIP10;ARFIP2;GGA3;YKT6;PREB;S100A9;GJA3;GJC2;RAB6A;DENND6B;COL4A2;RIN1;ARPC5;TRAPPC2;SPTBN4;DENND2A;COL3A1;COL4A1;TBC1D2;ULK1;MADD;HIP1R;HSPH1;COLEC11;AGTR1;COL1A1;RAB32;AP1G2;MYO1C;BET1L;STX10;TUBA1A;TBC1D10B;COL1A2;TBC1D17;CUX1;SPTBN2;SBF1;MYH9;HPS1;DYNC1H1;HBEGF;GJC1;KDELR1;CNIH1;DENND2B;MAN2A2;AP1S1;KLC1;GALNT2;VPS37C;VPS4A;KIF5B;ARFRP1;HBB;SEC16A;IGF2R;LDLR;ARF6;FCHO1;SPARC;APOA1;YWHAH;RAB1A;TSG101;DENND1B;ARPC1A;ARPC2;EXOC3;TSC2;ACTG1;HSP90AA1;GABARAPL2;RAB4A;SLC2A8;SAR1B;RAB3IL1;SEC23A;ASPSCR1;TRAPPC6A;TUBA3C;GOLGA5;HGS;CSNK1D;FNBP1;DVL2;MAP1LC3B;STX5;RABGEF1;TMED3;SEC24B;FTH1;PICALM;ARCN1;PACSIN2;STX4;CLTC;PLIN3;GJD2;NAPA;AP2M1;COG7;MAN1C1;MVB12B;RAB35;VPS37B;SH3GL1;TRAPPC12;TJP1;TMED9;AP2A2;ACTR3;PIP5K1C;DCTN1
REACTOME_COMPLEX_IV_ASSEMBLY,0.323809523809524,0.753066238397048,0.100990587455923,-0.315593251760062,-1.07933411647096,26,COX7A2;COA1;COX6C;COX6A2;HIGD1A;COX7B;COX4I1;COX11;COX7C;COX17;COX6B1;COX15;COA3
REACTOME_DISEASES_OF_MITOTIC_CELL_CYCLE,0.32391713747646,0.753066238397048,0.10027910675413,-0.319764844485462,-1.08093832335705,25,ANAPC15;TFDP2;E2F3;CDK6;CDC16;UBE2C;CDC27
REACTOME_DNA_REPAIR,0.323340471092077,0.753066238397048,0.108394255853397,-0.208784119755316,-1.04625550323658,198,MAPK8;MBD4;POT1;POLB;PIAS1;OGG1;DDB1;DCLRE1A;ASCC1;RFC4;WDR48;XRCC2;NBN;CETN2;H4C3;XPC;TDP1;ERCC4;RAD17;POLR2A;FTO;POLD3;POLR2B;FAN1;HUS1;ATM;COPS3;CHEK2;ERCC8;CHD1L;POLR2D;MNAT1;UNG;RFC1;RBX1;FANCI;RNF4;FANCL;CCNA2;COPS8;TIMELESS;APEX1;KAT5;NEIL1;UFD1;RAD52;TOPBP1;INO80D;LIG1;HERC2;BABAM2;TERF2IP;UBE2N;NHEJ1;UBA52
REACTOME_FORMATION_OF_PARAXIAL_MESODERM,0.323076923076923,0.753066238397048,0.101713902282311,0.273565659752457,1.082988235022,46,NOTCH1;FGFR1;PSMD7;PSMC3;LFNG;PSMD6;KAT2A;PSMA7;MAMLD1;MAML3;PSMC6;KAT2B;PSMA5
REACTOME_RNA_POLYMERASE_III_TRANSCRIPTION_TERMINATION,0.320564516129032,0.753066238397048,0.105125131597001,-0.365809633891884,-1.102115501243,17,POLR3B;POLR3K;POLR3C;POLR3D;SSB
REACTOME_TNF_SIGNALING,0.322456813819578,0.753066238397048,0.101713902282311,0.276050469494831,1.08760455136449,45,UBE2D3;TNFRSF1A;ULK1;MADD;TAB2;TRAF2;RBCK1;RNF31;IKBKG;USP21;MAPKAPK2;SPPL2B;RACK1;BIRC2;RIPK1
REACTOME_TRANSPORT_OF_SMALL_MOLECULES,0.323643410852713,0.753066238397048,0.102080107662747,0.191804669155249,1.03552477898634,406,GNB5;SLC7A5;SLC29A3;CLCN2;SLC5A3;SLC12A7;SCNN1D;SLC6A3;CPTP;SLC39A7;SLCO4A1;ANGPTL8;HMOX1;BSG;SLC5A2;CLCN7;SLC35C1;ATP2A3;LIPG;SLC20A1;SLC1A7;ATP2A1;SLC6A1;BEST1;ADD3;SLC12A4;PARL;ABCD3;DMTN;ATP13A1;GNG11;PSMD7;NEDD4L;SLC38A2;PSMC3;SLC22A7;NR1H2;SRI;SLC36A1;SLC11A1;ATP6V0B;ABCC1;TCIRG1;ATP1B3;ABCC10;APOC3;AQP3;PRKAR1B;PMPCA;STEAP3;HMOX2;AQP1;SLC3A2;HBB;LMF1;LDLR;ABCC5;SLC7A10;ABCA8;ATP2A2;SLC26A6;PSMD6;ADCY9;APOA1;PSMA7;NR1H3;CA2;LETM1;SLC13A4;SLC25A1;SLC16A8;SLC2A8;ABCA3;SLCO1B1;SAR1B;PSMC6;GNG5;SLC25A10;ADCY3;SLC35D2;SLC4A2;ADD1;ABCB4;ATP6V0C;ABCC3;PSMA5;SLC66A1;GNB2;SLC30A1;TRPV4;FTH1;TRPM2;SCNN1A;CES3;SLC35A2;TUSC3;MCOLN1;RHBG;CLTC;PSMB3;AP2M1;GNG12;GLRX3;ATP8B1;SEL1L;LPA;ABCG5;AP2A2;SLC8B1;SLC25A22;ATP6V0D1;FBXL5;SLC30A3;ACO1;SLC2A10;ATP6V1G1;CYB5R1;PHB1;LMF2;SLC25A5;APOA4;SLC67A1;RIPK1;SLC6A12;PHB2;FXYD1;SLC4A4;MBTPS1;SLC39A6;CTNS
REACTOME_TRIGLYCERIDE_METABOLISM,0.320328542094456,0.753066238397048,0.106323255932708,0.349657139932383,1.09075940624984,19,FABP4;LIPE;PLIN1;ABHD5;PLIN3;PPP1CC;MGLL;DGAT1;PPP1CA;FABP3;LPIN2
REACTOME_INACTIVATION_OF_CSF3_G_CSF_SIGNALING,0.327345309381238,0.757192685336398,0.103197466945307,0.328482377971978,1.07750658751674,22,UBE2D3;CSF3;TYK2;HCK;STAT3;ELOB;SOCS3
REACTOME_INTERLEUKIN_1_FAMILY_SIGNALING,0.32712215320911,0.757192685336398,0.105520936843198,-0.231154131108814,-1.05803954299796,101,TRAF6;PTPN9;PELI2;MAPK8;MAP2K6;IL1R2;NOD1;PTPN4;PSMA4;PSMB5;BTRC;S100A12;PSMB1;NFKBIA;MAP2K4;PSMA3;HMGB1;IL1RN;PSMA2;RBX1;MAP2K1;PSMB6;PTPN18;CASP8;PSMD13;N4BP1;UBE2N;UBA52;PSMC1;RPS27A;PSMB4;NKIRAS2;ALPK1
REACTOME_RHOBTB1_GTPASE_CYCLE,0.330595482546201,0.762784539073855,0.104343952581949,0.346201457130101,1.07997936462869,19,VIM;CUL3;TXNL1;SPEN;DBN1
REACTOME_NRAGE_SIGNALS_DEATH_THROUGH_JNK,0.334677419354839,0.764500040222026,0.102449405629826,0.28723323058599,1.08150059897672,37,NGF;ABR;ARHGEF16;ARHGEF7;ARHGEF40;MCF2L;VAV2;OBSCN;ARHGEF10L;BAD
REACTOME_RND2_GTPASE_CYCLE,0.332644628099174,0.764500040222026,0.104343952581949,0.309008464810856,1.08306173017625,29,NISCH;EPHA2;PIK3R2;TXNL1;PLXND1;ARHGAP1;SCRIB;FNBP1;TNFAIP1
REACTOME_SIGNALLING_TO_ERKS,0.334615384615385,0.764500040222026,0.0995791200495904,-0.310792079466439,-1.07122862814033,27,KRAS;SHC3;RALB;FRS2;MAPK11;RAP1A;KIDINS220;MAPKAPK3;SOS1;MAP2K1
REACTOME_ZBP1_DAI_MEDIATED_INDUCTION_OF_TYPE_I_IFNS,0.333996023856859,0.764500040222026,0.101713902282311,0.366057183597482,1.10097756170012,16,DTX4;ZBP1;RELA;IKBKG;RIPK1;IRF3;NFKBIB;NFKB2
REACTOME_APC_C_CDH1_MEDIATED_DEGRADATION_OF_CDC20_AND_OTHER_APC_C_CDH1_TARGETED_PROTEINS_IN_LATE_MITOSIS_EARLY_G1,0.34639175257732,0.77144962627645,0.101713902282311,-0.268965758328994,-1.05801287211904,47,ANAPC15;PSMA4;PSMB5;PSMB1;CDC16;PSMA3;UBE2C;CDC27;PSMA2;PTTG1;PSMB6;PSMD13;UBA52;PSMC1;RPS27A;PSMB4
REACTOME_APC_C_MEDIATED_DEGRADATION_OF_CELL_CYCLE_PROTEINS,0.345679012345679,0.77144962627645,0.101713902282311,-0.260012247756656,-1.05629100635618,54,ANAPC15;PSMA4;PSMB5;BTRC;PSMB1;CDC16;PSMA3;UBE2C;CDC27;PSMA2;PTTG1;CCNA2;PSMB6;PSMD13;UBA52;PSMC1;RPS27A;PSMB4
REACTOME_ATF4_ACTIVATES_GENES_IN_RESPONSE_TO_ENDOPLASMIC_RETICULUM_STRESS,0.345309381237525,0.77144962627645,0.0999276973731092,0.324169194916309,1.06335823902893,22,ATF4;DDIT3;ATF3
REACTOME_CARDIAC_CONDUCTION,0.340909090909091,0.77144962627645,0.102821842840815,-0.256931611254356,-1.05618865263178,57,ASPH;CAMK2G;SCN8A;ATP1B1;CAMK2A;MME;FXYD7;KCNJ14;ATP1A1;SLC8A1
REACTOME_CELL_CELL_COMMUNICATION,0.347663551401869,0.77144962627645,0.0956031492204301,0.206319992754085,1.03236818329475,196,CTBP1;CLDN9;TCF3;H2AC6;PIK3R2;RBBP4;CLDN1;CDH4;ACTN1;PSMD7;H2AX;PSMC3;SNAI1;ACTN3;ACTA2;PARD6A;STRAP;PLEC;FLNA;FERMT2;H2AZ2;ZC3H12A;CD151;PSMD6;LAMA3;NCK2;CDH1;PSMA7;SMARCA4;PCSK7;POMT2;PRDM8;ACTG1;RBBP7;PARVA;PSMC6;HDAC1;CLDN7;CDH15;ACTG2;PSMA5;VASP;SUZ12;PKM;CLDN10;FOXA2;PSMB3;PIP5K1C;H2BC5;RACK1;PTPN11;KIRREL1;SPCS1;PTK2;CSNK2A2;ARID1A;PVR;CTNNB1;MAPK3;ADRM1;CLDN11;SDK2;VCL;ITGA6;ITGB1;SKAP2
REACTOME_MITOCHONDRIAL_TRANSLATION_ELONGATION,0.34504132231405,0.77144962627645,0.102080107662747,-0.253883710934297,-1.0436594129766,57,MRPS33;MRPL39;MRPS11;MRPS7;MRPL48;MRPL24;MRPS35;MRPL49;MRPL46;ERAL1;MRPS14;MRPL33
REACTOME_NUCLEAR_EVENTS_MEDIATED_BY_NFE2L2,0.3420523138833,0.77144962627645,0.100990587455923,0.248817198661852,1.06385901117653,74,MAFG;ATF4;HMOX1;GSR;NOTCH1;PSMD7;PSMC3;ABCC1;RELA;PDGFA;PSMD6;PSMA7;SQSTM1;PSMC6;BCL2L1;ABCC3;PSMA5;CCL2;TKT;PSMB3;BCL2;TXN;CREBBP
REACTOME_PI3K_AKT_SIGNALING_IN_CANCER,0.347826086956522,0.77144962627645,0.0988903007520636,0.253559381720463,1.06300435650493,68,CDKN1A;RHOG;PIK3R5;PIK3R2;GAB2;FGFR1;CD28;NR4A1;CDKN1B;ESR1;HBEGF;PDGFA;CD19;IRS1;RPS6KB2;TSC2;CASP9;BAD;FGF17;RAC2;PTPN11;CREB1;FGFR4;FGF18;PIK3CD;NTF3;MAPKAP1;MLST8;FOXO4;PDGFRB;LCK;FGFR2;IRS2
REACTOME_SIGNALING_BY_SCF_KIT,0.343195266272189,0.77144962627645,0.0995791200495904,-0.295167868595025,-1.07525374458146,34,KRAS;FER;LYN;PIK3R1;PTPRU;FYN;KIT
REACTOME_SLC_MEDIATED_TRANSPORT_OF_ORGANIC_ANIONS,0.347022587268994,0.77144962627645,0.101350743797099,0.320114804609019,1.06311788440252,23,SLCO4A1;BSG;SLC22A7;SLC25A1;SLC16A8;SLCO1B1;SLC25A10
REACTOME_TCF_DEPENDENT_SIGNALING_IN_RESPONSE_TO_WNT,0.345149253731343,0.77144962627645,0.0959206777921745,0.225264340169489,1.04992651824069,120,CTBP1;TCF7L2;H2AC6;TCF7;CSNK1A1;FZD1;PPP2R5B;MEN1;PSMD7;CUL3;H2AX;PSMC3;XPO1;TLE2;KLHL12;CXXC4;RYK;H2AZ2;AXIN1;PSMD6;SOX9;PSMA7;SMARCA4;PSMC6;RUNX3;HDAC1;DVL2;PSMA5
REACTOME_UBIQUITIN_MEDIATED_DEGRADATION_OF_PHOSPHORYLATED_CDC25A,0.344329896907217,0.77144962627645,0.102080107662747,-0.269355242392848,-1.05954495990451,47,NEK11;PSMA4;PSMB5;BTRC;PSMB1;PSMA3;CHEK2;PSMA2;RBX1;MAPK11;GSK3B;PSMB6;PSMD13;UBA52;PSMC1;RPS27A;PSMB4
REACTOME_AUTOPHAGY,0.352272727272727,0.773364023130548,0.0956031492204301,0.225361531209258,1.03309792706489,112,UBE2D3;PLIN2;PRKAG2;ATG4B;HSF1;ULK1;VIM;RRAGA;TUBA1A;DYNC1H1;VPS37C;HSP90AB1;WDR45B;HBB;PARK7;TSG101;SQSTM1;TSC2;PCNT;HSP90AA1;GABARAPL2;EPAS1;WDR45;TUBA3C;MAP1LC3B;ATG101;PLIN3;HDAC6;MVB12B;VPS37B;EEF1A1;GABARAPL1;TUBB6;ATG9A
REACTOME_LEISHMANIA_INFECTION,0.353497164461248,0.773364023130548,0.0952879846194844,0.22629636842647,1.03980790049178,113,GNB5;PLCG1;HMOX1;ARPC5;JUN;PYCARD;P2RX4;CD247;GGT5;CRK;GNG11;MYO1C;MYO10;MYH9;PRKAR1B;HSP90AB1;RELA;FGR;ADCY9;RHBDF2;VAV2;ARPC1A;ARPC2;ACTG1;HCK;GNG5;ADCY3;MYO9B;DVL2;GNB2;BTK
REACTOME_SARS_COV_2_ACTIVATES_MODULATES_INNATE_AND_ADAPTIVE_IMMUNE_RESPONSES,0.351626016260163,0.773364023130548,0.0999276973731092,-0.23881878763899,-1.04674933681859,79,TLR2;TRAF6;NOD1;G3BP1;PIK3C3;NUP88;NUP155;NUP160;MBL2;ATG14;RAE1;NUP205;NUP133;NUP43;TPR
REACTOME_SIGNALING_BY_ERBB4,0.353754940711462,0.773364023130548,0.0978773277424561,-0.28535088242888,-1.0640382673723,37,KRAS;APH1B;PIK3R1;WWOX;NCSTN;EGFR;NEDD4
REACTOME_TNFR2_NON_CANONICAL_NF_KB_PATHWAY,0.35361216730038,0.773364023130548,0.0956031492204301,0.253688148087895,1.06290122921652,65,TNFRSF12A;UBE2M;TNFRSF14;TNFRSF1A;LTB;PSMD7;PSMC3;TRAF2;PSMD6;PSMA7;PSMC6;PSMA5;PSMB3;BIRC2;EDA;TNFRSF4;ADRM1;LTBR;TNFSF14;NFKB2;CD40;TNFRSF8
REACTOME_TP53_REGULATES_TRANSCRIPTION_OF_CELL_DEATH_GENES,0.353305785123967,0.773364023130548,0.100633389423036,0.30399656225899,1.06549522159332,29,IGFBP3;BAX;BCL6;PERP;STEAP3;TRIAP1;NDRG1;CASP2
REACTOME_DISEASES_OF_CARBOHYDRATE_METABOLISM,0.357976653696498,0.778875569562927,0.096240602328129,-0.296763090428968,-1.05731153488972,30,GALNS;EPM2A;SLC37A4;GLB1;GNS;ALDOB;GBE1
REACTOME_INTERLEUKIN_RECEPTOR_SHC_SIGNALING,0.357707509881423,0.778875569562927,0.0972150808846466,0.35127296991013,1.06787528002861,17,INPP5D;PIK3R2;GAB2;SHC1;INPPL1;PIK3CD;JAK3;CSF2RA;JAK1;PTPN6
REACTOME_KERATAN_SULFATE_KERATIN_METABOLISM,0.359767891682785,0.780917982894387,0.0956031492204301,-0.3176250474518,-1.05640922887908,24,GALNS;B4GALT1;GLB1;ST3GAL1;GNS;B4GALT4
REACTOME_DEGRADATION_OF_GLI1_BY_THE_PROTEASOME,0.363256784968685,0.786626985889634,0.0995791200495904,-0.274662441280492,-1.05973917511602,44,PSMA4;PSMB5;BTRC;PSMB1;PSMA3;PSMA2;RBX1;PRKACA;PSMB6;PSMD13;UBA52;PSMC1;RPS27A;PRKACG;PSMB4;PSMC4;PSMD14;PSMC2;PSMB2
REACTOME_DEFECTIVE_INTRINSIC_PATHWAY_FOR_APOPTOSIS,0.365853658536585,0.788522238163558,0.09754492162472,0.348846696044201,1.06076104823395,18,JUN;C1QBP;CAPNS1;CDK5R1;CAPN2
REACTOME_SIGNALING_BY_WNT_IN_CANCER,0.365180467091295,0.788522238163558,0.10027910675413,0.316273741120107,1.07238549440628,25,CTBP1;TCF7L2;CSNK1A1;PPP2R5B
REACTOME_BASIGIN_INTERACTIONS,0.36734693877551,0.789189086270254,0.09754492162472,0.325398797236329,1.04346181970261,21,SLC7A5;BSG;ATP1B3;SLC3A2;SLC7A10;SLC16A8
REACTOME_CD28_DEPENDENT_PI3K_AKT_SIGNALING,0.367886178861789,0.789189086270254,0.0972150808846466,0.34802795440183,1.0582714467768,18,TRIB3;PIK3R5;PIK3R2;CD28
REACTOME_CDK_MEDIATED_PHOSPHORYLATION_AND_REMOVAL_OF_CDC6,0.371369294605809,0.79172914378492,0.0978773277424561,-0.265424211973237,-1.03368746592258,46,ANAPC15;PSMA4;PSMB5;PSMB1;CDC16;PSMA3;UBE2C;CDC27;PSMA2;CCNA2;PSMB6;PSMD13;UBA52;PSMC1;RPS27A;PSMB4
REACTOME_COOPERATION_OF_PDCL_PHLP1_AND_TRIC_CCT_IN_G_PROTEIN_BETA_FOLDING,0.371663244353183,0.79172914378492,0.0972150808846466,0.311803781963296,1.03551654674138,23,GNB5;GNA11;GNG11;TCP1;CCT4;CCT6A;GNG5;GNB2;GNG12;CSNK2A2;GNA14
REACTOME_INTRACELLULAR_SIGNALING_BY_SECOND_MESSENGERS,0.371534195933457,0.79172914378492,0.0911073131586733,0.202771985002877,1.02652220913875,207,CDKN1A;PLCG1;CBX4;TRIB3;PHC2;GATAD2A;HDAC5;RHOG;IER3;PIK3R5;JUN;SCMH1;PIK3R2;RBBP4;GAB2;RRAGA;PPP2R5B;MECOM;FGFR1;CD28;EGR1;PSMD7;PSMC3;SNAI1;NR4A1;CDKN1B;ESR1;HBEGF;PIP4K2B;PRKAR1B;PDGFA;CD19;PSMD6;IRS1;ADCY9;PSMA7;RPS6KB2;TSC2;RBBP7;PSMC6;ADCY3;CASP9;BAD;HDAC1
REACTOME_TRIGLYCERIDE_CATABOLISM,0.374245472837022,0.795380169648984,0.0956031492204301,0.368364111251264,1.08476127206207,15,FABP4;LIPE;PLIN1;ABHD5;PLIN3;PPP1CC
REACTOME_MITOTIC_SPINDLE_CHECKPOINT,0.375527426160338,0.796257227691827,0.0982123351217438,-0.250953469015087,-1.04232883817498,61,ANAPC15;PPP2R5A;NUP160;CDC16;NUP133;UBE2C;DYNC1I1;CDC27;ZW10;INCENP;NUP43;CDCA8;ITGB3BP;NUDC
REACTOME_RECYCLING_PATHWAY_OF_L1,0.376811594202899,0.797134919838002,0.096887770327544,0.29216339255824,1.04651417518886,31,RPS6KA3;TUBA1A;RPS6KA4;DPYSL2;ACTG1;TUBA3C;RPS6KA1;CLTC;AP2M1;AP2A2;EZR;TUBB6;AP2S1;TUBB4B;TUBA1B;TUBA4A
REACTOME_POTASSIUM_CHANNELS,0.380081300813008,0.802199243190589,0.0952879846194844,-0.26711667188323,-1.02562181457563,42,KCNN2;KCNJ8;KCNA10;KCNF1;KCNJ14;KCNA1;KCNMB3;KCNMB4;KCNH4;KCNC3;KCNMA1;KCNJ3;KCNAB1;KCNB1;KCNJ2;GABBR1
REACTOME_SYNTHESIS_OF_PIPS_AT_THE_GOLGI_MEMBRANE,0.382178217821782,0.804770683964948,0.0934449219410994,-0.356230768205466,-1.03631340329196,15,PIK3C3;ARF3;FIG4;VAC14;PI4K2A;PIKFYVE;PIK3R4
REACTOME_LATE_SARS_COV_2_INFECTION_EVENTS,0.383505154639175,0.80571266433368,0.0956031492204301,-0.263926403840025,-1.03818989558246,47,SRPK2;ACE2;ST6GALNAC2;EDEM2;SRPK1;MAN2A1;ST3GAL1;TMEM258
REACTOME_INTRINSIC_PATHWAY_OF_FIBRIN_CLOT_FORMATION,0.385518590998043,0.808089312023358,0.0922597260527354,-0.327143040567862,-1.04834195824203,20,SERPINC1;SERPIND1;F9;KNG1;PRCP;SERPINE2;F11;PROC;KLKB1;SERPING1
REACTOME_ACTIVATION_OF_BH3_ONLY_PROTEINS,0.386847195357834,0.80902290170725,0.0913924325943768,-0.312670301923116,-1.03992992743469,24,TFDP2;MAPK8;SFN;YWHAE;PPP3R1
REACTOME_FGFR2_ALTERNATIVE_SPLICING,0.389690721649485,0.813113214193458,0.0946646223153342,0.308876979339519,1.03800237889705,24,HNRNPH1;POLR2J;POLR2I;HNRNPF;PTBP1;TIAL1;GTF2F1;HNRNPM
REACTOME_NOTCH3_ACTIVATION_AND_TRANSMISSION_OF_SIGNAL_TO_THE_NUCLEUS,0.393145161290323,0.814753320683112,0.0928481214159878,-0.352154767955313,-1.06097596301931,17,APH1B;NCSTN;EGFR
REACTOME_SIGNALING_BY_ALK,0.391836734693878,0.814753320683112,0.0937465422491719,0.318599809631265,1.02165939130161,21,PLCG1;PIK3R2;DNMT1;IRS1;SHC1;STAT3;HDAC1
REACTOME_SIGNALING_BY_EGFR_IN_CANCER,0.393145161290323,0.814753320683112,0.0928481214159878,-0.351947847559302,-1.06035255085397,17,KRAS;GAB1;PIK3R1;EGFR
REACTOME_ACTIVATION_OF_AMPK_DOWNSTREAM_OF_NMDARS,0.406438631790745,0.820266014786144,0.0908241419007155,0.358968790448008,1.0570938640962,15,PRKAG2;TUBA1A;TUBA3C;CAMKK2;TUBB6;TUBB4B;TUBA1B;TUBA4A
REACTOME_BRANCHED_CHAIN_AMINO_ACID_CATABOLISM,0.401960784313726,0.820266014786144,0.0899860794997137,-0.341143556130855,-1.05857841474993,18,MCCC2;ACAD8;BCKDHB;AUH;ALDH6A1;ACADSB;DLD
REACTOME_DEGRADATION_OF_CRY_AND_PER_PROTEINS,0.405010438413361,0.820266014786144,0.0931454575337804,-0.263222489229993,-1.01560003001543,44,PSMA4;PSMB5;BTRC;PSMB1;PSMA3;PSMA2;RBX1;PSMB6;PSMD13;UBA52;PSMC1;RPS27A;PSMB4;CRY2;PSMC4;PER1;PSMD14;PSMC2;PSMB2
REACTOME_FOXO_MEDIATED_TRANSCRIPTION,0.402697495183044,0.820266014786144,0.088894528862045,0.257472597540187,1.03100864541323,50,CDKN1A;DDIT3;STK11;PCK1;PCBP4;CDKN1B;BCL6;SMAD3;SREBF1;POMC;KAT2B;GADD45A;HDAC1;FOXG1;NR3C1;TXN;CREBBP
REACTOME_HDR_THROUGH_HOMOLOGOUS_RECOMBINATION_HRR,0.400394477317554,0.820266014786144,0.0905428948469474,-0.286538192059293,-1.04381708430492,34,RFC4;XRCC2;NBN;RAD17;POLD3;HUS1;ATM;RFC1;KAT5;TOPBP1;UBA52;RPS27A;POLE2;RAD1
REACTOME_KERATAN_SULFATE_BIOSYNTHESIS,0.402439024390244,0.820266014786144,0.0919686140000427,0.337744725175679,1.02700255664008,18,PRELP;ST3GAL2;B3GNT3;ST3GAL4;SLC35D2;LUM;FMOD
REACTOME_REGULATION_OF_TLR_BY_ENDOGENOUS_LIGAND,0.405241935483871,0.820266014786144,0.0911073131586733,-0.34937657355371,-1.05260578675332,17,TLR2;GSDME;HMGB1;FGB
REACTOME_RHOC_GTPASE_CYCLE,0.406551059730251,0.820266014786144,0.0883594442500905,0.256032282153562,1.02524112828745,50,ABR;PKN1;ABCD3;ARHGEF40;MCF2L;RHOA;C1QBP;ARHGAP1;STK10;VAV2;ARHGEF10L;DLC1;MYO9B;STX5;FLOT1
REACTOME_RHOG_GTPASE_CYCLE,0.406130268199234,0.820266014786144,0.0880945010398517,0.251008378751247,1.01868977066797,55,EPHA2;YKT6;RHOG;ARHGEF16;MAP3K11;MCF2L;CDC42EP1;ANKLE2;ARHGAP1
REACTOME_ROLE_OF_PHOSPHOLIPIDS_IN_PHAGOCYTOSIS,0.400801603206413,0.820266014786144,0.0913924325943768,-0.350159339161782,-1.03807645700649,16,PLD1;CD3G;PIK3R1;PLD2
REACTOME_TOLL_LIKE_RECEPTOR_9_TLR9_CASCADE,0.399594320486815,0.820266014786144,0.0922597260527354,-0.233714566811731,-1.02800320687817,80,TRAF6;PELI2;MAPK8;MAP2K6;NOD1;PIK3C3;BTRC;VRK3;S100A12;NFKBIA;MAP2K4;HMGB1;MAPK11;RPS6KA5;MAPKAPK3;MAP2K1;IRF5;CASP8;N4BP1;UBE2N;UBA52;TLR4;RPS27A;NKIRAS2;ALPK1
REACTOME_VEGFR2_MEDIATED_VASCULAR_PERMEABILITY,0.404081632653061,0.820266014786144,0.0919686140000427,0.315834210142994,1.01279089670633,21,TRIB3;NOS3;VAV2;HSP90AA1;CTNNB1;MAPKAP1;MLST8;CTNNA1
REACTOME_DEATH_RECEPTOR_SIGNALING,0.408317580340265,0.822019568333368,0.0870515867946735,0.218416689017779,1.00360160624379,113,UBE2D3;NGF;ABR;ARHGEF16;TNFRSF1A;ULK1;MADD;ARHGEF7;ARHGEF40;MCF2L;RHOA;TAB2;TRAF2;RELA;BEX3;VAV2;RBCK1;SQSTM1;CASP2;OBSCN;RNF31;IKBKG;ARHGEF10L;BAD;HDAC1;PSEN2;CASP3;USP21;MAPKAPK2;SPPL2B;RACK1;FGD1;ARHGEF2;BIRC2
REACTOME_HSF1_DEPENDENT_TRANSACTIVATION,0.410901467505241,0.823601190885779,0.0925528864684773,0.30096151769045,1.0355395618391,26,DNAJB1;HSF1;HSPH1;PTGES3;HSP90AB1;HSP90AA1;SERPINH1;HSPB1;CREBBP;MRPL18;HSPA8;MLST8;FKBP4
REACTOME_REGULATION_OF_CHOLESTEROL_BIOSYNTHESIS_BY_SREBP_SREBF,0.410569105691057,0.823601190885779,0.0908241419007155,-0.255556838882365,-1.01923824054154,49,MBTPS2;KPNB1;ACACB;TBL1X;MED1;NCOA2;NCOA6;INSIG2;ELOVL6;NFYC;NFYB;TGS1;IDI1
REACTOME_ASPARAGINE_N_LINKED_GLYCOSYLATION,0.414316702819957,0.824170293131172,0.0940503465727813,-0.201018832590577,-1.01556069699479,212,ST6GALNAC2;DCTN6;UGGT1;ALG9;ANK2;ASGR2;F5;SLC17A5;EDEM2;COG5;NEU3;KDELR2;SERPINA1;MIA3;LMAN2L;TRAPPC4;MGAT3;B4GALT1;ARF3;OS9;MAN1A2;GLB1;ANKRD28;MAN2A1;GNE;TMED10;ST3GAL1;TUBB2A;TMEM258;B4GALT4;AMFR;FUCA1;MPI;ALG6;UGGT2;DYNC1I1;STX17;ALG8
REACTOME_O_GLYCOSYLATION_OF_TSR_DOMAIN_CONTAINING_PROTEINS,0.414784394250513,0.824170293131172,0.0908241419007155,0.325704881013035,1.01604006340369,19,ADAMTSL2;SPON2;POFUT2;THBS1;ADAMTS13;ADAMTS7;ADAMTS1;THBS2
REACTOME_SIGNALING_BY_FGFR1,0.412915851272016,0.824170293131172,0.0883594442500905,-0.283779794930327,-1.03092321301997,33,KRAS;FGF4;GAB1;PIK3R1
REACTOME_TRANSCRIPTIONAL_REGULATION_BY_THE_AP_2_TFAP2_FAMILY_OF_TRANSCRIPTION_FACTORS,0.414784394250513,0.824170293131172,0.0908241419007155,0.302779223436875,1.00554551937826,23,CDKN1A;YY1;VEGFA;KCTD15;ESR1
REACTOME_PHOSPHORYLATED_BMAL1_CLOCK_ARNTL_CLOCK_ACTIVATES_EXPRESSION_OF_CORE_CLOCK_GENES,0.41699604743083,0.826369445999876,0.0883594442500905,0.335400733947301,1.01962343637602,17,BHLHE40;RORC;TFEB;CREBBP;CREB1;NPAS2
REACTOME_REPRODUCTION,0.417695473251029,0.826369445999876,0.0905428948469474,-0.249914435911604,-1.01526898555588,54,ADAM20;POT1;STAG1;NBN;H4C3;B4GALT1;CXCR4;STAG3;OVGP1;ATM;CATSPERG;PRDM1
REACTOME_DISEASES_OF_SIGNAL_TRANSDUCTION_BY_GROWTH_FACTOR_RECEPTORS_AND_SECOND_MESSENGERS,0.419776119402985,0.826913818006741,0.0847985102819124,0.191556377216573,1.01422487550093,324,JUNB;CDKN1A;DUSP8;CTBP1;PLCG1;ZAP70;TCF7L2;RAP1B;HDAC5;RHOG;PIK3R5;JUN;PIK3R2;NOTCH1;MRAS;CSNK1A1;GAB2;PPP2R5B;DUSP6;FGFR1;CD28;MAP3K11;PSMD7;POLR2J;PSMC3;CUX1;NR4A1;NCOR2;HRAS;CDKN1B;POLR2I;MYH9;ESR1;HBEGF;PIM1;DNMT1;KLC1;KIF5B;MPRIP;PDGFA;CD19;AXIN1;SMAD3;PSMD6;IRS1;KAT2A;TPM4;CNKSR1;FKBP1A;PSMA7;DUSP9;MAMLD1;RPS6KB2;SQSTM1;TSC2;HES1;ACTG1;HSP90AA1;TYK2;MAML3;SHC1;IL10RA;PSMC6;STAT3;TGFB1;BCL2L1;SPRED2;KAT2B;CASP9;BAD;HDAC1
REACTOME_PROCESSING_OF_DNA_DOUBLE_STRAND_BREAK_ENDS,0.419624217118998,0.826913818006741,0.0911073131586733,-0.261510722435713,-1.00899546361711,44,RFC4;NBN;H4C3;RAD17;HUS1;ATM;RNF4;CCNA2;TIMELESS;KAT5;TOPBP1;HERC2;BABAM2;UBE2N;UBA52;RPS27A;RAD1;BRCC3;H4C5
REACTOME_PURINERGIC_SIGNALING_IN_LEISHMANIASIS_INFECTION,0.421359223300971,0.82825117713238,0.086794975677172,-0.329405715562568,-1.04043938715981,19,ENTPD5;MEFV;C3
REACTOME_CELL_DEATH_SIGNALLING_VIA_NRAGE_NRIF_AND_NADE,0.425925925925926,0.83187238411119,0.0894366833718621,-0.248220390363214,-1.00838698252502,54,AKAP13;TRAF6;MAPK8;APH1B;ARHGEF9;SOS2;NCSTN;TIAM1;YWHAE
REACTOME_SLC_TRANSPORTER_DISORDERS,0.425887265135699,0.83187238411119,0.0902635484340068,-0.237701504537014,-1.00847994371385,66,SLC12A6;SLC17A5;SLC11A2;NUP88;NUP155;SLC7A9;NUP160;RAE1;NUP205;GCK;NUP133;SLC1A3;NUP43;TPR;NUP54
REACTOME_TAK1_DEPENDENT_IKK_AND_NF_KAPPA_B_ACTIVATION,0.425818882466281,0.83187238411119,0.0857844408075645,-0.28377857381968,-1.01787011045582,31,TRAF6;NOD1;S100A12;NFKBIA;HMGB1;CASP8;N4BP1;UBE2N;UBA52;RPS27A;NKIRAS2;ALPK1
REACTOME_PTEN_REGULATION,0.428571428571429,0.833484986351228,0.0847985102819124,0.222647884287935,1.0075025433135,95,CBX4;PHC2;GATAD2A;HDAC5;JUN;SCMH1;RBBP4;RRAGA;MECOM;EGR1;PSMD7;PSMC3;SNAI1
REACTOME_TRANSCRIPTIONAL_REGULATION_OF_WHITE_ADIPOCYTE_DIFFERENTIATION,0.428274428274428,0.833484986351228,0.0897104652742981,-0.242688576827717,-1.00282967799384,59,MED27;MED13L;MED8;CDK19;TBL1X;MED1;NCOA2;NCOA6;SLC2A4;PPARGC1A;MED7;MED13
REACTOME_P75_NTR_RECEPTOR_MEDIATED_SIGNALLING,0.43030303030303,0.835079609655881,0.0878312634480124,-0.235846889989987,-1.01330958587744,70,PRKCI;AKAP13;TRAF6;MAPK8;APH1B;ARHGEF9;SOS2;NCSTN;TIAM1;YWHAE;NFKBIA
REACTOME_HCMV_LATE_EVENTS,0.432048681541582,0.836694698291943,0.0878312634480124,-0.253316640960523,-1.00388540009846,48,H4C3;NUP88;NUP155;NUP160;RAE1;NUP205;NUP133;NUP43;TPR;CHMP2B;NUP54
REACTOME_ACTIVATION_OF_THE_MRNA_UPON_BINDING_OF_THE_CAP_BINDING_COMPLEX_AND_EIFS_AND_SUBSEQUENT_BINDING_TO_43S,0.436853002070393,0.838886091772427,0.0883594442500905,-0.246677587280745,-0.998723769703854,53,RPS3;EIF1AX;RPS23;EIF4E;RPS21;RPS13;RPS15A;RPS3A;EIF3A;RPS24;RPS6;EIF3H;RPS29;EIF2S3;EIF3D;RPS27A;RPS4X;EIF3E;EIF3I;EIF2S1;RPS8;RPS27;RPS17;EIF3K;EIF3M;RPS25
REACTOME_ONCOGENE_INDUCED_SENESCENCE,0.436399217221135,0.838886091772427,0.0852884689790502,-0.318297998732321,-1.01999769494208,20,TFDP2;AGO3;E2F3
REACTOME_P75NTR_SIGNALS_VIA_NF_KB,0.43687374749499,0.838886091772427,0.0865399737444125,-0.344141587257232,-1.02023633144773,16,PRKCI;TRAF6
REACTOME_RHO_GTPASES_ACTIVATE_ROCKS,0.437375745526839,0.838886091772427,0.0860347242455604,0.341398475515213,1.02681241615569,16,RHOA;MYH9;MYL9;MYH10;LIMK1;LIMK2
REACTOME_SIGNALING_BY_CSF3_G_CSF,0.437759336099585,0.838886091772427,0.0883594442500905,0.291239502437629,1.00942029651264,27,UBE2D3;CSF3;GAB2;TYK2;HCK;SHC1;STAT3;ELOB;SOCS3;PTPN11
REACTOME_BIOLOGICAL_OXIDATIONS,0.441113490364026,0.841799733865602,0.0897104652742981,-0.214299357131107,-1.00677339930722,126,CYP3A5;TPST1;CYP2C19;CYP26A1;CYP2B6;ABHD10;SULT1A2;UGT2B4;AADAC;TPMT;PTGS1;SULT1A1;NCOA2;MTARC1;COMT;ESD;CYP2C8;MAOA;MTRR;AKR1A1;NQO2;CYP46A1;GSS;ARNT;AOC1;CYP39A1;GSTA4;DPEP1
REACTOME_TCR_SIGNALING,0.441117764471058,0.841799733865602,0.0857844408075645,0.225081988585668,0.996980260515809,87,GRAP2;PLCG1;ZAP70;LAT;INPP5D;PIK3R2;CD247;HLA-DQB1;PSMD7;PSMC3;TAB2;LCP2;RELA;PSMD6;PSMA7;PSMC6;IKBKG;CD3E;PSMA5;VASP
REACTOME_DISEASES_ASSOCIATED_WITH_O_GLYCOSYLATION_OF_PROTEINS,0.446028513238289,0.842114307316906,0.0862865626267245,0.272925821213764,1.00224816512242,33,MUC6;NOTCH1;ADAMTSL2;SPON2;LFNG;THBS1;POMT2;ADAMTS13;ADAMTS7;ADAMTS1;GALNT3;THBS2
REACTOME_DUAL_INCISION_IN_TC_NER,0.444444444444444,0.842114307316906,0.0880945010398517,-0.246793356688902,-0.994186244818063,52,DDB1;RFC4;ERCC4;POLR2A;POLD3;POLR2B;ERCC8;POLR2D;MNAT1;RFC1;RBX1
REACTOME_FORMATION_OF_INCISION_COMPLEX_IN_GG_NER,0.444889779559118,0.842114307316906,0.0855356947987884,-0.267435722923027,-1.00043960575554,38,PIAS1;DDB1;CETN2;XPC;ERCC4;CHD1L;MNAT1;RBX1
REACTOME_GLYCEROPHOSPHOLIPID_BIOSYNTHESIS,0.446464646464646,0.842114307316906,0.0857844408075645,-0.233289197951244,-1.00232053335828,70,CDS2;PLD1;PLA1A;CPNE3;BCHE;PTDSS1;ETNK2;AGPAT5;MBOAT2;ACP6;PLD2;AGK
REACTOME_GSK3B_MEDIATED_PROTEASOMAL_DEGRADATION_OF_PD_L1_CD274,0.448275862068966,0.842114307316906,0.0857844408075645,-0.263810906472709,-1.0036317068717,41,PSMA4;PSMB5;BTRC;PSMB1;PSMA3;PSMA2;RBX1;GSK3B;PSMB6;PSMD13;UBA52;PSMC1;RPS27A;PSMB4;PSMC4;PSMD14;PSMC2;PSMB2
REACTOME_G_ALPHA_I_SIGNALLING_EVENTS,0.448343079922027,0.842114307316906,0.0835990603684159,0.214036172057109,1.00485174893742,135,GNB5;OPRD1;CXCR3;S1PR2;CX3CL1;PF4;RGS14;GNA11;FPR1;GNG11;SSTR3;GALR3;ADRA2B;CXCR6;MCHR1;LPAR2;CXCL12;PPP3CC;PRKAR1B;ADORA1;CCL4;ADCY9;SSTR2;POMC;GNG5;ADCY3;GNB2;CHRM4;GPER1;HTR1B;CAMKK2;GNG12;PRKCD;ADRA2C
REACTOME_SUMOYLATION_OF_INTRACELLULAR_RECEPTORS,0.445360824742268,0.842114307316906,0.0870515867946735,0.298494213129463,1.00311037739983,24,NR1H2;PIAS3;ESR1;THRA;RARA;PIAS4;NR1H3
REACTOME_TNFR1_INDUCED_NF_KAPPA_B_SIGNALING_PATHWAY,0.448637316561845,0.842114307316906,0.0875697115548511,0.292125808470311,1.005137912736,26,TNFRSF1A;TAB2;TRAF2;RBCK1;RNF31;IKBKG;USP21;RACK1;BIRC2;RIPK1
REACTOME_APOPTOTIC_FACTOR_MEDIATED_RESPONSE,0.454728370221328,0.850388155262105,0.0845557442441281,0.342319537803316,1.00806502571021,15,C1QBP;BAX;CASP9;DIABLO;CASP3;AVEN;MAPK3
REACTOME_MITOCHONDRIAL_CALCIUM_ION_TRANSPORT,0.454901960784314,0.850388155262105,0.083129129135339,-0.329438487954402,-1.02225724645556,18,PMPCB;MICU1;MCUB
REACTOME_UCH_PROTEINASES,0.464491362763916,0.866546004667509,0.0808589150280032,0.245734048721344,1.00530027739544,59,SMAD7;H2AC6;NFRKB;YY1;ASXL2;PSMD7;PSMC3;HCFC1;PSMD6;PSMA7;OGT;PSMC6;TGFB1;PSMA5;PSMB3;MCRS1
REACTOME_CYTOSOLIC_TRNA_AMINOACYLATION,0.469061876247505,0.869797916145128,0.0824344091527096,0.297405327049409,0.975565876735234,22,PPA1;YARS1;MARS1;SARS1;IARS1
REACTOME_SWITCHING_OF_ORIGINS_TO_A_POST_REPLICATIVE_STATE,0.467479674796748,0.869797916145128,0.0835990603684159,-0.235604829723481,-0.983253526983813,60,ANAPC15;PSMA4;ORC3;PSMB5;PSMB1;CDC16;PSMA3;UBE2C;CDC27;PSMA2;RBX1;CCNA2;MCM4;PSMB6;PSMD13;UBA52;PSMC1;RPS27A;PSMB4
REACTOME_S_PHASE,0.46908315565032,0.869797916145128,0.0860347242455604,-0.216109193134151,-0.998311694583123,108,ANAPC15;TFDP2;WEE1;STAG1;RFC4;GINS3;PSMA4;ORC3;PSMB5;PSMB1;POLD3;CDC16;POLA1;PSMA3;UBE2C;CDC27;PSMA2;MNAT1;RBL2;RFC1;RBX1;CCNA2;GSK3B;MCM4;PSMB6
REACTOME_CARGO_CONCENTRATION_IN_THE_ER,0.475728155339806,0.870301781055751,0.0802023444698144,-0.298821309476136,-0.98293740320657,23,F5;SERPINA1;MIA3;LMAN2L;TMED10
REACTOME_COMPLEX_III_ASSEMBLY,0.475609756097561,0.870301781055751,0.0826646449123753,0.318754016654814,0.969256262621163,18,CYC1;FXN;LETM1;NFS1;UQCRQ;UQCRFS1;TTC19;UQCRB
REACTOME_DEACTIVATION_OF_THE_BETA_CATENIN_TRANSACTIVATING_COMPLEX,0.483606557377049,0.870301781055751,0.0822054920415869,0.27504725648458,0.973861246030297,30,CTBP1;TCF7L2;TCF7;MEN1;XPO1;TLE2
REACTOME_EPH_EPHRIN_SIGNALING,0.478174603174603,0.870301781055751,0.0810802057550866,0.227972732397279,0.980753191989776,76,SDC2;EPHA2;ARPC5;ARHGEF7;RHOA;MMP9;HRAS;MYH9;EFNB1;MYL9;NCK2;MYH10;VAV2;ARPC1A;ARPC2;ACTG1;LIMK1;LIMK2;PSEN2;CLTC;AP2M1;AP2A2;ACTR3;PTK2;EFNB2;CFL1;APH1A;AP2S1;CLTCL1
REACTOME_G_ALPHA_S_SIGNALLING_EVENTS,0.479087452471483,0.870301781055751,0.0787113806986485,0.237250943222978,0.994032717275827,65,GNB5;GCGR;GNG11;HTR7;GIPR;PRKAR1B;GRK5;ADCY9;RAMP3;POMC;SHC1;ADM;GNG5;ADCY3;GNB2;GPER1;GNG12;PTH1R
REACTOME_INITIAL_TRIGGERING_OF_COMPLEMENT,0.480492813141684,0.870301781055751,0.0826646449123753,0.310328962288176,0.968074710881175,19,CFD;COLEC11;GZMM;FCN1;MASP2;FCN2
REACTOME_MATURATION_OF_DENV_PROTEINS,0.478260869565217,0.870301781055751,0.0808589150280032,-0.265499731495798,-0.990015772455199,37,KPNB1;TMEM258;KPNA4;KPNA1;P4HA2;HYOU1;SEC11A;SPCS2;DPM1;CANX;STT3A;UBA52;MAGT1;RPS27A;P4HA1
REACTOME_MITOCHONDRIAL_PROTEIN_IMPORT,0.482474226804124,0.870301781055751,0.0826646449123753,-0.247275063588735,-0.972689616166413,47,PMPCB;COQ2;CHCHD7;SAMM50;ATP5MC1;SLC25A4;TIMM8B;MTX1;TIMM10;CMC2
REACTOME_OXIDATIVE_STRESS_INDUCED_SENESCENCE,0.475991649269311,0.870301781055751,0.0840745577910723,-0.237364906405322,-0.977612288705295,58,TFDP2;MAPK8;PHC3;AGO3;MAP2K6;E2F3;PHC1;H4C3
REACTOME_PROCESSING_OF_CAPPED_INTRONLESS_PRE_MRNA,0.481409001956947,0.870301781055751,0.0799858801499946,-0.30893236501413,-0.98998517572338,20,SNRPD3;CSTF2T;CPSF6;CLP1;SNRPE;CSTF2;SNRPF
REACTOME_RESOLUTION_OF_ABASIC_SITES_AP_SITES,0.473988439306358,0.870301781055751,0.0799858801499946,-0.274489937560433,-0.98455320041599,31,MBD4;POLB;OGG1;RFC4;POLD3;UNG;RFC1;APEX1;NEIL1;LIG1
REACTOME_RHOV_GTPASE_CYCLE,0.473794549266247,0.870301781055751,0.0845557442441281,0.285496459386569,0.982327842870138,26,EPHA2;ARHGEF7;MAP3K11;TXNL1;PARD6A;TPM4;NCK2
REACTOME_SARS_COV_1_INFECTION,0.473347547974414,0.870301781055751,0.0855356947987884,-0.215062370650022,-0.993475920996153,108,ACE2;ST6GALNAC2;TRAF6;KPNB1;PPIH;RPS3;RPS23;PIK3C3;RPS21;SFN;PPIG;RPS13;YWHAE;ST3GAL1;NFKBIA
REACTOME_SIGNALING_BY_MODERATE_KINASE_ACTIVITY_BRAF_MUTANTS,0.478260869565217,0.870301781055751,0.0808589150280032,-0.26541124946133,-0.989685833855227,37,KRAS;CAMK2G;CAMK2A;ARRB1;TLN1;FGB;RAP1A;FN1;MAP2K1
REACTOME_SYNTHESIS_OF_PIPS_AT_THE_PLASMA_MEMBRANE,0.483606557377049,0.870301781055751,0.0822054920415869,0.269672491960568,0.99323881766347,35,RUFY1;PIK3R5;INPP5D;PIK3R2;PIP4K2B;PIK3C2B;PLEKHA4;PLEKHA6;RAB4A;INPPL1;PIP5K1C;PIK3CD;PLEKHA2;SYNJ2;MTMR1;PIP4K2A
REACTOME_KERATINIZATION,0.487854251012146,0.876224497896325,0.0810802057550866,0.266428419933256,0.991558096494057,36,KRT18;KLK5;KRT17;CAPNS1;PERP;KRT33A;DSP;KRTAP5-9;EVPL;KRT8
REACTOME_INTEGRATION_OF_ENERGY_METABOLISM,0.489151873767258,0.87683584416988,0.0795564677235957,0.232546473373717,0.987670500698526,70,GNB5;PRKAG2;GCGR;GNA11;STXBP1;STK11;GNG11;PRKAR1B;ADCY9;GNG5;ADCY3;GNB2;FASN;CACNA1C;ACLY;TKT;GNG12;ADRA2C
REACTOME_GLUCAGON_LIKE_PEPTIDE_1_GLP1_REGULATES_INSULIN_SECRETION,0.490759753593429,0.877999871663244,0.0815265143256594,0.288854389234523,0.959300422104674,23,GNB5;GNG11;PRKAR1B;GNG5;GNB2;GNG12
REACTOME_BMAL1_CLOCK_NPAS2_ACTIVATES_CIRCADIAN_EXPRESSION,0.493013972055888,0.879019379990254,0.0797705918628453,-0.305060102792337,-0.985341690032364,22,F7;TBL1X;MED1;NCOA2;NCOA6
REACTOME_FGFR2_MUTANT_RECEPTOR_ACTIVATION,0.497087378640777,0.879019379990254,0.0778840111977068,-0.309774067475659,-0.978432145210171,19,FGF4;POLR2A;POLR2B;POLR2D
REACTOME_MAPK_TARGETS_NUCLEAR_EVENTS_MEDIATED_BY_MAP_KINASES,0.49475890985325,0.879019379990254,0.0822054920415869,0.280578178152856,0.96540516507118,26,JUN;DUSP6;RPS6KA3;FOS;MAPK7;RPS6KA1;MAPKAPK2;CREB1;MAPK3
REACTOME_OTHER_INTERLEUKIN_SIGNALING,0.496919917864476,0.879019379990254,0.0808589150280032,0.307762628244485,0.960069002780155,19,CSF3;CSF1;IL10RB;SDC1;TYK2;TXLNA;STX4;CASP3;STXBP2
REACTOME_RAC2_GTPASE_CYCLE,0.49390243902439,0.879019379990254,0.0806388495950661,-0.232158408321287,-0.968870519627141,60,VRK2;OPHN1;PIK3R1;SAMM50;DOCK1;TIAM1;VAMP3;PLD2;CDC42;ARHGAP26;MTX1
REACTOME_SCF_SKP2_MEDIATED_DEGRADATION_OF_P27_P21,0.495201535508637,0.879019379990254,0.0774767547848578,0.245870553588348,0.968699432457227,45,CDKN1A;CCND1;PSMD7;PSMC3;CDKN1B;CDK2;PSMD6;PSMA7;PSMC6;PSMA5
REACTOME_INTERFERON_GAMMA_SIGNALING,0.501043841336117,0.882607997430544,0.0813027345384498,-0.229286493635221,-0.972778151513917,66,IRF6;TRIM2;CAMK2G;CAMK2A;PIAS1;VCAM1;OASL;NCAM1;GBP2
REACTOME_TOLL_LIKE_RECEPTOR_TLR1_TLR2_CASCADE,0.500998003992016,0.882607997430544,0.0789209638180035,-0.216343389449215,-0.974657336104506,87,TLR2;TRAF6;PELI2;MAPK8;MAP2K6;NOD1;BTRC;VRK3;S100A12;NFKBIA;MAP2K4;HMGB1;FGB;MAPK11;RPS6KA5;MAPKAPK3;MAP2K1;CASP8;N4BP1;UBE2N;UBA52;TLR4;RPS27A;NKIRAS2;ALPK1
REACTOME_SIGNALING_BY_VEGF,0.503968253968254,0.886055509855894,0.0782955249944794,0.219240827481957,0.973611965180322,89,PLCG1;TRIB3;NOS3;VEGFB;PIK3R2;ITGAV;CRK;VEGFA;RHOA;HRAS;SHC2;VEGFC;PRKCZ;SHB;NCK2;VAV2;ACTG1;HSP90AA1
REACTOME_RHOJ_GTPASE_CYCLE,0.506903353057199,0.889508565901139,0.0776798560117236,-0.266596276851215,-0.971171578872103,34,OPHN1;PIK3R1;WIPF2;VAMP3;CDC42;WASL;ARHGAP26
REACTOME_ANTIGEN_PRESENTATION_FOLDING_ASSEMBLY_AND_PEPTIDE_LOADING_OF_CLASS_I_MHC,0.509240246406571,0.89015031737095,0.0795564677235957,0.304598733993929,0.950199198849253,19,HSPA5;SAR1B;SEC23A;HLA-F;TAP2;SEC24B;TAPBP
REACTOME_APOPTOTIC_CLEAVAGE_OF_CELLULAR_PROTEINS,0.510373443983403,0.89015031737095,0.0799858801499946,0.274749935347246,0.952268352623073,27,VIM;PLEC;DSP;CDH1;ADD1;CASP3;TJP1;PRKCD;BIRC2;PTK2;CTNNB1;LMNA;TJP2;GSN;GAS2;FNTA
REACTOME_RESPONSE_OF_EIF2AK4_GCN2_TO_AMINO_ACID_DEFICIENCY,0.511156186612576,0.89015031737095,0.0787113806986485,-0.220508716345376,-0.969916726372642,80,RPS3;RPL36AL;RPS23;RPL5;RPL10;RPS21;RPL35A;RPL7;RPS13;RPL19;RPL10A;RPL38;RPS15A;RPL37A;RPS3A;RPL30;RPL4;RPL7A;RPS24;RPL24;RPS6;RPS29;EIF2S3;UBA52;RPL31;RPS27A;RPS4X;RPL27;RPL22;EIF2S1;RPS8;RPS27;RPL36;RPL27A;RPL41;RPS17
REACTOME_TRANSCRIPTIONAL_REGULATION_BY_VENTX,0.510978043912176,0.89015031737095,0.0778840111977068,-0.302902673726065,-0.978373211418389,22,ANAPC15;AGO3;VENTX;CDC16;UBE2C;CDC27
REACTOME_AGGREPHAGY,0.514644351464435,0.894524147896437,0.0799858801499946,0.275541676139105,0.957499113202415,28,HSF1;VIM;TUBA1A;DYNC1H1;PARK7;PCNT;HSP90AA1;TUBA3C;HDAC6;TUBB6;TUBB4B;VCP;TUBA1B;TUBA4A
REACTOME_TRANSCRIPTIONAL_REGULATION_BY_E2F6,0.516634050880626,0.896281800391389,0.0762797180809272,-0.29916350415737,-0.958680500243831,20,TFDP2;PHC3;PHC1;CBX5;E2F6;APAF1;UXT
REACTOME_SIGNALING_BY_ACTIVIN,0.519114688128773,0.898882900427138,0.0774767547848578,0.328823163125576,0.968320804933865,15,ACVR1B;INHA;SMAD3;FSTL3;ACVR2A;INHBB;DRAP1;MAPK3
REACTOME_TRANSCRIPTIONAL_REGULATION_BY_TP53,0.525735294117647,0.908629300776915,0.0721797965581253,0.189352446746952,0.970631624444938,234,PRMT1;CDKN1A;PRKAG2;GATAD2A;EHMT2;JUN;IGFBP3;GSR;DDB2;RBBP4;SCO2;RRAGA;BTG2;STK11;SMYD2;PCBP4;TAF7;POLR2J;CDK9;TAF4;FOS;BAX;CDKN1B;CDK5R1;POLR2I;PIP4K2B;PPP1R13L;BCL6;PERP;CARM1;PLK3;STEAP3;BRD1;TCEA1;TRIAP1;CDK2;PRMT5;NDRG1;YWHAH;TAF10;CASP2;TSC2;RPA2;RBBP7;NOC2L;CCNH;GADD45A;HDAC1;ELOB
REACTOME_DEUBIQUITINATION,0.527310924369748,0.909636170852522,0.0789209638180035,-0.198142817429816,-0.972903886390102,166,USP33;APC;TRAF6;USP47;AR;POLB;CYLD;WDR48;NOD1;STAM2;TAF9B;PSMA4;MBD5;PSMB5;ABRAXAS2;CCP110;ARRB1;PSMB1;NFKBIA;USP3;PSMA3;USP25;PSMA2;IDE;TNFAIP3;UCHL5;USP16;TGFBR1;OTUB1;MUL1;CCNA2;STAMBP;PSMB6;RHOT1;USP4;TOMM70
REACTOME_COPI_DEPENDENT_GOLGI_TO_ER_RETROGRADE_TRAFFIC,0.535238095238095,0.914182143553623,0.0730744399126987,0.23669802552135,0.948995248140811,52,ARF4;TUBA1A;KDELR1;KLC1;KIF5B;RAB1A;TUBA3C;TMED3;ARCN1;NAPA;TMED9;TUBB6;KDELR3;KIF13B;TUBB4B;KIF21B;COPB2;KIF3C;ARFGAP1;TUBA1B;TUBA4A;COPZ2;NBAS;GBF1;ARFGAP2;NSF;ARF1;KIF22;KIF1C;ARFGAP3;COPZ1
REACTOME_MAP2K_AND_MAPK_ACTIVATION,0.535922330097087,0.914182143553623,0.0739901439101342,-0.265369714965999,-0.958043263685254,32,KRAS;LAMTOR3;ARRB1;TLN1;FGB;RAP1A;FN1;MAP2K1
REACTOME_MRNA_3_END_PROCESSING,0.534709193245779,0.914182143553623,0.0723570851036907,0.206570519020979,0.959762144624657,118,SRSF9;RBM39;CHTOP;HNRNPH1;SNRPA;PCBP1;CPSF4;DDX5;POLR2J;POLR2I;EIF4A3;NUDT21;HNRNPF;SMNDC1;CSTF1;PTBP1;SUGP1;PUF60;MAGOH;FUS;THOC7;CASC3;SNRNP70;SF3B1;SRSF1;DHX15;HNRNPU;GTF2F1;RBM25;SYMPK;SF3B2;HNRNPM;DHX38;PPP1R10;HNRNPD;SRSF5;U2AF2;SNRPD1
REACTOME_ONCOGENIC_MAPK_SIGNALING,0.531120331950207,0.914182143553623,0.0778840111977068,-0.228227483285814,-0.95749390525672,64,KRAS;CAMK2G;CAMK2A;PAPSS1;FAM114A2;ARRB1;PPP1CB;ZC3HAV1;AGK;TLN1;FGB;RAP1A;FN1;AP3B1;MAP2K1
REACTOME_POLYMERASE_SWITCHING_ON_THE_C_STRAND_OF_THE_TELOMERE,0.535294117647059,0.914182143553623,0.0745500777420554,-0.310113329065313,-0.96229071420262,18,POT1;RFC4;POLD3;POLA1;RFC1;STN1;TERF2IP
REACTOME_TRANSCRIPTIONAL_REGULATION_BY_NPAS4,0.535934291581109,0.914182143553623,0.0768736734126542,0.299297357795709,0.933661495785627,19,FOS;GEM;XPO1;CDK5R1
REACTOME_STABILIZATION_OF_P53,0.537074148296593,0.914423642824683,0.0755015292281669,-0.254057067275041,-0.955699796786622,39,PSMA4;PSMB5;PSMB1;ATM;PSMA3;CHEK2;PSMA2;PSMB6;PSMD13;UBA52;PSMC1;RPS27A;PSMB4;PSMC4;PSMD14;PSMC2;PSMB2
REACTOME_RHO_GTPASES_ACTIVATE_PKNS,0.539525691699605,0.916893383296545,0.0745500777420554,-0.255653442380159,-0.953300174026088,37,PKN2;AR;H4C3;SFN;PPP1CB;NCOA2;YWHAE
REACTOME_DEVELOPMENTAL_LINEAGE_OF_MAMMARY_GLAND_LUMINAL_EPITHELIAL_CELLS,0.543478260869565,0.917835671342685,0.0741758965588009,0.307936738301394,0.936132463391158,17,KRT18;CD24;ESR1;CDH1;KRT8;ALDH1A1;TP63;ITGA6;ITGB1;ALDH1A3
REACTOME_KEAP1_NFE2L2_PATHWAY,0.544592030360531,0.917835671342685,0.072003313661988,0.211991690433304,0.958612739149003,94,CDKN1A;MAFG;ATF4;HMOX1;GSR;NOTCH1;PSMD7;CUL3;PSMC3;ABCC1;RELA;PDGFA;PSMD6;PSMA7;SQSTM1;PSMC6;BCL2L1;ABCC3;PSMA5;MAP1LC3B;CCL2;TKT;PSMB3;BCL2;PRKCD;TXN;CREBBP
REACTOME_NUCLEOTIDE_BINDING_DOMAIN_LEUCINE_RICH_REPEAT_CONTAINING_RECEPTOR_NLR_SIGNALING_PATHWAYS,0.545090180360722,0.917835671342685,0.0747385227439092,-0.253439646080328,-0.953377211091024,39,TRAF6;MEFV;MAP2K6;CYLD;NOD1
REACTOME_RESOLUTION_OF_AP_SITES_VIA_THE_MULTIPLE_NUCLEOTIDE_PATCH_REPLACEMENT_PATHWAY,0.544031311154599,0.917835671342685,0.0736212741014394,-0.294874810142728,-0.944937221848525,20,POLB;RFC4;POLD3;RFC1;APEX1;LIG1;POLE2
REACTOME_SEPARATION_OF_SISTER_CHROMATIDS,0.543710021321962,0.917835671342685,0.0780892306943345,-0.205828989512625,-0.958493823423797,114,ANAPC15;STAG1;PPP2R5A;PSMA4;PSMB5;NUP160;PSMB1;TUBB2A;CDC16;NUP133;PSMA3;UBE2C;DYNC1I1;CDC27;ZW10;INCENP;PSMA2;NUP43;PTTG1;CDCA8;ITGB3BP;ESPL1;NUDC;PSMB6;CKAP5;PSMD13;DYNC1LI2;UBA52;PSMC1;PDS5B;RPS27A;PSMB4
REACTOME_RRNA_MODIFICATION_IN_THE_NUCLEUS_AND_CYTOSOL,0.547916666666667,0.920902140672783,0.0764767053228531,-0.245370942224823,-0.941875053597581,43,UTP25;RCL1;PNO1;UTP20;NOL11;BMS1;FBL;UTP6;THUMPD1;MPHOSPH10;EMG1
REACTOME_CONSTITUTIVE_SIGNALING_BY_ABERRANT_PI3K_IN_CANCER,0.557059961315281,0.924815260354013,0.0718276293603809,0.238566403299469,0.945006034379373,47,RHOG;PIK3R5;PIK3R2;GAB2;FGFR1;CD28;ESR1;HBEGF;PDGFA;CD19;IRS1
REACTOME_FORMATION_OF_TC_NER_PRE_INCISION_COMPLEX,0.555093555093555,0.924815260354013,0.0756946307932749,-0.241417883330819,-0.935306690358476,45,DDB1;POLR2A;POLR2B;COPS3;ERCC8;POLR2D;MNAT1;RBX1;COPS8;UBA52;RPS27A;ERCC3;XPA;POLR2K;AQR;COPS4
REACTOME_GLYCOSAMINOGLYCAN_PROTEIN_LINKAGE_REGION_BIOSYNTHESIS,0.5564681724846,0.924815260354013,0.0749278818393739,0.294399144846458,0.9183814650411,19,SDC2;VCAN;XYLT2;DCN;SDC1;AGRN;HSPG2;GPC1;BGN;B3GAT3
REACTOME_METABOLISM_OF_WATER_SOLUBLE_VITAMINS_AND_COFACTORS,0.554878048780488,0.924815260354013,0.0745500777420554,-0.216584708349549,-0.957277245706767,82,ENPP1;SLC25A16;MMUT;MMACHC;ENPP3;SLC2A3;ACACB;PNPO;MCCC2;MTRR;LDLRAP1;MOCS2;BTD;TPK1;AMN;RFK;NT5E;DCAKD;NAMPT;COASY;SLC19A2;FPGS;VNN2;ALDH1L1;THTPA;SHMT2;MOCS1;PARP8;NMRK1;PPCS;LMBRD1;ACACA
REACTOME_PROTEIN_FOLDING,0.554924242424242,0.924815260354013,0.0709609456938284,0.228975848879624,0.947460204803217,61,GNB5;GNA11;TBCC;GNG11;TCP1;TUBA1A;PFDN2;KIFC3;CCT4;CCT6A;STAT3;GNG5;TUBA3C;SKIC2;GNB2;GNG12;FBXL5;TUBB6;CSNK2A2;LONP2;USP11;GNA14
REACTOME_RECOGNITION_AND_ASSOCIATION_OF_DNA_GLYCOSYLASE_WITH_SITE_CONTAINING_AN_AFFECTED_PURINE,0.557312252964427,0.924815260354013,0.0728938564822936,0.305793272355046,0.929616293649223,17,H2AC6;MUTYH;H2AX;TERF2;H2AZ2;ACD
REACTOME_SENSORY_PERCEPTION,0.554716981132076,0.924815260354013,0.0707899094502623,0.208931777131439,0.950759329582261,106,GNB5;RBP1;SDC2;SCNN1D;CHRNA10;KCNQ4;MYO1C;LDB1;MYH9;APOC3;OR2C1;LDLR;APOA1;WHRN;SDC1;AGRN;ACTG1;LRP10;GRK4;ADCY3;SCNN1A;HSPG2;TWF2;KCNMB1;EPS8L2;EZR;RAB3A;APOA4;GPC1;CAPZB
REACTOME_CARGO_TRAFFICKING_TO_THE_PERICILIARY_MEMBRANE,0.558467741935484,0.925056874526046,0.0738052724171275,0.250456683666821,0.943028259128602,37,ARF4;PKD1;TCP1;TUBA1A;SSTR3;MCHR1;CCT4;EXOC3;TUBA3C;SMO;HDAC6;TUBB6;UNC119B;TUBB4B;TUBA1B;TUBA4A;RAB11A;CCT2;GBF1
REACTOME_ACTIVATION_OF_ATR_IN_RESPONSE_TO_REPLICATION_STRESS,0.615533980582524,0.928198302443331,0.0670512579829467,-0.279627634869032,-0.883213591358648,19,RFC4;ORC3;RAD17;HUS1
REACTOME_ACTIVATION_OF_MATRIX_METALLOPROTEINASES,0.609657947686117,0.928198302443331,0.0692836467392548,0.304444620996457,0.896530699537406,15,MMP25;MMP24;MMP9;TIMP2;MMP14
REACTOME_ACTIVATION_OF_THE_PRE_REPLICATIVE_COMPLEX,0.606924643584521,0.928198302443331,0.070113215764256,0.283431673467092,0.900028951198124,20,MCM7;CDK2;RPA2;POLE;GMNN;MCM5
REACTOME_ADHERENS_JUNCTIONS_INTERACTIONS,0.61003861003861,0.928198302443331,0.0672065093710464,0.198269003582242,0.930244595965412,134,CTBP1;TCF3;H2AC6;RBBP4;CDH4;PSMD7;H2AX;PSMC3;SNAI1;ACTA2;STRAP;H2AZ2;ZC3H12A;PSMD6;CDH1;PSMA7;SMARCA4;PCSK7;POMT2;PRDM8;ACTG1;RBBP7;PSMC6;HDAC1;CDH15;ACTG2;PSMA5;SUZ12;PKM;FOXA2;PSMB3;PIP5K1C;H2BC5;RACK1;SPCS1;CSNK2A2;ARID1A;PVR;CTNNB1;MAPK3;ADRM1;VCL
REACTOME_ANTIMICROBIAL_PEPTIDES,0.580838323353293,0.928198302443331,0.0713052987340038,0.274844183263808,0.901559529116272,22,LYZ;PRSS3;S100A9
REACTOME_ASSEMBLY_OF_THE_ORC_COMPLEX_AT_THE_ORIGIN_OF_REPLICATION,0.596774193548387,0.928198302443331,0.0704500850658419,-0.301724467665161,-0.909038970297726,17,KPNB1;H4C3;ORC3
REACTOME_BASE_EXCISION_REPAIR,0.596673596673597,0.928198302443331,0.072003313661988,-0.234197811362787,-0.907334522251461,45,MBD4;POT1;POLB;OGG1;RFC4;H4C3
REACTOME_BETA_CATENIN_PHOSPHORYLATION_CASCADE,0.607920792079208,0.928198302443331,0.0686325631836726,-0.310299641339062,-0.902694842942045,15,APC;PPP2R5A
REACTOME_BILE_ACID_AND_BILE_SALT_METABOLISM,0.585127201565558,0.928198302443331,0.0699458736501659,-0.254981300011058,-0.926303231461377,33,AKR1D1;NCOA2;ALB;CYP46A1;CYP39A1;SLC27A2;SLC10A1;AKR1C3;STARD5;OSBPL9;AKR1C1;SLCO1A2
REACTOME_BIOSYNTHESIS_OF_THE_N_GLYCAN_PRECURSOR_DOLICHOL_LIPID_LINKED_OLIGOSACCHARIDE_LLO_AND_TRANSFER_TO_A_NASCENT_PROTEIN,0.612576064908722,0.928198302443331,0.0694481442003175,-0.232531834203478,-0.921515904086878,48,ST6GALNAC2;ALG9;SLC17A5;NEU3;GLB1;GNE;ST3GAL1;MPI;ALG6;ALG8
REACTOME_BUDDING_AND_MATURATION_OF_HIV_VIRION,0.617107942973524,0.928198302443331,0.0692836467392548,0.281183794005429,0.892890876015657,20,NEDD4L;VPS37C;VPS4A;TSG101;MVB12B;VPS37B
REACTOME_CELL_EXTRACELLULAR_MATRIX_INTERACTIONS,0.598814229249012,0.928198302443331,0.0692836467392548,0.298026803656529,0.906006108275771,17,ACTN1;FLNA;FERMT2;ACTG1;PARVA;VASP
REACTOME_CHEMOKINE_RECEPTORS_BIND_CHEMOKINES,0.561844863731656,0.928198302443331,0.0755015292281669,0.268149084853472,0.922639505434454,26,CXCR3;CX3CL1;PF4;CXCR6;CXCL12;CCL4
REACTOME_CHROMOSOME_MAINTENANCE,0.621513944223108,0.928198302443331,0.0678338263479455,0.218975154746265,0.93295299175783,73,DKC1;H2AC6;NHP2;POLD1;RBBP4;POLR2J;H2AX;TERF2;POLR2I;RUVBL2;H2AZ2;CDK2;RPA2;RBBP7;CENPX;ACD
REACTOME_CLATHRIN_MEDIATED_ENDOCYTOSIS,0.58974358974359,0.928198302443331,0.0739901439101342,-0.205532601515312,-0.946787002435314,107,IL7R;REPS2;CD3G;STAM2;VAMP2;CD4;WNT5A;EPS15L1;VAMP4;ARRB1;EGFR;NECAP2;VAMP3;WASL;AP2B1;COPS3;NECAP1;LDLRAP1;CBL;COPS8;UBQLN2;HIP1;EPS15;VAMP7;ACTR2;TGOLN2
REACTOME_COPI_MEDIATED_ANTEROGRADE_TRANSPORT,0.621513944223108,0.928198302443331,0.0678338263479455,0.219232752527179,0.934050498096633,73,ARF4;YKT6;SPTBN4;BET1L;TUBA1A;SPTBN2;DYNC1H1;KDELR1;RAB1A;TUBA3C;STX5;TMED3;ARCN1;NAPA;COG7;TMED9;DCTN1;TUBB6;CAPZB;KDELR3;COG4;TUBB4B;COPB2;ANK3;ARFGAP1;TUBA1B;GOLGB1;TUBA4A;COPZ2;GBF1;ARFGAP2;DCTN2;GORASP1;NSF;ARF1;COG2;ARFGAP3;COPZ1;SPTBN5
REACTOME_CYCLIN_A_B1_B2_ASSOCIATED_EVENTS_DURING_G2_M_TRANSITION,0.57905138339921,0.928198302443331,0.0709609456938284,0.302272856912086,0.918914176068331,17,FZR1;XPO1;LCMT1;CDK2;CCNH;BORA;PLK1
REACTOME_DEVELOPMENTAL_LINEAGES_OF_THE_MAMMARY_GLAND,0.620618556701031,0.928198302443331,0.0696133438850965,0.263843489403895,0.886664231964989,24,KRT18;CD24;VIM;ACTA2;ESR1;CDH1;KRT8
REACTOME_DISEASES_OF_GLYCOSYLATION,0.56496062992126,0.928198302443331,0.072003313661988,0.214725802331638,0.950148839982506,84,MUC6;SDC2;VCAN;NOTCH1;PMM2;ADAMTSL2;SPON2;LFNG;DCN;PRELP;THBS1;HEXA;SDC1;POMT2;AGRN;ADAMTS13;GALK1;ADAMTS7;GALT;LUM;FMOD;ADAMTS1
REACTOME_EGR2_AND_SOX10_MEDIATED_INITIATION_OF_SCHWANN_CELL_MYELINATION,0.566532258064516,0.928198302443331,0.0730744399126987,-0.310276516106032,-0.934804680877264,17,ADGRG6;SCD5;LAMC1;MBP;DAG1
REACTOME_EPHA_MEDIATED_GROWTH_CONE_COLLAPSE,0.60081466395112,0.928198302443331,0.0706196247122591,0.284543655390452,0.903560017123079,20,EPHA2;RHOA;MYH9;MYL9;MYH10
REACTOME_EPH_EPHRIN_MEDIATED_REPULSION_OF_CELLS,0.594320486815416,0.928198302443331,0.0709609456938284,-0.240739960961376,-0.91586152052014,41,APH1B;EPHB1;LYN;NCSTN;FYN;TIAM1;AP2B1;EPHB6
REACTOME_FCGAMMA_RECEPTOR_FCGR_DEPENDENT_PHAGOCYTOSIS,0.605691056910569,0.928198302443331,0.070113215764256,-0.216630678064724,-0.930955204906743,69,WASF3;PLD1;CD3G;LYN;PIK3R1;NCK1;WIPF2;DOCK1;FYN;PLD2;CDC42;WASL
REACTOME_FCGR3A_MEDIATED_IL10_SYNTHESIS,0.620545073375262,0.928198302443331,0.0704500850658419,0.258480423856835,0.889371860292109,26,PLCG1;CD247;PRKAR1B;FGR;ADCY9;HCK;ADCY3
REACTOME_FC_EPSILON_RECEPTOR_FCERI_SIGNALING,0.591002044989775,0.928198302443331,0.0716527366829457,-0.204981986246294,-0.935516669386861,98,KRAS;TRAF6;MAPK8;LYN;PIK3R1;LAT2;PSMA4;PSMB5;FYN;BTRC;PSMB1;MALT1;NFKBIA;MAP2K4;PSMA3;PSMA2;PPP3R1;PRKCQ;SOS1;PSMB6;PDPK1;TEC;ITPR3;PSMD13;VAV1;PPP3CA;UBE2N;UBA52;PSMC1;RPS27A;PSMB4
REACTOME_FORMATION_OF_RNA_POL_II_ELONGATION_COMPLEX,0.572916666666667,0.928198302443331,0.0741758965588009,-0.241802524525517,-0.928177410423869,43,RTF1;MLLT3;ELOA;POLR2A;CCNT1;POLR2B;POLR2D;MNAT1;EAF2;SUPT6H
REACTOME_FORMATION_OF_THE_CORNIFIED_ENVELOPE,0.597979797979798,0.928198302443331,0.0704500850658419,0.247530090932381,0.9112098864191,34,KRT18;KLK5;KRT17;CAPNS1;PERP;KRT33A;DSP;EVPL;KRT8
REACTOME_GLUTAMATE_NEUROTRANSMITTER_RELEASE_CYCLE,0.607214428857716,0.928198302443331,0.0692836467392548,-0.310300225086957,-0.919910801287405,16,VAMP2;UNC13B;SLC1A2;SNAP25;SLC1A3
REACTOME_HCMV_EARLY_EVENTS,0.615702479338843,0.928198302443331,0.070113215764256,-0.218144171381761,-0.916677372316807,63,H4C3;NUP88;TBL1X;NUP155;NUP160;EGFR;RAE1;TUBB2A;NUP205;NUP133;DYNC1I1;NUP43;TPR;NUP54
REACTOME_INTERLEUKIN_7_SIGNALING,0.584677419354839,0.928198302443331,0.0714786287425507,-0.30544290172363,-0.920241911490358,17,IL7R;PIK3R1
REACTOME_INTRA_GOLGI_TRAFFIC,0.612836438923396,0.928198302443331,0.0704500850658419,0.251061764951928,0.899290268946857,31,ALPP;YKT6;BET1L;CUX1;MAN2A2;GOLGA5;STX5;NAPA;COG7;MAN1C1;CYTH2;SNAP29;MAN1A1;COG4
REACTOME_KINESINS,0.612244897959184,0.928198302443331,0.0697792517076235,0.277880445729961,0.891083919251762,21,TUBA1A;KLC1;KIF5B;TUBA3C;TUBB6;KIF13B;TUBB4B;KIF21B;KIF3C;TUBA1B;TUBA4A
REACTOME_L1CAM_INTERACTIONS,0.591633466135458,0.928198302443331,0.0702812841717392,0.221547670587835,0.943913305285263,73,SPTBN4;CD24;FGFR1;ITGAV;NFASC;RPS6KA3;TUBA1A;SPTBN2;RPS6KA4;VAV2;DPYSL2;ACTG1;TUBA3C;RPS6KA1;CLTC;AP2M1;AP2A2;EZR;TUBB6;NRP1;CSNK2A2;ITGA9;MAPK3;HSPA8;AP2S1;ITGB1;TUBB4B;ANK3;ALCAM;TUBA1B;TUBA4A
REACTOME_METABOLISM_OF_PORPHYRINS,0.6,0.928198302443331,0.0707899094502623,0.281479837348323,0.902626149154935,21,PPOX;HMOX1;ABCC1;HMOX2;SLCO1B1
REACTOME_NEGATIVE_REGULATION_OF_THE_PI3K_AKT_NETWORK,0.591269841269841,0.928198302443331,0.070113215764256,0.219134414162703,0.942730184899278,76,TRIB3;RHOG;IER3;PIK3R5;PIK3R2;GAB2;PPP2R5B;FGFR1;CD28;ESR1;HBEGF;PIP4K2B;PDGFA;CD19;IRS1
REACTOME_NEGATIVE_REGULATORS_OF_DDX58_IFIH1_SIGNALING,0.602636534839925,0.928198302443331,0.0665892104103933,-0.271407160116086,-0.917469214212879,25,CYLD;HERC5;ATG12;TNFAIP3;TAX1BP1;UBE2K;UBA52;RPS27A;RNF125;UBE2L6
REACTOME_NETRIN_1_SIGNALING,0.6,0.928198302443331,0.0673623868166279,-0.267183430116313,-0.913771729503014,26,NCK1;AGAP2;DOCK1;FYN;CDC42;WASL;PRKCQ;NEO1;DSCAM;SLIT3
REACTOME_NEUREXINS_AND_NEUROLIGINS,0.62217659137577,0.928198302443331,0.0692836467392548,0.264812768833927,0.879456952668428,23,APBA3;LIN7B;STXBP1;NRXN2;DLGAP4;SHANK2;SYT12
REACTOME_PCNA_DEPENDENT_LONG_PATCH_BASE_EXCISION_REPAIR,0.566666666666667,0.928198302443331,0.0716527366829457,-0.299663014251147,-0.929863082225382,18,POLB;RFC4;POLD3;RFC1;APEX1;LIG1;POLE2
REACTOME_PROTEIN_PROTEIN_INTERACTIONS_AT_SYNAPSES,0.620967741935484,0.928198302443331,0.0684714904492088,0.236672103885265,0.891126077546123,37,APBA3;LRFN3;LIN7B;STXBP1;NRXN2;DLGAP4;SHANK2;SYT12;LRFN4;FLOT1
REACTOME_RECOGNITION_OF_DNA_DAMAGE_BY_PCNA_CONTAINING_REPLICATION_COMPLEX,0.606403013182674,0.928198302443331,0.0662842187012672,-0.270231954907513,-0.913496531256444,25,DDB1;RFC4;WDR48;POLD3;RFC1;RBX1
REACTOME_REGULATION_OF_EXPRESSION_AND_FUNCTION_OF_TYPE_II_CLASSICAL_CADHERINS,0.617821782178218,0.928198302443331,0.0678338263479455,-0.306823099437788,-0.892581210737995,15,AGO3;ADAM19
REACTOME_REGULATION_OF_HOMOTYPIC_CELL_CELL_ADHESION,0.591760299625468,0.928198302443331,0.0672065093710464,0.200632034077676,0.936413331734063,123,CTBP1;TCF3;H2AC6;RBBP4;PSMD7;H2AX;PSMC3;SNAI1;ACTA2;STRAP;H2AZ2;ZC3H12A;PSMD6;CDH1;PSMA7;SMARCA4;PCSK7;POMT2;PRDM8;ACTG1;RBBP7;PSMC6;HDAC1;ACTG2;PSMA5;SUZ12;PKM;FOXA2;PSMB3;PIP5K1C;H2BC5;RACK1;SPCS1;CSNK2A2;ARID1A;CTNNB1;MAPK3;ADRM1;VCL
REACTOME_REGULATION_OF_INSULIN_LIKE_GROWTH_FACTOR_IGF_TRANSPORT_AND_UPTAKE_BY_INSULIN_LIKE_GROWTH_FACTOR_BINDING_PROTEINS_IGFBPS,0.588582677165354,0.928198302443331,0.0699458736501659,0.212163544797837,0.938811003555575,84,CCN1;GOLM1;SPP1;SDC2;GAS6;VCAN;IGFBP3;MEN1;CSF1
REACTOME_RESPONSE_OF_MTB_TO_PHAGOCYTOSIS,0.598039215686275,0.928198302443331,0.0689567351672811,-0.293155733969649,-0.909670801524412,18,KPNB1;VPS33B;ATP6V1H;KPNA1;UBA52;RPS27A;PGK1
REACTOME_RETROGRADE_TRANSPORT_AT_THE_TRANS_GOLGI_NETWORK,0.570038910505837,0.928198302443331,0.0709609456938284,-0.262780361696807,-0.93623741134017,30,RHOBTB3;VPS52;COG5;ARL1;VAMP4;VAMP3
REACTOME_RHOU_GTPASE_CYCLE,0.574948665297741,0.928198302443331,0.0732558655828455,0.254782663044692,0.920575649757893,32,EPHA2;PIK3R2;ARHGEF7;TXNL1;PARD6A;NCK2;HGS
REACTOME_RIPK1_MEDIATED_REGULATED_NECROSIS,0.581443298969072,0.928198302443331,0.0728938564822936,0.272104088420721,0.91442454433568,24,TRAF2;HSP90AA1;OGT;FLOT1;BIRC2;RIPK1;UBE2L3;UBC;PDCD6IP;TRADD
REACTOME_RNA_POLYMERASE_III_TRANSCRIPTION_INITIATION_FROM_TYPE_3_PROMOTER,0.613592233009709,0.928198302443331,0.0672065093710464,-0.281143788444226,-0.888002415055653,19,POLR3B;POLR3K;POLR3C;SNAPC5;POLR3D
REACTOME_RORA_B_C_AND_NR1D1_REV_ERBA_REGULATE_GENE_EXPRESSION,0.62109375,0.928198302443331,0.0668966276500666,-0.279138480160936,-0.90352210237406,21,TBL1X;MED1;NCOA2;NCOA6;PPARGC1A
REACTOME_SARS_COV_1_HOST_INTERACTIONS,0.574596774193548,0.928198302443331,0.0723570851036907,-0.216949969435394,-0.946078597484425,75,TRAF6;KPNB1;PPIH;RPS3;RPS23;RPS21;SFN;PPIG;RPS13;YWHAE;NFKBIA
REACTOME_SENSORY_PROCESSING_OF_SOUND_BY_OUTER_HAIR_CELLS_OF_THE_COCHLEA,0.616977225672878,0.928198302443331,0.070113215764256,0.249471935314109,0.893595581335433,31,CHRNA10;KCNQ4;MYO1C;MYH9;WHRN;ACTG1;TWF2;KCNMB1;EPS8L2;EZR
REACTOME_SIGNALING_BY_NOTCH1,0.565891472868217,0.928198302443331,0.0711327399327894,0.230846332438639,0.932150097212283,54,DTX4;HDAC5;NOTCH1;DTX2;NCOR2;TLE2;KAT2A;MAMLD1;HES1;MAML3;KAT2B;HDAC1;PSEN2;HDAC6
REACTOME_SIGNALLING_TO_RAS,0.571142284569138,0.928198302443331,0.0723570851036907,-0.317998532525962,-0.942733073371764,16,KRAS;SHC3;RALB;MAPK11;MAPKAPK3;SOS1
REACTOME_SIGNAL_TRANSDUCTION_BY_L1,0.618577075098814,0.928198302443331,0.0676760401641789,0.291406359513734,0.88587985533718,17,FGFR1;ITGAV;VAV2;NRP1;CSNK2A2;ITGA9;MAPK3;ITGB1
REACTOME_TELOMERE_C_STRAND_LAGGING_STRAND_SYNTHESIS,0.607766990291262,0.928198302443331,0.0676760401641789,-0.277671182246371,-0.91336655776332,23,POT1;RFC4;POLD3;POLA1;RFC1;LIG1;STN1;TERF2IP
REACTOME_TELOMERE_EXTENSION_BY_TELOMERASE,0.568788501026694,0.928198302443331,0.0738052724171275,0.291802831272654,0.910282235456518,19,DKC1;NHP2;TERF2;RUVBL2;CDK2;ACD
REACTOME_TRANSCRIPTION_COUPLED_NUCLEOTIDE_EXCISION_REPAIR_TC_NER,0.609243697478992,0.928198302443331,0.0714786287425507,-0.220710751232423,-0.928103052493511,65,DDB1;RFC4;ERCC4;POLR2A;POLD3;POLR2B;COPS3;ERCC8;POLR2D;MNAT1;RFC1;RBX1;COPS8;LIG1;UBA52;RPS27A;POLE2;ERCC3;XPA;POLR2K;AQR;COPS4;POLD2;GTF2H1;XRCC1;POLR2G;COPS2;RFC5;COPS7A
REACTOME_TRANSLATION_OF_SARS_COV_2_STRUCTURAL_PROTEINS,0.591463414634146,0.928198302443331,0.0713052987340038,-0.241536535740934,-0.927404262438631,42,SRPK2;ST6GALNAC2;EDEM2;SRPK1;MAN2A1;ST3GAL1;TMEM258
REACTOME_VEGFR2_MEDIATED_CELL_PROLIFERATION,0.565040650406504,0.928198302443331,0.0736212741014394,0.303330730502505,0.922357663976952,18,PLCG1;VEGFA;HRAS;PRKCZ
REACTOME_VOLTAGE_GATED_POTASSIUM_CHANNELS,0.615230460921844,0.928198302443331,0.0686325631836726,-0.307095305468631,-0.910409550770007,16,KCNA10;KCNF1;KCNA1;KCNH4;KCNC3;KCNAB1;KCNB1
REACTOME_RNA_POLYMERASE_II_TRANSCRIPTION_TERMINATION,0.626923076923077,0.932631446223679,0.0656813601934011,0.230603192875021,0.912908970622046,46,SRSF9;CHTOP;SLBP;CPSF4;EIF4A3;NUDT21;CSTF1;MAGOH;THOC7;CASC3;SRSF1;ZNF473;SYMPK;DHX38;SRSF5;U2AF2;PAPOLA;THOC6
REACTOME_SARS_COV_1_MODULATES_HOST_TRANSLATION_MACHINERY,0.627184466019418,0.932631446223679,0.066132620475844,-0.249396585577573,-0.90037673978476,32,RPS3;RPS23;RPS21;RPS13;RPS15A;RPS3A;RPS24;RPS6;RPS29;RPS27A;RPS4X;RPS8;RPS27;RPS17
REACTOME_BASE_EXCISION_REPAIR_AP_SITE_FORMATION,0.630738522954092,0.936396251257614,0.0672065093710464,-0.279758595430287,-0.903618023789914,22,MBD4;POT1;OGG1;H4C3
REACTOME_MEMBRANE_TRAFFICKING,0.632495164410058,0.937484742070571,0.0655321029282414,0.175963554570885,0.949489164509139,405,ARF4;EPN2;ALPP;PRKAG2;TRIP10;ARFIP2;GGA3;YKT6;PREB;GJA3;GJC2;RAB6A;DENND6B;RIN1;ARPC5;TRAPPC2;SPTBN4;DENND2A;TBC1D2;ULK1;MADD;HIP1R;AGTR1;RAB32;AP1G2;MYO1C;BET1L;STX10;TUBA1A;TBC1D10B;TBC1D17;CUX1;SPTBN2;SBF1;MYH9;HPS1;DYNC1H1;HBEGF;GJC1;KDELR1;CNIH1;DENND2B;MAN2A2;AP1S1;KLC1;GALNT2;VPS37C;VPS4A;KIF5B;ARFRP1;SEC16A;IGF2R;LDLR;ARF6;FCHO1;YWHAH;RAB1A;TSG101;DENND1B;ARPC1A;ARPC2;EXOC3;TSC2;ACTG1;GABARAPL2;RAB4A;SLC2A8;SAR1B;RAB3IL1;SEC23A;ASPSCR1;TRAPPC6A;TUBA3C;GOLGA5;HGS;CSNK1D;FNBP1;DVL2;MAP1LC3B;STX5;RABGEF1;TMED3;SEC24B;FTH1;PICALM;ARCN1;PACSIN2;STX4;CLTC;PLIN3;GJD2;NAPA;AP2M1;COG7;MAN1C1;MVB12B;RAB35;VPS37B;SH3GL1;TRAPPC12;TJP1;TMED9;AP2A2;ACTR3;PIP5K1C;DCTN1
REACTOME_SEALING_OF_THE_NUCLEAR_ENVELOPE_NE_BY_ESCRT_III,0.633802816901409,0.937905299324217,0.0673623868166279,0.297331217102427,0.875583096822884,15,TUBA1A;VPS4A;TUBA3C;TUBB6;TUBB4B;TUBA1B;TUBA4A
REACTOME_COMPLEX_I_BIOGENESIS,0.649087221095335,0.938685363287081,0.0665892104103933,-0.232863990461522,-0.885898491994411,41,NDUFB5;NDUFB1;COA1;NDUFA6;NDUFS1;NDUFS5;NDUFB3;NDUFB4;TMEM126B;NDUFA9
REACTOME_DOWNSTREAM_SIGNALING_EVENTS_OF_B_CELL_RECEPTOR_BCR,0.648373983739837,0.938685363287081,0.0667426134241917,-0.21573260454139,-0.900320441434418,60,KRAS;PSMA4;PSMB5;BTRC;PSMB1;MALT1;NFKBIA;PSMA3;PSMA2;PPP3R1;PSMB6;PSMD13;PPIA;PPP3CA;UBA52;PSMC1;RPS27A;PSMB4;PRKCB;PSMC4
REACTOME_EARLY_SARS_COV_2_INFECTION_EVENTS,0.639065817409766,0.938685363287081,0.0696133438850965,0.258621044659474,0.876903203720904,25,SDC2;DDX5;TMPRSS2;SDC1;AGRN;MAP1LC3B;HSPG2;NRP1;GPC1
REACTOME_EPIGENETIC_REGULATION_OF_GENE_EXPRESSION_BY_MLL3_AND_MLL4_COMPLEXES,0.64033264033264,0.938685363287081,0.0684714904492088,-0.217554177516132,-0.909158303245258,62,MED27;ASH2L;H4C3;SCD5;TBL1X;MED1;NCOA2;NCOA6;PHLDA1;PPARGC1A;MED7;MED13
REACTOME_FBXL7_DOWN_REGULATES_AURKA_DURING_MITOTIC_ENTRY_AND_IN_EARLY_MITOSIS,0.646341463414634,0.938685363287081,0.0668966276500666,-0.238636665041598,-0.900848761073141,40,PSMA4;PSMB5;PSMB1;PSMA3;PSMA2;RBX1;PSMB6;FBXL18;PSMD13;UBA52;PSMC1;RPS27A;PSMB4;PSMC4;PSMD14;PSMC2;PSMB2
REACTOME_FLT3_SIGNALING,0.651750972762646,0.938685363287081,0.0643583367917361,-0.252277472175987,-0.898817575120028,30,KRAS;PIK3R1;FYN;SLA;FOXO3
REACTOME_PROTEIN_LOCALIZATION,0.648936170212766,0.938685363287081,0.0689567351672811,-0.195604954857107,-0.919673190573328,127,PEX1;PMPCB;PEX26;COQ2;CHCHD7;SAMM50;VAMP2;ATP5MC1;ECI2;PIPOX;PEX13;PEX12;SLC25A4;TIMM8B;PEX7;PXMP4;SEC61G;MTX1;TIMM10;CMC2;IDE;SEC61B;PEX19;ACOX1;HAO1;CHCHD3;SLC27A2;SLC25A17;TOMM70;DAO;CROT;CAMLG;EMD;GNPAT;UBA52;TIMM9;RPS27A;COX17;TIMM50
REACTOME_REGULATION_OF_APOPTOSIS,0.639278557114229,0.938685363287081,0.0667426134241917,-0.238936977470488,-0.893829788063863,38,PSMA4;PSMB5;PSMB1;PSMA3;PSMA2;PSMB6;PSMD13;UBA52;PSMC1;RPS27A;PSMB4;OPA1;PSMC4;ARHGAP10;PSMD14;PSMC2;PSMB2
REACTOME_REGULATION_OF_LIPID_METABOLISM_BY_PPARALPHA,0.642424242424243,0.938685363287081,0.0668966276500666,0.20621650156633,0.912761287365933,88,NRF1;PLIN2;TRIB3;FHL2;MED16;NR1H2;NCOR2;G0S2;CARM1;ESRRA;CPT1A;SREBF1;APOA1;NR1H3;SIN3B;SMARCD3;ABCB4;MED24;GLIPR1;CYP1A1;HMGCR;ACSL1;MED22;CREBBP;ALAS1;PPARG
REACTOME_REGULATION_OF_SIGNALING_BY_CBL,0.650980392156863,0.938685363287081,0.0647943366000727,-0.280222893468435,-0.86953981986009,18,LYN;PIK3R1;FYN;CBL;VAV1;UBA52;YES1;RPS27A
REACTOME_RNA_POLYMERASE_III_TRANSCRIPTION_INITIATION_FROM_TYPE_1_PROMOTER,0.649706457925636,0.938685363287081,0.0647943366000727,-0.268880372842387,-0.861637087278839,20,POLR3B;POLR3K;POLR3C;GTF3A;GTF3C4;POLR3D;GTF3C2
REACTOME_SIGNALING_BY_ERBB2,0.645290581162325,0.938685363287081,0.0662842187012672,-0.237592569542705,-0.88880054618643,38,KRAS;GAB1;PIK3R1;FYN;EGFR
REACTOME_SIGNALING_BY_WNT,0.649717514124294,0.938685363287081,0.0629394692018967,0.188376911057298,0.928493044644171,182,GNB5;CTBP1;TCF7L2;H2AC6;TCF7;TMED5;CSNK1A1;FZD1;PPP2R5B;MEN1;GNG11;PSMD7;CUL3;H2AX;PSMC3;RHOA;XPO1;TLE2;KLHL12;PARD6A;CXXC4;RYK;SNX3;H2AZ2;PFN1;AXIN1;PSMD6;SOX9;PSMA7;SMARCA4;SCRIB;PSMC6;GNG5;RUNX3;WNT2B;HDAC1;DVL2;PSMA5;GNB2
REACTOME_STIMULI_SENSING_CHANNELS,0.648111332007952,0.938685363287081,0.0656813601934011,0.232929281593063,0.882562250473094,38,CLCN2;SCNN1D;CLCN7;BEST1;NEDD4L;SRI
REACTOME_SYNTHESIS_OF_SUBSTRATES_IN_N_GLYCAN_BIOSYTHESIS,0.642436149312377,0.938685363287081,0.0655321029282414,0.231314846153949,0.892625853992363,41,ST6GALNAC4;SLC35C1;RENBP;PMM2;HK1;GMPPB;ST3GAL2;AMDHD2;GMPPA;ST3GAL4;NANS;MVD
REACTOME_TRANSCRIPTIONAL_ACTIVATION_OF_MITOCHONDRIAL_BIOGENESIS,0.645290581162325,0.938685363287081,0.0662842187012672,-0.23759880882274,-0.89378790263216,39,TFB1M;TBL1X;MED1;NCOA2;NCOA6;PPARGC1A;POLG2;SSBP1;TFAM;TGS1;SIRT3;SIRT5;CRTC3
REACTOME_TRANSPORT_OF_VITAMINS_NUCLEOSIDES_AND_RELATED_MOLECULES,0.650197628458498,0.938685363287081,0.0652353056017703,0.286679639330324,0.871510552624343,17,SLC29A3;SLC35C1
REACTOME_ACTIVATION_OF_GENE_EXPRESSION_BY_SREBF_SREBP,0.66600790513834,0.939013088573206,0.0640703750499722,-0.235761713470494,-0.87912636883607,37,ACACB;TBL1X;MED1;NCOA2;NCOA6;ELOVL6;NFYC;NFYB;TGS1;IDI1
REACTOME_ARACHIDONATE_METABOLISM,0.662027833001988,0.939013088573206,0.0646484568421928,0.230466553262106,0.873231044695926,38,PTGDS;GGT5;ABCC1;TBXAS1;PTGES3;CYP4F3;CYP4F2;CBR1;CYP1A1;MAPKAPK2;GPX1;GPX4;PTGES2
REACTOME_CYCLIN_A_CDK2_ASSOCIATED_EVENTS_AT_S_PHASE_ENTRY,0.65530303030303,0.939013088573206,0.0628003977812234,0.216224005801641,0.894695409243332,61,CDKN1A;CCND1;RBBP4;PSMD7;PSMC3;FZR1;CDKN1B;CDK2;PSMD6;PSMA7;PSMC6;CCNH;PSMA5;E2F1;PSMB3
REACTOME_FLT3_SIGNALING_IN_DISEASE,0.6640625,0.939013088573206,0.0636424081651019,-0.267301028934326,-0.865206357397406,21,KRAS;PIK3R1;TRIP11
REACTOME_HOMOLOGY_DIRECTED_REPAIR,0.667338709677419,0.939013088573206,0.0649407684612899,-0.208374273259556,-0.898292514527719,68,RFC4;XRCC2;NBN;H4C3;ERCC4;RAD17;POLD3;HUS1;ATM;RFC1;RNF4;CCNA2;TIMELESS;KAT5;RAD52;TOPBP1;HERC2;BABAM2;UBE2N;UBA52;RPS27A;POLE2
REACTOME_INHIBITION_OF_DNA_RECOMBINATION_AT_TELOMERE,0.667355371900827,0.939013088573206,0.066132620475844,0.247571049666527,0.867726162639281,29,H2AC6;POLR2J;H2AX;TERF2;POLR2I;H2AZ2
REACTOME_MEIOTIC_RECOMBINATION,0.665979381443299,0.939013088573206,0.066132620475844,0.253476527962546,0.851825343482383,24,H2AC6;H2AX;H2AZ2;CDK2;RPA2
REACTOME_METABOLISM_OF_CARBOHYDRATES_AND_CARBOHYDRATE_DERIVATIVES,0.657327586206897,0.939013088573206,0.0689567351672811,-0.186835250621816,-0.934231701651933,194,FAM20B;GALNS;PRPS1;EPM2A;PFKFB1;PAPSS1;SLC37A4;SLC17A5;BCAN;NUP88;B4GALT1;NUP155;PFKM;GLB1;PFKFB3;NUP160;RHCE;RAE1;NCAN;ST3GAL1;GNS;CHST7;EXTL2;NUP205;B4GALT4;GCK;NUP133;EXT2;AKR1A1;NUP43;TPR;B3GAT1;NUP54;PRKACA;ALDOB;GBE1;ALDOC;GNPDA1
REACTOME_NR1H2_AND_NR1H3_MEDIATED_SIGNALING,0.659137577002054,0.939013088573206,0.066436413766281,0.241438304394586,0.872360078540754,32,PCK1;NR1H2;PLIN1;NCOR2;SREBF1;NR1H3;FASN;ARL4C;ABCG5
REACTOME_O_LINKED_GLYCOSYLATION,0.666666666666667,0.939013088573206,0.0625237414724762,0.216262133053172,0.877675971695063,55,MUC6;ST6GALNAC4;CHST4;ADAMTSL2;SPON2;POFUT2;ST3GAL2;GALNT2;THBS1;POMT2;ADAMTS13;B3GNT3;ADAMTS7;ST3GAL4;MMRN2;ADAMTS1
REACTOME_PROCESSING_OF_CAPPED_INTRON_CONTAINING_PRE_MRNA,0.659340659340659,0.939013088573206,0.0697792517076235,-0.183871837419155,-0.93339796351902,220,SNRNP25;SNRPA1;SNRNP200;SNRPD3;CDC5L;CSTF2T;RBM5;LSM3;PPIH;PRPF40A;THOC2;EIF4E;HNRNPR;SNIP1;UPF3B;NUP88;U2SURP;CPSF6;NUP155;RBBP6;CLP1;POLR2A;PPP1CB;PPIG;RBMX2;DHX35;NUP160;SF3B4;RAE1;POLR2B
REACTOME_RAC3_GTPASE_CYCLE,0.664107485604607,0.939013088573206,0.0628003977812234,0.216756743744293,0.886753853392819,59,EPHA2;YKT6;ABR;PIK3R2;RAPGEF1;CDC42EP1;ARHGAP1;FERMT2;ARAP3;VAV2
REACTOME_SIGNALING_BY_TGFBR3,0.659533073929961,0.939013088573206,0.0637845390312975,-0.249900590689666,-0.890349189752694,30,APH1B;AGO3;MYOG;NCSTN;ARRB1
REACTOME_TRANSFERRIN_ENDOCYTOSIS_AND_RECYCLING,0.654690618762475,0.939013088573206,0.0653834195468773,-0.273945511328092,-0.884841808673195,22,ATP6V1D;ATP6V1C1;ATP6V1H;ATP6V0E1;ATP6AP1;ATP6V0A1;ATP6V1B2;HFE
REACTOME_UPTAKE_AND_ACTIONS_OF_BACTERIAL_TOXINS,0.654690618762475,0.939013088573206,0.0653834195468773,-0.274111726320259,-0.885378681767356,22,MAP2K6;VAMP2;MAP2K4;SV2B;SNAP25;MAP2K1;FURIN
REACTOME_DUAL_INCISION_IN_GG_NER,0.669260700389105,0.940249695638681,0.0630790410571939,-0.239371288534626,-0.878509847631502,35,DDB1;RFC4;ERCC4;POLD3;CHD1L;RFC1;RBX1;UBA52;RPS27A;POLE2;ERCC3;XPA
REACTOME_NONHOMOLOGOUS_END_JOINING_NHEJ,0.67953667953668,0.948865241548168,0.0619762736001998,-0.246388160362694,-0.872537697528198,29,NBN;H4C3;TDP1;ATM;KAT5;HERC2;BABAM2;UBE2N;NHEJ1;DCLRE1C;BRCC3;H4C5
REACTOME_PKMTS_METHYLATE_HISTONE_LYSINES,0.67953667953668,0.948865241548168,0.0619762736001998,-0.246089294762032,-0.871479320767366,29,SUV39H1;NSD3;ASH2L;H4C3;SETD3;ATF7IP;NSD1;KMT2A
REACTOME_RAC1_GTPASE_CYCLE,0.678646934460888,0.948865241548168,0.066436413766281,-0.193813314981064,-0.904686245768839,113,PKN2;WASF3;PLD1;VRK2;CHN1;OPHN1;SRGAP3;PIK3R1;SOS2;WIPF2;DOCK1;TIAM1;VAMP3;PLD2;CDC42;WASL;ARHGAP26
REACTOME_RNA_POLYMERASE_III_TRANSCRIPTION,0.677685950413223,0.948865241548168,0.0653834195468773,0.246521584087649,0.864047829729159,29,BRF1;SNAPC4;GTF3C5;POLR1C
REACTOME_REGULATION_OF_TP53_ACTIVITY_THROUGH_PHOSPHORYLATION,0.681069958847737,0.949558724968838,0.0649407684612899,-0.218326692948698,-0.886944842786903,54,TAF15;RFC4;TAF9B;NBN;RAD17;PRKAB2;HUS1;ATM;CHEK2;MAPK11;HIPK1;TAF5;CCNA2
REACTOME_EGFR_DOWNREGULATION,0.682634730538922,0.95004788072543,0.0633597010643758,-0.266447581012206,-0.860623553773342,22,STAM2;EPS15L1;EGFR;CDC42;PTPN3;CBL;EPS15;UBA52;RPS27A;SPRY1
REACTOME_FATTY_ACYL_COA_BIOSYNTHESIS,0.683495145631068,0.95004788072543,0.0619762736001998,-0.262232469462343,-0.862582735554028,23,HSD17B12;SCD5;ELOVL6;CBR4;MORC2;SLC27A2;ACSL5;ELOVL2;ACACA
REACTOME_BACTERIAL_INFECTION_PATHWAYS,0.687872763419483,0.954172330082681,0.0628003977812234,-0.205794524497031,-0.890022233979487,71,TLR2;KPNB1;MAP2K6;STAM2;VAMP2;VPS33B;GBP2;MET;ATP6V1H;LAMC1;MAP2K4;SV2B;SNAP25;KPNA1;CBL;LAMC3;FN1;MAP2K1;EPS15;FURIN
REACTOME_DOWNSTREAM_TCR_SIGNALING,0.688888888888889,0.954172330082681,0.0635007968065945,-0.207489917472837,-0.891474644236653,70,TRAF6;CD3G;PIK3R1;CD4;PSMA4;PSMB5;BTRC;PSMB1;MALT1;NFKBIA;PSMA3;PSMA2;PRKCQ;PSMB6;PDPK1;PSMD13;UBE2N;UBA52;PSMC1;RPS27A;PSMB4
REACTOME_TP53_REGULATES_TRANSCRIPTION_OF_DNA_REPAIR_GENES,0.68958742632613,0.954172330082681,0.0621124188949471,0.221890906811643,0.879670713636494,48,JUN;DDB2;POLR2J;CDK9;FOS;POLR2I;TCEA1;CCNH;ELOB;MDC1;GTF2F1
REACTOME_DRUG_ADME,0.694214876033058,0.95768196753958,0.0642140881844605,-0.209971022062474,-0.882332466403894,63,PON1;CYP2C19;ITPA;BCHE;UGT2B4;TPMT;SULT1A1;HSD11B1;CYP2C8;ALB
REACTOME_INWARDLY_RECTIFYING_K_CHANNELS,0.693836978131213,0.95768196753958,0.0623861492893626,0.272786044770312,0.82044917541431,16,GNB5;GNG11;GNG5;GNB2;GNG12
REACTOME_IRAK4_DEFICIENCY_TLR2_4,0.699009900990099,0.960459227588711,0.0618406035753285,-0.290522887248683,-0.845162150185848,15,TLR2;HMGB1;FGB
REACTOME_PROTEIN_HYDROXYLATION,0.698039215686275,0.960459227588711,0.0614364107201271,-0.271565996392749,-0.842677215486234,18,ASPH;ZC3H15;RPS23;F9;RWDD1;RPS6;ETF1;DRG1
REACTOME_REGULATION_OF_MRNA_STABILITY_BY_PROTEINS_THAT_BIND_AU_RICH_ELEMENTS,0.69937369519833,0.960459227588711,0.0643583367917361,-0.20789119003542,-0.88200575774176,66,TNPO1;KHSRP;PSMA4;DCP1A;PARN;PSMB5;ANP32A;PSMB1;SET;PSMA3;DIS3;PSMA2;MAPK11;PRKCA
REACTOME_DNA_DOUBLE_STRAND_BREAK_REPAIR,0.703030303030303,0.96403556523317,0.0625237414724762,-0.199413129524241,-0.898317291310652,90,MAPK8;RFC4;XRCC2;NBN;H4C3;TDP1;ERCC4;RAD17;POLD3;HUS1;ATM;CHEK2;RFC1;RNF4;CCNA2;TIMELESS;KAT5;RAD52;TOPBP1;HERC2;BABAM2;UBE2N;NHEJ1;UBA52;RPS27A;POLE2;DCLRE1C;RAD1
REACTOME_MATURATION_OF_SARS_COV_2_SPIKE_PROTEIN,0.704331450094162,0.964376096093053,0.0590954798717342,-0.252561986508654,-0.853764680353416,25,ST6GALNAC2;EDEM2;MAN2A1;ST3GAL1;TMEM258
REACTOME_REGULATION_OF_ORNITHINE_DECARBOXYLASE_ODC,0.706692913385827,0.965710855391857,0.0610363728309177,-0.233341816414612,-0.864775783908794,36,NQO1;PSMA4;PSMB5;PSMB1;PSMA3;PSMA2;PSMB6;PSMD13;PSMC1;PSMB4;PSMC4;PSMD14;PSMC2;PSMB2
REACTOME_THE_PHOTOTRANSDUCTION_CASCADE,0.707414829659319,0.965710855391857,0.0618406035753285,-0.285792054463599,-0.847254292998042,16,NMT2;CAMKMT;PRKCQ;PRKCA;METAP1;CNGA1
REACTOME_DISEASES_OF_HEMOSTASIS,0.721343873517787,0.965774533657745,0.0602484086158019,0.270818452976384,0.823292299954252,17,COL1A1;TPST2;GP1BA;COL1A2
REACTOME_EXPRESSION_OF_BMAL_ARNTL_CLOCK_AND_NPAS2,0.718146718146718,0.965774533657745,0.0593487680335629,-0.238843292595447,-0.845818956091525,29,TBL1X;MED1;NCOA2;NCOA6;PPARGC1A;TGS1;SIRT1;CRTC3
REACTOME_FORMATION_OF_THE_DYSTROPHIN_GLYCOPROTEIN_COMPLEX_DGC,0.721174004192872,0.965774533657745,0.0630790410571939,0.239270243600383,0.823274035565969,26,LAMA5;SNTB1;ACTA2;LAMA3;AGRN;ACTG1;ACTG2;HSPG2
REACTOME_INSERTION_OF_TAIL_ANCHORED_PROTEINS_INTO_THE_ENDOPLASMIC_RETICULUM_MEMBRANE,0.718685831622177,0.965774533657745,0.062249042949858,0.266060340080014,0.829978242767836,19,HMOX1;SERP1;VAPA;BAG6;GET3;STX5;UBL4A;ALDH3A2
REACTOME_INTERLEUKIN_17_SIGNALING,0.722222222222222,0.965774533657745,0.0621124188949471,-0.213188325514358,-0.866070398005646,54,TRAF6;MAPK8;MAP2K6;NOD1;BTRC;VRK3;MAP2K4;MAPK11;RPS6KA5;MAPKAPK3;MAP2K1
REACTOME_LAGGING_STRAND_SYNTHESIS,0.709418837675351,0.965774533657745,0.0617054053637523,-0.285137807783778,-0.845314724351886,16,RFC4;POLD3;POLA1;RFC1
REACTOME_MHC_CLASS_II_ANTIGEN_PRESENTATION,0.718253968253968,0.965774533657745,0.060640400949416,0.204660729592958,0.880463473471295,76,HLA-DQB1;TUBA1A;SPTBN2;DYNC1H1;AP1S1;KLC1;KIF5B;IFI30;SAR1B;SEC23A;TUBA3C;SEC24B;CLTC;AP2M1;AP2A2;DCTN1;CD74;TUBB6;HLA-DMB;LAG3;CAPZB;CTSC;HLA-DMA;AP2S1;HLA-DQB2;TUBB4B;KIF3C;TUBA1B;TUBA4A;CTSD;ACTR1B;CTSK;DCTN2;CLTA;CTSA;LGMN;ARF1;KIF22
REACTOME_MITOTIC_G2_G2_M_PHASES,0.713097713097713,0.965774533657745,0.0632191170859458,-0.18669407103638,-0.886342645112477,131,WEE1;CEP43;MYBL2;E2F3;CETN2;PSMA4;TUBGCP4;PSMB5;BTRC;CCP110;PPP1CB;PSMB1;PHLDA1;YWHAE;TUBB2A;CEP72;PSMA3;CEP63;CEP70;PSMA2;MNAT1;OFD1;RBX1;PRKACA;CCNA2;MZT2A;PSMB6;FBXL18;CKAP5;CEP57;PSMD13;PPME1;UBA52;CEP41;PSMC1;RPS27A;PSMB4;CEP164
REACTOME_MRNA_POLYADENYLATION,0.721153846153846,0.965774533657745,0.0589694466690997,0.19492336116834,0.882188292132852,102,SRSF9;RBM39;HNRNPH1;SNRPA;PCBP1;CPSF4;DDX5;POLR2J;POLR2I;NUDT21;HNRNPF;SMNDC1;CSTF1;PTBP1;SUGP1;PUF60;FUS;SNRNP70;SF3B1;SRSF1;DHX15;HNRNPU;GTF2F1;RBM25;SYMPK;SF3B2;HNRNPM;PPP1R10;HNRNPD;SRSF5;U2AF2;SNRPD1
REACTOME_PARASITE_INFECTION,0.712215320910973,0.965774533657745,0.0630790410571939,-0.21830071908443,-0.873454084702748,50,WASF3;CD3G;LYN;NCK1;WIPF2;DOCK1;FYN;CDC42;WASL
REACTOME_POST_TRANSLATIONAL_MODIFICATION_SYNTHESIS_OF_GPI_ANCHORED_PROTEINS,0.713414634146341,0.965774533657745,0.0621124188949471,-0.227523256137781,-0.85889585898847,40,PIGN;PIGK;PIGO;RECK;PIGV;GPLD1;XPNPEP2;LYPD3;CPM;PIGF;DPM1
REACTOME_RHO_GTPASES_ACTIVATE_WASPS_AND_WAVES,0.71868978805395,0.965774533657745,0.059221919380382,-0.239645427581424,-0.859571300818276,31,WASF3;NCK1;WIPF2;CDC42;WASL;WIPF1;ACTR2;NCKIPSD;WASF2;CYFIP2;ACTB
REACTOME_SULFUR_AMINO_ACID_METABOLISM,0.710204081632653,0.965774533657745,0.0625237414724762,0.260715891181946,0.836042052240652,21,CDO1;ETHE1;GOT2;SLC25A10;CSAD
REACTOME_TRANSCRIPTIONAL_REGULATION_BY_SMALL_RNAS,0.715498938428875,0.965774533657745,0.0640703750499722,0.243584290635191,0.82591826630091,25,H2AC6;POLR2J;H2AX;POLR2I;H2AZ2
REACTOME_ASSEMBLY_AND_CELL_SURFACE_PRESENTATION_OF_NMDA_RECEPTORS,0.733870967741936,0.968625081342382,0.0603786357920401,-0.273142260133262,-0.822926164449752,17,CAMK2G;CAMK2A
REACTOME_DEGRADATION_OF_BETA_CATENIN_BY_THE_DESTRUCTION_COMPLEX,0.732313575525813,0.968625081342382,0.0579754757571486,0.206300174492275,0.864531066705197,66,CTBP1;TCF7L2;TCF7;CSNK1A1;PPP2R5B;PSMD7;PSMC3;TLE2;AXIN1;PSMD6;PSMA7;PSMC6;HDAC1;PSMA5
REACTOME_DNA_DAMAGE_BYPASS,0.731898238747554,0.968625081342382,0.0590954798717342,-0.231913150571326,-0.842500609979208,33,DDB1;RFC4;WDR48;POLD3;RFC1;RBX1;UFD1;UBA52;RPS27A;UBE2L6;POLE2
REACTOME_DNA_STRAND_ELONGATION,0.732038834951456,0.968625081342382,0.0587185879555941,-0.250516395699837,-0.824044094718529,23,RFC4;GINS3;POLD3;POLA1;RFC1;MCM4;LIG1
REACTOME_NEGATIVE_REGULATION_OF_MAPK_PATHWAY,0.733333333333333,0.968625081342382,0.0605092988656667,0.226085655519034,0.832268447486509,34,DUSP8;PPP2R5B;DUSP6;HRAS;DUSP9;DUSP1;MARK3
REACTOME_NR1H3_NR1H2_REGULATE_GENE_EXPRESSION_LINKED_TO_CHOLESTEROL_TRANSPORT_AND_EFFLUX,0.731141199226306,0.968625081342382,0.0585937568945671,-0.247857968702904,-0.824366490267757,24,AGO3;TBL1X;APOC1
REACTOME_RET_SIGNALING,0.731898238747554,0.968625081342382,0.0590954798717342,-0.231926823124351,-0.842550280014025,33,GAB1;GFRA3;PIK3R1;SHC3;GFRA2;FRS2;PRKCA;PRKACA;SOS1
REACTOME_SYNTHESIS_OF_BILE_ACIDS_AND_BILE_SALTS,0.727619047619048,0.968625081342382,0.0580983576873206,-0.248191786124972,-0.84881999440283,26,AKR1D1;NCOA2;CYP46A1;CYP39A1;SLC27A2;AKR1C3;OSBPL9;AKR1C1
REACTOME_TELOMERE_MAINTENANCE,0.727272727272727,0.968625081342382,0.0578529757032509,0.205766677214638,0.851424895199097,61,DKC1;H2AC6;NHP2;POLD1;POLR2J;H2AX;TERF2;POLR2I;RUVBL2;H2AZ2;CDK2
REACTOME_COPII_MEDIATED_VESICLE_TRANSPORT,0.736943907156673,0.970584847856633,0.0582216241124161,0.215000184911186,0.851655846438307,47,YKT6;PREB;TRAPPC2;CNIH1;SEC16A;RAB1A;SAR1B;SEC23A;TRAPPC6A;CSNK1D;STX5;SEC24B;NAPA
REACTOME_NOTCH2_ACTIVATION_AND_TRANSMISSION_OF_SIGNAL_TO_THE_NUCLEUS,0.7374749498998,0.970584847856633,0.0598603117764473,-0.277729689902217,-0.823352743323519,16,APH1B;NCSTN
REACTOME_RHO_GTPASES_ACTIVATE_PAKS,0.739837398373984,0.970904092995085,0.0603786357920401,0.269262387460615,0.818763816918901,18,MYH9;MYL9;FLNA;MYH10;LIMK1
REACTOME_TRNA_AMINOACYLATION,0.739219712525667,0.970904092995085,0.0609039347452418,0.228858952993808,0.826908616298708,32,PPA1;YARS1;PPA2;SARS2;MARS1;SARS1;IARS1
REACTOME_ACTIVATED_PKN1_STIMULATES_TRANSCRIPTION_OF_AR_ANDROGEN_RECEPTOR_REGULATED_GENES_KLK2_AND_KLK3,0.741106719367589,0.971047802305486,0.0589694466690997,0.263819096437886,0.80201414745228,17,H2AC6;PKN1;H2AX;H2AZ2
REACTOME_ADIPOGENESIS,0.74749498997996,0.971047802305486,0.059221919380382,0.203106403846364,0.861041682127195,71,FABP4;GATAD2A;MED16;RBBP4;NR2F2;PCK1;PLIN1;NCOR2;CARM1;RELA;CEBPA;SREBF1;SMARCD3;RBBP7;TGFB1;HDAC1;MED24;HNRNPU
REACTOME_AMYLOID_FIBER_FORMATION,0.744186046511628,0.971047802305486,0.0578529757032509,0.212102682533351,0.846401780805052,51,LYZ;GGA3;ITM2B;H2AC6;TSPAN14;H2AX
REACTOME_DDX58_IFIH1_MEDIATED_INDUCTION_OF_INTERFERON_ALPHA_BETA,0.748427672955975,0.971047802305486,0.0613026075396207,-0.210278738936586,-0.847090183598298,52,TRAF6;CYLD;HERC5;S100A12;NFKBIA;HMGB1;ATG12;TNFAIP3;TAX1BP1;CASP10;CASP8;TOMM70;UBE2K;UBA52;RPS27A;RNF125;UBE2L6;NKIRAS2
REACTOME_DEVELOPMENTAL_LINEAGE_OF_MAMMARY_GLAND_MYOEPITHELIAL_CELLS,0.742454728370221,0.971047802305486,0.0597317976364411,0.266772313083381,0.785593017485563,15,VIM;ACTA2;CDH1;ALDH1A1;TP63;ITGA6;ITGB1;ALDH1A3
REACTOME_DNA_REPLICATION_PRE_INITIATION,0.746506986027944,0.971047802305486,0.0590954798717342,-0.198541073229819,-0.870828578836353,78,ANAPC15;KPNB1;H4C3;PSMA4;ORC3;PSMB5;PSMB1;CDC16;POLA1;PSMA3;UBE2C;CDC27;PSMA2;KPNA1
REACTOME_REGULATION_OF_TP53_ACTIVITY,0.744230769230769,0.971047802305486,0.0574877409561325,0.191685600121831,0.867534764352321,102,PRKAG2;GATAD2A;EHMT2;RBBP4;STK11;SMYD2;TAF7;TAF4;CDK5R1;PIP4K2B;PPP1R13L;PLK3;BRD1;CDK2;PRMT5;TAF10;RPA2;RBBP7;NOC2L
REACTOME_RHO_GTPASES_ACTIVATE_NADPH_OXIDASES,0.747433264887064,0.971047802305486,0.0603786357920401,0.259277966213888,0.808820550713811,19,S100A9;PRKCZ;PRKCD;CYBA;RAC2;MAPK3;PIN1
REACTOME_G1_S_DNA_DAMAGE_CHECKPOINTS,0.75,0.971596316809431,0.0609039347452418,-0.20639544693284,-0.841790232476803,55,NEK11;PSMA4;PSMB5;BTRC;PSMB1;ATM;PSMA3;CHEK2;PSMA2;RBX1;MAPK11;CCNA2;GSK3B;PSMB6;PSMD13;UBA52;PSMC1;RPS27A;PSMB4
REACTOME_METABOLISM_OF_NUCLEOTIDES,0.752032520325203,0.971596316809431,0.0596037042575973,-0.202166937379664,-0.868798289766795,69,ENTPD5;ITPA;ADPRM;CTPS1;ADSL;RRM1;AMPD3;ADSS2;PAICS;IMPDH2;AK4;NUDT9;DCTPP1;DNPH1;NT5E;UMPS;SAMHD1;ENTPD1
REACTOME_VIF_MEDIATED_DEGRADATION_OF_APOBEC3G,0.752032520325203,0.971596316809431,0.0596037042575973,-0.220761960971164,-0.83337210146766,40,PSMA4;PSMB5;PSMB1;PSMA3;PSMA2;RBX1;PSMB6;PSMD13;UBA52;PSMC1;RPS27A;PSMB4;PSMC4;APOBEC3G;PSMD14;PSMC2;PSMB2
REACTOME_FANCONI_ANEMIA_PATHWAY,0.759223300970874,0.977134043367634,0.0570059526582387,-0.244047714329714,-0.802766131378944,23,DCLRE1A;WDR48;ERCC4;FAN1;FANCI;FANCL
REACTOME_OPIOID_SIGNALLING,0.757751937984496,0.977134043367634,0.0570059526582387,0.206832038024773,0.835181145460277,54,GNB5;GNA11;GNG11;PPP3CC;PRKAR1B;ADCY9;POMC;GNG5;ADCY3;GNB2;CAMKK2;GNG12;PRKCD
REACTOME_PHASE_I_FUNCTIONALIZATION_OF_COMPOUNDS,0.759519038076152,0.977134043367634,0.0584693210386381,0.201551561826315,0.854450143096264,71,AOC3;AOC2;ADH1A;ALDH1B1;TBXAS1;PTGES3;ALDH3A1;HSP90AB1;CYB5B;FDX1;FMO2;AIP;CYP4F3;POMC;SMOX;FDXR;CYP4F2;CYB5R3;CES3;CYP4F12;PAOX;CYP1A1;CYP2W1;ADH1C;ALDH1A1;ALDH2;CES2;EPHX1;ADH6;CYP2D6
REACTOME_CELLULAR_RESPONSE_TO_HYPOXIA,0.761627906976744,0.978472879089338,0.0567672387487446,0.206419896710123,0.833516932031119,54,UBE2D3;EPO;VEGFA;PSMD7;PSMC3;HIF3A;PSMD6;PSMA7;EPAS1;PSMC6;ELOB;PSMA5
REACTOME_DISEASES_OF_METABOLISM,0.76271186440678,0.978493092152115,0.0609039347452418,-0.17858703184563,-0.885264078799857,173,GALNS;MMUT;EPM2A;SLC25A15;ALG9;MMACHC;MUC1;SLC37A4;BCAN;TPMT;B4GALT1;GLB1;GNE;ADAMTS12;NCAN;C1GALT1C1;GNS;MAOA;MCCC2;MUC5B;MPI;ALG6;MTRR;EXT2;SPON1;ARG1;ALG8;BCKDHB;AUH;GSS;ALDOB;GBE1;BTD;THSD4;AMN;DAG1;PAPSS2;DPM1
REACTOME_BETA_CATENIN_INDEPENDENT_WNT_SIGNALING,0.764705882352941,0.979679144385027,0.0555947097758869,0.190962389508225,0.863519597899107,94,GNB5;TCF7L2;TCF7;FZD1;GNG11;PSMD7;PSMC3;RHOA;PARD6A;RYK;PFN1;PSMD6;PSMA7;SCRIB;PSMC6;GNG5;DVL2;PSMA5;GNB2;CLTC;PSMB3;AP2M1;GNG12
REACTOME_P53_DEPENDENT_G1_DNA_DAMAGE_RESPONSE,0.766730401529637,0.980900904750206,0.055826471778749,0.213574903361583,0.83795732447599,44,CDKN1A;PCBP4;PSMD7;PSMC3;CDKN1B;CDK2;PSMD6;PSMA7;PSMC6;PSMA5
REACTOME_NICOTINATE_METABOLISM,0.768611670020121,0.981936247891814,0.0580983576873206,0.261905639126209,0.771261601174236,15,SLC22A13;NADK
REACTOME_NEGATIVE_REGULATION_OF_NOTCH4_SIGNALING,0.774847870182556,0.98799352842667,0.0580983576873206,-0.21625351614966,-0.822706264999479,41,PSMA4;PSMB5;PSMB1;PSMA3;PSMA2;RBX1;PSMB6;PSMD13;UBA52;PSMC1;RPS27A;PSMB4;PSMC4;PSMD14;PSMC2;PSMB2
REACTOME_NUCLEAR_SIGNALING_BY_ERBB4,0.775510204081633,0.98799352842667,0.0583452776743612,0.247182106768167,0.792643037149617,21,TAB2;ESR1;HBEGF;CXCL12;SPARC;ADAP1
REACTOME_ACTIVATION_OF_IRF3_IRF7_MEDIATED_BY_TBK1_IKK_IKBKE,0.786561264822134,0.989309053126623,0.0561766586307176,0.252223408039843,0.766763074765553,17,SARM1;PTPN11;IRF7;IRF3;LY96;UBC;CD14;TICAM1;TBK1;TRAF3;UBB;IKBKE;OPTN;TANK;RPS27A;TLR4;UBA52
REACTOME_ACTIVATION_OF_NMDA_RECEPTORS_AND_POSTSYNAPTIC_EVENTS,0.782520325203252,0.989309053126623,0.0577308549299813,-0.206121647997443,-0.822075694633011,49,KRAS;RPS6KA6;CAMK2G;CAMK2A
REACTOME_CA_DEPENDENT_EVENTS,0.788423153692615,0.989309053126623,0.0565299525056311,-0.239853104656925,-0.774723608032891,22,CAMK2G;CAMK2A
REACTOME_GLOBAL_GENOME_NUCLEOTIDE_EXCISION_REPAIR_GG_NER,0.780487804878049,0.989309053126623,0.0578529757032509,-0.200216271152744,-0.860415437932465,69,PIAS1;DDB1;RFC4;CETN2;XPC;ERCC4;POLD3;COPS3;CHD1L;MNAT1;RFC1;RBX1;COPS8;INO80D;LIG1;UBE2N;UBA52;RPS27A;POLE2;ERCC3;ACTB;XPA
REACTOME_GROWTH_HORMONE_RECEPTOR_SIGNALING,0.778864970645793,0.989309053126623,0.0561766586307176,-0.246333611991088,-0.789385159248103,20,PRLR;LYN
REACTOME_NUCLEOTIDE_EXCISION_REPAIR,0.781124497991968,0.989309053126623,0.0572461135202885,-0.193596276638305,-0.871247849872287,89,PIAS1;DDB1;RFC4;CETN2;XPC;ERCC4;POLR2A;POLD3;POLR2B;COPS3;ERCC8;CHD1L;POLR2D;MNAT1;RFC1;RBX1
REACTOME_PLASMA_LIPOPROTEIN_REMODELING,0.788259958071279,0.989309053126623,0.0588438169595807,0.226317207881067,0.778705610219766,26,ANGPTL8;LIPG;APOC3;LMF1;APOA1;LPA;LMF2;APOA4;MBTPS1
REACTOME_RHOQ_GTPASE_CYCLE,0.783524904214559,0.989309053126623,0.0549073703290958,0.209423856563431,0.82127487306255,43,TRIP10;ARHGEF7;CDC42EP1;ARHGAP1;STEAP3;SCRIB;OBSCN;CDC42EP4;DLC1;FNBP1
REACTOME_ROS_AND_RNS_PRODUCTION_IN_PHAGOCYTES,0.788349514563107,0.989309053126623,0.0552495663125249,-0.237827949309378,-0.782306948972034,23,ATP6V1D;MPO;ATP6V1C1;ATP6V1H;ATP6V0E1
REACTOME_SCF_BETA_TRCP_MEDIATED_DEGRADATION_OF_EMI1,0.787575150300601,0.989309053126623,0.0567672387487446,-0.21265262886781,-0.799946548918826,39,PSMA4;PSMB5;BTRC;PSMB1;PSMA3;PSMA2;PSMB6;PSMD13;UBA52;PSMC1;RPS27A;PSMB4;PSMC4;PSMD14;PSMC2;PSMB2
REACTOME_SIGNALING_BY_CSF1_M_CSF_IN_MYELOID_CELLS,0.778846153846154,0.989309053126623,0.0553642837725362,-0.233315528817985,-0.804184824428622,27,KRAS;LYN;PIK3R1;FYN
REACTOME_CA2_PATHWAY,0.791338582677165,0.991608949018172,0.0557104226766671,-0.217415252841334,-0.805751187671906,36,KRAS;CAMK2A;AGO3;WNT5A
REACTOME_CYTOPROTECTION_BY_HMOX1,0.801217038539554,0.995153583038389,0.0565299525056311,-0.208785564082394,-0.794295485550215,41,COX7A2;TBL1X;MED1;NCOA2;COX6C;NCOA6;COX6A2;ALB
REACTOME_EPHB_MEDIATED_FORWARD_SIGNALING,0.802371541501976,0.995153583038389,0.0552495663125249,-0.214786140904979,-0.800911044251205,37,ARHGEF28;EPHB1;LYN;FYN;TIAM1;CDC42;WASL;EPHB6
REACTOME_ERK_MAPK_TARGETS,0.796714579055442,0.995153583038389,0.0573667426768556,0.247704945243268,0.772718380785661,19,DUSP6;RPS6KA3;MAPK7;RPS6KA1
REACTOME_GLUTATHIONE_CONJUGATION,0.80439121756487,0.995153583038389,0.0555947097758869,-0.236798630272296,-0.764857680221414,22,ESD;AKR1A1;GSS;GSTA4;GGCT;GSTM3;CNDP2;MGST3;GSTK1;GSTM1;CHAC1;GCLC;GSTM5;GCLM
REACTOME_HEDGEHOG_LIGAND_BIOGENESIS,0.800813008130081,0.995153583038389,0.0566484183613995,-0.205848396663867,-0.790375997969054,42,PSMA4;PSMB5;OS9;PSMB1;PSMA3;PSMA2;PSMB6;ADAM17;PSMD13;UBA52;PSMC1;RPS27A;PSMB4;PSMC4;PSMD14;PSMC2;PSMB2
REACTOME_MAPK6_MAPK4_SIGNALING,0.80379746835443,0.995153583038389,0.0582216241124161,-0.198535109929521,-0.824610519559456,61,CDC14B;AGO3;PSMA4;PSMB5;PSMB1;FOXO3;CDC42;PSMA3;PSMA2;CDC42EP3;PRKACA;PSMB6;PSMD13;UBA52;PSMC1;RPS27A;PRKACG;PSMB4;PSMC4;NCOA3;PSMD14;MAPK6;PSMC2;PSMB2
REACTOME_MAPK_FAMILY_SIGNALING_CASCADES,0.798245614035088,0.995153583038389,0.0603786357920401,-0.176840322343164,-0.885951046005992,203,KRAS;FGF4;CDC14B;GFRA3;CAMK2G;CAMK2A;AGO3;LAMTOR3;PIK3R1;PPP2R5A;SHC3;PSMA4;PSMB5;FYN;ARRB1;PPP1CB;NCAM1;KIT;EGFR;PSMB1;FOXO3;IL6R;MET;GFRA2;CDC42;FRS2;PSMA3;PSMA2;TLN1;FGB;PTPN3;PDE6D;CDC42EP3;RBX1;PRKCQ;RAP1A;PRKACA
REACTOME_PEROXISOMAL_PROTEIN_IMPORT,0.805031446540881,0.995153583038389,0.0578529757032509,-0.202294961418057,-0.814928208506661,52,PEX1;PEX26;ECI2;PIPOX;PEX13;PEX12;PEX7;IDE;ACOX1;HAO1;SLC27A2;DAO;CROT;GNPAT;UBA52;RPS27A
REACTOME_SYNTHESIS_OF_BILE_ACIDS_AND_BILE_SALTS_VIA_7ALPHA_HYDROXYCHOLESTEROL,0.798058252427184,0.995153583038389,0.0546808488785442,-0.245760286828213,-0.776242396945284,19,AKR1D1;NCOA2;SLC27A2;AKR1C3;AKR1C1;BAAT;NCOA1;CYP7A1;NR1H4;HSD17B4;SLC27A5;AKR1C4;ACOT8;AKR1C2;ACOX2;CYP27A1;SCP2;RXRA
REACTOME_THE_ROLE_OF_GTSE1_IN_G2_M_PROGRESSION_AFTER_G2_CHECKPOINT,0.802325581395349,0.995153583038389,0.0543434390269162,0.203507771290002,0.812103543294135,51,CDKN1A;PSMD7;PSMC3;TUBA1A;HSP90AB1;PSMD6;PSMA7;HSP90AA1;PSMC6;TUBA3C;PSMA5
REACTOME_GOLGI_ASSOCIATED_VESICLE_BIOGENESIS,0.807615230460922,0.996222762757409,0.0555947097758869,-0.20983733275872,-0.784972090352902,38,VAMP2;ARRB1;SNX2;TBC1D8B;NECAP1;AP3B1;VAMP7;TGOLN2;CPD;SORT1;YIPF6
REACTOME_NEUROTRANSMITTER_RECEPTORS_AND_POSTSYNAPTIC_SIGNAL_TRANSMISSION,0.810246679316888,0.996222762757409,0.0529129848430584,0.188057308331014,0.848417487377355,93,GNB5;NRGN;PRKAG2;CHRNE;ARHGEF7;LIN7B;RPS6KA3;GNG11;TUBA1A;HRAS;PRKAR1B;ADCY9;GRIK5;GNG5;ADCY3;TUBA3C;GNB2;NPTN;RPS6KA1;CAMKK2;AP2M1;GNG12;AP2A2;TUBB6;CREB1;GABRR2;MAPK3;PPM1F;AP2S1;TUBB4B
REACTOME_REGULATION_OF_INSULIN_SECRETION,0.808510638297872,0.996222762757409,0.0538979025357319,0.202376829017478,0.801652378520415,47,GNB5;GNA11;STXBP1;GNG11;PRKAR1B;GNG5;GNB2;CACNA1C;GNG12;ADRA2C
REACTOME_SIGNALING_BY_FGFR,0.809803921568627,0.996222762757409,0.0544555953940371,0.197797889769213,0.809147558982662,60,HNRNPH1;PLCG1;SPRY2;FGFR1;POLR2J;HRAS;POLR2I;MKNK1;HNRNPF;PTBP1;SHC1;SPRED2;TIAL1;GTF2F1;HNRNPM;FGF17;GALNT3;PTPN11;FGFR4;FGF18
REACTOME_TRANSMISSION_ACROSS_CHEMICAL_SYNAPSES,0.812371134020619,0.997495923274647,0.0566484183613995,-0.180054013198461,-0.854500768954049,130,KRAS;SYN1;RPS6KA6;SLC6A13;CAMK2G;NCALD;CAMK2A;BCHE;VAMP2;ARHGEF9;GLUL;UNC13B;ABAT;SLC1A2;PRKAB2;TUBB2A;COMT;MAOA;AP2B1;SNAP25;KCNJ3
REACTOME_ABC_FAMILY_PROTEINS_MEDIATED_TRANSPORT,0.963855421686747,1,0.0475434194201301,0.164940252877425,0.698950199827618,72,ABCD3;PSMD7;PSMC3;ABCC1;ABCC10;ABCC5;ABCA8;PSMD6;APOA1;PSMA7;ABCA3;PSMC6;ABCB4;ABCC3;PSMA5;PSMB3;SEL1L;ABCG5
REACTOME_ABC_TRANSPORTER_DISORDERS,0.992337164750958,1,0.0440640346597561,0.146000160506737,0.592525519522548,55,PSMD7;PSMC3;PSMD6;APOA1;PSMA7;ABCA3;PSMC6;ABCB4;PSMA5;ABCB11;PSMB3;SEL1L;ABCG5
REACTOME_ABORTIVE_ELONGATION_OF_HIV_1_TRANSCRIPT_IN_THE_ABSENCE_OF_TAT,0.935922330097087,1,0.0473534245254193,-0.202072274196676,-0.638252292520538,19,POLR2A;POLR2B;POLR2D
REACTOME_ACTIVATED_NOTCH1_TRANSMITS_SIGNAL_TO_THE_NUCLEUS,0.870259481037924,1,0.0519512476197082,0.222491682464932,0.729829877035585,22,DTX4;NOTCH1;DTX2
REACTOME_ACTIVATION_OF_NF_KAPPAB_IN_B_CELLS,0.857142857142857,1,0.0543434390269162,-0.193341403077142,-0.773588098876469,50,PSMA4;PSMB5;BTRC;PSMB1;MALT1;NFKBIA;PSMA3;PSMA2;PSMB6;PSMD13;UBA52;PSMC1;RPS27A;PSMB4;PRKCB;PSMC4;PSMD14;PSMC2;PSMB2
REACTOME_AMPK_INDUCED_ERAD_AND_LYSOSOME_MEDIATED_DEGRADATION_OF_PD_L1_CD274,0.941908713692946,1,0.0500922874402106,-0.180912581660228,-0.704559191113766,46,PSMA4;PSMB5;OS9;PSMB1;PRKAB2;PSMA3;PSMA2;PSMB6;PSMD13;UBA52;PSMC1;RPS27A;PSMB4;ERLIN2;PSMC4;PSMD14;PSMC2;PSMB2;ERLIN1
REACTOME_ANTIGEN_PROCESSING_CROSS_PRESENTATION,0.983739837398374,1,0.0471642455670861,-0.160042683023426,-0.701471496332516,79,TLR2;SEC61A2;PSMA4;PSMB5;PSMB1;VAMP3;SEC61G;PSMA3;HMGB1;PSMA2;SEC61B;FGB;PSMB6;PSMD13;UBA52;TLR4;PSME2;PSMC1;RPS27A;PSMB4
REACTOME_ANTIGEN_PROCESSING_UBIQUITINATION_PROTEASOME_DEGRADATION,0.928118393234672,1,0.0516355964484201,-0.163737525990983,-0.813652353052923,176,HERC6;ASB9;HERC5;PSMA4;PSMB5;BTRC;RBBP6;RNF115;FBXO7;UBE2H;PSMB1;TPP2;NEDD4;UBE4A;CDC16;PSMA3;UBE2C;NPEPPS;UBA5;CDC27;PSMA2;UBR2;KLHL22;WWP1;KLHL20;RBX1;RNF4;CCNF;RNF19A;PSMB6;KLHL11;FBXW2;RNF14;TRIM21;FBXL18;UBE2D4;RNF25;PSMD13;HERC2;UBE2K;UBE2N;UBA52;ASB8;PSMC1;RPS27A;CUL2;PSMB4;UBE2L6;TRIM32;TRAIP;PJA2;BLMH;KLHL2;PSMC4;RNF19B;ZBTB16;HUWE1;WSB1;PSMD14;BTBD1;KCTD7;RNF41;UBE2Z;PSMC2;TRIP12
REACTOME_APOPTOSIS,0.991683991683992,1,0.0478299633114229,-0.148718114021662,-0.706049237805803,131,APC;TFDP2;KPNB1;MAPK8;DAPK1;PSMA4;PSMB5;SFN;SATB1;PSMB1;YWHAE;GSDME;PSMA3;HMGB1;PSMA2;PPP3R1;KPNA1;H1-0;APAF1;CASP6;PRKCQ
REACTOME_APOPTOTIC_EXECUTION_PHASE,0.877431906614786,1,0.0503964322442957,-0.203105401720303,-0.7454114343067,35,APC;KPNB1;SATB1;HMGB1;KPNA1;H1-0;CASP6;PRKCQ
REACTOME_ASSOCIATION_OF_TRIC_CCT_WITH_TARGET_PROTEINS_DURING_BIOSYNTHESIS,0.952380952380952,1,0.0456790414930062,-0.190821037298508,-0.652611088950799,26,CCT6B
REACTOME_ASYMMETRIC_LOCALIZATION_OF_PCP_PROTEINS,0.885057471264368,1,0.0492917662312669,0.188083961301662,0.737588515357792,43,FZD1;PSMD7;PSMC3;PARD6A;PSMD6;PSMA7;SCRIB;PSMC6;DVL2;PSMA5;PSMB3
REACTOME_AUF1_HNRNP_D0_BINDS_AND_DESTABILIZES_MRNA,0.991869918699187,1,0.046788296531803,-0.148848280934006,-0.561899360451975,40,PSMA4;PSMB5;PSMB1;PSMA3;PSMA2;PSMB6;PSMD13;UBA52;PSMC1;RPS27A;PSMB4;PSMC4;PSMD14;PSMC2;PSMB2
REACTOME_AURKA_ACTIVATION_BY_TPX2,0.985772357723577,1,0.0470699590082662,-0.157042260904598,-0.626332202241499,49,CEP43;CETN2;CCP110;YWHAE;CEP72;CEP63;CEP70;OFD1;PRKACA
REACTOME_AZATHIOPRINE_ADME,0.98019801980198,1,0.0461379160269737,-0.183120035525938,-0.532715767879361,15,TPMT;IMPDH2;VAV1;XDH;GSTM1;HPRT1
REACTOME_CARBOXYTERMINAL_POST_TRANSLATIONAL_MODIFICATIONS_OF_TUBULIN,0.887096774193548,1,0.051530912208539,-0.230910687171613,-0.695690392368734,17,TPGS2;TTLL5;TUBB2A;LRRC49
REACTOME_CASPASE_ACTIVATION_VIA_EXTRINSIC_APOPTOTIC_SIGNALLING_PATHWAY,0.83265306122449,1,0.0550211117163117,0.236348960712528,0.757904204700549,21,DAPK3;TRAF2;CASP9;DAPK2;CASP3;RIPK1
REACTOME_CELLULAR_RESPONSE_TO_CHEMICAL_STRESS,0.973282442748092,1,0.044774889329693,0.154422125354993,0.742224497173478,152,CDKN1A;MAFG;ATF4;HMOX1;GSR;NOTCH1;PSMD7;CUL3;PSMC3;NCOR2;ABCC1;GSTP1;CARM1;HMOX2;HBB;RELA;PDGFA;PSMD6;PSMA7;SIN3B;SQSTM1;SMARCD3;PSMC6;STAT3;BCL2L1;ABCC3;PSMA5;MAP1LC3B;CCL2;TKT;CCS;PSMB3;BCL2;PRKCD;TXN;GPX1;COX5A;CYBA;CREBBP;COX8A
REACTOME_CELLULAR_RESPONSE_TO_HEAT_STRESS,0.897029702970297,1,0.0501934252649434,-0.181841973243029,-0.794095148517905,74,CAMK2G;CAMK2A;NUP88;NUP155;MTOR;NUP160;YWHAE;RAE1;NUP205;NUP133;ATM;NUP43;TPR;NUP54;GSK3B;HSPA1L;CRYAB;AAAS;SIRT1;HSPA12A
REACTOME_CHOLESTEROL_BIOSYNTHESIS,0.966067864271457,1,0.0471642455670861,0.177352227000004,0.581760866695776,22,SREBF1;MVK;TM7SF2;MVD;HMGCR;PMVK
REACTOME_CHROMATIN_MODIFICATIONS_DURING_THE_MATERNAL_TO_ZYGOTIC_TRANSITION_MZT,0.893145161290323,1,0.0512184348540341,-0.227874246958723,-0.686542170131886,17,KDM5A;H4C3
REACTOME_CIRCADIAN_CLOCK,0.96,1,0.0498907356726307,-0.167489573807389,-0.754706597984602,93,F7;PSMA4;TBL1X;PSMB5;MED1;BTRC;PPP1CB;NCOA2;NCOA6;PSMB1;PPARGC1A;PSMA3;PSMA2;KMT2A;RBX1;PSMB6;TGS1;SIRT1;CRTC3;NAMPT;PSMD13;UBA52;PSMC1;RPS27A;PSMB4;CRY2
REACTOME_CITRIC_ACID_CYCLE_TCA_CYCLE,0.918238993710692,1,0.0517405459873163,0.193386674336483,0.665399196364687,26,SUCLG2;SUCLG1;FXN;NFS1;SDHD;IDH3B;SDHB;IDH2;MDH2
REACTOME_CLASS_I_MHC_MEDIATED_ANTIGEN_PROCESSING_PRESENTATION,0.991266375545852,1,0.0500922874402106,-0.14844749160229,-0.759538370091056,234,HERC6;TLR2;ASB9;HERC5;PIK3C3;SEC61A2;PSMA4;PSMB5;BTRC;RBBP6;RNF115;FBXO7;UBE2H;PSMB1;ATG14;TPP2;NEDD4;VAMP3;UBE4A;CDC16;SEC61G;PSMA3;UBE2C;NPEPPS;UBA5;HMGB1;CDC27;PSMA2;UBR2;KLHL22;SEC61B;ERAP1;FGB;WWP1;KLHL20;RBX1;RNF4;CCNF;RNF19A;PSMB6;KLHL11;FBXW2;RNF14;TRIM21;FBXL18;UBE2D4;RNF25;PSMD13;HERC2;UBE2K;CANX;UBE2N;UBA52;TLR4;ASB8;PSME2;PSMC1;RPS27A;CUL2;PSMB4;UBE2L6
REACTOME_CLEC7A_DECTIN_1_SIGNALING,0.923387096774194,1,0.0496901392724606,-0.177435487201676,-0.773763265846953,75,TRAF6;PSMA4;PSMB5;BTRC;PSMB1;MALT1;NFKBIA;PSMA3;PSMA2;PPP3R1;PSMB6;PDPK1;CASP8;ITPR3;PSMD13;PPP3CA;UBE2N;UBA52;PSMC1;RPS27A;PSMB4
REACTOME_CONDENSATION_OF_PROPHASE_CHROMOSOMES,0.928853754940711,1,0.048505983646947,0.214271486253392,0.65138864354843,17,H2AC6;H2AX;H2AZ2
REACTOME_COOPERATION_OF_PREFOLDIN_AND_TRIC_CCT_IN_ACTIN_AND_TUBULIN_FOLDING,0.964218455743879,1,0.0445961615888961,-0.189759933576567,-0.641467590881227,25,CCT6B
REACTOME_COPI_INDEPENDENT_GOLGI_TO_ER_RETROGRADE_TRAFFIC,0.88560157790927,1,0.0506004243853618,-0.201944463161959,-0.735654396415045,34,DCTN6;RAB3GAP1;TUBB2A;PAFAH1B3;DYNC1I1;RAB3GAP2
REACTOME_CROSS_PRESENTATION_OF_SOLUBLE_EXOGENOUS_ANTIGENS_ENDOSOMES,0.970178926441352,1,0.046788296531803,0.172992349494593,0.655462963867755,38,PSMD7;PSMC3;PSMD6;PSMA7;MRC2;PSMC6;PSMA5;PSMB3;PSMB10
REACTOME_CYCLIN_D_ASSOCIATED_EVENTS_IN_G1,0.928716904276986,1,0.0498907356726307,0.185274532539328,0.680371902723035,33,CDKN1A;CCND1;CDKN2D;CDKN1B;CDK2
REACTOME_CYTOSOLIC_SENSORS_OF_PATHOGEN_ASSOCIATED_DNA,0.980769230769231,1,0.044774889329693,0.149525890060296,0.591941181188545,46,DTX4;ZBP1;POLR1C;RELA;IKBKG;STAT6;CREBBP;IRF7;RIPK1;CTNNB1;IRF3;XRCC6;NFKBIB
REACTOME_DAG_AND_IP3_SIGNALING,0.957692307692308,1,0.0458620343117985,-0.191088712997681,-0.658638727952883,27,CAMK2G;CAMK2A
REACTOME_DARPP_32_EVENTS,0.81747572815534,1,0.0535669384770951,-0.239586080443616,-0.756740951756277,19,PPP3R1;PRKACA;PRKAR2A;PPP3CA;PRKACG;CDK5;PDE4A;PPP2CB;PPP2R5D;PPP3CB
REACTOME_DECTIN_1_MEDIATED_NONCANONICAL_NF_KB_SIGNALING,0.976923076923077,1,0.0449543067640062,0.159008393286061,0.629480393680912,46,UBE2M;PSMD7;PSMC3;RELA;PSMD6;PSMA7;PSMC6;PSMA5;PSMB3
REACTOME_DEGRADATION_OF_AXIN,0.935871743486974,1,0.0487989701682839,-0.185009065951026,-0.692093019504793,38,PSMA4;PSMB5;PSMB1;PSMA3;PSMA2;PSMB6;PSMD13;UBA52;PSMC1;RPS27A;PSMB4;PSMC4;PSMD14;PSMC2;PSMB2
REACTOME_DEGRADATION_OF_DVL,0.919607843137255,1,0.0486034247259069,0.183357731641326,0.7047884407673,40,PSMD7;CUL3;PSMC3;KLHL12;PSMD6;PSMA7;PSMC6;DVL2;PSMA5;PSMB3
REACTOME_DENGUE_VIRUS_ACTIVATES_MODULATES_INNATE_AND_ADAPTIVE_IMMUNE_RESPONSES,0.9375,1,0.0475434194201301,-0.198678691089945,-0.643087934587224,21,RTF1;MBL2;C1S;C4BPB;C4BPA
REACTOME_DENGUE_VIRUS_GENOME_TRANSLATION_AND_REPLICATION,0.98235294117647,1,0.0455878202571231,0.158765854685788,0.649476108762799,60,HSPA5;NACA;VIM;XPO1;EIF4A3;EIF4G2;APOA1;MAP1LC3B;FASN;TUSC3;RRBP1;KPNA3;EIF4G1;HNRNPD;RTN3;SPCS1;HSPA8;VCP;PABPC1;P4HB;KPNA2;HDLBP;DAD1;UBC;DPM2;PRKG1
REACTOME_DENGUE_VIRUS_HOST_INTERACTIONS,0.867803837953092,1,0.0551351763385257,-0.170000812490073,-0.848310344696102,184,RETREG1;SNRPA1;SNRNP200;SNRPD3;CDC5L;CAMK2G;CSTF2T;RBM5;CAMK2A;RTF1;PIK3C3;H4C3;HNRNPR;U2SURP;CPSF6;MTOR;CLP1;POLR2A;SF3B4;MBL2;ATG14;POLR2B;NFKBIA
REACTOME_DENGUE_VIRUS_INFECTION,0.989293361884368,1,0.0492917662312669,-0.148810237041903,-0.776391202807216,264,RETREG1;SNRPA1;SNRNP200;SNRPD3;CDC5L;CAMK2G;KPNB1;CSTF2T;RBM5;CAMK2A;LYN;PIK3R1;RTF1;PIK3C3;H4C3;EIF4E;HNRNPR;U2SURP;CPSF6;MTOR;CLP1;POLR2A;SF3B4;MBL2;ATG14;POLR2B;NFKBIA;TMEM258;SRSF4;C1S;AP2B1;SNRPE;UBA5;KPNA4;EIF4G3;POLR2D;DHX9;C4BPB;KPNA1;PEX19;C4BPA;BTF3;SNRPB2;P4HA2;HYOU1;CSTF2;SNRPF;SEC11A;SPCS2;SF3B3;DPM1
REACTOME_DETOXIFICATION_OF_REACTIVE_OXYGEN_SPECIES,0.853846153846154,1,0.0511147954416412,-0.217215688179601,-0.748692386429743,27,NUDT2;TXN2;ERO1A;PRDX1
REACTOME_DISASSEMBLY_OF_THE_DESTRUCTION_COMPLEX_AND_RECRUITMENT_OF_AXIN_TO_THE_MEMBRANE,0.860194174757282,1,0.0512184348540341,-0.218499520293335,-0.718728364638813,23,APC;PPP2R5A;FZD5;GSK3B;DVL3
REACTOME_DISEASES_OF_IMMUNE_SYSTEM,0.934086629001883,1,0.0460457683018055,-0.201193368723331,-0.680117362520889,25,TLR2;NFKBIA;HMGB1;FGB
REACTOME_DISORDERS_OF_TRANSMEMBRANE_TRANSPORTERS,0.941684665226782,1,0.0519512476197082,-0.167387387107124,-0.779661022222434,121,SLC12A6;SLC17A5;PSMA4;SLC11A2;NUP88;PSMB5;NUP155;SLC7A9;OS9;NUP160;PSMB1;RAE1;NUP205;GCK;NUP133;PSMA3;PSMA2;SLC1A3;NUP43;TPR
REACTOME_DNA_DAMAGE_RECOGNITION_IN_GG_NER,0.953398058252427,1,0.0465084048719157,-0.179409929936597,-0.647709460124428,32,DDB1;CETN2;XPC;COPS3;RBX1;COPS8;INO80D;UBA52;RPS27A
REACTOME_DNA_DOUBLE_STRAND_BREAK_RESPONSE,0.8625,1,0.0543434390269162,-0.20082180929251,-0.770869813173056,43,MAPK8;NBN;H4C3;ATM;CHEK2;KAT5;HERC2;BABAM2;UBE2N;UBA52;RPS27A
REACTOME_DOWNREGULATION_OF_ERBB2_SIGNALING,1,1,0.0445961615888961,-0.104638747182347,-0.338697197138398,21,EGFR;PTPN18;UBA52;RPS27A;RNF41;USP8;ERBB3;UBB;AKT3;NRG1;CUL5;STUB1;AKT1;PTPN12;AKT2;ERBB2;UBC;ERBIN;MATK;HSP90AA1;HBEGF
REACTOME_E3_UBIQUITIN_LIGASES_UBIQUITINATE_TARGET_PROTEINS,0.9979633401222,1,0.0466015072985992,0.145336683117892,0.533710673955607,33,UBE2D3;RRAGA;PEX14;H2BC5;CTR9;PCNA;UBE2A;VCP;UBE2L3;PEX10;SKIC8;UBC
REACTOME_ENDOSOMAL_SORTING_COMPLEX_REQUIRED_FOR_TRANSPORT_ESCRT,0.828920570264766,1,0.0551351763385257,0.237575557624397,0.754414202701385,20,VPS37C;VPS4A;TSG101;HGS;MVB12B;VPS37B
REACTOME_EPHRIN_SIGNALING,0.855711422845691,1,0.0529129848430584,-0.245763081591246,-0.728585076759481,16,EPHB1;FYN;EPHB6
REACTOME_ER_TO_GOLGI_ANTEROGRADE_TRANSPORT,0.970204841713222,1,0.0438002031299891,0.160975372454823,0.735508536248653,109,ARF4;YKT6;PREB;TRAPPC2;SPTBN4;BET1L;TUBA1A;SPTBN2;DYNC1H1;KDELR1;CNIH1;SEC16A;RAB1A;SAR1B;SEC23A;TRAPPC6A;TUBA3C;CSNK1D;STX5;TMED3;SEC24B;ARCN1;NAPA;COG7;TMED9;DCTN1;TUBB6;CAPZB;CTSC;KDELR3;COG4;TUBB4B;COPB2;ANK3;ARFGAP1;TUBA1B;GOLGB1;TUBA4A
REACTOME_EVASION_BY_RSV_OF_HOST_INTERFERON_RESPONSES,0.92741935483871,1,0.0494904866135495,-0.212101255927872,-0.639021120095227,17,EIF2AK2
REACTOME_EXTENSION_OF_TELOMERES,0.905138339920949,1,0.0496901392724606,-0.19578258084494,-0.730049111223086,37,POT1;RFC4;ANKRD28;POLD3;POLA1;RFC1;CCNA2;WRAP53;SHQ1;LIG1;STN1;TERF2IP
REACTOME_FACTORS_INVOLVED_IN_MEGAKARYOCYTE_DEVELOPMENT_AND_PLATELET_PRODUCTION,0.99003984063745,1,0.0459538081039063,0.152527242820841,0.64984882727525,73,MAFG;SH2B2;TUBA1A;KLC1;PRKAR1B;KIF5B;HBB;CDK2;TUBA3C;HDAC1;DOCK9;GATA1;SH2B1;DOCK6;EHD1;ABL1;TUBB6;HMG20B;CAPZB;KIF13B;TUBB4B;KIF21B;HBD;KIF3C;TUBA1B;TUBA4A;H3-3B
REACTOME_FATTY_ACID_METABOLISM,0.935849056603774,1,0.0460457683018055,0.166732910141091,0.773793378578588,119,PRKAG2;PTGDS;HSD17B3;GGT5;ACBD4;ABCC1;TBXAS1;PTGES3;SLC25A20;ACSM3;MCAT;PECR;CPT1A;CYP4F3;HADH;TECR;PPARD;CRAT;ACADL;PCCB;ECI1;CYP4F2;FASN;ACOT7;CBR1;ACLY;CYP1A1;ACSL1;MAPKAPK2;GPX1;GPX4;PTGES2;ACADVL;MLYCD;FADS2
REACTOME_FORMATION_OF_THE_EARLY_ELONGATION_COMPLEX,0.955769230769231,1,0.0459538081039063,-0.19283766630366,-0.664666966683618,27,POLR2A;POLR2B;POLR2D;MNAT1
REACTOME_FORMATION_OF_TUBULIN_FOLDING_INTERMEDIATES_BY_CCT_TRIC,0.827450980392157,1,0.053457214108991,-0.237903616483767,-0.738221867817024,18,CCT6B
REACTOME_FOXO_MEDIATED_TRANSCRIPTION_OF_OXIDATIVE_STRESS_METABOLIC_AND_NEURONAL_GENES,0.829126213592233,1,0.0529129848430584,-0.237379239191875,-0.749770567057278,19,NPY;FOXO3;PPARGC1A;GCK;ABCA6;SIRT3
REACTOME_GAP_FILLING_DNA_REPAIR_SYNTHESIS_AND_LIGATION_IN_GG_NER,0.86328125,1,0.0513223330421143,-0.225192952470313,-0.728909929360117,21,RFC4;POLD3;RFC1;LIG1;UBA52;RPS27A;POLE2
REACTOME_GASTRIN_CREB_SIGNALLING_PATHWAY_VIA_PKC_AND_MAPK,0.84950495049505,1,0.0526973085708419,-0.250772798544451,-0.729524890906549,15,KRAS;EGFR;PRKCA;SOS1
REACTOME_GENE_AND_PROTEIN_EXPRESSION_BY_JAK_STAT_SIGNALING_AFTER_INTERLEUKIN_12_STIMULATION,0.821576763485477,1,0.0564118388217596,0.219139638130299,0.759526082992572,27,RAP1B;TCP1;HNRNPDL;HNRNPF;AIP
REACTOME_GLUCONEOGENESIS,1,1,0.0464154956843849,0.128532720740346,0.390837881312815,18,PCK1;PC;FBP1;GPI;SLC37A1;GAPDH;ENO1;G6PC1
REACTOME_GLYCOGEN_METABOLISM,0.98252427184466,1,0.0451344222209097,-0.172864002343946,-0.568615718436314,23,EPM2A
REACTOME_GOLGI_TO_ER_RETROGRADE_TRANSPORT,0.973947895791583,1,0.0469758727821845,0.157514518470615,0.679806509341843,77,ARF4;RAB6A;TUBA1A;DYNC1H1;KDELR1;KLC1;GALNT2;KIF5B;RAB1A;TUBA3C;TMED3;ARCN1;NAPA;TMED9;DCTN1;TUBB6;CAPZB;PAFAH1B1;KDELR3;KIF13B;TUBB4B;KIF21B;COPB2;KIF3C;ARFGAP1;TUBA1B;TUBA4A;COPZ2;NBAS;GBF1;ARFGAP2;DCTN2;NSF;ARF1;KIF22;KIF1C;ARFGAP3;COPZ1
REACTOME_G_PROTEIN_MEDIATED_EVENTS,0.98422090729783,1,0.04577044581081,-0.165935913345651,-0.604480470841,34,CAMK2G;CAMK2A
REACTOME_HCMV_INFECTION,0.932135728542914,1,0.0487989701682839,-0.174999816324061,-0.7675733734435,78,H4C3;NUP88;TBL1X;NUP155;NUP160;EGFR;RAE1;TUBB2A;NUP205;NUP133;DYNC1I1;NUP43;TPR;CHMP2B;NUP54
REACTOME_HDACS_DEACETYLATE_HISTONES,0.884297520661157,1,0.052805004567129,0.209139765610064,0.733026121238908,29,GATAD2A;H2AC6;RBBP4;NCOR2
REACTOME_HEDGEHOG_ON_STATE,0.863198458574181,1,0.0507027937029348,0.193898253885342,0.778511294367159,53,PTCH2;CSNK1A1;PSMD7;CUL3;PSMC3;DZIP1;PSMD6;PSMA7;PSMC6;PSMA5;SMO;PSMB3
REACTOME_HEME_SIGNALING,0.961923847695391,1,0.0475434194201301,-0.173554949259413,-0.649244772225078,38,TBL1X;MED1;NCOA2;NCOA6;CLEC1B;PPARGC1A
REACTOME_HH_MUTANTS_ABROGATE_LIGAND_SECRETION,0.84349593495935,1,0.0542315935495841,-0.201895708577981,-0.762152366262554,40,PSMA4;PSMB5;OS9;PSMB1;PSMA3;PSMA2;PSMB6;PSMD13;UBA52;PSMC1;RPS27A;PSMB4;PSMC4;PSMD14;PSMC2;PSMB2
REACTOME_HIV_ELONGATION_ARREST_AND_RECOVERY,0.890384615384615,1,0.0491927521045191,-0.210107470690772,-0.724191999926481,27,ELOA;POLR2A;CCNT1;POLR2B;POLR2D
REACTOME_HIV_TRANSCRIPTION_ELONGATION,0.885826771653543,1,0.0504983044100709,-0.200478062368683,-0.742981160450663,36,ELOA;POLR2A;CCNT1;POLR2B;POLR2D;MNAT1
REACTOME_IKK_COMPLEX_RECRUITMENT_MEDIATED_BY_RIP1,0.960474308300395,1,0.0469758727821845,0.193321548750049,0.587700508410426,17,UBE2D3
REACTOME_IMMUNOREGULATORY_INTERACTIONS_BETWEEN_A_LYMPHOID_AND_A_NON_LYMPHOID_CELL,0.825490196078431,1,0.0535669384770951,0.190385649741258,0.803946928972783,69,CD300C;COL3A1;NPDC1;CD247;COL1A1;SIGLEC9;ITGB7;COL1A2;LILRB1;FCGR2B;CD19;CDH1;CD3E;HLA-F;ICAM1
REACTOME_INTEGRIN_SIGNALING,0.953061224489796,1,0.0487989701682839,0.190055726771811,0.609454909442039,21,RAP1B;CRK;SHC1;VWF;RASGRP2;PTK2
REACTOME_INTERCONVERSION_OF_NUCLEOTIDE_DI_AND_TRIPHOSPHATES,0.86652977412731,1,0.053457214108991,0.229781145875384,0.7168048857544,19,GSR;DUT;CMPK1;TYMS;TXN;NME3;DTYMK;AK2
REACTOME_INTERLEUKIN_12_FAMILY_SIGNALING,0.825049701789265,1,0.0542315935495841,0.204374309784022,0.780188976433762,39,RAP1B;TCP1;HNRNPDL;HNRNPF;AIP;TYK2;STAT3;ANXA2;IL23A;CNN2;IL6ST;CFL1;TALDO1;P4HB;JAK1;PITPNA
REACTOME_INTERLEUKIN_12_SIGNALING,0.913757700205339,1,0.051011413203915,0.195942653786799,0.707976098803191,32,RAP1B;TCP1;HNRNPDL;HNRNPF;AIP;TYK2
REACTOME_INTERLEUKIN_3_INTERLEUKIN_5_AND_GM_CSF_SIGNALING,0.919354838709677,1,0.0498907356726307,0.18993554873884,0.71515196660552,37,INPP5D;PIK3R2;GAB2;CRK;RAPGEF1
REACTOME_INTRA_GOLGI_AND_RETROGRADE_GOLGI_TO_ER_TRAFFIC,0.905781584582441,1,0.053347785067549,-0.172291292014763,-0.809420485692894,126,RHOBTB3;DCTN6;RAB3GAP1;VPS52;TRIP11;COG5;KDELR2;KIFAP3;ARL1;ARF3;VAMP4;MAN1A2;MAN2A1;TMED10;RAB33B;VAMP3;TUBB2A;VPS45;PAFAH1B3;DYNC1I1;ZW10;RAB3GAP2
REACTOME_INTRINSIC_PATHWAY_FOR_APOPTOSIS,0.923371647509579,1,0.0473534245254193,0.179178066108669,0.702663230033776,43,C1QBP;BAX;PPP3CC;YWHAH;STAT3;BCL2L1;CASP9;BAD;E2F1;DIABLO;BCL2;CASP3;AVEN;TP63;MAPK3;YWHAZ
REACTOME_IRON_UPTAKE_AND_TRANSPORT,0.933333333333333,1,0.047925896705813,0.177157067101982,0.687448104886144,42,HMOX1;ATP6V0B;TCIRG1;STEAP3;HMOX2;ATP6V0C;FTH1;MCOLN1;GLRX3;ATP6V0D1;FBXL5;ACO1;ATP6V1G1
REACTOME_LYSOSOME_VESICLE_BIOGENESIS,0.946107784431138,1,0.0481183992657975,-0.197255020278052,-0.637132136484111,22,VAMP2;ARRB1;GNS
REACTOME_MAPK1_MAPK3_SIGNALING,0.894291754756871,1,0.053347785067549,-0.167540700661495,-0.833929169053635,177,KRAS;FGF4;GFRA3;CAMK2G;CAMK2A;LAMTOR3;PIK3R1;PPP2R5A;SHC3;PSMA4;PSMB5;FYN;ARRB1;PPP1CB;NCAM1;KIT;EGFR;PSMB1;IL6R;MET;GFRA2;FRS2;PSMA3;PSMA2;TLN1;FGB;PTPN3;PDE6D;RBX1;PRKCQ;RAP1A;FN1;SOS1;MAP2K1;PSMB6
REACTOME_MEIOSIS,0.960416666666667,1,0.0493910105981501,-0.177633096476001,-0.681858172557126,43,POT1;STAG1;NBN;H4C3;STAG3;ATM
REACTOME_MEIOTIC_SYNAPSIS,0.836776859504132,1,0.0553642837725362,0.217825406391857,0.763468928488789,29,H2AC6;SUN1;H2AX;TERF2;H2AZ2;ACD;ATR;H2BC5;SYNE2
REACTOME_METABOLIC_DISORDERS_OF_BIOLOGICAL_OXIDATION_ENZYMES,0.944554455445545,1,0.0478299633114229,-0.210810955326092,-0.613271615098683,15,TPMT;MAOA;GSS;SLC35D1
REACTOME_METABOLISM_OF_COFACTORS,0.993890020366599,1,0.046788296531803,0.161814201837038,0.513836243447434,20,NOS3
REACTOME_METABOLISM_OF_LIPIDS,0.931392931392931,1,0.0507027937029348,-0.157980011584172,-0.875892499925633,476,GBA3;CERT1;MBTPS2;PON1;CDS2;MMUT;RAB14;PLD1;MED27;SRD5A1;CYP2C19;MED13L;KPNB1;HSD17B12;PLA1A;PIP5K1A;MECR;PLPP3;PIK3R1;CPNE3;STS;BCHE;PTDSS1;PIK3C3;MED8;NEU3;ETNK2;SCD5;AGPAT5;ECI2;AKR1D1;CDK19;ACACB;TBL1X;MBOAT2;ARF3;MED1;PTGS1;SGPL1;ARSL;GALC;GLB1;PPP1CB;ACP6;HSD11B1;NCOA2;NCOA6;DHCR24;PRKAB2;EBP;PLD2;INSIG2;PLEKHA1;PPARGC1A;MED7;FIG4;KDSR;AGK;CYP2C8;ALB;MED13
REACTOME_METABOLISM_OF_POLYAMINES,0.93909626719057,1,0.0477342401407188,0.175704677484999,0.678030573472652,41,PSMD7;SRM;PSMC3;SAT1;PSMD6;PSMA7;SMOX;PSMC6;PSMA5;PSMB3;PAOX
REACTOME_METABOLISM_OF_VITAMINS_AND_COFACTORS,0.948176583493282,1,0.0462302524077616,0.163429299931544,0.764967981683806,131,RBP1;SDC2;PRSS3;NOS3;SLC22A13;PANK2;NADK;ACP5;ENPP2;ABCC1;APOC3;MMADHC;SLC52A2;LDLR;PANK4;APOA1;SDC1;AGRN;HSP90AA1;LRP10;SHMT1;NFS1;CD320;PCCB;FASN;CYB5R3;HSPG2;PC;VNN1;FLAD1
REACTOME_METALLOPROTEASE_DUBS,0.877755511022044,1,0.0517405459873163,-0.23658052691504,-0.701362630408736,16,ABRAXAS2;STAMBP;BABAM2;UBA52;RPS27A;BRCC3;PSMD14
REACTOME_METAL_ION_SLC_TRANSPORTERS,0.9296875,1,0.047925896705813,-0.202821114701413,-0.656496230312701,21,SLC30A5;SLC11A2;SLC8A1
REACTOME_MITOCHONDRIAL_FATTY_ACID_BETA_OXIDATION,0.906666666666667,1,0.047925896705813,-0.207172114672567,-0.708532042749572,26,MMUT;MECR
REACTOME_MITOCHONDRIAL_PROTEIN_DEGRADATION,0.975560081466395,1,0.0476387259290825,-0.159588243885166,-0.703204279177271,81,FECH;ATP5PF;ATP5F1C;IDH3A;NDUFS1;TIMM10;ACAD8;SSBP1;OGDH;FH;PRKACA;TFAM;ARG2;COX4I1;UQCRC2;PDHB;OXCT1;ACADSB;ATP5MG;PDK1;TIMM9;SHMT2;DLD;SPG7;PDHA1;OPA1
REACTOME_MITOPHAGY,0.836099585062241,1,0.0555947097758869,0.216687822565497,0.751028223417541,27,UBE2D3;ULK1
REACTOME_MITOTIC_G1_PHASE_AND_G1_S_TRANSITION,0.955465587044534,1,0.0483117581055019,-0.164801649065063,-0.752860082480674,99,TFDP2;WEE1;MYBL2;E2F3;LYN;PSMA4;ORC3;PSMB5;PSMB1;CDK6;POLA1;PSMA3;E2F6;PSMA2;MNAT1;RBL2;CCNA2;MCM4;PSMB6
REACTOME_MITOTIC_PROMETAPHASE,0.853763440860215,1,0.0562940749700968,-0.179304281143827,-0.832785565780446,117,CEP43;STAG1;PPP2R5A;CETN2;TUBGCP4;CCP110;NUP160;YWHAE;TUBB2A;NUP133;CEP72;CEP63;DYNC1I1;CEP70;ZW10;INCENP;NUP43;OFD1;PRKACA;CDCA8;ITGB3BP;NUDC;MZT2A;SMC4;CKAP5;CEP57
REACTOME_MRNA_SPLICING,0.852459016393443,1,0.0541200569620232,-0.172717087080753,-0.847817613688799,161,SNRNP25;SNRPA1;SNRNP200;SNRPD3;CDC5L;RBM5;LSM3;PPIH;PRPF40A;HNRNPR;SNIP1;UPF3B;U2SURP;POLR2A;PPIG;RBMX2;DHX35;SF3B4
REACTOME_MYD88_INDEPENDENT_TLR4_CASCADE,0.993877551020408,1,0.0468819856878333,-0.140968809101561,-0.631459765566181,86,TRAF6;MAPK8;MAP2K6;NOD1;BTRC;VRK3;S100A12;NFKBIA;MAP2K4;HMGB1;MAPK11;RPS6KA5;MAPKAPK3;MAP2K1;CASP8;N4BP1;UBE2N;UBA52;TLR4;RPS27A;NKIRAS2;ALPK1
REACTOME_NEDDYLATION,0.949056603773585,1,0.0454059226590179,0.163310370653363,0.782033275120277,149,SPSB1;UBE2D3;CDKN1A;UBE2M;DDB2;ASB1;CCDC22;CUL9;PSMD7;CUL3;PSMC3;HIF3A;KLHL3;KLHL25;CUL4A;SPSB3;PSMD6;PSMA7;FBXL12;SQSTM1;EPAS1;LRRC41;RBBP7;ASB13;PSMC6;ELOB;PSMA5;FBXO41;WSB2;DDA1;SOCS3;PSMB3
REACTOME_NEF_MEDIATES_DOWN_MODULATION_OF_CELL_SURFACE_RECEPTORS_BY_RECRUITING_THEM_TO_CLATHRIN_ADAPTERS,0.930693069306931,1,0.048505983646947,-0.220218361950691,-0.6406387670839,15,CD4;ATP6V1H;AP2B1
REACTOME_NEGATIVE_REGULATION_OF_FGFR1_SIGNALING,0.938398357289528,1,0.0497903187820785,0.205049418171422,0.639653981210813,19,SPRY2;FGFR1;MKNK1
REACTOME_NEGATIVE_REGULATION_OF_FGFR2_SIGNALING,0.968688845401174,1,0.0461379160269737,-0.18829262957552,-0.603390687049615,20,FGF4
REACTOME_NEGATIVE_REGULATION_OF_FGFR3_SIGNALING,0.957281553398058,1,0.0463227785794633,-0.192437496741138,-0.607820513478268,19,FGF4
REACTOME_NEGATIVE_REGULATION_OF_FGFR4_SIGNALING,0.974559686888454,1,0.0458620343117985,-0.185942149927652,-0.595858488190742,20,FGF4
REACTOME_NERVOUS_SYSTEM_DEVELOPMENT,0.982591876208897,1,0.0449543067640062,0.150323758653254,0.812119020048836,407,SEMA7A;SDC2;COL5A1;PLCG1;EPHA2;COL4A2;ARPC5;SPTBN4;COL3A1;PSPN;COL4A1;CD24;PIK3R2;ARHGEF7;RPS2;GAB2;CD72;FGFR1;ITGAV;PRX;RPL13;NFASC;RPS6KA3;PLXNB1;PSMD7;PSMC3;TUBA1A;DPYSL3;RHOA;SPTBN2;MYO10;COL5A3;MMP9;HRAS;PLXNB3;CDK5R1;EIF4A3;LDB1;RPS27L;MYH9;PLXND1;COL6A3;CXCL12;EFNB1;HSP90AB1;MYL9;SEMA4D;RPS6KA4;COL6A2;PLXNA2;PFN1;PSMD6;MAPK7;NCK2;MYH10;VAV2;PSMA7;SMARCA4;DOK1;RPL18A;ARPC1A;RPLP1;RAP1GAP;ARPC2;DPYSL2;AGRN;ACTG1;HSP90AA1;RPL28;SHC1;RPS5;MAGOH;GRB7;PSMC6;TUBA3C;LIMK1;LIMK2;CASC3;ELOB;MYO9B;NTN1;RPS26;PSMA5;VASP
REACTOME_NEUTROPHIL_DEGRANULATION,0.941176470588235,1,0.0460457683018055,0.155603728512501,0.8249479644598,333,LYZ;PRSS3;RHOF;CFD;PLAU;TMC6;ADGRE5;RAP1B;S100A9;RHOG;RAB6A;RAB3D;ARPC5;DDX3X;PYCARD;TSPAN14;ITGAX;SIGLEC9;ITGAV;FPR1;NFASC;PDAP1;LPCAT1;ARSA;PSMD7;PSMC3;MMP25;RHOA;TOLLIP;MMP9;SLC11A1;DYNC1H1;TCIRG1;GSTP1;FCN1;HSP90AB1;STK10;HMOX2;HBB;IGF2R;DSP;PSMD6;FGR;S100A11;TIMP2;HGSNAT;PGRMC1;HSP90AA1;VAPA;SERPINB6;PLEKHO2;P2RX1;QSOX1;PRG2;AGPAT2;SERPINB1;ATP6V0C;SYNGR1;PLAUR;PSMA5;TOM1;CANT1;DOK3;CYB5R3;FTH1;TRPM2;ANXA2;HK3;PKM;ACLY;VNN1;GLIPR1;GOLGA7
REACTOME_NUCLEOTIDE_SALVAGE,0.988142292490119,1,0.0456790414930062,0.165212196858402,0.502247642423056,17,UPP1;UCKL1;AMPD2;UCK2;TK1;GMPR;APRT;PNP;TK2;CDA;GMPR2;ADK;PUDP;HPRT1;DGUOK;ADA
REACTOME_ORC1_REMOVAL_FROM_CHROMATIN,0.826086956521739,1,0.0560595875032335,-0.197914919106454,-0.791887425942413,50,PSMA4;ORC3;PSMB5;PSMB1;PSMA3;PSMA2;RBX1;CCNA2;MCM4;PSMB6;PSMD13;UBA52;PSMC1;RPS27A;PSMB4;PSMC4;PSMD14;PSMC2;PSMB2;ORC4;MCM2
REACTOME_PCP_CE_PATHWAY,0.818532818532819,1,0.0532386494755899,0.195488723916619,0.811047986223717,63,FZD1;PSMD7;PSMC3;RHOA;PARD6A;RYK;PFN1;PSMD6;PSMA7;SCRIB;PSMC6;DVL2;PSMA5;CLTC;PSMB3;AP2M1;AP2A2;RAC2
REACTOME_PEROXISOMAL_LIPID_METABOLISM,0.998046875,1,0.0446854397644147,-0.133885819312106,-0.433364819043233,21,ECI2;ACOX1;SLC27A2;SLC25A17;CROT
REACTOME_PHOSPHOLIPID_METABOLISM,0.841121495327103,1,0.0504983044100709,0.178987084398759,0.836487783173987,125,GDPD3;RUFY1;CDIPT;PTDSS2;PIK3R5;CPNE7;INPP5D;PIK3R2;PITPNM3;LPCAT1;TNFAIP8L1;PLAAT2;ABHD3;GDPD5;SBF1;PIP4K2B;PIK3C2B;PLEKHA4;PLEKHA6;CHAT;ALPI;PNPLA6;RAB4A;PI4KA;AGPAT2;PNPLA2;PISD;INPPL1;PIP5K1C;PI4KB;CHPT1;LPCAT4;PLA2G15;PLBD1;PITPNM1;CSNK2A2;PLD3;LPCAT3;PIK3CD;PLEKHA2;SYNJ2;MTMR1;MGLL;GDE1
REACTOME_PINK1_PRKN_MEDIATED_MITOPHAGY,0.971252566735113,1,0.0482149710025565,0.185886385519078,0.617338336331055,23,UBE2D3
REACTOME_PLASMA_LIPOPROTEIN_ASSEMBLY,0.950298210735587,1,0.0477342401407188,0.201331105284718,0.605536619203459,16,APOC3;APOA1;SAR1B
REACTOME_PLASMA_LIPOPROTEIN_ASSEMBLY_REMODELING_AND_CLEARANCE,0.891682785299807,1,0.0493910105981501,0.188923498616941,0.765591100587259,56,ANGPTL8;LIPG;NR1H2;APOC3;LMF1;LDLR;APOA1;NR1H3;SAR1B;CES3;CLTC;AP2M1;LPA;AP2A2;LMF2;APOA4;MBTPS1;MYLIP;SOAT2;AP2S1
REACTOME_PLASMA_LIPOPROTEIN_CLEARANCE,0.817427385892116,1,0.0566484183613995,0.219935228874028,0.762283557297107,27,NR1H2;LDLR;APOA1;NR1H3;CES3;CLTC;AP2M1;AP2A2;MYLIP;SOAT2;AP2S1;HDLBP;UBC;NPC1;CLTA
REACTOME_PLATELET_SENSITIZATION_BY_LDL,0.991951710261569,1,0.0463227785794633,0.174088454269502,0.51265692649383,15,PPP2R5B;FGR
REACTOME_POTENTIAL_THERAPEUTICS_FOR_SARS,0.917338709677419,1,0.0499913914024592,-0.178757253235479,-0.779527242485057,75,ACE2;ATP1B1;FXYD7;NCK1;ATP1A1;CRBN;IL6R;COMT;AP2B1;ARID4B;ARID4A;ATP1A2;IMPDH2;FXYD3;RBX1;ROCK2;BRMS1;SOS1;KDM1A;FURIN
REACTOME_PROCESSIVE_SYNTHESIS_ON_THE_C_STRAND_OF_THE_TELOMERE,0.887323943661972,1,0.0514264916187015,0.226943103447463,0.66830367579827,15,POLD1;TERF2;RPA2;ACD;POLD4;PCNA
REACTOME_PROGRAMMED_CELL_DEATH,0.99622641509434,1,0.0431901998334182,0.141052611397735,0.6754490557723,149,CASP4;H1-2;VIM;DAPK3;PSMD7;PSMC3;C1QBP;BAX;PPP3CC;TRAF2;PLEC;DSP;PSMD6;YWHAH;CDH1;PSMA7;HSP90AA1;OGT;PSMC6;STAT3;BCL2L1;CASP9;ADD1;BAD;PSMA5;FLOT1;E2F1;DAPK2;PSMB3;DIABLO;BCL2;CASP3;TJP1;PRKCD;BIRC2;PTK2;RIPK1;AVEN;TP63;CTNNB1;MAPK3;ADRM1;LMNA;YWHAZ
REACTOME_PROTEASOME_ASSEMBLY,0.905154639175258,1,0.0516355964484201,-0.184496248240713,-0.725740728890779,47,PSMA4;PSMB5;PSME3;PSMB1;PSMA3;PSMA2;PSMD5;PSMB6;PSMD10;PSMD13;PSME4;PSME2;PSMC1;PSMB4;POMP;PSMC4;PSMD14;PSMC2;PSMB2
REACTOME_PROTEIN_UBIQUITINATION,1,1,0.0476387259290825,-0.114679660275556,-0.442472323541659,44,RTF1;PEX13;UBE2H;PEX12;UBE2C
REACTOME_PYROPTOSIS,0.941056910569106,1,0.0491927521045191,0.207564909626183,0.631156246019764,18,CASP4;BAX
REACTOME_RAS_PROCESSING,0.875751503006012,1,0.0518457624865066,-0.239657858802265,-0.710485636495539,16,KRAS
REACTOME_RECRUITMENT_OF_MITOTIC_CENTROSOME_PROTEINS_AND_COMPLEXES,0.9125,1,0.0517405459873163,-0.183179235366605,-0.747102193462402,55,CEP43;CETN2;TUBGCP4;CCP110;YWHAE;CEP72;CEP63;CEP70;OFD1;PRKACA;MZT2A;CKAP5;CEP57
REACTOME_RECRUITMENT_OF_NUMA_TO_MITOTIC_CENTROSOMES,0.930894308943089,1,0.0496901392724606,-0.176581704087127,-0.736931341977391,60,CEP43;CETN2;TUBGCP4;CCP110;YWHAE;TUBB2A;CEP72;CEP63;CEP70;OFD1;PRKACA;MZT2A;CKAP5;CEP57
REACTOME_REGULATED_NECROSIS,0.93921568627451,1,0.0476387259290825,0.176126193008564,0.683447855539679,42,CASP4;BAX;TRAF2;HSP90AA1;OGT;FLOT1;CASP3;BIRC2;RIPK1;TP63
REACTOME_REGULATION_OF_CDH1_FUNCTION,0.992292870905588,1,0.0443293451680314,0.148265400797196,0.595293081663055,53,PSMD7;PSMC3;ACTA2;PSMD6;CDH1;PSMA7;ACTG1;PSMC6;ACTG2;PSMA5;PSMB3;RACK1;CTNNB1;ADRM1;VCL
REACTOME_REGULATION_OF_CDH1_POSTTRANSLATIONAL_PROCESSING_AND_TRAFFICKING_TO_PLASMA_MEMBRANE,0.968152866242038,1,0.0498907356726307,0.174575093332907,0.591929627517628,25,CDH1;PCSK7;POMT2;PIP5K1C;SPCS1;CSNK2A2;CTNNB1;ANK3;MOGS;DAD1;GANAB;PCSK6;POMT1;CSNK2B
REACTOME_REGULATION_OF_HSF1_MEDIATED_HEAT_SHOCK_RESPONSE,0.959847036328872,1,0.0454967810085007,0.173670118481051,0.707384772490528,58,DNAJB1;HSPA5;HSF1;HSPH1;DNAJC2;NUP210;BAG3;RPA2;DNAJC7;NUP188;SERPINH1;HSPB1;ATR;MAPKAPK2;MRPL18;BAG1;MAPK3;HSPA8
REACTOME_REGULATION_OF_PD_L1_CD274_POST_TRANSLATIONAL_MODIFICATION,0.993814432989691,1,0.0473534245254193,-0.146197480187573,-0.623955916895521,67,PSMA4;PSMB5;BTRC;OS9;PSMB1;PRKAB2;TMEM258;PSMA3;PSMA2;RBX1;GSK3B;PSMB6;PSMD13;STT3A;UBA52;MAGT1;PSMC1;RPS27A;PSMB4;ERLIN2;PSMC4;CDK4;PSMD14;PSMC2;PSMB2;ERLIN1
REACTOME_REGULATION_OF_PLK1_ACTIVITY_AT_G2_M_TRANSITION,0.922764227642276,1,0.0500922874402106,-0.17986746522771,-0.750643863210918,60,CEP43;CETN2;BTRC;CCP110;PPP1CB;YWHAE;CEP72;CEP63;CEP70;OFD1;PRKACA;CKAP5;CEP57;UBA52;CEP41;RPS27A;CEP164
REACTOME_REGULATION_OF_PTEN_STABILITY_AND_ACTIVITY,0.98343685300207,1,0.0480220415968251,-0.158208298770095,-0.633015252419607,50,PSMA4;PSMB5;PSMB1;NEDD4;PSMA3;PSMA2;PSMB6;PSMD13;UBA52;PSMC1;RPS27A;PSMB4;PSMC4;PSMD14;PSMC2;PSMB2
REACTOME_REGULATION_OF_RAS_BY_GAPS,0.885416666666667,1,0.0531298054705469,-0.196063118043954,-0.752603214307891,43,KRAS;PSMA4;PSMB5;PSMB1;PSMA3;PSMA2;RBX1;PSMB6;PSMD13;UBA52;PSMC1;RPS27A;PSMB4
REACTOME_REGULATION_OF_RUNX2_EXPRESSION_AND_ACTIVITY,0.832285115303983,1,0.0562940749700968,-0.19970094070794,-0.804478414624965,52,PSMA4;PSMB5;PSMB1;PPARGC1A;PSMA3;PSMA2;WWP1;RBX1;GSK3B;PSMB6;HIVEP3;PSMD13;UBA52;PSMC1;RPS27A;PSMB4;PSMC4;BMP2;PSMD14;PSMC2;PSMB2
REACTOME_REGULATION_OF_RUNX3_EXPRESSION_AND_ACTIVITY,0.907662082514735,1,0.0492917662312669,0.18296549037643,0.706049481102897,41,PSMD7;PSMC3;PSMD6;PSMA7;CBFB;PSMC6;TGFB1;RUNX3;PSMA5;PSMB3
REACTOME_RESOLUTION_OF_SISTER_CHROMATID_COHESION,0.997967479674797,1,0.0465084048719157,-0.138949136872939,-0.597124208559755,69,STAG1;PPP2R5A;NUP160;TUBB2A;NUP133;DYNC1I1;ZW10;INCENP;NUP43;CDCA8;ITGB3BP;NUDC
REACTOME_RESPIRATORY_ELECTRON_TRANSPORT,0.950413223140496,1,0.0494904866135495,-0.167479684478711,-0.766180892434835,100,COX7A2;NDUFB5;HCCS;NDUFB1;SDHC;COA1;NDUFA6;COX6C;COX6A2;NDUFS1;NDUFS5;HIGD1A;NDUFB3;NDUFB4;TMEM126B;UQCC1;NDUFA9;COX7B;COX4I1;UQCR10;MDH1;UQCRC2;LYRM4;NDUFA1;COX11;SLC25A11;COX7C;NDUFA7;COX17;COX6B1;NDUFAB1;COX15;COA3
REACTOME_RESPIRATORY_SYNCYTIAL_VIRUS_RSV_ATTACHMENT_AND_ENTRY,0.928131416837782,1,0.0502948063662358,0.207876241047781,0.648472287174156,19,SDC2;SDC1;AGRN;HSPG2;GPC1
REACTOME_RESPIRATORY_SYNCYTIAL_VIRUS_RSV_GENOME_REPLICATION_TRANSCRIPTION_AND_TRANSLATION,0.891089108910891,1,0.0504983044100709,-0.23782474015752,-0.691857604274967,15,KPNB1;PPP1CB;SEC11A;SPCS2;FURIN
REACTOME_RHOH_GTPASE_CYCLE,0.907721280602637,1,0.0473534245254193,-0.208748748034675,-0.705657690627539,25,RALGAPA1;NSFL1C;VAMP3
REACTOME_RHO_GTPASES_ACTIVATE_FORMINS,0.994082840236686,1,0.0453152441270267,0.139576662287135,0.615771082116604,83,RHOD;PPP2R5B;TUBA1A;RHOA;MAD1L1;XPO1;DYNC1H1;NDE1;BUB3;PFN1;ACTG1;TUBA3C;DVL2;RANGAP1;PPP1CC;TUBB6;FMNL1;PLK1;PAFAH1B1;RHOB;ITGB1;TUBB4B
REACTOME_RHO_GTPASE_EFFECTORS,0.881040892193309,1,0.0481183992657975,0.168693960605382,0.837698047858134,187,S100A9;RHOG;H2AC6;ARPC5;PKN1;LIN7B;RHOD;PPP2R5B;MEN1;H2AX;TUBA1A;RHOA;MAD1L1;CDKN1B;XPO1;MYH9;DYNC1H1;NDE1;PRKCZ;KLC1;BUB3;KIF5B;MYL9;FLNA;H2AZ2;PFN1;YWHAH;CDH1;MYH10;ARPC1A;ARPC2;ACTG1;TUBA3C;LIMK1;LIMK2;DVL2;RANGAP1;BTK;PPP1CC;PRKCD;ABL1;ACTR3;H2BC5;CYBA;TUBB6;RAC2;PTK2;FMNL1;PLK1;PAFAH1B1;RHOB;CTNNB1;MAPK3;CFL1;PIN1;ITGB1;YWHAZ;TUBB4B;CTTN
REACTOME_RUNX2_REGULATES_OSTEOBLAST_DIFFERENTIATION,0.887323943661972,1,0.0514264916187015,0.227197405398816,0.669052546005252,15,COL1A1;HES1;CBFB;HDAC6;ABL1;MAPK3
REACTOME_SENSORY_PROCESSING_OF_SOUND,0.979123173277662,1,0.0486034247259069,-0.162871127748719,-0.62841105527923,44,SYN1;KCNN2;VAMP2;RIPOR2;KCNMA1;SNAP25;PLS1;EPS8;TRIOBP;CABP2;EPB41L1
REACTOME_SIGNALING_BY_FGFR2,0.890946502057613,1,0.0522693317499306,-0.188930650861743,-0.757963705414366,51,KRAS;FGF4;GAB1;PIK3R1;POLR2A;POLR2B;FRS2;POLR2D;CBL
REACTOME_SIGNALING_BY_FGFR2_IIIA_TM,0.904950495049505,1,0.0497903187820785,-0.231516139010414,-0.673505208838427,15,POLR2A;POLR2B;POLR2D
REACTOME_SIGNALING_BY_NOTCH1_PEST_DOMAIN_MUTANTS_IN_CANCER,0.849019607843137,1,0.0522693317499306,0.202056564948823,0.784069215674652,42,HDAC5;NOTCH1;NCOR2;KAT2A;MAMLD1;HES1;MAML3;KAT2B;HDAC1;PSEN2;HDAC6
REACTOME_SIGNALING_BY_NOTCH2,0.988023952095808,1,0.0461379160269737,-0.158865699131431,-0.51313493648462,22,APH1B;NCSTN
REACTOME_SIGNALING_BY_NOTCH3,0.963114754098361,1,0.048505983646947,0.174282340013076,0.641904497102072,35,NOTCH1;PLXND1;KAT2A;MAMLD1;HES1;MAML3;KAT2B;PSEN2;WWC1;CREBBP;NOTCH3;APH1A
REACTOME_SIGNALING_BY_NOTCH4,0.874517374517375,1,0.0501934252649434,0.183471149569172,0.761189205223397,63,NOTCH1;PSMD7;PSMC3;ACTA2;SMAD3;PSMD6;KAT2A;PSMA7;MAMLD1;HES1;MAML3;PSMC6;KAT2B;PSMA5;PSEN2;PSMB3
REACTOME_SIGNALING_BY_RETINOIC_ACID,0.975,1,0.0450442767152795,-0.177914574575133,-0.613230510814452,27,CYP26A1;DLAT;RARB
REACTOME_SIRT1_NEGATIVELY_REGULATES_RRNA_EXPRESSION,0.875751503006012,1,0.0518457624865066,-0.237889652857548,-0.705243643045517,16,SUV39H1;H4C3
REACTOME_SOMITOGENESIS,0.881048387096774,1,0.0518457624865066,0.198615996130309,0.747835890516787,37,NOTCH1;PSMD7;PSMC3;LFNG;PSMD6;PSMA7;PSMC6;PSMA5;PSMB3
REACTOME_SPHINGOLIPID_DE_NOVO_BIOSYNTHESIS,0.876953125,1,0.0506004243853618,-0.219688044247387,-0.711091510888803,21,CERT1
REACTOME_SPOP_MEDIATED_PROTEASOMAL_DEGRADATION_OF_PD_L1_CD274,0.941176470588235,1,0.0475434194201301,0.175577549851682,0.681318876410439,42,CCND1;PSMD7;CUL3;PSMC3;PSMD6;PSMA7;PSMC6;PSMA5;PSMB3
REACTOME_SYNTHESIS_OF_ACTIVE_UBIQUITIN_ROLES_OF_E1_AND_E2_ENZYMES,0.837573385518591,1,0.052805004567129,-0.231079478054567,-0.740502723557158,20,UBE2H;UBE2C;UBE2K;UBA52;RPS27A;USP5;UBE2Z;USP9X;USP7;UBA1;UBB;UBE2E1;UBE2G2;UBE2B;UBE2D2;UBC;UBE2L3;UBE2A;UCHL3;CDC34
REACTOME_SYNTHESIS_OF_PC,0.86317907444668,1,0.0526973085708419,0.233707429731304,0.688223312267137,15,LPCAT1;ABHD3;CHAT;CHPT1;CSNK2A2
REACTOME_TERMINATION_OF_TRANSLESION_DNA_SYNTHESIS,0.976047904191617,1,0.0466948041282054,-0.176277883959742,-0.569376154096622,22,RFC4;POLD3;RFC1;UBA52;RPS27A;UBE2L6;POLE2
REACTOME_THE_ROLE_OF_NEF_IN_HIV_1_REPLICATION_AND_DISEASE_PATHOGENESIS,0.956087824351297,1,0.0476387259290825,-0.191530132933517,-0.618640796188626,22,CD4;FYN;ATP6V1H;AP2B1
REACTOME_TNFR1_INDUCED_PROAPOPTOTIC_SIGNALING,0.841140529531568,1,0.0544555953940371,0.232748952612338,0.739087460302725,20,TNFRSF1A;TRAF2;RBCK1;RNF31;USP21;BIRC2;RIPK1
REACTOME_TOLL_LIKE_RECEPTOR_CASCADES,0.824034334763949,1,0.0578529757032509,-0.180548671230428,-0.846662295332571,124,TLR2;TRAF6;PELI2;MAPK8;MAP2K6;NOD1;PIK3C3;PTPN4;BTRC;VRK3;LY86;S100A12;NFKBIA;GSDME;MAP2K4;HMGB1;FGB;MAPK11;RPS6KA5;MAPKAPK3;MAP2K1;IRF5;CASP8;DNM1;TLR5;N4BP1;UBE2N;UBA52;TLR4;RPS27A;NKIRAS2;ALPK1
REACTOME_TRANSLATION_OF_SARS_COV_1_STRUCTURAL_PROTEINS,0.895551257253385,1,0.0491927521045191,-0.215083838023687,-0.715360936720323,24,ST6GALNAC2;ST3GAL1;GSK3B;CANX;UBA52;RPS27A;PARP8;GALNT1;GSK3A;ST6GAL1;PARP16;SUMO1
REACTOME_TRANSLESION_SYNTHESIS_BY_Y_FAMILY_DNA_POLYMERASES_BYPASSES_LESIONS_ON_DNA_TEMPLATE,0.982857142857143,1,0.0442407423477375,-0.173004581257916,-0.591678515988701,26,RFC4;POLD3;RFC1;UFD1;UBA52;RPS27A;UBE2L6;POLE2
REACTOME_TRANSPORT_OF_MATURE_TRANSCRIPT_TO_CYTOPLASM,0.861804222648753,1,0.0506004243853618,0.188735114154694,0.772117106283182,59,SRSF9;CHTOP;SLBP;CPSF4;NXT1;NXF1;EIF4A3;NUP210;MAGOH;THOC7;NUP188;CASC3;SRSF1;SYMPK;DHX38;SRSF5;U2AF2
REACTOME_TRANSPORT_TO_THE_GOLGI_AND_SUBSEQUENT_MODIFICATION,0.929896907216495,1,0.0503964322442957,-0.166446432298442,-0.789921878785938,130,DCTN6;ANK2;F5;COG5;KDELR2;SERPINA1;MIA3;LMAN2L;TRAPPC4;MGAT3;B4GALT1;ARF3;MAN1A2;ANKRD28;MAN2A1;TMED10;TUBB2A;B4GALT4;FUCA1;DYNC1I1;STX17
REACTOME_TRANS_GOLGI_NETWORK_VESICLE_BUDDING,0.989517819706499,1,0.0483117581055019,-0.149612755192169,-0.602702379257665,52,VAMP2;ARRB1;GNS;SNX2;TBC1D8B;NECAP1;AP3B1;VAMP7;TGOLN2;CPD;SORT1;YIPF6
REACTOME_TRNA_MODIFICATION_IN_THE_NUCLEUS_AND_CYTOSOL,0.849129593810445,1,0.0516355964484201,-0.226474683219731,-0.753246469005558,24,DUS2;TRIT1;EPRS1;ADAT1;TRMT11;PUS7
REACTOME_UBIQUITIN_DEPENDENT_DEGRADATION_OF_CYCLIN_D,0.899799599198397,1,0.0506004243853618,-0.195954424059062,-0.733038072135657,38,PSMA4;PSMB5;PSMB1;PSMA3;PSMA2;GSK3B;PSMB6;PSMD13;UBA52;PSMC1;RPS27A;PSMB4;PSMC4;CDK4;PSMD14;PSMC2;PSMB2
