gene,logFC,AveExpr,t,P.Value,adj.P.Val,B
TUBB2A,-0.200509826218594,8.02924546930861,-3.59242937270891,0.00176265734272587,0.590169329270731,-1.13598107699211
CXCR6,0.109852752896153,5.52564186573971,3.57286316929787,0.00184542803612096,0.590169329270731,-1.17560190969612
DPF2,0.0971915977956816,6.76252566943033,3.50810720291601,0.00214761300491324,0.590169329270731,-1.30650842173616
ACKR2,-0.0833408175010104,5.90686060760509,-3.47425317649961,0.00232445826600604,0.590169329270731,-1.37479664742786
UGGT1,-0.09233932243159,5.6538930356585,-3.38230134916624,0.00288012648613882,0.590169329270731,-1.55968413400684
ANXA5,0.137826263014532,7.82715932937277,3.38207204786799,0.00288166310831899,0.590169329270731,-1.56014401420119
CEP43,-0.113687007118268,6.56638302625632,-3.33703952281178,0.0031995210365083,0.590169329270731,-1.65033649815965
GNLY,0.0672679814055533,5.7045799510734,3.31851282498185,0.00334002334472558,0.590169329270731,-1.68736822471611
LAMA2,0.121220969283449,5.00603164669314,3.31727884157573,0.0033495927925,0.590169329270731,-1.6898331552962
CHI3L1,0.37529444138727,6.70086871379908,3.28728120330556,0.00359063497796092,0.590169329270731,-1.7496916713884
SRSF5,0.148708831221259,9.18859428895818,3.26692051485112,0.00376379861879273,0.590169329270731,-1.7902493285076
NAT8,-0.1623417387549,6.897225492394,-3.26261403417469,0.00380145424731885,0.590169329270731,-1.79882009554412
ADAMTSL2,0.140211575307015,6.39805724230846,3.22880418149536,0.00411011684784651,0.590169329270731,-1.86601385167226
ILF2,0.103054937022628,5.11047276958649,3.21411500631423,0.00425170174328589,0.590169329270731,-1.89515334044711
PSORS1C2,-0.143192625655027,6.35835444408698,-3.20432276977447,0.00434871074263163,0.590169329270731,-1.9145599310193
TIPRL,-0.0998024807079306,5.6086405390479,-3.20069428942911,0.0043852009624087,0.590169329270731,-1.92174713557555
HYAL2,0.160700446794771,6.57318063609553,3.18021632645668,0.00459678798118193,0.590169329270731,-1.96226976759695
LPAL2,0.148053088753865,5.87294248605374,3.17746119907294,0.00462600160431412,0.590169329270731,-1.96771652173905
TMEM259,0.243348039178986,6.20459873724136,3.15845887304084,0.00483245823649869,0.590169329270731,-2.00524889006122
KLHL12,0.069134996788227,5.23244512803924,3.15000940107758,0.00492710760130242,0.590169329270731,-2.02191829775935
RPS26,0.131472801388687,9.94201606115583,3.14172031738038,0.00502170705764657,0.590169329270731,-2.03825940192756
CD37,0.123781085671383,5.41150190124524,3.13894397113689,0.00505378432063368,0.590169329270731,-2.04373003678947
CYP3A5,-0.098085400940297,10.5524425469615,-3.13078637976639,0.00514918920222538,0.590169329270731,-2.059796334063
HPS5,0.225678823229292,4.96633651958584,3.12578115928445,0.00520858836537913,0.590169329270731,-2.06964827806145
PRKAG2,0.0894295098384427,6.04181084631581,3.11344775877888,0.00535780270822643,0.590169329270731,-2.09390551168432
PXMP4,-0.0646278390601482,7.32200943038567,-3.107954911856,0.00542558266366149,0.590169329270731,-2.10470000127743
DDB2,0.102072906565973,6.26737233391114,3.10503221043648,0.00546198563707029,0.590169329270731,-2.11044143485945
RGS4,-0.0811787957421852,5.99049017231387,-3.10350002412202,0.00548116379220283,0.590169329270731,-2.11345068111182
RELB,0.064157822396738,6.29150587960968,3.10335380132234,0.00548299744679294,0.590169329270731,-2.11373784336811
ZNF764,-0.0901421327630623,6.05421792012669,-3.0941102394296,0.00560012642980859,0.590169329270731,-2.13188301364596
SLC22A4,-0.0731851630238464,5.08040010953819,-3.07523224332867,0.00584690753424726,0.590169329270731,-2.16889130676729
NOS3,0.102859944320595,5.11553600228094,3.05692052357307,0.00609631695158875,0.590169329270731,-2.20472487559738
ADGRD2,0.12841382643033,6.6378104918494,3.05671480312559,0.00609917649081798,0.590169329270731,-2.20512707547933
MSC,0.118553760868254,4.97344832996018,3.05326755101565,0.00614728698513048,0.590169329270731,-2.21186550241343
LACTB2,-0.127934681244505,5.61535895147305,-3.04572014662825,0.00625390348686563,0.590169329270731,-2.22661047877805
SOBP,-0.135250757227932,6.25404952177479,-3.04553681760951,0.00625651532991019,0.590169329270731,-2.22696849996126
TBL1X,-0.113060006502909,7.40669666305896,-3.04230799270899,0.00630268863750166,0.590169329270731,-2.23327294786031
HRK,-0.0948503171082926,5.83512652558463,-3.04082676451569,0.00632398065983092,0.590169329270731,-2.23616443222008
DCAF4,-0.0558183452356126,5.22164688614984,-3.02354059057544,0.0065776531785858,0.590169329270731,-2.26987611716671
CD79A,0.0635164948512646,7.02853657672185,3.01886977447515,0.00664786468080539,0.590169329270731,-2.27897484638408
ATXN7,0.105013607333886,7.02751361611906,3.00480783749492,0.00686363449962649,0.590169329270731,-2.30634045544441
SLC28A3,-0.0660090857248302,5.7669533430019,-2.99883808620123,0.00695726353707453,0.590169329270731,-2.31794567396199
CAD,0.109444772831451,6.45702379530802,2.99193611831287,0.00706704784010591,0.590169329270731,-2.33135382786927
SYNE2,0.1173544288746,6.49265553444547,2.99129324760319,0.00707735804578039,0.590169329270731,-2.33260219451984
KLF10,-0.229351280552031,5.93815444602214,-2.98595217758246,0.00716357893753678,0.590169329270731,-2.34297043804169
ERGIC2,-0.129535581998665,5.27686091741654,-2.96786245433719,0.00746317979524397,0.590169329270731,-2.37804146299366
IGF2BP2,-0.0935721280527296,5.70017546279959,-2.96762093799377,0.00746726022103776,0.590169329270731,-2.37850921957557
HNRNPA0,0.110213669472645,6.97356841134534,2.96122995700506,0.0075760193202903,0.590169329270731,-2.39088232900491
OPRPN,-0.0948156560976036,5.6051714865736,-2.95666619397745,0.00765461449097744,0.590169329270731,-2.39971242482448
NRXN2,0.125488109309264,5.20199143045512,2.95112632536497,0.00775107371455619,0.590169329270731,-2.41042495134391
CYB5B,0.0704871160496215,6.26943404629295,2.94366770754943,0.00788278937841937,0.590169329270731,-2.42483703762915
CCL19,0.182499092075838,6.2528504502226,2.93117806839105,0.00810818112929104,0.590169329270731,-2.44894251496668
ALKBH4,0.099899635761172,6.56611269887498,2.92432161695918,0.00823453358700957,0.590169329270731,-2.46216070681273
MCOLN3,-0.106393003009047,5.0007846905367,-2.9136707944637,0.00843456651669195,0.590169329270731,-2.48267250525855
NCR1,-0.0826932972978723,6.83154897899278,-2.90694627415222,0.00856325241971261,0.590169329270731,-2.49560935584727
UBN1,-0.0760314325953754,6.72042304360284,-2.88065344910451,0.00908472244688229,0.590169329270731,-2.54609026436663
COMMD8,-0.0790056783183413,5.23086233625234,-2.87460567493594,0.00920890342356188,0.590169329270731,-2.55767834570364
GSDME,-0.0892978109275165,6.025507804785,-2.87111597739607,0.00928129652001267,0.590169329270731,-2.5643608953518
PUDP,-0.0757488470061301,6.82218806873655,-2.86919698090905,0.00932133762716689,0.590169329270731,-2.56803439115844
PCOTH,-0.0699434098356444,6.04095511785257,-2.86830593612936,0.00933998603276342,0.590169329270731,-2.56973979511131
HSP90AB1,0.136302258767938,9.42049421200593,2.86444452573077,0.00942121388760037,0.590169329270731,-2.5771280529267
KDELR1,0.158591660119033,7.42105283785975,2.85075926246036,0.00971457295347432,0.590169329270731,-2.60328333834715
MANBA,0.068470012048085,6.11782379322631,2.850528646535,0.00971959055449099,0.590169329270731,-2.60372369465303
VPS13A,-0.097562616320045,5.25545967175497,-2.84397573390188,0.00986320507674452,0.590169329270731,-2.61623080404825
SLC35E3,-0.0802552464888589,6.4562627057502,-2.84244007300628,0.00989715311230533,0.590169329270731,-2.61916026507171
MAGT1,-0.200028255837123,6.77418083314197,-2.83919942086063,0.00996915943856096,0.590169329270731,-2.62534026224794
GPATCH2,-0.144201494460472,4.99492990177111,-2.83890518748497,0.00997572195759199,0.590169329270731,-2.62590124115299
SLC16A5,0.0681394623202514,5.8177834625772,2.8373548891985,0.0100103677343555,0.590169329270731,-2.62885664555008
HNRNPF,0.165558274978059,6.80389660909003,2.83002698930594,0.0101756925239989,0.590169329270731,-2.64281793020556
CARD8,-0.0724143788990374,5.27208399334557,-2.82786601391942,0.0102249422972252,0.590169329270731,-2.64693246768116
PLCH2,0.0954695074925175,6.20320903741186,2.8239751103745,0.0103141926767435,0.590169329270731,-2.65433781712467
GBE1,-0.150891044500418,8.4206635636273,-2.82199040835455,0.0103600042818909,0.590169329270731,-2.65811370299255
CDH1,0.151492099828984,8.37792618944047,2.82096802773496,0.010383679005314,0.590169329270731,-2.6600583828481
MLPH,-0.0658862197983591,8.146915839122,-2.81886704433457,0.0104324926242637,0.590169329270731,-2.66405384018015
TMC6,0.0922564198046321,6.95891798723242,2.80537762001684,0.0107511594662644,0.590169329270731,-2.68967960797343
PRKAR1A,0.130561956809201,7.29836596052837,2.79586708656569,0.0109813906544365,0.590169329270731,-2.70771817835735
PPP3CC,0.110308026891781,6.39302038956555,2.77222121311508,0.0115743557171451,0.590169329270731,-2.75246322003357
COQ10B,-0.117587651911955,6.66375534258015,-2.77134576372959,0.0115968844400345,0.590169329270731,-2.75411695110318
ZNF518A,-0.07033591572061,6.71098215370938,-2.76998924509125,0.0116318754438975,0.590169329270731,-2.75667901605422
PLAU,0.0950954192833776,6.19836343915392,2.76313017678797,0.011810347611873,0.590169329270731,-2.76962612706525
BAX,0.123187411242601,5.3049851820036,2.75930830876667,0.0119109198001957,0.590169329270731,-2.77683468139515
TNFRSF12A,0.0765457713906246,7.51140423749755,2.75230290332485,0.0120973859478315,0.590169329270731,-2.79003740634991
IL1RL2,0.061468358235102,6.334410302529,2.75135027868526,0.0121229558540709,0.590169329270731,-2.79183172433499
LRFN3,0.0877531461193231,4.96371818680943,2.74712839574511,0.0122368976323978,0.590169329270731,-2.7997808380463
POLR2C,0.0681220626480573,7.76395094081636,2.7465882699444,0.012251548014908,0.590169329270731,-2.80079744991243
COX11,-0.100645828469655,6.20497110347512,-2.74249834021323,0.0123630258249095,0.590169329270731,-2.8084927852148
NUP43,-0.0996823287493159,6.27093545540484,-2.73947768953896,0.0124459770085313,0.590169329270731,-2.81417324351143
ARL5A,-0.0916608871067177,7.59538835280889,-2.73282672666606,0.0126304898907604,0.590169329270731,-2.82667164569647
NNT,0.157515225990595,6.34377290324431,2.72996960593214,0.0127105483783819,0.590169329270731,-2.83203688907616
CHCHD3,-0.077904690736291,6.95433194997342,-2.72657912589939,0.0128061773681721,0.590169329270731,-2.83840070911458
S100A4,0.118529721891735,6.25314173467301,2.72368748061955,0.012888276150425,0.590169329270731,-2.84382565889046
SNTB1,0.109893612942202,6.15544525894338,2.71842634976433,0.0130389320518901,0.590169329270731,-2.85368984575478
SUCLG2,0.12538394143154,9.00003680175227,2.71275585134448,0.0132031816514949,0.590169329270731,-2.86431270545656
PDK2,0.108312738054758,7.58886887917406,2.69931372464061,0.0136004188657353,0.590169329270731,-2.88945757727041
PRMT5,0.0611122423641428,7.06929666817727,2.69735663820961,0.0136591906162321,0.590169329270731,-2.89311413540852
CXCL2,-0.202474837237223,9.68549024388509,-2.69678757318868,0.0136763248994613,0.590169329270731,-2.89417714877551
CDH4,0.0627889528825069,5.8215769280317,2.6965491238373,0.0136835105543245,0.590169329270731,-2.89462254401866
DLAT,-0.121259147363263,5.1433413712004,-2.69544631450772,0.0137167902139587,0.590169329270731,-2.89668224562936
DGKQ,0.0755119987441496,5.12267151996357,2.68681267409375,0.0139799928361964,0.590169329270731,-2.91279485700365
PLXNB1,0.167820423021423,7.27456080743491,2.68125760335088,0.0141518652343658,0.590169329270731,-2.92315045077147
MUC6,0.0699189111812269,6.9828128456248,2.67757919981571,0.0142667732763628,0.590169329270731,-2.93000258709857
NEK1,-0.0698688722150876,7.26941145101742,-2.67734122164614,0.0142742377177235,0.590169329270731,-2.9304457547381
CCDC22,0.0938898597160661,5.75382470286629,2.67666503752645,0.0142954671448274,0.590169329270731,-2.93170486614461
GNB2,0.189071172604302,7.96594151097875,2.67604988537877,0.0143148063807769,0.590169329270731,-2.93285021263419
ZNF281,-0.0882375207719884,5.30857380510681,-2.66727767401319,0.0145932971334585,0.590169329270731,-2.94917081601205
PLGRKT,-0.0843610434264577,6.495726984099,-2.66466143918831,0.0146773421065732,0.590169329270731,-2.95403382408976
GPR162,0.089022652143442,7.11584197705637,2.6600553744093,0.014826422984578,0.590169329270731,-2.96259047597857
INTS9,-0.0755329325988843,5.63913417150141,-2.65459712704425,0.0150049398250671,0.590169329270731,-2.97272190631323
BSG,0.172941904917577,6.42227864113928,2.6529272628958,0.0150599589313553,0.590169329270731,-2.97581964818217
HSD3B2,-0.0694856445926199,5.4872057469912,-2.65176288820539,0.0150984358369903,0.590169329270731,-2.97797916082852
HPD,0.154347959233644,10.6277339663595,2.64717532092914,0.0152509386752903,0.590169329270731,-2.98648348337306
PIGQ,0.0950280955306715,5.87479192799628,2.64595167617924,0.0152918611053872,0.590169329270731,-2.98875075852212
GFPT1,0.0617873988643483,6.46108534593334,2.64558085070067,0.0153042831176784,0.590169329270731,-2.98943776547379
AHI1,-0.0936310381074612,5.78366864620795,-2.64402849356589,0.0153563879695774,0.590169329270731,-2.99231326964771
NMT2,-0.0606363917432951,5.90198310093998,-2.64315254431498,0.0153858631200363,0.590169329270731,-2.99393550488188
LRRC8D,-0.0794100925322657,7.02371354492642,-2.63935775680989,0.0155141737629285,0.590169329270731,-3.00096062423249
MKNK2,-0.0851410808646427,8.5173472524888,-2.63894509511095,0.0155281875900345,0.590169329270731,-3.00172429856326
EIF5B,-0.13516159252392,7.40107399198752,-2.63784611322259,0.0155655669165092,0.590169329270731,-3.00375782477147
TEF,0.0605054047194996,5.97587268965085,2.63690059664556,0.0155977944649816,0.590169329270731,-3.00550708414928
CAMSAP1,-0.055999413032707,6.23402618973886,-2.63571218968234,0.0156383902072222,0.590169329270731,-3.00770531216524
SCNN1D,0.0754071933947944,5.6216619140576,2.63061774139916,0.0158135486777935,0.590169329270731,-3.01712368517449
SHLD2,-0.100130774200368,8.04183174261039,-2.63043824963406,0.015819753652678,0.590169329270731,-3.01745537388769
TEX10,-0.0595396668205457,6.10058794566849,-2.62934464652465,0.0158576088604282,0.590169329270731,-3.01947606211636
SKAP2,0.103142478753618,6.94969449612107,2.62657742823754,0.015953778703342,0.590169329270731,-3.02458748124089
SPP2,-0.136242881475286,9.81633734306547,-2.61563291664377,0.0163395550763141,0.590169329270731,-3.04477993962044
APC,-0.0679554180210951,5.612468086497,-2.61288898807106,0.0164376444061873,0.590169329270731,-3.04983653269686
CCL25,-0.0959392907640301,6.14943979595666,-2.60475583758958,0.016731657880488,0.590169329270731,-3.06481052038415
OGG1,-0.0928736590439073,5.0763135570159,-2.60352340289831,0.0167766404736607,0.590169329270731,-3.06707772597329
CNPY4,0.0937801532352483,7.42408450475368,2.59363693715984,0.0171416312424964,0.590169329270731,-3.08524742229869
PTPRH,0.0804823655634809,6.73884038843526,2.59291407353182,0.0171686093884328,0.590169329270731,-3.08657469451565
CYRIA,-0.0595864263789859,5.70770319273031,-2.59159730462618,0.0172178555671385,0.590169329270731,-3.0889920214636
MDK,0.0653719725555756,6.12053900266561,2.58870692647612,0.0173264202903313,0.590169329270731,-3.09429621951507
PYROXD1,-0.101390436421124,5.63849472807192,-2.58271478579724,0.0175535452566247,0.590169329270731,-3.10528390913445
MYH9,0.108687035617058,8.47549986237987,2.58164357331723,0.0175944423314384,0.590169329270731,-3.10724694427899
AP1S1,0.0558276661971769,7.07711604211829,2.58155172484256,0.0175979531200587,0.590169329270731,-3.10741524249349
CCDC30,-0.0782265899787284,5.61026627198403,-2.58098221960217,0.0176197364352323,0.590169329270731,-3.10845871195339
IER3IP1,-0.163354208698027,5.85957661907852,-2.57949504835698,0.0176767397285534,0.590169329270731,-3.11118306574292
CDK9,0.122817590987247,5.80852130884585,2.57876493787592,0.0177047883215531,0.590169329270731,-3.11252029330396
TOP3B,0.0679604813981649,5.09212497990727,2.57663569095829,0.0177868266806063,0.590169329270731,-3.1164191022973
CDS2,-0.105355449649142,6.91889057038251,-2.57308748750544,0.017924331198541,0.590169329270731,-3.12291282773822
PIAS1,-0.0799627062081447,6.72544236036947,-2.5727474483217,0.0179375611885089,0.590169329270731,-3.12353493175303
SFRP1,-0.0810218429442294,5.743281334366,-2.57025878575381,0.0180346680692939,0.590169329270731,-3.12808680003596
AKAP6,-0.0947308313110586,6.36963051489502,-2.57020244745504,0.0180368720833005,0.590169329270731,-3.1281898215645
ASS1,0.120597791694554,11.7909649494415,2.56814304664352,0.0181176120424999,0.590169329270731,-3.13195497227244
H6PD,0.140976154736788,7.50561770530927,2.56718427959251,0.018155316827025,0.590169329270731,-3.13370738486681
EIF4B,0.0910426371996726,8.58741776632807,2.56507425505893,0.0182385562465351,0.590169329270731,-3.13756297044588
VPS52,-0.0615484539889641,8.89195055626137,-2.5644921187733,0.0182615842806223,0.590169329270731,-3.13862643183083
KLK10,-0.058185377663755,5.77377995503718,-2.56050308493036,0.0184201182680222,0.590169329270731,-3.14591067993491
SPRY1,-0.112143203602037,6.16763265085404,-2.55836575237889,0.0185055921989075,0.590169329270731,-3.14981142170707
ZFP36L2,0.0966509188785622,8.55080027481128,2.55614503091011,0.0185947954766913,0.590169329270731,-3.1538627421216
PFKFB1,-0.0789426752059306,7.21808592496055,-2.55415404361334,0.0186751138333533,0.590169329270731,-3.15749355445451
YWHAB,-0.0942383011142003,9.22985514003247,-2.55362174313428,0.0186966424788026,0.590169329270731,-3.15846404616742
PEAK1,-0.0882572596710863,7.08934249357462,-2.54921963306238,0.0188755791028955,0.590169329270731,-3.1664863513411
COLGALT1,0.0912773588674871,7.68802959390918,2.54902304973186,0.0188836071854544,0.590169329270731,-3.16684444884687
FLNA,0.113739148479846,7.60265938185001,2.54422004080266,0.0190807513399498,0.590169329270731,-3.17558960691552
LZTFL1,-0.122777783010292,4.75390130842174,-2.5431106064891,0.0191265629336239,0.590169329270731,-3.17760852358678
POLE2,-0.0785742062265718,5.05839494437447,-2.54285083805102,0.0191373043882103,0.590169329270731,-3.17808118273732
HIP1R,0.0665610679539648,7.53136640964958,2.54151746119363,0.0191925288182547,0.590169329270731,-3.18050695715806
SH3GLB2,0.0975174475459245,5.61737335802031,2.53530976947758,0.0194516064313435,0.590169329270731,-3.19179251349379
PCBP1,0.143778974374556,8.5919860238793,2.53489531742481,0.01946901984382,0.590169329270731,-3.19254552007879
NFKBIL1,0.0748496939525129,6.9012708729576,2.53362085008514,0.0195226588675765,0.590169329270731,-3.19486069900706
LYPD1,0.0587762884948762,5.57829461083796,2.53307976660584,0.0195454735448259,0.590169329270731,-3.19584345633208
KLHL11,-0.0833444775699138,5.46419109244221,-2.52954705043121,0.0196950453122353,0.590169329270731,-3.2022573946581
GNL3,-0.0876131978165549,6.52450608108973,-2.52785291110923,0.0197671535560484,0.590169329270731,-3.20533173352318
ZCCHC14,0.119075730318618,7.2045800711575,2.52586712779934,0.0198519901341246,0.590169329270731,-3.20893406628526
PRSS50,0.0542908672828018,6.15456311456143,2.51809994179203,0.0201871076341702,0.590169329270731,-3.22301121906904
CHRNA4,0.113910069521712,6.01657962463969,2.51367585989924,0.0203803470604392,0.590169329270731,-3.23102007692605
SGSH,0.102488323420181,6.34441000171002,2.51233876190456,0.0204390901333633,0.590169329270731,-3.23343927532706
CD6,0.0668508872622047,8.05836309134665,2.51204708040795,0.0204519256965415,0.590169329270731,-3.23396692948546
SPART,-0.0856058218890097,6.57887015029447,-2.50868725797007,0.0206003211268734,0.590169329270731,-3.24004274577044
RAB40C,0.0554306877301313,6.20004187674674,2.50656890725266,0.0206944010574928,0.590169329270731,-3.24387149903814
GATAD1,0.121481474709016,6.58288517703371,2.50601139186031,0.0207192281149463,0.590169329270731,-3.24487890468785
SLC12A6,-0.113388949821917,4.93864987104682,-2.50351902527597,0.0208305583936841,0.590169329270731,-3.2493811749503
IGKC,0.194330058159665,8.85814431606877,2.50309249717472,0.0208496667616872,0.590169329270731,-3.25015144807427
GOLGA5,0.074230833656348,6.76049147540872,2.50228631391639,0.0208858283984498,0.590169329270731,-3.25160717210185
PLEC,0.117337392665214,8.15555765767036,2.50198587573166,0.020899319661176,0.590169329270731,-3.25214961478899
DND1,-0.0897890667746473,7.4898083211947,-2.50135546215806,0.0209276550681997,0.590169329270731,-3.2532877270669
TRPM3,-0.0835472944293305,6.38983389096211,-2.50066257233602,0.0209588400698638,0.590169329270731,-3.2545384698603
OXSR1,-0.0787190779284044,6.61182997367858,-2.5000763355795,0.0209852588613466,0.590169329270731,-3.25559656073745
TM7SF2,0.186821833247291,8.55983671542609,2.49974963638111,0.0209999950914184,0.590169329270731,-3.25618616348807
TNFAIP2,0.0760375924054097,7.51451641297325,2.49580372560171,0.021178747045529,0.590169329270731,-3.26330449554202
MAGOH,0.0672737373246756,5.92064290240752,2.49559813664553,0.0211880992254059,0.590169329270731,-3.26367522331976
NGF,0.0684732163920386,5.77476221047676,2.49348775277314,0.0212843234689648,0.590169329270731,-3.26747990752919
PIK3C2G,-0.102259889487034,5.61758352700781,-2.49300065670873,0.021306590869005,0.590169329270731,-3.26835784085851
HSF1,0.140736431526543,6.50004556277667,2.49041271477477,0.0214252632606529,0.590169329270731,-3.27302089762683
YBX3,0.0797400678054332,6.8767714289279,2.4889492804279,0.0214926435241798,0.590169329270731,-3.27565672449128
ANKRD28,-0.102496487310012,6.95309752002209,-2.4852984995958,0.0216615990356437,0.590169329270731,-3.28222892814104
POT1,-0.0886024682356733,4.86256554718706,-2.48251407535392,0.0217912934857932,0.590169329270731,-3.28723832084853
COL13A1,0.0582141139225116,6.93756259549524,2.48079296612948,0.0218718226437312,0.590169329270731,-3.29033334900865
SFTPD,-0.0458698023381505,5.65534770511371,-2.48018442183326,0.0219003623392196,0.590169329270731,-3.29142742663107
CYTL1,-0.0610790862553382,5.05563150354311,-2.47979500365921,0.0219186436371081,0.590169329270731,-3.29212747682007
ACR,-0.0581176557770205,6.06854441060928,-2.47969917645089,0.0219231444451682,0.590169329270731,-3.29229973541157
ING4,0.0674780494666813,7.78439071027283,2.47612757817184,0.0220915119785021,0.590169329270731,-3.29871768707879
PCSK1N,0.044243477352366,5.60038344054141,2.47494962079883,0.0221473059174985,0.590169329270731,-3.30083340681797
UNKL,0.0600116384985161,6.4472908965613,2.47457504733217,0.0221650751354693,0.590169329270731,-3.30150607107902
ALPL,0.0991297751763813,6.62550899850471,2.47330184154631,0.0222255737126482,0.590169329270731,-3.30379213586885
RUBCN,-0.0897322175833233,5.92238273733641,-2.47276742936172,0.0222510131325954,0.590169329270731,-3.30475150972745
EMILIN1,0.1908510412392,6.0450170234041,2.47009093992515,0.0223788304671312,0.590169329270731,-3.30955478616625
THY1,0.081716523142842,6.58519661426821,2.46364087099231,0.0226896779253201,0.590169329270731,-3.32111959898344
FMO3,0.0970291912633047,10.0043789078257,2.46313572973226,0.0227141914469523,0.590169329270731,-3.32202467042525
XRCC1,0.103206019052941,6.79874764359122,2.46269234000518,0.0227357286424503,0.590169329270731,-3.32281902435914
AXL,0.0775135994268453,6.92239039926409,2.46263421473763,0.0227385534286851,0.590169329270731,-3.3229231532851
NFATC2IP,-0.0702445771349013,7.17857432497913,-2.46188113757446,0.0227751812672518,0.590169329270731,-3.32427214816604
INSRR,0.0581403335952785,5.17704934776064,2.46171030192211,0.022783497951158,0.590169329270731,-3.32457813925039
THSD7A,-0.06965765284926,5.34415643663415,-2.46150585557282,0.0227934546064346,0.590169329270731,-3.32494431800244
FBP1,0.204654253925997,10.9639970989087,2.46016463491462,0.022858873525547,0.590169329270731,-3.3273461691608
KCNJ10,-0.0502041262706236,5.82712500219913,-2.45906225584656,0.022912773842154,0.590169329270731,-3.32931981548455
SLC25A28,0.0735773522182909,6.72549257173249,2.45870439318746,0.022930296837078,0.590169329270731,-3.32996042068777
GNS,-0.0760287533499515,7.90676371399596,-2.45733595382886,0.0229974187367505,0.590169329270731,-3.33240961674419
CHD7,-0.0746421214731345,5.25387802935556,-2.45694264928584,0.0230167441744031,0.590169329270731,-3.3331134167285
HUS1,-0.0742105539165035,6.75330439231941,-2.45488490259138,0.0231181008056547,0.590169329270731,-3.33679473998486
GPI,0.167821336579426,8.56654166797782,2.45094604417474,0.0233132750615477,0.590169329270731,-3.34383707991937
BMPR1B,-0.077774992323842,5.17374113040319,-2.44914627369495,0.0234029655937455,0.590169329270731,-3.34705302791688
LPIN2,0.118656036088913,8.2889971111946,2.44870044809353,0.0234252326889064,0.590169329270731,-3.34784947514875
BCL2,0.0742916547050764,7.11364789745388,2.44604961712863,0.0235580385536174,0.590169329270731,-3.35258356026785
DCT,-0.0706758312110174,6.24473765127723,-2.44411196480032,0.0236555577178384,0.590169329270731,-3.35604235719806
ITGA3,0.0764596701333751,6.40097603288057,2.4439911121208,0.0236616524932489,0.590169329270731,-3.35625803897613
ATG14,-0.0969758676513276,5.88726523312732,-2.44315379114743,0.0237039199864316,0.590169329270731,-3.35775223046356
LBP,0.150554284879392,9.44327309348325,2.44265060976355,0.023729354114629,0.590169329270731,-3.35865002886452
NCK1,-0.0938243072560684,5.13318988986709,-2.44204905361943,0.0237597941094806,0.590169329270731,-3.35972322951536
CREBZF,0.0551168755230609,5.72565216540842,2.43866312716363,0.0239318084390593,0.590169329270731,-3.36576137169187
VIM,0.193755341327346,8.77946074816954,2.43367168381892,0.0241875026833111,0.590169329270731,-3.3746549149149
RSL1D1,0.0721698116129645,7.69268598828495,2.43009779659965,0.0243721398511472,0.590169329270731,-3.38101704118123
RORC,0.100395400645022,7.94510831090555,2.42906811731705,0.0244255788360394,0.590169329270731,-3.38284916402517
URB2,-0.0544493729345046,5.1928241682116,-2.42796022049551,0.0244831989294839,0.590169329270731,-3.3848200195028
FAM149A,-0.0896313820573852,7.01945528155913,-2.4277701501368,0.0244930969083452,0.590169329270731,-3.38515809275796
FOXO4,0.0783761880560988,7.28272828854295,2.42703369470811,0.0245314832371644,0.590169329270731,-3.38646787987542
CHRM2,-0.0807155164624122,6.2717682834864,-2.4258798226955,0.0245917391380654,0.590169329270731,-3.38851963618944
GLUD2,0.21078206410647,7.7964038912959,2.42064875858325,0.0248666388403973,0.590169329270731,-3.39781500517249
GPD1,0.139666936634811,7.56420682728605,2.41930969088263,0.0249374665538738,0.590169329270731,-3.40019282132389
STX5,0.0666580135382657,6.37731312901146,2.41893166055096,0.0249574957434952,0.590169329270731,-3.40086397747021
EDEM1,0.0717304299114566,6.86694671234637,2.41887687224866,0.0249603998336778,0.590169329270731,-3.40096124432879
NUP188,0.0959809163087619,7.03802262219464,2.41712349604391,0.0250535047357084,0.590169329270731,-3.40407345545462
FCGR2B,0.0746331975862875,6.11413346650312,2.41702478759462,0.0250587557745083,0.590169329270731,-3.40424862680904
STIP1,0.132818604477161,6.77598816205243,2.41693447088564,0.0250635612901265,0.590169329270731,-3.40440890268654
INHBC,0.111993183908072,7.49769693590995,2.41393478680507,0.0252236540451517,0.590169329270731,-3.4097303922628
CASP4,0.0595190220600923,5.99904250726285,2.41387131509514,0.0252270517648345,0.590169329270731,-3.40984295550712
MAGEH1,-0.0856205310714774,6.64159901641405,-2.41338901135366,0.0252528839808405,0.590169329270731,-3.41069824242644
NOCT,-0.0648107877591484,6.72993830884066,-2.41273751944898,0.0252878169458877,0.590169329270731,-3.41185341758465
STK10,0.0950036397587057,5.809284328076,2.40831309257546,0.0255262447338062,0.590169329270731,-3.41969422690211
CSTF1,0.0739184783096109,5.69935184882673,2.40720393036824,0.0255863427883719,0.590169329270731,-3.42165868252109
LTB,0.0836801803471905,6.86105217518844,2.40712500142393,0.0255906244219785,0.590169329270731,-3.42179845711201
APOOL,-0.0697960982343605,6.58312062338852,-2.40701503878233,0.0255965906399978,0.590169329270731,-3.42199318507311
PIK3C3,-0.0838976773443275,6.64326707532293,-2.4053382717983,0.0256877267641259,0.590169329270731,-3.4249619289553
ZNF443,-0.0979559753704641,5.88039997907313,-2.40490298587665,0.0257114347610622,0.590169329270731,-3.42573243542064
INTS6,-0.10748670163788,5.34441667408739,-2.40437276673107,0.0257403407729271,0.590169329270731,-3.42667088743536
RABIF,-0.0817226325653209,6.85460426962546,-2.40048341982106,0.025953300798509,0.590169329270731,-3.43355149872979
FLRT1,-0.0768088260537956,7.2401244522874,-2.39766316349008,0.0261087446497723,0.590169329270731,-3.43853718427647
SIK3,0.0656372127909116,7.75172337195311,2.39743667249445,0.0261212655392991,0.590169329270731,-3.43893744621391
APOO,-0.0734221346539218,6.94922217184281,-2.39648501304602,0.0261739361485631,0.590169329270731,-3.44061903408468
HACD3,0.120028085057075,5.15418696950052,2.39121093672183,0.0264676260209917,0.590169329270731,-3.4499320703029
PCDH7,-0.0515658088025856,6.40106897785246,-2.39045764504963,0.0265098220679554,0.590169329270731,-3.4512613719313
DARS1,-0.110049989858041,7.45367687742678,-2.39011184749789,0.026529212992325,0.590169329270731,-3.45187151304985
SLCO1A2,-0.0704242223750917,5.80786965842626,-2.38950928378296,0.0265630337537453,0.590169329270731,-3.45293459432591
AGPAT3,0.0716802011855695,6.44501294260514,2.38646948241418,0.0267342624592101,0.590169329270731,-3.4582954741724
PIK3CD,0.0746846924128862,6.93844489250141,2.38406601978496,0.0268703706554505,0.590169329270731,-3.46253160838304
GNE,-0.0933103413594675,8.36720637700117,-2.38366921088453,0.0268929036398272,0.590169329270731,-3.46323077465748
LTK,0.0799766641034685,6.94828679444536,2.38167687432268,0.0270063043728779,0.590169329270731,-3.46674029598799
HDAC5,0.086849976262714,6.70981116819284,2.38153011331124,0.0270146752831746,0.590169329270731,-3.4669987562716
CCDC7,-0.0897264932417464,6.08596270338953,-2.38131846105738,0.027026751674762,0.590169329270731,-3.46737148159826
PIK3C2B,-0.0729925841979781,7.00472801484942,-2.38125655169888,0.0270302850261331,0.590169329270731,-3.46748050236853
OPLAH,0.121572619072642,6.47620009874867,2.38092819751468,0.0270490323335888,0.590169329270731,-3.46805870072893
PTGDS,0.167401054314652,8.61542635538208,2.38089213562135,0.0270510920133088,0.590169329270731,-3.46812219951401
TKT,0.153440280146856,7.34756842179522,2.38082506437708,0.0270549231826476,0.590169329270731,-3.46824029908693
PPM1G,0.0946600675332032,7.09779096180235,2.38062604446973,0.0270662943369919,0.590169329270731,-3.46859072464084
LPCAT3,0.154654965694016,7.3021200395689,2.38041078803697,0.0270785981626826,0.590169329270731,-3.46896972148013
MVD,0.0978435953688614,6.98256162253619,2.38008365687411,0.0270973065503263,0.590169329270731,-3.46954565908749
PAFAH1B1,0.0779257791025657,6.97846647663347,2.37667774040765,0.0272928010482741,0.590169329270731,-3.47553954981747
GPR52,-0.0799102946453577,6.48092947395822,-2.37577992896556,0.0273445512350211,0.590169329270731,-3.47711880971541
ITGB7,0.0718319762679516,7.19920474783302,2.37536989433571,0.0273682160038592,0.590169329270731,-3.47783996069857
NPDC1,0.0731071046621181,6.92781897035234,2.37516972848737,0.0273797752792712,0.590169329270731,-3.47819197987687
NID2,-0.0850289048592734,5.15794784729889,-2.37455328593246,0.0274154023174857,0.590169329270731,-3.4792759809239
RACK1,0.110385948157214,10.2921313894589,2.36987093092123,0.0276874218023885,0.590169329270731,-3.48750496566713
ZMYND8,-0.111357112454907,6.19625181011715,-2.36920042060641,0.0277265787277432,0.590169329270731,-3.48868265038607
MEX3D,0.0686895872085195,7.53266386584297,2.36816700311899,0.0277870293596785,0.590169329270731,-3.49049740109099
GEMIN2,-0.0669854734594046,5.27668471732075,-2.36480477095094,0.0279845511074759,0.590169329270731,-3.49639881277212
UBC,0.0642154133642361,11.9174798996752,2.3620790559813,0.0281456320086709,0.590169329270731,-3.50117974926561
SPRING1,-0.0922860881222728,6.55211514277796,-2.35868680114777,0.0283473012872421,0.590169329270731,-3.50712572196547
SSNA1,0.102084868966234,7.53078102374029,2.35829511682078,0.0283706727628917,0.590169329270731,-3.50781197746938
PABPC1,0.108547289559362,9.99709376823626,2.35712509392983,0.0284405932169331,0.590169329270731,-3.50986157039385
FAM124B,-0.0783505529247979,5.31806017518571,-2.35650294701056,0.0284778375213949,0.590169329270731,-3.51095119894994
TIPARP,-0.0783207046221232,6.68752184837823,-2.3555799698017,0.0285331738719094,0.590169329270731,-3.51256742011638
FAR2,-0.0863156722836079,5.75581154533662,-2.35533224347699,0.0285480430178046,0.590169329270731,-3.51300115522132
PLPPR3,0.0810810133624289,5.78457931429809,2.35449920686778,0.0285980965026347,0.590169329270731,-3.51445951097012
ZBTB18,-0.0946578876309556,7.07018961917976,-2.35275592224968,0.0287031054312957,0.590169329270731,-3.51751050367103
ASF1B,-0.0563056747001738,6.74477478503621,-2.34918790000713,0.0289191419018924,0.590169329270731,-3.52375128619005
PRMT1,0.104703173206773,7.38333820132405,2.34785183388349,0.0290004239653979,0.590169329270731,-3.52608688123595
RPP14,0.0847961143278879,6.93955636339603,2.34542167082249,0.0291488088574012,0.590169329270731,-3.53033326048275
AURKC,-0.063619687256282,5.53982150588396,-2.34521155164825,0.0291616715503013,0.590169329270731,-3.53070030463467
TSC22D2,-0.119212079096819,5.73743790497975,-2.34508636444512,0.0291693375250093,0.590169329270731,-3.5309189780267
L3MBTL1,0.074139637214429,7.6730969679929,2.34405151381858,0.0292327790683822,0.590169329270731,-3.53272638582682
ACSL1,0.143613015422718,10.3452375883516,2.34333032217654,0.0292770670789276,0.590169329270731,-3.5339857230495
ELP5,0.111734676472374,5.99633627348544,2.34070686844629,0.0294386953091438,0.590169329270731,-3.53856501751147
DMAC2L,0.0534042991260722,6.60623612141015,2.34001105152362,0.0294817019085894,0.590169329270731,-3.5397791189591
VPS41,0.0460969556886802,7.0221937972305,2.33961741184975,0.0295060574203511,0.590169329270731,-3.54046587829749
COPS7A,0.0580276807525878,7.27285668369235,2.33935296955664,0.0295224295852081,0.590169329270731,-3.54092719993208
MAPK8,-0.0648846838775271,6.70088452959262,-2.33883685802826,0.0295544072727566,0.590169329270731,-3.54182747981371
MAK16,-0.0772997273494758,6.00820885379137,-2.338793761503,0.0295570789310407,0.590169329270731,-3.54190265047098
SSUH2,-0.0649707708755557,6.48920273882776,-2.3376144548068,0.0296302736123729,0.590169329270731,-3.54395935473636
RPL18A,0.175817067589654,10.093195285422,2.33734700971233,0.0296468960832545,0.590169329270731,-3.54442569989955
TGFB1,0.156154479209589,6.17296942403657,2.33727192896379,0.0296515641120639,0.590169329270731,-3.54455661336561
REXO5,-0.0625300333688174,5.39742447469296,-2.3367619695996,0.029683288003053,0.590169329270731,-3.54544573680948
WDR62,0.0740108908847714,6.55974954909705,2.33673953251416,0.0296846845035299,0.590169329270731,-3.54548485387975
RIN1,0.0629947749419566,6.96786212817583,2.3362359590396,0.029716043242688,0.590169329270731,-3.5463627364422
GDAP1L1,0.0548588259977505,6.31318069849742,2.33473188992309,0.0298098874241388,0.590169329270731,-3.54898418244029
STAG1,-0.0719217732844531,6.56326975532067,-2.33399133361504,0.0298561937765794,0.590169329270731,-3.55027456589465
NIPAL3,0.0654503774526324,5.46918278127654,2.33348143206636,0.0298881160667179,0.590169329270731,-3.55116291638044
VASP,0.0634528339124896,6.92987472195673,2.33342072661356,0.0298919186177089,0.590169329270731,-3.55126867045226
SMAD6,0.045072727681059,6.09399707343086,2.3329219559229,0.0299231782050792,0.590169329270731,-3.55213751534081
CNPPD1,0.0749458973902542,7.61635398115555,2.33251698224341,0.0299485814158328,0.590169329270731,-3.55284289473078
KANK1,-0.078935087575817,8.51128689125407,-2.33237795879567,0.0299573066737874,0.590169329270731,-3.5530850292517
KCNAB2,0.058890468918848,7.38399764989655,2.33213877294562,0.029972323719463,0.590169329270731,-3.55350159652404
TBC1D12,-0.0790764445276288,5.29750567919425,-2.33194242341136,0.0299846565211222,0.590169329270731,-3.55384354262946
PTMS,0.135748144664142,7.87821122178786,2.33086303201481,0.0300525372409091,0.590169329270731,-3.55572304391543
EXTL3,0.0843596487537392,7.34818109677501,2.33072727079692,0.0300610850178269,0.590169329270731,-3.5559594062672
OLFML2A,-0.0838528819778113,5.84798289095547,-2.32996206514602,0.0301093057464142,0.590169329270731,-3.5572915019354
ERCC3,0.0753912422207751,6.16184418378998,2.32923902901349,0.0301549346548659,0.590169329270731,-3.55854997037693
SLC47A1,-0.0837036133527359,8.8846090477942,-2.32476653726151,0.0304386024037123,0.590169329270731,-3.56632979521124
CCNT1,-0.0631802605736988,6.5143659553714,-2.32335016043126,0.0305289478902374,0.590169329270731,-3.56879187060574
PBLD,-0.0998853615432386,9.97143452614147,-2.32314345009708,0.0305421538421004,0.590169329270731,-3.56915112533532
AFDN-DT,-0.0944340700895962,5.26555394030939,-2.32061349711733,0.0307042103765931,0.590169329270731,-3.57354668241364
EML3,0.100456352608601,7.14169802680706,2.32037571875002,0.0307194819886526,0.590169329270731,-3.57395966643939
MICALL1,-0.0579954373439563,6.42177424484533,-2.31809112893808,0.0308665698433544,0.590169329270731,-3.57792647132296
EGFL7,0.0750152572689367,7.57215590192732,2.31786451542889,0.0308811951439029,0.590169329270731,-3.57831983162505
ELF2,-0.0981350499259184,5.97879182865068,-2.31578305845705,0.0310158283321599,0.590169329270731,-3.58193188757665
PHC2,0.0657289541113723,8.41749463288788,2.31465803473006,0.0310888222985622,0.590169329270731,-3.5838834614613
MRTFA,-0.0636563726735383,7.14367662852403,-2.31398976644088,0.0311322558860633,0.590169329270731,-3.58504245893315
TMEM41B,-0.0631664044745815,7.62591185696463,-2.3131329981143,0.031188022672186,0.590169329270731,-3.58652811062819
CCND1,0.182077889816173,7.01204037588696,2.31168901310249,0.0312822195009676,0.590169329270731,-3.58903132728115
ARL4C,0.0863541655614745,6.94338831416174,2.31096991870917,0.0313292265441044,0.590169329270731,-3.59027759327895
LPAR2,0.0575952680052907,6.30285941288558,2.30537193783578,0.031697395758661,0.590169329270731,-3.59997222987461
VEGFB,0.0798716826965359,6.22311098944162,2.30468212252968,0.0317430383203906,0.590169329270731,-3.60116596756493
UNC93B1,0.111585775127011,7.39340980373289,2.30405096455678,0.0317848527350057,0.590169329270731,-3.60225802611282
MELTF,-0.0504600293789505,5.53345685835289,-2.30330295245786,0.0318344744207291,0.590169329270731,-3.60355205862254
HGFAC,0.149683879708849,8.94859919087321,2.30259806696331,0.0318813004163027,0.590169329270731,-3.6047712727575
CA11,-0.0454419901319515,6.77815224864882,-2.30247625964296,0.0318893985756411,0.590169329270731,-3.60498193758007
CCL11,-0.0751296255999889,5.95732355671786,-2.30187509660171,0.0319293936470881,0.590169329270731,-3.60602155482126
PTPN6,0.0835021078667606,6.39505055651894,2.29954416364732,0.0320849063150802,0.590169329270731,-3.61005112773298
UBTF,0.105493304208056,5.61763863421067,2.2978587244249,0.0321977874554989,0.590169329270731,-3.61296341249923
BBOF1,-0.127938227009807,6.49244593367844,-2.29532480393052,0.0323681827235046,0.590169329270731,-3.61733958281952
ZNF224,0.112656947472323,5.46433155374925,2.29468212839421,0.0324115315556862,0.590169329270731,-3.61844908321101
STK38L,-0.0804599221175187,5.69531022881365,-2.29466854021083,0.0324124486625436,0.590169329270731,-3.61847253969179
TUBGCP4,-0.0614755636912383,5.92364379678682,-2.29461863096761,0.0324158173904408,0.590169329270731,-3.61855869442204
ATG10,-0.0544287606586734,6.11786628635323,-2.29390999320847,0.032463683122521,0.590169329270731,-3.6197818532149
PLXDC1,-0.0943778007582737,5.10698924918092,-2.29363961190799,0.0324819634562372,0.590169329270731,-3.62024849549836
PTK2,0.0588183749196905,7.21153596593792,2.29142003858625,0.0326323857934232,0.590169329270731,-3.62407803711923
PTBP3,-0.0626198755363063,4.98284223551959,-2.29061627801722,0.0326870150964446,0.590169329270731,-3.62546430063297
DNAL4,0.0455801498889399,6.57524735035966,2.29060219149716,0.0326879732661223,0.590169329270731,-3.62548859356727
YRDC,-0.0621846758132584,6.37577584777207,-2.28953563377241,0.0327605959073707,0.590169329270731,-3.62732768781107
ACTN1,0.151082083541743,8.10133232458084,2.289526146003,0.0327612426011184,0.590169329270731,-3.62734404570248
CCN4,-0.090939094843647,5.89862175066932,-2.28921553176748,0.0327824207912654,0.590169329270731,-3.62787955592316
ZMAT3,0.0792055042992605,6.15088450456261,2.28921390071648,0.0327825320322166,0.590169329270731,-3.62788236780824
USP3,-0.0924377233030114,5.43642688912774,-2.28800440204892,0.0328651178655798,0.590169329270731,-3.6299672035926
LRP8,-0.0536591881390595,6.26131940641663,-2.28655637040075,0.0329642424812068,0.590169329270731,-3.63246240092756
LY6G5C,-0.068406192150141,5.01895149925864,-2.28570366247298,0.0330227428389547,0.590169329270731,-3.63393134793689
RPL13,0.105978716229761,11.6820932891662,2.28394793699461,0.0331434956239547,0.590169329270731,-3.63695495295366
MARF1,-0.0571971802379972,5.40855203842829,-2.28389698564744,0.0331470059332207,0.590169329270731,-3.63704267906354
TGFB1I1,-0.131083946566272,5.50701792072848,-2.28209161400642,0.0332716082906061,0.590169329270731,-3.64015039876687
SHMT1,0.179759008643096,8.71320491232165,2.28189547646776,0.0332851711082644,0.590169329270731,-3.64048794263892
CD83,-0.0753640086831399,6.78595899640044,-2.28148623633687,0.033313486224326,0.590169329270731,-3.64119217458414
ZNF451,-0.126355025246165,6.23934946286369,-2.28045362835749,0.0333850302227431,0.590169329270731,-3.64296880349794
COPB1,-0.0886013003509249,8.85356872907643,-2.27930422167824,0.0334648325481801,0.590169329270731,-3.64494586172325
ACO2,0.153595896055243,7.49164348920442,2.27852717999187,0.033518881103252,0.590169329270731,-3.64628211253334
ESS2,0.0560490649018069,6.93887711690397,2.2745385731017,0.0337975798735692,0.590169329270731,-3.6531371824525
FCHO1,0.0802914898498091,6.71264237370053,2.27409293385548,0.0338288501136767,0.590169329270731,-3.65390267016548
TOM1L1,-0.125314960664344,7.28305694945886,-2.27378890898864,0.0338501985950025,0.590169329270731,-3.6544248546507
DZANK1,-0.0677212227404524,5.15986906661841,-2.27048654639203,0.0340828869283344,0.590169329270731,-3.66009438711389
HLA-DMA,0.101567843395793,7.40363409468958,2.26993767109534,0.034121703285209,0.590169329270731,-3.66103625596692
WNT5A,-0.0731372250521788,4.99101419549943,-2.26957608544376,0.0341472967137948,0.590169329270731,-3.66165666660278
ARMC9,0.0805052024420791,4.98674248726678,2.26951383828474,0.0341517044127163,0.590169329270731,-3.66176346504073
ATP6V1H,-0.0612042493175871,6.63313686495138,-2.26911694094897,0.0341798208487609,0.590169329270731,-3.66244438956066
ENPEP,-0.159695199520453,6.69338148605323,-2.26901135841943,0.0341873039517474,0.590169329270731,-3.66262551771053
TRMT11,-0.0770254998265745,5.34015699915999,-2.26769370586317,0.0342808183642754,0.590169329270731,-3.66488557036646
LMF1,0.0696820098246216,6.67288519981483,2.26766501274298,0.0342828573366561,0.590169329270731,-3.66493477695611
FXYD7,-0.0545699184766851,5.29316307250364,-2.26763139702327,0.0342852462572244,0.590169329270731,-3.66499242499822
AKAP8L,0.0940010169638861,7.31922926617636,2.26761745113927,0.0342862373743593,0.590169329270731,-3.6650163408386
PUS7,-0.0778973939349154,5.01984905907774,-2.26614679554145,0.0343909027495725,0.590169329270731,-3.66753791028397
NUBP2,0.108767669026246,7.04620655996542,2.26442125528367,0.0345140817020847,0.590169329270731,-3.67049533292328
KLF15,0.0585757530918142,7.27726140589901,2.26336255986296,0.0345898576101089,0.590169329270731,-3.67230921723324
GSK3B,-0.0749355487903029,6.59832204323054,-2.26289161211936,0.0346236146030569,0.590169329270731,-3.67311594853828
ACBD4,0.0873354639274798,8.54579432270395,2.26267346931245,0.0346392610641158,0.590169329270731,-3.67348959421586
SVIL,0.0361695929949357,6.32108284255594,2.26246915977012,0.034653921203439,0.590169329270731,-3.67383952725667
CEP162,-0.071802833595344,5.08652633800943,-2.26215296914072,0.0346766205359845,0.590169329270731,-3.67438105066972
SLC17A4,-0.10453848946486,6.69068117165824,-2.26214706966677,0.0346770441888903,0.590169329270731,-3.67439115399107
GRAMD4,0.088450855714517,6.43067029392114,2.26132596007865,0.0347360560154528,0.590169329270731,-3.67579722547114
MARCKS,-0.107162206385298,6.94543263394089,-2.26044575599248,0.0347994171130353,0.590169329270731,-3.67730417201425
TTC22,-0.0666800668747296,5.99431945910463,-2.25669181730607,0.0350708340011414,0.590169329270731,-3.68372736722893
PECR,0.116600333642587,7.87822311725917,2.25665734155148,0.035073335630332,0.590169329270731,-3.68378632927943
ERCC4,-0.0819138668077595,6.32734984783455,-2.25563178747868,0.0351478266995411,0.590169329270731,-3.68554004773433
EPB41L2,-0.0944450746504468,5.81139696776372,-2.25420971450124,0.0352513588110565,0.590169329270731,-3.68797107783832
MED15,0.106646323982962,7.03857712565639,2.25244072718197,0.035380537530172,0.590169329270731,-3.69099394956892
GDE1,0.137309013936898,5.47226429091531,2.25061844413988,0.0355140614595856,0.590169329270731,-3.69410649211711
RRP9,0.083379557064669,6.25081850926773,2.25010170167742,0.0355520085826486,0.590169329270731,-3.69498885266258
CORO1A,0.0993839126048981,5.97083646413501,2.24996515069352,0.0355620424429209,0.590169329270731,-3.69522200035146
NCF2,0.0437557672190528,5.65261682280546,2.24621543246573,0.0358385898038572,0.590169329270731,-3.70162115423223
CXCR3,0.0465795017120662,6.63970175430772,2.24536084666863,0.0359018916925618,0.590169329270731,-3.70307871798545
MAP2K7,0.0987380702586695,6.86186748288402,2.24192179015208,0.0361576696654867,0.590169329270731,-3.70894111964821
ACTMAP,-0.055898100699737,6.53003405058639,-2.24136098544444,0.0361995370242354,0.590169329270731,-3.70989661376719
TECR,0.139194291116344,7.71524056308354,2.24069099583148,0.03624961383673,0.590169329270731,-3.71103795806638
FTH1,0.10292488134198,10.9807568865075,2.24054821233156,0.0362602940478663,0.590169329270731,-3.71128116830713
RPRD2,-0.0744222613583356,7.33576738521885,-2.23883144868809,0.0363889336675936,0.590169329270731,-3.71420472709375
HAND2,0.0984212587610722,5.17326572905088,2.23751123429878,0.0364881431392322,0.590169329270731,-3.71645211573612
CTNNA3,-0.0707886813945464,6.17099062805473,-2.23721554757155,0.0365103968466228,0.590169329270731,-3.716955357032
THAP3,0.0682762258155089,6.31314935302234,2.23659914183333,0.0365568281430211,0.590169329270731,-3.7180043212783
ARFIP1,-0.106041041230388,5.20522229691058,-2.2365341327738,0.0365617281541349,0.590169329270731,-3.71811494040052
SRR,-0.110174367586372,6.28426017362424,-2.23641465792588,0.0365707350515753,0.590169329270731,-3.71831823348484
PPP5C,0.0832821717754509,6.46799869727291,2.23605317684001,0.0365979985300423,0.590169329270731,-3.71893327592451
GOT2,0.0597135027859148,10.4088081154477,2.23429191687888,0.0367311017045047,0.590169329270731,-3.72192916291675
RFC5,-0.228322808919334,5.28197022510469,-2.23421691142723,0.0367367798853337,0.590169329270731,-3.72205671660943
TIMELESS,-0.0539875789494831,6.57380840801444,-2.23417217365057,0.0367401670771508,0.590169329270731,-3.72213279616429
RABL3,-0.106543127230037,5.86474249263744,-2.23327357926605,0.0368082620698893,0.590169329270731,-3.72366073138499
SH3TC1,0.0963857120541424,6.08288069605537,2.23193441379632,0.0369099574753903,0.590169329270731,-3.72593714548241
BAZ2B,-0.15776138353225,5.30027092126205,-2.23163226183326,0.0369329382026364,0.590169329270731,-3.72645065826023
SECISBP2L,-0.0771420475518822,5.62495380641565,-2.23135657131767,0.036953917768318,0.590169329270731,-3.7269191646691
MACF1,-0.0620117655432925,8.55345540921378,-2.23045230502679,0.0370228073518343,0.590169329270731,-3.72845563586614
GRB10,-0.0547150375243124,7.59095919892429,-2.22913197580479,0.0371236046697418,0.590169329270731,-3.73069841487226
SCARB2,0.132686045443632,6.7676221091604,2.22687551659763,0.0372964493886851,0.590169329270731,-3.73452959288633
NR1H2,0.143642472936084,5.55260211418459,2.22676769669693,0.0373047267722407,0.590169329270731,-3.73471260161175
RPS6KB2,0.0896186648891045,6.87613165314424,2.22676357833916,0.0373050429737525,0.590169329270731,-3.73471959182922
ZFTRAF1,0.110478350032452,6.85794213326672,2.22627469081642,0.0373425964535683,0.590169329270731,-3.7355493432857
TM9SF1,0.112910567652226,6.06051268668062,2.22620045419055,0.0373483018971354,0.590169329270731,-3.73567533031175
PSAT1,0.158470649815424,7.70094626372674,2.22597172923283,0.0373658855242257,0.590169329270731,-3.73606348445009
SSR2,0.0688476799223013,8.68282995895588,2.22575851411076,0.0373822836182418,0.590169329270731,-3.73642529727753
PLA2G15,0.101406074010797,5.32586723768944,2.22408395138636,0.037511300833706,0.590169329270731,-3.73926623531978
SLC31A2,-0.0570412268274617,7.07233317419271,-2.22157073239852,0.0377056961538655,0.590169329270731,-3.74352767198412
UBE2M,0.104127223776347,6.75119774400435,2.22123642232386,0.0377316239806262,0.590169329270731,-3.74409432261403
APOL3,0.0955696360024014,7.76300344810789,2.21957746991704,0.0378605271244475,0.590169329270731,-3.74690549723303
EPO,0.0679673403895031,5.57273956534319,2.21900012518384,0.0379054819464237,0.590169329270731,-3.74788355232322
MERTK,-0.0691861672747255,5.56402807171305,-2.21834331457159,0.0379566836276212,0.590169329270731,-3.7489960491652
ETV2,0.0737244296435963,5.03352523653153,2.2159565045839,0.0381432795956952,0.590169329270731,-3.75303719863751
STS,-0.119345872504412,6.24700876217049,-2.21564650269411,0.0381675762666746,0.590169329270731,-3.75356188432481
LPP,-0.0786872851937565,8.17786408615533,-2.21469314490164,0.0382423850827253,0.590169329270731,-3.75517520024012
TRIM8,0.0665137460603109,7.19428370688347,2.21398721458733,0.0382978647852818,0.590169329270731,-3.75636954997611
ATXN10,-0.0643067778977888,8.51136487595573,-2.21338684834992,0.0383451059064387,0.590169329270731,-3.75738512506012
HLA-DQA1,-0.157460348598836,7.01867809461177,-2.21093044876545,0.0385389474927798,0.590169329270731,-3.76153869600262
LTBP4,0.0982093885518321,6.26946270915056,2.20864030325567,0.0387204744554046,0.590169329270731,-3.7654087437502
CCDC71,0.0528815748301521,7.334901661677,2.20840977296377,0.0387387904408505,0.590169329270731,-3.76579818141551
ZNF671,0.0579274785725861,6.875322232651,2.20648691496716,0.0388918726210245,0.590169329270731,-3.76904557240046
ARL4D,0.0825970111282502,7.64175518903638,2.20521037549189,0.0389938047325764,0.590169329270731,-3.77120053268307
SLC25A22,0.0902266520698719,6.72527566747311,2.20492711462575,0.0390164562123981,0.590169329270731,-3.77167861490767
GSPT2,-0.0765074114418405,5.76079409037592,-2.20468943712495,0.0390354717913855,0.590169329270731,-3.77207973493658
ADORA1,0.0507270401610096,6.36933836956693,2.20448736393634,0.0390516454653876,0.590169329270731,-3.77242074709012
STAMBP,-0.0879820067333943,6.33292024854254,-2.19908998580028,0.0394859120880143,0.590169329270731,-3.78152247099011
ZNF235,-0.0696907831378514,5.48684537036463,-2.19838484040272,0.0395429711851727,0.590169329270731,-3.78271061627265
CD46,0.0667821225978302,7.03979744928692,2.1979096481457,0.039581465257773,0.590169329270731,-3.78351117353616
BTBD2,0.100509089124917,6.43335798220329,2.19643044365095,0.0397015104082857,0.590169329270731,-3.78600254716673
AKAP10,-0.0617931946966306,6.11696966544021,-2.19560751398092,0.0397684389612308,0.590169329270731,-3.78738815662552
ADIPOR1,0.0638263151968949,7.63424896422292,2.19506364276861,0.0398127281977655,0.590169329270731,-3.78830373480584
POP5,-0.0656288345269956,7.49077886063454,-2.19043744306871,0.0401912754145301,0.590169329270731,-3.79608634487549
PDGFRB,0.0734957775188159,7.56773510965918,2.19042521925721,0.0401922799774637,0.590169329270731,-3.79610689617331
HCP5,-0.0670486865216175,5.85968942673844,-2.1900100686655,0.0402264109733959,0.590169329270731,-3.79680482881797
TM7SF3,0.0624999260071162,5.09225628576589,2.18958575812877,0.0402613223099803,0.590169329270731,-3.79751808085891
ATP6V0D1,0.164296580592187,8.19124096381722,2.18951484134182,0.0402671598770304,0.590169329270731,-3.79763728176351
AEN,0.0881493880261734,6.85724411281395,2.18779998210969,0.040408554597347,0.590169329270731,-3.80051902572945
PIP5K1A,-0.079873474343278,7.87868016837961,-2.1862999489871,0.0405326067722318,0.590169329270731,-3.80303868070261
TLN2,0.065309805807875,7.1462314809555,2.18523631211528,0.0406207790753704,0.590169329270731,-3.80482469332989
CCNL2,0.137358277120753,7.11052375242316,2.18507241766877,0.040634380944115,0.590169329270731,-3.8050998524608
CD2BP2,0.0690865250110385,7.15759151793369,2.1842330839591,0.0407041036155683,0.590169329270731,-3.80650880357565
DTNA,-0.0557306238611696,6.64141850938355,-2.18346281653992,0.0407681847964488,0.590169329270731,-3.80780153701143
ISG20,0.0476772242671502,5.87581375292443,2.18315585091593,0.0407937478882429,0.590169329270731,-3.80831664036333
GPM6A,-0.0970323213340487,5.55250293172125,-2.18239774115782,0.0408569432875145,0.590169329270731,-3.80958860363692
CRKL,0.0592129803212025,6.97868890885298,2.18209844512773,0.0408819168707881,0.590169329270731,-3.810090693799
ACTR2,-0.0612425813080338,6.69392644424214,-2.18169104004822,0.0409159335091523,0.590169329270731,-3.81077407955066
HGH1,-0.0542635886661729,7.74989364482914,-2.1816754620546,0.0409172347181601,0.590169329270731,-3.81080020876135
TRIM2,-0.105189413211483,6.39821266861781,-2.18128079428629,0.0409502133516187,0.590169329270731,-3.81146215460044
POGLUT1,-0.0372716983954358,6.42677169821698,-2.18017733966966,0.0410425469206409,0.590169329270731,-3.81331252079985
MARK3,0.0789914794450423,6.20878770225047,2.17855072370693,0.041179002336911,0.590169329270731,-3.81603916496114
ALDH9A1,-0.0871482276706809,9.0624170931396,-2.17842714232592,0.0411893863195877,0.590169329270731,-3.81624627156528
TMEM186,0.0672409742976865,6.64699425777003,2.17813373450754,0.0412140495869265,0.590169329270731,-3.81673795790431
C1orf115,-0.0641569024476691,8.81691965060774,-2.17807783767491,0.0412187496843253,0.590169329270731,-3.81683162416432
RPS6KA3,0.071951780104755,5.16740421268923,2.1780672581752,0.0412196393187339,0.590169329270731,-3.81684935206107
HDAC1,0.0635507234528146,7.0062680817348,2.1775946604233,0.0412593980724002,0.590169329270731,-3.81764122480949
DLK2,-0.0452914450693054,6.84689856480735,-2.17707446968465,0.0413032010518817,0.590169329270731,-3.81851272626935
ALDH1B1,0.115962621464235,7.29519084606022,2.17694658299962,0.0413139763026555,0.590169329270731,-3.81872696244081
MAPK1IP1L,-0.101261259453686,7.7464451641162,-2.176638210227,0.0413399691459993,0.590169329270731,-3.81924351900302
TOMM22,0.0681145444060691,6.59074741074107,2.17604633868661,0.041389899859638,0.590169329270731,-3.82023484489098
RBM48,-0.0755291821605365,5.80790049526202,-2.17503246606914,0.0414755583230328,0.590169329270731,-3.82193261164823
SRSF1,0.121982264842986,6.97717210090711,2.17459356562209,0.0415126894113643,0.590169329270731,-3.82266742193338
MCM7,0.0758364914860516,5.82264831819225,2.17456104228729,0.0415154420960133,0.590169329270731,-3.82272186925719
TRIB3,0.0750170707823202,7.54054461190023,2.17430597216242,0.0415370362770283,0.590169329270731,-3.82314886558435
PITPNM1,0.0896383011660138,6.19326976609789,2.17371554796125,0.0415870606402195,0.590169329270731,-3.82413714312846
ASXL2,0.124178839194868,7.82075000646598,2.17339314739465,0.0416143995072086,0.590169329270731,-3.82467672434172
PI4KA,0.105302223186392,6.67198030265051,2.17053447668327,0.0418575241164367,0.590169329270731,-3.82945903311974
ST6GALNAC4,0.0585050595707776,5.84356282996036,2.17029864985393,0.0418776382734608,0.590169329270731,-3.82985338510181
FOXC2,0.0417590382073232,5.37480729147736,2.16994449151624,0.0419078616694526,0.590169329270731,-3.83044556467509
MYO9B,0.0709642359282027,7.55581919685059,2.1695216956327,0.0419439684556338,0.590169329270731,-3.83115243666791
ABHD17A,0.152293887541976,7.69102084983957,2.16846334351984,0.0420344757437546,0.590169329270731,-3.83292153755122
AKAP3,-0.0543868341667349,5.81180665986566,-2.16810884255109,0.0420648313155987,0.590169329270731,-3.8335139937183
CTIF,0.0624152760535361,7.4250833486116,2.16777271570202,0.042093631922699,0.590169329270731,-3.83407568942541
SFT2D2,-0.0599416982261267,6.140731612969,-2.16554421039118,0.0422850321346307,0.590169329270731,-3.83779840246613
PRKCA,-0.127838000499081,6.69045939525262,-2.16373162452924,0.0424412927440163,0.590169329270731,-3.84082465098355
SNRPE,-0.117323998053973,8.12343751735231,-2.16233545383327,0.0425620120787291,0.590169329270731,-3.84315463907397
CHCHD7,-0.0651596213530799,6.34259340899095,-2.16216358739091,0.0425768939736007,0.590169329270731,-3.84344139533959
PRELP,0.0499139350990122,7.80752686118441,2.16087986353029,0.0426882009902921,0.590169329270731,-3.84558283926239
ZFAND3,0.0812552878858914,7.22144612054136,2.16045799202819,0.042724837562901,0.590169329270731,-3.8462864194166
TWF2,0.0785900143770111,6.93083107651587,2.16017723277444,0.042749235346104,0.590169329270731,-3.84675461309755
ERI2,-0.124675653250769,5.15317033865968,-2.16015053739562,0.0427515558142148,0.590169329270731,-3.8467991283876
RECQL4,0.0892627681797206,6.06181852451599,2.15955164195887,0.0428036442441885,0.590169329270731,-3.84779771738696
DIS3,-0.107425691940165,6.56008619895221,-2.15858769381945,0.0428876038186701,0.590169329270731,-3.84940464419578
CDH2,-0.104302934331273,8.80592589392851,-2.15733443553576,0.0429969857068594,0.590169329270731,-3.85149322103052
MAPK8IP2,0.083526570277578,7.09080171371203,2.15667867092653,0.0430543203739182,0.590169329270731,-3.85258577678231
TLE4,-0.0698656612186569,5.05919138409566,-2.15662293204376,0.0430591969213646,0.590169329270731,-3.85267863306362
AMOT,-0.0606735935745971,5.83188755383339,-2.15657916276675,0.0430630266095034,0.590169329270731,-3.85275154798983
RBM39,0.085012795412973,7.5381999029397,2.15551385757358,0.0431563331663622,0.590169329270731,-3.85452596078314
HMOX2,0.120327068918293,6.83035761611419,2.15520639153325,0.0431832971911346,0.590169329270731,-3.85503799086604
NXF1,0.0924754352415062,7.9489562000579,2.15465178805711,0.0432319732240644,0.590169329270731,-3.8559614744931
RPP38,-0.0562778636513911,6.63093241369589,-2.15162928144697,0.043498126282202,0.590169329270731,-3.86099183419449
RAC2,0.0735954397044238,7.49572102732051,2.15091803446537,0.0435609722211808,0.590169329270731,-3.86217495103917
PLEKHM2,0.057306967238863,7.11934767099471,2.15063724436958,0.0435858055590468,0.590169329270731,-3.86264196432999
PQBP1,0.0871208431151722,6.83564771079204,2.14866036888491,0.043761005952015,0.590169329270731,-3.86592889599953
RFPL2,-0.071669787464821,5.8524857261603,-2.14856775678976,0.0437692293262181,0.590169329270731,-3.86608283696674
ALDOB,0.0457146948659864,13.1763166216804,2.14821072287979,0.0438009448159228,0.590169329270731,-3.86667626603911
ARAF,0.0956455508579356,7.9823992204296,2.14782323082513,0.0438353894935209,0.590169329270731,-3.8673202531703
SINHCAF,-0.106806030826083,6.19883318279386,-2.14696088434521,0.0439121327568888,0.590169329270731,-3.86875316892789
CCDC69,0.0785678502966556,5.21539706699486,2.14642555905175,0.0439598345001677,0.590169329270731,-3.8696425177206
PTPRB,0.0553661388664573,5.51931317547145,2.14623481881816,0.0439768423194329,0.590169329270731,-3.86995936701414
MAPK6,-0.0969045874821585,7.93993911417675,-2.1460954888439,0.0439892697868409,0.590169329270731,-3.87019080520021
NEUROG1,0.0597280720343762,6.10841805981593,2.14563501211902,0.0440303644267185,0.590169329270731,-3.87095562978388
ZSCAN32,0.0679525946315832,7.42940582868216,2.14536012628322,0.0440549128350237,0.590169329270731,-3.87141215208269
CDH15,0.102452682038437,7.09119961548742,2.14512937109014,0.0440755297767698,0.590169329270731,-3.87179535648801
ZEB1,-0.0503796615188261,5.68674499872517,-2.14438204982229,0.0441423596143038,0.590169329270731,-3.87303622879338
TCF15,0.101974202325325,7.41923163856288,2.14416197927384,0.0441620571057844,0.590169329270731,-3.87340159050973
HSPA12A,-0.0513346294106429,5.37840633812261,-2.14397907715794,0.0441784338845147,0.590169329270731,-3.8737052280105
TSPAN4,0.113931517673418,7.27974404222122,2.14374944250609,0.0441990028163343,0.590169329270731,-3.87408642466685
CHRNE,0.0665347540954601,6.30406291011878,2.1427349794726,0.0442899746199448,0.590169329270731,-3.87577015446827
IQCB1,-0.0844219938653133,6.33024670573709,-2.14151824657777,0.0443993086975404,0.590169329270731,-3.87778896672039
MXD3,-0.0552392326956377,6.98635239965935,-2.14117003920485,0.0444306431446853,0.590169329270731,-3.87836658846006
SFTPC,0.0981940135229436,7.8936268460319,2.140940223202,0.0444513347756344,0.590169329270731,-3.87874778652107
PID1,-0.0807565219459909,7.41511254130798,-2.13928352115273,0.0446007554831897,0.590169329270731,-3.88149504814843
ZBTB44,-0.101188828667744,6.03068970598019,-2.13905029201387,0.0446218273001073,0.590169329270731,-3.88188170287058
SCAF4,-0.0665150004751924,5.17257423997352,-2.1386101489841,0.044661617967772,0.590169329270731,-3.88261131710576
DNMBP,-0.0710631189815565,7.28727936332667,-2.13760935161313,0.0447522136406099,0.590169329270731,-3.88426997858251
XPNPEP2,-0.0958800930147529,7.08952450058794,-2.13713340457829,0.0447953563957811,0.590169329270731,-3.88505862097364
SAFB,0.108381702521072,8.00643871408636,2.13544239148706,0.0449489449788732,0.590169329270731,-3.88785976927839
ADGRG6,-0.138520409917738,7.78913577652844,-2.13482370607943,0.045005256959396,0.590169329270731,-3.88888428302895
TSC2,0.135658524741502,5.84534470123505,2.12915388213422,0.0455242994082886,0.590169329270731,-3.8982649142274
IL13RA1,-0.0581121515161531,7.55471023298362,-2.12741502352874,0.0456845646355944,0.590169329270731,-3.90113881239448
ARAP1,0.0966520889325927,7.43906351964629,2.125161360169,0.0458930372035913,0.590169329270731,-3.90486144342387
HGD,0.13425440490922,9.09180324212884,2.12345694833924,0.0460512728862017,0.590169329270731,-3.90767522895962
DNAJA1,0.116212703393117,8.70037731267643,2.12310557804468,0.0460839549838863,0.590169329270731,-3.90825513058373
ANKLE2,0.0843062671104419,5.31412317171389,2.12309415377294,0.0460850179446267,0.590169329270731,-3.90827398422979
MGAT4B,0.151566286886988,8.30893316364608,2.12136682662237,0.046245990799126,0.590169329270731,-3.91112391116969
MAPK10,-0.0641262298061968,6.40533141080891,-2.12058633203681,0.0463188931508399,0.590169329270731,-3.91241119273422
FOXA2,0.0715490942037074,7.44313342604885,2.12045964439708,0.0463307362464263,0.590169329270731,-3.91262011350105
EXOSC5,0.0493374305072743,6.33803355110034,2.1201283500562,0.0463617194571033,0.590169329270731,-3.91316641570891
CLCC1,-0.0652416063887233,5.77253985822282,-2.11979432747548,0.0463929767773555,0.590169329270731,-3.91371716437888
TMOD1,0.0447371509617747,6.75538791454326,2.11927731899532,0.0464413951980298,0.590169329270731,-3.91456952315494
KAT2A,0.0658098326531342,6.79596434825795,2.11804926017231,0.0465565874157761,0.590169329270731,-3.9165936395273
SETX,0.0475836057205294,6.32084354751136,2.11652332239356,0.0467000804777856,0.590169329270731,-3.91910773506403
RBPMS,0.118540127015029,7.20554571786416,2.11397067638167,0.0469410146493758,0.590169329270731,-3.92331094744204
TBC1D2,0.0482662455823531,5.46877388497139,2.11339934757248,0.046995093669645,0.590169329270731,-3.9242512807998
TMEM87A,-0.0845494436386061,6.9264857757097,-2.11140332431005,0.0471844688864352,0.590169329270731,-3.92753526294913
MRPL52,-0.060217901716809,5.75776126027238,-2.1102289627917,0.0472962096620053,0.590169329270731,-3.92946651301662
CABP2,0.0391366065437932,5.12298063495145,2.10994420432293,0.0473233404666037,0.590169329270731,-3.92993470275857
MFAP4,0.103209747457842,6.71966369840778,2.1096193204143,0.0473543114462304,0.590169329270731,-3.93046881829845
SAYSD1,-0.0529041228445803,5.41062045705223,-2.10900086436224,0.047413319056851,0.590169329270731,-3.93148543367121
ITGAL,0.0745267796636167,6.35273007220749,2.10714785393044,0.0475905145542298,0.590169329270731,-3.93453031589745
MFAP1,-0.0576268831216024,6.69182250989804,-2.10655075405707,0.0476477398876726,0.590169329270731,-3.93551112750565
ERBB3,-0.106234259784258,8.23050492602186,-2.10500174658863,0.0477964845576319,0.590169329270731,-3.93805477575092
SAMD4A,-0.120246880228666,7.69465425338721,-2.10447638032813,0.0478470283545632,0.590169329270731,-3.93891722795987
CYREN,-0.0501769615526439,6.79889283312206,-2.10445071288446,0.0478494989720351,0.590169329270731,-3.93895936080046
PON1,-0.0686758256687199,10.439670574677,-2.10376313684246,0.047915724401876,0.590169329270731,-3.94008789280049
VAV1,0.0491915520300236,6.75202547149084,2.10321145104246,0.0479689210475176,0.590169329270731,-3.94099322248615
CUL4A,0.0694504340114868,6.09809506155265,2.1030293077787,0.0479864960221343,0.590169329270731,-3.941292092091
PIEZO2,-0.0724480558032935,6.71068839841702,-2.10293523664491,0.0479955752058136,0.590169329270731,-3.9414464424251
HNF4A,0.0834139764893547,6.70089625118462,2.10255405706388,0.0480323802467128,0.590169329270731,-3.94207183225036
JAM2,-0.0514968678936604,6.28437430924924,-2.10205751378582,0.0480803624923238,0.590169329270731,-3.94288639180629
SUPV3L1,0.0680292273521236,5.83915084883073,2.10084903495139,0.0481973216240363,0.590169329270731,-3.9448683614746
SMARCD1,-0.0688340984076559,7.41634789596715,-2.10077904094833,0.0482041036475247,0.590169329270731,-3.94498313399536
KDM4B,0.0760463667570424,7.38479286022431,2.10031260082314,0.048249321046908,0.590169329270731,-3.94574791843291
PTPN4,-0.0674482548469022,5.70186988317768,-2.09958530616944,0.048319902408772,0.590169329270731,-3.94694019759767
DENND5A,-0.0660735016060995,6.82511619555643,-2.09954371523461,0.0483239414746939,0.590169329270731,-3.94700837140363
ADORA2B,-0.0871537985666294,5.4369743565999,-2.09941632575496,0.0483363146832309,0.590169329270731,-3.94721717679866
ANKFY1,0.062438206371472,6.30645693295774,2.09894715581136,0.0483819093185574,0.590169329270731,-3.94798613109873
MPHOSPH6,-0.0478456239768105,7.52874608087826,-2.09691307448204,0.0485800332921547,0.590169329270731,-3.95131870583233
MRM1,0.0601894904131456,5.80212628710163,2.09626201467733,0.0486436023129392,0.590169329270731,-3.95238496303941
RTP4,-0.0666825488178997,6.01703584993146,-2.09589346196352,0.0486796207738325,0.590169329270731,-3.95298846114105
STAG3,-0.058427261509176,6.15727329027614,-2.09521139237302,0.0487463425012983,0.590169329270731,-3.95410516540398
DOK2,0.0607132808080234,6.28043349751031,2.09518136054001,0.0487492821831351,0.590169329270731,-3.95415432927018
RNF39,-0.079978072715781,6.60107708463443,-2.09215959765034,0.0490458872652878,0.590169329270731,-3.95909891848485
STAT3,0.10865820879195,9.07778585309281,2.09155400409797,0.0491055253555062,0.590169329270731,-3.960089339305
LSM1,-0.0536300299797155,7.90226242424503,-2.09062506104588,0.0491971334978301,0.590169329270731,-3.96160824081352
TPM4,0.0816023496186423,5.34922649163687,2.08975243110113,0.0492833285282486,0.590169329270731,-3.96303468733391
RGS14,0.068338599975641,6.84246884974116,2.08954900099858,0.0493034421170716,0.590169329270731,-3.96336717212319
SPOUT1,0.061597108267364,5.74733711891913,2.08913989664704,0.0493439135699467,0.590169329270731,-3.96403574918224
DEAF1,0.0720847253153393,5.83010466092142,2.08830742566697,0.0494263598209769,0.590169329270731,-3.96539596241931
FAM110D,0.0781710057414075,6.7915984087388,2.08814310933339,0.0494426480361653,0.590169329270731,-3.96566440709278
CLCN3,-0.117157462749016,6.95529321918744,-2.08785639585872,0.0494710807139703,0.590169329270731,-3.96613278161336
CLU,0.100510610160745,11.786214662194,2.08775631413734,0.0494810090419264,0.590169329270731,-3.96629626556903
ME1,-0.0395618197739948,5.64527851811716,-2.08703860649022,0.0495522598236693,0.590169329270731,-3.96746850282761
PSMF1,0.109021577923108,7.64540247424888,2.0860598499517,0.0496495752922359,0.590169329270731,-3.96906671269885
SLC35G2,-0.0661865083877742,4.96904015069862,-2.08484098494863,0.0497710047843961,0.590169329270731,-3.97105634876721
EVX1,0.143026942688778,7.86726661535259,2.08430402150346,0.049824584599176,0.590169329270731,-3.97193264294439
LBH,0.106362507986995,6.22140271034563,2.08299553952048,0.0499553663622116,0.590169329270731,-3.97406742844834
HMX1,0.0570344165870671,8.22015504329418,2.082830389813,0.049971894893273,0.590169329270731,-3.97433681099244
LMNB2,0.0403011799636465,6.17925214601622,2.08240016052999,0.0500149762670287,0.590169329270731,-3.97503851387649
MYO5C,-0.084623910468512,7.01746014740066,-2.08114442251153,0.0501409119224564,0.590169329270731,-3.9770861071089
TNIK,-0.0638890352458746,6.15314027525207,-2.07915464730276,0.0503410472942658,0.590169329270731,-3.98032904961439
NQO1,-0.0437161508693564,6.56018970411538,-2.07895907911699,0.0503607566611642,0.590169329270731,-3.9806476837272
YBX1,0.0936543267842482,9.88539132173225,2.07893367421377,0.0503633174774902,0.590169329270731,-3.98068907390793
NRBP1,0.0831190204517866,7.4525396409036,2.07865244086465,0.0503916736509886,0.590169329270731,-3.98114724403723
PACSIN3,0.0764100839710525,6.58357169533215,2.0781059030461,0.0504468210106502,0.590169329270731,-3.98203752408238
HILPDA,-0.076649134507933,6.76466018019658,-2.0779033150972,0.0504672765530167,0.590169329270731,-3.98236749188442
ULK1,0.0876842522997776,6.83795097829696,2.0768455901881,0.0505741975167957,0.590169329270731,-3.98408995173877
GAMT,0.158303167409063,8.1237113600709,2.07677050573415,0.0505817952294952,0.590169329270731,-3.9842122029136
SOCS3,0.0467431429503743,6.06278565813226,2.07669592560756,0.0505893429263245,0.590169329270731,-3.98433363024056
BAG6,0.128068765839855,8.46689952783629,2.07482275046409,0.050779245552067,0.590169329270731,-3.98738254611854
PRPH,-0.0924167608876732,6.9854064842298,-2.07464470095087,0.0507973295507815,0.590169329270731,-3.98767226364757
ADGRE1,-0.0519439963774341,6.1445584568658,-2.07424175698347,0.0508382768484317,0.590169329270731,-3.98832786662843
CES1P1,0.12370297809516,6.5052814133476,2.07407352523054,0.0508553813963676,0.590169329270731,-3.98860156180195
KCNMB4,-0.0795539994255194,6.68724150795618,-2.07397731494093,0.0508651656659848,0.590169329270731,-3.98875807952233
SPI1,0.0564927058709173,6.20993161865293,2.07351605247173,0.0509120980579451,0.590169329270731,-3.98950841225542
CROCCP2,-0.10746917229084,7.8859846562144,-2.07171967047707,0.0510952471328284,0.590169329270731,-3.99242958796117
CNKSR1,0.0572970852876073,5.64477523690969,2.07159436729138,0.051108044420081,0.590169329270731,-3.99263329031594
DGCR2,0.0632987385118526,7.46159601885384,2.07110718422721,0.0511578280970493,0.590169329270731,-3.99342521929221
DMXL2,-0.0885133900492376,6.13451121730854,-2.07023225961096,0.0512473433024833,0.590169329270731,-3.99484714184479
TMEM121,0.0806859298375316,5.42921158283017,2.06925602986685,0.0513473894066954,0.590169329270731,-3.99643326404097
SLC22A5,-0.0820268578600452,5.87431280213575,-2.06925450678809,0.0513475456321164,0.590169329270731,-3.99643573828866
PPP1R1A,-0.120130484311604,8.66893357387134,-2.06917927708144,0.0513552626345524,0.590169329270731,-3.99655794784682
SH3BGR,-0.0380576274676892,5.30266542565124,-2.06824769224178,0.051450910268578,0.590169329270731,-3.9980710647701
ERAP1,-0.12390871320109,6.18592670853847,-2.06645451007518,0.0516354705678232,0.590169329270731,-4.00098242831879
EFHD1,-0.144610379628096,7.57211742344757,-2.06643510339152,0.0516374712183191,0.590169329270731,-4.00101392790147
FAM184A,-0.102037747870362,5.9967493715898,-2.06637362641904,0.0516438093882513,0.590169329270731,-4.00111371184237
SLC16A3,0.0593687387134127,7.77113573478038,2.06512007694311,0.0517732007127117,0.590169329270731,-4.00314795828249
SH3PXD2A,-0.0545527590597246,6.35429479789323,-2.0649691074538,0.0517888034115555,0.590169329270731,-4.00339289803093
WDFY3,-0.0708457554664431,6.57348075906327,-2.06403242050444,0.0518857044680732,0.590169329270731,-4.00491237195901
UPF3B,-0.0616983343202931,5.21579367384074,-2.06311531829167,0.0519807372313203,0.590169329270731,-4.00639965944168
PPFIBP1,-0.0559761862692603,7.13912933381528,-2.06261016179338,0.0520331497454549,0.590169329270731,-4.00721870820343
ENTPD4,-0.0657395456956337,6.31494044503227,-2.06195423335947,0.0521012764290948,0.590169329270731,-4.00828202824329
DAPK3,0.114488057507601,6.35375052926472,2.06157450660834,0.052140752583058,0.590169329270731,-4.00889750359743
TYRO3,-0.0471809176949694,7.64409345566364,-2.06136273979386,0.0521627793926255,0.590169329270731,-4.0092407124535
NBN,-0.106097528838139,6.12276959623747,-2.06052244626351,0.0522502644504349,0.590169329270731,-4.0106023527543
PPP2R1A,0.0891626012167287,7.85394860489777,2.06023759360574,0.0522799510595739,0.590169329270731,-4.0110638590246
SLC25A10,0.118030969952968,7.19151874043338,2.06003497145847,0.0523010770339221,0.590169329270731,-4.01139211462835
PDLIM7,0.118782009619048,6.85597856005738,2.05979758654574,0.0523258372254602,0.590169329270731,-4.01177666157961
CLDN11,0.0626717867984671,6.92085229168658,2.0585989396465,0.0524510216758712,0.590169329270731,-4.01371796271571
GIGYF2,-0.0666681702804449,7.68590858128063,-2.05833022030564,0.0524791230914101,0.590169329270731,-4.01415307748849
SNAPC2,0.069388151519941,7.73819103516689,2.05818992866901,0.0524937995058692,0.590169329270731,-4.01438022590104
MTFR1,-0.0918736739186698,7.19893903418614,-2.05789927854637,0.052524217188646,0.590169329270731,-4.01485079131463
CYP26A1,-0.102517086976515,6.55557495320368,-2.05770545417335,0.0525445104670077,0.590169329270731,-4.01516457178581
TAF5,-0.0675417234003854,5.70952225235549,-2.05608019245004,0.0527149513651238,0.590169329270731,-4.01779496522822
BST2,0.167250070780784,8.29245666996988,2.05603998930949,0.0527191737427402,0.590169329270731,-4.01786001523374
CDC14B,-0.0645281617943663,7.52743319248583,-2.05537669803453,0.0527888804413716,0.590169329270731,-4.01893312741523
EFR3B,-0.0557290139510722,6.57570836921285,-2.0549213162406,0.0528367853618806,0.590169329270731,-4.01966974571594
CUL1,0.071655507289938,6.48402303975534,2.05486480178621,0.0528427332483345,0.590169329270731,-4.01976115546257
ACOT7,0.0550311990889676,6.8927963233279,2.05471460410486,0.0528585437840191,0.590169329270731,-4.02000408622457
GPX1,0.167381086909708,9.16685781420419,2.05395686503617,0.0529383718124129,0.590169329270731,-4.02122948897549
HOXD13,0.046690884730234,5.81335006463813,2.05346784467255,0.0529899476624962,0.590169329270731,-4.02202017403046
RXRB,0.0686378341033121,7.56061083264509,2.05338371316491,0.052998825362432,0.590169329270731,-4.0221561923094
MZB1,0.0509036553681867,7.24339652158291,2.05259014178913,0.0530826300427817,0.590169329270731,-4.02343901433975
SELPLG,0.0453604240278901,7.77393242892364,2.05180899020862,0.053165239221978,0.590169329270731,-4.02470145587387
SH2D3C,-0.064998780577589,5.0545624180864,-2.04950899457431,0.0534091408586014,0.590169329270731,-4.02841679394161
SEC14L4,0.115745500441313,5.7238011552961,2.04878141702385,0.0534865050360906,0.590169329270731,-4.0295915542818
EIF1AX,-0.0931226263319006,7.52051349395822,-2.04840812411368,0.0535262367021214,0.590169329270731,-4.0301941783025
GGA2,-0.0540389320893522,7.33968571392061,-2.0482634336572,0.0535416440374479,0.590169329270731,-4.03042774024905
SUOX,-0.0532067471080953,8.54900485257206,-2.04731714614862,0.0536425073635187,0.590169329270731,-4.03195499897244
SBF1,0.0691044358420898,7.03206018342592,2.0470607318178,0.0536698674900583,0.590169329270731,-4.03236876194818
PLTP,0.108102798881198,6.67026346401043,2.04683588098981,0.0536938699974273,0.590169329270731,-4.03273156566478
CARD10,0.0755120046339928,7.61831661735922,2.04674517319139,0.0537035556502975,0.590169329270731,-4.03287791838983
MMD,-0.0775432174583531,5.78368517713066,-2.04642573532762,0.0537376772538276,0.590169329270731,-4.03339328373998
HS6ST1,0.0591473285373155,6.10987415138017,2.0449687999657,0.0538935502579367,0.590169329270731,-4.03574318991822
CD74,0.105387818699149,10.3614736784219,2.04423009408151,0.0539727368372909,0.590169329270731,-4.0369342539146
TLE5,0.109687966583752,7.15791666966455,2.04407774586933,0.0539890809752119,0.590169329270731,-4.03717986124253
ATP10B,-0.0986768116098689,6.48465038806143,-2.04318784467438,0.0540846395265757,0.590169329270731,-4.0386142802123
FAN1,-0.0442972273260997,6.51989605592352,-2.04147034105141,0.0542694955510437,0.590169329270731,-4.04138158692451
TGOLN2,-0.0786491165547334,9.19535804413271,-2.04069618882341,0.0543530029840906,0.590169329270731,-4.04262845058256
GAA,0.11081450810884,7.702884019352,2.0406668289844,0.0543561722804479,0.590169329270731,-4.04267573220374
PKN1,0.101753328420705,5.82992994679978,2.04008429901109,0.0544190886790505,0.590169329270731,-4.04361376040415
FAF1,-0.0447331112978863,7.16710726596659,-2.03927135993871,0.0545069995520273,0.590169329270731,-4.04492252611264
CDCA3,-0.0518384507002811,5.1308984316814,-2.03875962369743,0.054562403701893,0.590169329270731,-4.0457462109536
CCT6A,-0.05418859539753,6.41986409073205,-2.03859713853323,0.0545800060312117,0.590169329270731,-4.04600771793398
REPS2,-0.0427644006873835,6.26416009942058,-2.03796540682443,0.0546484910744946,0.590169329270731,-4.0470243149576
PRKAR2A,-0.0717759752352614,8.59822389356679,-2.03784891343266,0.0546611283412105,0.590169329270731,-4.04721175704419
PPP3CA,-0.0742726404426089,7.87040806723256,-2.03776581320634,0.0546701446983645,0.590169329270731,-4.04734546418293
AHDC1,0.0653104959180318,6.01487787497994,2.03631816709683,0.0548274278333322,0.590169329270731,-4.04967415449079
FGFR4,0.112332813996929,7.05404974113781,2.03480084436633,0.0549927159216696,0.590169329270731,-4.05211380415114
SEMA6D,-0.0747367167945989,5.46127989098535,-2.0346607907198,0.0550079949963555,0.590169329270731,-4.05233893349454
TERF2IP,-0.0584265759421646,7.36467871665494,-2.03450592303653,0.0550248946245278,0.590169329270731,-4.05258786426148
ELOVL1,0.083933096261847,6.93061082679576,2.03236575863077,0.0552589121692994,0.590169329270731,-4.05602668766994
DGUOK,-0.0466220627420491,7.08184750081107,-2.03236406139049,0.0552590981079928,0.590169329270731,-4.05602941389216
CNBP,0.0957776780794171,9.03820279379902,2.03185571280112,0.0553148147053528,0.590169329270731,-4.05684589292017
CPQ,0.056175581621111,7.52560839041327,2.03035423530297,0.0554796749926299,0.590169329270731,-4.05925672053494
CGGBP1,-0.0598232346216645,7.20091316426303,-2.0303121509652,0.0554843021259368,0.590169329270731,-4.05932427642789
RAPGEF3,-0.0709321730364841,6.54828330402315,-2.030236826615,0.0554925848294086,0.590169329270731,-4.05944518864251
LTBP3,0.214502269485483,5.78977748397323,2.03000391666631,0.0555182027241069,0.590169329270731,-4.0598190425498
HMGCR,0.116803371646586,5.45206704233348,2.02995338077759,0.055523762591417,0.590169329270731,-4.05990015631707
MED22,0.0701761647794081,6.44192790523363,2.02976316639119,0.0555446941016942,0.590169329270731,-4.06020545272785
ARHGAP32,-0.0554238681651024,5.46154676373406,-2.02956651074272,0.0555663418414742,0.590169329270731,-4.06052106837283
MTMR2,-0.078194289475564,6.31406850944427,-2.02938408832844,0.0555864295432835,0.590169329270731,-4.0608138235478
NR2C1,-0.0561610113099893,6.00887732034496,-2.02908705408268,0.0556191517908338,0.590169329270731,-4.06129047439776
ADTRP,-0.0858948939505425,6.3278630231619,-2.02903676147466,0.0556246938918304,0.590169329270731,-4.06137117456495
HPS1,0.0625702526287537,7.58170830181433,2.02785666830489,0.0557548786470873,0.590169329270731,-4.06326440306749
SPTBN2,0.0580397818561781,6.77025995621007,2.0278108572821,0.0557599378888071,0.590169329270731,-4.06333788379555
UBXN6,0.125176703598147,6.58445232709834,2.02778963374315,0.0557622818965024,0.590169329270731,-4.0633719259243
SLC50A1,0.0557738507265997,7.3031483789354,2.02712808528005,0.0558353900088811,0.590169329270731,-4.06443292294475
GSTP1,0.0620000696793775,7.51031974597272,2.02691346532088,0.0558591261986428,0.590169329270731,-4.06477708503873
SF1,0.0885979837235865,8.15006005830441,2.02658789364533,0.0558951504753689,0.590169329270731,-4.06529912385942
TMEM223,-0.062779627623002,7.58579757842914,-2.02628273754174,0.0559289346464371,0.590169329270731,-4.06578837892865
ZNF205,0.0954757718044357,6.40866936121213,2.02615959278164,0.0559425733105006,0.590169329270731,-4.06598580298148
PDCD1,0.0688710216385063,7.14919960942308,2.02608562182339,0.0559507672533712,0.590169329270731,-4.06610438858125
ESRRA,0.0740591408604627,7.98970600106808,2.02600241791588,0.055959985235086,0.590169329270731,-4.06623777258009
ARF3,-0.057211939653068,8.11969056180369,-2.02578260428762,0.0559843444473863,0.590169329270731,-4.06659013858044
CLDN5,0.102051313682494,6.94197210652326,2.02415497211239,0.0561650099324084,0.590169329270731,-4.06919851222695
GATC,0.0449919605381827,5.28933496209416,2.02318836208614,0.0562725491897143,0.590169329270731,-4.07074692928323
PRDM8,0.070052374702305,5.3880328247542,2.02157779971655,0.0564521396531765,0.590169329270731,-4.07332585149327
UBE2NL,-0.0829355757335163,7.14405895072203,-2.01979566729377,0.0566514584410568,0.590169329270731,-4.07617797743953
HLA-DMB,0.0604935818316462,7.63628792795388,2.01947577335139,0.0566873027968708,0.590169329270731,-4.07668976631815
DNAJC16,-0.0718456632374593,7.09327556367154,-2.01886695598352,0.0567555772305682,0.590169329270731,-4.07766365256038
GAB1,-0.0402459045572685,6.07891264551521,-2.01849508903645,0.0567973155365464,0.590169329270731,-4.0782584122899
RPP25,0.0561231040981836,5.37380721570229,2.01842091354557,0.0568056442656912,0.590169329270731,-4.07837703936478
PRX,0.0688359165528854,7.58126261771293,2.01614858910474,0.0570613194968187,0.590169329270731,-4.08200976589541
NELL2,-0.0475301973955243,5.36088579745933,-2.01589178729747,0.0570902786306392,0.590169329270731,-4.08242014639579
OSGIN1,0.0756427079724405,7.83450504148806,2.01539699636583,0.0571461124371064,0.590169329270731,-4.08321074983275
AAMP,0.0909062386095335,8.04204257165292,2.01537632662177,0.0571484459386555,0.590169329270731,-4.08324377436055
UBXN8,-0.0681004600391319,6.01771984046261,-2.01484685857274,0.0572082490160907,0.590169329270731,-4.08408964398476
CNOT6,-0.0399473840277405,5.21745437013836,-2.01471843836761,0.0572227624154931,0.590169329270731,-4.08429478465114
RALY,0.0836831152188208,5.98511188673082,2.01377162169296,0.0573298683583697,0.590169329270731,-4.0858069882852
TOR4A,0.0406030934879718,5.74830756456611,2.01330973064809,0.0573821834079657,0.590169329270731,-4.08654453051137
GP1BA,-0.0372002263816737,6.45749141875295,-2.01269360393209,0.057452033966794,0.590169329270731,-4.08752818615221
PIP4K2C,-0.0548620215533092,7.0141107792471,-2.01234742950111,0.05749131321711,0.590169329270731,-4.08808077444012
EPS15L1,-0.0541562617162464,7.24312720085735,-2.01224913353462,0.0575024709001393,0.590169329270731,-4.08823767038762
IVD,0.111528660010675,7.4908549099561,2.01219827353901,0.057508244832981,0.590169329270731,-4.08831884908102
GAL3ST4,-0.0403547668274906,5.17058311983808,-2.01129822736383,0.0576105091570501,0.590169329270731,-4.08975521437939
DNAJC24,-0.103286216098917,6.59553024994567,-2.01091218937441,0.0576544209806555,0.590169329270731,-4.0903711585657
CD81,0.116655651326101,10.7732908176405,2.0108853151659,0.0576574790341262,0.590169329270731,-4.09041403498172
DLG4,0.0698163599699273,7.38392332500148,2.01081556206657,0.0576654170117027,0.590169329270731,-4.09052532074977
DARS2,-0.069154154322244,6.17852073941047,-2.01023932337394,0.0577310309198099,0.590169329270731,-4.09144457129757
FAM3A,0.0938155403987893,7.39474491498331,2.00887317794166,0.057886854568198,0.590169329270731,-4.09362325463652
SSX2IP,-0.0484747787318703,5.6561970741645,-2.00841131162718,0.0579396202507253,0.590169329270731,-4.09435960917424
LGR5,-0.0612801304712473,5.81269382585908,-2.00650156804313,0.0581582538565517,0.590169329270731,-4.09740316612945
RBMS2,-0.0593035295930886,5.56984601889794,-2.00475391888161,0.0583589750526193,0.590169329270731,-4.1001867665486
CA14,-0.0829276136815453,6.98308438627679,-2.00453356455528,0.058384327031665,0.590169329270731,-4.10053762950151
MRPS33,-0.0842561013565527,7.68784043128603,-2.00410819527997,0.0584332939654409,0.590169329270731,-4.10121486101955
SLC25A14,-0.0460419238446595,6.55819679169419,-2.00272020626063,0.05859332897425,0.590169329270731,-4.10342404017611
GPT,0.105837757405002,7.25207054632995,2.00257490458069,0.058610104825117,0.590169329270731,-4.10365525134649
FZR1,0.0748114400414325,7.50865671318784,2.00218835672467,0.0586547546841512,0.590169329270731,-4.10427029282055
RUSC1,-0.0812449379293269,7.86042855817585,-2.00176461798219,0.0587037352819169,0.590169329270731,-4.10494442157747
GALNT2,0.116947062903641,7.48033225606795,2.0007240624264,0.0588241694362341,0.590169329270731,-4.10659945921311
TBC1D10B,-0.0556030697764345,7.65040768004805,-2.00070825161565,0.0588260010811038,0.590169329270731,-4.10662460255856
FGA,0.0532281344784448,12.7121241371124,1.99982045379025,0.0589289319717488,0.590169329270731,-4.10803622949653
DAZAP2,-0.0804006521610564,9.80154717240996,-1.99916923769596,0.0590045357263206,0.590169329270731,-4.10907142773134
TEAD3,0.041449025280815,5.92851728150528,1.99891552883112,0.059034013773452,0.590169329270731,-4.10947467442538
TTPA,0.120580140309185,6.13674977206769,1.99850235560165,0.0590820478388364,0.590169329270731,-4.11013130444849
TMEM59L,0.057992917882472,7.346289627569,1.9979649702516,0.0591445744851211,0.590169329270731,-4.11098520622751
KLF1,-0.0419813086077359,5.43990216793604,-1.99722698691493,0.0592305375061034,0.590169329270731,-4.11215761598829
DLG1,-0.0942513840116701,7.18992416506472,-1.99662065180485,0.0593012489592324,0.590169329270731,-4.11312067184956
FLNC,0.0639853100698031,6.96483979997783,1.99601517841297,0.0593719349720846,0.590169329270731,-4.1140821710762
IRF3,0.109704275563462,6.61368357603377,1.99439653201129,0.0595612726577612,0.590169329270731,-4.11665167880862
CPT2,0.134187063020998,8.01256782862556,1.99363025573405,0.05965109363452,0.590169329270731,-4.11786762944703
TOR1AIP2,-0.054726646371795,6.11941499662725,-1.99358746363383,0.0596561131721739,0.590169329270731,-4.11793552437627
LCK,0.0466204175685584,5.83005754398529,1.99321035120291,0.0597003649448791,0.590169329270731,-4.11853381897653
THEM6,0.0693880944542658,7.47647257564008,1.9908936254642,0.0599728602150609,0.590169329270731,-4.12220773669012
FLNB,0.0667549047106088,7.94884872148421,1.99087381139643,0.0599751955318413,0.590169329270731,-4.12223914640357
STARD7,-0.0735453466949095,8.87644912315475,-1.99065313323988,0.0600012104754822,0.590169329270731,-4.12258895681903
HLCS,0.0594590505168919,6.47139321505053,1.98969256404575,0.0601145655693468,0.590169329270731,-4.1241113218515
TGM2,0.0705603407445248,8.14912297529564,1.98966661946094,0.0601176298872541,0.590169329270731,-4.12415243372986
MMS19,0.0512713520013611,6.9722243639553,1.98885862479169,0.0602131318637631,0.590169329270731,-4.12543261145095
TMEM204,0.0989566091661074,7.45354297488058,1.98839585071223,0.0602678908549513,0.590169329270731,-4.12616567413998
APPBP2,-0.0668900192791729,5.56608691315985,-1.98771691386216,0.0603483081156472,0.590169329270731,-4.12724095236185
DIAPH2,-0.103047798091176,6.91534726847809,-1.98685686605823,0.060450314338499,0.590169329270731,-4.12860272723028
SNRNP27,-0.0861906135879181,6.57272483326002,-1.98630934619056,0.0605153330097504,0.590169329270731,-4.12946945573365
TAX1BP1,-0.0770272013230926,8.50009682994456,-1.98620877148364,0.0605272831463327,0.590169329270731,-4.129628649524
SLC2A4,0.0354060633120789,6.47168024338267,1.98620294491646,0.0605279755147015,0.590169329270731,-4.12963787189474
TRIM14,-0.0574585170040063,6.9410171643679,-1.98500851399675,0.060670058110121,0.590169329270731,-4.13152806378495
GDI2,-0.0619512719370232,9.74528173856772,-1.98383364617255,0.0608101030357031,0.590169329270731,-4.13338657857838
TFCP2,0.0441918955277714,6.17679610258485,1.98307917489974,0.0609001880281845,0.590169329270731,-4.13457969521791
CRYBB2,0.0560676997262314,6.12279412495402,1.98239803516793,0.0609816190768153,0.590169329270731,-4.13565659308716
LRCH3,-0.0832847403230071,5.80393533793875,-1.98197815605288,0.0610318643551829,0.590169329270731,-4.13632031229499
KLHL25,0.0594413321743345,6.85243139263797,1.98175836256889,0.0610581808552722,0.590169329270731,-4.13666771202722
PLVAP,0.0480448748538492,7.57598796864736,1.98146139380389,0.061093753802487,0.590169329270731,-4.13713705326449
PLPPR1,-0.115432012542606,5.59362497838435,-1.98132735674998,0.0611098157130212,0.590169329270731,-4.13734887580736
ACTR1B,0.0747859036803868,8.16203046318132,1.98081689823754,0.0611710193020962,0.590169329270731,-4.13815548269855
LDB1,0.0401532198095422,6.97941652142996,1.98020060227725,0.0612449853570556,0.590169329270731,-4.13912915014168
VPS37B,0.0959301293650727,5.68059763461651,1.9798833715058,0.0612830894724493,0.590169329270731,-4.13963025682864
IL22RA1,0.0472114723286549,5.61848516512156,1.97957003393132,0.0613207466502265,0.590169329270731,-4.14012516254989
TUBB4A,-0.087737868735754,5.23508646565874,-1.97931655906046,0.0613512245303991,0.590169329270731,-4.14052548001819
EXOG,-0.0590737459329804,5.71861391942097,-1.97908064100387,0.0613796034764689,0.590169329270731,-4.14089803978347
TBX19,-0.050747371730008,5.79805185260297,-1.97895266629456,0.061395002633702,0.590169329270731,-4.1411001242788
PLK1,-0.0550436103116386,5.46050514022457,-1.97828900738135,0.0614749156148073,0.590169329270731,-4.14214797002123
NAE1,0.0707128513768544,6.87909725208628,1.97708421336937,0.0616202244990212,0.590169329270731,-4.14404962606869
MCM4,0.0498544479166243,6.14170449623481,1.9766136202818,0.0616770650842486,0.590169329270731,-4.14479220929223
DNAJA2,0.0553438496907074,5.02106054289381,1.97661160186924,0.0616773089785491,0.590169329270731,-4.14479539404541
SIM2,-0.057628905820695,5.75490934793702,-1.97627606988465,0.0617178648073369,0.590169329270731,-4.14532478394905
RANGAP1,0.0719233598534434,7.21716057930496,1.97596405286254,0.0617555996446987,0.590169329270731,-4.14581702037905
KDM4C,0.0604390269069732,5.7503988987165,1.97548956528048,0.0618130227129811,0.590169329270731,-4.14656547263853
TSC22D4,0.074777305902617,7.4453571611289,1.97436554042863,0.0619492429734034,0.590169329270731,-4.14833803225626
NRF1,0.0645536669850037,5.35481793603313,1.97394123244385,0.0620007340565795,0.590169329270731,-4.14900698484503
WASF3,-0.108321027964017,5.42934251668758,-1.97329805382123,0.0620788582814945,0.590169329270731,-4.15002082453887
RNF126,0.0858143271161743,6.81852727428637,1.97289366011511,0.0621280230714728,0.590169329270731,-4.15065815844243
LMO2,0.0831280958798163,6.02373286919867,1.97245197284265,0.0621817614079274,0.590169329270731,-4.15135417067284
DDX21,-0.0899177245620584,7.23290085948307,-1.97222336279356,0.0622095916994394,0.590169329270731,-4.1517143752595
PGM5,0.0549874521193754,5.54218992295899,1.97214670651113,0.0622189260789097,0.590169329270731,-4.15183515101992
ETF1,-0.057520474882541,6.96090356194489,-1.97136861684831,0.0623137439221358,0.590169329270731,-4.1530608966317
CLEC10A,0.0764251471319289,6.03383216282289,1.97111485349252,0.06234469521649,0.590169329270731,-4.15346058871752
MVK,0.0668430758955053,8.59360961470099,1.97101152656807,0.0623573018226459,0.590169329270731,-4.15362332504225
APOA4,0.115765513439444,8.04169358177827,1.97100726798108,0.0623578214485703,0.590169329270731,-4.15363003204985
ARMH3,-0.0445169525800095,7.28699914810738,-1.97100037426406,0.062358662616967,0.590169329270731,-4.15364088920206
ADGRE5,0.08929679615856,6.72549998881958,1.97090096759641,0.0623707932965299,0.590169329270731,-4.15379744543256
ATP1B2,-0.0503757800482189,6.5905574035476,-1.9698164825365,0.0625032701500035,0.590169329270731,-4.15550507381117
XYLB,0.0642075027087783,5.80629880937587,1.96972917176808,0.0625139465859801,0.590169329270731,-4.15564252654433
MBNL3,-0.056762621220115,5.44412305400409,-1.9697217748028,0.0625148511676818,0.590169329270731,-4.15565417135256
ATF4,0.085146735131014,9.28708635185754,1.9688320186137,0.0626237451030231,0.590169329270731,-4.15705467825875
DNAJB2,0.0638277249976272,6.93392774183295,1.96815272405962,0.0627069947772975,0.590169329270731,-4.15812363335815
BBS9,-0.0380913563515623,6.67599207535238,-1.96721407334524,0.06282219105972,0.590169329270731,-4.15960032163702
FZD5,-0.0908699497002384,6.42912730910618,-1.96706770729632,0.062840170814044,0.590169329270731,-4.15983054371884
SDK2,0.0766060521428687,6.9749890505809,1.96693180280413,0.0628568695502402,0.590169329270731,-4.16004430059385
TNRC6B,0.0783962680613247,7.14390130571377,1.96651114450666,0.0629085812736888,0.590169329270731,-4.16070587029984
LINC01140,-0.0538089143939976,5.15580497846996,-1.96585773330233,0.0629889803152691,0.590169329270731,-4.1617333074263
EPM2A,-0.0408324569785908,6.65300556128431,-1.96473207429605,0.0631277010578434,0.590169329270731,-4.16350279335415
GET3,0.0868334936435928,6.76261716427438,1.96407393622301,0.0632089323440122,0.590169329270731,-4.16453705023074
MAN2A1,-0.128841035429777,7.80240684294626,-1.96330478061486,0.0633039836121544,0.590169329270731,-4.1657454828011
ICAM2,0.12239153422225,6.99636956218434,1.96248826117452,0.063405026812932,0.590169329270731,-4.16702799060276
PTPRS,0.0660051993860698,5.16723292308412,1.96232069734855,0.0634257803028484,0.590169329270731,-4.16729114008121
TRMT2A,0.0844265341160204,7.07572658160277,1.9618980628974,0.0634781521445893,0.590169329270731,-4.16795479817721
PRRC2A,0.0823750898731229,7.43383905734374,1.96178912974206,0.0634916570958436,0.590169329270731,-4.1681258395119
CLCN7,0.0456382425251849,8.17894592549592,1.95989190332678,0.0637272742322449,0.590169329270731,-4.17110377112965
CDC50B,-0.0934741329950709,6.06503054731945,-1.95975141029821,0.0637447529089176,0.590169329270731,-4.17132421726645
SLC35C1,0.0938392096894743,7.06396647019609,1.95960297177022,0.0637632247011252,0.590169329270731,-4.17155711935363
ADH1C,0.117432370551346,10.0295688041238,1.95734086865622,0.0640453103694174,0.590169329270731,-4.17510495915117
DOCK9,0.05096791610058,5.78211584948702,1.95658178124566,0.0641402167038011,0.590169329270731,-4.17629489525126
CAPNS1,0.112161221285666,8.89071528486537,1.95584269500714,0.0642327421372102,0.590169329270731,-4.17745318674546
TPD52L2,0.105420562120845,7.22706644047034,1.95539366105012,0.0642890139940796,0.590169329270731,-4.17815676978056
SLC39A8,0.0564355431015128,6.09374001160624,1.95487851760616,0.0643536243541301,0.590169329270731,-4.17896380791264
ATR,-0.0853377826338392,5.407700531463,-1.95480050337699,0.0643634140774013,0.590169329270731,-4.17908601501281
PTPN9,-0.0542215033582746,7.2879624338007,-1.9546527678343,0.0643819564928616,0.590169329270731,-4.17931742981814
LOXL2,-0.0452649441711822,6.0743991506368,-1.95461844682634,0.064386264829896,0.590169329270731,-4.17937118903092
SLC16A7,-0.103455176024281,4.8886211837087,-1.95437202918701,0.0644172052909668,0.590169329270731,-4.17975715069917
GAPDH,0.0861762107207585,12.2705566638468,1.95285107964424,0.0646084691851647,0.590169329270731,-4.1821386922333
ARHGAP25,0.0425162620285079,6.63177754954927,1.95276244216859,0.0646196311125301,0.590169329270731,-4.18227744547654
MAOA,-0.122941456188489,8.8847641745574,-1.95206565431168,0.0647074356466391,0.590169329270731,-4.18336805407777
CD72,0.0644924548545622,5.00367385337667,1.95055021022534,0.0648987668206798,0.590169329270731,-4.18573913521761
COL1A1,0.0570517316296125,7.24732691283643,1.95046358404685,0.0649097188676035,0.590169329270731,-4.18587463492371
FBXO38,-0.0950902656508611,6.29611221730003,-1.95039951219889,0.0649178204501121,0.590169329270731,-4.18597485284906
POLR3B,-0.0696878766576525,6.73056491906349,-1.9483498322459,0.0651774659188177,0.590169329270731,-4.18917971435531
SLC39A9,-0.0853988078278555,5.92072047788229,-1.94744905432044,0.0652918635845218,0.590169329270731,-4.19058746080468
KLHL18,0.0402766315393293,6.65936672305646,1.94712554956326,0.0653329916579327,0.590169329270731,-4.19109293320188
MMACHC,-0.0528833093520684,7.08149705746402,-1.94665039524188,0.0653934409611356,0.590169329270731,-4.19183525593072
ANKRD55,-0.0654797387705315,5.33562691261735,-1.94645200618365,0.0654186947403568,0.590169329270731,-4.19214515928094
SRPK2,-0.0517658619137183,6.86601740293563,-1.94559184693614,0.0655282879457211,0.590169329270731,-4.19348857231137
SUB1,-0.092894748752769,8.70362796587825,-1.94552983404763,0.0655361953088117,0.590169329270731,-4.1935854100851
CYBA,0.128215645872414,7.73948437118847,1.94552114872942,0.0655373028551379,0.590169329270731,-4.19359897269801
CYP7A1,0.243085568722536,5.06184312977401,1.94531611498888,0.0655634534423955,0.590169329270731,-4.19391913281841
SH3GLB1,0.0591836739350039,7.72828226935999,1.94469571142723,0.0656426377533098,0.590169329270731,-4.19488775721758
GSR,0.0542092507529941,6.28761854610925,1.9446244233609,0.0656517419231803,0.590169329270731,-4.19499904487761
HEY1,-0.0677560786194398,6.03392942219103,-1.94392680979629,0.0657408928713831,0.590169329270731,-4.19608794597725
VAV2,0.0584030169956437,6.8465767527549,1.94362866426683,0.0657790268058868,0.590169329270731,-4.196553241016
BACE1,-0.0822132607436441,7.23235024938617,-1.94351680537627,0.0657933390286409,0.590169329270731,-4.19672779927218
MLLT11,-0.0796136610328598,5.45240692620159,-1.94246251285118,0.0659283700721413,0.590169329270731,-4.19837272005105
ENAH,-0.0649018398279858,5.16040113853815,-1.94240748996337,0.0659354239895834,0.590169329270731,-4.19845855128724
RETREG3,-0.0789060047376454,8.34856011425488,-1.94146107789186,0.0660568583138205,0.590169329270731,-4.1999346258761
ACP5,0.0729438002042029,6.97680521383336,1.94128393006564,0.0660796101623856,0.590169329270731,-4.20021086224144
DLEU1,-0.096327928927925,6.66024617020796,-1.94126092199182,0.0660825656958535,0.590169329270731,-4.20024673877652
EHD4,0.048490504979497,6.81315972024132,1.94111345302773,0.0661015118000947,0.590169329270731,-4.20047668075272
CDK14,-0.105860264312654,7.05730268354829,-1.94071730517438,0.0661524307726058,0.590169329270731,-4.20109431980612
TRABD,0.065559985341559,5.84873009644378,1.94066807151862,0.0661587614579156,0.590169329270731,-4.20117107479157
NT5E,-0.0884405446430468,6.57793590601561,-1.93982111888166,0.0662677503975983,0.590169329270731,-4.20249126753529
AGER,0.0643683409565038,5.87822161966833,1.93976973039369,0.0662743683630344,0.590169329270731,-4.20257135740393
DHRS3,0.155357002756304,8.56762963175798,1.93907893863203,0.0663633873948997,0.590169329270731,-4.20364783239904
RHOA,0.100454119102111,9.00381314049135,1.93877031534683,0.0664031923735898,0.590169329270731,-4.20412868444735
SV2A,-0.0611575464791309,6.82577540374304,-1.93806466901579,0.066494283126511,0.590169329270731,-4.20522792998742
FOXA1,0.0400892904886407,6.18575112999995,1.93694532380862,0.0666390043131463,0.590169329270731,-4.20697108635205
SPAG16,-0.047818513988816,5.39743777319294,-1.93638092181453,0.0667120819536038,0.590169329270731,-4.20784977677373
POMC,0.0530064379123799,6.00785302372708,1.93599412088612,0.0667622050787099,0.590169329270731,-4.20845187067265
PXMP2,0.0880563790772396,9.99207294201757,1.93595874002632,0.0667667915259682,0.590169329270731,-4.20850694050329
AIMP1,-0.0551354083868971,7.10115838817397,-1.93538581647145,0.0668410988249378,0.590169329270731,-4.20939859547802
GMPR2,0.0868329169674475,6.76568023721723,1.93474850715563,0.0669238427544804,0.590169329270731,-4.21039025015287
FTO,-0.10386967879623,7.42420842494308,-1.93442011867497,0.0669665138348823,0.590169329270731,-4.21090113884469
MARS1,0.0537550836792665,7.69949997918481,1.93385516724719,0.0670399803918911,0.590169329270731,-4.21177992461215
ZNF587B,-0.0635853878931057,5.80957104525591,-1.93350649360712,0.0670853576269774,0.590169329270731,-4.21232220389207
TCTN3,-0.0516603566473658,7.88939947549409,-1.93345920259558,0.0670915142845812,0.590169329270731,-4.2123957488687
HCN2,0.0642768877314408,5.89517611863588,1.93321755293467,0.0671229816372861,0.590169329270731,-4.21277153355799
YTHDF1,-0.0455432640073242,7.98380071350911,-1.93234020674934,0.0672373383767879,0.590169329270731,-4.21413561567278
SARM1,0.0435655348022133,6.3795269453458,1.93107741831737,0.067402237434961,0.590169329270731,-4.21609825522382
RWDD1,-0.0509981526568878,6.85988370730335,-1.93084826481016,0.0674321993311001,0.590169329270731,-4.21645431681618
ATP7B,-0.0462753154681677,6.9265617147423,-1.92994809779601,0.0675500104072872,0.590169329270731,-4.21785273603372
TONSL,0.0629802434977193,5.05203755057881,1.92891843848974,0.067684991973849,0.590169329270731,-4.21945179185713
MADCAM1,-0.053917183507467,6.1355495538635,-1.92753802136079,0.0678663294073809,0.590169329270731,-4.22159468306748
MRPS12,0.153350669568427,6.66859578778076,1.92707640610251,0.0679270648077531,0.590169329270731,-4.22231104419019
PIN4,-0.0716329327709988,8.38893539766753,-1.92648386303648,0.0680050969268151,0.590169329270731,-4.22323041937709
MBTPS1,0.0816077644617769,7.53905683584355,1.92581135916701,0.0680937549969011,0.590169329270731,-4.22427363190664
TRIM28,0.0902252720547946,7.63337115790039,1.92567620605155,0.068111584922892,0.590169329270731,-4.22448325710332
NAV2,-0.101847408338392,6.08968001807018,-1.92473694677173,0.0682356095821632,0.590169329270731,-4.2259397966433
HPN,0.132024393937615,9.48252529923454,1.92467643790699,0.0682436063181297,0.590169329270731,-4.2260336134664
AGXT,0.103318244941923,12.0494452469925,1.92460539528028,0.068252996231947,0.590169329270731,-4.22614376000342
PPM1B,-0.109211491784,7.41069331056151,-1.92411973271308,0.0683172182461328,0.590169329270731,-4.226896672746
CDK5,0.0611549153076621,6.66722246097322,1.92395733403957,0.0683387050755836,0.590169329270731,-4.2271484078595
RALGAPB,-0.0356170684614281,6.39602213209485,-1.92362667196957,0.0683824731319036,0.590169329270731,-4.22766092528984
ZNF358,0.0872518361904228,7.15057318044653,1.92357382363791,0.0683894706898065,0.590169329270731,-4.22774283336313
RAP1A,-0.102067688233775,6.98100836995,-1.92333841453944,0.0684206484884451,0.590169329270731,-4.22810766878541
ADAMTSL3,-0.10569794188647,5.34697362982178,-1.92328320950918,0.0684279617095734,0.590169329270731,-4.22819322086118
IL1RAPL2,-0.0543602906677307,6.60689404349703,-1.92327563541225,0.0684289651329382,0.590169329270731,-4.22820495842689
CAPRIN1,0.0888477112358467,6.60676571815374,1.92291131804467,0.0684772455748306,0.590169329270731,-4.22876950409612
MUS81,0.0462405277961283,7.60424483279704,1.9226856919613,0.0685071613020949,0.590169329270731,-4.22911909822163
DGAT1,0.16729911938689,6.99749842478718,1.92233674187545,0.068553451256328,0.590169329270731,-4.22965972168606
PDHB,-0.0754158063205238,8.59160173828811,-1.92224690648871,0.0685653728320473,0.590169329270731,-4.22979889180397
PUM1,-0.069607122004663,8.39107142896622,-1.92202537340201,0.0685947791280944,0.590169329270731,-4.23014206527701
CD9,0.116465822489031,6.70074289586917,1.92186391918848,0.0686162175677309,0.590169329270731,-4.23039215489086
GALNT14,-0.0737949713280155,6.05297263696322,-1.92145915133558,0.0686699900174547,0.590169329270731,-4.23101907130233
RNASEH2B,-0.101690926440181,7.22316689170516,-1.9212669699609,0.0686955338752089,0.590169329270731,-4.23131669667279
JADE1,-0.064027102653567,7.11133193710605,-1.92044023657297,0.0688055150920055,0.590169329270731,-4.23259680680453
DDX28,0.0407297457625034,6.02955365754209,1.92019935393987,0.0688375891799699,0.590169329270731,-4.23296971922272
ZKSCAN3,-0.0809899459322892,6.83887314238171,-1.91987512067596,0.0688807824293604,0.590169329270731,-4.23347161818099
ID3,0.0973661684154348,6.10567231157469,1.91963974518426,0.0689121533283945,0.590169329270731,-4.23383593375803
PRKACA,-0.0479499652235112,7.79166113659531,-1.9196218696415,0.068914536299739,0.590169329270731,-4.23386360041115
EMD,0.0961721068929187,7.70049025953185,1.91951271095145,0.0689290897169063,0.590169329270731,-4.23403254571129
EAF2,-0.0460958395387822,5.11093881649951,-1.91921144412704,0.0689692697301638,0.590169329270731,-4.23449878420474
CDK2AP1,-0.0684681100345115,7.80455364872656,-1.91818300722548,0.0691065882631275,0.590169329270731,-4.23609001819193
LSM14A,-0.0434517166398387,7.06383955465626,-1.91811909339834,0.0691151300935579,0.590169329270731,-4.236188889136
MKLN1,-0.0618289615997113,4.97401877412794,-1.91795752088277,0.0691367277749947,0.590169329270731,-4.23643882253756
SMC1A,-0.111312857657387,6.05477872355194,-1.91773219844298,0.0691668569604663,0.590169329270731,-4.23678734599158
PIGF,-0.0852721312973033,6.14178989624544,-1.91749365448558,0.0691987666928596,0.590169329270731,-4.23715629037998
SLC6A2,0.0627996984442765,7.13625307693279,1.91683761741635,0.0692865909350394,0.590169329270731,-4.23817079306836
TBCE,-0.0470586024975011,6.1106474855083,-1.91673809748282,0.0692999223375329,0.590169329270731,-4.23832467149204
ZNF142,-0.0393491141369446,6.44882481952389,-1.91671827795043,0.069302577574888,0.590169329270731,-4.23835531595559
CXXC4,0.0389039624451261,5.87559858489001,1.91563036914622,0.0694484632167775,0.590169329270731,-4.24003708843851
LAMTOR3,-0.0599444009955776,6.08489682978426,-1.91539409839687,0.0694801822582425,0.590169329270731,-4.24040224945231
KCNC3,-0.0479436144460232,6.20381334173916,-1.91523363373561,0.0695017317141098,0.590169329270731,-4.24065023352201
FOSL1,-0.0576078253185016,5.72031708965729,-1.91505007540798,0.0695263897393655,0.590169329270731,-4.24093388979706
NFKB2,0.0354780142373298,5.85128025705694,1.91381323506346,0.069692739966466,0.590169329270731,-4.24284472939154
ENG,0.108397207514943,8.44553205772557,1.91363564390758,0.0697166540739528,0.590169329270731,-4.24311902862795
PLSCR4,-0.167838708387137,7.39060809647299,-1.91326130653552,0.0697670853709556,0.590169329270731,-4.24369715735532
COIL,-0.0744905479947472,4.87954882478364,-1.91320171504549,0.0697751165931566,0.590169329270731,-4.24378918380283
NADSYN1,0.141248593469758,5.96110115320718,1.91281198436067,0.0698276611985263,0.590169329270731,-4.24439099309006
CRISPLD2,-0.097837609054477,6.86883245766082,-1.91262635784546,0.0698527001565246,0.590169329270731,-4.2446776025934
DENND1C,-0.0617783330644639,6.41909891283711,-1.91257621901271,0.069859464686324,0.590169329270731,-4.24475501434231
ACSL3,-0.0871434740940968,7.37256305411677,-1.91196289703807,0.0699422583651628,0.590169329270731,-4.24570184161531
SLC39A7,0.113354380980129,6.15391950184388,1.91195147392978,0.0699438012156431,0.590169329270731,-4.24571947432399
UTP25,-0.092364270970561,6.28167091127295,-1.911725549369,0.0699743216501239,0.590169329270731,-4.24606819695794
SCG5,-0.126506265184414,5.78884017051849,-1.9116900498654,0.0699791183898498,0.590169329270731,-4.2461229892021
PREB,0.0823736207228437,7.39905700669219,1.91155291765879,0.069997650596453,0.590169329270731,-4.24633464157519
STK11,0.102933767934421,7.73003353898923,1.91077341167113,0.0701030761402614,0.590169329270731,-4.24753755229149
PKD2,-0.108694019952003,5.13267512938476,-1.90968844702199,0.0702500468392909,0.590169329270731,-4.249211290695
SELP,-0.0568640421860727,6.79010476621412,-1.90938180991846,0.0702916334713418,0.590169329270731,-4.2496842139547
POU2F2,0.0455370003408619,7.68863179537194,1.90903132761986,0.0703391930243649,0.590169329270731,-4.2502246968666
AQP1,0.0837071981117598,7.0430589848404,1.90874662701384,0.0703778470354839,0.590169329270731,-4.25066368808936
SMAP1,-0.0843658737548337,6.02925057080881,-1.90821015863951,0.0704507345991199,0.590169329270731,-4.25149077077899
BHMT2,0.118038505845976,10.1784768408266,1.90764725603472,0.0705272851493801,0.590169329270731,-4.25235843995043
SIDT2,-0.0548027920023499,8.75538166395599,-1.90603101964748,0.0707474885659745,0.590169329270731,-4.25484878398741
POLA1,-0.0563619883600781,6.17830112594123,-1.90600735876099,0.0707507167250465,0.590169329270731,-4.2548852308482
DDAH1,-0.126310179987957,9.39892810776928,-1.90597958867898,0.070754505685248,0.590169329270731,-4.25492800706229
YKT6,0.0592235563739722,7.56403793305953,1.90578747450479,0.0707807227083784,0.590169329270731,-4.25522392260286
TRIM37,-0.0756371426371836,6.95951645550396,-1.90505491310295,0.070880770838373,0.590169329270731,-4.25635211106823
FOXC1,0.0405882746484866,6.86249704744669,1.90485427779991,0.0709081939235547,0.590169329270731,-4.25666105064892
CHRM3,-0.0476303689359763,5.42667204614733,-1.90477253203576,0.0709193697155351,0.590169329270731,-4.25678691705725
LAT,0.060108557269945,6.6106736969301,1.90326637419274,0.0711255603195532,0.590169329270731,-4.25910534411043
RNF216,0.0673675782668291,5.9148551824742,1.90317110837504,0.071138619786177,0.590169329270731,-4.25925194523502
TRIM29,-0.07491874984517,6.7345046203525,-1.90272770216426,0.0711994316838698,0.590169329270731,-4.2599342221249
MRPL34,0.108543852554184,7.61334154935383,1.9017835406394,0.0713290732215533,0.590169329270731,-4.26138666385634
ATP5F1A,0.0667931735929294,10.2917510966525,1.90175372949096,0.071333169931314,0.590169329270731,-4.26143251565279
MATK,0.0789008829912594,7.00328482166127,1.90148435752923,0.0713701969749987,0.590169329270731,-4.2618468081434
SOS2,-0.0718423226801078,5.75218391286268,-1.90116886859772,0.0714135846223186,0.590169329270731,-4.26233197807168
GPN3,-0.0696232418679592,5.37513173847678,-1.90074412196487,0.071472034608858,0.590169329270731,-4.26298508277911
F2RL1,-0.050235890868761,6.38321985108164,-1.90070930797765,0.0714768272772684,0.590169329270731,-4.26303860958322
WDR13,0.11979379538807,7.16103431622575,1.90011622956854,0.0715585168894654,0.590169329270731,-4.26395037137476
PPFIA1,0.0530872896518189,6.50444703116024,1.90003075670317,0.0715702965472412,0.590169329270731,-4.26408175624486
ADAMTS9,-0.0608596185081179,5.37135446444771,-1.89977576551485,0.071605448937626,0.590169329270731,-4.26447369307484
RAB3A,0.0384298902560753,6.35074674928808,1.89972291832676,0.0716127362072272,0.590169329270731,-4.26455491795956
MTF2,-0.0967955904563822,6.210577319562,-1.89829845609104,0.071809405902554,0.590169329270731,-4.26674370972122
BMP2,-0.0490343278627718,5.54080735439974,-1.89811194820181,0.07183519143495,0.590169329270731,-4.2670302110456
RPN1,0.137641156896605,7.66216415432675,1.8978424092332,0.0718724707693108,0.590169329270731,-4.2674442258242
CARD14,0.0565739386711661,6.48082712599501,1.89782488997656,0.0718748944075931,0.590169329270731,-4.26747113422146
CAT,0.0624374179133895,11.7549452673556,1.89741704447531,0.0719313366420977,0.590169329270731,-4.26809751012115
NTAN1,-0.0633641380263168,7.57754046712501,-1.89721212131563,0.0719597109205362,0.590169329270731,-4.26841220027615
RPL8,0.0965837738212583,10.498383249863,1.89672788143392,0.0720267993559444,0.590169329270731,-4.26915573200869
PFKL,0.100835809333793,8.6725967321519,1.89665560112033,0.0720368180627309,0.590169329270731,-4.26926670468043
CDK6,-0.0464808716825274,5.8620670245766,-1.89617624521433,0.0721032921607423,0.590169329270731,-4.27000259234142
MRPL35,-0.0906367398556923,6.71887122615944,-1.89570179767861,0.0721691387120544,0.590169329270731,-4.2707308213809
CAP2,-0.0846727093103695,5.46025948614038,-1.89473773929544,0.0723030991795046,0.590169329270731,-4.27221017501708
AP5S1,-0.0405825734862749,6.80861020948434,-1.89428284670972,0.0723663845428694,0.590169329270731,-4.27290803426325
LARP4B,0.0890333981139024,6.53442791134327,1.89424789800917,0.072371248674436,0.590169329270731,-4.27296164504341
ORAI2,0.0548592546368308,5.66133786711444,1.8941370277788,0.072386681404951,0.590169329270731,-4.27313171388953
TUFM,0.119942331522965,9.28935284630776,1.89341096005206,0.0724878189141151,0.590169329270731,-4.2742452958614
AGFG1,-0.0754998488798094,6.51149709703,-1.89310692163191,0.0725302067947007,0.590169329270731,-4.27471151896464
GDF2,0.0792063744295165,7.45211439827032,1.89306269633793,0.0725363743319963,0.590169329270731,-4.27477933136006
RPL13P5,-0.0442525581378783,6.0282964192279,-1.89275409734551,0.072579423528847,0.590169329270731,-4.27525248865058
FAM114A2,-0.0743100575399114,5.83811706050775,-1.89252791367469,0.0726109901465302,0.590169329270731,-4.27559925013675
SELENOT,0.115094796511693,7.5760636132778,1.89136901329586,0.0727729178535948,0.590169329270731,-4.27737551762429
CSRNP2,-0.0530465233287932,5.03306337009093,-1.89135192827381,0.0727753074355718,0.590169329270731,-4.27740169864765
KPTN,-0.0406796923847746,6.14740200314745,-1.89073392302616,0.0728617905851697,0.590169329270731,-4.27834862012286
UGT2B4,-0.0836473673447675,9.12465332565765,-1.88987222677933,0.0729825264082238,0.590169329270731,-4.27966858127598
NUP133,-0.0598883744469147,6.16194986377737,-1.8892564929899,0.07306890707108,0.590169329270731,-4.28061152370546
MAPKAP1,0.0776129740260484,6.45929046706333,1.88897658733429,0.0731082044395462,0.590169329270731,-4.28104010603156
SHC3,-0.0730674077706895,6.80738336542652,-1.88850587748306,0.0731743316428281,0.590169329270731,-4.28176074461442
UGP2,0.0605878723910786,10.4409683288393,1.88737501693345,0.0733334142643923,0.590169329270731,-4.28349155175985
LFNG,0.039011135941163,5.66003196250712,1.88680314423808,0.0734139774544775,0.590169329270731,-4.28436654847313
IFT25,-0.118360231867032,7.66001500382391,-1.88671823584912,0.073425945641922,0.590169329270731,-4.28449644767977
WDR45,0.0866373371148534,7.63258740090365,1.88623880324803,0.0734935558045581,0.590169329270731,-4.28522984527867
GFAP,-0.0463085300104397,5.2881874780374,-1.88590321332406,0.0735409136242658,0.590169329270731,-4.28574312877858
PITX3,0.0511859540179186,7.32079487414722,1.884424034617,0.0737499720744282,0.590169329270731,-4.28800478961716
ADAMTS7,0.0779777729842851,6.64566228926861,1.88267829430706,0.0739973759660776,0.590169329270731,-4.29067247506517
MAPK7,0.0346227261663431,6.25996719336835,1.88100171274989,0.0742356642947517,0.590169329270731,-4.29323289954457
YTHDC2,-0.0908894683383553,4.97024694888588,-1.88014678123231,0.0743574326228028,0.590169329270731,-4.2945379290236
PLS1,-0.0992456905382743,6.63496911488279,-1.87982345865034,0.074403529277693,0.590169329270731,-4.2950313670968
EXD2,-0.0861985648268975,6.0121124494915,-1.87977996623346,0.0744097319791456,0.590169329270731,-4.29509773855973
TOLLIP,0.0986133948555142,7.34143082960972,1.87762802850086,0.0747171992118469,0.590169329270731,-4.29838039348036
MOSPD2,-0.0841997696126554,6.11750783042617,-1.87754376825028,0.0747292608935918,0.590169329270731,-4.29850887557503
DRG2,0.0614912382984238,6.99946877036902,1.87575101496271,0.0749862948952786,0.590169329270731,-4.30124158064649
THNSL2,0.110952781115228,7.11005232698721,1.87551547521715,0.0750201227028169,0.590169329270731,-4.30160048339766
PCGF2,0.0503671054539796,7.43305354015626,1.87445291172207,0.07517289262484,0.590169329270731,-4.30321917907734
PCCB,0.0859808030150299,8.75278774867594,1.87426660278148,0.0751997072563893,0.590169329270731,-4.30350293541437
CAMK1D,0.058322483896122,5.31523582307421,1.87321240164168,0.0753515918496225,0.590169329270731,-4.30510816628396
KIDINS220,-0.0746484876442033,6.61052644562002,-1.87291227854272,0.0753948813963499,0.590169329270731,-4.30556505092229
IKBKE,-0.0506885731726573,6.85764582484268,-1.87242620349087,0.0754650387708072,0.590169329270731,-4.30630490893391
CADM4,0.0871563481628649,5.74740482433702,1.87212430384472,0.0755086420923849,0.590169329270731,-4.30676436649908
MOSPD1,-0.0771706202247309,5.21536677477951,-1.8714837681404,0.0756012277045524,0.590169329270731,-4.30773902317934
MYO1C,0.0657728612215755,8.81273589295538,1.87143807389425,0.0756078363355725,0.590169329270731,-4.30780854411126
ARMC7,0.0425552783124845,6.5380042348266,1.87115787235441,0.0756483721730413,0.590169329270731,-4.30823482789672
MAEA,0.121833115767497,6.46831366825246,1.87032611557009,0.0757688118991104,0.590169329270731,-4.3094999623438
AEBP1,0.109842447318288,6.71024797793795,1.86985071842345,0.0758377256124567,0.590169329270731,-4.31022288766203
SNUPN,-0.055174707597818,6.82133697051481,-1.86830531747841,0.0760621269834443,0.590169329270731,-4.31257207659214
MZF1,0.0422521191811746,7.04579675720612,1.86815828439835,0.0760835073321959,0.590169329270731,-4.31279551490591
ARRB2,0.0518413733415172,6.85612533872287,1.86813983414912,0.0760861905883692,0.590169329270731,-4.31282355191616
MYOF,0.0572476345775977,5.11640529548309,1.86802125307902,0.0761034380461376,0.590169329270731,-4.31300374327396
DOHH,0.091479857430892,7.05642683694166,1.86789264276371,0.0761221481157323,0.590169329270731,-4.31319916587257
EIF2B5,0.0488184758015509,6.53967820222617,1.86788303462551,0.0761235460575383,0.590169329270731,-4.31321376501198
DCAF16,-0.05969477922475,5.04047698895321,-1.86773536940124,0.0761450335263848,0.590169329270731,-4.31343812931652
PIN1,0.106062830956997,5.51321286975928,1.86766587860766,0.0761551473004585,0.590169329270731,-4.31354371026827
SLC15A3,0.0903369040061798,6.90383730071457,1.86757567196741,0.0761682778390389,0.590169329270731,-4.31368076187603
PGD,0.0837667201809956,7.08344436603601,1.86756181205404,0.0761702954729968,0.590169329270731,-4.31370181894323
SLC12A9,0.0739265993995202,7.6314197993118,1.86744635758285,0.0761871043859364,0.590169329270731,-4.31387722228335
YIPF4,-0.0629980061299154,5.76279727102064,-1.86713152338866,0.0762329573250749,0.590169329270731,-4.31435549415397
VPS13B,-0.0814535943577483,5.16550020274489,-1.86630412125069,0.076353576702962,0.590169329270731,-4.31561215727089
TRIM32,-0.0445506067387265,5.28907441187236,-1.86622729044037,0.0763647856394003,0.590169329270731,-4.31572882904466
LSM4,0.135499330165215,6.82439371353196,1.86613904259721,0.0763776619982545,0.590169329270731,-4.31586283415693
CAPG,0.076346902462952,5.74918079282608,1.86605304470153,0.0763902118935942,0.590169329270731,-4.31599341854017
RBM14,0.0452054735183425,6.82924270119117,1.86556799630925,0.0764610300828832,0.590169329270731,-4.3167298682413
PIGK,-0.085419405995583,5.61782360207671,-1.8651990924383,0.0765149293866169,0.590169329270731,-4.31728988796652
SYNJ2,0.0754857110912311,7.58772667170814,1.86502768612109,0.0765399843056557,0.590169329270731,-4.31755006799338
RPS4Y1,0.263913925126353,6.50206335513174,1.86486205346872,0.0765642020973324,0.590169329270731,-4.31780146857004
PACS2,0.0705419901988161,6.74214325768541,1.8643609777055,0.0766375071810158,0.590169329270731,-4.3185619185411
PLAUR,-0.046034905465155,7.31945907877769,-1.8643421627364,0.0766402609212289,0.590169329270731,-4.31859047007027
INSIG1,0.10635396948412,8.6502952592805,1.86432073538614,0.0766433971124664,0.590169329270731,-4.31862298562207
CADPS2,-0.0640305235520963,6.43658544882813,-1.8636146195797,0.0767468098786025,0.590169329270731,-4.31969435851295
NAAA,-0.0675200929343534,7.58689111001499,-1.86339999623634,0.0767782663048533,0.590169329270731,-4.32001994646446
FBLN2,0.0720158238867908,5.98454464682858,1.86309319174072,0.0768232529279615,0.590169329270731,-4.32048533055581
PTGER4,0.045626243009753,5.30238813802276,1.86283247994549,0.0768614991294546,0.590169329270731,-4.32088075658593
GGA3,0.0435901311638925,6.27199997781465,1.86180972522161,0.077011697373188,0.590169329270731,-4.32243162055716
NPM3,0.0456817467535623,6.39164741899735,1.8614457440598,0.0770652123408782,0.590169329270731,-4.32298340627871
MED31,-0.062386706508674,5.40596100531202,-1.8614197936689,0.0770690289851416,0.590169329270731,-4.32302274355854
MITF,-0.0516773940474388,5.45892676634804,-1.86128122640422,0.0770894115150583,0.590169329270731,-4.32323278642114
HIRA,0.0975320379790901,5.46150535466865,1.86106653068162,0.0771210014657552,0.590169329270731,-4.32355820509105
ARG2,-0.0787669760948123,5.72785197986743,-1.86074446419965,0.0771684110042419,0.590169329270731,-4.3240463196135
CTSZ,0.0537625172452804,7.67986507409473,1.86014813629578,0.0772562603072855,0.590169329270731,-4.32494994401067
TPK1,-0.0689353769344318,5.00504638549636,-1.85970765611009,0.0773212067551272,0.590169329270731,-4.32561728271083
ARHGEF28,-0.0520296572615306,6.76016691605922,-1.85889619555718,0.0774409773443443,0.590169329270731,-4.32684638268182
NRXN1,-0.0649536071510758,5.74844596759557,-1.85819635766371,0.0775444028856861,0.590169329270731,-4.32790611526841
C9orf78,-0.0540480106754647,6.65008052989145,-1.85801980730622,0.077570513458358,0.590169329270731,-4.32817341421854
NQO2,-0.142012324780289,8.55506080076759,-1.85777832878556,0.0776062389087396,0.590169329270731,-4.328538986846
CX3CL1,0.0546564499786978,7.07901145911738,1.85765220238895,0.0776249043528689,0.590169329270731,-4.32872991575798
SMAD3,0.0412575925196314,6.80356742162441,1.85745845626837,0.0776535844882247,0.590169329270731,-4.32902318943931
SURF2,0.046979596048176,6.30309154644369,1.85724222498441,0.0776856040342602,0.590169329270731,-4.32935047416849
LGALS9,0.0541640088634498,6.99148191169136,1.85687273092026,0.0777403454715217,0.590169329270731,-4.32990967488857
RPS9,0.122273862378699,9.97531015113569,1.85478937914934,0.0780496308450785,0.590169329270731,-4.33306123832209
NMT1,0.0986228433704816,6.65563116470149,1.85465995253096,0.0780688804064584,0.590169329270731,-4.33325694666336
KIFAP3,-0.0511867515338666,6.17432707892504,-1.85415169568825,0.0781445133739275,0.590169329270731,-4.33402540037168
CHD2,-0.0520948045637105,5.39884786764104,-1.85379512526799,0.0781976123313369,0.590169329270731,-4.33456442704086
AP2M1,0.149311416020958,7.53578519921659,1.85348180704123,0.0782442963873088,0.590169329270731,-4.33503801070977
CDC27,-0.0703018217070092,6.22465003709758,-1.853014417569,0.0783139821611671,0.590169329270731,-4.33574437244503
ATP11B,-0.0413394964704477,5.3390011036108,-1.85278941769687,0.0783475480207645,0.590169329270731,-4.33608436920555
RNF14,0.0580601731240371,5.41464603397648,1.85267482164282,0.0783646484857834,0.590169329270731,-4.33625752412314
CYC1,0.0936385533117051,8.543087179855,1.85199618680042,0.078465983872844,0.590169329270731,-4.33728279220153
TINF2,0.0304895575988988,6.54148338404001,1.85145275262957,0.0785472133260031,0.590169329270731,-4.33810361566079
GUCY1A2,-0.0448374841784063,5.50623743514036,-1.8511802743319,0.0785879694881337,0.590169329270731,-4.33851511482936
POLD4,0.0904365572636494,8.62824937470745,1.85080411471788,0.0786442642323127,0.590169329270731,-4.33908312603495
GNAS,0.0873637182957663,10.4597194116994,1.84971952573761,0.0788067773762167,0.590169329270731,-4.34072044036806
FRY,-0.0721204064002286,5.60835878689781,-1.84953488515599,0.0788344728442671,0.590169329270731,-4.34099911123444
SLC23A2,0.114578530336404,7.73231248582648,1.84953113095516,0.0788350360499977,0.590169329270731,-4.34100477710559
DHPS,0.0716061373776064,7.56290670848745,1.84952375128312,0.0788361431596693,0.590169329270731,-4.34101591454502
SNX17,0.0841251297137103,7.60963262876319,1.84942021602913,0.0788516771088034,0.590169329270731,-4.34117216726574
PWWP3A,0.0691661495921332,5.65899931252797,1.84929048374522,0.0788711453133092,0.590169329270731,-4.34136794737023
BMP5,-0.0544939753648684,6.13184301474375,-1.84866146442803,0.0789655983049961,0.590169329270731,-4.34231707183689
ID1,0.213671130369615,7.19164593178924,1.84810923003023,0.0790486027789186,0.590169329270731,-4.34315015269347
MRNIP,-0.0369883415519222,6.9988032172175,-1.84810186823156,0.079049709820402,0.590169329270731,-4.34316125727977
SMO,0.0486703588730379,7.44849323908741,1.84779757331318,0.0790954804737214,0.590169329270731,-4.34362023112587
MTMR9,-0.08213005277861,5.97222631904593,-1.84778027097194,0.0790980837083292,0.590169329270731,-4.34364632701482
NUP54,-0.0630929414935379,5.74796028501485,-1.84751281064051,0.0791383341407131,0.590169329270731,-4.34404969698282
ASPSCR1,0.0984718669237151,6.52611990768352,1.8473629135713,0.0791609001555568,0.590169329270731,-4.34427574648242
C10orf95,-0.0566889731303163,5.54582494120156,-1.84682587431732,0.0792417940136525,0.590169329270731,-4.34508551489911
CEP350,-0.0735523970126249,6.30440338541986,-1.84650561841408,0.0792900682972316,0.590169329270731,-4.34556833187096
EPHB4,0.0780909122864951,8.12031424053573,1.846197836707,0.079336486462009,0.590169329270731,-4.34603228842529
ABRAXAS2,-0.0471548449426326,7.17020640910149,-1.84586240112351,0.0793871022739109,0.590169329270731,-4.34653787033042
AHSA1,0.0861641791133641,7.94399195453018,1.84582576318836,0.0793926324912622,0.590169329270731,-4.34659308865491
PTBP1,0.110644004437113,8.73834353753705,1.84556495736423,0.0794320088656552,0.590169329270731,-4.34698613649021
PFKFB3,-0.118581383016933,5.01484274197978,-1.84510841311743,0.0795009788130559,0.590169329270731,-4.34767408008696
RPS11,0.0932737734044762,10.7994285049199,1.84496822908914,0.0795221668449112,0.590169329270731,-4.34788529281953
FLAD1,0.0737732742433768,6.61886367371121,1.84456570505562,0.0795830335062085,0.590169329270731,-4.34849170699532
OPN3,-0.111496769212261,6.8291831685902,-1.84444050048734,0.0796019742920221,0.590169329270731,-4.3486803127236
PRORP,-0.0620385913346996,7.32144271483456,-1.84393815619226,0.0796780078658464,0.590169329270731,-4.34943694565041
VDAC3,-0.0760574467682048,8.69961792839282,-1.84386542069862,0.0796890221806523,0.590169329270731,-4.34954648835487
PRDM5,-0.0483675389817711,5.69172728956949,-1.84318146934961,0.079792657761545,0.590169329270731,-4.35057640200931
SMARCB1,0.0601060284781688,6.85578024745783,1.84212976525677,0.0799522465239404,0.590169329270731,-4.35215957402927
PHLDA1,-0.080931141594729,6.86988409472971,-1.84089017763198,0.0801407028873634,0.590169329270731,-4.35402477387762
SULF1,-0.0759638948045539,5.33971383515967,-1.84064545500613,0.0801779542158688,0.590169329270731,-4.35439290404483
RBMX2,-0.0651635770742095,5.84854806709769,-1.84007751514349,0.0802644634310389,0.590169329270731,-4.35524711163608
KDSR,-0.0763073320288322,6.26986210894745,-1.83985682445682,0.0802981012395198,0.590169329270731,-4.35557899142569
NME4,0.0939311863421738,8.61014678472504,1.83954200217142,0.0803461079293246,0.590169329270731,-4.35605238091119
TRPM4,0.0753249519050737,6.12559579540227,1.83938871353258,0.0803694917033093,0.590169329270731,-4.35628285650076
MID2,-0.0739385972368798,7.49364410974716,-1.83908242514345,0.0804162329654369,0.590169329270731,-4.35674333357625
SYMPK,0.0765336477004049,7.12551379507678,1.8388714506828,0.0804484425981554,0.590169329270731,-4.35706048390384
PERP,0.147206517112619,6.61629776481114,1.83871664773068,0.0804720836411712,0.590169329270731,-4.35729317762723
MFAP2,0.0464833210174003,6.25388395785493,1.83865070133024,0.0804821566183704,0.590169329270731,-4.35739230155656
GGNBP2,-0.0833445289360678,6.92532826681679,-1.83768369656037,0.0806299880279314,0.590169329270731,-4.35884552266232
PTAFR,0.0856165839564804,7.35382644054641,1.83745819165511,0.0806644962540322,0.590169329270731,-4.35918433691295
OSGEP,0.0620920105661143,6.21714141657957,1.83669982802576,0.0807806404931526,0.590169329270731,-4.36032354421833
GNB5,0.0472448706903102,6.69864681681554,1.83631252220721,0.0808400130495899,0.590169329270731,-4.36090522619606
CNOT4,-0.0426055558797957,6.10313537837415,-1.83630778556598,0.0808407393947176,0.590169329270731,-4.36091233947779
PTGIR,0.0413977745642162,7.47171529853674,1.83629059283594,0.0808433758794282,0.590169329270731,-4.36093815866513
ATP6V1D,-0.0902018824845619,6.68864615508095,-1.83626701135331,0.0808469921936943,0.590169329270731,-4.36097357189151
NFYA,-0.0410121881070071,5.84108600292185,-1.83620848653463,0.080855967817138,0.590169329270731,-4.36106145952056
USP5,0.0636877999198863,7.25488270164688,1.8355537034775,0.0809564474801422,0.590169329270731,-4.36204462525889
PLD3,0.107473423513559,7.83077018118096,1.83542510104097,0.0809761949389706,0.590169329270731,-4.3622376950719
THAP4,0.070059907620501,6.90703276022904,1.83533691529263,0.0809897386681631,0.590169329270731,-4.36237008222223
SLIRP,-0.0759507452606008,8.23499382307115,-1.83524976997462,0.0810031245462534,0.590169329270731,-4.36250090312195
MRPL33,-0.0807152472191379,8.0535132329502,-1.83492215688721,0.0810534645166466,0.590169329270731,-4.3629926712155
ENDOD1,-0.075939745448101,5.86125070426275,-1.83475181452226,0.0810796495504392,0.590169329270731,-4.36324834193216
ATP1B3,0.0565442921345874,6.83887610034343,1.83244662250821,0.0814347295248023,0.590169329270731,-4.36670664042812
IFRD2,0.0671559241312071,7.88368528778418,1.83172144336172,0.0815467122774541,0.590169329270731,-4.36779394686204
M6PR,0.0462106772534986,7.45294075373055,1.83083031725754,0.0816845044294202,0.590169329270731,-4.36912965938539
TSPAN7,-0.0766788506685765,6.79935826762391,-1.83030624831122,0.0817656343304411,0.590169329270731,-4.36991497798464
ALDH18A1,0.102066621830513,6.36102456720079,1.82973753116244,0.0818537555332258,0.590169329270731,-4.37076702559342
SORL1,0.0929632531291435,10.3531805389085,1.8297354702646,0.0818540750142245,0.590169329270731,-4.37077011288052
HMGN3,-0.0847460063723864,9.09020074848709,-1.82936326872343,0.0819117916242244,0.590169329270731,-4.37132764245017
RPS6KC1,-0.0442199841808327,5.20339463870474,-1.8293406878361,0.0819152943412957,0.590169329270731,-4.37136146436818
TEDC2,0.0476999516946283,6.68410197476059,1.82897680386192,0.0819717575314841,0.590169329270731,-4.3719064541073
CRHBP,0.107079389640306,7.63199997847403,1.82868793147824,0.0820166054493063,0.590169329270731,-4.37233904526972
C2orf42,-0.0495278299044763,6.52150160142933,-1.82760843882961,0.0821843876777705,0.590169329270731,-4.37395518352887
ZBTB16,-0.120264090212374,7.0528186987729,-1.82739854093439,0.0822170461512378,0.590169329270731,-4.374269350526
KCNA1,-0.0406848191002936,5.94729403398977,-1.82682068069647,0.0823070150822879,0.590169329270731,-4.3751341397731
SMC5,-0.0631049537425107,5.31458875311574,-1.82617279097951,0.0824079890565711,0.590169329270731,-4.376103504818
ARHGEF16,0.0433266022150236,7.07092373771207,1.82554812612613,0.0825054455274792,0.590169329270731,-4.37703789488085
CFD,0.0694648368570076,6.74340631478397,1.82554634397841,0.082505723710975,0.590169329270731,-4.37704056034636
URM1,0.0542125848604188,7.22417516410749,1.82547626597497,0.0825166631507339,0.590169329270731,-4.37714537093148
SLC1A4,-0.0437499832866509,6.86937478764603,-1.82517915522935,0.0825630572816063,0.590169329270731,-4.37758970685667
ABHD11,0.0458008582177897,7.08425091967546,1.82499700585364,0.0825915113096585,0.590169329270731,-4.37786209056378
GAL3ST1,0.0587858847274113,5.65161611105775,1.82471855043802,0.0826350260542136,0.590169329270731,-4.37827845249282
ZMPSTE24,-0.0909585902228424,7.2106866318883,-1.82465816521969,0.0826444651970579,0.590169329270731,-4.3783687379817
ATP10A,-0.0523816120010139,6.61634492496307,-1.82456167550947,0.0826595499779654,0.590169329270731,-4.37851300110695
SLC22A1,0.10777550085636,10.5649070756371,1.82409793434226,0.082732082695081,0.590169329270731,-4.37920627305218
RWDD2B,-0.0722016444162538,7.61129639548406,-1.82334196026844,0.0828504416670583,0.590169329270731,-4.38033615716523
HECTD3,-0.046633247239876,7.68355389734259,-1.82325390626258,0.0828642374072488,0.590169329270731,-4.38046774211351
GINS3,-0.0540255501998917,5.97150669298507,-1.82286804329835,0.0829247155338675,0.590169329270731,-4.38104431063355
USH1C,-0.0624112094559873,6.60963057130448,-1.82279970121775,0.082935431114434,0.590169329270731,-4.38114642065965
LIMCH1,-0.11232487368101,5.73868016545549,-1.82241898623179,0.0829951467301707,0.590169329270731,-4.38171519885746
TM2D1,-0.0788859928943077,6.1416231436155,-1.82212179521155,0.0830417875076662,0.590169329270731,-4.38215913698497
RO60,-0.0608020086731191,7.42131641280523,-1.82190992226665,0.0830750524997029,0.590169329270731,-4.3824755978764
DET1,-0.0587855188186527,5.61793271250775,-1.82178650052164,0.0830944356047867,0.590169329270731,-4.38265993313533
WDR44,-0.065666116721057,5.0868818663385,-1.82175787211603,0.0830989321931281,0.590169329270731,-4.3827026895498
PSPN,0.04211742574604,6.09054487804655,1.8213585024806,0.0831616822113669,0.590169329270731,-4.38329909780411
DHX9,0.0614150152264431,6.72356504316862,1.82128416408252,0.08317336700793,0.590169329270731,-4.38341010279074
PDAP1,0.0807203290099862,6.62259194330971,1.82127826855148,0.0831742937514007,0.590169329270731,-4.38341890609194
SEMA3F,0.0663041467071824,7.30658273834577,1.82055150244575,0.0832886060263899,0.590169329270731,-4.38450397287619
RNPEP,0.0812758340885156,7.45678318999835,1.82037959501403,0.0833156651442128,0.590169329270731,-4.38476058774829
HAL,-0.121759314631464,8.24163583038489,-1.8202281446577,0.0833395105487723,0.590169329270731,-4.3849866513312
POLR1D,-0.103151784365774,7.3896118581068,-1.82017789892484,0.0833474229001629,0.590169329270731,-4.38506164813132
PYCARD,0.0690321951884493,6.44501904464602,1.81991177302119,0.0833893414685273,0.590169329270731,-4.38545884371243
SPTBN4,0.0450772228208391,7.97372790461976,1.81924056373668,0.0834951478210898,0.590169329270731,-4.38646045059367
CABIN1,0.0629891049116074,7.3957317238944,1.81913182576628,0.08351229976175,0.590169329270731,-4.38662268976184
PSMD12,-0.0661209799668776,6.57483521757498,-1.81897369411668,0.0835372483542344,0.590169329270731,-4.38685861320191
ADISSP,0.0544515331900773,5.58942383041924,1.81843379990009,0.0836224768701651,0.590169329270731,-4.38766399700482
ZNF473,0.0392124921867189,7.33242249617885,1.81827874763911,0.0836469676269348,0.590169329270731,-4.38789526443983
ZNF330,-0.0591848825515149,7.61762681212424,-1.81782362817735,0.083718890513973,0.590169329270731,-4.38857401623141
TMEM63A,0.104929596528571,7.60569006991615,1.81724232674448,0.0838108322386255,0.590169329270731,-4.38944077981605
SH3BP5,-0.0792954069725754,6.99933720884805,-1.8157883645377,0.0840411831323223,0.590169329270731,-4.39160789873043
TMX1,-0.0970440802851542,6.40833548656401,-1.81546447442458,0.0840925718607997,0.590169329270731,-4.39209048949894
BARX1,0.0619100291458794,5.8286383807191,1.81507551627746,0.0841543204428227,0.590169329270731,-4.39266995113388
NUP160,-0.0368193642599036,5.21688373960516,-1.81496924301551,0.0841711985800855,0.590169329270731,-4.39282825972201
ACSM3,0.0957826362504664,7.74005784610076,1.8148276874578,0.0841936847606882,0.590169329270731,-4.39303911607612
ERI3,0.0811220207862763,6.32282624171077,1.8138726995889,0.084345521596309,0.590169329270731,-4.39446133356186
OR10H3,-0.06008921985936,6.6481702145974,-1.81262523445576,0.0845442188116529,0.590169329270731,-4.3963183358242
TRPM8,0.0407078052774869,5.74964044166994,1.81253003594519,0.084559398794044,0.590169329270731,-4.396460013631
RAB5C,0.0697885056578311,7.73813825386273,1.81246192928441,0.0845702602690545,0.590169329270731,-4.39656136919373
HERC5,-0.0995245041586063,5.54717696867293,-1.81212310210482,0.08462431357335,0.590169329270731,-4.39706556841807
H2BC21,-0.0615912460912919,6.36482480191997,-1.81195760186103,0.0846507268366223,0.590169329270731,-4.39731182074273
PLEKHA4,0.0645807327726859,6.55625103904716,1.81096378245212,0.084809487644642,0.590169329270731,-4.39879022107835
DMPK,0.0458843683984886,6.53037009766812,1.80979748016478,0.0849961320883565,0.590169329270731,-4.40052448264834
TPGS2,-0.0698138340420578,5.94311180089409,-1.80889299500463,0.0851411232019434,0.590169329270731,-4.40186889077681
NAA40,0.0554561883933052,5.51887862783058,1.80794377918062,0.0852935156743883,0.590169329270731,-4.40327927984412
VAV3,-0.0578330211454123,5.50261176363552,-1.80787542574473,0.0853044986568942,0.590169329270731,-4.4033808225604
RTF1,0.0437809628683685,5.88321317850588,1.80719489152131,0.0854139134083684,0.590169329270731,-4.4043916462565
DCAF10,0.0478578747217352,5.8579235892569,1.80706102473859,0.0854354505412173,0.590169329270731,-4.40459045237915
SEPTIN6,-0.0560876976150528,6.76280969757365,-1.80698468431949,0.0854477346663292,0.590169329270731,-4.40470382123924
EPN1,0.0724229491122614,7.54461249769801,1.80674963687268,0.085485566359467,0.590169329270731,-4.40505285591138
CA5B,-0.0506436496188276,6.14883495743433,-1.80615139775388,0.0855819206048775,0.590169329270731,-4.40594107006364
U2SURP,-0.0772304823691333,5.39021873446922,-1.80602965173748,0.0856015409358878,0.590169329270731,-4.40612180287591
NOL9,-0.0542380094335011,7.35601714458683,-1.80564861557257,0.0856629731541085,0.590169329270731,-4.40668739856159
EVPL,0.0357306043595442,6.46628810436106,1.80491639197811,0.085781132679336,0.590169329270731,-4.40777404882073
DCXR,0.0626665679469991,11.9983527779347,1.80488643456191,0.0857859699427335,0.590169329270731,-4.40781850029426
ANKRD46,-0.134535958741145,6.54153272910283,-1.80408308191159,0.0859157766719702,0.590169329270731,-4.40901033972852
ARMC6,0.0769519354234722,7.35208607347208,1.80371476713781,0.085975346397154,0.590169329270731,-4.40955664046787
AGFG2,0.0929401368403281,7.14567000564042,1.80347080947473,0.086014822839357,0.590169329270731,-4.40991844618365
EIF4E2,0.0547267404324381,7.97172018061754,1.80330067434271,0.0860423628654209,0.590169329270731,-4.41017074777737
CAMK1,0.0877711013513211,5.6076837865578,1.80328543486118,0.0860448300761826,0.590169329270731,-4.41019334632493
DYRK1A,-0.0855082142723006,6.81760879107153,-1.80282745467465,0.0861190038715109,0.590169329270731,-4.41087242024465
DHX15,-0.0571553198962466,7.89667373122047,-1.80274816626949,0.0861318509363759,0.590169329270731,-4.41098997349744
SAFB2,0.0806035972917067,6.92735716628877,1.80193244302725,0.0862641187814825,0.590169329270731,-4.41219915684157
TPPP,0.0522268838875973,6.97895619961296,1.80177261838822,0.0862900546508097,0.590169329270731,-4.41243602711647
DYRK3,-0.0579896004478413,6.13617711529373,-1.80155853024276,0.0863248068398367,0.590169329270731,-4.41275329625122
EPHA2,0.0637513570734417,5.85409358388631,1.80147022085336,0.0863391453342264,0.590169329270731,-4.41288415914013
MRC2,0.0619013958743822,7.7674006228677,1.80143220789912,0.0863453180039386,0.590169329270731,-4.41294048794756
LPAR1,-0.0532731138026606,7.51420009736779,-1.80136715693705,0.0863558820831389,0.590169329270731,-4.41303688060136
SETD1A,0.0516620420898316,6.6185253285674,1.80116302962894,0.0863890390183746,0.590169329270731,-4.41333934101617
REV3L,-0.0586045190596339,5.62839375549349,-1.80053872109788,0.0864905156319027,0.590169329270731,-4.41426424485463
PABPC3,0.0833797664258902,9.38182625975154,1.80003719003914,0.0865721105647155,0.590169329270731,-4.41500709259481
TTC28,-0.0379364244783013,6.78171049278516,-1.79974424369557,0.0866198013754396,0.590169329270731,-4.41544092575642
SART1,0.0770553457617666,5.52984354017233,1.79932519613573,0.0866880606983458,0.590169329270731,-4.41606141982743
CNN3,0.139247062163592,5.93775859940964,1.79921295662189,0.0867063514887635,0.590169329270731,-4.4162275984121
EMCN,-0.0456725991747697,5.37317466444782,-1.79920944770357,0.0867069233635105,0.590169329270731,-4.41623279349787
HADH,0.0639880533233145,8.92906673012106,1.79905385761315,0.0867322843358921,0.590169329270731,-4.41646314333328
ST3GAL4,0.058805634876808,6.95711300032178,1.79849494268163,0.0868234397639155,0.590169329270731,-4.4172904967845
MYCBP2,-0.0621151812690258,7.77483710792246,-1.79770616437993,0.086952225748427,0.590169329270731,-4.41845780613001
SUSD4,-0.0558171074713472,7.35025047032361,-1.79764833343566,0.0869616744769642,0.590169329270731,-4.41854337571268
C19orf73,-0.0390453634894736,5.83917543658386,-1.79732532173409,0.0870144662250309,0.590169329270731,-4.41902128452785
WNT2,-0.0577519813201552,6.23153962368546,-1.79731949091136,0.0870154194467238,0.590169329270731,-4.41902991090996
RHBDF2,0.0587123436713692,5.20210526619123,1.79697973413368,0.0870709784469012,0.590169329270731,-4.41953252842898
MMP9,0.0861550370141413,5.77813230439048,1.79692034291372,0.0870806936005593,0.590169329270731,-4.41962038167721
CBLC,0.080687063208305,5.46750596280156,1.7957954987478,0.0872648719229203,0.590169329270731,-4.42128389876806
NEU3,-0.041871211737033,6.46283798926254,-1.79564788402682,0.0872890669178906,0.590169329270731,-4.42150214982386
TNNI2,0.054677128651767,5.34242241283126,1.7956065698262,0.0872958396202155,0.590169329270731,-4.42156323136168
TDO2,-0.0922028060728887,10.7577870233992,-1.79554490733868,0.087305948896493,0.590169329270731,-4.42165439525969
FAS,-0.0826440187565668,6.40572646444784,-1.79491027348245,0.0874100531136816,0.590169329270731,-4.42259253130202
NUMA1,0.0591608602455469,8.03935091200341,1.79482411953423,0.0874241939443169,0.590169329270731,-4.42271986882736
RESF1,0.044861043331208,6.56413644854348,1.79462941427114,0.0874561590871611,0.590169329270731,-4.42300763185531
SIAH1,-0.0623787049847027,6.74028124596652,-1.79380969433667,0.0875908451955814,0.590169329270731,-4.42421888909267
TMEM168,-0.0676229121269093,5.18365475204014,-1.7937686967629,0.0875975861193313,0.590169329270731,-4.42427945883061
PKP4,-0.0429549696769159,5.99727852942638,-1.79295541890825,0.0877314002188598,0.590169329270731,-4.42548079250004
AP3M2,-0.0445565782761727,6.02087285171054,-1.79281208221841,0.0877550027184116,0.590169329270731,-4.42569248256748
ECD,-0.0463827431181128,6.54768752192218,-1.79274670641506,0.0877657696347846,0.590169329270731,-4.42578903035855
TRIP4,-0.0428839123167049,5.7528977861616,-1.79163070973157,0.0879497426856381,0.590169329270731,-4.42743676538845
VAMP4,-0.0738398757095686,5.75250345891491,-1.79146065870854,0.0879778050528445,0.590169329270731,-4.42768777704956
IKZF2,-0.0571839827257647,4.99249241809417,-1.79127665272578,0.0880081790472825,0.590169329270731,-4.42795936865642
MAP7D1,0.052801702402011,6.25385980974986,1.79115348919812,0.0880285148090583,0.590169329270731,-4.42814114621817
ARL6IP5,-0.0944962905471261,7.8919178797384,-1.79046373072766,0.0881424773518111,0.590169329270731,-4.42915900075057
COLQ,0.0613318616527543,6.46089343509807,1.79042618333708,0.0881486846318274,0.590169329270731,-4.42921440030211
TMEM160,0.110221083223641,5.96238051973652,1.79017393968012,0.0881903950002442,0.590169329270731,-4.42958655367457
TCIM,-0.143490476558628,4.70641501599376,-1.78945548274685,0.0883092908772055,0.590169329270731,-4.43064634265944
PEPD,0.106062875766488,9.0691908928591,1.78883476126842,0.0884121244446616,0.590169329270731,-4.43156172136726
RAB3GAP2,-0.0897279610487069,7.78111714954064,-1.78845779681221,0.0884746259011384,0.590169329270731,-4.43211752194044
DLX4,-0.0412419172732561,5.57093128712496,-1.78843117395391,0.0884790414696407,0.590169329270731,-4.43215677185285
POU5F1P3,0.0397085665569235,5.03074628818409,1.78714963320972,0.0886918187790099,0.590169329270731,-4.43404565156243
PFN1,0.132901983673939,9.90931037666437,1.78706928090358,0.0887051746086505,0.590169329270731,-4.43416405203436
UPF1,0.0985234630296001,7.4514333786127,1.78706630715885,0.0887056689256611,0.590169329270731,-4.43416843382501
PMS2P3,0.0357791312309689,6.96920637441475,1.78703756130364,0.088710447389174,0.590169329270731,-4.43421079036255
ZNF219,0.0546986008733947,6.76624434446169,1.78695384134534,0.0887243655435746,0.590169329270731,-4.43433414758189
BTBD1,-0.0828445392266592,7.06522564983943,-1.78667160081948,0.0887713009834615,0.590169329270731,-4.43474998497267
FGF4,-0.041963591823009,6.51974586205371,-1.78601236577437,0.0888810127755964,0.590169329270731,-4.43572108426185
AOC3,0.0621118789479855,5.58492783751968,1.78588226848726,0.088902677796892,0.590169329270731,-4.43591269674966
ZNF32,0.0517147528132578,5.86294812657932,1.78574405673607,0.0889256991206925,0.590169329270731,-4.43611624974264
HADHA,0.121626215261651,8.70000855754644,1.78542371918435,0.0889790761714708,0.590169329270731,-4.436587987872
CD47,-0.0706958236310782,8.15138126592866,-1.78517848664488,0.0890199573925162,0.590169329270731,-4.43694908382744
DCLRE1A,-0.0332937930842898,6.10530417794907,-1.78498978898718,0.089051425090305,0.590169329270731,-4.43722691037415
POR,0.189514681591532,8.75864027093377,1.784901433089,0.0890661628507701,0.590169329270731,-4.43735699289974
CAVIN3,-0.0747220690204149,5.74497532050518,-1.78479696945023,0.0890835901039887,0.590169329270731,-4.43751078427683
TMEM248,0.0700953472170785,7.04638963518686,1.7846604014953,0.089106377641816,0.590169329270731,-4.43771183003618
TRIO,-0.0521636758485275,6.55184565155546,-1.78403182942104,0.0892113253286618,0.590169329270731,-4.43863702952681
UCP3,0.037586200555313,6.06820093694436,1.78401746254218,0.0892137253016782,0.590169329270731,-4.43865817353986
PRRC1,-0.0484789019382389,6.72836634936309,-1.78301518944459,0.0893812919496874,0.590169329270731,-4.4401329410286
STAM2,-0.0588666249820933,5.52284001892037,-1.78299937497076,0.0893839380981005,0.590169329270731,-4.44015620610925
RHOF,0.0524118215962283,5.66585738116459,1.78297161078092,0.0893885838902769,0.590169329270731,-4.44019705037253
SLC22A17,0.0503690683433019,6.22660450557707,1.78294433248828,0.0893931485804866,0.590169329270731,-4.44023717938798
IL17RC,0.061530564450081,7.87994370824913,1.78291613814725,0.0893978667721169,0.590169329270731,-4.44027865554317
YY1AP1,0.0552921011763384,6.91892796008991,1.78277587480716,0.0894213423898101,0.590169329270731,-4.44048498736224
AKIP1,0.0471275852541519,5.26571553008933,1.78241560557537,0.0894816644251344,0.590169329270731,-4.44101490219843
TP63,-0.0688842347243172,6.54265504642278,-1.78117917392581,0.0896889552883982,0.590169329270731,-4.44283297543972
CTDP1,0.076159152677315,6.58411056814424,1.7794828531956,0.0899740232061797,0.590169329270731,-4.4453258254029
RREB1,-0.0908035931196579,7.65333768012845,-1.77818773566013,0.0901921955871486,0.590169329270731,-4.44722794946707
CD48,0.0381406566315518,6.93323314143316,1.7779039383356,0.0902400644272544,0.590169329270731,-4.44764462822341
ATP6V1A,-0.0937247875963522,8.57385956794986,-1.77691569672721,0.0904069251151615,0.590169329270731,-4.44909522285882
DYRK2,0.0406259823244613,5.06166736573761,1.77671380349622,0.0904410467660937,0.590169329270731,-4.44939150235432
WDR5B,-0.0707896294757453,5.76410740794259,-1.77651663211259,0.090474381124643,0.590169329270731,-4.44968082947115
ATAD3A,0.0749111033666695,7.74705106746332,1.77563412943834,0.0906237096679597,0.590169329270731,-4.45097552510737
KCNS3,-0.0366595425748375,5.92596462133245,-1.77554123320427,0.0906394410471949,0.590169329270731,-4.45111178409733
DUSP11,-0.0599471483468967,6.1789582132428,-1.7745227652043,0.0908120668117629,0.590169329270731,-4.45260532801936
MPP3,-0.0506152319018644,6.97593245208446,-1.77372841603659,0.0909469024830746,0.590169329270731,-4.45376978817612
LMNA,0.0749289888997148,8.66335025526734,1.77323465085323,0.0910308030643589,0.590169329270731,-4.45449342675232
TTC17,-0.0782885444496046,7.1280630970005,-1.77309238143723,0.0910549898844638,0.590169329270731,-4.45470190343923
DRD4,0.0565368782026198,5.43062457032684,1.77296816825519,0.0910761115529261,0.590169329270731,-4.45488391143233
NLRX1,0.0481477577290099,7.38544130623374,1.77262424034096,0.0911346164028621,0.590169329270731,-4.45538781737519
VCAM1,-0.108388486251627,7.26686859599944,-1.77259310952247,0.0911399136018052,0.590169329270731,-4.45543342526357
APOL2,0.0600391356018535,7.57992331746686,1.77214735824384,0.0912157914989263,0.590169329270731,-4.45608640623642
PDE6G,-0.0426313399298355,6.79022874579285,-1.77142220412575,0.0913393472130345,0.590169329270731,-4.45714843509513
GPATCH8,-0.0387323411196188,7.59243787608982,-1.77138284484047,0.0913460575948054,0.590169329270731,-4.45720607013848
MPO,-0.064911026578323,5.22204489975235,-1.77137584247325,0.0913472514760504,0.590169329270731,-4.4572163238304
GUCY1B1,-0.0777576863878139,5.74918113672858,-1.77132273399869,0.0913563067398644,0.590169329270731,-4.45729409058466
MYO16,-0.0477465503986319,5.95386202367928,-1.77056707971886,0.0914852335995082,0.590169329270731,-4.45840041583283
ZNF544,0.0445524143572179,5.86388432148641,1.77046627881214,0.0915024437342015,0.590169329270731,-4.45854796931626
FOXF1,-0.0517730737590448,5.14246825343447,-1.77012618495356,0.0915605299160623,0.590169329270731,-4.45904575840768
CDKN1A,0.112427060859471,7.85717794536203,1.76991117815423,0.0915972683266224,0.590169329270731,-4.4593604248057
OAS1,-0.0555520151546884,7.14749931583102,-1.76884425658543,0.0917797624712242,0.590169329270731,-4.46092148200305
CACNA1H,0.0794188107727227,7.34051734138387,1.76877244064927,0.0917920576625557,0.590169329270731,-4.46102653482864
PANK4,0.0705087347052335,5.46097140180675,1.76843602073748,0.0918496730974633,0.590169329270731,-4.46151861169808
BLTP2,0.0972869812569433,7.15852978336669,1.76827386133087,0.0918774557391446,0.590169329270731,-4.46175577629116
SQSTM1,0.0792834739048915,9.42545084349232,1.76813686083963,0.0919009335747083,0.590169329270731,-4.46195613290942
PFDN2,0.0865943790962295,6.93541879075971,1.76801026734246,0.0919226325605672,0.590169329270731,-4.46214125998148
G6PD,0.0445112578286253,5.5628066014356,1.76775336747008,0.0919666805331771,0.590169329270731,-4.46251691475115
ARHGAP10,0.0647580912324283,6.78824410727269,1.76705942370578,0.0920857549630573,0.590169329270731,-4.46353144772761
MED9,0.0499189854015228,6.909746160362,1.76682056103794,0.0921267723807312,0.590169329270731,-4.46388059494368
SERINC3,0.0960795654374898,8.6743255823285,1.76643565494152,0.0921929014894041,0.590169329270731,-4.46444314415014
TRIM44,-0.0464107118264806,7.44096121908261,-1.76534702412835,0.0923801563202895,0.590169329270731,-4.4660337308594
PNPLA3,0.140065809665201,7.74234269350298,1.76457667769499,0.0925128613273612,0.590169329270731,-4.4671588536867
SEPT5-GP1BB,0.105990120448994,7.61361004719386,1.76439086738603,0.0925448948465306,0.590169329270731,-4.46743018495166
SLC2A4RG,0.091758532251955,7.85063551022043,1.76425535698631,0.0925682627406772,0.590169329270731,-4.46762805245819
WDR55,0.0479075993356859,6.78122288620107,1.76386246138778,0.0926360438160937,0.590169329270731,-4.46820168352965
CLN6,0.0531552580510999,5.9292901231995,1.76368362728712,0.0926669098656747,0.590169329270731,-4.46846275275198
DHFR,-0.0693796642067084,7.27301145851828,-1.76367500938422,0.0926683975051391,0.590169329270731,-4.46847533303719
TKFC,0.159098187845035,7.5980684634135,1.76271779757825,0.0928337615167821,0.590169329270731,-4.46987238368659
H2AC15,0.0368778670430083,5.15144351673321,1.7624346174849,0.0928827312935714,0.590169329270731,-4.47028558137953
ZBTB25,-0.0513651375292383,5.22975857625189,-1.76194314428077,0.0929677736509714,0.590169329270731,-4.47100259423406
CDCA8,-0.0482379893046522,5.60182480145857,-1.7614741239851,0.0930489934366917,0.590169329270731,-4.47168671740286
FOXJ2,-0.0718557191146584,7.44472479308247,-1.76123367292265,0.0930906558213926,0.590169329270731,-4.47203739415074
SPHK2,0.0635830060538423,6.64003051567712,1.76113973842832,0.0931069359950782,0.590169329270731,-4.47217438007918
PGRMC2,-0.0556737212652318,7.28000211099893,-1.76109845668602,0.0931140914798373,0.590169329270731,-4.47223458014672
ODR4,-0.0579570983255797,5.37388897664645,-1.75976143898219,0.0933460970439154,0.590169329270731,-4.4741837729961
MCOLN1,0.0749911824700351,6.87382441381664,1.75852209261156,0.0935615989186369,0.590169329270731,-4.4759896301525
MTRR,-0.0996340044946271,6.2231052655229,-1.75603050983153,0.0939961412868485,0.590169329270731,-4.47961737579285
AQP7,0.0457125621945816,7.51676126189619,1.75376538909146,0.0943926948833722,0.590169329270731,-4.48291220067613
TPRKB,-0.0682582192139823,5.75105796989264,-1.75361125914128,0.0944197305989085,0.590169329270731,-4.48313628619192
MAP7,0.0471472309583397,6.29483810921082,1.75312161431135,0.0945056627318105,0.590169329270731,-4.48384807452296
CLIP1,-0.0950005759883916,4.87354243410191,-1.75290688511036,0.0945433687012739,0.590169329270731,-4.48416017781682
PSENEN,0.0521153816514627,6.76205336897985,1.75271159179694,0.0945776730153045,0.590169329270731,-4.48444400779048
KPNA6,-0.0515395814217937,7.5109997676189,-1.75268609717899,0.0945821520716552,0.590169329270731,-4.4844810587798
NSMF,0.0532232436753231,7.21388803545714,1.75259175090991,0.0945987290112223,0.590169329270731,-4.48461816760231
CXCL9,-0.0528455071121808,6.54622717283252,-1.75255181040788,0.0946057474378135,0.590169329270731,-4.48467620959012
PAXBP1,-0.0507388173706406,6.24101411776992,-1.75208185608952,0.0946883624361163,0.590169329270731,-4.48535908136715
CPVL,0.0691511679645035,6.92999403503129,1.75202435061536,0.094698475797262,0.590169329270731,-4.48544263126058
VIPAS39,-0.0490825832493386,6.72680065372765,-1.75153872506063,0.0947839187733196,0.590169329270731,-4.48614811991073
GCGR,0.0874399696731023,7.45414315072504,1.75127766125677,0.0948298788348673,0.590169329270731,-4.4865273203746
DDX5,0.08951208025266,9.31282310129681,1.74898564787911,0.0952342097108508,0.590169329270731,-4.48985477732966
ALG8,-0.0613497920419205,7.81036814146286,-1.74867318976099,0.0952894447129377,0.590169329270731,-4.49030815006232
RABGAP1L,-0.104999896053058,6.56878565267217,-1.74846526118059,0.0953262167008498,0.590169329270731,-4.49060981958469
DSTN,-0.0605685166885828,9.42362606725039,-1.74839196361148,0.0953391822212251,0.590169329270731,-4.4907161559405
GFOD2,-0.0637485562368699,7.73522419719492,-1.74826884572489,0.0953609638122164,0.590169329270731,-4.49089476186394
P4HB,0.106341933338083,11.4658876020707,1.74787066571446,0.0954314377506819,0.590169329270731,-4.4914723359754
PPAT,-0.0623197868704724,6.05322820698628,-1.74785058074489,0.0954349937787708,0.590169329270731,-4.49150146743021
PWP1,-0.0437603295311436,7.10949964270494,-1.74781822559695,0.0954407224719567,0.590169329270731,-4.49154839517806
PXDC1,0.0954801436688956,8.62615732189557,1.74749273712273,0.0954983688155033,0.590169329270731,-4.49202044739671
NDUFS7,0.127969168131295,7.87222157228215,1.74708402797066,0.0955707965411951,0.590169329270731,-4.49261310428713
PCDHB11,0.0379929918924027,5.50344284614635,1.74690211535205,0.0956030486319918,0.590169329270731,-4.49287685833336
COPG1,0.0744364699308758,6.44359585322551,1.74609472020284,0.0957463082549498,0.590169329270731,-4.49404725797576
HNRNPUL1,-0.0427288837769442,7.49329357870921,-1.7457618235169,0.0958054292747771,0.590169329270731,-4.49452971178326
DAAM2,-0.0589730002989885,6.62706764196082,-1.74492738539575,0.0959537598432148,0.590169329270731,-4.49573873919691
MEAK7,0.0540019918795615,6.23638085638306,1.74414443340594,0.0960931176584914,0.590169329270731,-4.49687279023578
WIZ,0.0483480629857526,7.57080039006797,1.74394533292704,0.096128583332201,0.590169329270731,-4.4971611150069
ARID5A,0.0630023751262813,7.11582783873484,1.74359659781655,0.096190730461731,0.590169329270731,-4.49766607423922
VASH1,0.0674301874222406,5.66607176805338,1.7434824411802,0.0962110815036944,0.590169329270731,-4.49783135427095
PSMD2,0.105881213582488,8.00173816592471,1.74328909344218,0.0962455586191557,0.590169329270731,-4.49811127225313
PMM1,0.081810614981666,6.6116066427838,1.74318013743341,0.0962649919635973,0.590169329270731,-4.49826900280767
PRPF4,-0.0640577124836247,7.06706596715869,-1.74178855232254,0.096513491156398,0.590169329270731,-4.50028291271336
CCT6B,-0.0401064080232427,5.28911453738868,-1.7409093855972,0.096670770310244,0.590169329270731,-4.50155465169366
YIPF5,0.0744977810847055,5.50573585634187,1.74057876146904,0.0967299744917247,0.590169329270731,-4.50203278914436
AGAP2,0.0453352194418875,6.87725975464292,1.74011812898319,0.0968125109245592,0.590169329270731,-4.50269883137258
ARHGAP44,-0.0388917469177352,5.95636820560665,-1.73943392793236,0.0969352181704917,0.590169329270731,-4.50368790390447
LANCL2,-0.0459731914215658,5.9861487182468,-1.73923700283716,0.0969705602194745,0.590169329270731,-4.50397252449354
TADA3,0.0750211140884859,7.84781755524315,1.73904450139179,0.0970051190536704,0.590169329270731,-4.50425072905631
ADH1A,0.0631363147679993,10.6234859570386,1.73834479698005,0.0971308226376652,0.590169329270731,-4.50526176049923
PARM1,-0.0417037263905718,6.41992347195506,-1.73832331872393,0.0971346834698155,0.590169329270731,-4.50529279067354
PFKM,-0.0536028416752092,6.7146936523017,-1.73738512550282,0.0973034573897362,0.590169329270731,-4.50664795247081
KCNK7,0.0429394470405227,5.82443727856568,1.73657879166015,0.0974487119121626,0.590169329270731,-4.50781223049969
SF3A2,-0.0415206691950306,7.03029659237819,-1.73639616084411,0.0974816372193483,0.590169329270731,-4.50807587990025
EDN2,0.0536466718104586,6.5369893025705,1.73608865642253,0.0975370967420682,0.590169329270731,-4.50851975412309
CISH,0.0803505742997004,7.66606696156078,1.73533126403676,0.0976738106820011,0.590169329270731,-4.50961278767711
THEMIS2,0.0605145652541477,5.64110109555577,1.73516073175395,0.0977046154720563,0.590169329270731,-4.50985884453629
AVPR1A,0.0759293711679406,6.2680355830813,1.73514502198367,0.0977074536894679,0.590169329270731,-4.50988151090258
CREB3,0.0480575944925148,7.17880320598485,1.73478319225248,0.0977728435139706,0.590169329270731,-4.51040352502516
NR1H3,0.0763715544380658,7.77206357815333,1.73389531805056,0.0979334591893538,0.590169329270731,-4.51168413427393
VGLL4,0.0555826743705473,6.54211068947004,1.7338349470811,0.0979443884611507,0.590169329270731,-4.51177119207868
PRKG1,-0.0449298177785502,6.0405649023395,-1.73364716299409,0.0979783906854158,0.590169329270731,-4.5120419716714
C1QBP,0.0981763924797754,6.40451148851428,1.73358068890319,0.0979904296325195,0.590169329270731,-4.51213782044896
ABCB11,0.114381545151876,6.10729067775829,1.73326962462536,0.0980467825297352,0.590169329270731,-4.51258630779694
PSKH1,0.0577836110991393,7.53122360589826,1.73288090708915,0.098117242294197,0.590169329270731,-4.5131466727143
GOSR2,0.0414265193532951,6.54532027291652,1.73231169177257,0.0982204978445839,0.590169329270731,-4.51396707481129
ARMCX4,-0.0284882111111892,6.3012254075194,-1.73163755803973,0.0983429061298406,0.590169329270731,-4.51493844272793
PCOLCE,0.0914753869577801,8.68257473492806,1.73111427590562,0.0984380131690293,0.590169329270731,-4.51569225847858
SLC13A4,0.0515574146579366,6.34162353385482,1.73082765112662,0.0984901409325616,0.590169329270731,-4.51610508698783
MAML3,0.0408355901939288,5.19582843983639,1.72993568720995,0.0986525117668464,0.590169329270731,-4.51738947556941
PRPF18,-0.0709825630108578,6.45615937159041,-1.72863192974374,0.0988902573605231,0.590169329270731,-4.51926596806192
TFAM,0.067557093133204,6.40888688284239,1.72829816824903,0.0989511990659297,0.590169329270731,-4.51974618516227
ACBD3,-0.0546724513464373,5.46858559677767,-1.72826158303041,0.0989578811397626,0.590169329270731,-4.51979882001489
CYTH1,0.0430186163979701,6.59929751867184,1.72810707626426,0.0989861051533224,0.590169329270731,-4.52002109874283
SLC3A2,0.0794685847493872,7.90662190172201,1.72795096140709,0.099014629927798,0.590169329270731,-4.52024567633408
FAH,0.135571079675668,9.30638863551168,1.72770234697728,0.0990600704538657,0.590169329270731,-4.5206032880541
PDK4,0.112451129089902,6.52600531793526,1.72743017666612,0.0991098369027877,0.590169329270731,-4.52099474034129
TXNDC15,-0.0662379035058256,6.48974556406083,-1.72731715666745,0.0991305089503077,0.590169329270731,-4.52115727963613
ATP5F1B,0.0814561185859584,9.79145632859915,1.72707095157153,0.099175554159067,0.590169329270731,-4.52151133196315
SLC52A2,0.0497956503778752,7.13109651810767,1.72582633502164,0.0994035353795978,0.590169329270731,-4.52330057933095
RNGTT,-0.0432896363329618,6.12526414309955,-1.72580960499545,0.0994066029394077,0.590169329270731,-4.5233246238804
MBOAT2,-0.0615032236691002,6.77801824243219,-1.72568678472145,0.0994291253242534,0.590169329270731,-4.52350113715805
FAM76A,-0.0590323780064858,4.87434172733315,-1.72526319914185,0.0995068346249415,0.590169329270731,-4.52410983074781
USP9X,-0.0657715949830459,8.86996429927455,-1.72471145941281,0.09960813259727,0.590169329270731,-4.52490252000588
ABR,0.0618385162926517,6.34489889890072,1.72425062185779,0.0996928088674316,0.590169329270731,-4.5255644686499
LDLR,0.109478317283135,7.37090786045884,1.72424661097232,0.0996935461153431,0.590169329270731,-4.52557022933738
MAL,-0.0421046585093395,5.85477889908914,-1.72362593212575,0.0998076904830151,0.590169329270731,-4.52646157063566
PTGER1,0.0601812488827338,7.84078625985728,1.72285545339228,0.099949539132079,0.590169329270731,-4.52756771245814
CILP,-0.0915303104133748,6.71998646013563,-1.72165790689709,0.100170355625465,0.590169329270731,-4.52928626506975
PTDSS2,0.0500938462265795,5.64535047910485,1.72026726731455,0.100427300761901,0.590169329270731,-4.53128083118791
BECN1,0.0503790707553849,7.26138941726463,1.71984316682374,0.10050577298173,0.590169329270731,-4.53188887736703
VDAC1,0.080509363369284,7.98027693423817,1.71962956610373,0.100545315850659,0.590169329270731,-4.53219508224855
PTPN2,-0.0541265116046183,7.03750018578318,-1.71949286975995,0.10057062877173,0.590169329270731,-4.53239102726098
TPM2,0.0360583892485065,5.43374949100898,1.71868536398276,0.100720271002398,0.590169329270731,-4.53354830192634
XBP1,0.0745065958434989,8.80861692796711,1.7184592696256,0.100762203613613,0.590169329270731,-4.53387225775131
ITM2C,0.0578776503016903,7.6725318804614,1.7181564339298,0.10081839247146,0.590169329270731,-4.5343061227687
NAPA,0.0866491128180542,7.70505906242946,1.71780425146205,0.100883770968723,0.590169329270731,-4.53481061585872
JAG2,0.0289085972384781,6.74067126450448,1.71775538673173,0.100892844991689,0.590169329270731,-4.534880607504
OAZ1,0.0806592424751109,11.0208601759025,1.7171033364333,0.101013995484349,0.590169329270731,-4.53581443674695
SOX15,0.0652648379486246,8.69793944044493,1.71695760773037,0.1010410887877,0.590169329270731,-4.53602310589088
AQP3,0.0560338986523326,7.91553721332336,1.7165227640972,0.101121970151973,0.590169329270731,-4.53664568269208
ADD1,0.103872538269645,7.69375253416408,1.71641721073594,0.101141611538549,0.590169329270731,-4.53679678887889
FBLN5,0.0954728201924326,6.85026420692647,1.71606838941247,0.101206543483423,0.590169329270731,-4.53729610024848
IDH2,0.141894139494326,9.30187531100027,1.71581701440225,0.101253358222816,0.590169329270731,-4.53765587888414
FAM110B,-0.0365768734256146,6.16560261484742,-1.7147299841118,0.10145601424406,0.590169329270731,-4.53921124218434
RAF1,0.0674990883200195,7.42790650211068,1.71425433770275,0.10154479847568,0.590169329270731,-4.53989158944707
ATRX,-0.0898584589251578,5.48003645335927,-1.71415227225083,0.101563858684931,0.590169329270731,-4.54003756226735
SLC6A1,0.0696641342759274,8.30934948376906,1.71398863854745,0.101594422839687,0.590169329270731,-4.54027157610035
KHK,0.136462056409575,9.69621132798648,1.7137848521332,0.101632497874874,0.590169329270731,-4.54056298993203
CCDC25,-0.0548520157768986,6.33334611572758,-1.71361775618041,0.101663726843613,0.590169329270731,-4.54080191774225
EPB41L5,-0.0626040507819456,5.89985226311615,-1.71272656152892,0.101830422995026,0.590169329270731,-4.54207593651426
TGFA,-0.0616510850265733,7.2944595709227,-1.71181414987299,0.102001329788464,0.590169329270731,-4.54337978695224
MCM9,-0.0513849068767909,5.97539401220454,-1.71176244137463,0.102011022813092,0.590169329270731,-4.54345366406677
UGDH,-0.1047486868537,8.02990012167396,-1.71166424429263,0.10202943252991,0.590169329270731,-4.54359395601493
IFNAR2,-0.0526313575418924,6.69765048013265,-1.7114874577791,0.102062583134539,0.590169329270731,-4.54384651214418
CDK12,-0.0636447253289882,6.3676735349702,-1.71146342746199,0.102067089955637,0.590169329270731,-4.54388084024254
CATSPERH,0.0818358109077787,5.86901110287646,1.71137495036808,0.10208368506196,0.590169329270731,-4.54400722965841
HOXD4,-0.0394953964036639,5.77482462119495,-1.71131106591898,0.102095668910406,0.590169329270731,-4.54409848555668
VPS35,-0.0712876842791356,8.02117110459092,-1.71115326764457,0.102125274860877,0.590169329270731,-4.54432388226585
GYG1,0.0366185875127165,6.45280228373021,1.71090888257702,0.10217114061929,0.590169329270731,-4.54467292841118
TWNK,0.0613323409803495,5.85766741718567,1.71086173020848,0.10217999211855,0.590169329270731,-4.54474027021819
CAPN1,0.0636240571709667,7.24938141751577,1.71083755350745,0.102184530852083,0.590169329270731,-4.54477479824054
CLDN3,0.0903509336622831,7.55590735614653,1.71057324449331,0.10223416127639,0.590169329270731,-4.545152248726
CTDSPL,0.0623715822252237,7.56776524164698,1.71055636378502,0.102237331738354,0.590169329270731,-4.54517635403477
NR4A1,0.0477315474348992,7.11877133289054,1.71048864161114,0.102250051870317,0.590169329270731,-4.54527305818367
FLT1,-0.0657163743929905,6.6044688669904,-1.71039387862648,0.102267853298745,0.590169329270731,-4.54540837068818
IL23A,0.0387952397684764,5.91455287157443,1.70990619431017,0.102359507731265,0.590169329270731,-4.54610465106897
SMAGP,-0.0494845719388363,6.09882559170099,-1.7093910697547,0.102456395450489,0.590169329270731,-4.54683995163969
PCBP4,0.0467797391508396,6.9962081837305,1.70881076441436,0.102565636616572,0.590169329270731,-4.54766809949857
PEF1,0.0928531096565338,6.69273326273738,1.7086080488938,0.102603820800933,0.590169329270731,-4.54795734449246
RPS5,0.079488397897009,10.6161471631719,1.70846511839125,0.102630750976239,0.590169329270731,-4.54816127010395
COQ3,-0.0422898509624983,6.83751716566758,-1.70825971893564,0.10266946178075,0.590169329270731,-4.54845430132115
METRN,0.0838506102843535,7.75156158425113,1.70811700350072,0.102696366125523,0.590169329270731,-4.54865788985236
TCEAL4,-0.0789898892075688,7.37360303052384,-1.70707723837014,0.10289256180358,0.590169329270731,-4.55014077687347
RAB5B,0.0485058449228642,7.01090778442966,1.70702611272873,0.102902217071262,0.590169329270731,-4.55021367401083
FCGBP,-0.0518070807044928,6.67810472536749,-1.70670567571862,0.102962750420302,0.590169329270731,-4.55067053063082
SIRPB1,-0.0551233948069879,6.76988342928488,-1.70642803326703,0.103015224093251,0.590169329270731,-4.55106632321542
RNMT,-0.0455313088207662,6.90032048049306,-1.70634937996485,0.103030093505715,0.590169329270731,-4.55117843872398
ZNF552,-0.0708141906824256,5.53102041825679,-1.70490294720525,0.103303868691247,0.590169329270731,-4.55323956893564
SGF29,0.0532816315968304,7.6212157641823,1.70475452546779,0.103331996490147,0.590169329270731,-4.55345099404815
TOM1,0.0841638233787641,6.48226816917728,1.70453939213234,0.10337277858973,0.590169329270731,-4.55375742525159
ACO1,0.0458164300325291,9.14849005332908,1.70394144116815,0.103486202317309,0.590169329270731,-4.55460898528229
VPS45,-0.0420397346258139,5.8759293538782,-1.70382285308772,0.103508709595069,0.590169329270731,-4.55477784424296
TMBIM1,0.0899881215689741,8.06989070592711,1.70296084881318,0.103672438243483,0.590169329270731,-4.55600500447014
GCNT4,-0.0423087771795447,5.62560725625535,-1.70293167725672,0.103677982938754,0.590169329270731,-4.55604652553842
UTP11,-0.0576541675951753,5.2717003349518,-1.7027152911386,0.103719119777646,0.590169329270731,-4.55635450053112
DPT,0.0898184607817904,6.65410469199048,1.70262242198227,0.103736779265049,0.590169329270731,-4.55648666927583
RPS6KA6,-0.0960545085755632,5.94948270378518,-1.70227490345897,0.103802884243955,0.590169329270731,-4.55698120106455
PPIH,-0.0272568201209399,6.23029298302317,-1.70193837266693,0.103866933396619,0.590169329270731,-4.55746002664791
LGR4,-0.0828987665144101,6.39669746355429,-1.70181192743872,0.103891007397572,0.590169329270731,-4.55763991864673
STX6,-0.0640175755851865,5.35333260810544,-1.7014606383616,0.103957914577479,0.590169329270731,-4.55813964186336
ARGLU1,-0.121542922652166,7.02573080603706,-1.7007147912065,0.104100091945822,0.590169329270731,-4.55920039037558
U2AF2,0.0396744250453901,7.35356027042451,1.70069084155102,0.104104660104943,0.590169329270731,-4.55923444609558
MEG3,0.0856187489506679,5.96407911573567,1.70034198744202,0.104171219956628,0.590169329270731,-4.55973046685933
BZW2,-0.0523739106079966,7.24149824401835,-1.70020174169117,0.104197988467866,0.590169329270731,-4.55992985534966
CD52,0.0557115803356738,7.70293829452167,1.69997453252118,0.104241368020538,0.590169329270731,-4.56025285491015
MRPS15,0.058436557897227,6.25180441441248,1.69974574129615,0.104285065191534,0.590169329270731,-4.56057807163358
KIF1B,-0.0457034637355888,7.51614506464373,-1.69965938044946,0.104301563437921,0.590169329270731,-4.56070082148399
RPA1,0.047101690494385,6.22112084164979,1.69957221204208,0.104318218217281,0.590169329270731,-4.56082471454594
MRPS34,0.0718145054216843,6.98421361334687,1.69903042292355,0.104421785706352,0.590169329270731,-4.56159465902029
SDC1,0.128312738229111,9.94256495506592,1.69837940023438,0.104546350095696,0.590169329270731,-4.56251959951222
RDH16,0.0834636347159563,10.6837901426455,1.69775627154099,0.104665696023572,0.590169329270731,-4.56340466679205
INPP5B,-0.0455519167542486,6.88989150321112,-1.697374308414,0.104738909670226,0.590169329270731,-4.56394707462124
SNX7,-0.044876051029945,5.8484285344476,-1.69733279779844,0.104746868941614,0.590169329270731,-4.56400601651069
BCL10,-0.0759190842596789,5.62054261760351,-1.69699935750341,0.104810821704372,0.590169329270731,-4.56447943788848
RPS6KA1,0.0616383709966958,6.66207550764524,1.69629485670856,0.104946052148465,0.590169329270731,-4.56547947031623
APBA3,0.0676688517289199,6.40667627998724,1.69619931869804,0.10496440232441,0.590169329270731,-4.56561506224757
DCBLD2,-0.0724435218019038,5.02732509756315,-1.69601152241802,0.105000480703109,0.590169329270731,-4.56588157505866
THTPA,-0.0484738072135345,7.30426683471539,-1.69599164810969,0.105004299463417,0.590169329270731,-4.56590977860153
UXS1,-0.0590150159574882,5.08162507208282,-1.6953279485895,0.105131894399401,0.590169329270731,-4.56685149270172
CPTP,0.0682729887682115,7.54247315204834,1.69514956328158,0.105166211152615,0.590169329270731,-4.56710455514347
CBX7,0.0649704934650318,7.46714629244671,1.69510650185094,0.105174496496731,0.590169329270731,-4.56716564038517
EIF4G1,0.156004510084242,8.0798684331395,1.69494759586122,0.105205076023009,0.590169329270731,-4.56739104830186
LGALS3BP,0.134013190892737,8.20370537094864,1.69491171986375,0.105211980971168,0.590169329270731,-4.56744193621133
YWHAH,0.0550827782349501,6.34841653955563,1.69487118278692,0.105219783488431,0.590169329270731,-4.56749943462785
SEC14L2,0.108736957492862,7.2031913306351,1.69451414072902,0.105288527725909,0.590169329270731,-4.56800582510438
SYNGR2,0.109587693042442,8.06985235345569,1.69407880727544,0.105372397834355,0.590169329270731,-4.56862315005036
TBC1D9B,0.0403827228407503,8.10439964561233,1.69404220309756,0.105379452485676,0.590169329270731,-4.56867505133842
ETFDH,0.0761860523276014,7.04253368993767,1.69372847466612,0.105439933260473,0.590169329270731,-4.569119855109
HTT,0.0530358926521943,7.51301376936744,1.69295191856813,0.105589765496601,0.590169329270731,-4.57022059574408
AKT3,-0.0660200468388261,5.50250164784646,-1.69242738466317,0.105691074056563,0.590169329270731,-4.5709638945649
PKMYT1,-0.0381458881947291,7.56870228665974,-1.69220266705132,0.105734501383198,0.590169329270731,-4.57128228244973
EEF2,0.0992174559399932,10.2266491431537,1.69191618537802,0.10578988683535,0.590169329270731,-4.57168813490884
DPH5,-0.0608218566476368,6.79349755006596,-1.69178236815272,0.105815766163638,0.590169329270731,-4.57187769364907
ZNF550,-0.0402329262972286,5.49048414104868,-1.69176439200378,0.105819243037705,0.590169329270731,-4.57190315691862
AVPI1,-0.051981896658095,7.93120688458482,-1.69146920097912,0.105876351614432,0.590169329270731,-4.57232126752621
GNA11,0.101231747004739,7.41485550245159,1.69051564915422,0.106061008133464,0.590169329270731,-4.57367151934904
SV2B,-0.0445426630929684,6.38560160406268,-1.69016307954571,0.106129353108779,0.590169329270731,-4.57417062479163
PDK3,-0.0578164407427058,6.2231335266537,-1.69005083339317,0.106151119690394,0.590169329270731,-4.57432950693508
RAB8B,-0.058392940564543,5.76499888181579,-1.68984300216215,0.106191432003182,0.590169329270731,-4.57462366737421
HEATR1,-0.052980656050427,6.75843555149647,-1.68974992674581,0.106209489749427,0.590169329270731,-4.57475539597366
FANCL,-0.0994170857253721,5.05150303072339,-1.68924826548077,0.106306863081732,0.590169329270731,-4.57546529989125
PNPLA6,0.0850834190635214,7.73430565131444,1.6891438097092,0.106327147689389,0.590169329270731,-4.57561309643375
BMP10,-0.0412178591178779,5.04391870863776,-1.6888591841205,0.106382436788225,0.590169329270731,-4.57601578478411
PNRC1,0.0517437930648618,7.69433926201421,1.68837645495124,0.106476263873699,0.590169329270731,-4.57669863625157
PSMB3,0.0894981564558837,8.64717356040984,1.68805410248369,0.106538958090298,0.590169329270731,-4.57715454475917
FBXO42,-0.0415238984020061,7.76894280611809,-1.68796136220313,0.106557000934637,0.590169329270731,-4.57728569705662
CD80,-0.0600023047714155,5.89910270174738,-1.68781396196219,0.106585683358331,0.590169329270731,-4.57749413798972
MAN1A2,-0.0745498434814238,8.10253523360011,-1.68725326275135,0.106694849155617,0.590169329270731,-4.57828690918334
SCMH1,0.0311795008944235,6.44260717666582,1.68716877050804,0.106711307691425,0.590169329270731,-4.57840635578108
ALG9,-0.0531151639806577,5.62601117225557,-1.68715470588374,0.106714047597946,0.590169329270731,-4.57842623849952
METAP1,-0.038633819354486,6.9037618369755,-1.68699429282318,0.106745301641059,0.590169329270731,-4.57865300080231
HAAO,0.0887732879927221,8.68813638323582,1.68667337983621,0.106807850035997,0.590169329270731,-4.57910660067025
OGFR,0.0670655378560365,8.34988812393726,1.68572379411281,0.106993114294258,0.590169329270731,-4.58044843725867
CRYBG3,-0.0609707859012353,7.00979841540835,-1.6856909057963,0.106999535704324,0.590169329270731,-4.58049490099414
MED13,-0.137242172496347,7.98693237660079,-1.68559853061083,0.107017573618769,0.590169329270731,-4.58062540262665
AOC1,-0.103101142281202,6.25933379606857,-1.68500861280867,0.10713282670271,0.590169329270731,-4.58145867603322
FAM222B,-0.0527608173402946,6.66924540945161,-1.6849461968383,0.107145027175985,0.590169329270731,-4.5815468275855
CTSD,0.136815166676215,8.56478079402052,1.68471545599201,0.107190140439959,0.590169329270731,-4.58187268750556
DVL3,-0.0706042166876003,6.13069524347342,-1.68462747134822,0.107207347000798,0.590169329270731,-4.58199693371482
HIRIP3,0.0468711154969445,6.69748732137672,1.68361551226004,0.107405417985228,0.590169329270731,-4.58342561371461
ACADVL,0.110665199294412,9.53735453493525,1.68356958010939,0.107414415676243,0.590169329270731,-4.58349044557365
SYN2,-0.0613102553417306,5.99912228046288,-1.68350152588556,0.107427748059165,0.590169329270731,-4.58358649968693
PMPCA,0.0893801956946434,7.58848442702522,1.68349497556593,0.10742903139499,0.590169329270731,-4.58359574488665
ZNF24,-0.0689046231361154,7.12707679622315,-1.68339496627333,0.10744862679242,0.590169329270731,-4.5837368959166
RPS2,0.0665461565543327,11.8471392428286,1.68302307781544,0.107521519717265,0.590169329270731,-4.58426171742122
CD247,0.0344605365159763,5.12186934822868,1.68299621538091,0.107526786584168,0.590169329270731,-4.58429962328975
TMEM132A,0.0491228512616262,6.57560037285,1.68273128574951,0.107578742592748,0.590169329270731,-4.58467344448469
GPS1,0.101659006735288,6.67907027277924,1.68157001627632,0.107806734017333,0.590169329270731,-4.58631150886285
SLPI,-0.0803108972041829,8.66355353984997,-1.68111846147449,0.107895498413646,0.590169329270731,-4.58694823865057
CHMP2B,-0.054009452860854,7.26131554650244,-1.68035831681246,0.108045064222829,0.590169329270731,-4.58801982144133
LAPTM5,0.117546511050531,8.84795710674912,1.68030908839666,0.108054756463752,0.590169329270731,-4.5880892068805
SCCPDH,-0.0709959029054676,8.07469197583618,-1.67996440278503,0.108122639928292,0.590169329270731,-4.58857498522315
GNPTAB,-0.0527965197175094,5.41900568291439,-1.67949745358831,0.108214660187096,0.590169329270731,-4.58923295715007
DENND6B,0.0308562814926419,6.80650344139345,1.67912690506955,0.108287730423606,0.590169329270731,-4.58975499628074
ABHD10,-0.0587909718067414,7.66409346864098,-1.67898164606573,0.108316386182066,0.590169329270731,-4.5899596180809
DOK5,-0.0727107682952282,5.85687862903455,-1.67827175779665,0.10845652108704,0.590169329270731,-4.59095942778212
BORCS6,0.0424642152620098,7.34519390580641,1.6781877458285,0.108473115591649,0.590169329270731,-4.59107772998281
PMEL,0.0535897220081737,6.12403365806904,1.6780354059535,0.108503212102878,0.590169329270731,-4.59129223760148
GPRC5D,-0.04931247598406,6.24398721183656,-1.67770788214909,0.108567942262806,0.590169329270731,-4.59175337063078
UROD,0.0808747164717111,8.11660160281963,1.67766424740059,0.108576568491964,0.590169329270731,-4.59181480061899
APOL6,-0.0662403875191528,7.4653517925077,-1.67704180601414,0.108699683432271,0.590169329270731,-4.59269095948433
CAND1,-0.043966311424405,5.2164870362915,-1.6766613605146,0.108774991516953,0.590169329270731,-4.59322636287722
KATNIP,-0.0386750936029268,6.38676603140016,-1.67656792017532,0.108793494540498,0.590169329270731,-4.59335784836562
VPS4B,-0.0537494591925845,6.86427291254474,-1.67588339088399,0.108929126356974,0.590169329270731,-4.59432092565281
PKM,0.0813898494437392,6.92604009456653,1.67574965155179,0.108955642075073,0.590169329270731,-4.59450905219178
KDM8,0.0934684983192047,7.94379820441131,1.67555910673584,0.108993429755863,0.590169329270731,-4.59477706593043
HEATR6,0.0409434120338953,6.56489346433568,1.67500148974079,0.109104076904255,0.590169329270731,-4.59556126150967
TNFRSF10B,-0.0598723360953849,6.96113063284055,-1.67475192622162,0.10915362833448,0.590169329270731,-4.59591216871682
SLC35D2,-0.0391321842751517,6.61645005011372,-1.67450787950761,0.109202102872709,0.590169329270731,-4.59625528152129
KLHL3,-0.0555757322456718,6.86721363792673,-1.67340942855347,0.109420512502091,0.590169329270731,-4.59779917071218
MAP7D3,-0.0336393933387445,5.96380210607104,-1.67332407200747,0.1094374998241,0.590169329270731,-4.5979191092952
CBX4,0.0503563002536914,5.30082117910568,1.67261546467106,0.109578610527423,0.590169329270731,-4.59891463308732
NFYC,-0.0365218654658181,6.78847472612696,-1.67261125945251,0.109579448407431,0.590169329270731,-4.59892054007744
INPPL1,0.0555675464225594,7.54998062614259,1.67256523728811,0.109588618572072,0.590169329270731,-4.59898518581533
SRPK1,-0.072446149313734,5.97276679764352,-1.67221187756798,0.109659049110454,0.590169329270731,-4.59948149419086
HBB,0.179198820726685,10.2702708747165,1.67172059647605,0.109757033545704,0.590169329270731,-4.60017139014427
FASTKD1,-0.0864843009693376,6.03433242584787,-1.67081941958049,0.109936963580053,0.590169329270731,-4.60143650502509
SLCO1B1,0.0859659181385679,8.52335593550512,1.67077649500053,0.109945540194498,0.590169329270731,-4.60149675201018
CYP2C9,0.0448124978742096,12.0396427919808,1.67015868955986,0.110069044715647,0.590169329270731,-4.60236374886564
ALDH2,0.0497594658584941,11.9782563063878,1.67001247157954,0.110098292147148,0.590169329270731,-4.60256890908704
RNF31,0.0537896787209564,5.5302406390362,1.66985597312168,0.110129603250172,0.590169329270731,-4.60278847926013
ZNF446,0.0523605871232488,7.5849628604126,1.66969859547493,0.110161097874609,0.590169329270731,-4.60300926761089
MYNN,-0.0487964490559583,5.23989545823428,-1.6683341288023,0.110434477260623,0.590169329270731,-4.60492286103315
PLAC8,0.0585657368953654,7.02347269617912,1.66735031684765,0.11063194700529,0.590169329270731,-4.6063018880592
LRRC41,0.0670714234383272,7.6358113632601,1.66724397814667,0.110653309126755,0.590169329270731,-4.60645090889835
PRIM1,-0.0617973179846195,5.32018433224638,-1.66663432498229,0.110775848394013,0.590169329270731,-4.60730512837835
ETFA,0.0970113899100466,9.06144534141892,1.66659701681525,0.110783351008634,0.590169329270731,-4.60735739545042
MPST,0.0999329165552536,9.78777030474129,1.6659260405184,0.110918356885614,0.590169329270731,-4.60829725534991
DAB1,-0.0295541138072704,6.12092626357318,-1.66581828687843,0.110940050788494,0.590169329270731,-4.60844816352092
ARHGAP26,-0.0376473996622371,5.43783740198207,-1.6657427582685,0.110955259011823,0.590169329270731,-4.60855393646897
SSH1,-0.0442580954160727,7.43383949359968,-1.6655740403203,0.110989237956955,0.590169329270731,-4.60879020225072
NKG7,0.0675278812925225,5.67407222423404,1.66513801361223,0.111077092406835,0.590169329270731,-4.60940071431632
COA1,-0.0459950054923093,7.01422440136081,-1.66457943224629,0.111189726373963,0.590169329270731,-4.61018265092289
CD5,-0.0624545969373041,7.48195865919148,-1.66454988750384,0.111195686556653,0.590169329270731,-4.61022400406266
RBM38,0.0574323203240586,6.28859613892991,1.66428032085233,0.111250079858592,0.590169329270731,-4.61060128558825
NRG1,0.0643902878878668,7.29342732346247,1.66414008524568,0.111278385591569,0.590169329270731,-4.61079753938381
BOLA1,0.0593540478616014,5.6014878146804,1.66390431203903,0.111325988787709,0.590169329270731,-4.61112746639133
STOML2,0.0861838986511475,7.05471880926948,1.66321056232236,0.111466158707936,0.590169329270731,-4.61209805758776
ROCK2,-0.0556895768909836,7.23773422857109,-1.66306457165067,0.111495674701066,0.590169329270731,-4.61230226777239
FSCN1,0.0801605908481461,5.8363258380279,1.6622342110219,0.111663680741045,0.590169329270731,-4.61346351459746
HMCES,0.0484595550105471,6.90669280733967,1.66198163580743,0.111714826564447,0.590169329270731,-4.61381665195028
FASTK,0.0681047146529986,8.1874789299024,1.66161080745498,0.111789954305972,0.590169329270731,-4.61433505251434
CDK2AP2,0.11224022436331,7.02861511826392,1.66090918067264,0.111932217072887,0.590169329270731,-4.61531565898116
TLL2,-0.0471491038982756,6.07429784611996,-1.6599828687317,0.112120272183572,0.590169329270731,-4.61660981899957
XRCC2,-0.0430281065205879,6.61660546656463,-1.65946794620442,0.112224924804178,0.590169329270731,-4.61732899094247
GTF3C4,-0.0585074440055637,6.4426093079164,-1.6591146314406,0.112296780185601,0.590169329270731,-4.61782235592121
ARHGDIA,0.0634359864729675,9.27585722729077,1.65870690407912,0.112379750150782,0.590169329270731,-4.61839160515847
FPGS,0.0600534397057886,7.60988847426124,1.65863347075864,0.112394698887238,0.590169329270731,-4.6184941181745
ZNF354A,-0.0369140357811273,5.41898084089159,-1.65700922923084,0.112725774624068,0.590169329270731,-4.62076069990771
ICE1,-0.0502601826292868,5.35677235039131,-1.65650729575886,0.11282825260546,0.590169329270731,-4.62146079982924
SCAF8,-0.0579785647552048,5.34161278625563,-1.65633517392202,0.112863412265489,0.590169329270731,-4.62170084015194
SRP72,-0.078642595982096,7.21435743323014,-1.65629071507149,0.112872495467765,0.590169329270731,-4.6217628392489
HERC1,-0.0605136327816101,7.01745237670356,-1.65623148802066,0.112884596860655,0.590169329270731,-4.62184543108888
SMARCA5,-0.0838704230981424,5.07048839118205,-1.65612561486498,0.112906231817869,0.590169329270731,-4.62199306523198
NFAT5,-0.0490262742090889,5.47838367719028,-1.65605950706122,0.112919742588708,0.590169329270731,-4.62208524527858
SUPT5H,0.0696658961042214,7.86498176614715,1.65581051585272,0.112970642407635,0.590169329270731,-4.62243241153328
SLC25A6,0.102796656145819,8.31992896093293,1.65563939028123,0.113005635867431,0.590169329270731,-4.62267098792168
GDPD3,0.0339394981271776,6.92564438185611,1.65560880961471,0.113011890272553,0.590169329270731,-4.62271362032686
TIMM9,-0.0729991241121824,6.3962355173893,-1.65550051800906,0.113034040594602,0.590169329270731,-4.62286458458736
CYP2W1,0.0550354733429471,5.76534856744262,1.65489277851678,0.113158417816743,0.590169329270731,-4.62371166959541
PELI2,-0.0632233345436917,5.15314388235811,-1.65431000985925,0.11327779337687,0.590169329270731,-4.6245237323573
GRM4,0.0529696615845986,7.14821902356904,1.65424645829414,0.11329081785502,0.590169329270731,-4.62461227583752
ITSN2,-0.0626089719875969,6.94728676675791,-1.65401014931194,0.113339258953555,0.590169329270731,-4.62494149211298
HEBP1,0.0901533400650033,8.53168736551449,1.6540060098998,0.113340107649913,0.590169329270731,-4.62494725866565
ACTA1,0.045760841374243,5.21485090696107,1.65360287557202,0.113422787334606,0.590169329270731,-4.62550880760167
PXDN,-0.0664159948879811,6.97287614840486,-1.65240314935156,0.11366914370675,0.590169329270731,-4.62717937266321
SLC36A1,0.0367341871371716,6.81262867387798,1.65023134394526,0.114116261822437,0.590169329270731,-4.63020121905561
DPEP1,0.0390571327260847,5.94271541118177,1.65001036921887,0.114161837998297,0.590169329270731,-4.63050851706159
STAT4,-0.0760908992178576,5.98460065692104,-1.64964032537459,0.114238194237405,0.590169329270731,-4.63102304906482
ZSCAN26,-0.0668746626424628,6.05286185461713,-1.64961280898165,0.114243873797718,0.590169329270731,-4.63106130613745
LST1,0.0468347830450465,7.50534408913485,1.64933182588408,0.11430188418077,0.590169329270731,-4.63145194026123
TNFSF4,-0.0528110566619495,5.54781544120577,-1.64911336843856,0.114347003031039,0.590169329270731,-4.63175561442981
TRIM17,0.0613042992652639,5.72395776863945,1.64767852649509,0.114643720739967,0.590169329270731,-4.63374942008242
KLHL21,0.0565057936831551,6.48576482922225,1.64690611634537,0.114803720320832,0.590169329270731,-4.63482219829308
OAS2,-0.0916619630197682,6.65910806616677,-1.64663712437548,0.114859484482441,0.590169329270731,-4.63519570544593
TRIT1,-0.0441531713480611,6.42225771759797,-1.64637120019662,0.114914635161909,0.590169329270731,-4.63556490811664
HSPA5,0.114988461362982,9.07076784421822,1.64620110674689,0.114949922998466,0.590169329270731,-4.63580103841223
PPP1CA,0.112173320236961,7.72127093218192,1.64609186831143,0.114972590592136,0.590169329270731,-4.6359526778319
BRF1,0.050473962860807,6.74657151906213,1.64592102398778,0.115008049328015,0.590169329270731,-4.63618982046572
MBD5,-0.0618758130030986,6.07018790715125,-1.64484816618436,0.115230932181556,0.590169329270731,-4.63767859466305
AKT2,0.0436398389114925,5.10535463994046,1.64450103646938,0.115303125373293,0.590169329270731,-4.63816014158535
PRDM4,-0.035978326183217,6.93515970346916,-1.64417599204016,0.115370760078173,0.590169329270731,-4.63861098248879
STK3,-0.0557983836509449,5.92357887448564,-1.64371079548286,0.11546761569522,0.590169329270731,-4.63925610051582
TTC21B,-0.0553107029953028,5.70015756040933,-1.64361853732721,0.115486832336486,0.590169329270731,-4.63938402464991
HNRNPM,0.124110621832478,7.10289173811945,1.64320567958056,0.115572860415187,0.590169329270731,-4.63995642294805
CRIP2,0.0841007563886076,6.57951190423206,1.64319482570888,0.115575122790176,0.590169329270731,-4.63997146963129
TAOK2,0.0564242250018382,7.75722507619773,1.64305511601923,0.115604247139159,0.590169329270731,-4.64016514204593
CELF1,-0.0555367254119714,8.43968749338933,-1.64280872428444,0.115655625885983,0.590169329270731,-4.64050667237233
STK25,0.0713718006617822,6.13663160693665,1.6425624963539,0.115706989735483,0.590169329270731,-4.64084793743538
GNAI3,-0.0647520756045574,7.59759504609429,-1.64211288210377,0.115800830245609,0.590169329270731,-4.64147099170966
EP300,-0.0334116792444616,5.56974198341901,-1.64185496420509,0.115854690157109,0.590169329270731,-4.64182834469527
CFAP74,-0.0490226802543942,7.34137127403949,-1.64158970377,0.115910105437603,0.590169329270731,-4.64219582724671
TRH,-0.0468973407794437,6.52824881262117,-1.64121187038437,0.115989076848355,0.590169329270731,-4.64271918784366
LSG1,0.0335788814021875,7.23107664927577,1.64087552025022,0.116059416000761,0.590169329270731,-4.64318501166749
KLC2,0.0479479438819906,5.41840284479982,1.6404578253913,0.116146816465939,0.590169329270731,-4.64376339351158
SLC26A6,0.0507338228408402,6.28533250098536,1.64014004948391,0.11621334661377,0.590169329270731,-4.64420334392588
ZNF253,-0.0787217282695288,5.63897186563369,-1.63973651830735,0.116297876990933,0.590169329270731,-4.64476192790339
SETD3,-0.0380967086320426,8.0616340317064,-1.63951835621581,0.116343598469016,0.590169329270731,-4.64506387379494
PSD,0.0596694043913633,7.25771173385278,1.63949114218158,0.116349302933833,0.590169329270731,-4.64510153710338
NGB,0.0541399451509508,5.94500971156529,1.63889483831517,0.116474356315052,0.590169329270731,-4.64592668426895
LTBR,0.0784570874928396,7.90247759172479,1.63887833997038,0.116477817863674,0.590169329270731,-4.64594951098598
TOMM40,0.0607383822468672,7.71695090998071,1.63845503533092,0.116566661890562,0.590169329270731,-4.64653512643589
EML2,0.0556140062756443,7.27086811389949,1.63830203562583,0.11659878783921,0.590169329270731,-4.64674676410514
MB,-0.0465708018227516,6.50015771997294,-1.6382820507654,0.116602984690311,0.590169329270731,-4.64677440717981
HDHD3,0.115580765575562,7.65523544567548,1.63760976866708,0.116744239221519,0.590169329270731,-4.64770416133837
RPLP0,0.0466224208327711,11.9143725010455,1.63731743618976,0.116805706795504,0.590169329270731,-4.64810836287889
ELF4,-0.0469084363451984,6.47193281909947,-1.63729649534525,0.116810110990224,0.590169329270731,-4.64813731524116
LY86,-0.0420444564132901,7.22888580662472,-1.63704206031154,0.11686363394042,0.590169329270731,-4.64848906952343
BAHCC1,0.0343762960790655,6.45411215109641,1.63685614315349,0.116902756549467,0.590169329270731,-4.64874607255504
SDHB,0.0817383294517929,8.5003765535944,1.63670871886535,0.116933786943111,0.590169329270731,-4.64894984934663
SLCO4A1,0.0307495725736347,6.99248012397874,1.63653428262341,0.116970511882033,0.590169329270731,-4.64919094558998
IDH3B,0.0632092382302134,8.08098715344284,1.63617315718159,0.117046572351545,0.590169329270731,-4.64969001231932
COX10,-0.0557453419743926,7.20535770262293,-1.636163823747,0.11704853871825,0.590169329270731,-4.64970290980993
HLA-F,0.108605482653174,9.72294817215936,1.63601237689797,0.117080449413028,0.590169329270731,-4.6499121803045
GATA3,-0.0415653196607676,6.38271249666498,-1.63474931636323,0.117346869133176,0.590169329270731,-4.65165692277256
MXD4,0.066223986240981,7.75730017869626,1.63354630414379,0.117601097811219,0.590169329270731,-4.65331777837131
MFAP3,-0.0565756141148874,6.39825025954148,-1.63321645639701,0.117670884510315,0.590169329270731,-4.65377299982543
RECK,-0.118475946174221,7.7761560786555,-1.63307285758569,0.117701276967688,0.590169329270731,-4.65397115840314
LEMD3,-0.0387967352602247,6.28933263148602,-1.63270456343315,0.117779256077379,0.590169329270731,-4.65447932468256
CDK18,0.0379387858185174,5.74124159110622,1.63267688027035,0.117785119206545,0.590169329270731,-4.65451751798903
HOXA5,-0.0442121731825701,5.26698496932444,-1.63249212538948,0.117824255490074,0.590169329270731,-4.65477240417195
TM4SF4,0.0738853087301216,10.0828705425592,1.63242158762594,0.117839200263958,0.590169329270731,-4.65486971173718
DHX32,-0.0567629628156977,6.95634947435592,-1.63223632229394,0.11787845987456,0.590169329270731,-4.65512527214476
PICK1,0.0612472622367824,6.90924729454741,1.63196275493509,0.11793645173763,0.590169329270731,-4.6555025991864
EDAR,-0.0401915557593175,5.71132587801985,-1.63192040242976,0.1179454319336,0.590169329270731,-4.65556101107471
SPRR1A,-0.0360966675994058,6.41570465127294,-1.63164868024415,0.11800306014248,0.590169329270731,-4.65593573886794
PPM1A,-0.0679015618040233,8.02899616390838,-1.63088016817554,0.118166178503912,0.590169329270731,-4.65699532845683
TESC,0.0499875980615515,6.16678627605029,1.63085258096877,0.118172037478879,0.590169329270731,-4.65703335748594
DIO1,-0.0447193731004248,8.63556859494055,-1.63049501450056,0.118247999642876,0.590169329270731,-4.65752622004329
ZBTB7B,0.0448423905328538,6.38596936189329,1.62988979181615,0.118376668141899,0.590169329270731,-4.65836026229164
TLK2,0.0422430407644672,6.9589686452941,1.62971503125767,0.118413843639813,0.590169329270731,-4.65860105222182
CAAP1,-0.079236701045287,5.69315438973901,-1.62898793443904,0.118568619050918,0.590169329270731,-4.6596026583282
ECSIT,0.077344611491536,6.5203469502847,1.62868010607852,0.118634197074353,0.590169329270731,-4.66002660362389
ITIH1,0.097089151451663,11.2419049297414,1.62867732764129,0.118634789116059,0.590169329270731,-4.66003042985059
PRDM12,0.043168583569276,6.2251224922751,1.62845038368195,0.118683155741804,0.590169329270731,-4.66034294116503
XYLT2,0.0499973474612843,6.1279035033672,1.62735205125502,0.118917468637635,0.590169329270731,-4.66185492877297
MLYCD,0.0776010124736124,8.29553914034694,1.6270136962126,0.118989730080357,0.590169329270731,-4.66232056112222
NADK,0.0899768747548061,8.20483370233117,1.62699429697875,0.118993874235112,0.590169329270731,-4.66234725546371
GATM,0.099221521001611,10.3122002032637,1.62686501412079,0.119021495345005,0.590169329270731,-4.66252514920682
IPPK,0.0545108641213027,6.84308968130285,1.62667373678429,0.119062371392337,0.590169329270731,-4.66278832813062
PRPF8,0.0797985760761094,8.33675587845491,1.62622288326649,0.119158765734458,0.590169329270731,-4.66340856654432
DCN,0.0884295461312752,9.89314042504964,1.62620228254945,0.119163171821652,0.590169329270731,-4.66343690382979
PARK7,0.0565011775742322,9.84309761292741,1.62600630195148,0.119205095065606,0.590169329270731,-4.66370647116058
MSH3,0.0416221686467839,5.27481422925699,1.62580878418454,0.119247359693355,0.590169329270731,-4.66397812813769
SLC4A2,0.08971333646578,7.36788319266848,1.62570085175419,0.119270460280871,0.590169329270731,-4.66412656302922
IL2RA,-0.0843136332044053,6.16767172137834,-1.62524339623594,0.119368410491742,0.590169329270731,-4.66475559998495
KCNC4,0.0420166740084052,5.06579816782739,1.62474701005899,0.119474773095132,0.590169329270731,-4.66543801910933
JUP,0.0545647796348744,7.94349138803595,1.62465877567917,0.119493687765559,0.590169329270731,-4.66555930509501
KRT4,-0.0407481807735063,6.43072223214202,-1.62464448975663,0.119496750454146,0.590169329270731,-4.66557894189765
TMEM33,-0.083629052337664,6.01241128338118,-1.6245837516074,0.119509772544302,0.590169329270731,-4.66566242844497
ITGB4,0.0447022231286718,7.72960835506624,1.62457881583107,0.119510830813469,0.590169329270731,-4.66566921272583
SIRT1,-0.0819371566873104,4.68984306453869,-1.62432926845491,0.119564346007065,0.590169329270731,-4.6660121982442
CTC-338M12.4,-0.0386248932972762,5.07059804999646,-1.62382521046153,0.119672502253265,0.590169329270731,-4.66670487009066
QTRT1,0.0695551467551818,6.82913287314814,1.62369094103197,0.119701326463703,0.590169329270731,-4.66688935463789
GFRA4,-0.0535182326762287,7.19199528249805,-1.62314742112904,0.119818065960216,0.590169329270731,-4.66763602709543
SULT1B1,-0.0462807283073417,6.98554766116541,-1.6231290202332,0.119822019857755,0.590169329270731,-4.66766130244174
UBE3C,0.0488509249376196,6.45101462081776,1.62297264438105,0.11985562559185,0.590169329270731,-4.66787609055849
NAGLU,0.0788242866571076,7.64749354212716,1.62253493239483,0.119949733632849,0.590169329270731,-4.66847722167349
HNRNPL,-0.0594857398538072,7.72608114425196,-1.62234581478726,0.119990413126694,0.590169329270731,-4.66873690832638
PEX11A,-0.0458982196469703,7.18215842309518,-1.62162073133522,0.120146487258574,0.590169329270731,-4.66973234487836
CETN2,-0.0665600172537226,6.56241455949357,-1.62129046461253,0.120217633706321,0.590169329270731,-4.67018564315784
PIGN,-0.0697167938021241,5.77771304815073,-1.620847300296,0.120313156348703,0.590169329270731,-4.67079378665991
TGFB3,-0.0618800180429985,6.78142374630095,-1.62038190493162,0.120413539517537,0.590169329270731,-4.67143230255627
SLC16A10,-0.0412339816302343,5.10020058375252,-1.62029854820395,0.120431526529921,0.590169329270731,-4.67154665223762
GORASP2,0.0796443999217524,7.98843540203206,1.62012234704322,0.120469555280151,0.590169329270731,-4.67178835236322
JUNB,0.0921477474690986,7.06455857957756,1.61942581824378,0.120619982989508,0.590169329270731,-4.67274360688258
RAD1,-0.0391513519467072,6.46870434131544,-1.61778125006624,0.120975783175513,0.590169329270731,-4.67499782231735
PLPP1,0.0656783203428888,8.28756097453976,1.61755090975361,0.121025687351736,0.590169329270731,-4.67531341281475
SS18L2,-0.0502026384197698,7.09185013941515,-1.61738309193555,0.121062056664297,0.590169329270731,-4.67554331958148
GJA3,0.0541874906640883,5.60592905779851,1.61721476201079,0.121098546185588,0.590169329270731,-4.6757739098623
SOX13,-0.0419025210907154,7.32276301079246,-1.61673602252902,0.12120237489374,0.590169329270731,-4.6764296222986
PITPNA,0.0517370583012731,7.70710076833925,1.61544847118178,0.121481989329348,0.590169329270731,-4.6781924093304
STARD3,0.0725473154296098,8.13558247104476,1.61518994841375,0.121538197371485,0.590169329270731,-4.6785462252656
RCL1,-0.0622493046866209,8.1055633342184,-1.61504392709238,0.121569954992018,0.590169329270731,-4.67874605211591
GNAO1,-0.0458201317182639,7.68514551303783,-1.61473420975972,0.12163733730379,0.590169329270731,-4.67916984811764
TSPOAP1,0.0366448347853748,5.88544452862718,1.61458496254943,0.121669818825423,0.590169329270731,-4.67937404589264
HOXB3,0.0362061929205996,7.73536555616647,1.61454244117311,0.121679074328326,0.590169329270731,-4.67943222038991
RABAC1,0.106211868459788,8.02609266560559,1.61448669149828,0.121691210091893,0.590169329270731,-4.67950849108292
TXNL4B,-0.0371888193562989,7.22847374277468,-1.61423791322684,0.121745377313534,0.590169329270731,-4.67984881846681
SYNE3,-0.0917455827291498,6.37340096794323,-1.61412400497742,0.121770185647414,0.590169329270731,-4.68000463115297
RPL23AP53,0.0659594059572347,5.50333347444701,1.61404638757272,0.121787092548383,0.590169329270731,-4.680110797607
TSPO,0.0759237630229342,6.9590723677575,1.61392745965548,0.121813001677221,0.590169329270731,-4.68027346183423
AHCY,0.0645246481498979,7.76628737505095,1.61385866518191,0.121827991060814,0.590169329270731,-4.68036755167487
GEMIN7,-0.0360580745979787,6.49040143881176,-1.6135317724361,0.121899237727592,0.590169329270731,-4.68081459980559
STEAP3,0.0679837505091599,9.308038976832,1.61333433742757,0.121942285868996,0.590169329270731,-4.6810845725414
NCKAP1L,0.0405928001222786,7.23652698399395,1.6132926864507,0.121951368954222,0.590169329270731,-4.68114152292426
REEP1,-0.0511915986285509,6.86146637041828,-1.61328106749544,0.121953902872741,0.590169329270731,-4.68115740960339
TNKS,-0.038315468450852,6.10324897663192,-1.61209388616119,0.1222130422855,0.590169329270731,-4.68278019566015
ATP6V0C,0.0768615004855936,9.39028394510153,1.6114492458905,0.122353948700886,0.590169329270731,-4.68366099168024
EPN2,0.0391793068163098,6.25973101319799,1.61129666371866,0.122387320285666,0.590169329270731,-4.68386943144451
WDR19,-0.0623963877434601,6.28216666097509,-1.6112669021834,0.122393830387247,0.590169329270731,-4.68391008640567
RPL37A,-0.0657982072898043,12.6242292915822,-1.61095217119103,0.122462693104452,0.590169329270731,-4.68433998166824
CSNK1A1,0.0596576704053306,7.79917972875524,1.61043507104749,0.122575904517182,0.590169329270731,-4.68504615789995
CTSS,0.0567776241825703,7.5037603040778,1.6098369870839,0.122706955658987,0.590169329270731,-4.68586271578343
GSTA4,-0.0851851824262838,7.37219037132257,-1.60955126935155,0.122769603127947,0.590169329270731,-4.68625272235494
DOLK,0.0456731877056355,7.20575733813207,1.60954633696009,0.122770684856935,0.590169329270731,-4.68625945464211
RSRC1,-0.050072221135608,5.06005219729168,-1.60886366700867,0.122920479229403,0.590169329270731,-4.68719108955083
BIN3,0.0549277560346441,7.21453409486288,1.60881748375202,0.122930618492753,0.590169329270731,-4.68725410472814
RNASE1,0.0686688400125444,7.88145526881833,1.60873013581868,0.122949797138023,0.590169329270731,-4.68737328369498
HERC6,-0.0374544805361955,5.5334232898165,-1.60833882888673,0.123035745687737,0.590169329270731,-4.6879071292998
PSMC3,0.107873125674154,7.60063940690406,1.60805082562068,0.123099036312558,0.590169329270731,-4.68829997878934
MACO1,0.0575811740665597,5.98869499295254,1.60754475003991,0.123210315924701,0.590169329270731,-4.68899015989487
EMP3,0.0974197138848595,6.52111752990697,1.60681338071715,0.123371283834665,0.590169329270731,-4.68998730413353
STAU1,-0.0567511696929326,10.0163948702426,-1.60606402963986,0.12353639223802,0.590169329270731,-4.69100860848943
HSPA9,0.0688711670176064,9.00570300850059,1.60586779336959,0.123579660590662,0.590169329270731,-4.69127600294158
SWAP70,-0.0404871595858205,6.18876311946231,-1.60557773362771,0.123643639454474,0.590169329270731,-4.69167119735715
CTDNEP1,0.0449648323327768,7.75312738067962,1.60549921778078,0.123660962574475,0.590169329270731,-4.69177816266227
PAX2,-0.0292155035475844,6.82311476758109,-1.60523259945767,0.123719802334564,0.590169329270731,-4.69214135800568
MAPK11,0.0453817756545234,7.05433109651725,1.60519026638927,0.123729146940487,0.590169329270731,-4.6921990211595
CDC16,-0.0535120231899732,7.9243545408408,-1.60493668307477,0.123785135336021,0.590169329270731,-4.69254441056489
NUAK1,-0.0591092499653878,7.18529515353051,-1.60490196479494,0.123792802401448,0.590169329270731,-4.69259169486959
TFR2,0.0768170459403119,11.0820738475536,1.60471937004107,0.123833132551055,0.590169329270731,-4.69284036569843
CDK10,0.0607830404167224,7.27037530319231,1.6045715492578,0.123865790155354,0.590169329270731,-4.69304166311123
MED20,-0.0513276531461967,6.19450947170424,-1.60445612622522,0.123891295240233,0.590169329270731,-4.69319883258544
ZNF282,0.0544452418812625,6.49890824032842,1.6041286081491,0.123963691039997,0.590169329270731,-4.69364476146356
PRP4K,-0.0563929652143149,5.63285307325079,-1.60398057255417,0.123996425005345,0.590169329270731,-4.69384629518693
ADA2,0.0449194051086112,7.73996055035207,1.60388191428944,0.124018244566439,0.590169329270731,-4.69398059943657
ASRGL1,-0.0374798037456393,7.10832080263061,-1.60301753382346,0.124209551206558,0.590169329270731,-4.69515701958813
PACC1,-0.0458448896852155,5.1693781269885,-1.60285757706657,0.12424498029899,0.590169329270731,-4.69537466774776
UBE2V2,-0.0393678938989373,6.16232661215331,-1.60228593006819,0.124371664570445,0.590169329270731,-4.69615235545473
ANXA7,-0.0716796511896178,8.66948725052733,-1.60216874562769,0.124397647500549,0.590169329270731,-4.69631175112627
TUSC3,-0.0503061364062523,5.8151339123321,-1.60215693771969,0.124400265882309,0.590169329270731,-4.69632781189339
COPS8,-0.0502420954917516,6.99510325333153,-1.60215548545182,0.124400587923213,0.590169329270731,-4.69632978721899
CCN5,0.0455224922096218,5.39928857824648,1.60211144655446,0.124410353895687,0.590169329270731,-4.69638968679198
COX8A,0.0716020779803466,9.15065718417506,1.60190110297661,0.12445700810238,0.590169329270731,-4.69667576871458
NFE2L2,0.0712210587946158,6.81198411142861,1.60188889018674,0.124459717349392,0.590169329270731,-4.69669237808536
S100A13,0.0611905465463149,7.29793202453471,1.60169983486492,0.124501663091932,0.590169329270731,-4.69694948071752
RUSF1,0.0619917795029436,7.63701406233998,1.60164056930904,0.124514814790732,0.590169329270731,-4.69703007318669
SH2B1,0.0513062357448835,7.6027632062766,1.60148977338837,0.124548283363292,0.590169329270731,-4.69723512334324
SPOCK2,0.0498817464267467,6.97173245360557,1.59981583630493,0.124920313615474,0.590169329270731,-4.69951033609908
LILRB2,0.0683481877576703,6.94094339677772,1.59972562710703,0.124940388887447,0.590169329270731,-4.69963289706351
LYPLA1,-0.0919079523230556,7.04312872998014,-1.59941570076917,0.125009380883383,0.590169329270731,-4.70005393248378
PARL,0.0417789148998991,7.57923279239087,1.59913911615477,0.125070977689377,0.590169329270731,-4.70042962086355
SND1,0.0746624203785394,8.32442564678401,1.59907629276633,0.125084972320009,0.590169329270731,-4.70051494779708
SPON1,-0.0617302044880419,6.69389768445029,-1.5990107825204,0.125099566875404,0.590169329270731,-4.70060392132061
LECT2,-0.0626078384806258,10.8344054647583,-1.59884342285404,0.125136858202938,0.590169329270731,-4.70083121029447
AASS,0.0637916458501181,5.92556655201998,1.59809972443074,0.125302682770902,0.590169329270731,-4.70184099904754
TXNDC9,-0.0521921383826849,6.37164291604314,-1.59745606729076,0.125446349311535,0.590169329270731,-4.702714664566
CST3,0.102005014815738,9.52407482276306,1.59705795825938,0.125535277643429,0.590169329270731,-4.70325490258448
DCTN6,-0.0683076584759022,6.81388678819906,-1.59688081592465,0.125574864094755,0.590169329270731,-4.70349525367644
SMG9,0.0446411014887757,6.31161393380845,1.59685392030523,0.125580875441195,0.590169329270731,-4.70353174454667
ZNF787,0.0535350050884983,6.25284709713814,1.5966857707212,0.125618463430393,0.590169329270731,-4.70375987240747
INPP5K,0.0430635789960684,7.54899693207939,1.59604397975085,0.125762015301083,0.590169329270731,-4.70463041992651
ABCB1,0.0689014514537226,5.41163126927962,1.59575653308346,0.125826354105904,0.590169329270731,-4.70502023636359
ARL6IP4,0.0976431182891957,8.38858413240113,1.59575640742077,0.125826382238838,0.590169329270731,-4.70502040676747
COL16A1,0.0631659405335909,6.29512394161092,1.59496007958642,0.126004767123724,0.590169329270731,-4.70610005605804
SERTAD3,0.0383004897613553,7.06492701110749,1.59440087964655,0.126130159557377,0.590169329270731,-4.70685796619394
NES,-0.0463385069343862,7.72877488117359,-1.59432456612283,0.126147279844506,0.590169329270731,-4.70696138186175
MYOG,0.0417536572495149,6.97661041964471,1.59380797801048,0.1262632230986,0.590169329270731,-4.70766133322647
MOGS,0.0602611462661371,6.80066552680818,1.59373376015178,0.126279887906781,0.590169329270731,-4.70776188059323
EBAG9,-0.0801064004427324,7.14723772226714,-1.5935613866177,0.126318599596274,0.590169329270731,-4.7079953915846
IGFBP3,0.0653410118967847,10.7116343481975,1.5934651514394,0.126340216432891,0.590169329270731,-4.70812575111105
MRPL48,-0.063222142521497,6.95502005760625,-1.59316632699769,0.126407359623603,0.590169329270731,-4.70853049854822
PEX6,0.0798816118451287,6.24936014408177,1.59287748963685,0.126472287166862,0.590169329270731,-4.7089216639753
TBRG4,0.0468896956871459,6.10975887038497,1.59245202331733,0.126567978231846,0.590169329270731,-4.70949776445673
CSF1R,0.06983343583444,7.84100465986831,1.59242566262128,0.126573908972208,0.590169329270731,-4.70953345417153
DCAF15,0.040243891882766,6.9162717944447,1.59231028954769,0.126599868826271,0.590169329270731,-4.70968965235122
DOK4,0.0399347395742305,5.91877705994492,1.59195615865591,0.126679578884238,0.590169329270731,-4.71016903975947
RIMS3,-0.0304877250783259,5.7464584029669,-1.59187671340684,0.126697466693436,0.590169329270731,-4.71027657374973
TRNAU1AP,0.0457277598169557,5.70685239795723,1.59147512666624,0.126787919865747,0.590169329270731,-4.71082008342686
SRRD,-0.0363385523821305,6.89918553802225,-1.5913204356355,0.126822776787704,0.590169329270731,-4.71102941527779
SATB1,-0.0575944882578064,7.72578805428703,-1.59047543527788,0.127013324294995,0.590169329270731,-4.71217261805775
PHB2,0.0698723708666332,10.0264297854887,1.59013288772835,0.127090636877431,0.590169329270731,-4.71263591974003
ZNF266,-0.064668866226781,6.47428790138425,-1.589123083599,0.127318777405293,0.590169329270731,-4.71400125583664
LAIR1,0.0468491603581834,7.4255112505805,1.58866916232443,0.12742144124835,0.590169329270731,-4.71461477864162
PMVK,0.073785828763232,8.09458022681828,1.5880677604249,0.127557567461491,0.590169329270731,-4.71542743160124
EGFR,0.133850747604983,8.96758358697881,1.58790023897758,0.127595507261472,0.590169329270731,-4.71565375563382
MED1,-0.0637402469510789,5.79501558551531,-1.58753030452291,0.127679322403694,0.590169329270731,-4.71615347830455
CDO1,0.0659169029829278,10.3411682605912,1.58708995089994,0.127779152198635,0.590169329270731,-4.71674821044607
LIME1,0.0950078091782507,8.20414794047192,1.58700060448717,0.127799415315416,0.590169329270731,-4.7168688644513
SKP2,-0.051303265773806,7.00742939636775,-1.58698917290445,0.127802008108927,0.590169329270731,-4.71688430136513
ZNF211,-0.0514335003288353,6.29771092203183,-1.58658494678515,0.12789371875194,0.590169329270731,-4.71743010339839
RAP2B,-0.075345072110567,5.48981263190966,-1.58653932695166,0.127904072410553,0.590169329270731,-4.71749169444157
F11,0.0715754355290085,8.91764653037897,1.58631327375761,0.127955386688802,0.590169329270731,-4.7177968674889
SSTR3,0.0584306184860206,7.06094485973393,1.58592243609396,0.128044147752006,0.590169329270731,-4.71832442228387
HLA-DPB1,0.0884131788910631,9.5527963629398,1.58592048456975,0.128044591081275,0.590169329270731,-4.71832705621321
TSPAN14,0.0387089966618296,7.37143084255282,1.5856120473902,0.128114675107842,0.590169329270731,-4.71874331604428
USP33,-0.0592196733477005,6.66800597483532,-1.5855288153965,0.128133592820051,0.590169329270731,-4.71885563348309
AP1B1,0.071847581131764,7.20950735542685,1.58544172540175,0.128153389910551,0.590169329270731,-4.71897315229054
ST6GALNAC2,-0.0341418083386362,7.21760178885351,-1.58505031666062,0.128242395551941,0.590169329270731,-4.71950125654345
HSPB6,-0.0742180875491011,7.08718319111039,-1.58504098896042,0.12824451728366,0.590169329270731,-4.71951384063501
SMYD5,0.0301296306798009,6.94975384106866,1.58467896025242,0.128326889039572,0.590169329270731,-4.7200022134784
MYH14,-0.0550384059238773,7.90104850636974,-1.58447628601825,0.128373022435724,0.590169329270731,-4.72027558170271
FDXR,0.0810309079591827,5.87990038581642,1.58445240443696,0.128378459353994,0.590169329270731,-4.72030779156691
GSPT1,-0.0518224645315823,7.27964484040715,-1.58410527486848,0.128457509124097,0.590169329270731,-4.7207759346836
APOD,-0.0440195578903375,6.91070912503366,-1.58400221738133,0.128480985619353,0.590169329270731,-4.72091490419092
TM6SF2,0.0406657641154247,7.37797428848416,1.58357624566224,0.128578059976347,0.590169329270731,-4.7214892393637
PARP2,-0.053649003509088,7.60002516101878,-1.58348385198869,0.128599123575176,0.590169329270731,-4.72161379766096
RNPEPL1,0.0434281877266112,7.1342990749489,1.58302831180181,0.128703018207022,0.590169329270731,-4.72222784208879
SLC25A4,0.0609032472175877,7.80190461049369,1.58288712807087,0.128735232068045,0.590169329270731,-4.72241812303579
SMG5,0.0648715512589821,7.66054035066399,1.58277589546229,0.128760616727257,0.590169329270731,-4.72256802811557
TAF9B,-0.0394513542013996,5.6717626747406,-1.58218638520071,0.128895220019138,0.590169329270731,-4.7233623604228
RUFY3,0.0477031103799986,6.56314839860174,1.582141425958,0.128905490412004,0.590169329270731,-4.72342293123463
MTX2,-0.0621119444852268,5.8036815947747,-1.58197050480092,0.128944541507281,0.590169329270731,-4.72365319076582
PLIN2,0.11824479842597,9.82050566319995,1.58166925712178,0.129013392898382,0.590169329270731,-4.72405897580364
PTTG1,-0.0615361362673552,6.70963650837363,-1.58163675375489,0.129020823509172,0.590169329270731,-4.72410275478926
NDST1,0.0489303315912282,8.20862071445464,1.58107086090719,0.12915024979264,0.590169329270731,-4.72486484928305
KLHDC3,0.0590636804323458,8.26739647425415,1.581016509208,0.129162686358677,0.590169329270731,-4.7249380343901
PSG4,-0.0410345266164598,6.99466775120583,-1.58027991855878,0.129331329003098,0.590169329270731,-4.72592967162315
TFPT,0.0586950709334994,4.91083561818759,1.5801141538909,0.12936930618064,0.590169329270731,-4.72615278412578
IGFBP6,0.0586250270613613,6.12491163185739,1.58007797803272,0.129377595413582,0.590169329270731,-4.72620147298359
CIC,0.0504838331730553,8.4961547393424,1.57988489504553,0.129421845391429,0.590169329270731,-4.72646132775011
NPY1R,-0.0846050461067895,4.5000443124915,-1.57948527600862,0.129513468566672,0.590169329270731,-4.72699906561328
TPST1,-0.0323906324103622,5.87941703529203,-1.57939052924383,0.129535199686615,0.590169329270731,-4.72712654410593
CSNK1G3,-0.0451817950869967,5.98587005747804,-1.57902275027302,0.129619582293887,0.590169329270731,-4.72762132262492
ITGB3BP,-0.0609317992447727,4.92597458615555,-1.57889221389484,0.129649543368431,0.590169329270731,-4.72779691398552
MYO6,0.0379263725656445,5.74107050196229,1.57882414343028,0.129665169382733,0.590169329270731,-4.7278884747539
FANCI,-0.0485224274232636,5.34665964538246,-1.57873602283078,0.129685400367424,0.590169329270731,-4.72800700023907
CDC42EP1,0.0625459277841395,7.99116467297799,1.57871948561121,0.129689197323941,0.590169329270731,-4.72802924285135
ZC3H12A,-0.0389832800249544,5.7608368904896,-1.57866283077535,0.12970220601443,0.590169329270731,-4.72810544243373
VCL,-0.0833038466706286,7.88296002076749,-1.5785198307438,0.129735045529341,0.590169329270731,-4.72829776522423
SCRN1,-0.0350957754626679,6.26230866901757,-1.57819130716547,0.129810516214558,0.590169329270731,-4.72873955085851
THOC6,0.0716489373242731,5.84022316946476,1.57803656689192,0.129846076889698,0.590169329270731,-4.72894761516655
FUS,0.0693465373933845,8.1009220034114,1.57791770313591,0.129873398341395,0.590169329270731,-4.72910742919487
TMEM242,-0.0496786418913204,5.82773296318759,-1.57774054721384,0.129914127445651,0.590169329270731,-4.72934560080058
ECHDC3,0.0966529759583991,9.73921652787591,1.57738169923553,0.129996661169273,0.590169329270731,-4.72982797982846
WTAP,0.0493250383708707,5.91065540630501,1.57708750853804,0.130064356558412,0.590169329270731,-4.73022338115415
ENPP1,-0.0937308448814272,7.0200341886548,-1.57662288198817,0.130171330314343,0.590169329270731,-4.73084773863224
RPL15,0.0569500318724842,10.2639421851202,1.57652821399282,0.130193135285753,0.590169329270731,-4.73097493466737
PPIB,0.144509997201524,9.36664029523299,1.57594591213376,0.130327324405778,0.590169329270731,-4.73175718769178
TRIM24,-0.0658655341884543,6.78002496466198,-1.57574084742786,0.130374608178829,0.590169329270731,-4.73203261501261
PNKP,0.0562273753418535,6.39792407663414,1.57546963723325,0.130437165720888,0.590169329270731,-4.73239684181403
INTS3,0.0529038902651844,7.57860650251858,1.57537167341579,0.130459768275596,0.590169329270731,-4.73252839236283
NUP88,-0.059538283509178,6.59753341331904,-1.57511547033265,0.130518895777726,0.590169329270731,-4.73287240465821
SLC11A2,-0.0491519964254274,6.95335859815723,-1.57508269476228,0.130526461456831,0.590169329270731,-4.73291641040458
TCF4,-0.0832918723457068,6.66391156730421,-1.57458857906792,0.130640563892067,0.590169329270731,-4.73357974430767
PC,0.0898029318978364,8.66804799068319,1.57343466560132,0.130907352170993,0.590169329270731,-4.73512821441894
GTF3C2,-0.0548268037802084,7.73163370336559,-1.5727001114236,0.131077419612154,0.590169329270731,-4.73611348136303
ABCC5,0.0443942360314198,6.41462217244754,1.57268620102061,0.131080641988748,0.590169329270731,-4.73613213616614
WIPF2,-0.0460431108780448,8.17219269054827,-1.57259565992535,0.131101617652461,0.590169329270731,-4.73625355488808
ZNF239,-0.0596527515420758,4.971772653139,-1.57168047832934,0.131313794833612,0.590169329270731,-4.73748054430374
WDR74,0.0604192850975686,6.48997545776354,1.57069580034176,0.131542403434307,0.590169329270731,-4.73880009683015
ASCC1,-0.0342730069019161,6.25749140544411,-1.5706904971814,0.131543635543559,0.590169329270731,-4.73880720180198
KLHL2,-0.0905258731511653,5.94228881647016,-1.57063230339604,0.131557156622309,0.590169329270731,-4.73888516640681
FKBP8,0.0357323698693073,7.84132280168472,1.57040106867251,0.131610894461397,0.590169329270731,-4.73919493919055
SFI1,0.0603062794416692,6.45601970712298,1.57029324251253,0.131635958989731,0.590169329270731,-4.73933937617624
UTP20,-0.0565918598549743,5.97584337279786,-1.57028360117251,0.131638200342924,0.590169329270731,-4.73935229072474
CD34,-0.040276642130252,6.22409541332036,-1.57013372066077,0.131673047631489,0.590169329270731,-4.73955304744291
GDF11,0.036132848546254,6.39730551422914,1.56928639258863,0.131870196249699,0.590169329270731,-4.74068772061905
TBX4,0.0459973296333554,5.44679271634782,1.56894674280465,0.131949291834089,0.590169329270731,-4.7411424202771
ZNF337,-0.0544926674554982,6.26648648059949,-1.56881505846411,0.131979968305318,0.590169329270731,-4.74131868986953
SELENOW,0.0710468555663204,8.07238569979992,1.568682496812,0.132010855144867,0.590169329270731,-4.74149612235176
TLE1,-0.0600076512812143,7.65927941387422,-1.56867925827767,0.132011609798013,0.590169329270731,-4.74150045695458
RELN,-0.0683406882193185,8.27434107772058,-1.56867619139105,0.132012324456599,0.590169329270731,-4.74150456180992
RBL2,-0.0723779945335738,8.20399227925105,-1.56840446179686,0.132075656790021,0.590169329270731,-4.74186823216689
EHMT1,0.0411539079763682,5.63990587466343,1.56837431063598,0.132082685714403,0.590169329270731,-4.74190858211202
USP11,0.0372091189021715,7.0757740923803,1.56833980933431,0.132090729137865,0.590169329270731,-4.74195475292541
DHX58,0.0696937724595594,6.97864244221203,1.56824921526167,0.132111851628866,0.590169329270731,-4.74207598528133
CCND3,0.0339221391893837,7.25703158884435,1.56810533346763,0.132145404212901,0.590169329270731,-4.74226851585464
AMDHD2,0.0606010487866452,5.09331216164913,1.56806175019946,0.132155569033165,0.590169329270731,-4.74232683266233
CDKN2D,0.0398128687588862,6.66128238892337,1.56790556487262,0.132192001102904,0.590169329270731,-4.74253580700115
BBC3,0.050895757830565,8.17299603336466,1.5678906262399,0.132195486153031,0.590169329270731,-4.74255579389934
SEMA3G,-0.0548112541981081,5.81904762497745,-1.56749274268342,0.132288336985324,0.590169329270731,-4.74308808190498
SERPINA7,-0.0676920953507563,9.05411132220993,-1.5673645427727,0.132318265505832,0.590169329270731,-4.74325956547043
KRI1,0.0380138510711666,6.63689804354886,1.56716054370534,0.132365901101956,0.590169329270731,-4.74353241779188
PKD1,0.0582618340270677,7.19549809875078,1.56715937279737,0.132366174560554,0.590169329270731,-4.74353398382313
MME,-0.0509265100628485,6.96054704711562,-1.56707777810696,0.132385231673138,0.590169329270731,-4.7436431104572
SETD4,-0.0420148250639569,6.30820653193235,-1.5669899721011,0.132405742039419,0.590169329270731,-4.74376053937871
NCKIPSD,-0.0362033659733881,6.8049026563425,-1.56576757933817,0.132691552108389,0.590169329270731,-4.74539480355062
SSPN,-0.0503821869822211,5.18564602833924,-1.56505640495977,0.132858069175361,0.590169329270731,-4.74634514960421
ATG4B,0.0579599576821565,7.78810471658677,1.56491019721644,0.132892324337573,0.590169329270731,-4.74654048669806
SORBS2,0.100662838770045,9.40619142468385,1.5647394194935,0.132932345324665,0.590169329270731,-4.74676863213759
RHOB,0.116193002022749,9.93009069554803,1.56454011358501,0.132979064435594,0.590169329270731,-4.74703486478318
GTPBP8,-0.0426642144721589,6.4129525041258,-1.56436260106107,0.133020686473988,0.590169329270731,-4.74727196391783
KCTD2,0.0533913959664954,7.32092396188683,1.56436024878775,0.133021238093195,0.590169329270731,-4.74727510565303
SLC19A2,-0.0968281671870211,5.8227134905271,-1.56401931662942,0.133101208412379,0.590169329270731,-4.74773042191701
CYP4F2,0.0717715615428045,9.91949121963036,1.56383981835191,0.133143328257986,0.590169329270731,-4.74797011195454
ZKSCAN1,0.089951858618915,7.6174002486675,1.56279418578923,0.133388909629844,0.590169329270731,-4.74936595982944
PIK3R2,0.0393701455048371,6.44726566737339,1.56266451988457,0.1334193896977,0.590169329270731,-4.74953900493832
COBLL1,-0.0655654316606032,7.20825965104744,-1.56265889525918,0.133420711987853,0.590169329270731,-4.7495465110097
FPR1,0.0462196137255226,6.75251340032854,1.56232919988029,0.133498238930773,0.590169329270731,-4.74998645373057
VCP,0.141497377029236,8.07768254318977,1.56219519106107,0.133529761428722,0.590169329270731,-4.75016525357074
ARIH1,-0.058780836600708,6.10923248610284,-1.56199034280212,0.133577959233762,0.590169329270731,-4.75043854739643
PUS7L,-0.039869657470032,6.6660667796706,-1.5619585576096,0.133585439121157,0.590169329270731,-4.75048095044726
PES1,0.0558491898502242,6.67797334364475,1.56136428895017,0.133725350186978,0.590169329270731,-4.75127361269422
USP21,0.0420209544485169,6.80326857799114,1.56109290284826,0.133789284199805,0.590169329270731,-4.75163552254147
HNRNPH3,0.0412296112365241,6.98837768802865,1.56093601951271,0.133826254865294,0.590169329270731,-4.75184471393296
IRF9,0.0716229525600561,8.34217290775081,1.56093225020689,0.133827143233231,0.590169329270731,-4.7518497398022
MEN1,0.040985635762838,7.26684501916522,1.56078260979209,0.13386241515718,0.590169329270731,-4.75204925790337
GPR88,-0.179654019870788,5.01557130648985,-1.56058729009336,0.133908465820814,0.590169329270731,-4.75230965883842
DIAPH2-AS1,-0.0715036950321668,5.50340744912559,-1.56040946299251,0.133950403688109,0.590169329270731,-4.75254671678232
ESR1,-0.0717534285621495,7.73331307679355,-1.560210117902,0.133997429223707,0.590169329270731,-4.75281243525201
RIPK1,0.041287082139474,5.60987170512872,1.56008484962901,0.134026987043975,0.590169329270731,-4.75297939913675
CREBBP,-0.0969573627549288,6.23340683679523,-1.55980557845289,0.134092902295405,0.590169329270731,-4.75335158875383
ICAM3,0.0828817839150536,7.70007882285001,1.55968001879594,0.134122546409819,0.590169329270731,-4.75351890761861
CFL1,0.0678638637445228,11.0963479827553,1.559415094513,0.134185111795132,0.590169329270731,-4.75387190764137
POU5F1P4,0.0430870505889997,6.19629066536017,1.55893778208183,0.134297896643887,0.590169329270731,-4.75450778914279
BANP,0.0637664079503178,7.54822701139012,1.55889201510848,0.134308715124012,0.590169329270731,-4.75456875259918
CUL7,0.0334798806915747,7.28913090212115,1.55829600600827,0.134449666933792,0.590169329270731,-4.75536253502673
FXYD1,0.0889366702058648,9.52171860960861,1.5581889374546,0.134475000878004,0.590169329270731,-4.75550510731915
CX3CR1,-0.0669208775748276,5.9345143699178,-1.55785706107795,0.134553552741488,0.590169329270731,-4.75594698539338
MAX,-0.0352945940845936,7.30315547056655,-1.55763264966141,0.13460669029855,0.590169329270731,-4.75624573777431
SLC25A16,-0.0700690127274013,8.42251595320134,-1.55742283793645,0.13465638660757,0.590169329270731,-4.7565250240421
ATP5PF,-0.0694690974740696,9.64322752712683,-1.55623351705723,0.134938378865214,0.590407834160987,-4.75810761487379
GRN,0.0957212840676632,8.62865414143834,1.55567922749338,0.135069970284368,0.590407834160987,-4.75884487196452
CCNF,0.0393025260647306,6.88642116109311,1.55553956466471,0.135103143809429,0.590407834160987,-4.75903060471127
IL10RA,0.0381804529511522,6.44550053457185,1.55441126322722,0.135371392558152,0.590407834160987,-4.76053062244243
SMARCC1,-0.0410865485571473,6.53476064868647,-1.55427871959734,0.135402933216289,0.590407834160987,-4.76070677721221
SIGLEC5,-0.0341810731199958,6.94091400030375,-1.55421778164992,0.135417436321059,0.590407834160987,-4.76078776182984
COPS6,0.0538197270581246,8.01620240923278,1.55392996319557,0.13548595393617,0.590407834160987,-4.7611702304368
PPP2R2B,-0.0834544094300403,6.02390903592666,-1.55387450075483,0.135499160543665,0.590407834160987,-4.76124392563008
FBXO11,-0.0971062827807811,6.71645936593571,-1.55362117064899,0.135559496592184,0.590407834160987,-4.7615805098296
PIM1,0.0527943434546204,6.1468003975106,1.5535132507315,0.135585206826037,0.590407834160987,-4.76172388356611
EFHD2,0.0728787782232686,6.61078457711443,1.55272172062666,0.13577390016763,0.590407834160987,-4.76277521220736
TYK2,0.0400381857011202,7.331908594632,1.55251432372727,0.135823377638791,0.590407834160987,-4.76305061326977
CAMK2A,-0.0332980474651328,6.82024763948375,-1.55245804719371,0.135836805783069,0.590407834160987,-4.76312533763788
CCR4,-0.0458442195590824,6.25466221493016,-1.55196732009243,0.135953944850927,0.590407834160987,-4.76377683992405
TRIL,-0.0417652528356094,6.61241788791655,-1.55174223769274,0.136007701188797,0.590407834160987,-4.76407561212911
SAT1,0.0490601018150005,10.3886150283708,1.55141422161062,0.13608607269667,0.590407834160987,-4.76451095765614
RAB3D,0.0309328107220229,6.60973615365835,1.55138399115209,0.136093297417753,0.590407834160987,-4.76455107618544
CCR5,-0.0641819669363817,7.02198124012246,-1.5512084584369,0.13613525394033,0.590407834160987,-4.76478401192088
HTR1D,-0.0408669745848794,5.61070511254255,-1.55074652987482,0.136245717182001,0.590407834160987,-4.7653969040063
TRPC4AP,0.0546053149107416,7.04140646880238,1.55068297288297,0.136260921691543,0.590407834160987,-4.76548122112505
GRSF1,0.0584918098482885,6.82980895010242,1.55040898947582,0.136326481856683,0.590407834160987,-4.7658446673895
EPHB3,0.0559756645156475,7.36422734137483,1.54996779208402,0.136432108808679,0.590407834160987,-4.7664298232755
STUM,-0.0345423824303714,6.07874671163704,-1.54937581120263,0.136573941373918,0.590407834160987,-4.7672147599031
EPS8L2,0.0863630369010255,7.73827728215819,1.54904384018337,0.136653531706272,0.590407834160987,-4.76765483533473
HAPSTR1,-0.0650630852785244,6.77790211648231,-1.5487579685983,0.136722100462661,0.590407834160987,-4.76803374097572
PCMT1,-0.0513815005922278,7.1208611575171,-1.548364348865,0.136816560197173,0.590407834160987,-4.76855537195627
MPV17,0.0353607077206023,6.83696710209358,1.5475919414262,0.13700207750922,0.590407834160987,-4.76957868064048
C1orf54,-0.0384146673213405,7.16426923076788,-1.54736518195747,0.137056580304039,0.590407834160987,-4.76987902353426
PTPRT,-0.031342160415972,6.05992424096301,-1.54712548841903,0.137114211398133,0.590407834160987,-4.77019646063694
CYP2B7P,-0.130905281418266,7.90851058470302,-1.54688653634895,0.137171684198682,0.590407834160987,-4.77051287796081
LAMP1,-0.0548609693023508,11.3602042427835,-1.54686371134705,0.137177175116874,0.590407834160987,-4.77054310056519
NFIB,-0.0706776633860735,7.90427687878203,-1.54677274820298,0.137199059560611,0.590407834160987,-4.77066354151851
PCIF1,0.041232468581004,7.20779485221591,1.54666479774505,0.137225034664253,0.590407834160987,-4.7708064676479
SNRNP35,0.0535244446613973,6.62524130160674,1.54626922537628,0.137320252341444,0.590407834160987,-4.7713301385712
GPX4,0.0857036130023104,10.5333216621404,1.54612405825477,0.137355209042841,0.590407834160987,-4.77152228932604
BZW1,0.0880404208976722,7.07032377376802,1.54569534232631,0.137458488222208,0.590407834160987,-4.77208967863804
NFKBIE,0.0458694434775825,6.26999697770043,1.54524172455501,0.137567836365787,0.590407834160987,-4.77268989216045
SGTA,0.0973153504570858,7.12211864329019,1.54504426924385,0.137615457025617,0.590407834160987,-4.77295111660018
PPP2R5E,0.0692987934667665,5.37013635527376,1.54498885642867,0.137628823488764,0.590407834160987,-4.77302442060881
TBC1D13,-0.0269860786560504,7.17404018626522,-1.54457702757554,0.137728196928807,0.590407834160987,-4.7735691533767
TMEM230,0.110454197861536,7.75289343036304,1.54447101946267,0.137753786077473,0.590407834160987,-4.77370935387031
CERS4,0.0725603169035686,6.87480990861024,1.54415955944087,0.137828991747592,0.590407834160987,-4.77412123069612
PACSIN2,0.0981230700232232,7.84356630956364,1.54411413725202,0.137839962306922,0.590407834160987,-4.77418129193625
USO1,0.0608583912777303,8.28345444382017,1.54405212568301,0.137854940770841,0.590407834160987,-4.77426328691762
LYST,-0.0512192276151243,5.63837271881201,-1.54405192614362,0.13785498897037,0.590407834160987,-4.77426355075505
CORO2B,-0.0489435505751837,5.64677990233025,-1.54363813997331,0.137954970676279,0.590427786112494,-4.77481061549227
DMD,-0.141819927551392,6.45244228594382,-1.5433133863159,0.138033481807578,0.590427786112494,-4.77523989132502
CNPY3,0.0573959975748515,7.17242809971245,1.54273732548029,0.138172838941716,0.590427786112494,-4.7760011858004
GNAI2,0.0490062842292826,8.53752727034737,1.54156560319999,0.138456654212985,0.590427786112494,-4.77754899929735
NME3,0.0807848123951458,6.95035391937797,1.54122500059019,0.138539245623298,0.590427786112494,-4.77799875538543
NCAPH2,0.0580139586296787,8.32758163189896,1.5410243001917,0.138587931772509,0.590427786112494,-4.7782637385449
SLF2,0.0348365820053103,5.41919161652279,1.54073670255463,0.138657722237687,0.590427786112494,-4.77864340487089
PDCD5,0.0912850468257461,6.02719965987294,1.54070511621804,0.138665388972137,0.590427786112494,-4.77868509960376
NCDN,0.0453152639533819,6.18149275056067,1.54060462289474,0.138689783359063,0.590427786112494,-4.77881774883306
GALK1,0.113102319081629,6.54626363282775,1.5405418623226,0.138705020059617,0.590427786112494,-4.77890058816711
EPHX2,0.0973556264073229,8.25381683097549,1.54024196237097,0.138777847404289,0.590427786112494,-4.77929639794064
EPB41L4B,-0.0807421078553176,8.41771770879507,-1.54011099920297,0.13880966026488,0.590427786112494,-4.77946922520286
MYLIP,0.0507083921307514,6.39447245814512,1.53993430774739,0.138852590752625,0.590427786112494,-4.77970238036303
C11orf24,0.08026732871355,8.00207149946029,1.53992916128114,0.138853841347276,0.590427786112494,-4.77970917112884
PPP1R26,-0.029698122657691,6.74149550729406,-1.53910507991458,0.139054213885518,0.590427786112494,-4.78079632028578
CAST,-0.0961581750326081,7.85312151454557,-1.5390794529991,0.139060448813709,0.590427786112494,-4.78083012073871
FOXP3,0.0672774978739342,6.56859690954087,1.53776756559975,0.139379934888179,0.590427786112494,-4.78255984345834
APBB2,-0.0697218451420573,6.51542708835072,-1.53758325023341,0.139424870097613,0.590427786112494,-4.78280277156617
ZCCHC24,0.0585181623783592,8.15647841059357,1.53723250559512,0.139510413055964,0.590427786112494,-4.78326499151899
IL17RA,0.059682065060787,7.39228164938953,1.53688916189013,0.139594193027094,0.590427786112494,-4.78371737915768
C5,-0.0751933128321356,10.4106578591069,-1.53666197974522,0.139649651050269,0.590427786112494,-4.78401666993874
CMC2,-0.0749991086143875,7.54177280146994,-1.53653103086509,0.139681625595196,0.590427786112494,-4.78418916699722
MPDU1,0.0806499342753821,7.83231105114389,1.53631894858359,0.139733423789108,0.590427786112494,-4.78446851572644
VTN,0.0397728667117338,12.5790145807258,1.53615349406102,0.139773844815408,0.590427786112494,-4.78468642693834
ELMO1,-0.0493158287190976,6.03167448732458,-1.53599138235181,0.139813458555925,0.590427786112494,-4.78489991785829
EIF4A3,0.0457489985803968,8.55498994314483,1.53546124969601,0.139943066969586,0.590427786112494,-4.78559794719205
PLCG1,0.0287470807066137,7.51783065798646,1.53482641836798,0.14009840305781,0.590427786112494,-4.78643358804974
MAP1S,0.0800048821390629,5.80200008254023,1.5346941260748,0.140130791427337,0.590427786112494,-4.7866076932191
MADD,0.0370604205539998,7.21728147235365,1.53437740215419,0.140208358281334,0.590427786112494,-4.7870244749642
PRODHLP,0.0468915330735036,6.57946535260149,1.53365460663165,0.140385506426869,0.590427786112494,-4.7879753623934
DTX2,0.0308106223854747,5.83631413159642,1.53320762083102,0.140495149559462,0.590427786112494,-4.78856322905856
YME1L1,-0.0753040885973127,7.55741936787083,-1.53286382998653,0.14057952766014,0.590427786112494,-4.78901528530436
LAPTM4A,-0.0495434526430385,9.63608031859876,-1.53281839700175,0.140590681608293,0.590427786112494,-4.78907501999682
UPP1,0.0546494831160318,6.06425157846172,1.53263227719243,0.140636382268616,0.590427786112494,-4.78931971353041
SEC16A,0.0924922533416792,7.74527146054883,1.5318698658804,0.14082371611896,0.590427786112494,-4.79032182229636
DAGLA,0.0421049505425393,7.10624862413876,1.5316785658136,0.14087075322824,0.590427786112494,-4.79057320516214
AOAH,0.0565253061508648,6.50824611635732,1.53160584062953,0.140888638394358,0.590427786112494,-4.79066876519904
KRT38,-0.0604781197169441,5.55490537596422,-1.53152774539371,0.140907846294911,0.590427786112494,-4.7907713774966
BBOX1,-0.0887538435593184,7.85121075744954,-1.53143574429363,0.140930477184115,0.590427786112494,-4.79089225602352
KCNB1,-0.0399221444075862,6.54004140644693,-1.53126576548498,0.140972297313748,0.590427786112494,-4.79111557316733
SLC9D1,0.048283206049662,5.25479645391872,1.5309108691875,0.141059645989317,0.590427786112494,-4.79158177172965
SPINK1,-0.154240976518683,5.26990977378357,-1.53077879539726,0.141092163992711,0.590427786112494,-4.79175524495117
TOMM70,-0.071563801851731,8.43633276383394,-1.53030397028821,0.141209122223365,0.590427786112494,-4.79237881117823
CLN3,0.0575967511920487,7.57365877646702,1.52973285070005,0.14134990558796,0.590427786112494,-4.79312863741433
PPP2R3A,-0.0435357360660102,6.46863084792098,-1.52970663262989,0.141356371232189,0.590427786112494,-4.79316305404936
EPHX1,0.0951498109364323,11.9240408282499,1.52967297546243,0.141364671791734,0.590427786112494,-4.79320723536484
DTX3,0.0321980592641427,7.14380149168451,1.52949920830596,0.141407532797819,0.590427786112494,-4.79343532517669
NDUFC1,-0.0556442202846579,9.61638530650144,-1.52938414220375,0.141435920639771,0.590427786112494,-4.79358635187284
ROR1,-0.0304950487708005,5.97697714652224,-1.52921524373248,0.141477597930289,0.590427786112494,-4.79380801869683
LMO4,-0.0522542875253433,7.43054724969695,-1.52912514549759,0.141499834664776,0.590427786112494,-4.79392625822142
RAB5A,-0.0558611775558684,8.37393908938753,-1.52908130573391,0.141510655600128,0.590427786112494,-4.79398378894164
ARPC1B,0.111465458763933,7.00462583531418,1.52904024467394,0.141520791289555,0.590427786112494,-4.79403767201886
SERGEF,0.0465044046048127,6.11156527525896,1.52875704429527,0.141590714012062,0.590427786112494,-4.79440927591775
PABPC4,0.0802728646310649,7.89357584464216,1.52831983154374,0.141698718669329,0.590427786112494,-4.79498286343514
PTCRA,0.0421816807715193,8.30641003063893,1.52830384680442,0.141702668666999,0.590427786112494,-4.79500383169386
MYO19,-0.0398123952478398,6.84878528913325,-1.52774165932739,0.141841648923286,0.590669760889262,-4.79574118237805
NDUFS2,0.0534708042967302,9.29907623957278,1.52708568586529,0.142003956481458,0.590669760889262,-4.79660127362162
PRR15L,-0.0426793614093481,6.92909364116603,-1.52668498079412,0.142103178325672,0.590669760889262,-4.79712652381124
NREP,-0.102052019035538,7.6595133355155,-1.52598153602457,0.142277502326703,0.590669760889262,-4.79804835030935
GPATCH4,-0.0278578265000547,6.87898359756608,-1.52589796213672,0.142298224887468,0.590669760889262,-4.79815784741816
E2F6,-0.0333532800520186,5.79945548148627,-1.52554553279023,0.142385638878346,0.590669760889262,-4.79861954310889
CDSN,-0.0709897165288097,6.4721878520903,-1.52538762873613,0.142424818605196,0.590669760889262,-4.79882637642861
ARB2A,-0.0521342953564403,5.11894526345325,-1.52534148733231,0.142436269056124,0.590669760889262,-4.79888681238756
RFX5,-0.0478897159543007,7.2562937257467,-1.52528109335745,0.142451257572218,0.590669760889262,-4.79896591419788
SLC46A3,-0.0663754344411287,8.47684811436379,-1.52462432149833,0.142614338546791,0.590669760889262,-4.7998259724338
BRME1,0.0438248187484376,7.22708400705744,1.524305275735,0.142693615341905,0.590669760889262,-4.80024366631164
NDUFAF4,-0.0390436021599396,5.68060555344669,-1.52337429179946,0.142925154829519,0.590669760889262,-4.8014621188992
NT5DC3,0.0359276646874498,6.50748987366963,1.52317588950136,0.142974538298379,0.590669760889262,-4.80172170879394
RBM41,-0.0331498636905488,5.39279159924015,-1.52256505155893,0.143126667675515,0.590669760889262,-4.8025207647912
CEP70,-0.057378142873235,6.40631739772741,-1.52243585930728,0.14315886013111,0.590669760889262,-4.80268973317922
IL4R,0.0677722367912733,7.30780140959369,1.522290451312,0.143195100404753,0.590669760889262,-4.80287989650504
APEX2,0.0329036911837001,6.37682345649973,1.5220473201381,0.143255713275898,0.590669760889262,-4.80319782974739
MRPS2,0.0898283601372371,6.44257474467956,1.52203911143838,0.143257760082745,0.590669760889262,-4.8032085632563
CD28,-0.0356464216658722,5.33395007118409,-1.52121396880627,0.143463629131861,0.590669760889262,-4.80428727078751
SHTN1,-0.0987826640232081,5.98366213436867,-1.51982197389674,0.143811477443496,0.590669760889262,-4.80610598979133
ARPC2,0.0760232084438641,7.87106444573394,1.51969102041715,0.143844237384312,0.590669760889262,-4.80627702100543
PLXNB2,0.0847106184056429,9.13755775250359,1.51944672014952,0.143905369121734,0.590669760889262,-4.80659605757141
MKS1,-0.0419646326440931,6.70682794299264,-1.51906174388436,0.144001745915718,0.590669760889262,-4.80709872452255
KLHDC10,-0.04900549898954,7.94754642670398,-1.51823123958285,0.144209839348662,0.590669760889262,-4.80818278301968
TFPI,-0.06092570913933,9.13267118283408,-1.51810309143046,0.144241970540221,0.590669760889262,-4.80835001380236
ZDHHC3,0.0468682118569775,6.12861935910543,1.51760065034225,0.144368006833241,0.590669760889262,-4.80900558314263
GGT5,0.0855111305510408,7.14801293269792,1.51752456688611,0.144387100110364,0.590669760889262,-4.80910483968141
POMGNT1,0.0534194036432231,6.59037870256448,1.51744034176662,0.144408238976577,0.590669760889262,-4.80921471309758
ADARB1,0.0546476152619785,7.48910367348091,1.51723685880219,0.144459319754436,0.590669760889262,-4.80948014120784
CYP4F12,0.0616735785051275,8.49130832821681,1.51683623715522,0.144559932160331,0.590669760889262,-4.81000264059566
WDR4,0.0552059958864453,6.03921856743175,1.51613533509821,0.144736095928345,0.590669760889262,-4.81091651308414
HSPA8,0.0629468309339027,10.3921578893056,1.51540940301199,0.144918736924986,0.590669760889262,-4.81186267334045
CENPO,0.0292272196229105,6.87788288838173,1.51533603453758,0.144937206625554,0.590669760889262,-4.81195828013687
LIMA1,-0.0614832319665946,7.0157361273951,-1.51526297139079,0.14495560138809,0.590669760889262,-4.81205348546683
UBE3A,-0.0809130890708715,7.36521163343854,-1.51521668853618,0.144967254797082,0.590669760889262,-4.81211379273682
MRPL39,-0.0412166699663589,7.34843981989881,-1.51479083605272,0.145074514985567,0.590669760889262,-4.8126686175357
RITA1,0.0431085268706456,7.81268258486455,1.51403196757545,0.145265814321669,0.590669760889262,-4.81365701248814
LCOR,-0.0463903253686582,5.20079332823626,-1.51399340440883,0.145275541054119,0.590669760889262,-4.81370722909358
MALT1,-0.044385655296813,5.85274752427788,-1.51309730046071,0.14550171498005,0.590669760889262,-4.81487384604727
CASP9,0.0495931836136265,6.83520405354433,1.5129864029186,0.145529725311332,0.590669760889262,-4.81501818345052
HIC2,0.0581761293118009,6.28246846584904,1.51296715446008,0.145534587509132,0.590669760889262,-4.81504323521519
LRP5,0.112711614107523,6.85439557929121,1.51293714642359,0.145542167863602,0.590669760889262,-4.81508229001549
RAB3GAP1,-0.0468484477786086,8.00142989878078,-1.51241484392565,0.145674159140979,0.590669760889262,-4.81576195825473
PLEKHA5,-0.099097655602692,5.41237502754348,-1.51214532602095,0.145742307613431,0.590669760889262,-4.81611260807891
FAM234B,-0.0670980495076988,6.7225632425169,-1.51210901219096,0.145751491686276,0.590669760889262,-4.81615984958403
PIEZO1,0.0960428398870207,7.32793028938643,1.51209105162263,0.145756034240859,0.590669760889262,-4.81618321457679
GLS2,0.053440826531401,8.89056292376905,1.51206643561511,0.145762260266244,0.590669760889262,-4.81621523731106
TARS1,0.0677002825968136,6.10834059697834,1.51194314658781,0.145793446542505,0.590669760889262,-4.81637561672209
EMID1,0.0379723034976634,6.68378383333768,1.51167085582251,0.14586234263002,0.590669760889262,-4.81672978746065
COX6C,-0.0539369914598098,10.6552203103163,-1.51160959449673,0.14587784690139,0.590669760889262,-4.81680946367508
LCMT1,0.038345220047653,6.89762968588366,1.51149264226073,0.145907449422593,0.590669760889262,-4.81696156423416
CD3G,-0.0444476341728323,6.17841638233444,-1.5111067208696,0.146005167469123,0.590669760889262,-4.81746340349247
STIM1,0.0378248695037565,7.18458127281053,1.51108198162395,0.146011433456981,0.590669760889262,-4.8174955701611
OVOL2,-0.0364216285082788,5.1325363942161,-1.51070162269352,0.146107799084843,0.590669760889262,-4.81799007177749
HNF1A,0.068949821792415,6.8378770247849,1.51066875666968,0.146116128291579,0.590669760889262,-4.81803279606296
ELK3,-0.0403392106097432,5.55194385360449,-1.51064171735296,0.146122981133834,0.590669760889262,-4.81806794535802
ACACB,-0.0807296002532568,9.00301350356301,-1.51059520534584,0.146134769751263,0.590669760889262,-4.81812840669093
IGF2R,0.0678083891886315,7.14796236620639,1.51003601191142,0.146276560327692,0.590669760889262,-4.81885519273755
H2AX,0.0470452003274058,7.17184736557274,1.50985313803071,0.146322954844387,0.590669760889262,-4.81909282900283
GLT8D2,-0.0421667182682998,6.41225090317735,-1.50976388061443,0.146345603555901,0.590669760889262,-4.81920880676554
LARP6,-0.0408671440258537,6.15924690539047,-1.50951806022023,0.146407994389448,0.590669760889262,-4.81952818889718
PHLPP2,-0.0463458459112599,6.33683700004278,-1.50942674431396,0.146431176534787,0.590669760889262,-4.81964682071614
ELOVL6,-0.120461918173752,6.61428319468993,-1.50927671053474,0.146469271792081,0.590669760889262,-4.81984172286788
ALPI,0.0340766849324745,5.56016603663574,1.50925447154449,0.146474919213839,0.590669760889262,-4.8198706112522
YY1,-0.0812916407748353,7.88535358291774,-1.50860781314697,0.14663921143673,0.590669760889262,-4.8207104729616
NAA50,0.0419643054464303,6.3250952978143,1.50854159546095,0.146656043468983,0.590669760889262,-4.82079645872564
HSPG2,0.0767519920689344,7.57778205635719,1.50850867379397,0.146664412497168,0.590669760889262,-4.82083920745409
ZNF692,0.0396960940179683,7.04522188610291,1.50781370689791,0.146841171855468,0.590669760889262,-4.82174145034263
HS3ST1,0.0464978155547458,5.88266732738371,1.50659121397092,0.147152527953463,0.590669760889262,-4.82332776545887
SSTR4,-0.0244943445096527,6.37053979805432,-1.50650698493703,0.147174000153747,0.590669760889262,-4.823437024517
ZNF428,0.0458061975539552,7.21783823294416,1.50640788582894,0.147199266422324,0.590669760889262,-4.82356556640664
MTMR12,0.0344616443547334,5.22106828697351,1.50604281733439,0.147292374871995,0.590669760889262,-4.82403904121074
TNFRSF1A,0.0728852981088162,8.69849116148577,1.50556263186459,0.147414916825427,0.590669760889262,-4.82466167982613
PDLIM3,0.0468914351755774,5.16801095823578,1.50546586639772,0.147439621226169,0.590669760889262,-4.82478713316918
PSME3IP1,-0.0353585687432376,6.93035064998036,-1.50515334348965,0.147519432114965,0.590669760889262,-4.8251922659991
RNF128,-0.0743879717382095,8.40951593013718,-1.50492285090913,0.147578317140209,0.590669760889262,-4.82549101821859
PAM,-0.0728918846449943,5.84344806547872,-1.50491849556161,0.147579430007086,0.590669760889262,-4.82549666304314
SBNO1,-0.0299813249607913,5.53842297662148,-1.50486796686592,0.147592341469368,0.590669760889262,-4.82556215070966
EEF2KMT,-0.0310048051635278,6.12970063980435,-1.50432267185915,0.14773173825397,0.590669760889262,-4.82626877011122
RIOX1,-0.0349610854342662,5.7005651054388,-1.50418714529259,0.147766400423907,0.590669760889262,-4.82644436078527
QKI,-0.110074268786724,6.86328356151128,-1.50414455929622,0.147777293563718,0.590669760889262,-4.82649953341276
DDX49,0.0409675959752995,6.97767174643631,1.50396771614067,0.147822535607913,0.590669760889262,-4.82672863087361
RFTN1,-0.0796153197917175,7.89561013754215,-1.5031279547403,0.148037528191581,0.590669760889262,-4.82781623998078
CASKIN2,0.0434013547735812,6.39504882876172,1.50295032521173,0.148083037105063,0.590669760889262,-4.82804623416584
AIP,0.0531137648928204,8.07923072015679,1.50199059433926,0.14832912000389,0.590669760889262,-4.82928852207609
PLXNB3,0.030663633325413,5.82289642297295,1.50178302705731,0.148382386068431,0.590669760889262,-4.82955711794669
RCC1L,0.0554629886374436,7.41757920905,1.50175113208886,0.148390572368834,0.590669760889262,-4.82959838803965
DRD5,-0.0495805092319958,6.19375324435164,-1.50167312757046,0.148410594906711,0.590669760889262,-4.82969931810694
CDK13,0.0403447150356454,6.31315817031003,1.50165557045264,0.148415101849365,0.590669760889262,-4.82972203469932
SQLE,0.0714407969161773,7.58685985489912,1.50149891903993,0.14845531950955,0.590669760889262,-4.82992471172023
ABCG1,0.026095940267847,6.15603810220306,1.5014914004272,0.148457250013877,0.590669760889262,-4.82993443895245
MASP2,0.0852556872101071,8.90907367573441,1.50143237149218,0.148472407197592,0.590669760889262,-4.83001080652132
ENOPH1,-0.0402639819586916,6.21916067427494,-1.50140093040367,0.148480481016641,0.590669760889262,-4.8300514818737
WRNIP1,-0.0459556217695301,5.19245738012242,-1.50099636627283,0.148584401972489,0.590669760889262,-4.83057480706647
NFASC,0.0331943913221161,5.73977987117411,1.50095561009712,0.14859487437554,0.590669760889262,-4.83062752120847
POLR1C,0.0358661484392474,6.92332746089868,1.50093125218847,0.148601133491178,0.590669760889262,-4.83065902525362
SLC7A5,0.0469037855634758,6.99141350335078,1.50065579835978,0.148671930373127,0.590669760889262,-4.83101526395209
ZNF646,0.0450420821538036,7.69372692389508,1.50025445851255,0.148775131874788,0.590669760889262,-4.8315342165609
RYK,0.035963292503684,6.62140099418079,1.50020143624086,0.148788770542886,0.590669760889262,-4.8316027688772
RNF4,-0.0366445198652966,6.77959828803659,-1.50003672322459,0.148831145433041,0.590669760889262,-4.83181571364992
DEPTOR,-0.0686718468082046,7.05544518830135,-1.4998953342729,0.14886752775169,0.590669760889262,-4.83199848989622
LY6E,0.0890954523129847,9.63928378928896,1.49980521627727,0.148890720792204,0.590669760889262,-4.83211498012339
COMMD9,-0.0366285141804754,7.27422380466505,-1.49935296655866,0.149007157900597,0.590759593641705,-4.83269949372335
THOC2,-0.0429402469535079,5.90829043373347,-1.49917425549867,0.149053189780369,0.590759593641705,-4.83293043204353
NCOR2,0.0605360265323973,8.20070102393108,1.49832580768098,0.149271889621814,0.591349023583838,-4.83402653882041
CCL21,0.0684445756601625,6.56437112241406,1.49761255760165,0.149455943719887,0.591715814097948,-4.83494760702864
MCAM,-0.0430974714799311,7.3240343218431,-1.49742440226154,0.149504528177411,0.591715814097948,-4.8351905273502
POLD2,0.0883706919669876,7.70158192491342,1.49678773684719,0.149669020497548,0.591781013170651,-4.83601232438561
SMYD2,-0.0495220527053745,7.45554795623758,-1.49643275282881,0.149760800469887,0.591781013170651,-4.83647041254754
C1orf116,-0.0356275350092179,5.07593762873823,-1.49638471861298,0.14977322310298,0.591781013170651,-4.83653239161166
SEPTIN4,0.0677779354442196,5.68857273979582,1.49627680607706,0.149801134576571,0.591781013170651,-4.83667162661227
RPLP2,0.0879183253549358,10.5511261390565,1.4942431476914,0.150327935765327,0.593226774723314,-4.83929409409796
UBE2J1,0.055605788853764,6.04764288086377,1.49418963168063,0.150341819077749,0.593226774723314,-4.83936306682922
H2AZ2,0.0638872457096475,7.65521463456813,1.4937745157938,0.1504495455733,0.593226774723314,-4.83989801225073
MSRA,-0.0391384255245072,8.68124506554866,-1.49348050884525,0.150525881387953,0.593226774723314,-4.84027681805942
ADGRF5,-0.0562070121539101,6.93897801936954,-1.49337254189178,0.150553921833587,0.593226774723314,-4.84041591062113
DYNC1H1,0.0625863191484394,7.75885714581266,1.49314577134846,0.150612831068886,0.593226774723314,-4.84070803069753
MAP3K6,0.0433040073896261,5.63027104022545,1.49296986730673,0.15065853947411,0.593226774723314,-4.84093460179556
VWA8,-0.0986868999782392,7.44583934502441,-1.49222963289461,0.150851012767118,0.593707991561318,-4.84188782169568
QDPR,0.0678716631808391,9.93137956120915,1.4912142709927,0.151115351168633,0.5942619488989,-4.84319472548035
DGKA,0.0273313237802062,7.09981701087216,1.49114876658598,0.151132417536537,0.5942619488989,-4.843279014187
SIN3B,0.035055941641876,7.18968016370666,1.49061798371775,0.151270764671623,0.594521224987513,-4.84396189890787
TCTN2,-0.113671754465153,7.59452957308185,-1.48964292678895,0.15152518069787,0.594521224987513,-4.84521587054323
PDXDC1,0.0611647944396593,8.80324037514007,1.48947844093921,0.151568133539998,0.594521224987513,-4.84542734380697
OSBPL10,-0.0399686913293415,6.82675667222292,-1.4893848131544,0.151592587383133,0.594521224987513,-4.84554770930907
SERPINF1,0.0742492641302502,11.6547995690025,1.48929861376186,0.151615103921428,0.594521224987513,-4.84565851978885
USP7,0.0599920671683483,7.91514887234757,1.48923126625901,0.151632697975078,0.594521224987513,-4.8457450923948
TEX264,0.0566073229883236,6.77087481939998,1.48896571178095,0.15170208846163,0.594521224987513,-4.84608642233124
SLC67A2,-0.0540083528021315,5.60410726660573,-1.48856067634288,0.15180797592387,0.594521224987513,-4.84660694148978
NMB,-0.0314497074017037,6.34727920466906,-1.48847044019097,0.151831574381426,0.594521224987513,-4.84672289057799
GRAP2,0.0350511692518429,5.96386140698143,1.48804542667447,0.151942763791243,0.594681034754982,-4.84726893789225
MYOZ3,-0.0379497213045835,6.62430762645094,-1.48739608259636,0.152112769762728,0.595070789118078,-4.84810296247452
ST14,-0.0322108323761733,7.6568677530076,-1.48700178269931,0.152216078027751,0.595118394109369,-4.84860926551523
FSTL3,0.0423687377294134,6.36637752456896,1.48610025286798,0.152452498252002,0.595118394109369,-4.84976648241455
RPL28,0.0801919768796962,10.5049871748162,1.48604674538277,0.152466539667423,0.595118394109369,-4.84983514800876
GPR107,0.052318220645595,7.23180234832124,1.4860304192889,0.152470824165719,0.595118394109369,-4.84985609872547
ALDH4A1,0.111928224996773,9.79205865209535,1.48511202483698,0.152711999290118,0.595118394109369,-4.85103435049971
C15orf39,0.037150300887501,7.42917185757607,1.48498110621815,0.152746404573095,0.595118394109369,-4.85120226540953
CCDC86,-0.032558174361208,6.62001746772035,-1.48475346597935,0.152806243285717,0.595118394109369,-4.85149420669344
SNAP29,0.060150498596977,7.73111808979056,1.48433704484349,0.15291575551477,0.595118394109369,-4.85202816202295
NAGK,0.0614461567462405,7.62880285590713,1.48420794281935,0.152949720343807,0.595118394109369,-4.85219367888559
WDR12,-0.0599707492184445,6.25313590567072,-1.4840730557308,0.152985213722335,0.595118394109369,-4.8523666004268
ITIH5,0.0354152530495134,6.22741804295956,1.4839556592422,0.153016110206849,0.595118394109369,-4.85251708940527
SNRPA,0.0420213780504453,7.64078269086376,1.48392099276847,0.153025234727033,0.595118394109369,-4.85256152609458
ZNF507,-0.0620859312092656,6.31656636358481,-1.48383865549864,0.153046908401141,0.595118394109369,-4.85266706558132
SEMA7A,0.0333175229313089,5.46488629551486,1.48343749184073,0.153152542761663,0.595118394109369,-4.85318120896617
DNASE1L3,0.0641429687610425,8.99755477849903,1.48269000763364,0.153349529095846,0.595118394109369,-4.85413891442895
LLGL1,-0.0656347227293307,8.08677981908784,-1.48264293413269,0.153361941414398,0.595118394109369,-4.854199214051
RBM6,0.0393388922498577,6.49959901211607,1.48256877566971,0.153381497147738,0.595118394109369,-4.85429420556136
PEX7,-0.028834460162976,6.78036029595375,-1.48242156457632,0.153420323039016,0.595118394109369,-4.85448276097754
INPP5D,0.0381200638872737,6.98443055970733,1.48225950404946,0.153463074646665,0.595118394109369,-4.85469031920379
SMPD1,0.0613628188457115,8.02529998679952,1.48074953139892,0.153861873648362,0.596280975001349,-4.85662334788324
NELFCD,0.0891714970685923,7.43905521954522,1.4805902121835,0.15390400076662,0.596280975001349,-4.85682721353658
SERPINA6,0.0602474780351335,10.3926129272834,1.48005806917439,0.154044778053715,0.596552875597567,-4.85750802073333
CCP110,-0.0307921695454133,5.69331342302933,-1.47965301167215,0.154152005591493,0.596694662046778,-4.8580261090649
TRAF4,0.0662665633250527,7.58454497766906,1.47878044135908,0.15438320093595,0.597315956002187,-4.85914178834554
RBM15,-0.0355429719178851,5.97077531784491,-1.47833006170206,0.154502643755313,0.597477114783466,-4.85971744582605
AGK,-0.0694545849410633,7.2954033154517,-1.47791104012435,0.154613837969803,0.597477114783466,-4.86025289815337
ABL1,0.0508483922086755,6.83806400232923,1.47773714803179,0.154660002242495,0.597477114783466,-4.86047507324937
COL6A2,0.150802749984278,6.79166025198094,1.47732049885353,0.154770658584577,0.597477114783466,-4.86100732542634
BTG3,-0.0509927319152847,5.5847798224829,-1.47679220766328,0.154911058386194,0.597477114783466,-4.86168202499619
ANAPC13,-0.0891607916960312,8.38170846249594,-1.47674468856649,0.154923692254815,0.597477114783466,-4.86174270397712
SMARCA1,-0.0584950451547808,7.01642849467743,-1.47652990267546,0.154980807713309,0.597477114783466,-4.86201695315806
CRK,0.0606214404081533,7.84616085333629,1.47615526836491,0.155080470866801,0.597477114783466,-4.86249522912857
HSD17B14,0.0683958897741681,7.60620307777718,1.47607792229162,0.155101053583849,0.597477114783466,-4.86259396084412
NUPR1,0.103033925690569,8.94393441192507,1.47570024807783,0.155201589221785,0.597477114783466,-4.86307600051428
VPS4A,0.0613925502591469,6.90506295068301,1.47556443332844,0.155237755652666,0.597477114783466,-4.86324932207769
ARHGAP35,0.0582020539691479,7.3740504491876,1.47543082028375,0.155273342492839,0.597477114783466,-4.86341982159187
ARF1,0.0896114419207568,9.49299109310385,1.47509340710069,0.155363239596337,0.597477938703597,-4.86385032983222
PPP6C,-0.0593100293539223,6.74642423224495,-1.47441409426186,0.155544357869142,0.597477938703597,-4.86471683423738
IQCC,0.0560005974281346,7.19448422917109,1.47412897981882,0.155620426303521,0.597477938703597,-4.86508042073096
PAQR6,0.045584353006483,6.41473058695378,1.47383774598035,0.155698158698747,0.597477938703597,-4.86545175338628
DGKZ,0.0844615536022916,5.63439704124748,1.47363247461543,0.155752966109046,0.597477938703597,-4.86571344617792
B9D2,0.0556542930797039,7.2750842164134,1.47356958972371,0.15576975950814,0.597477938703597,-4.86579361000088
CNOT9,-0.0454193334709489,6.22746727406655,-1.47331640281755,0.155837387960593,0.597477938703597,-4.86611633786302
BAG3,0.0483905764408367,5.98120924495792,1.47330955950596,0.155839216201506,0.597477938703597,-4.86612506016636
MYL12A,-0.054795676667389,6.97575011762438,-1.47212680868255,0.156155459469802,0.597935641784531,-4.86763208093045
SREK1,-0.0825591822965698,6.49418096453073,-1.47175619402675,0.156254661752701,0.597935641784531,-4.86810410819905
NECAP1,-0.048156164859104,5.84157284174894,-1.47173276839132,0.156260933808584,0.597935641784531,-4.8681339407108
OFD1,-0.0418376812017749,6.8176052190429,-1.47171499717672,0.156265692068259,0.597935641784531,-4.86815657207508
PGM3,-0.0878003587899801,6.26093289243492,-1.47154055185582,0.156312406236927,0.597935641784531,-4.86837871397249
RNF185-AS1,-0.0388756690440169,5.67975679136374,-1.4710602243256,0.156441090445192,0.597967354593618,-4.86899026410535
LPIN1,-0.0488799149009089,7.19417463317398,-1.47098135939903,0.156462227338046,0.597967354593618,-4.86909065933586
JCHAIN,0.136096041209734,5.22538206330657,1.47053579891109,0.156581687425678,0.598084178267813,-4.86965777871673
SPRY4,-0.03846458825545,7.07241128431457,-1.47008636261269,0.156702261920807,0.598084178267813,-4.87022969335128
ARPC1A,0.0736729245815365,7.98487140867928,1.46974155008898,0.15679481926973,0.598084178267813,-4.87066837866474
TECPR2,-0.0307553570072799,5.84660312994895,-1.46933219219562,0.156904760205196,0.598084178267813,-4.87118907544253
ANKRD40,-0.0293283592456114,5.60770618496395,-1.46911380962877,0.156963436716266,0.598084178267813,-4.87146680757567
PIAS2,-0.0488585563291605,6.46151316338005,-1.46872047204315,0.157069166402642,0.598084178267813,-4.87196695945762
TBKBP1,0.0424101515273026,7.17751793417023,1.46870718818754,0.157072738133393,0.598084178267813,-4.87198384880747
KLHDC4,-0.0472532844441712,7.04060449073281,-1.4686704269308,0.157082622755329,0.598084178267813,-4.87203058714573
CERT1,-0.0482674158013344,6.41736600222316,-1.46849497010798,0.157129807781603,0.598084178267813,-4.87225365053255
SENP6,0.0401850915231068,5.65375448154459,1.4681093385728,0.157233554955693,0.598209608003423,-4.87274384088756
S100A9,0.0698028048235775,5.79732541638849,1.46749218457384,0.157399705082221,0.598572235798726,-4.87352811540486
TCP11L1,0.0279993733510307,7.18058964328014,1.46680655132293,0.157584458733627,0.598809852539852,-4.87439910601926
SLC26A10P,-0.0349229519838096,5.61175554672745,-1.46662475546261,0.157633475811235,0.598809852539852,-4.87462999526256
NNMT,0.118321340063608,10.4303096892912,1.46645692220028,0.157678739209624,0.598809852539852,-4.87484313119066
METTL9,-0.0524524658397757,6.99322686544972,-1.46620889855885,0.15774564872825,0.598809852539852,-4.87515806757198
BCL7C,0.0373561566186294,8.09195769369142,1.46587877847692,0.157834741302298,0.598879013922057,-4.87557718308254
TP53TG1,0.0557209753221201,7.75188774628011,1.46408215933556,0.158320329571053,0.599270626381291,-4.87785683015762
EPS15,-0.0650419136368162,6.21737309537087,-1.46394526132895,0.15835737998387,0.599270626381291,-4.87803044268122
FASN,0.145858716140833,9.38389426214899,1.46324264831303,0.158547647883101,0.599270626381291,-4.87892128571433
MRPL4,0.0736938314268636,7.87451157154104,1.46323738758659,0.158549073190886,0.599270626381291,-4.87892795450785
FXYD3,-0.0534674699742914,7.44778031863964,-1.46310110958401,0.1585859991178,0.599270626381291,-4.87910070155123
AFTPH,-0.0555171294970842,8.80308409308214,-1.46303198039565,0.158604733055851,0.599270626381291,-4.87918832535458
LY6G6D,0.0300953502595825,6.46417664031495,1.46279310308801,0.158669482410511,0.599270626381291,-4.87949108585385
RNH1,0.0583252978009429,7.80942681640767,1.46266991513098,0.158702881761359,0.599270626381291,-4.87964720273374
NEK11,-0.0518689507204886,6.08960687355118,-1.46264084036142,0.15871076549575,0.599270626381291,-4.87968404784981
IMP3,0.0702695874315022,7.1470839127353,1.46263564433738,0.158712174450975,0.599270626381291,-4.87969063247041
FCN1,0.0472822878476785,5.56635381691879,1.46255856851364,0.158733075545624,0.599270626381291,-4.87978830401894
EPHB2,-0.0422683270231085,6.81424800539926,-1.4623524308042,0.158788986090853,0.599270626381291,-4.88004950447316
WDR25,0.0524970074153815,5.10508613581327,1.4604228858277,0.159313111506627,0.600577329910987,-4.88249304321695
ENY2,-0.0510513816572427,8.01636479984638,-1.46020908732168,0.159371272361896,0.600577329910987,-4.88276363567463
AGPAT2,0.100726167028235,9.46410612001173,1.45981211110563,0.159479309877937,0.600577329910987,-4.88326598204842
NSMCE4A,0.0434491720091057,6.59431890156227,1.45861481151142,0.159805516713511,0.600577329910987,-4.88478042512012
MGAT1,0.0567718565843659,8.28715424148214,1.45857498043355,0.159816378084505,0.600577329910987,-4.884830789754
LMX1B,-0.0437584434620008,5.34180914583853,-1.45847226518397,0.159844389845727,0.600577329910987,-4.884960663588
TBC1D2B,0.0638037920840571,8.29120341733608,1.45827910209661,0.159897078689763,0.600577329910987,-4.88520488054738
PHIP,-0.0633999715887173,6.37055842571713,-1.45805541514758,0.159958111112947,0.600577329910987,-4.88548765679839
UQCRC1,0.0895935599225796,9.82365849329102,1.45717880473641,0.16019747444822,0.600577329910987,-4.88659550045836
PSMD13,0.0663734586226995,6.99737331687742,1.45710648695256,0.160217234200567,0.600577329910987,-4.8866868706255
ZNF91,0.0693331769850497,7.71243306500605,1.45705034291872,0.160232576082332,0.600577329910987,-4.88675780352017
PDCD6IP,0.0477729119677082,7.84148620298352,1.45645911200404,0.160394207884625,0.600577329910987,-4.88750463804665
ATG4A,-0.0338168450917505,6.66966407311805,-1.45608959308302,0.160495294853556,0.600577329910987,-4.88797128656154
MLST8,0.0574452496837781,7.04071454135237,1.45570094121371,0.160601671701672,0.600577329910987,-4.88846199545528
MAP3K20,-0.0245964585525862,5.68112260244405,-1.45559411452602,0.160630920969839,0.600577329910987,-4.88859685573975
TBC1D1,-0.0360006016943098,6.7968252943506,-1.4555903164178,0.160631960975768,0.600577329910987,-4.8886016504073
ECH1,0.0740484472628863,9.51769719481758,1.45527572207152,0.160718122833895,0.600577329910987,-4.88899875439187
TSPYL4,-0.0594889579590803,5.05607655734447,-1.4552327546825,0.160729893757018,0.600577329910987,-4.88905298566512
VPS13D,0.0379191037535291,6.65197841445275,1.45512355881734,0.160759811130468,0.600577329910987,-4.88919080144408
PFKP,0.0251088587974167,5.85910611588347,1.45499138434197,0.160796030206558,0.600577329910987,-4.88935760743842
ENO1,0.0876488790057433,9.10676393327374,1.45480269188703,0.160847748082809,0.600577329910987,-4.88959571897903
TRMU,0.0586494548976038,6.50351694708712,1.45438718594928,0.160961679850994,0.600577329910987,-4.89011996035402
SDAD1,-0.043672044634159,6.57673402565491,-1.45417591894847,0.161019634391543,0.600577329910987,-4.89038646891829
EEF1AKMT3,-0.0539472070813573,6.36044789481916,-1.45354706847954,0.161192240199442,0.600577329910987,-4.89117956703268
ETV5,-0.0370249046873475,6.81824015252197,-1.45317918874456,0.161293284779443,0.600577329910987,-4.89164340546471
SYNCRIP,-0.0737470970881947,6.66472479092763,-1.45313277559298,0.161306036609942,0.600577329910987,-4.8917019184942
NAXD,0.0790199894870551,8.12549313747427,1.45260368332159,0.161451460434934,0.600577329910987,-4.89236883948058
TNS2,0.0543304512791005,7.84249093724269,1.45244348452808,0.161495512893531,0.600577329910987,-4.89257073192661
GAS2,-0.134226566035206,6.72376363716306,-1.45231297608512,0.161531408121161,0.600577329910987,-4.89273519363101
BSPRY,-0.0354499755197434,5.80992548043232,-1.45199823980926,0.161618000254049,0.600577329910987,-4.89313176366979
HUWE1,-0.0248079418667488,13.1066826137907,-1.45163694454036,0.161717448384398,0.600577329910987,-4.89358691388918
EHMT2,0.0284453699361603,7.00999911619774,1.45127105896943,0.161818210583614,0.600577329910987,-4.89404775479169
SARDH,0.0793179722555631,8.05003166222523,1.45125137140386,0.161823633837614,0.600577329910987,-4.89407254908561
RCN3,0.048502323861448,6.92066308556291,1.45075015713351,0.161961750947129,0.600577329910987,-4.89470368222328
SYN1,-0.0357092326499855,6.63360176516116,-1.45072938987005,0.161967475739525,0.600577329910987,-4.89472982878056
POSTN,-0.0847831591203014,5.24292632251523,-1.45048158474083,0.162035799417324,0.600577329910987,-4.895041799233
ZNF79,0.0336757460055605,5.82235190541238,1.45036621846825,0.162067615639732,0.600577329910987,-4.89518702332187
NDUFV1,0.100625437559752,9.16068815061997,1.45016750671398,0.162122429123117,0.600577329910987,-4.89543714183662
LMTK2,0.0386697027426402,5.18881698769124,1.45011509161623,0.162136890028043,0.600577329910987,-4.89550311217071
TSFM,0.0489879163216065,7.57915935608538,1.44985111384241,0.162209735272333,0.600577329910987,-4.89583532916311
GFOD3P,-0.0290457089314239,7.05028398506786,-1.44971554906723,0.162247154977651,0.600577329910987,-4.89600591917218
UBE2I,0.0662599660235756,7.22028341398082,1.44950173151828,0.162306188878571,0.600577329910987,-4.89627495388589
CDC34,0.0882049201167606,7.43077509713677,1.44935714185682,0.162346119190008,0.600577329910987,-4.89645686505661
POU6F1,0.0325843650601104,6.96682219714154,1.44916237674157,0.162399918689574,0.600577329910987,-4.89670188008558
IFT88,-0.0409159367783959,5.89669731835122,-1.44912911194436,0.162409108789058,0.600577329910987,-4.89674372466083
KCNJ3,-0.0688887840522147,4.96371289604512,-1.44892885487512,0.162464442920608,0.600577329910987,-4.89699561656557
HIPK1,0.0526114280436588,6.16277872257203,1.44866211644971,0.162538170608738,0.600577329910987,-4.89733108840945
BMS1,0.0328847549268809,6.62113755357238,1.44835026386472,0.16262440242849,0.600577329910987,-4.8977232369579
PTN,-0.031552189635461,6.97028282131642,-1.44810032203004,0.162693541775065,0.600577329910987,-4.89803748528786
FAM50B,-0.0343904853580189,7.0838836418396,-1.44775980386301,0.162787774829893,0.600577329910987,-4.89846554427709
PFDN6,0.0453048767571537,6.5364754539726,1.44774755078004,0.162791166502232,0.600577329910987,-4.89848094589926
GPN1,-0.0532077500116224,6.47529638173623,-1.44760335521929,0.162831084358115,0.600577329910987,-4.89866218597897
UBFD1,-0.0296624842402375,5.25305610598929,-1.4471052195315,0.162969044966479,0.600685868685701,-4.89928818415281
SLC12A2,-0.0573667509747565,6.21106712025841,-1.44559909172258,0.163386748906425,0.600685868685701,-4.90117986113623
HPS4,0.0422061593661153,6.25526626872787,1.44528999588695,0.163472579536461,0.600685868685701,-4.90156788686068
H3C6,-0.0468827719944987,6.44415373380276,-1.44500716708575,0.16355114824321,0.600685868685701,-4.9019228799777
ASB6,0.04237961829756,6.2885354425186,1.44499972408582,0.163553216291556,0.600685868685701,-4.90193222132369
SRGAP2,0.0326192652443846,5.76027086358102,1.44467389997192,0.1636437677466,0.600685868685701,-4.90234110958192
SIRT6,0.0361989489998069,6.90816710941352,1.44416209892885,0.163786086951786,0.600685868685701,-4.90298323809059
ITM2A,-0.0384420015143212,6.46018867133108,-1.44382608685932,0.163879578064571,0.600685868685701,-4.90340471497905
PA2G4,0.0402463031255307,7.82595567480459,1.44346104893318,0.163981194203828,0.600685868685701,-4.90386251160174
EFR3A,-0.0797095236243817,8.24531067494792,-1.44333029190658,0.164017605630551,0.600685868685701,-4.90402647239172
TNFSF14,0.117396758986664,6.89807100813564,1.44291800485789,0.16413245652792,0.600685868685701,-4.90454337571824
ARHGAP33,0.0454550529627723,7.64779048007933,1.44280551071147,0.164163805347054,0.600685868685701,-4.90468439432179
BICC1,-0.0575387366146203,5.12478260542616,-1.44278764652791,0.164168784016831,0.600685868685701,-4.90470678740883
ZNF26,-0.0559707834194231,6.12600303188153,-1.44253227946588,0.16423996705732,0.600685868685701,-4.90502687053991
CRYBG1,-0.0601858960858603,7.31913978872982,-1.4424596665955,0.16426021230457,0.600685868685701,-4.9051178769592
SNTA1,0.0544315654579533,7.66208288270825,1.44234865843233,0.164291166474474,0.600685868685701,-4.90525699749143
ASNSD1,0.0399269109715683,5.54561422013629,1.44227029641035,0.164313020243854,0.600685868685701,-4.90535519922277
RAC1,-0.0452379364408839,9.51452182138919,-1.44224179555912,0.164320969205874,0.600685868685701,-4.90539091486578
PDIA6,0.0659767200877958,8.77129831636611,1.44207441453249,0.164367658491872,0.600685868685701,-4.90560065583907
ZCCHC2,-0.0806325175863528,5.90931971856709,-1.4412886477757,0.164586983856266,0.600685868685701,-4.90658502018986
RFXANK,0.0830110486409306,5.84839832333816,1.44080353076824,0.16472250919757,0.600685868685701,-4.90719253314295
SGSM3,0.0440232710766651,7.26153084145495,1.44079158779196,0.1647258468007,0.600685868685701,-4.90720748729088
UTY,0.035360992958101,6.00698262173874,1.44071228641283,0.164748009877563,0.600685868685701,-4.90730678033791
PYY,-0.0410047829839898,6.06878732712753,-1.44052018655665,0.164801707767122,0.600685868685701,-4.90754728993001
ITGB1BP1,0.0685260380308043,5.87456447666544,1.44043958047075,0.164824243892859,0.600685868685701,-4.90764820134534
FOXE3,-0.0330438786770183,5.2056463124491,-1.44022968919316,0.164882937710267,0.600685868685701,-4.90791094473977
UBAC1,0.0552122563918857,6.64868235359428,1.44013748086174,0.164908728112626,0.600685868685701,-4.90802636209661
KARS1,-0.050100077766964,8.41557970973788,-1.43983357807547,0.164993751933943,0.600685868685701,-4.90840671596317
SLC26A1,0.0563366523085897,5.98804003397932,1.43961484001784,0.165054970892535,0.600685868685701,-4.90868044093043
FABP3,0.0557589031863756,6.20952488257082,1.43958622580414,0.165062980607435,0.600685868685701,-4.90871624579305
BCL2L10,0.038769968163992,5.25995205479464,1.43951809287077,0.165082053700898,0.600685868685701,-4.90880149799404
ZC3H3,0.0485762730743561,6.24273095804399,1.43924799285619,0.16515768287651,0.600685868685701,-4.90913943229293
ALAD,0.048645951561834,7.92007632644611,1.43895219785999,0.165240538893811,0.600685868685701,-4.90950945649574
CD86,-0.032899418235105,5.78886570235957,-1.43845024614592,0.16538121898006,0.600685868685701,-4.91013723270494
CD79B,0.0292197821787862,6.05143151988107,1.43825064111312,0.165437188417534,0.600685868685701,-4.91038682409207
TMEM147,0.0539003552598556,8.0774231718469,1.43766914260732,0.165600328418905,0.600685868685701,-4.91111378700085
PJA2,0.0719869166636042,6.10030825859462,1.43756146255418,0.165630552431272,0.600685868685701,-4.91124837785249
LGALS2,0.0577231938327669,5.64616516822917,1.43741257185816,0.165672350934223,0.600685868685701,-4.91143446517828
RRP1,0.0585430313238332,6.54539087474888,1.43734508905008,0.165691298379573,0.600685868685701,-4.91151880179919
CIZ1,0.0611646379772241,7.10078336659371,1.43582391460144,0.16611887006224,0.600685868685701,-4.91341904733995
KRAS,-0.0666463023847721,6.1194465561009,-1.43582189902617,0.166119437190871,0.600685868685701,-4.91342156411949
EGR4,-0.0384897110842643,6.46133063209985,-1.43504057017268,0.166339399948706,0.600685868685701,-4.91439696926407
FAM117A,-0.0448713013286539,6.71034761305875,-1.43499991785576,0.166350850983571,0.600685868685701,-4.91444770766666
CRAT,0.063320337820296,8.35553083837567,1.4341105576286,0.166601527312423,0.600685868685701,-4.91555743514511
DIAPH1,-0.0538418628486565,8.21768334441057,-1.43392735737645,0.166653202264946,0.600685868685701,-4.91578596055509
DNAH6,-0.0360041305042107,6.22345603064949,-1.43392012096148,0.166655243692665,0.600685868685701,-4.91579498683438
CRYAB,-0.0704315652641998,5.84162032166235,-1.43381830789371,0.1666839677929,0.600685868685701,-4.91592197860622
DCAF7,0.0346721534458236,6.39195893498942,1.43373172646452,0.166708397798945,0.600685868685701,-4.91602996621576
ARCN1,0.060959652086774,6.74993150363907,1.43370225782379,0.166716713394706,0.600685868685701,-4.91606671941804
SOAT2,-0.0367753041110268,5.59927091091883,-1.43365404315353,0.166730319553032,0.600685868685701,-4.91612685130678
SCAPER,-0.0378573210795487,6.29852940182333,-1.43347894862755,0.166779738690084,0.600685868685701,-4.91634521030076
NALF2,-0.0447188223172796,6.28267966945234,-1.43322746924918,0.166850737577813,0.600685868685701,-4.91665879081207
IDE,-0.040714813685453,6.56757910792868,-1.43296408500716,0.166925123664258,0.600685868685701,-4.91698716869712
MUC1,0.0387032885793349,7.14379956012197,1.43295657003387,0.166927246467426,0.600685868685701,-4.91699653738189
VEGFC,-0.0461147387423061,5.29562925554333,-1.43266050940678,0.167010893972594,0.600685868685701,-4.91736559564345
RHEX,-0.0309740008435612,6.79462620266663,-1.43253397752651,0.167046653983294,0.600685868685701,-4.91752330695864
ZNF3,-0.0353622306894988,6.30863741662489,-1.43239731982076,0.16708528266249,0.600685868685701,-4.91769362670774
PHLDA2,0.0463438697645034,5.32206422038869,1.43195374166818,0.167210717435041,0.600685868685701,-4.91824637886794
SLC35A3,0.0418682280023705,5.47224419890257,1.43184280210408,0.167242100738711,0.600685868685701,-4.91838460153988
ATP7A,0.0353777004092803,5.63244254237694,1.43173114194863,0.167273692687983,0.600685868685701,-4.91852371333859
FASTKD2,0.0435174479009273,5.70087796076582,1.43138100815915,0.167372787087455,0.600685868685701,-4.91895987104512
CERS2,0.0513346381812088,10.0770460022351,1.43118332778636,0.167428755243628,0.600685868685701,-4.91920608143696
ERVH-4,-0.0548036377483635,5.9538963308964,-1.43078463282363,0.16754168149897,0.600685868685701,-4.9197025719377
CEND1,0.0335616060672447,7.56763747225513,1.43042742428436,0.167642909338687,0.600685868685701,-4.92014730553022
PPP4R3A,-0.0260836242126946,5.88544958974137,-1.43030126893921,0.167678671764972,0.600685868685701,-4.92030435079696
IRF6,-0.0559764240564266,8.30824240571934,-1.42993166340694,0.167783482706437,0.600685868685701,-4.92076439252356
SF3B2,0.0440723875749186,8.16735142681478,1.42908706039138,0.16802318949884,0.600685868685701,-4.92181529716587
SGCB,-0.0444395052374362,5.81395280037197,-1.42904702045828,0.168034560086679,0.600685868685701,-4.92186510481996
ABCC2,0.0817925027427803,7.46377375635061,1.42857059668237,0.168169903105855,0.600685868685701,-4.92245766590882
CHST3,-0.0355259775668952,7.11004543897542,-1.42848578904148,0.168194004573563,0.600685868685701,-4.92256313037608
MON2,-0.0479940374508914,6.37144755813572,-1.42840098660672,0.168218107346811,0.600685868685701,-4.92266858333977
CAPN15,0.0818971321259976,5.40191835886752,1.42818822670288,0.168278590791703,0.600685868685701,-4.92293313099213
CD177,-0.0435704345017128,6.35531997458843,-1.42803099581366,0.168323299699605,0.600685868685701,-4.92312861300487
SEH1L,-0.0659614820470264,5.49877252966617,-1.42790114581265,0.16836023001954,0.600685868685701,-4.92329003987092
SLC13A2,0.0392481127121578,5.40215107324979,1.42775658798254,0.168401351041544,0.600685868685701,-4.92346973733521
SMPD2,0.0393101571098808,6.25871296669113,1.42771737908835,0.168412505827092,0.600685868685701,-4.92351847474735
PAFAH2,0.0448545190605203,6.36816097424778,1.42761992651991,0.168440233303184,0.600685868685701,-4.92363960551208
PDLIM5,-0.0921508010086869,8.63960666601355,-1.42724618379833,0.168546605748283,0.600685868685701,-4.92410409545689
ROGDI,-0.0480197377767245,7.2206590427278,-1.42704057126003,0.168605149061488,0.600685868685701,-4.92435959041423
ICAM1,0.0297395455303558,7.58766181386283,1.42697705342416,0.168623237578503,0.600685868685701,-4.92443851194839
ITGBL1,0.0868023990477049,5.55575791155749,1.42689210919399,0.168647430317762,0.600685868685701,-4.92454405157501
GCFC2,-0.0665883026566316,5.18597320778111,-1.4266876082134,0.168705685171871,0.600685868685701,-4.92479811471354
ABCB4,0.129115706999639,9.15455633793032,1.4264835054221,0.168763842767629,0.600685868685701,-4.92505165397422
DRAP1,0.0883767813895884,6.53650969231062,1.42564658596455,0.169002485834578,0.600685868685701,-4.92609098174528
GDI1,-0.0348655609945032,7.57923423405943,-1.42564082296143,0.169004130066067,0.600685868685701,-4.9260981368261
SETBP1,-0.0639793296813022,6.59887425610432,-1.42553760014607,0.169033582554968,0.600685868685701,-4.926226289609
IMPDH1,0.0416470092250449,7.48525111733507,1.42539856335649,0.169073260355721,0.600685868685701,-4.92639889422249
PKNOX1,-0.0242055046635419,6.31859417251653,-1.42524821260656,0.169116175337667,0.600685868685701,-4.92658552910473
PDS5B,-0.0732439149022568,5.6371814623092,-1.42426299388067,0.169397605958103,0.601432676615955,-4.92780811875167
SYF2,-0.0350879527235536,7.68764102332305,-1.42400564979492,0.169471179162393,0.601441186023613,-4.92812735330361
ACAA1,0.0804736978805804,10.5749922433108,1.42368142606188,0.169563909516119,0.601446764522537,-4.9285294857874
ARFGEF2,-0.0456536209585474,6.22691675737973,-1.42330774059263,0.169670836977879,0.601446764522537,-4.92899287393445
BNC2,-0.0489224062406953,6.61806062217983,-1.42313016356627,0.169721668422873,0.601446764522537,-4.92921304377102
SLC25A37,0.0553557320998512,6.44972088895464,1.42247409999357,0.169909573059843,0.601446764522537,-4.93002627602452
SLC2A8,0.0509580924921174,6.97378795984845,1.42228509401384,0.169963737755731,0.601446764522537,-4.93026050488196
FKBPL,0.0457366824743178,5.28412313469048,1.42164494838165,0.170147291819829,0.601446764522537,-4.93105363005818
EYA3,-0.0401910340133562,6.31439854519322,-1.42137837770504,0.170223774805402,0.601446764522537,-4.93138381999934
FEM1B,-0.0385211772767085,5.69691681899135,-1.421210232224,0.170272032410092,0.601446764522537,-4.93159206912926
SLC7A9,-0.0348375450363776,7.29038287386488,-1.42115047115144,0.170289186437452,0.601446764522537,-4.93166607877787
CYTH2,0.0454532112122787,6.05362632722302,1.42110103760285,0.170303377067421,0.601446764522537,-4.93172729666159
C2,0.0662602754269826,9.89506012376846,1.42087804768545,0.170367401447007,0.601446764522537,-4.93200342325301
MICU2,-0.0854711986604814,6.18490079083995,-1.4205127780501,0.170472318726162,0.601446764522537,-4.93245565826249
DNAAF8,0.0356884854437465,6.15944217576107,1.42042968165299,0.170496193963848,0.601446764522537,-4.9325585256261
LRBA,-0.0397835291320131,6.47276228380565,-1.42042780626347,0.170496732831384,0.601446764522537,-4.93256084716753
ZAP70,0.0340023213936307,5.76186369015387,1.42027582187816,0.170540408023195,0.601446764522537,-4.93274898016768
PAPSS1,-0.0411909225566454,7.0310576276678,-1.41908267359737,0.170883591498416,0.602146158078696,-4.93422534856814
DDX23,0.049896598866022,6.89178045951529,1.41886429911185,0.170946462339588,0.602146158078696,-4.9344954508426
LGALSL,-0.0449483358803626,5.40814894825053,-1.41884332802511,0.170952500974058,0.602146158078696,-4.93452138772481
PSMD8,0.0809475218573695,8.24823469744943,1.41851345142934,0.171047511679593,0.602229780705235,-4.93492933596816
GCHFR,0.064666201116585,8.79872379822543,1.41810132354122,0.171166271992469,0.602396917257962,-4.93543889444551
KIAA0319L,0.0550660673418173,7.74964276410025,1.41754514744217,0.171326646910475,0.60255686034891,-4.93612636617637
CCT7,0.0777700497361675,8.04921391810635,1.41744916633144,0.171354335552477,0.60255686034891,-4.9362449834058
AFDN,0.0663496607607325,5.21048009826554,1.41692243400832,0.171506351423637,0.602840544729505,-4.93689582464555
STRAP,-0.0548435497460255,8.23745301693773,-1.41522317249537,0.171997500564255,0.604004513822672,-4.93899413719636
MYO1E,0.0472945309975679,6.12597936166623,1.4148155126746,0.172115497247298,0.604004513822672,-4.9394972289333
PRDX2,0.0781272321100421,9.07196382164274,1.41475041746135,0.172134345006766,0.604004513822672,-4.93957755191031
CYBC1,0.0437234754785686,5.69442821027276,1.41402075151515,0.172345727027237,0.604004513822672,-4.94047770501506
AIFM1,0.0596250102963565,8.38058284674769,1.41386846057813,0.172389871550073,0.604004513822672,-4.94066553161058
ZBTB17,0.0410970927721394,6.44616432405624,1.41369564281739,0.172439977180218,0.604004513822672,-4.94087865499586
GRTP1,0.0608822447939843,5.63802173717232,1.41361060936131,0.172464635508612,0.604004513822672,-4.9409835127615
ANXA10,-0.0851789833516724,9.1667651783428,-1.41351590426976,0.172492101789485,0.604004513822672,-4.9411002909713
EMC7,-0.0491025314267886,7.45334842817147,-1.41333179174207,0.172545507986916,0.604004513822672,-4.94132729692862
SNRK,-0.0762815305587,7.40576225258613,-1.41330839599585,0.172552295428157,0.604004513822672,-4.941356141566
STAG2,-0.101113449023804,6.91080189538032,-1.41214382080952,0.172890426528913,0.604937517254376,-4.94279146025367
VWA1,0.0481898521481011,7.11367964903485,1.41181656061985,0.172985541320149,0.604953432114607,-4.94319463080374
TXNRD2,0.0728140317817705,7.65899773746983,1.41163558098853,0.173038159221421,0.604953432114607,-4.9434175575618
FAM174C,0.0534059134191435,6.33829415745093,1.41113539119163,0.173183650929121,0.605200961816269,-4.94403356038544
MFN2,0.0588182387093981,8.10661608731949,1.41078626471689,0.173285260587736,0.605200961816269,-4.94446341847212
CD200,-0.0356085150448021,5.10309908535846,-1.41065379948124,0.173323825750931,0.605200961816269,-4.94462649233554
G3BP1,-0.0414019420640581,6.30237680155891,-1.40950193170283,0.173659464407149,0.605717214039969,-4.94604399968412
WDR59,0.0285844632961443,7.36882351828234,1.40906392000282,0.173787231898426,0.605717214039969,-4.94658277849545
TIMM17A,-0.0497122607685328,7.78726490298737,-1.40888855023103,0.173838408195592,0.605717214039969,-4.94679845515146
BOP1,0.0501731872005287,5.83032863201932,1.40880402559746,0.173863078439991,0.605717214039969,-4.94690239912766
WAC,-0.0801998561287542,7.87235708898654,-1.40851850794798,0.173946433383842,0.605717214039969,-4.94725347653664
NDNF,-0.0392881793544625,5.17535116194185,-1.408037348105,0.174086977289084,0.605717214039969,-4.94784498879565
NIT2,0.0569412037650889,8.8208003183027,1.40743437546597,0.174263230585932,0.605717214039969,-4.94858602052535
UFM1,-0.0529775760030454,6.78973800753337,-1.40735250444491,0.174287173115871,0.605717214039969,-4.94868661728178
CAMK2B,0.0426710908506672,7.74899400926685,1.40721789068216,0.174326545577788,0.605717214039969,-4.94885200993871
CSTA,-0.0856166842204557,6.1961471166178,-1.40709866444811,0.174361423380945,0.605717214039969,-4.9489984860868
FRAS1,-0.0438928680309255,5.43696508589917,-1.40683116393704,0.174439696912512,0.605717214039969,-4.94932708901892
RNF208,-0.0404156721552789,6.44575098157544,-1.40648582200759,0.174540789355932,0.605717214039969,-4.94975123916707
CSNK1G1,0.0381567421611751,5.90958366089268,1.40624997446246,0.174609856346309,0.605717214039969,-4.95004085953152
ATG101,0.0547586940124345,6.40467343834695,1.40624656811785,0.174610854040952,0.605717214039969,-4.95004504222881
SLC25A38,0.0471541525687021,7.04568091607786,1.40545736230769,0.174842130184551,0.605717214039969,-4.95101389792828
HERC2,-0.0346306172132308,5.55394553558627,-1.40498314949285,0.17498121596415,0.605717214039969,-4.95159584593402
TMF1,-0.036997890964433,5.77524850766543,-1.40484254846948,0.175022471039278,0.605717214039969,-4.95176835919797
PTGES2,0.0592186788319332,8.1060951046058,1.40481601236116,0.175030258124229,0.605717214039969,-4.95180091664445
SPPL2B,0.0540286795658113,6.78545115518601,1.40464153896713,0.17508146467876,0.605717214039969,-4.95201496759841
XPA,-0.0423002174557088,5.92582593027558,-1.40461761144102,0.175088488153792,0.605717214039969,-4.9520443211689
FLOT2,0.0403804333752051,8.24612095533585,1.40453413397023,0.175112993162939,0.605717214039969,-4.95214672565448
RPP30,-0.0486515204869067,6.75000652573753,-1.40452185432736,0.175116598113104,0.605717214039969,-4.95216178906987
NET1,0.0579120807271192,6.42528406997406,1.4045089952152,0.175120373242561,0.605717214039969,-4.95217756320493
APOE,0.0828656532989839,11.610800667629,1.40371967024376,0.17535222520116,0.60613784528334,-4.95314559586903
RNF19B,0.0334481859707175,6.85230516174877,1.40349046280931,0.175419597398192,0.60613784528334,-4.95342661464446
ZNF85,-0.0394604738084151,5.6965846912532,-1.40247467810073,0.175718422260255,0.60613784528334,-4.95467156582675
PHGDH,0.0597205038176726,8.13634429485682,1.40232902754077,0.175761303342909,0.60613784528334,-4.95485001609808
ALKBH1,-0.0534327763629022,6.81906022981076,-1.40227948883114,0.175775889979287,0.60613784528334,-4.95491070723399
ADAMTS2,-0.0561936387808957,6.15777726475197,-1.40219112446981,0.175801911207821,0.60613784528334,-4.95501896035426
H1-2,0.06732717501482,7.05699328643622,1.40218116342334,0.175804844695528,0.60613784528334,-4.95503116305369
TSPAN15,0.0324016989520882,5.93966616617666,1.40214382425842,0.17581584127686,0.60613784528334,-4.95507690447086
PRG4,-0.0614822753495172,5.94600351324471,-1.40176058077572,0.175928740361219,0.606279712908768,-4.95554633035453
ETV4,0.0307944683064922,7.33735969046593,1.40140728450655,0.176032868778767,0.60639125201002,-4.95597898252143
NUCB1,0.0676916395637604,9.08080651053962,1.40103019940681,0.176144063027574,0.606527030392421,-4.95644066938702
TOR1A,0.053233940837041,7.10797130933692,1.40036354032203,0.176340784012123,0.606663783723854,-4.95725665193156
KCNJ2,-0.0643421154924412,5.84443751404916,-1.40011881945278,0.176413041556143,0.606663783723854,-4.95755610830544
ATP2A2,0.0664925511925739,8.35515179582769,1.40007326709163,0.176426494197587,0.606663783723854,-4.95761184445519
MS4A1,-0.066187598643541,5.32946899955603,-1.39992273265653,0.176470956259554,0.606663783723854,-4.95779602225469
GABRR2,-0.0319383149403226,6.89884990097401,-1.39878935809707,0.176805999457707,0.606940040966847,-4.9591821824538
RPS6KA5,-0.0321975771882944,6.11182217959467,-1.39839050561402,0.17692402751904,0.606940040966847,-4.95966977768948
CCDC85B,0.0645825250444696,6.73279082111004,1.39796501535653,0.177050007712577,0.606940040966847,-4.96018981316997
MDFI,0.0465066381660051,6.93744221902459,1.3978321332795,0.177089366469053,0.606940040966847,-4.96035219574729
DESI1,0.0661189862792859,7.52225365428468,1.39779023367947,0.177101778293937,0.606940040966847,-4.96040339467673
CSF2RB,-0.0527793556937289,5.18905636273434,-1.3972597258709,0.17725898964661,0.606940040966847,-4.96105153740629
KIF13A,-0.0606723070367365,5.1128346920391,-1.39724145699986,0.177264405455008,0.606940040966847,-4.96107385366637
SLC6A3,0.0276512627482396,6.70497123486079,1.3971770039419,0.177283513627065,0.606940040966847,-4.96115258412887
ILKAP,0.0586202309079628,6.34053353429697,1.39711935945007,0.177300604683391,0.606940040966847,-4.96122299532102
RAB33B,-0.0770099366255413,5.92169578970903,-1.3971003077513,0.17730625362492,0.606940040966847,-4.96124626593913
FAM111A,-0.0490374955341759,7.6386755457368,-1.39698173117122,0.177341415520372,0.606940040966847,-4.96139109502195
TAP2,0.0459468644183515,7.01671082309278,1.39639744154614,0.177514758282601,0.60702848059118,-4.96210459899084
KLK1,0.029101790976409,6.75496237174081,1.39615710854603,0.177586097843124,0.60702848059118,-4.9623980108019
SMG8,-0.0438080319876218,5.6777634316404,-1.39604039426228,0.177620751151756,0.60702848059118,-4.96254048726792
PCYT2,0.0799253650559045,7.40433541432965,1.39592638212162,0.177654607396685,0.60702848059118,-4.96267965581821
CPD,-0.0588074685374766,7.06690050083509,-1.39546209578205,0.177792531917632,0.607254201578009,-4.9632462901718
PPARA,0.0686370385356696,5.00497989233695,1.39464632838595,0.178035077541058,0.607674716491617,-4.96424151605056
GAREM1,0.0528374168673319,6.29802889070641,1.39445969098468,0.178090606124858,0.607674716491617,-4.96446914490673
HEYL,0.034882204455301,6.77344784045409,1.39408868700257,0.178201028795001,0.607674716491617,-4.96492155960499
PCYOX1,0.178231550306934,4.75982874243431,1.39400841283237,0.178224928160842,0.607674716491617,-4.96501943575802
PHTF1,-0.0385220992321501,5.1264923641451,-1.39320011028626,0.178465720223705,0.607674716491617,-4.96600472241402
TESK1,0.0480835455677116,6.34267771435957,1.39313718780635,0.178484475635282,0.607674716491617,-4.96608140278836
CIRBP,-0.0510725180047236,8.532275170262,-1.3930041550188,0.178524134132747,0.607674716491617,-4.96624351371106
TIMM10B,0.0348640056773658,5.40603629516726,1.39207796831221,0.178800435525641,0.607674716491617,-4.96737179656821
NDUFV2,0.0765467242189561,9.43644646863686,1.39193311813238,0.178843678328142,0.607674716491617,-4.96754819827474
PFN2,-0.10165048591624,7.36438429221355,-1.39178616236689,0.178887558259682,0.607674716491617,-4.96772714896851
MAP3K3,0.0345841398707254,7.29353301607814,1.39161771288145,0.178937866641274,0.607674716491617,-4.96793225406971
SP100,0.039891178616633,6.24564529663607,1.3915321232619,0.178963432790536,0.607674716491617,-4.96803646077381
PLA1A,-0.0635422137544815,7.18791748319578,-1.39112866361309,0.179083987988559,0.607674716491617,-4.96852760908166
MAT1A,0.0558307325938292,11.7424812711141,1.39097675285829,0.179129396277796,0.607674716491617,-4.96871250640391
CTF1,0.0306438474838785,8.32991589538021,1.39073192082686,0.179202599416181,0.607674716491617,-4.96901046779845
BASP1,-0.0497240085401193,8.38929445294729,-1.39072527971354,0.17920458539742,0.607674716491617,-4.96901854946154
ACTL7B,0.0338597283024765,5.11766380644618,1.39049644965285,0.179273026260552,0.607674716491617,-4.96929699678133
H3-3B,0.100598118415474,9.72509029735559,1.39049142854602,0.179274528259195,0.607674716491617,-4.969303106198
MYO15B,0.0463942207563689,6.8304934489473,1.39046638484157,0.179282019906935,0.607674716491617,-4.96933357778247
TMEM94,0.0320434126652497,6.60479078538184,1.38882928756585,0.179772288641854,0.609092156785752,-4.97132452552392
TCAP,0.0499344520704783,6.95118486073085,1.38809497201151,0.179992544811101,0.609325452788204,-4.97221694008705
EOLA2,-0.0323279802178164,6.94943469385407,-1.38796040313713,0.180032931762863,0.609325452788204,-4.97238044017687
PSG9,-0.0572106480896063,7.20579026219945,-1.38765684882175,0.180124061362702,0.609325452788204,-4.97274920885441
SAV1,-0.0570471676344974,5.80707893728384,-1.38745512949681,0.18018463958636,0.609325452788204,-4.97299422843838
PSMD5,-0.0498579127940354,6.21764777160322,-1.38739835286327,0.18020169307902,0.609325452788204,-4.9730631872894
SFXN3,-0.031902543841333,6.21899522637313,-1.38657591734947,0.180448865212461,0.609423134434446,-4.97406183026117
LY96,-0.0716151396986096,4.99925279402088,-1.38646564288408,0.18048202730426,0.609423134434446,-4.97419569448025
P2RX6,-0.0382188308325268,7.03321782538843,-1.38599158564641,0.180624642705192,0.609423134434446,-4.97477106266195
EIF3A,0.0739192650318146,7.21405014461467,1.38587836958266,0.180658715926858,0.609423134434446,-4.97490845048052
SCAP,0.0732980876108704,8.38376623250093,1.3855599548825,0.180754572703551,0.609423134434446,-4.97529479809326
CNNM2,0.0271678048991453,6.46800005676154,1.38555749122781,0.180755314529699,0.609423134434446,-4.97529778708026
GABBR1,-0.057763740683149,7.18614499514751,-1.38528573488296,0.180837157449569,0.609423134434446,-4.97562746426609
AKT1,0.0746068184470966,7.46535010797174,1.38506491571788,0.180903681746208,0.609423134434446,-4.97589530899597
DVL2,0.0324534440241824,6.73480804613911,1.38504989170195,0.180908208611746,0.609423134434446,-4.97591353125748
YIPF3,0.064881240416626,6.65341527175302,1.38490525929502,0.180951792224382,0.609423134434446,-4.97608894413504
TMSB10,0.0676623605629127,9.73399604642062,1.38464938978318,0.181028916601153,0.609428417991043,-4.97639923091164
GTPBP1,0.035147957655175,6.90494539567071,1.38418384006597,0.181169310177036,0.609428417991043,-4.97696367205632
BIRC2,-0.0691601635069041,7.61608389450943,-1.38324252128,0.181453444358212,0.609428417991043,-4.97810447216971
SEC23B,0.048632985435774,6.2602141452412,1.38309612763382,0.181497664733124,0.609428417991043,-4.97828183229584
TM9SF2,0.0515646247751538,8.45647306034606,1.38272995435989,0.181608310425593,0.609428417991043,-4.97872539481487
TUBGCP2,0.0680517635655541,6.94582807167945,1.38235598077675,0.181721368606707,0.609428417991043,-4.97917830743355
N4BP2L1,0.0394293190751433,7.98866864346172,1.38218552641172,0.181772918288312,0.609428417991043,-4.97938470850139
THRA,0.0415618584498736,6.78178296841513,1.38202842854705,0.181820438948266,0.609428417991043,-4.97957491798243
IMPA2,0.0998125006212427,6.66907649695325,1.38189777716726,0.181859967329919,0.609428417991043,-4.97973309341662
WEE1,-0.0438493826566412,6.19893481821216,-1.38184242388533,0.181876716448671,0.609428417991043,-4.97980010418394
ATP11A,0.0321337482319507,6.62475955566585,1.3817764251375,0.181896688341138,0.609428417991043,-4.97987999950935
SLCO2B1,0.0610985383922645,9.312585846511,1.38166169309233,0.181931411584829,0.609428417991043,-4.98001888192493
HPCAL1,0.0439779571948201,7.81163309004747,1.38100118052332,0.18213141609812,0.609428417991043,-4.98081824538932
GPX3,0.10399365228443,10.4539948023886,1.3809361218708,0.182151125460311,0.609428417991043,-4.98089696361312
QARS1,0.0586967931118062,8.47426807663882,1.38088657770574,0.182166135885567,0.609428417991043,-4.98095690793413
COL4A3,-0.0343047628759494,5.62357004845646,-1.38026420486394,0.182354780511972,0.609428417991043,-4.98170977797415
SERPINB9,-0.0878802575616883,5.9106493289593,-1.38010945201066,0.182401711100594,0.609428417991043,-4.98189693596506
BTRC,-0.0548709526978134,6.43525534993814,-1.38002414912804,0.182427584296911,0.609428417991043,-4.98200009389515
PPP2R5A,-0.0378017388974989,7.99456392459172,-1.37998406191114,0.182439744150413,0.609428417991043,-4.98204857011312
GMDS,0.0521649824454649,7.31471716762056,1.37978404344327,0.182500426387227,0.609428417991043,-4.98229042903353
ADPRM,-0.0347446794339283,5.03391252289878,-1.37950299745179,0.182585718172649,0.609428417991043,-4.98263021674505
MDFIC,-0.0600704368544091,6.30323922000317,-1.37919531859789,0.182679128891418,0.609428417991043,-4.98300213915196
ZFYVE26,-0.0388377116754975,6.20406436757012,-1.37908626910616,0.182712245243964,0.609428417991043,-4.98313394201031
PPIL2,0.0508472593585732,7.52097722183362,1.37898769816815,0.182742183563246,0.609428417991043,-4.98325307263186
PLA2G5,-0.0378197779563526,5.63414225032515,-1.37867564554851,0.182836987063439,0.609428417991043,-4.98363016661749
SIGMAR1,0.0521189731593972,8.40121031616744,1.37847604761679,0.18289764667161,0.609428417991043,-4.98387133039206
KRT5,-0.0315746844975038,5.8453478013054,-1.3783692728287,0.182930103068745,0.609428417991043,-4.98400032910666
GJB4,-0.0507587675627481,7.10115945605549,-1.37786877432228,0.183082301031223,0.609428417991043,-4.98460489186614
DUSP8,0.0519850586665199,6.1567919134737,1.37780503971051,0.183101689497597,0.609428417991043,-4.98468186539623
GALNS,-0.0305174232110279,6.74052215973727,-1.37728030812144,0.183261378248306,0.609428417991043,-4.98531548350721
DHX30,0.0530790770498578,6.95116585398092,1.37722833317982,0.183277201535428,0.609428417991043,-4.98537823299553
NAV3,-0.067152640313247,5.57887366444628,-1.37713781959895,0.183304760148259,0.609428417991043,-4.98548750567443
KHDRBS1,-0.0627147375662987,8.02349211855019,-1.37654083943084,0.183486604941552,0.609428417991043,-4.98620806420197
OPHN1,-0.114100967612935,9.42822513365476,-1.37623360573383,0.183580246646561,0.609428417991043,-4.98657879766009
FYB1,0.0313719149418925,7.19159642436529,1.37617633291611,0.183597707023111,0.609428417991043,-4.9866479002839
CNTN1,-0.0340553892917004,6.00028865004757,-1.37590778264657,0.183679595752138,0.609428417991043,-4.98697188879246
MEIS1,-0.0539044045766814,5.3448980303104,-1.37573067831575,0.1837336158748,0.609428417991043,-4.9871855254497
USP20,0.0524203959797475,6.12522908698624,1.37554553635779,0.183790101136326,0.609428417991043,-4.98740883369582
ALDH3A1,0.0372794195039386,5.69210378951144,1.37541991322902,0.183828435567904,0.609428417991043,-4.98756033956508
PRKD3,-0.0663387396896824,5.8631049822837,-1.37538782225444,0.183838229285109,0.609428417991043,-4.98759904058649
COLEC10,-0.0338512030442115,5.52711101287886,-1.37411927917512,0.184225703519372,0.609872956389631,-4.98912828535258
SLC38A3,0.0742692206576695,8.41267075926129,1.37364167087197,0.184371756321163,0.609872956389631,-4.98970374953262
CEACAM1,-0.0506055854743478,7.56020681672769,-1.37334371164079,0.184462918995374,0.609872956389631,-4.99006267403946
SOCS2,-0.0843085403574369,5.10510703478967,-1.37316615481142,0.184517260767233,0.609872956389631,-4.99027653042302
HIVEP3,-0.0293243631619006,7.13743998041417,-1.37282516404165,0.184621657653284,0.609872956389631,-4.99068716966854
ZXDB,0.0252587239280648,5.49638134831877,1.37229914182393,0.184782795391347,0.609872956389631,-4.99132047018451
LENEP,-0.0336761126352203,6.01350703617511,-1.37224365260923,0.184799800061655,0.609872956389631,-4.99138726444349
WFDC2,0.0328386156678812,5.86644813937772,1.37184606222985,0.184921678024978,0.609872956389631,-4.99186579295474
SEM1,-0.0392465387942152,7.63487211424107,-1.37122729088721,0.185111484208294,0.609872956389631,-4.99261030311279
REC8,-0.0385886339364161,7.15894516563123,-1.37100412564791,0.185179977425542,0.609872956389631,-4.99287874976332
ATP2A1,0.0303685769842861,5.51855904299662,1.37092930719488,0.185202944991513,0.609872956389631,-4.99296874128119
SLC25A5,0.0617110476600222,10.347863797479,1.37060175474553,0.185303522802223,0.609872956389631,-4.99336267357798
RFK,-0.0428769618161546,6.32327229825263,-1.37030524845298,0.185394605039979,0.609872956389631,-4.99371920170819
ARHGEF1,0.0459081071459811,8.27434837874217,1.37019425930504,0.185428708370934,0.609872956389631,-4.99385264218885
MLN,-0.0259800440564479,5.89304261472414,-1.37014589538333,0.185443570579374,0.609872956389631,-4.9939107865946
RAI14,-0.0588975788653772,6.93813816108769,-1.36985144021392,0.185534076923326,0.609872956389631,-4.99426475228773
DHRS2,0.0553462857213025,6.23830360925482,1.36984586073774,0.18553579221913,0.609872956389631,-4.99427145879684
GP9,0.0414621223397872,6.28151267116342,1.36978832327234,0.185553481670502,0.609872956389631,-4.99434061730772
MAB21L4,-0.0495408704194579,6.32298457145865,-1.36929043893731,0.185706608340366,0.609872956389631,-4.99493896185984
MAF,0.0453541171133981,7.90158928222084,1.36911879322727,0.185759422045355,0.609872956389631,-4.9951451999992
GNG7,0.0328973627920093,6.25367484024966,1.3690765260838,0.185772429061938,0.609872956389631,-4.99519598215942
WDR7,-0.0401048807742887,6.53148340425007,-1.36871414103302,0.185883976774709,0.609872956389631,-4.99563131961499
RUFY2,-0.0603540582474474,5.48032665628697,-1.36859542613951,0.185920530615816,0.609872956389631,-4.99577391271866
EIF1,0.0426413586742618,11.3495709464912,1.3684842367407,0.185954772437063,0.609872956389631,-4.99590745747797
CACNB1,-0.0554846700925223,5.67465210985143,-1.36843032615427,0.185971376511811,0.609872956389631,-4.9959722039468
NUBP1,-0.0300468884282809,5.63346280322101,-1.36836089676037,0.18599276200254,0.609872956389631,-4.99605558538664
GUSBP11,0.0887009279214237,7.85047895664341,1.36815212701627,0.186057078568369,0.609872956389631,-4.99630628718428
ST3GAL6,-0.0977754566049793,6.22777018866043,-1.36802493811635,0.186096270838962,0.609872956389631,-4.99645900702619
KAT6A,-0.0358981012145695,8.14447184412337,-1.36790042394611,0.186134645261639,0.609872956389631,-4.99660850397789
SORT1,-0.0367559640933532,5.55207128361554,-1.36789097782334,0.186137556748977,0.609872956389631,-4.99661984493587
SLC25A36,-0.0660396500221321,6.63592108777201,-1.36707930571377,0.186387865675743,0.609927644794559,-4.99759409417462
COL3A1,0.123136242527956,8.53136113412224,1.36686526036316,0.186453918928232,0.609927644794559,-4.99785093372631
TNKS2,-0.0675623384600663,5.63755314349222,-1.36595815160246,0.186734054085304,0.609927644794559,-4.99893903576409
PMPCB,-0.0335063237624262,8.35514539983784,-1.36588794837597,0.186755748304507,0.609927644794559,-4.99902322181588
SLC6A12,0.0411024383169214,7.44196094973357,1.36567054667501,0.186822942520878,0.609927644794559,-4.99928390232677
MED16,0.0575343711473879,6.75334338243115,1.36549823028237,0.186876215459871,0.609927644794559,-4.99949049811962
CTBP1,0.0526824510538166,8.28826598461113,1.36546842920585,0.186885429914425,0.609927644794559,-4.99952622544532
EIF2B4,0.0506996179902025,6.98289774427815,1.36531231542433,0.186933705985665,0.609927644794559,-4.99971337361547
MCM3,0.0275462158528267,6.35488351900774,1.36520561500793,0.186966707335259,0.609927644794559,-4.99984127528721
RPS19,0.0694936350017541,10.9908083235117,1.36382977500361,0.187392654775191,0.609927644794559,-5.00148975962276
BRD3,-0.0411347981348923,7.79056630352619,-1.36362127732996,0.187457270842207,0.609927644794559,-5.00173945556122
ABCA5,-0.0492755465573946,7.25593459168938,-1.36359755967741,0.187464622361997,0.609927644794559,-5.00176785774064
ZWINT,-0.0707873031364073,5.50135446042882,-1.36351761642724,0.187489403243142,0.609927644794559,-5.00186358778005
MEF2D,0.0430767639977749,7.29638418548836,1.36334450460562,0.187543073505606,0.609927644794559,-5.00207086908643
UBE2Z,-0.0371306127768732,7.82179497072269,-1.36315591984776,0.187601554742862,0.609927644794559,-5.00229665289121
HSPB1,0.0973763881128059,8.78257143353545,1.36292856973788,0.18767207656583,0.609927644794559,-5.00256881462603
GNA12,0.0298447520813334,6.47153842286096,1.36292128312956,0.187674337149417,0.609927644794559,-5.00257753683894
TUBB,0.0586824848698685,9.5273789891202,1.36290446220862,0.187679555722568,0.609927644794559,-5.00259767166488
RFNG,0.0663290727467372,7.34907330189312,1.36289017118271,0.187683989503868,0.609927644794559,-5.00261477801882
SFRP5,0.038578000336038,6.83770308708008,1.36278043744915,0.187718037089047,0.609927644794559,-5.00274612436809
FHL1,-0.0723675691827656,7.94173609643189,-1.3626532054294,0.187757520077684,0.609927644794559,-5.00289840452751
TERT,-0.0297086653456281,5.97444760530431,-1.36241708476535,0.187830811135691,0.609927644794559,-5.00318097933083
UBE2N,-0.0618511944762262,7.53013378407362,-1.36216706574635,0.187908440916858,0.609927644794559,-5.00348014308098
CACNA1C,0.0294176157152104,5.0767578527044,1.36173460546675,0.188042777930944,0.609927644794559,-5.00399750320308
STXBP2,0.0535542447443987,6.6679300717715,1.36139000174086,0.188149878170092,0.609927644794559,-5.00440966249881
SLC13A3,-0.0327357697242153,7.05325388225802,-1.36100820445209,0.188268594336059,0.609927644794559,-5.00486620683765
DAZAP1,0.0351125080741886,6.15613643607036,1.3608600852386,0.188314666548558,0.609927644794559,-5.00504329608314
NCAPD3,-0.0315501144228069,6.41450749672586,-1.36079490524826,0.188334943496926,0.609927644794559,-5.00512121935323
OSBPL11,-0.073447504558597,5.01842484628361,-1.36063927911332,0.188383364479451,0.609927644794559,-5.00530725943052
NUDCD3,-0.0299173383365999,7.60077891595487,-1.36028413397697,0.188493900062132,0.609927644794559,-5.00573174505824
NTRK2,-0.0374181551512875,6.59360541770822,-1.3602265111345,0.188511839474167,0.609927644794559,-5.00580060993155
CSNK2A2,0.0470876688856797,6.44853498511083,1.35983054740515,0.188635149336756,0.609927644794559,-5.00627376018639
SGCD,-0.0278603632221832,6.17218908986743,-1.35975077703624,0.18865999892274,0.609927644794559,-5.00636906678186
EIF3E,0.0468545068245513,9.10757978163883,1.3589637398018,0.18890531106624,0.609927644794559,-5.00730914295937
EXTL2,-0.0709897440166486,6.95832655488626,-1.3588195312156,0.188950286908807,0.609927644794559,-5.0074813444098
TPD52L1,-0.0518371520778912,8.90719282712517,-1.35853507359856,0.189039028549401,0.609927644794559,-5.0078209751847
ATN1,-0.031305729904733,7.79092296291402,-1.35849645181108,0.189051079851242,0.609927644794559,-5.00786708352185
DEXI,0.0506309855442407,7.57079295444984,1.35845695091098,0.189063406095258,0.609927644794559,-5.00791424026835
LSM5,-0.0699481949916042,7.12689675107343,-1.35840677905319,0.189079063125994,0.609927644794559,-5.00797413453621
C1R,0.0751323147530036,10.9160586750796,1.3581037527164,0.189173649775623,0.609927644794559,-5.0083358433673
RAMP1,-0.0341949436770855,7.37652898801745,-1.35806760982307,0.18918493391997,0.609927644794559,-5.00837898108304
NDUFA10,0.0692999583039011,8.2218015873441,1.35806470432668,0.189185841065863,0.609927644794559,-5.00838244884632
ALPG,0.0358822491730767,6.65480340236187,1.35729888619185,0.189425062763513,0.610298079069757,-5.00929625449515
MLF2,0.0613217142434842,8.54809567203516,1.35723448575723,0.189445190698222,0.610298079069757,-5.00937308045002
DHX16,0.066772465397029,6.95142606255631,1.35663288537083,0.189633298759397,0.610671255532358,-5.01009060997937
RALGPS1,-0.0348226180858384,5.4463692412992,-1.35619178414919,0.189771315952688,0.610844164496351,-5.01061654596874
ABITRAM,-0.0550124924112466,6.04849125641641,-1.35599928900582,0.189831571120405,0.610844164496351,-5.01084601870638
DNM1,0.042821810274607,6.06589534006065,1.35572282869996,0.189918135697515,0.610890082468216,-5.01117553919613
ALOX15B,-0.0279879946229311,6.42556798039325,-1.35499841846535,0.190145109429939,0.611387433288808,-5.01203872149472
PUS3,-0.0543427546961039,7.58049897810099,-1.35466195506683,0.19025060381267,0.611493952916342,-5.01243951079422
ANKRD49,-0.0713086985082149,6.36460689869754,-1.35370175045189,0.190551919996325,0.611853660535207,-5.0135828399304
ETS2,0.0620466996824643,7.38982744881712,1.3536025375534,0.19058307491733,0.611853660535207,-5.01370093614747
GMFB,-0.0504810705950182,7.31544697283921,-1.35342844657349,0.190637752855313,0.611853660535207,-5.0139081448936
MAN2C1,0.0648466030246705,7.38970521475496,1.35334732070047,0.190663236847207,0.611853660535207,-5.01400469606364
MT1E,-0.0466387996109515,12.1052342198728,-1.3531521356841,0.190724561165649,0.611853660535207,-5.01423697412406
PSTPIP2,-0.0318407166890112,5.0263221668109,-1.35250892349977,0.190926759558141,0.612005657389713,-5.01500222770424
FOXN3,-0.0781019971634621,7.41983151828058,-1.35250889956177,0.190926767086376,0.612005657389713,-5.0150022561786
RAB36,-0.0403833615030871,6.64173013873035,-1.35223286368779,0.191013592917206,0.612005657389713,-5.01533057463873
SNCAIP,-0.0493036612913268,5.53565127084382,-1.35188762825459,0.191122229087427,0.612005657389713,-5.01574112184976
TACO1,0.0540578200688659,7.55850448243654,1.35165450792297,0.191195613315959,0.612005657389713,-5.0160182952226
DDX10,-0.0428110096947102,6.41159081497264,-1.35161992617192,0.19120650124365,0.612005657389713,-5.01605940858241
RNF167,0.0450984019826213,8.18886279451867,1.35131187276709,0.191303512270591,0.612084316049411,-5.01642560722466
PLEKHO2,0.0410739939509421,7.52417083773571,1.35095544283813,0.191415806393515,0.612211795618926,-5.01684922781368
NECTIN2,0.0452819598558178,7.25605058027429,1.35071759741903,0.191490769151284,0.612219825701228,-5.01713185837441
HMGCS2,0.0431051718917937,11.9712983202808,1.3504322713646,0.191580727190799,0.6122757733594,-5.01747085593478
SCAF11,-0.0422891544206146,7.03801186789922,-1.35014437835523,0.191671528386559,0.612334372350253,-5.01781284359385
PLXNA3,-0.0338857555100108,6.34067186428229,-1.34981796439375,0.191774520185683,0.612431857735836,-5.01820051766412
ACLY,0.0319050172571567,6.8072731662938,1.34949880282416,0.19187526594501,0.61252209944667,-5.01857950366442
COX7A2L,-0.0586486046984863,8.53853890874216,-1.34885544671074,0.192078473241142,0.612883706913192,-5.01934322785675
UPF2,-0.0381145217122521,6.10362872810702,-1.34868100026777,0.19213360232107,0.612883706913192,-5.0195502605307
ABHD6,0.0501721418168334,8.00175090728672,1.34773134850012,0.192433933293776,0.61361008918204,-5.02067691865138
UTP3,0.0389247751025314,6.19350983482908,1.34710816288218,0.192631219471364,0.613904429311983,-5.02141590526357
SACK1E,0.0365512471348228,5.3058869257722,1.34669035910225,0.192763575891747,0.613904429311983,-5.02191118817279
TIMM8B,-0.034557695137277,9.39802671295441,-1.34664976562431,0.192776439360095,0.613904429311983,-5.02195930271661
KIFC3,0.0467186293372546,7.73407746455453,1.34617674485585,0.192926382549903,0.613904429311983,-5.02251987562105
ZBTB38,0.0846926177864194,6.43525273427261,1.34591980818273,0.193007867660353,0.613904429311983,-5.0228243011071
DUSP14,-0.0380639532034704,6.52274648853436,-1.34512136331276,0.193261260491221,0.613904429311983,-5.02377001454757
ELP3,0.0340298658669146,5.3198265753869,1.34507755713418,0.193275170322852,0.613904429311983,-5.02382188714447
N4BP2L2,-0.0604236043777489,6.99221701263836,-1.34504546630933,0.193285360664597,0.613904429311983,-5.0238598862528
PGAP2,0.0367424791975642,7.71879036486161,1.34482831896688,0.193354326268634,0.613904429311983,-5.02411699324514
PNISR,-0.0595766114535875,6.14785628488805,-1.34471162691406,0.193391395473179,0.613904429311983,-5.02425514494478
CTCF,0.0302995434723628,6.82870068708829,1.34470155561882,0.193394595053302,0.613904429311983,-5.02426706788625
WSB2,-0.0744760113843374,6.59725306063992,-1.34421381791661,0.193549595904325,0.613904429311983,-5.02484438995534
ARID1A,0.0542772880278997,8.36250624033532,1.34414574905023,0.193571235674937,0.613904429311983,-5.02492494752577
DCUN1D1,-0.0731615247070555,7.49210043163037,-1.34396872133961,0.193627523483529,0.613904429311983,-5.02513443905148
UBE2E1,-0.0967248782086487,7.3782416363552,-1.3435831302527,0.193750170881018,0.613904429311983,-5.02559066214357
MUC5B,-0.0411300618945014,5.68346498515814,-1.34314224858636,0.193890479975461,0.613904429311983,-5.02611217162421
LPXN,-0.0503919646278649,6.64257699082358,-1.34309487092509,0.193905562522343,0.613904429311983,-5.02616820524885
ARSA,0.056290485593027,7.35674864953762,1.34293777502428,0.193955580186383,0.613904429311983,-5.02635399112509
HIP1,-0.0525235810780437,5.57219790883196,-1.34290538206828,0.193965895024192,0.613904429311983,-5.02639229768593
CD82,0.0412662636820534,8.38344438382757,1.34286338295266,0.193979269380236,0.613904429311983,-5.02644196295688
NAGA,-0.0371450692425897,6.77008273760065,-1.34241360050225,0.194122545390523,0.614127857937071,-5.02697376450266
BTD,0.0396067844552766,7.5072074060415,1.34184583268746,0.194303524189363,0.614247354052661,-5.0276448566029
LIPG,0.0658709667729613,6.99279747138839,1.34174467769876,0.194335781797853,0.614247354052661,-5.02776439554186
CNTNAP1,-0.040642640920883,6.94179246671577,-1.34148757027102,0.194417790534719,0.614247354052661,-5.02806819632657
NEBL,-0.029482003047448,5.61491853304921,-1.3413832110212,0.194451085454541,0.614247354052661,-5.02819149458925
FBXW4P1,0.0356767114117665,5.67636964707407,1.34030037100641,0.194796821540671,0.614567368012989,-5.02947038029372
DRAM1,0.0326175533608672,5.5695949346786,1.33989442194907,0.19492656032434,0.614567368012989,-5.02994960587459
STX17,-0.0516948108349193,5.7021741243026,-1.33986000178258,0.194937563924929,0.614567368012989,-5.02999023360247
IGFLR1,0.0518848695844608,7.58238855478395,1.33958946457249,0.195024067572679,0.614567368012989,-5.03030953130027
MYH11,-0.0445255962882554,7.62358391445827,-1.33932578370389,0.195108408020218,0.614567368012989,-5.03062068569114
KRIT1,0.0280426976339894,6.25050100206153,1.33932489523421,0.195108692252958,0.614567368012989,-5.03062173403685
NUFIP1,-0.0406211250389739,5.21721254463632,-1.33891159415611,0.195240947892162,0.614567368012989,-5.03110934450324
S1PR2,0.0250936804020933,5.44958942642414,1.33881126315303,0.195273064291493,0.614567368012989,-5.03122769576164
GUCA1B,0.0266467016016384,6.42943903012227,1.33879340192983,0.195278782184621,0.614567368012989,-5.03124876423656
LYZ,0.106278049126258,7.22032948486373,1.33817219758181,0.195477729691753,0.614567368012989,-5.0319813708069
MED13L,-0.0323805366475066,7.02236307924109,-1.3379317411192,0.195554781349694,0.614567368012989,-5.03226487360363
SPON2,0.0720134801013353,8.54129421210509,1.33785500000355,0.195579377239366,0.614567368012989,-5.03235534400079
ALDH1A2,0.0374794728667302,6.18809140866838,1.33774398418042,0.195614962645413,0.614567368012989,-5.03248621339985
POLDIP3,0.0425430204002939,7.37638268529714,1.3376103660042,0.195657799850794,0.614567368012989,-5.03264371536421
IFT122,-0.0426833313386653,7.20493088329628,-1.33713195018069,0.195811237735703,0.614567368012989,-5.03320753982903
APOBEC3C,0.0354848915930535,7.06513727258081,1.33678069192579,0.1959239538485,0.614567368012989,-5.03362140001435
IQSEC1,-0.0372394719398656,7.83473120685818,-1.33672021479392,0.195943365655101,0.614567368012989,-5.03369264643609
NCKAP1,-0.0555271607205148,5.54752347964057,-1.33633323629259,0.19606761293908,0.614567368012989,-5.03414847198597
CISD1,-0.0580481507879831,6.63311603787632,-1.33595320358051,0.196189690482056,0.614567368012989,-5.03459600991694
DCAKD,0.0429907372270857,5.91070743293382,1.33577956208798,0.196245489079445,0.614567368012989,-5.03480046034918
THUMPD1,-0.0647525548256161,5.54156360467217,-1.33562753144237,0.196294353421527,0.614567368012989,-5.0349794475277
MTMR14,0.0367747816704197,7.48556522749612,1.33546539267829,0.196346477175978,0.614567368012989,-5.03517031654512
KCNAB1,-0.036693887769829,5.33644108477969,-1.33542059527472,0.196360880395449,0.614567368012989,-5.03522304846957
EFCAB14,-0.0444655716757856,8.23824784568975,-1.33535627252091,0.19638156284131,0.614567368012989,-5.03529876152032
NDUFB1,-0.0641009804737757,9.64963183410834,-1.33511508009869,0.196459131521849,0.614567368012989,-5.03558263754943
CTNNA1,0.0661251599112173,8.40826199582729,1.33499068284032,0.196499147720243,0.614567368012989,-5.03572903271563
SHB,0.0511434154021794,7.03384305457508,1.33493799588058,0.196516098032082,0.614567368012989,-5.03579103322588
SFN,-0.0345017851917431,7.95820561194482,-1.33431279817627,0.196717322844852,0.614783616341946,-5.036526593656
USF2,0.0372946539004858,8.8484835671006,1.33427107598272,0.196730757229423,0.614783616341946,-5.03657567070286
HCK,0.0615309819399402,6.09429121135417,1.33354849040818,0.196963541490562,0.614957584292525,-5.03742543355112
RALB,-0.0304370832792593,7.18725500087763,-1.33328815977245,0.197047461266297,0.614957584292525,-5.03773148992437
PMM2,0.0600054281807469,5.90684398711079,1.33308811108634,0.197111967751832,0.614957584292525,-5.0379666425646
DDHD2,-0.0662771589265864,4.90686110673634,-1.33185046821927,0.197511419801395,0.614957584292525,-5.03942081464592
ALDH1L1,0.0937242992470648,9.95828472400327,1.33103078567359,0.197776324321585,0.614957584292525,-5.04038328803283
ZRSR2,-0.0307221103741026,6.2299082731406,-1.33088461121102,0.197823594224049,0.614957584292525,-5.0405548749642
FAM162A,-0.0501420181811146,9.63655983961735,-1.33011028325532,0.198074144533669,0.614957584292525,-5.04146355995288
GPR137,0.0332864952771596,7.86720447927321,1.33010273641087,0.198076587702379,0.614957584292525,-5.04147241412993
GCC2,-0.0700426255374764,5.96631435658827,-1.32974116618718,0.198193667953848,0.614957584292525,-5.0418965701023
PLOD1,0.0621061019873136,7.88608385430274,1.32942696111074,0.198295455019059,0.614957584292525,-5.04226508478129
SNCA,-0.0476618621897466,6.3214167431093,-1.32931217740966,0.19833264955973,0.614957584292525,-5.04239969059633
CENPX,0.0398289318782566,8.13860718465251,1.3293100963087,0.198333323970812,0.614957584292525,-5.04240213099594
INF2,0.0496693893998441,8.08091572400316,1.32926598408639,0.19834761960287,0.614957584292525,-5.04245385837663
ADRA2C,0.0483590550607162,6.64598297386124,1.32921697221575,0.198363504033703,0.614957584292525,-5.04251132957277
LCP2,0.0391600511502829,6.65238038995663,1.32905646939941,0.198415528954683,0.614957584292525,-5.04269952249295
PRNP,0.037825081665651,6.62812916244504,1.32888395506029,0.19847145920658,0.614957584292525,-5.04290177819811
TRIM33,-0.0559353188101664,7.58680069174639,-1.32882610235707,0.198490218195429,0.614957584292525,-5.04296959980516
BSDC1,0.0476349715354259,7.90599766660071,1.32850349059888,0.198594851988585,0.614957584292525,-5.04334775766921
DDC,0.051170157397351,8.45611690724159,1.32823681517134,0.198681376457588,0.614957584292525,-5.04366029089656
RNF186,-0.0263538841747337,6.41346894542799,-1.32822882459309,0.198683969506193,0.614957584292525,-5.0436696547418
CLSTN2,-0.048345756521382,5.54050041558929,-1.32818117008118,0.198699434579152,0.614957584292525,-5.04372549822654
MYG1,0.0526877395292416,6.21834307762342,1.32807543416587,0.198733751886104,0.614957584292525,-5.04384939792484
CNGA1,-0.0530211008198843,5.84522195718768,-1.32777120482407,0.198832517539943,0.614957584292525,-5.04420584356613
ASAH1,-0.0530958481734977,9.28271806216626,-1.32756719460561,0.198898769432349,0.614957584292525,-5.04444483112893
USP4,-0.0394444845975106,7.03432468731585,-1.32753852479187,0.198908081283418,0.614957584292525,-5.04447841391577
ADSL,-0.0311867814155795,7.53334822482179,-1.32700580531461,0.19908116890656,0.614957584292525,-5.0451023130398
RAB21,-0.0480883421629537,5.78096532901149,-1.32683697157398,0.199136049897249,0.614957584292525,-5.04530000088272
NOC2L,0.0430658800703766,5.79575995267774,1.3265093707774,0.199242573488084,0.614957584292525,-5.04568353002215
RARA,-0.0296707035723423,7.19069054241089,-1.32636574115229,0.199289290600162,0.614957584292525,-5.04585165550412
INPP5E,-0.0282170932745536,6.94865717111018,-1.32631448703932,0.199305963644335,0.614957584292525,-5.04591164729202
CXADR,-0.0479299474156516,8.54490088254723,-1.32628681669764,0.199314965305415,0.614957584292525,-5.04594403400706
CPLANE2,0.0286065605571557,6.52755877839574,1.32591706533837,0.199435282713941,0.614957584292525,-5.04637675527787
COQ4,0.0715470725321622,6.7817563524088,1.32586477682896,0.199452302039075,0.614957584292525,-5.04643794062977
TMEM74B,-0.0230237433186018,6.11645478204732,-1.32496249970118,0.199746162717718,0.614957584292525,-5.04749342444419
RETREG1,-0.071062918402804,7.6218075095062,-1.32442761344679,0.199920528976491,0.614957584292525,-5.04811885324342
CYP27A1,0.067595436279025,10.4472213867765,1.32421025883318,0.199991417984721,0.614957584292525,-5.04837294061177
NASP,0.0454780583321639,6.34068144313155,1.32397302943647,0.200068811546713,0.614957584292525,-5.04865022212826
SYDE1,-0.0373532924039363,7.55146999535094,-1.32344152852657,0.200242293328901,0.614957584292525,-5.04927130834779
LAMA5,0.0729237690557146,6.87219740894726,1.32326652878851,0.200299439015434,0.614957584292525,-5.04947575931615
CCNI,0.0511659362702633,9.85172823030417,1.32307284407991,0.200362701137772,0.614957584292525,-5.04970201366712
PER2,-0.0732064370225384,6.10948757985045,-1.32305432902459,0.200368749424195,0.614957584292525,-5.04972364073982
TP53I11,0.0285263577722531,7.14469882482774,1.32304302033275,0.200372443688677,0.614957584292525,-5.04973685007732
CDKN1C,-0.0584122752787977,6.90230293449302,-1.32259702173284,0.200518182781058,0.614957584292525,-5.05025773275251
KDM4A,0.0285974364391178,7.62816917796526,1.32242947942472,0.200572952100555,0.614957584292525,-5.05045336812156
CATSPERG,-0.0349141274393821,5.21240820019675,-1.32233926833573,0.200602446822437,0.614957584292525,-5.05055869705879
YIPF1,0.0303646442341067,7.20382387072396,1.32221365438058,0.200643522256321,0.614957584292525,-5.05070535185484
KDM3A,-0.0742558850280574,5.15283770210377,-1.32216206860418,0.200660392579743,0.614957584292525,-5.05076557510823
CNTLN,-0.0491994100429299,5.63313550904842,-1.32186060763601,0.200759002925325,0.614957584292525,-5.05111747345989
MCM3AP,-0.0545712170482325,7.50601322751953,-1.32181973728259,0.200772374875576,0.614957584292525,-5.05116517670121
SLC35A2,0.0362835357126823,6.06343875380926,1.32163243591665,0.200833665013317,0.614957584292525,-5.05138377629191
BCL2L13,0.0481875768579812,6.12999932489368,1.32154320412312,0.200862869257901,0.614957584292525,-5.05148790975949
SELENBP1,0.0667977985930127,9.48289491579642,1.32139777149581,0.200910474336732,0.614957584292525,-5.05165761707688
DAD1,0.0617471045050071,8.13452592751277,1.32131995711855,0.200935949278346,0.614957584292525,-5.05174841337208
PSEN2,0.043710525998842,5.66610992217687,1.32114416831644,0.200993508496247,0.614957584292525,-5.05195351301723
CIAO1,-0.048089599212086,6.71451235294912,-1.32102425670321,0.201032779040092,0.614957584292525,-5.05209340557882
TRMT61A,0.0452799913272541,8.07137158210976,1.32088463754094,0.201078511299145,0.614957584292525,-5.05225627629523
GRAPL-AS1,0.0342135982897099,6.91447748276545,1.32076365209664,0.201118146676694,0.614957584292525,-5.05239739856508
DNAJC4,0.0473675792607972,7.55325509844932,1.32049425328471,0.201206424937771,0.614957584292525,-5.05271159759766
LSM12,0.035485182816674,6.47838507004827,1.32029395441862,0.201272079781085,0.614957584292525,-5.05294517109363
UBL3,-0.0759233990698139,7.7337574763805,-1.32026091766827,0.201282910324945,0.614957584292525,-5.05298369324594
TOMM34,-0.0257246800806142,7.33186743685844,-1.32012826344613,0.201326403382311,0.614957584292525,-5.05313836523915
GBA1LP,0.0437368981324075,6.99495997510271,1.32012003727561,0.201329100721776,0.614957584292525,-5.05314795635375
WASL,0.0251217561571219,5.6125398008513,1.31999129750818,0.201371317838748,0.614957584292525,-5.05329805106633
TFE3,0.0489572463239599,7.54394735287019,1.31957036242587,0.201509401810931,0.615130843596102,-5.05378872471787
ASGR1,0.0972033366528096,10.017077635577,1.31923686538074,0.201618855176435,0.615130843596102,-5.05417738177036
BIRC5,0.0267545514358681,6.68954697286979,1.31915283189085,0.201646442220261,0.615130843596102,-5.05427530143389
ACAT1,0.0622598608877555,11.092441052821,1.318788985623,0.201765922083234,0.615267328949831,-5.05469921198379
TCP1,0.0454762564089874,8.27726068016069,1.31857319693837,0.201836808976205,0.615267328949831,-5.0549505775179
NUSAP1,-0.0778446494287626,5.6239002116291,-1.31770764488485,0.202121340104519,0.615912486073993,-5.05595848892346
TCN2,0.0295857529216872,6.79612436193429,1.3173337932052,0.202244332669093,0.616065108526976,-5.05639365887301
GPR35,-0.0257461964731711,6.11027924242979,-1.31587463428512,0.202724938545987,0.617217175921849,-5.05809116402433
AXIN1,-0.027869666987503,7.59016134749957,-1.31560837083833,0.202812734582127,0.617217175921849,-5.05840075160852
CDK5RAP3,0.0565518782446504,8.38888480374784,1.31552064171609,0.202841668347334,0.617217175921849,-5.05850274386877
RNF24,-0.0331133236583268,6.57804740208227,-1.31503938901598,0.20300044679144,0.617477960902689,-5.0590621388295
GPAA1,0.0842920100914313,8.737093293,1.31435694819901,0.203225769394877,0.617825981915697,-5.0598550976606
PTOV1,0.0736947933716572,8.258446131225,1.31366268469394,0.203455196211739,0.617825981915697,-5.06066144265869
MORN1,0.0438776087745689,7.81276770117213,1.31260731153546,0.203804343512213,0.617825981915697,-5.06188651602195
SLC6A6,-0.037051694504426,5.31457413137949,-1.31220225678635,0.203938471416493,0.617825981915697,-5.06235648464872
BEX1,-0.0352460040934482,5.55347983002598,-1.31197537121121,0.204013631373324,0.617825981915697,-5.06261967807488
TMEM176B,0.0444758976337162,11.4353538687626,1.31191283647235,0.204034350944311,0.617825981915697,-5.0626922134138
SH2B2,0.0286942829180098,7.02522181325838,1.31167471088306,0.20411326390896,0.617825981915697,-5.06296839388684
PKNOX2,-0.0560401808063594,7.31788042395317,-1.31104651462711,0.204321557728969,0.617825981915697,-5.06369678210111
RANBP9,-0.0534686326256008,7.28182688270917,-1.31097706010768,0.204344597266602,0.617825981915697,-5.06377729620064
ZNF778,-0.0311396524641321,6.27821763384752,-1.31080122054101,0.204402936057732,0.617825981915697,-5.06398111968584
TCIRG1,0.0762813254371982,7.09534582925143,1.31070116960342,0.204436136049593,0.617825981915697,-5.06409708303455
EPB41,-0.0803479392101386,5.13451799663011,-1.31066862743659,0.20444693545393,0.617825981915697,-5.06413479922081
VGF,0.0370744033935857,7.50549005842281,1.31056792206216,0.204480358242551,0.617825981915697,-5.0642515112395
DGLUCY,0.043339940760194,7.34961082691587,1.31038197451685,0.204542083005143,0.617825981915697,-5.06446699465637
ARL4A,-0.0364397449520738,6.66931955576682,-1.30995244518587,0.204684719705806,0.617825981915697,-5.06496465305386
PHB1,0.0725625184674663,8.3830191928949,1.30989478784727,0.204703872281029,0.617825981915697,-5.06503144527525
SYT12,-0.0319815188471896,6.36161451019867,-1.30962352962944,0.204793997437625,0.617825981915697,-5.06534564717723
UBP1,-0.0539638652955949,6.43917250829874,-1.30953515431176,0.204823366704295,0.617825981915697,-5.06544800175147
CALM1,-0.109767131611508,7.76748392960875,-1.30953464284224,0.204823536687629,0.617825981915697,-5.0654485941088
KLHL26,-0.0349054258458426,5.57353142688223,-1.30921793632066,0.204928813054031,0.617825981915697,-5.06581535009493
CD33,-0.0408761398770708,7.08970320697236,-1.30886681327118,0.205045579209894,0.617825981915697,-5.06622187515616
MPPED1,0.0445145763611252,7.24486895108716,1.30874632954227,0.205085658109284,0.617825981915697,-5.06636134850912
CCDC134,0.0287342434806846,6.15938849449003,1.30869556859485,0.205102545564579,0.617825981915697,-5.06642010676585
CCNH,-0.0389727627249124,6.76662611863181,-1.30845805176535,0.205181578511523,0.617825981915697,-5.06669501879206
PTP4A3,0.0456393649617632,7.37050791323379,1.30810978022644,0.20529750772271,0.617825981915697,-5.06709804786774
SEPTIN10,-0.0681269684738864,6.42625189464579,-1.30801392412612,0.205329424334178,0.617825981915697,-5.06720895941265
RNF114,0.0455133640690616,7.34509247872916,1.30793787365337,0.205354749144665,0.617825981915697,-5.06729694978345
RASGRP2,0.0283950464437593,6.75911335424046,1.30786019867689,0.2053806174323,0.617825981915697,-5.067386815306
CEP85,-0.0304639854610655,6.89255144086238,-1.30778613715716,0.205405284690873,0.617825981915697,-5.06747249612519
GTF2F1,0.0562881322175937,6.54951210109519,1.307345702786,0.205552025498478,0.617825981915697,-5.06798194550025
SLC10A3,0.0509409978708202,6.13069141744263,1.30730000367032,0.205567255891423,0.617825981915697,-5.06803479737205
SOS1,-0.0480869488976678,5.60336883712268,-1.30720091663014,0.205600282194225,0.617825981915697,-5.06814938807897
BCAS1,0.0525839224233581,6.9222309538001,1.30718732483693,0.205604812743165,0.617825981915697,-5.06816510594956
DGKG,-0.0440677189757997,5.13166966827908,-1.30710608876819,0.205631892765923,0.617825981915697,-5.06825904641902
SPN,-0.0724955002461304,6.87740350890688,-1.30686853465567,0.20571109734284,0.617825981915697,-5.06853372339668
ZNF12,0.0518476255526363,5.05098486210873,1.30665897405701,0.205780988173066,0.617825981915697,-5.06877599775056
HS3ST2,-0.0352699215272316,6.65016296515389,-1.30654162110636,0.205820134803868,0.617825981915697,-5.06891165611108
C7orf25,-0.0312539877345233,5.74599450995284,-1.30626947432758,0.205910939971373,0.61787906347944,-5.06922621488945
SCAMP3,0.046739754738843,7.99116093594578,1.30562932137793,0.206124658246676,0.618206062370388,-5.06996591550478
KDM7A,0.0333327341880829,6.7583446352805,1.30550484690951,0.206166234764468,0.618206062370388,-5.07010971141719
VPS13C,-0.0707092695135171,6.31684712250004,-1.30467663479661,0.206443037836937,0.618274495766501,-5.07106619108435
CDK11B,0.054592777052824,7.31171526623421,1.30441338456322,0.206531081390369,0.618274495766501,-5.07137010565077
CLNS1A,0.0566230442712512,7.62435770467595,1.30406307244749,0.206648288042217,0.618274495766501,-5.07177445127958
PSMB10,0.0999372658758655,6.67688545477977,1.30393587870327,0.206690857077883,0.618274495766501,-5.07192124147715
NDUFB8,0.0619787797629466,9.27243374377699,1.30391707105611,0.206697152176915,0.618274495766501,-5.07194294576294
CACYBP,-0.0549430702259692,7.44824334206771,-1.30385635387847,0.206717475816327,0.618274495766501,-5.07201301244679
TPMT,-0.0672264018249835,7.68888426561497,-1.30382121051857,0.206729239937018,0.618274495766501,-5.07205356609747
PLEKHA2,-0.0390815001446476,4.9754063052061,-1.30361366273959,0.206798726499447,0.618274495766501,-5.07229304709644
ATP1A2,-0.0313098465516382,5.06632414918395,-1.30332945856388,0.206893907006225,0.618274495766501,-5.07262092724098
PLIN1,0.0504196188518406,7.97737337819552,1.3027795978447,0.207078153350058,0.618274495766501,-5.07325512026539
SEZ6L2,-0.0411678287826337,5.67532495068391,-1.30251276353586,0.207167609797868,0.618274495766501,-5.07356279859042
GPC1,0.0526622276813753,7.89859297882742,1.30243230479303,0.207194589575908,0.618274495766501,-5.07365556274319
TBXAS1,0.0405818535934113,5.51800661060861,1.30239884798931,0.207205809264077,0.618274495766501,-5.07369413504408
TFCP2L1,-0.0504950647613877,6.29225352631517,-1.30237616331041,0.207213416806004,0.618274495766501,-5.07372028770755
PIGT,0.0494649174501095,7.62806057484324,1.30173028201911,0.207430111143096,0.618514634270959,-5.07446475048774
PPOX,0.0296203168733067,6.44133438493073,1.30141616706714,0.207535561087203,0.618514634270959,-5.07482669775043
DHX40,-0.056758975047522,5.41911653133534,-1.3011016172046,0.207641198889482,0.618514634270959,-5.07518907311154
YPEL5,-0.0626711894730724,7.95722833618725,-1.30100865373983,0.207672427575164,0.618514634270959,-5.07529615714277
RANBP2,-0.0589915578338483,5.72622320669971,-1.30051186112967,0.207839374315119,0.618514634270959,-5.07586830119007
DOC2B,0.0261297862105664,6.24411108519055,1.30041110964908,0.207873244514787,0.618514634270959,-5.07598431199271
TPRA1,0.069477373436683,6.23285616302306,1.30033300347181,0.207899504872494,0.618514634270959,-5.07607424258416
CLASP2,-0.0429100657766304,5.83775104233909,-1.29991783587546,0.20803913323683,0.618514634270959,-5.07655218629973
SRSF2,-0.0476666171485729,8.97406560454899,-1.29978056657059,0.208085315449442,0.618514634270959,-5.07671018361685
PDE9A,0.0374490963474661,5.85597341732494,1.29976482990658,0.208090610325752,0.618514634270959,-5.076728295667
MTG1,0.056216354522307,7.5025434459917,1.29952735015007,0.208170527292227,0.618514634270959,-5.07700159981128
AAMDC,-0.0276109797727785,7.22639299199458,-1.29933630990831,0.208234833726516,0.618514634270959,-5.07722142866883
MRPL12,0.0680549582455134,7.78211228327846,1.29914247100823,0.208300098034088,0.618514634270959,-5.07744445034651
MCAT,0.0587202234031428,5.12274113395451,1.29844686140065,0.208534436458033,0.618514634270959,-5.07824455641633
NCL,0.0538158094667046,8.88966165110264,1.29838098005435,0.208556641340963,0.618514634270959,-5.07832031609582
PPP4C,0.0871156223311372,7.92333054721773,1.29803599204078,0.208672947386133,0.618514634270959,-5.07871697963107
FAM13A,-0.0480719856679558,8.74664132230012,-1.29788763826393,0.208722977519452,0.618514634270959,-5.07888752815041
SPCS3,-0.0489332668757979,8.46935903721536,-1.29746012722375,0.208867201566454,0.618514634270959,-5.07937890670793
ZNF263,-0.0240567602845492,6.21064649235473,-1.29743867504848,0.208874440661588,0.618514634270959,-5.07940356014318
PCBD1,0.0838717463466487,9.24208123235892,1.297236746164,0.208942591686276,0.618514634270959,-5.07963560573383
ZG16,-0.0569927451246252,7.50966621123265,-1.29701214088775,0.209018416325827,0.618514634270959,-5.07989367434347
SFPQ,-0.0622565151696821,6.50926584658315,-1.29696029895223,0.209035920719689,0.618514634270959,-5.07995323476604
ABT1,0.0385408268545276,6.62191561238421,1.29677025169951,0.209100099800855,0.618514634270959,-5.08017156019496
VAC14,0.0418765232045418,7.10910123377161,1.2966042235798,0.20915618015385,0.618514634270959,-5.08036227067462
SERPINH1,0.0397821493403014,7.3951304284313,1.29623295242563,0.209281629075362,0.618514634270959,-5.08078866255625
JUN,-0.0914786599853629,7.50367595943316,-1.296178430761,0.209300056345946,0.618514634270959,-5.08085127018086
NAB1,-0.0733140772008755,6.66235758159678,-1.29605963081228,0.209340212808496,0.618514634270959,-5.0809876814056
ZKSCAN4,-0.0375980053350154,5.47373329781062,-1.29529643658049,0.209598328782291,0.618514634270959,-5.0818637647439
NPY,-0.031851550440876,5.20093793401982,-1.29424849875905,0.209953149661405,0.618514634270959,-5.0830660071722
KPNA1,-0.0501163218637237,6.98168624498324,-1.29407582739881,0.210011659191137,0.618514634270959,-5.0832640256255
TAPBPL,0.0685121610408421,6.66763236606561,1.29397164219784,0.210046968381998,0.618514634270959,-5.08338349388701
RNF123,0.0367478996247785,8.2416157825211,1.29384655547181,0.210089367363238,0.618514634270959,-5.08352691911998
NIPAL2,-0.0349972804580317,6.97289075714927,-1.29382996857363,0.21009499010283,0.618514634270959,-5.08354593689193
COL9A3,-0.0414887394708537,5.12471210333083,-1.29367085831822,0.210148932324268,0.618514634270959,-5.08372835500998
ZNRD2,0.0588649748013338,6.04950538118198,1.29366097978645,0.210152281740247,0.618514634270959,-5.08373968001701
FTSJ1,0.0277393600503097,6.62557193888892,1.29356975486634,0.210183214432288,0.618514634270959,-5.08384425923229
ARF4,0.0666027995554028,8.37552224736965,1.29344972463219,0.210223919869134,0.618514634270959,-5.08398185113746
FASTKD3,-0.0632336193696648,4.78106309661741,-1.29295444913423,0.210391945750953,0.618514634270959,-5.08454947765621
RPAIN,0.0304883907260413,5.274666960715,1.29250543115735,0.210544368632619,0.618514634270959,-5.0850639320944
JADE3,-0.0367751295364117,5.08553850483001,-1.29234379567726,0.210599258142468,0.618514634270959,-5.08524908651035
CCSER2,-0.0423098485424595,7.11511685055153,-1.2915116627602,0.21088201672501,0.618514634270959,-5.08620199317684
APOA1,0.0471282510182719,13.4525113133935,1.29136773844353,0.21093095208474,0.618514634270959,-5.0863667542268
ZFHX4,-0.0490106194144981,6.06180642095408,-1.29133841701725,0.210940922673892,0.618514634270959,-5.08640031879702
MCM5,0.0797367357565407,6.17743807762707,1.2910055840321,0.211054126363827,0.618514634270959,-5.08678127179461
IL16,-0.0292711391540012,6.6590355536397,-1.29090631564459,0.211087898823273,0.618514634270959,-5.08689487620288
UBE2D3,0.0593091992863866,9.20072687913684,1.29037893935026,0.21126738983313,0.618514634270959,-5.08749829188616
SERPIND1,0.0449766813590113,11.0829415808548,1.29037855530662,0.211267520584464,0.618514634270959,-5.08749873122767
SMC4,-0.0433660867872265,5.50714844259392,-1.29037229133986,0.211269653220799,0.618514634270959,-5.08750589711824
MCMBP,-0.0502837192657004,6.08172457031038,-1.29018424386096,0.211333683838043,0.618514634270959,-5.08772100725284
GLRX2,-0.0536789625525988,6.75837975533217,-1.29016275349804,0.211341002317693,0.618514634270959,-5.08774558870795
POGZ,-0.0410310468327004,7.11215579056955,-1.29001459426746,0.211391462862855,0.618514634270959,-5.08791504927286
SMU1,0.0287418188294768,5.35337382687753,1.28982856166316,0.211454835693001,0.618514634270959,-5.08812780531911
TNIP1,0.0687811828966905,8.23736423793458,1.28974866944836,0.211482055857896,0.618514634270959,-5.08821916610549
PPP1CB,-0.0306457755640875,6.08412126009329,-1.28957620672993,0.211540825098642,0.618514634270959,-5.08841636979036
ACOX3,0.0390339022082817,6.9452769128977,1.28948018028132,0.211573553037758,0.618514634270959,-5.08852616232648
CLPTM1,0.0417434813089883,8.1846201302933,1.2894678683209,0.211577749510742,0.618514634270959,-5.0885402388006
PIP4K2A,0.0355968895651423,7.13200724707187,1.28924884029129,0.21165241497278,0.618514634270959,-5.08879063847134
SSR1,-0.0790313362914538,8.23123702485451,-1.28912949205218,0.211693108747916,0.618514634270959,-5.08892706610801
GDF15,0.0845309318870296,5.62830080507055,1.28852173508766,0.211900427872236,0.618514634270959,-5.0896216324262
DENND4B,-0.0386478212763157,7.34477040075228,-1.28846512303136,0.211919747498467,0.618514634270959,-5.08968631673737
DDAH2,0.0551858059360396,7.79959278377184,1.28824321154978,0.211995490963698,0.618514634270959,-5.08993984739824
PLXNA2,0.0472621376706562,5.86610910219825,1.2882188282094,0.212003814836778,0.618514634270959,-5.08996770278219
MIEF1,-0.0358286175430354,8.11989020132322,-1.288163168137,0.212022816767929,0.618514634270959,-5.09003128686548
YTHDF2,-0.0523440137651523,6.56178419482781,-1.28814370685609,0.212029461015149,0.618514634270959,-5.09005351819639
TFB1M,-0.0427532337074198,5.8584655666311,-1.28801002783107,0.212075104541878,0.618514634270959,-5.09020621701922
EEF1D,0.0764318282904174,9.43462768558947,1.28779306029947,0.212149202429915,0.618514634270959,-5.09045402634896
EPHB1,-0.0465029861893023,5.20316300789128,-1.28764992155605,0.212198097603729,0.618514634270959,-5.09061749303016
CLEC11A,0.055974352202888,6.07977799225661,1.28734908718152,0.212300888986272,0.618600866184138,-5.09096100097445
NUP107,-0.0503844825033401,6.28719373132502,-1.28711573111121,0.212380650476105,0.618619957436433,-5.09122741246163
SALL1,0.0521593189186005,5.18944543815482,1.28678109322335,0.212495070837279,0.61869926062094,-5.0916093819492
POM121L9P,-0.0319053678030753,5.36491906032372,-1.28653345199593,0.212579775836698,0.61869926062094,-5.09189199628196
TUBA3C,0.0373362859812211,7.60204938766563,1.28639386455086,0.212627532880853,0.61869926062094,-5.09205127686284
KIAA1614,0.0483346744926009,6.1467996710542,1.28598743959875,0.212766630423577,0.618730069226255,-5.09251495818
APLP2,0.0321333205879883,9.94942634306856,1.28530764006587,0.212999447232602,0.618730069226255,-5.09329025209167
F9,-0.0460530759907496,11.2645962402128,-1.28529172945635,0.213004898641609,0.618730069226255,-5.09330839361823
PCDH1,0.0574178641954523,7.58285280826866,1.28509096471441,0.213073695418029,0.618730069226255,-5.09353729255252
RFPL3,-0.0316361702803805,6.44041499391167,-1.28491291786742,0.213134721787672,0.618730069226255,-5.09374026493872
DDX19A,0.035104087665192,6.02392206879242,1.28490683473416,0.213136807048795,0.618730069226255,-5.09374719925932
LCMT2,-0.0281106884086025,6.13716847192147,-1.28433501263109,0.213332894839892,0.618730069226255,-5.09439891114053
MECOM,-0.0362335484929543,5.20835537721214,-1.2841887531065,0.213383072243175,0.618730069226255,-5.09456556565323
NEDD9,-0.0279959839874161,5.76510883532548,-1.28406849391878,0.213424336538834,0.618730069226255,-5.09470258232074
RAB4A,0.07163416548674,6.09348336478166,1.28394842615278,0.213465541323665,0.618730069226255,-5.09483937015932
CDC23,-0.0501391947637712,5.28242861137335,-1.28373274828196,0.213539573015935,0.618730069226255,-5.09508505537865
BIN1,0.0520618458057959,7.57519902303118,1.28366279738192,0.21356358802154,0.618730069226255,-5.09516473114243
MAPRE1,-0.0351468291796336,6.94255688322699,-1.28333532576971,0.213676040901604,0.618730069226255,-5.09553768079336
DENR,-0.0555175712863707,6.25797902956562,-1.2832445421745,0.213707223870461,0.618730069226255,-5.09564105794836
VPS9D1,0.0592012654060844,6.42536396030504,1.28315944091878,0.213736458233306,0.618730069226255,-5.09573795893637
FCHSD2,-0.0379918710937039,6.55980097778364,-1.28183110226906,0.214193176905282,0.618997409434683,-5.09724977988353
SHC2,0.066120494299959,7.90204243235798,1.28178059927968,0.214210556104478,0.618997409434683,-5.09730723288628
CDC42BPA,-0.028039864578576,8.00914161472513,-1.28164578207476,0.214256955046582,0.618997409434683,-5.09746059377726
POLR1G,-0.069927437056433,5.20944820029257,-1.28159567293939,0.214274202685182,0.618997409434683,-5.09751759181764
RAB17,0.0592600956713646,8.82448312056689,1.2814948004153,0.214308926419281,0.618997409434683,-5.09763232642628
NEK3,-0.0364075181430927,5.51371659034179,-1.28139279194963,0.214344045615677,0.618997409434683,-5.09774834537332
DSCAM,-0.0290715647959127,7.12684344487147,-1.28137450122895,0.214350343166434,0.618997409434683,-5.09776914743674
TMEM109,0.0351548291469214,8.16256781094362,1.28115956327106,0.214424357697425,0.618997409434683,-5.09801357802301
UBE2C,-0.0442486261410073,6.24260140323636,-1.28097451225008,0.214488096428965,0.618997409434683,-5.09822399318239
ABHD8,0.0665269417357192,6.43977842201028,1.28052045245675,0.214644554368805,0.619237447735201,-5.09874018089094
SPTBN5,-0.027404650984002,6.30370712815559,-1.28030388394112,0.214719209726195,0.619241406889538,-5.09898632785754
CUL9,0.0379691220031984,6.20685377035782,1.27969840277455,0.214928037490337,0.619632179049248,-5.09967431886969
ASTE1,-0.0330020544631331,5.97654207856207,-1.27903720479784,0.215156261312768,0.619655321926322,-5.10042530721201
CGREF1,0.0459716745588762,5.18852823998313,1.27845987895235,0.215355688598389,0.619655321926322,-5.10108076711316
ARHGEF7,0.0318470492161234,7.58905331150704,1.27837775076503,0.215384069988144,0.619655321926322,-5.10117399016454
TST,0.0793889998785583,10.7155712276749,1.27830744149946,0.215408369362213,0.619655321926322,-5.10125379365601
NRP2,0.0253283283392598,6.5991252429676,1.27815532117787,0.215460950470402,0.619655321926322,-5.10142644296023
DDX27,-0.0271615968975205,7.73879957886851,-1.27790444425102,0.21554768896338,0.619655321926322,-5.1017111385992
EEF1A1,0.0631181964737251,12.99157294993,1.27776915960417,0.215594473653881,0.619655321926322,-5.10186464040639
CROCC,0.0255295580716875,6.55991200160961,1.2771968176361,0.215792490238552,0.619655321926322,-5.1025139017549
EIF4H,0.0569584416144762,8.48290820921584,1.27716752741623,0.215802627735072,0.619655321926322,-5.10254712183462
MAP2K2,0.0728447826819179,7.88431775233813,1.27713485168474,0.215813937409438,0.619655321926322,-5.10258418090374
TTPAL,0.0750643798173593,7.08243823924211,1.27695717970127,0.215875440990735,0.619655321926322,-5.10278567303495
SNX27,-0.0401854128843688,6.99658792329356,-1.27669615656453,0.215965822302422,0.619655321926322,-5.10308164833323
BICD1,-0.026743842914121,6.31429821093764,-1.27669081656306,0.215967671625372,0.619655321926322,-5.10308770285405
SREBF2,0.0738452307522509,7.34610772607511,1.27651296184635,0.216029272391189,0.619655321926322,-5.10328934327982
MYL11,0.0269197116496643,5.68499200785132,1.27635510566355,0.216083957959919,0.619655321926322,-5.10346829086022
SAMHD1,-0.0442609949007904,7.06568366775269,-1.2761256006464,0.216163483683767,0.619655321926322,-5.1037284272086
PGCKA1,0.0364064197973852,6.76353305193398,1.27596597147094,0.216218810093753,0.619655321926322,-5.10390933842058
CEACAM21,0.0335718759848564,6.42832560817889,1.27585857039956,0.216256040752749,0.619655321926322,-5.10403104768474
DPM3,0.0823017567158394,8.10267366804685,1.27555861727143,0.216360045978596,0.619743182548861,-5.10437091558564
RPL7,-0.044983096637785,11.3334554856528,-1.27503779099563,0.21654072825514,0.619839514221811,-5.10496088866465
SURF1,0.0492917876038077,8.94675306348125,1.27496747405849,0.21656513116797,0.619839514221811,-5.1050405256181
LLGL2,0.0710561826468462,5.37632731618598,1.27449565099752,0.216728928466795,0.619839514221811,-5.10557479000782
CYB5R3,0.0482703479613589,9.97845799447036,1.27416376818447,0.216844201705781,0.619839514221811,-5.10595049477631
RPS8,0.0586649264778765,9.54995471793579,1.27416325518196,0.21684437992421,0.619839514221811,-5.10595107545223
CALML4,-0.0491458944771298,6.13742741615729,-1.27407978728223,0.216873378400802,0.619839514221811,-5.10604555151175
KCTD17,0.0562238763404299,7.72082417726261,1.27396258855518,0.216914100724024,0.619839514221811,-5.10617819820355
NARF,0.066894029185424,6.62124884154269,1.27359336299171,0.217042431904191,0.619839514221811,-5.10659602430756
CDA,0.0701343748761406,7.27499970609874,1.27356048914946,0.217053860660632,0.619839514221811,-5.10663322034081
PARN,-0.0266544874839189,6.2900998701103,-1.2723837141216,0.217463278765387,0.620259105298417,-5.1079641837013
CLN5,-0.0415459150050521,6.01272743434237,-1.27222406880245,0.217518867752115,0.620259105298417,-5.10814466700944
DPYS,0.050126339560378,9.66613901522519,1.27205649853554,0.217577228036723,0.620259105298417,-5.10833408918938
CD320,0.0366649440975623,6.88207174603961,1.27166419461001,0.21771390440264,0.620259105298417,-5.1087774692024
NARS2,-0.0394645104446571,5.86213509537858,-1.27152497180849,0.21776242474159,0.620259105298417,-5.10893479048051
DENND2B,0.0520598048281813,7.02151108587283,1.27095866803272,0.217959872532955,0.620259105298417,-5.10957456238064
PRDM1,-0.0276417658516954,6.23180560222851,-1.27093537084231,0.217967998303995,0.620259105298417,-5.10960087684252
GEMIN6,-0.0429120312688779,6.19975764115565,-1.27086227090119,0.217993496175212,0.620259105298417,-5.10968344148613
ISYNA1,0.0438147291511955,6.06193097501791,1.27084950879339,0.217997947941348,0.620259105298417,-5.10969785557335
IL10RB,0.0699009502373298,5.47061861627276,1.27081988434584,0.218008282015303,0.620259105298417,-5.10973131426097
NAT1,-0.059435044395456,6.5208283721739,-1.27020324205642,0.218223474938322,0.620259105298417,-5.11042761843124
CLDN9,0.03520352664232,6.54565785875878,1.27015225615379,0.218241275095917,0.620259105298417,-5.11048517829399
SECTM1,0.0467463869585894,6.60988527701863,1.27014591481237,0.218243489058339,0.620259105298417,-5.11049233713182
CLIC1,0.0544659186916028,8.29525731161851,1.26971861358724,0.218392713351305,0.620259105298417,-5.11097465473703
NPFFR1,0.0386348337379912,7.69939319974694,1.26955377334676,0.218450300739785,0.620259105298417,-5.11116068216068
ATP5MJ,-0.0567772229581369,9.95891543135592,-1.26933420907401,0.218527024320222,0.620259105298417,-5.11140843580528
TELO2,0.0488291796268586,6.44045173120588,1.26931471278876,0.218533838022186,0.620259105298417,-5.11143043343152
LSM3,-0.045858275175434,7.57719580170761,-1.26925209044202,0.218555724839396,0.620259105298417,-5.11150108819699
NGRN,0.0428235099296192,7.65373511187739,1.26913842021048,0.218595457464933,0.620259105298417,-5.11162933113858
TENM1,-0.0759555995916878,5.62333473621948,-1.26879663085457,0.218714961097535,0.620389869511301,-5.11201488019297
AAAS,0.0339150388305719,7.95548529859132,1.26796029790725,0.219007590128079,0.620903331609275,-5.11295792104757
ZNF384,-0.0343838224132806,7.90562858859244,-1.26785933032557,0.219042938642278,0.620903331609275,-5.11307173567708
UPK3B,0.0433538716251012,6.01950168530251,1.26743514678388,0.219191492395905,0.621116066648356,-5.1135498086419
CUL2,0.0289792103108445,5.46909145670798,1.26679518023926,0.219415762781773,0.62129032675632,-5.11427082323157
USP2,-0.035560521000072,6.00709459588236,-1.26675066355678,0.219431369824062,0.62129032675632,-5.11432096628059
ITPA,-0.0268420404462728,8.25069337376411,-1.26663032016729,0.219473565132262,0.62129032675632,-5.11445651217734
DUSP10,0.0723853721062003,7.14659686013976,1.26623461654349,0.219612352521708,0.621475009647835,-5.11490212698797
VNN2,-0.0325227725240515,5.59393952053123,-1.26480366835586,0.220114801985071,0.622337831455785,-5.11651258517887
SLC20A1,-0.0530434612769779,6.16037639290859,-1.26480170131743,0.220115493281431,0.622337831455785,-5.1165147979225
PUF60,0.0689446928010547,8.11764256073696,1.26468777995559,0.220155532681221,0.622337831455785,-5.11664294439308
PLA2G2D,-0.0366432476488751,7.14797268032898,-1.26433282276923,0.220280323787957,0.622337831455785,-5.11704216190372
ANAPC5,0.043613478498822,8.84348929421329,1.26412459352013,0.220353555609452,0.622337831455785,-5.1172763117068
DPYD,-0.0894146998691284,6.8547942716704,-1.26360941744149,0.220534817703554,0.622337831455785,-5.11785547759101
NT5C2,-0.0518075787666678,5.86552628612251,-1.26352834945178,0.220563351522824,0.622337831455785,-5.11794659687441
ZDHHC4,0.0419881670206357,7.06678815150398,1.2634138318712,0.220603663572674,0.622337831455785,-5.11807530462815
FHIT,0.0248688570627826,5.73805202029642,1.26332211893453,0.220635952110017,0.622337831455785,-5.11817837486065
B4GALT7,0.0366689397612476,6.7148071901447,1.26327158485369,0.220653744738643,0.622337831455785,-5.11823516414652
MAFB,-0.0477049276185711,7.88705156548866,-1.2630067666119,0.22074700310744,0.622393118537827,-5.11853273077013
SLC29A1,0.0549545897897125,7.64477239947848,1.26278572712924,0.22082486759654,0.622404980383843,-5.11878106450751
ERCC2,0.048461066127209,5.96605394511774,1.26202144083748,0.221094261993462,0.622956490111621,-5.11963944335404
GSTK1,0.0585494758871722,9.31909772957872,1.26088056389548,0.221496867189842,0.623647833013394,-5.12091995980402
ADAM17,-0.0365424341187221,5.91004591343187,-1.26074497868589,0.221544751485343,0.623647833013394,-5.1210720752167
BCL7B,0.0349813064831835,6.89582237410304,1.26069886037015,0.221561040793634,0.623647833013394,-5.12112381301352
NSDHL,0.0433007756662044,6.30377630184143,1.26012306291358,0.22176449405326,0.624012645604411,-5.1217696364751
SAP30BP,0.0430609639853775,6.06390210789729,1.25954815546117,0.221967776250847,0.624127664793942,-5.12241421323621
RPL24,-0.0550401375642615,11.1944138983316,-1.25929641030428,0.222056836240559,0.624127664793942,-5.12269638758454
TMPRSS2,0.030333541893811,7.19480899106589,1.25914729675083,0.222109601168464,0.624127664793942,-5.12286350248381
HADHB,0.0485532220654582,10.0600115305518,1.25909511267452,0.222128069166176,0.624127664793942,-5.12292198240031
SUV39H1,-0.0251459844162241,6.85799111891833,-1.25889366657433,0.22219937222869,0.624127664793942,-5.12314771312444
BAZ2A,0.0319244293594554,7.82201732219001,1.25868979480272,0.222271551797808,0.624127664793942,-5.12337613088865
PCDHA10,0.0536333805269464,6.3070239896679,1.25854620721863,0.222322398938434,0.624127664793942,-5.12353698755102
HSD17B4,0.0497782951222074,9.60624081334449,1.25806672357858,0.222492258193617,0.624213618790058,-5.12407402574134
CDC42EP4,0.0353946304413536,7.75253748491769,1.25804273256823,0.222500759739131,0.624213618790058,-5.1241008919593
GSDMD,0.0493236863010242,7.91554581381325,1.25749403126232,0.222695267822649,0.624219218333126,-5.12471523436313
GJC2,0.0399705160411721,7.54057514317084,1.25740126428918,0.222728165528364,0.624219218333126,-5.12481907667156
DLG5,0.0284600142908327,5.16324439036992,1.25717588611807,0.222808106359147,0.624219218333126,-5.12507133550738
FMO4,-0.0669225955806091,8.20374053357596,-1.25716948348838,0.222810377671203,0.624219218333126,-5.12507850121535
COPE,0.0779362041191346,7.37186421367958,1.25699546726163,0.222872116178821,0.624219218333126,-5.12527324524014
KANK3,0.024903634663726,7.3323761086224,1.25659012322824,0.223015977534484,0.624233301367902,-5.12572678317957
RBP1,0.053682480474384,7.92422571334379,1.25656501261768,0.223024891932508,0.624233301367902,-5.12575487528382
CDR2,-0.0391719791191784,6.79922866403592,-1.25615183912102,0.22317161001963,0.624262132779208,-5.12621703858377
ZNF430,0.0418966531054613,5.30846733755365,1.25493166939139,0.223605325856991,0.624262132779208,-5.12758113355729
SIVA1,0.0581052970643161,7.69689552018422,1.25483608759391,0.223639328251303,0.624262132779208,-5.12768794239265
HAUS5,0.0476371138660485,7.73594185304156,1.25477978457369,0.22365935942091,0.624262132779208,-5.12775085554715
TOE1,0.0310148739473537,6.74563116589512,1.25458340216528,0.223729238030797,0.624262132779208,-5.12797027513058
ZSCAN18,0.0467657381196183,6.90226779865246,1.25447187572196,0.22376892987088,0.624262132779208,-5.1280948715628
HMOX1,0.0643201753126689,8.2869154139639,1.25444205173247,0.223779545032809,0.624262132779208,-5.12812818909364
BRINP1,-0.0462263664131431,5.220825823255,-1.25436090529853,0.223808429194554,0.624262132779208,-5.12821883752029
ERF,0.026962386087651,7.30970271537253,1.25434046003442,0.223815707160314,0.624262132779208,-5.12824167607879
MAPK14,0.0285369617281008,7.90342663818091,1.25416576379407,0.223877901750929,0.624262132779208,-5.12843680918684
CUTC,-0.041709543668667,6.24792544700887,-1.25408174299912,0.223907819194033,0.624262132779208,-5.12853065098477
FKBP2,0.0687922477973179,8.76268919485304,1.25384958214986,0.22399050111171,0.624262132779208,-5.12878992096157
FBXO34,-0.0268395594628079,7.23853042150369,-1.25383527834293,0.223995596045746,0.624262132779208,-5.12880589367858
RNF25,0.0265404104509115,5.52793403717347,1.25303107579939,0.224282191586893,0.624854770494311,-5.12970367944801
IQGAP2,-0.0532110515764705,7.73376341835739,-1.25270664521675,0.224397889349469,0.624971049770274,-5.13006572538348
SLC24A3,-0.0327731395125033,5.0966484035529,-1.25246331977792,0.224484693632319,0.625006807641878,-5.13033721059006
PIAS4,0.045201278812662,6.23712947073535,1.25224999329475,0.224560817248499,0.625012814805606,-5.13057518839945
MDH2,0.061075241880417,9.03147443408088,1.25182743883385,0.224711660466027,0.625226714171197,-5.13104647067105
SELL,-0.0503240723020312,5.36784253126716,-1.25098613369616,0.22501222058724,0.625802313040568,-5.13198439211144
OGFOD3,0.0348255215357417,6.24233676353693,1.25083385905502,0.225066654358614,0.625802313040568,-5.1321540970975
SLC25A1,0.0763973454383114,8.61543549671916,1.25052728297781,0.225176277071635,0.625901164886617,-5.13249571283653
GTF3A,-0.0373307809539672,9.31245629794715,-1.25025109482193,0.22527506901837,0.625969856364757,-5.13280340683265
FCN2,0.0956027119572933,7.44121256330155,1.24997448829081,0.22537404394186,0.626039010949611,-5.13311150927767
LSM2,0.0450579717924141,6.12679730053574,1.24956492374438,0.225520654956861,0.626240399075081,-5.13356760308228
CIITA,-0.052103961191908,7.25775613191051,-1.24852111683629,0.225894635246572,0.626434521903109,-5.13472942121417
LAP3,0.0631814355141095,8.18394363834169,1.24843127022787,0.225926848147894,0.626434521903109,-5.13482938731889
APOC3,0.0322754983279989,13.4760176872304,1.24833239423749,0.225962302444064,0.626434521903109,-5.13493939275147
FAU,0.054512804425032,10.7576705746204,1.24822952892287,0.225999191733014,0.626434521903109,-5.13505382871472
PTGIS,-0.076876570571735,6.92836759026109,-1.24821222615878,0.226005397258457,0.626434521903109,-5.13507307696936
GFRA3,-0.0295925947474369,7.02918707910536,-1.24812866512724,0.226035367725749,0.626434521903109,-5.13516603026722
CBX8,0.0222715866951253,6.21320686617677,1.24682797938049,0.226502271879986,0.627361227524259,-5.13661223366456
MAP3K4,-0.0372646941551889,6.27911996353779,-1.24678353980844,0.226518237298996,0.627361227524259,-5.13666162246607
MRM3,0.0485375732924003,6.91849434572375,1.24595390700536,0.22681645062386,0.62778575341955,-5.13758337755212
MAP6D1,0.0287599388468962,6.55218093392103,1.24590260201166,0.226834902187276,0.62778575341955,-5.13764036237543
CENPBD2P,0.0401789684074796,5.56915979280308,1.24572875629248,0.226897433410022,0.62778575341955,-5.13783343927517
KCNN3,-0.0305590411611539,6.10576733002007,-1.24517176653917,0.227097868091552,0.62778575341955,-5.138451890649
RDH11,-0.0635169965697085,8.61732709092676,-1.24516555671962,0.227100103480706,0.62778575341955,-5.13845878437643
ATP6AP2,-0.0636117162132194,7.85671763776012,-1.24492826425247,0.227185535821593,0.62778575341955,-5.13872218881443
A4GALT,0.0467633267610239,5.94250945552501,1.24490122162585,0.22719527353317,0.62778575341955,-5.13875220454597
DIMT1,-0.0397058515106781,6.47775447688386,-1.24470518853457,0.227265872155077,0.62778575341955,-5.13896977327163
ZNF747,-0.0455316214164559,7.50247012331076,-1.24433299737667,0.227399957910659,0.627950864165054,-5.13938277236938
CLDN16,-0.0388400905966245,5.29905658738803,-1.24370355075528,0.227626860479396,0.627974081006389,-5.14008099476501
FUZ,0.0371812571368699,7.42969294357027,1.24319178199167,0.227811470322824,0.627974081006389,-5.14064846059419
EFS,-0.033570467436465,6.47234430667129,-1.24296737225382,0.227892457564589,0.627974081006389,-5.14089723094116
WIPF1,-0.0385471235440906,6.91297980464075,-1.24289944696416,0.227916975470004,0.627974081006389,-5.14097252229495
UBA7,0.0501196006097084,7.63917629991907,1.24272952851081,0.227978317058644,0.627974081006389,-5.14116085203802
SDHA,0.0557711031573335,9.47230502169786,1.24246553608493,0.228073644984382,0.627974081006389,-5.14145340569665
TMEM45A,-0.0735546707868691,8.09981455546675,-1.2424409579983,0.228082521707772,0.627974081006389,-5.14148064019415
ANO1,-0.0588355918307001,5.52812980902484,-1.24233296609316,0.228121527643786,0.627974081006389,-5.14160029849939
HDAC7,0.0471135738522451,7.84236512201014,1.24219218986695,0.228172382716227,0.627974081006389,-5.141756269581
NOTCH1,0.0517175998169435,7.15095902791056,1.24216184293105,0.228183346610252,0.627974081006389,-5.14178989008663
WWC3,-0.0398816446998145,6.44754163154435,-1.24204421818338,0.22822584648173,0.627974081006389,-5.14192019660978
MAP1LC3B,0.0346074606002622,7.00334732587637,1.24158702494679,0.228391095893421,0.628072957149831,-5.1424265829694
RAPGEF1,0.0387136192128355,5.57566089481789,1.24153352919525,0.228410437552832,0.628072957149831,-5.14248582442689
NLE1,-0.0306832907561516,5.81489966825123,-1.24118052309765,0.228538100111242,0.628130242546739,-5.14287669081761
GLYR1,0.0365241712502273,6.69595986256681,1.24106486143308,0.228579940335056,0.628130242546739,-5.14300473681269
NSF,-0.0313261111761143,6.56366014986787,-1.24075650918521,0.228691514372303,0.628232541107268,-5.14334605602248
HIGD1A,-0.0599027152264023,9.12175838290385,-1.23992245172394,0.22899351806323,0.628697390687436,-5.14426892470981
MRPS35,-0.038091003918874,8.32307080650337,-1.23987824123235,0.22900953473798,0.628697390687436,-5.14431782807833
SNAPC5,-0.0569926539167949,7.15809306067358,-1.23914196279151,0.229276401260275,0.62910189874,-5.1451320437912
PITPNC1,-0.032006443291659,6.60377128588022,-1.23887227576795,0.229374209668144,0.62910189874,-5.1454301752614
UFSP2,0.0415554769475539,6.50036046080731,1.23867394265215,0.229446160236428,0.62910189874,-5.14564939182532
HELZ,0.041592498557513,7.98884387758121,1.23861348577327,0.229468095994094,0.62910189874,-5.1457162085741
EZR,0.0562113757737949,6.41523269449071,1.23824156776364,0.229603075426455,0.62910189874,-5.14612719025523
SVEP1,-0.0401006095582254,7.63241950116149,-1.23824017625453,0.229603580557889,0.62910189874,-5.14612872772196
POLR3D,-0.0226931253557428,6.05335449518229,-1.23754104744502,0.229857478585543,0.629593417843708,-5.14690100373064
FRS2,-0.0279001017658854,5.06316569989054,-1.23717110431688,0.229991915170646,0.629605322374221,-5.14730950275019
CD160,-0.0450422845463091,5.31821895584921,-1.23701928002203,0.230047105194792,0.629605322374221,-5.14747712032406
CPSF6,-0.0412766473711413,6.06535313288828,-1.23665528647097,0.230179462593274,0.629605322374221,-5.14787890655981
TMEM258,-0.0470789459266983,9.23123756356479,-1.23660544053947,0.230197592380939,0.629605322374221,-5.1479339200706
CCND2,-0.0596507493638909,6.74603167658473,-1.2364428354012,0.230256742135264,0.629605322374221,-5.14811336955658
PPP2R5B,0.0280881170781559,7.84364132772311,1.23612741236261,0.230371514507233,0.629605322374221,-5.14846141026538
PRSS22,0.0317202923239756,6.26755052384306,1.2360947787374,0.230383391335041,0.629605322374221,-5.1484974142042
XRCC6,0.0690160317492418,8.9620383312195,1.23583255960968,0.230478841515241,0.629662531782665,-5.14878668530829
TPBG,0.0414062929169599,5.43345636379452,1.23499288168153,0.230784695210363,0.630045995447083,-5.1497126382024
RNFT1,0.0319630047260719,6.10153421400521,1.23457068366019,0.230938598374835,0.630045995447083,-5.15017801402806
ATP6V0B,0.0812186279657016,8.61702716946339,1.23450848221071,0.230961279188971,0.630045995447083,-5.15024656533289
COXFA4L2,0.045099515822012,5.19068595485756,1.23418321207034,0.231079911701666,0.630045995447083,-5.15060499296694
CBL,-0.0445833942676211,5.35300629550761,-1.2341428390328,0.231094639798398,0.630045995447083,-5.15064947596349
FAM216A,-0.0340405925777127,5.04161298610258,-1.23386333599767,0.231196622242939,0.630045995447083,-5.15095739837116
CREG1,-0.0454148962271845,9.55899631108086,-1.23356792235936,0.231304447330177,0.630045995447083,-5.15128278469553
GOLM1,0.0501135888662906,5.98078537191141,1.23353177203805,0.231317644723326,0.630045995447083,-5.15132259828195
VWF,0.0776501802594771,5.9385386277264,1.23347271967095,0.231339204199319,0.630045995447083,-5.15138763254179
FZD9,0.0353970704777934,5.84571385832091,1.23340256397009,0.231364819393171,0.630045995447083,-5.15146489144174
USP19,0.0484880613556415,6.138277742281,1.23296143309273,0.231525934339273,0.630281618932621,-5.15195060080144
KAT7,-0.0651146070077169,7.2143771645101,-1.23225124951758,0.231785495649863,0.630609979392167,-5.15273224159031
BIN2,-0.0337673766720116,6.42336913140248,-1.23222304056109,0.231795810176576,0.630609979392167,-5.15276328096579
BAD,0.0460086332031715,7.30866285924931,1.23111241101196,0.232202187085546,0.631512224291234,-5.15398486808279
RECQL5,-0.0315847347280682,7.93063056274445,-1.23077696481259,0.232325032868427,0.631643026942794,-5.15435364282063
DNAJA4,-0.02533658410593,7.78607300330449,-1.23044021902034,0.23244840441471,0.631775174430458,-5.15472376027478
UNC13B,-0.0267215431322412,7.2949834551026,-1.2299547920003,0.232626335293198,0.631998980875385,-5.15525714168218
RBM42,0.054678744573347,6.94862258996528,1.2296403519234,0.232741647141566,0.631998980875385,-5.15560254909714
FBXW2,-0.0719205721755179,6.57629365381429,-1.22960360017272,0.232755127631266,0.631998980875385,-5.15564291540412
SRPRA,0.0467528151711421,9.69190516637779,1.22911726488872,0.232933570760461,0.632118725349176,-5.15617698534885
DRD2,0.0345197013897957,6.55944127197088,1.2290756586383,0.232948841507377,0.632118725349176,-5.15622266697552
HLA-F-AS1,-0.055815270304416,5.5734269213412,-1.22836933970885,0.23320819823476,0.632244253044949,-5.15699796973798
HP1BP3,0.0335545498634004,7.82814102923683,1.22822362522438,0.233261731216343,0.632244253044949,-5.15715786846452
AKTIP,0.0353125722520446,6.69158841653701,1.22821345355028,0.233265468463003,0.632244253044949,-5.15716902967389
STAU2,-0.0408717500829941,5.80602018493734,-1.22783834012429,0.233403323396871,0.632244253044949,-5.15758058045191
SNF8,0.0439156908776831,7.43524943745483,1.22760817076399,0.233487941811231,0.632244253044949,-5.15783305475893
CTSW,0.0303211082491621,6.56017888035894,1.22756054053079,0.233505455290444,0.632244253044949,-5.15788529564644
SLC43A1,0.0640400290327457,8.48141163910771,1.22752410361683,0.233518853698614,0.632244253044949,-5.15792525852498
ISOC2,0.0687711658556191,8.38701777705643,1.2270871467734,0.233679574999026,0.63247110161553,-5.15840442056395
OLA1,-0.054555324164946,7.69574268856225,-1.2268167430096,0.233779076993047,0.63247110161553,-5.1587008695674
ST7L,-0.0347497654217765,6.04025865051772,-1.2266795711917,0.233829565210375,0.63247110161553,-5.158851232476
CENPB,0.0364107077055344,5.68930654872851,1.226420065088,0.233925103169556,0.63247110161553,-5.15913565474163
TNFRSF14,0.0605254937632121,6.42429102883038,1.22627945049202,0.233976883272207,0.63247110161553,-5.15928974886513
TENT4A,0.0459887147346931,7.58134280796802,1.22599034013689,0.234083373059687,0.632556604526497,-5.15960652649135
GNAQ,-0.0446525970978851,7.60937841808194,-1.22533800069697,0.234323788771726,0.633003841151242,-5.16032105971257
SLAMF7,-0.0655322996046559,5.62725489555348,-1.22504895277977,0.234430375675715,0.633011737986001,-5.16063756174994
MICALL2,0.0671468555567375,6.73865381059059,1.22492380041046,0.234476537265821,0.633011737986001,-5.16077458150454
SKIC2,0.059534926550393,7.66030252731662,1.2242281142549,0.234733262407318,0.633502416908924,-5.16153601759203
SSBP3,-0.0553650941942899,7.1067421680922,-1.22400106514438,0.234817095329389,0.633526326798639,-5.16178444552712
FLCN,-0.0281438229812546,6.03449122240554,-1.22353889043421,0.234987813604839,0.633784559515125,-5.16229001702138
MAGI1,-0.0384165033293833,6.92293841736164,-1.2229671082947,0.235199149334892,0.633987907102768,-5.16291526250229
TRIM15,0.0299425311937428,6.7672796936198,1.22292893154974,0.235213264942861,0.633987907102768,-5.16295700001401
LYPD3,-0.0322869508355751,6.85722245229097,-1.22237788748547,0.235417081733697,0.634334930054125,-5.16355931653289
SCARA3,0.0244673958584825,6.51652784830515,1.22214116859574,0.235504679082465,0.634368676521145,-5.16381799009694
HEXIM1,-0.0262427081002296,6.80017262958943,-1.22169227085462,0.235670860834944,0.63444173656812,-5.16430840387797
NCAN,-0.0316057492993739,5.66651005045449,-1.22166228216895,0.235681965809151,0.63444173656812,-5.1643411605743
H1-10,0.0467793153937869,7.15306130246025,1.22104223141712,0.23591166313161,0.634767999940569,-5.16501828946382
NDUFB3,-0.050976149884651,8.21463644392722,-1.22092959666623,0.235953406841814,0.634767999940569,-5.16514126122181
MRPL57,-0.0402832082124352,9.32043413665854,-1.22038866060037,0.236153962069096,0.635105340383152,-5.16573170663078
CD84,-0.0443391424263173,6.77164018997591,-1.21990327963571,0.236334030144448,0.635200193856504,-5.16626132221979
TXNL1,-0.0476874963781668,8.97678547125037,-1.21976244184939,0.236386298084686,0.635200193856504,-5.16641496144536
FTCD,0.0570239602215498,9.90969433336356,1.2196655060793,0.236422278141418,0.635200193856504,-5.16652069939041
NDUFA13,0.0724605494983623,9.26499505242715,1.21924026944436,0.236580164161762,0.635200193856504,-5.16698446457008
NUP155,-0.024212365289919,5.22016251253614,-1.21875782431295,0.236759388065491,0.635200193856504,-5.16751045450396
FOXH1,-0.0211237149001562,6.75550070428221,-1.21854932273251,0.236836876375476,0.635200193856504,-5.16773772015082
WNT16,-0.0339748247587264,5.51451593354603,-1.21851292656064,0.236850404759409,0.635200193856504,-5.16777738838802
VPS51,0.0594528210613953,8.16214588302895,1.21849345989017,0.236857640722547,0.635200193856504,-5.16779860472353
CRP,0.152208472679042,9.99858249216606,1.21823014158249,0.236955535358602,0.635200193856504,-5.16808556166453
SUN2,0.0387943487807582,8.66009246828053,1.21811197891635,0.236999475031536,0.635200193856504,-5.16821431483091
TMA7,-0.0382431348847898,9.69772735840873,-1.21806722245552,0.237016119672137,0.635200193856504,-5.16826307987059
TIAM1,-0.0445141219860367,6.10333332824505,-1.21781931853565,0.237108329621691,0.63523794160298,-5.16853315941872
BANF1,0.0569117160076307,7.95369747084874,1.21739950514495,0.23726454485178,0.63523794160298,-5.1689904191363
CAMSAP2,-0.046495589274528,5.55862557673081,-1.21737306895824,0.237274384538843,0.63523794160298,-5.16901920886116
LIN7B,0.0281887702135349,5.95960518543259,1.2172212211962,0.237330909069894,0.63523794160298,-5.16918456485674
ARHGAP45,0.0435231587053099,6.95795299592748,1.21696022760577,0.237428086440786,0.635296811407422,-5.16946873503889
DEPDC5,0.0261966129647716,6.54881226146792,1.21639382360565,0.237639083049304,0.635434680371992,-5.17008525749067
OGDH,0.0585269529110836,6.76237855013661,1.2161743718796,0.237720871357065,0.635434680371992,-5.17032406159546
YJU2,0.0511227992766167,6.67111120879542,1.21616630760501,0.237723877269371,0.635434680371992,-5.17033283631816
LIMD2,0.0302570863595351,6.42865178716906,1.21601465739722,0.237780409388904,0.635434680371992,-5.1704978373827
NPR1,0.0297004272077907,7.60173360672599,1.21552752722131,0.237962070634508,0.635509362500545,-5.17102773422526
NR3C2,-0.0428950641718651,5.25827192085716,-1.21540034879341,0.238009515513278,0.635509362500545,-5.17116604818526
TIMM13,0.0640465877685976,7.55048090741776,1.21533477758118,0.23803398015553,0.635509362500545,-5.1712373558737
CPA3,-0.0485601036738702,5.9734353883345,-1.21475547058002,0.238250202673126,0.635620930416557,-5.17186720056994
LRRN2,-0.033572081693885,6.56995265226639,-1.21462647983491,0.238298367887942,0.635620930416557,-5.17200740931003
NDUFB11,0.0487524717038872,9.14086482434412,1.21455690059091,0.238324351881395,0.635620930416557,-5.1720830344009
MTARC1,-0.0292061560817359,8.51210074820573,-1.2144168641218,0.23837665425918,0.635620930416557,-5.17223522763061
PKIG,-0.0408103334115528,7.31927050400002,-1.21322448017135,0.238822351698055,0.636349876452663,-5.17353051658329
SEMA6B,0.0426297206592687,6.80844835422801,1.21320513110879,0.238829589328044,0.636349876452663,-5.17355152653999
ARF5,0.0483306817825824,8.036170810261,1.21293602308135,0.238930267995895,0.636349876452663,-5.17384370469844
BCAM,-0.0301566578050324,7.64149207269333,-1.21278403648445,0.238987143418229,0.636349876452663,-5.17400869634107
EXOC3,0.0419599213511154,6.64976994163598,1.21267869675396,0.239026568977604,0.636349876452663,-5.17412303931219
GJC1,-0.0372725418074904,5.14451875766147,-1.21206975953642,0.239254572855101,0.636583706990752,-5.17478385513457
RASSF7,0.0316788618803889,8.4488222563774,1.21187392230583,0.239327935044215,0.636583706990752,-5.17499631647435
DEF6,0.0364967358574717,6.28983269185803,1.21151297945815,0.239463191766141,0.636583706990752,-5.17538782190322
MAP3K12,-0.0397096102551819,6.46259397454958,-1.2114251926362,0.239496097023222,0.636583706990752,-5.17548302693538
OSBPL7,0.0213746926923069,5.54332725067123,1.21137520738774,0.239514834594075,0.636583706990752,-5.17553723342883
ITIH3,0.0568354433912104,11.5775956602617,1.21111098771427,0.239613898962677,0.636583706990752,-5.17582373462653
THAP11,0.0351137846186152,6.60156430527172,1.21072358978449,0.23975920288846,0.636583706990752,-5.17624370501013
RPH3AL,-0.0308323139901468,5.6582780569654,-1.21066619053386,0.239780737683498,0.636583706990752,-5.17630592062048
NSUN5,0.043414769580653,7.57539459761591,1.21063505694282,0.239792418858173,0.636583706990752,-5.17633966556962
PRKCZ,0.042205931934466,7.01329566301193,1.20997488308894,0.240040214402721,0.636989285401755,-5.17705503734856
PTPRD,-0.0540797915675307,5.98394343433953,-1.20972796319241,0.240132945324241,0.636989285401755,-5.17732251673836
EIF3M,-0.066605343513241,6.65728905657853,-1.20956934121681,0.240192530212784,0.636989285401755,-5.17749432154712
PELP1,-0.0243075343727823,5.7179283872909,-1.20932543920627,0.240284171599868,0.636989285401755,-5.17775845628041
JMJD6,0.0369972803940335,5.692548800982,1.20903836606382,0.240392067598352,0.636989285401755,-5.1780692849856
IFIT5,-0.0306719124032341,6.4067714586616,-1.208680288138,0.240526702030447,0.636989285401755,-5.17845690567882
TXNRD1,-0.0519480255637581,6.75779464169467,-1.20847348163067,0.240604485614265,0.636989285401755,-5.17868072973481
F8,-0.0428619016495494,6.98175464479365,-1.20843646111701,0.240618411692641,0.636989285401755,-5.17872079310762
SIX5,0.0424663661669546,6.12193987031063,1.20825263633725,0.240687570450801,0.636989285401755,-5.17891971159971
PRSS53,0.031051899822542,7.4533798439203,1.20822218536768,0.24069902819974,0.636989285401755,-5.17895266037467
SCD5,-0.134296329663146,6.72907157696662,-1.20788964798516,0.240824178498037,0.637120948124111,-5.17931242858079
GCNT1,0.026992849390378,5.94042644358779,1.2074722399945,0.240981339492297,0.637176481775251,-5.17976389729901
PDGFD,-0.0482349543374184,5.40343574397986,-1.2072367883119,0.241070025156821,0.637176481775251,-5.18001850304696
XPO6,-0.0255707109638991,7.5156547136184,-1.2072331757499,0.24107138606337,0.637176481775251,-5.18002240916088
TIMP1,0.0749143868351668,9.21427632216511,1.20693040865106,0.241185463647612,0.637278664109543,-5.18034974314216
PIK3C2A,-0.0689528493047844,6.59494929904075,-1.20668663691925,0.241277342432328,0.637322145530845,-5.18061324371907
XPNPEP1,-0.0336195928323036,7.13797908609436,-1.2059814323234,0.241543286628535,0.63770926922671,-5.18137526504383
UBE2L3,0.0563025667177849,7.68916733232307,1.20527265313806,0.241810802140986,0.63770926922671,-5.18214076455019
MRPL41,0.0263173593173463,6.10243712581297,1.20525440526993,0.241817692415529,0.63770926922671,-5.18216046762134
HEMK1,0.0358278279399303,6.54814085090524,1.2050181643333,0.241906908832866,0.63770926922671,-5.18241552487125
HSD17B2,0.0551765199866285,8.61152291416751,1.2043218740426,0.242170007676836,0.63770926922671,-5.18316702471054
COG4,0.0507174587616504,7.60700227215887,1.20425665487932,0.24219466233046,0.63770926922671,-5.18323739610605
PRPS1,-0.0449668614158251,7.64301847556099,-1.20416838725933,0.242228032961081,0.63770926922671,-5.18333263155765
SLAMF8,-0.0280275045346756,6.10504040107553,-1.20358865070368,0.242447295664799,0.63770926922671,-5.18395798377167
GTF2E1,-0.0476421796064604,5.13726052989284,-1.20322536781651,0.242584769629811,0.63770926922671,-5.18434971948422
LAD1,0.0388539736256007,7.23684896681704,1.20317400517443,0.242604211095728,0.63770926922671,-5.18440509674347
ZXDC,0.0294016042404102,6.60126082745808,1.20307971137641,0.242639905658052,0.63770926922671,-5.18450675547869
MAPRE2,-0.0477315335391814,7.64693450432267,-1.20282694820431,0.242735607775786,0.63770926922671,-5.18477922735541
CHMP6,0.0564483095868531,6.37431362247972,1.20280083462505,0.242745496619535,0.63770926922671,-5.18480737429245
PEMT,0.0679728155277811,9.19536059293771,1.20273908474612,0.242768881637321,0.63770926922671,-5.18487393029873
IP6K2,0.0549795244991977,6.00250994129535,1.2026262372668,0.24281162199275,0.63770926922671,-5.18499555337616
APRT,0.066906718004768,7.82092894049998,1.20261798072838,0.24281474933388,0.63770926922671,-5.18500445160129
COX7B,-0.0593940389578456,8.99880672929261,-1.20243112895928,0.242885531586569,0.63770926922671,-5.18520581122953
SP3,-0.0698222401424482,6.04753773545915,-1.20212162245255,0.24300281157622,0.63770926922671,-5.18553928995556
CLIP4,-0.0383593987444305,5.46307873706181,-1.20195270377893,0.24306683724995,0.63770926922671,-5.18572126085142
NDRG4,-0.0253168959524771,5.73088093241841,-1.20152464213693,0.243229143580937,0.63770926922671,-5.18618230033342
NMRK1,-0.0611084535831472,7.57019567637068,-1.20142493881113,0.243266959417831,0.63770926922671,-5.18628966458052
NPFF,0.0245928386554922,7.18648026322494,1.20127551050198,0.243323643436923,0.63770926922671,-5.18645056023421
CHRNA2,-0.041017597235115,6.84182334198454,-1.2011615096229,0.24336689514714,0.63770926922671,-5.18657329816634
AGMAT,-0.0472536481395856,9.4551141061773,-1.2011148563122,0.243384596995323,0.63770926922671,-5.18662352411725
PPIG,-0.0530551355200654,6.92953869783151,-1.20107876715608,0.24339829111176,0.63770926922671,-5.18666237577908
ERG28,-0.0607508502490094,7.82621070278279,-1.20101049481788,0.243424198804409,0.63770926922671,-5.18673587140132
KLF9,-0.0850580388359428,7.11785237286556,-1.20091207447667,0.243461550594718,0.63770926922671,-5.18684181524304
EIF2AK1,0.0353211549082746,8.30319888422113,1.20062707327699,0.243569736632614,0.637790766950159,-5.18714856066188
PPP1R3C,0.0980361965513525,9.54980328946984,1.20043249054248,0.243643620794688,0.637790766950159,-5.18735795325641
SMPDL3A,-0.0638035032222952,7.33135025985364,-1.20008946424955,0.243773911004096,0.637934205012267,-5.18772701669268
RPS4X,-0.0503856763426721,11.3677821898511,-1.19951642436539,0.243991683562707,0.6380547640255,-5.18834335091957
OSBPL8,0.0702564546824037,6.89905513119531,1.19916405150381,0.244125668812974,0.6380547640255,-5.1887222208976
SOX4,0.0399761015208343,7.50548636151789,1.19889231526722,0.244229030924026,0.6380547640255,-5.18901432546243
PLOD2,0.0818246228229316,5.80945094538248,1.19867814177149,0.244310520774601,0.6380547640255,-5.18924451257565
LAMA4,-0.0256890760924798,6.48020208647728,-1.19794257134206,0.244590550626879,0.6380547640255,-5.19003481242675
RPLP1,0.0415980889149842,11.5755830052392,1.19769696887693,0.244684104761176,0.6380547640255,-5.19029859600503
MPG,0.0512599001124163,7.70033391606215,1.19761467634945,0.244715457411335,0.6380547640255,-5.19038696998572
SERPINB1,0.0351717195315003,5.91515110036132,1.19727163687443,0.244846184736187,0.6380547640255,-5.19075530408264
KRCC1,-0.0502126416514374,6.52072323202667,-1.19695273049929,0.244967762506695,0.6380547640255,-5.19109764434664
TMEM50B,0.048381041401242,6.21036516070832,1.19649026189002,0.245144151839864,0.6380547640255,-5.19159395700875
KLRB1,0.050672911784556,6.58962895997325,1.19629545275912,0.24521848229423,0.6380547640255,-5.19180297323705
SETD2,-0.0375385590402957,6.73646414733738,-1.1962358149206,0.245241240822558,0.6380547640255,-5.19186695451967
ABCG2,-0.0840482246147278,7.40021956286482,-1.19604808026848,0.245312893053561,0.6380547640255,-5.19206834407165
THOC5,0.0386904890253317,6.37658418078632,1.19604562188406,0.245313831443838,0.6380547640255,-5.19207098108691
GPR132,0.0346941017039236,5.66337573568935,1.1958742208355,0.245379263632411,0.6380547640255,-5.19225482498509
VCAN,0.0448729491161507,5.17323081508418,1.19569449495979,0.24544788793996,0.6380547640255,-5.19244757375283
ATAT1,-0.0408172473176155,6.37130662303472,-1.19532753648492,0.245588047733558,0.6380547640255,-5.19284104469896
TRMT1,0.0397633875202076,6.09644137532431,1.19531296007855,0.245593616437087,0.6380547640255,-5.19285667209798
SLIT2,0.0358832150278153,5.84078095710336,1.19505362325128,0.245692708194017,0.6380547640255,-5.19313468035328
POLG2,-0.0242224927231321,6.27277388544648,-1.19488705910995,0.245756367692652,0.6380547640255,-5.19331320926177
COQ6,0.0286357734534127,6.50067998211891,1.19485321446389,0.245769304367642,0.6380547640255,-5.19334948245073
TAPBP,0.0745879732095104,8.72351633239462,1.19484708939292,0.245771645651034,0.6380547640255,-5.19335604693554
TMEM164,-0.0362706900292604,6.09702965017064,-1.19467145979158,0.245838786497557,0.6380547640255,-5.1935442639447
KIFC1,0.029059428377695,7.28092597593248,1.19461442699288,0.245860592344744,0.6380547640255,-5.19360537918388
AMN,0.0381827301128763,8.13077269409826,1.19441681233779,0.245936159348044,0.6380547640255,-5.19381711982436
SRD5A1,-0.0505413768513756,7.83624891041652,-1.19432349072292,0.245971851217005,0.6380547640255,-5.19391710184018
TFIP11,0.0380940702447306,6.69292458270605,1.19384585352984,0.246154589850174,0.6380547640255,-5.1944287231222
EIF3G,0.0592649429855452,8.44365998876966,1.19375186751662,0.246190559879117,0.6380547640255,-5.19452937557975
SMAD1,0.0550552972628822,6.94462675716202,1.19357705414587,0.246257474424947,0.6380547640255,-5.19471657038632
IPO7,0.0490850151204443,6.25680039001729,1.19346750451687,0.246299414487649,0.6380547640255,-5.19483386703785
NOP2,-0.0286844896374991,7.4064894438787,-1.1934464204962,0.246307486927138,0.6380547640255,-5.19485644099605
BTG1,0.08587193923585,9.08320092039103,1.19343599982748,0.246311476762374,0.6380547640255,-5.19486759793221
NELFB,0.0528058448282072,6.24927138192098,1.19343517715809,0.246311791745702,0.6380547640255,-5.19486847872335
MBD3,0.0518484773708107,8.42778653877293,1.19304579476588,0.24646091236538,0.638130046261226,-5.19528531250009
UNG,-0.0362336621167306,6.95754589533905,-1.19296492834814,0.246491890058774,0.638130046261226,-5.19537186532818
TCF25,0.0503793310560655,8.4854966997679,1.1919642723672,0.246875456317348,0.638927291234791,-5.19644246880419
NSUN3,-0.0328798739099707,5.98953996850339,-1.19153025327973,0.247041961854248,0.639162454889282,-5.19690658645302
RGS5,-0.0645764218277731,7.33250945440153,-1.19051895757268,0.247430259526767,0.639916148817266,-5.19798745023728
TBC1D29P,0.0260764657922436,5.80646158503935,1.19037718651674,0.247484730690512,0.639916148817266,-5.19813891080927
NISCH,0.0382694031343559,8.3560841654907,1.18989850459386,0.247668716119623,0.640085417313337,-5.19865019423783
ATP1B1,-0.107853387207114,8.74595317149533,-1.1895991762876,0.247783817732982,0.640085417313337,-5.19896981897886
F5,-0.0522015613515307,8.91416742440095,-1.18939251891755,0.247863307780189,0.640085417313337,-5.19919044872702
PROZ,-0.0648888379704252,7.98629453441466,-1.18937950113614,0.247868315666914,0.640085417313337,-5.19920434555412
NCR3,0.0332729235275166,6.74408189484948,1.18903020792217,0.248002715729751,0.640085417313337,-5.19957717648138
DLEC1,-0.0226917141542023,7.3874924569038,-1.18866118532682,0.248144766714588,0.640085417313337,-5.19997096396286
BORA,-0.0386827350112026,5.05080024799363,-1.18843937918499,0.248230177849376,0.640085417313337,-5.20020760478849
RPL11,0.0533153796075586,10.2111706540473,1.18829702078183,0.248285007596795,0.640085417313337,-5.20035946429084
REM1,0.0269805608616796,7.40399357293652,1.18824905099708,0.248303485347209,0.640085417313337,-5.20041063208719
MIA3,0.0426406434892487,7.74095962804762,1.18823813037977,0.248307692065458,0.640085417313337,-5.20042228050324
CD99,0.0489794421257153,9.59545747967687,1.18763737294489,0.24853919166334,0.640427003807173,-5.20106293319396
BRCC3,0.0223583673292325,5.84544896326626,1.18738945249158,0.248634774128422,0.640427003807173,-5.20132723635361
DCTD,0.0388486761189291,7.24210292461839,1.1871630821022,0.248722072369393,0.640427003807173,-5.2015685239397
CCNA2,-0.0365346064842262,5.02892247037974,-1.18710788027001,0.248743364082265,0.640427003807173,-5.20162735741928
PLG,0.0604189555544118,11.2526891303726,1.1868368265765,0.248847931159099,0.640431181600683,-5.20191620917437
ITGAM,-0.0315704931878702,5.73031771791153,-1.18659608428698,0.24894083238976,0.640431181600683,-5.20217271160208
ROCK1,-0.0797350504799877,7.17672036378846,-1.18634585920228,0.249037420590871,0.640431181600683,-5.202439270147
TCF12,-0.0488063827247411,6.21260567820876,-1.18631806914264,0.249048149436668,0.640431181600683,-5.20246887121941
ATP6V1C1,0.0284108662492961,6.43698265915618,1.18594189116341,0.249193413778312,0.640609779868189,-5.20286950510869
NUDT18,0.0322673693535649,5.88936237848566,1.18531276787415,0.249436497286284,0.640664481372729,-5.20353928423959
MRPS30,-0.0300826510849066,6.19768677149754,-1.18526620738196,0.249454494613419,0.640664481372729,-5.20358884145068
LMAN2,0.0697503332724385,8.08719988576056,1.18512726989397,0.249508204811212,0.640664481372729,-5.20373671124796
AP3S1,-0.0612914817425593,8.40162166848602,-1.18480012594537,0.249634705802661,0.640664481372729,-5.20408482837752
SNRPB2,-0.04507690341912,7.02750341921637,-1.18471940710552,0.249665925806661,0.640664481372729,-5.20417070936943
CPSF7,-0.0582303957077339,7.53323848958249,-1.18455328221197,0.249730187933047,0.640664481372729,-5.20434744246974
MAN1B1,0.0484816149737206,7.04064080398597,1.1845139094855,0.249745420312635,0.640664481372729,-5.20438932628467
PTCD2,-0.0437338839306781,5.77261365701989,-1.18343402065526,0.250163475741104,0.640801596415885,-5.20553762014586
EPPK1,-0.0367269192766513,5.68725569353986,-1.18337598759301,0.250185956834512,0.640801596415885,-5.20559930374222
ADAM15,0.0367807789946795,6.42630609947974,1.1832273847971,0.250243530124979,0.640801596415885,-5.20575724242701
DNASE1,0.0307591250017746,5.6444619874264,1.1831208157428,0.250284824371786,0.640801596415885,-5.20587049610351
PSMD3,0.0641330361139111,7.69897501599904,1.18305304524268,0.250311087297261,0.640801596415885,-5.20594251298708
POLR2J,0.0722333709730918,9.20696186827631,1.18302159544337,0.250323275658405,0.640801596415885,-5.20597593216969
GMPPB,0.0411688093567991,7.15883463702341,1.18300498709563,0.250329712398679,0.640801596415885,-5.2059935802217
SMG6,0.0275171801706428,6.65725260370424,1.18219475052466,0.250643878923428,0.641411501182,-5.20685427944111
PAQR4,-0.0259455964112035,6.39445054293652,-1.18187123050841,0.250769405305388,0.641538442273851,-5.20719780678552
SEC23IP,-0.0381526402144026,5.69263107529972,-1.18156449663238,0.250888462163963,0.641648760679628,-5.20752343506515
CTDSP1,0.0311301573425315,8.97811176351415,1.1812684956075,0.2510033933115,0.641719467652596,-5.20783760030166
EFNA3,-0.0280652956032786,6.96801969532994,-1.18091478943284,0.251140781949407,0.641719467652596,-5.20821292281757
CEBPA,0.10238742278347,9.97534512899505,1.18056681263549,0.251276000151997,0.641719467652596,-5.20858207127121
DDX56,0.0420264990402635,7.00928393542186,1.18040789344725,0.251337771748442,0.641719467652596,-5.20875062825057
ARHGAP4,0.0317098671100329,6.41732864226179,1.18040591733468,0.251338539931406,0.641719467652596,-5.20875272408307
SERPINF2,0.0544786644933576,9.88225267513725,1.18032044461689,0.251371767802378,0.641719467652596,-5.20884337214718
FBXO2,0.0934435471199975,7.08494373637064,1.17994665307153,0.251517119487276,0.641789205074843,-5.20923973016746
KISS1,0.0288485635105763,5.46930893231494,1.17934410275343,0.25175155834196,0.641789205074843,-5.20987842967078
HIF1A,-0.0644799810003448,7.088826565189,-1.17923086616344,0.251795634436341,0.641789205074843,-5.20999842833594
PLCB1,-0.0510328838557224,6.35736446088197,-1.17913542627252,0.251832787851379,0.641789205074843,-5.21009955983204
SMARCAL1,0.0313592393403111,5.21865707818107,1.17893457204493,0.251910991009968,0.641789205074843,-5.21031236904283
ADCY6,-0.0266053119699943,6.98462508799213,-1.17877306034392,0.251973889240056,0.641789205074843,-5.21048347135491
DAPK1,-0.0492609834131673,8.13962982462787,-1.1786883563186,0.252006880612832,0.641789205074843,-5.21057319704807
OCA2,-0.0421768007003252,6.5542330141957,-1.17862854299445,0.252030179254864,0.641789205074843,-5.21063655304817
MRPS18B,0.0699132793446595,7.53797764789566,1.17836549515148,0.252132661487059,0.641789205074843,-5.21091514800686
ARFGAP3,0.0331303342780156,5.27186578881484,1.17829893255389,0.25215859891698,0.641789205074843,-5.21098563620126
STX3,-0.0453221718435397,6.02990927221792,-1.17763808653394,0.252416219026401,0.642062041808918,-5.21168526996584
ACAD8,0.0417244222131955,5.34883906396323,1.17763412578132,0.25241776365553,0.642062041808918,-5.21168946217047
PLEKHJ1,0.0364186426698459,7.77644710481867,1.17739161496273,0.252512352415536,0.642109352365718,-5.2119461212691
RPAP2,-0.0228354961916901,6.09109377176642,-1.17647610590811,0.25286967616111,0.642588568626831,-5.21291463080685
TMEM131L,0.0409928908806041,7.2596069296324,1.1764699194244,0.252872092036197,0.642588568626831,-5.21292117322614
SLC25A17,-0.0259283187856258,5.61442783721843,-1.17612130883413,0.253008255384831,0.642588568626831,-5.21328979294396
RBFOX2,-0.031309141728384,8.14484841028023,-1.17594679631996,0.253076438602118,0.642588568626831,-5.21347428650589
PLPBP,-0.0413608062504162,8.38787081155937,-1.1759350300469,0.253081036259183,0.642588568626831,-5.21348672488756
ATP1A1,0.047738536152435,8.28114228013211,1.17558630053801,0.25321733027546,0.642741496193344,-5.2138553256233
DES,0.0495656907764783,5.39960424333582,1.17519715242556,0.25336948592968,0.642934581413151,-5.21426653668551
C2orf68,0.0217295493676554,6.46037730362427,1.17461939361117,0.25359551390438,0.642969065573593,-5.21487683506302
ODC1,0.0556135461498517,7.24515394053385,1.17438781376352,0.253686153768092,0.642969065573593,-5.21512138482552
STEAP1,-0.0345092300545859,6.02877279652626,-1.17438153418604,0.253688611918842,0.642969065573593,-5.21512801551877
DRC4,0.025111063434858,7.23243436739524,1.17426204824916,0.253735388276233,0.642969065573593,-5.21525417654943
SRM,0.0312799406479556,6.46933529872213,1.1741450703376,0.253781189040161,0.642969065573593,-5.21537767870705
QSOX1,0.0436470009954134,7.68952403937001,1.1736511016818,0.253974662464072,0.642969065573593,-5.21589908048298
DHCR7,0.108418726050627,8.00570796834839,1.17312017856922,0.254182732840632,0.642969065573593,-5.21645927776764
GIPC1,0.0370976703635501,8.1712539460878,1.17310311812932,0.254189420991365,0.642969065573593,-5.2164772752603
PVRIG,-0.0347915675648891,6.45175294437674,-1.17309010795908,0.254194521416008,0.642969065573593,-5.2164909998684
EEF1AKMT2,0.0305235464632921,6.12015986435417,1.17256749149847,0.254399467926599,0.642969065573593,-5.21704220647581
MAD2L1BP,-0.0261488384539943,6.6791144331424,-1.1721955197086,0.254545413636735,0.642969065573593,-5.21743439803641
NUP205,-0.0383281054532085,5.31591735067746,-1.17210141150782,0.254582347557581,0.642969065573593,-5.21753360476573
APTX,-0.0413822380299821,6.16153119550118,-1.17207498357258,0.254592720246011,0.642969065573593,-5.21756146325779
NPC1L1,0.0587263700982506,7.87433334231698,1.17199705488508,0.254623308280228,0.642969065573593,-5.21764360710339
YARS1,0.0387883511873059,7.72088752266121,1.1718524053441,0.254680092405977,0.642969065573593,-5.21779606822209
POLL,0.0355575687652319,6.18474168931989,1.1716650073689,0.254753672075286,0.642969065573593,-5.21799356216462
BCKDK,0.083514593426947,7.17663850270943,1.17166276785193,0.254754551492012,0.642969065573593,-5.21799592216938
PSMD1,-0.0307009311457814,8.07087106881954,-1.17151852604438,0.254811197349425,0.642969065573593,-5.21814791609198
TUT7,-0.0546452671678706,7.4034769168146,-1.17126144453907,0.254912180330727,0.642969065573593,-5.21841877406823
SERPINE2,-0.0387667679623254,6.04699776414836,-1.17113517474228,0.254961790725364,0.642969065573593,-5.21855179159538
MFSD1,-0.0326379035380103,7.72222427007247,-1.17108632118512,0.254980986832794,0.642969065573593,-5.21860325251268
GFOD1,0.0283463095326219,7.50612592791118,1.17075252568762,0.255112174529393,0.643067774739189,-5.21895481335167
PHF11,-0.0619420475445363,7.66961532425662,-1.17041939796183,0.255243150037286,0.643067774739189,-5.21930558453106
COG7,0.0505999364472431,5.88579350548655,1.17040594642563,0.255248439819555,0.643067774739189,-5.21931974668931
C1QTNF1,0.0398060953446249,7.382640625675,1.16967060365264,0.255537736074241,0.643431535642863,-5.22009372233731
DUSP9,0.0475871448533648,6.74551948261595,1.16951795717267,0.25559782044883,0.643431535642863,-5.22025433574231
GNPAT,-0.045688532689784,7.9741544375351,-1.16945840997076,0.255621262148295,0.643431535642863,-5.22031698591871
G6PC1,-0.0982856885235568,8.08135941715156,-1.16888875306837,0.255845597742453,0.643804437440063,-5.22091618797268
ARHGEF9,-0.0440862810376473,5.31185417527804,-1.16859636537531,0.255960799489145,0.643898808839966,-5.22122364227541
ACTN3,0.0291325931501094,5.67010610693589,1.16840522401616,0.256036130760446,0.643898808839966,-5.22142459711654
PTRH2,-0.0487405142349311,6.95282400723533,-1.16820498145441,0.256115066678293,0.643898808839966,-5.22163508994364
TALDO1,0.0578571510758247,8.63466943710871,1.16802024854621,0.256187904771594,0.643898808839966,-5.22182925152366
CD163,0.0471549698866673,8.72482515289006,1.16729005640788,0.25647596256382,0.644412089615163,-5.22259645236228
UPK2,-0.034306556362605,5.29476375930163,-1.16684528881635,0.256651539922091,0.644412089615163,-5.22306355897962
RANBP1,0.0611063299697701,8.37434827016387,1.1667708288832,0.25668094263562,0.644412089615163,-5.22314174371195
SAP130,-0.0327253835131126,6.38707585437503,-1.16654787820411,0.256768996349193,0.644412089615163,-5.22337582151302
PRLH,0.035446919849313,6.22171295989719,1.16634681703118,0.256848424184371,0.644412089615163,-5.22358688415175
CD151,0.078763697583993,8.21784296625691,1.16604288836274,0.256968523897983,0.644412089615163,-5.22390587151604
AKR1D1,-0.0508848101327469,10.1381975930007,-1.16601159922885,0.256980890413105,0.644412089615163,-5.22393870684328
CYP2B6,-0.0877715157172253,8.95579882260853,-1.16595763990916,0.257002217988533,0.644412089615163,-5.22399533084219
PEA15,-0.0512050696397096,7.89566648973779,-1.16541550899635,0.25721657002975,0.644490306487301,-5.22456410804092
MLXIPL,0.0517877464753781,9.09707014872782,1.16522739990704,0.257290977239192,0.644490306487301,-5.22476140939326
COMMD10,-0.0481500918006799,5.88251838984,-1.16511737047181,0.257334507204833,0.644490306487301,-5.2248768028243
ARHGAP1,0.0382817983630094,8.52189697283631,1.16510728793968,0.257338496341793,0.644490306487301,-5.2248873764138
IGFBP7,0.0833785543564429,10.0903320356757,1.1646182350091,0.257532044662616,0.644543925984927,-5.22540015299319
SLC1A2,0.0335782614108938,7.51375771880794,1.1645395867709,0.257563180731508,0.644543925984927,-5.2254825990165
ECHS1,0.0509914455706585,11.5835465316791,1.16447503503058,0.257588738230899,0.644543925984927,-5.22555026424598
EFEMP2,0.029695176825717,7.17454382597347,1.16422098349221,0.257689341358501,0.644570675752179,-5.22581653778289
PSMD11,0.049713271935584,7.44572256713972,1.16406281581618,0.257751989747528,0.644570675752179,-5.22598228924289
NEU1,0.0429878283053684,6.68166892794905,1.163545383168,0.257957018134508,0.64466238382992,-5.22652439541592
RPL18,0.0669142419719499,10.5131341628465,1.1632315380228,0.258081435850153,0.64466238382992,-5.22685310445099
ISCU,-0.0424301480006205,8.49377473360755,-1.16289206860778,0.258216062121785,0.64466238382992,-5.2272085649014
RPL29,0.0452391549680608,10.9332564519573,1.16284989249203,0.258232791914959,0.64466238382992,-5.22725272149012
SLC25A13,-0.0516891089217487,7.81437817545839,-1.16284560473492,0.258234492763775,0.64466238382992,-5.22725721051071
DMTN,0.0318714774422284,7.40507999452435,1.16281556113085,0.25824641056382,0.64466238382992,-5.22728866393262
FECH,-0.0332218403381984,7.45794772709262,-1.1625259184798,0.258361328018305,0.644758777836585,-5.2275918621808
LONP1,0.0634638219242263,7.81281514330842,1.16229789964021,0.258451822645373,0.644770028547175,-5.22783050654078
PHLPP1,-0.0449943776757058,5.80100981178302,-1.16213007068792,0.258518444581991,0.644770028547175,-5.22800613030595
PSMC5,0.0537775516500696,7.99835427566735,1.16148605484635,0.258774213928354,0.645217500057419,-5.22867985359119
C6,-0.05670111822007,11.1432558350475,-1.1610249640887,0.258957450704953,0.64548391104922,-5.22916201503275
NCOA2,-0.0385651825818429,7.13117194415194,-1.16046897828125,0.259178527045536,0.645702263053255,-5.22974318742258
SYNRG,-0.0270050051706447,7.35078118840899,-1.16042032715156,0.259197878849307,0.645702263053255,-5.22979403101033
LONRF3,-0.0365547552676176,5.22421880964918,-1.15987764389864,0.259413813120483,0.645736179026767,-5.23036104502345
RABGEF1,-0.0380725220922056,5.55964709755351,-1.15967262267708,0.259495426117937,0.645736179026767,-5.2305751983891
TNFAIP8L1,0.0743973459881127,8.96240484057672,1.15966233529836,0.259499521728046,0.645736179026767,-5.23058594312836
GDAP2,-0.0276186382741799,6.08424455419401,-1.15912305562706,0.259714287033654,0.645736179026767,-5.23114908265517
TTC19,-0.0594288203998054,7.35326380062306,-1.15896522318489,0.259777167979906,0.645736179026767,-5.23131385528248
NFKBIB,0.027858589099706,7.02719982992055,1.15894547696878,0.259785035732009,0.645736179026767,-5.23133446840761
RNF11,-0.0640066492090935,6.69057606218626,-1.15872831849821,0.259871572812417,0.645736179026767,-5.23156114060449
RPL38,0.0366186659657393,10.7479196830245,1.15868314964181,0.259889575176163,0.645736179026767,-5.23160828368589
RPAP1,0.0235923586312209,7.09185425105249,1.1586588515158,0.259899259747933,0.645736179026767,-5.2316336431672
RPL4,0.0528561501425027,10.8002867560462,1.15842152478213,0.259993865838325,0.645742125711182,-5.23188131222127
FCGRT,0.0586272440969024,9.3404127890501,1.15816815391798,0.260094895898036,0.645742125711182,-5.23214567604335
CTSB,0.0468082179276627,10.5911613726109,1.15788054703149,0.260209612730053,0.645742125711182,-5.23244570052969
PAICS,-0.0521817272033655,7.66133545965211,-1.15766069470294,0.260297329885247,0.645742125711182,-5.23267500154883
WARS1,0.0330170236957672,7.02708752086048,1.15762107623512,0.260313139284161,0.645742125711182,-5.23271631870258
MRPL11,0.0418709157047134,7.31654900736029,1.15750323170733,0.26036016831929,0.645742125711182,-5.23283920869892
TMEM243,-0.0405623195549649,5.80063705558482,-1.15638917484682,0.260805074851361,0.646511581979446,-5.234000427423
NECTIN1,-0.0313965605447099,5.65244527460041,-1.15631577979127,0.260834405512603,0.646511581979446,-5.23407689549701
ARSD,0.0267096117923512,6.78912997625437,1.15606432673133,0.260934911580392,0.646511581979446,-5.23433884486912
ATRNL1,-0.0275037085072191,5.11314705317752,-1.15596042296998,0.26097645042981,0.646511581979446,-5.23444707141931
PSAP,0.0579997958056083,11.1769552429264,1.15558079630829,0.261128260087146,0.646698064987217,-5.23484242025153
TOR3A,0.0556617046861551,7.14266149340731,1.15523418028179,0.261266926338601,0.646851897908343,-5.23520329293883
BCLAF1,-0.0761478427930761,7.25558971269831,-1.15474507624142,0.26146268898103,0.647004955936039,-5.23571235454034
SLC2A3,-0.0276262546587165,6.45980053384181,-1.15458422415097,0.261527093416237,0.647004955936039,-5.23587972922208
URI1,0.0311067931950734,6.86212961369803,1.154034359478,0.261747345662546,0.647004955936039,-5.23645173824591
CD27,0.0310792194292679,5.21769909627652,1.15399539718547,0.26176295751218,0.647004955936039,-5.23649226067137
PIGR,-0.0328008094384087,6.54783830735514,-1.15395044743243,0.261780969343661,0.647004955936039,-5.236539008833
HSD17B8,0.0513729474532829,8.66486205256081,1.15389673166797,0.261802495013462,0.647004955936039,-5.23659487165557
PRR3,-0.0411650616138055,6.60328763568135,-1.15372682183701,0.261870592111231,0.647004955936039,-5.23677155804681
TYW2,-0.0250660743650102,5.851652543987,-1.15355044157363,0.261941296361797,0.647004955936039,-5.23695494904546
SRRM1,-0.0490807623681292,7.22292927319858,-1.15271148840207,0.262277795311778,0.647646806073794,-5.23782691561565
OSER1,-0.0450894841405897,6.59007684151946,-1.15215618792244,0.262500699280184,0.647817982434981,-5.23840376466913
LIMS1,-0.0389598818506697,7.37609312562517,-1.15182346536185,0.262634325244454,0.647817982434981,-5.23874928299675
RTN4,-0.0623902298148234,10.4573026719058,-1.15097526551746,0.262975202259153,0.647817982434981,-5.23962971068446
CEPT1,-0.0486749802730119,6.90487464015267,-1.15086734931728,0.26301859545273,0.647817982434981,-5.23974168683394
FAAP100,0.0442484440719544,6.82435514704041,1.15033665109241,0.263232066911279,0.647817982434981,-5.24029221793573
POP1,-0.0379420990662869,5.97982590079866,-1.14954138917893,0.26355219860062,0.647817982434981,-5.24111678689711
ATP9A,0.0436804787334406,6.81385305021871,1.14950223376955,0.263567968012579,0.647817982434981,-5.2411573724686
LUC7L,0.0413542804904799,6.59347569992159,1.14932672180789,0.263638662124657,0.647817982434981,-5.24133928029535
SDF2L1,0.085490233781614,7.09877951007261,1.1492676686153,0.263662451201425,0.647817982434981,-5.24140048003084
DAB2,0.0302704541358061,7.35071913608366,1.14900054521229,0.26377007946841,0.647817982434981,-5.24167727905458
TGM1,0.0277265670723606,5.84547374279565,1.14895171543392,0.263789757281902,0.647817982434981,-5.24172787147883
CROT,-0.0431468534267977,6.54298903704445,-1.14879874203597,0.263851410764033,0.647817982434981,-5.2418863547805
TUBB6,-0.0449228560023406,6.78836622060781,-1.14876687376754,0.263864256103897,0.647817982434981,-5.24191936859488
RAP1GDS1,-0.0331123771350974,5.64915608811491,-1.14849067376779,0.26397560515675,0.647817982434981,-5.24220546362159
GATA1,0.0272287352691304,6.16548715616134,1.14845366132905,0.263990529235418,0.647817982434981,-5.2422437975104
GCNT3,0.0251089070171722,5.70896185113334,1.14820241768508,0.2640918517002,0.647817982434981,-5.2425039828937
ZCCHC4,-0.0406828395522658,5.27957707638757,-1.14817075857399,0.264104621347123,0.647817982434981,-5.24253676524012
PHKA1,-0.0236777488365738,5.97379368635145,-1.14776296570197,0.264269144780783,0.647817982434981,-5.24295895598846
ASB8,-0.0507833563249983,5.89177722477822,-1.14738962040487,0.264419836947615,0.647817982434981,-5.24334536862658
YES1,0.0464624333320545,6.38768796731553,1.14712948566114,0.26452487191433,0.647817982434981,-5.24361454367003
PSMB9,0.0464886443110569,6.69539479434394,1.14711776938475,0.264529603338562,0.647817982434981,-5.24362666586624
EDNRB,-0.0357833071490183,6.53929731581252,-1.1469635287048,0.264591896726695,0.647817982434981,-5.24378624030376
ANXA2,0.0592554384236572,8.88146446003348,1.1467526249983,0.264677092267116,0.647817982434981,-5.24400440702574
ZNF33B,-0.0303267796180371,5.54314296095919,-1.1464687422131,0.264791800116512,0.647817982434981,-5.24429801097811
MRPL20,-0.0407757566972963,7.51386551131601,-1.1464276951424,0.26480838895505,0.647817982434981,-5.24434045841842
IRS2,-0.0972339192076266,8.74036737141733,-1.14632530967266,0.264849770559984,0.647817982434981,-5.24444633113167
CHST15,-0.0531424038429161,6.78070170503337,-1.14627329161917,0.264870796769225,0.647817982434981,-5.24450011776769
WBP2,0.0365688927176195,7.4950945768165,1.14625169031733,0.264879528591179,0.647817982434981,-5.24452245287719
DNAJC7,0.0354919236025908,6.85588993433544,1.14624967225294,0.264880344357479,0.647817982434981,-5.2445245394776
ARHGDIB,0.0450636149982678,7.46037134572868,1.14619170875232,0.264903775855889,0.647817982434981,-5.24458447012875
SYNGR4,-0.0208499936696159,6.30524659140276,-1.14616068048275,0.264916319532324,0.647817982434981,-5.24461655034499
COX7C,-0.0427413015607905,10.4514303289018,-1.14606628031819,0.264954485019199,0.647817982434981,-5.2447141463005
CANX,-0.0512043103111746,10.4570495711505,-1.14578234808739,0.265069301848537,0.647817982434981,-5.24500764854767
PTPN7,-0.0313807829342036,6.28451233819719,-1.14576928457717,0.265074585371297,0.647817982434981,-5.24502115084554
MAD1L1,0.0712069094547519,5.02118138782207,1.14574353389371,0.265085000436003,0.647817982434981,-5.2450477660716
MBNL1,0.057515135226036,6.88748940497155,1.14568901686341,0.265107051273392,0.647817982434981,-5.24510411171735
PILRA,-0.0360095881287896,5.6349804742811,-1.14512884014806,0.265333708031547,0.648061923109745,-5.24568294286751
DLGAP4,-0.0258635167093968,7.2146578803394,-1.14481531779322,0.265460626931431,0.648061923109745,-5.24600679836596
ALCAM,-0.0722422858764286,8.39853469099775,-1.14472997522705,0.265495182753773,0.648061923109745,-5.24609494031725
PALMD,-0.0379839140828252,6.86952573556073,-1.14468435969313,0.265513654178217,0.648061923109745,-5.24614204977643
CBR3,0.02336688975754,5.56279481435917,1.14446645918417,0.265601903309354,0.648071385463931,-5.24636706407569
TMEM9B,-0.0272040881159851,7.67335664161016,-1.14423362713089,0.265696223655754,0.648071385463931,-5.24660745620847
GSN,0.0737409351809815,7.45618260964363,1.14410679095484,0.26574761545947,0.648071385463931,-5.24673839286543
SEMA4A,-0.0362723920948991,7.83562449805294,-1.14342374153345,0.266024501582641,0.648468105668628,-5.2474433074455
HTR7,0.0365397795785047,6.63324428487591,1.14317657748292,0.266124746438214,0.648468105668628,-5.24769829323972
CSRP1,0.038395147614031,8.28071393762667,1.14270918490527,0.266314387982169,0.648468105668628,-5.24818034578697
RORA,-0.0806791435265286,6.1344807520368,-1.14268972954427,0.266322284035735,0.648468105668628,-5.24820040765487
ITGA6,-0.0309322420149943,6.37166471673766,-1.14264708298463,0.266339592956409,0.648468105668628,-5.24824438265046
BRPF1,-0.0212086011137876,6.50552464433293,-1.14257033436662,0.266370744943882,0.648468105668628,-5.24832351838193
IKZF4,-0.0193982677155747,6.3020002686641,-1.14157266130456,0.26677594196372,0.648859970456394,-5.24935180112967
FRYL,-0.0411910010795184,7.32051180510042,-1.14141154673643,0.266841420069598,0.648859970456394,-5.24951778553752
CCDC177,-0.0281165169647515,5.21701972742466,-1.14135489312224,0.266864447323203,0.648859970456394,-5.24957614671419
ADAM8,0.0413328505097545,5.35612817132364,1.14130150459677,0.266886148802776,0.648859970456394,-5.24963114208313
CARS2,0.0349901622365119,7.02528340953888,1.14122892856273,0.26691565175224,0.648859970456394,-5.24970589885891
DCAF11,0.0327272363179427,8.67311195091507,1.14056703342755,0.267184830560497,0.649176358672606,-5.25038749141196
CSRP2,0.0551151036705043,6.8097522900995,1.14021825830897,0.267326750705895,0.649176358672606,-5.25074650726323
DNAJC12,-0.0833299354547765,7.7314171940781,-1.14011503207052,0.267368765189819,0.649176358672606,-5.2508527460936
RASL10A,-0.0316450669219964,6.46582400825799,-1.14011219135373,0.267369921469164,0.649176358672606,-5.25085566959648
AGO3,-0.0471286142060202,5.40834223424963,-1.1398912450208,0.267459866312264,0.649176358672606,-5.2510830354639
CLDN7,0.0400709353375211,6.50361192778249,1.13977608604023,0.267506755135859,0.649176358672606,-5.25120152514389
PDX1,0.0258209716603011,6.46313614491782,1.13937034281236,0.267672008365141,0.649390890234121,-5.25161892045133
SERPINA10,0.0518406094497498,8.91345108717548,1.13917540870413,0.267751428953402,0.649397122461609,-5.25181940662095
ENPP2,-0.0970035535292473,6.82114644282261,-1.13860458885524,0.267984094007554,0.649644179953799,-5.25240631255369
CSNK2B,0.0423653277875177,8.94985924794595,1.13854827724813,0.268007054593958,0.649644179953799,-5.25246419717354
ADRM1,0.0679243910860015,7.93793350779262,1.13829446036368,0.268110564327986,0.649653142881501,-5.25272507324368
CADM1,0.0481242116288401,8.34327220204551,1.13813259936082,0.268176588697989,0.649653142881501,-5.2528914094844
EVA1B,0.0523698566931956,5.4744987889169,1.13783767421305,0.268296921825808,0.649653142881501,-5.2531944359292
DZIP3,0.0254908911279048,5.74063765325333,1.13751240916505,0.268429680211518,0.649653142881501,-5.2535285563344
TGFBR3,-0.0534800853738354,5.84614868811863,-1.13722419382466,0.268547357093215,0.649653142881501,-5.25382454879662
UBQLN2,-0.0443490055364028,5.84666334510797,-1.13719704377857,0.268558444282565,0.649653142881501,-5.25385242808348
CFDP1,-0.045931494173346,6.49498060691727,-1.13714574429795,0.268579394231722,0.649653142881501,-5.25390510386695
PYCR1,0.0248673789132352,7.30604296509344,1.13702825513173,0.268627379612483,0.649653142881501,-5.25402573732285
AATF,0.0408152146989424,7.21814100523524,1.13684389251075,0.268702690458088,0.649653142881501,-5.25421501203057
STX7,-0.0509259518988287,6.59863308322148,-1.1365399631741,0.268826877475151,0.649767481311506,-5.25452698074845
HSPBP1,0.0340838388395527,6.59515650728334,1.13588543279609,0.269094465546388,0.649971760049115,-5.25519857754403
SORBS3,0.0324885101718726,8.4185819490584,1.1355355779433,0.269237575320451,0.649971760049115,-5.25555741630967
SARS1,0.0414963142340326,8.44360239270233,1.13537569242499,0.269302995924535,0.649971760049115,-5.25572137544106
ZNF562,-0.0373236758327686,5.89940814435053,-1.13529434922467,0.269336283745115,0.649971760049115,-5.25580478340391
LHX1,0.0427221009007527,5.63793221675775,1.13524011732827,0.269358478577957,0.649971760049115,-5.25586038899264
FRMD4B,0.0213056025488212,5.1162376086438,1.13520485257818,0.269372911679527,0.649971760049115,-5.25589654575525
NDUFS5,-0.0587503835153868,8.85687212561906,-1.1350013659922,0.269456205487267,0.649987135702942,-5.25610516035286
PPIC,-0.0457197141060351,7.01839157744972,-1.13471689370754,0.269572681250303,0.650082521850759,-5.2563967468931
WIPI2,0.0486860620352374,7.95618723648073,1.13410070683848,0.269825103148222,0.650159880262706,-5.2570281251936
P2RX2,0.0231570213784258,6.18834625284198,1.13387702221652,0.269916778977748,0.650159880262706,-5.25725725053188
C1QA,0.0698409750274746,8.87313208355278,1.13387085347702,0.269919307524607,0.650159880262706,-5.25726356875611
SLC12A4,0.0369608521860067,7.38568662723503,1.13296443945871,0.270291033496899,0.650159880262706,-5.25819162170733
NOD1,-0.0302572393823872,7.83775959219481,-1.13290472817213,0.270315534696574,0.650159880262706,-5.25825273576049
MRPS18A,0.0523692598492406,7.4710629009057,1.13289544623569,0.270319343479865,0.650159880262706,-5.25826223550036
ATP6V1G1,0.0565992616985063,8.13080031491385,1.13243236045293,0.270509417958036,0.650159880262706,-5.25873610153264
NYNRIN,-0.0729622367322058,7.40074998348135,-1.13236792930121,0.270535871650537,0.650159880262706,-5.25880201919353
ELF3,0.0358663043694106,7.09832789000515,1.13235143277485,0.270542644985504,0.650159880262706,-5.25881889578973
SPIDR,-0.0315828191225993,5.39146293105984,-1.1322651138094,0.270578088863135,0.650159880262706,-5.25890719999347
TARDBP,-0.0480300098515071,7.6396927493214,-1.13221588566301,0.270598304218549,0.650159880262706,-5.25895755770155
VPS33B,-0.0234569772672904,5.78444530697858,-1.13164710926524,0.270831950798345,0.650159880262706,-5.25953924637958
WDR48,0.0270492985664826,7.42409616366914,1.13137877016161,0.270942232865222,0.650159880262706,-5.25981358873116
TRA2B,-0.0567566070192591,7.77751045643857,-1.13114454684999,0.271038521035002,0.650159880262706,-5.26005300564952
VARS1,0.0286748016853739,7.3336197899179,1.13110201228091,0.271056009510848,0.650159880262706,-5.26009647872782
VBP1,-0.0674167837424061,6.56776735170671,-1.13085898796127,0.271155947106527,0.650159880262706,-5.26034483792433
ATP5MC3,0.0451705898917022,9.87124103447099,1.13082291929598,0.27117078174249,0.650159880262706,-5.26038169440069
AIPL1,0.0267442918924947,5.35811426408534,1.13081352380219,0.271174646101374,0.650159880262706,-5.26039129494223
TMEM39A,-0.0241580156181579,5.69555127952102,-1.13074247451223,0.271203869928206,0.650159880262706,-5.26046389256184
CHKA,0.0425420310098927,6.5109265768192,1.13056339586691,0.271277538419216,0.650159880262706,-5.26064685608482
RAE1,0.0260476314539191,6.51671083411175,1.13047723097,0.271312989757434,0.650159880262706,-5.26073488120393
PGGHG,0.0912348475165096,6.93438200643697,1.13040637295747,0.271342145847441,0.650159880262706,-5.26080726458897
NDUFB7,0.0781699205992368,7.27962945867229,1.13030248381129,0.271384897493397,0.650159880262706,-5.26091338301475
CSF2RA,0.022927253724575,5.38533318299853,1.13002040230979,0.271501002458984,0.650159880262706,-5.26120147455166
CD36,0.0518631569782788,5.89844630710044,1.12984985815445,0.27157121629242,0.650159880262706,-5.26137562187782
FNDC3A,-0.0606416573012303,6.9004855959447,-1.12976720023393,0.271605251754716,0.650159880262706,-5.26146001789755
CASP2,0.0235681271397846,5.65451116007302,1.12954411728324,0.271697124694308,0.650195611347184,-5.26168776484578
DROSHA,-0.0410698119823668,5.30100072601153,-1.12908134170249,0.271887783890104,0.650467659646484,-5.26216009046224
RAB40AL,0.0274151939178515,5.25682592498221,1.12887028542768,0.271974769762405,0.650485647225688,-5.26237544607271
APOLD1,-0.0401328190061522,4.99150749390483,-1.12860936588739,0.272082334840794,0.650485647225688,-5.26264163209754
YIPF6,0.0380770910273859,8.22633754932991,1.12834239474348,0.272192427094775,0.650485647225688,-5.26291393625712
RTN2,0.0303142467950018,5.2580478662594,1.12831621511496,0.272203224685211,0.650485647225688,-5.26294063582105
MAP2K6,-0.0439296037595832,6.1456402637413,-1.12786435773441,0.272389639489583,0.650747088970025,-5.26340138197135
TRAF2,0.0392989819429231,7.22601813141688,1.127635570465,0.272484061990231,0.650760691249719,-5.26363460839038
SERPING1,0.0427541521310127,11.6734342195703,1.12732813948855,0.272610979321007,0.650760691249719,-5.26394793935842
COPZ1,0.0332270708807095,7.75141614555178,1.12719717857977,0.272665057364602,0.650760691249719,-5.26408139090702
BTAF1,-0.0689284823877009,5.11875906639673,-1.12683745848324,0.272813638133014,0.650760691249719,-5.26444788253693
GNRH2,0.0306216836637272,6.77231714807303,1.12651039985978,0.272948779862281,0.650760691249719,-5.26478100916256
TRIM26,-0.0245719621524464,7.63899134812507,-1.12646339455979,0.272968206653541,0.650760691249719,-5.2648288796201
GAS7,-0.022699431567772,6.99079602970101,-1.12619726448808,0.273078214545786,0.650760691249719,-5.26509987504472
CPSF1,0.0470862174853701,7.44676634716298,1.12613152968434,0.273105391790473,0.650760691249719,-5.26516680298684
HNRNPR,0.0642854545102674,6.89577979944559,1.12605657326955,0.273136384021473,0.650760691249719,-5.26524311575413
ZW10,-0.0483508314735343,6.74208062701732,-1.12598624712038,0.273165464125769,0.650760691249719,-5.26531471043447
MBD4,-0.0633430696968269,6.57657183104416,-1.12558438146192,0.273331680592049,0.650782967022091,-5.26572374992008
GIPR,0.0237661165586164,5.18835149899922,1.12546185510069,0.273382373743705,0.650782967022091,-5.26584843815461
LAMTOR2,0.0601125581496627,8.00148493636251,1.12540508945098,0.273405861885021,0.650782967022091,-5.26590620136497
HDHD5,0.0616681470372705,7.39485772583209,1.12517760478471,0.273500003962836,0.650823721060536,-5.26613765814336
RAB27A,0.0359654210673184,7.25798763345845,1.12483949978325,0.273639969059027,0.650973462429273,-5.26648159124147
CALCRL,-0.0319900806783891,6.60681687734265,-1.12459423664061,0.273741533386976,0.651031792040515,-5.26673102557732
TFPI2,-0.0474809106926162,5.51606986076551,-1.12416782114008,0.273918179433329,0.651248776358748,-5.26716457993904
TMEM59,0.0402104234562449,9.91030046368282,1.12399308400537,0.273990589863162,0.651248776358748,-5.26734220092823
OSBPL2,0.0504290457325398,6.56767267271328,1.12381601221817,0.274063982098427,0.651248776358748,-5.26752217047674
TGFBR1,-0.0230168002527404,5.36202794108946,-1.12306134013477,0.27437693835601,0.651667970030467,-5.26828891470751
RUSC2,0.0266993065537121,7.15399147720447,1.1228538453311,0.274463030679867,0.651667970030467,-5.26849964977491
NIPA2,-0.028349091195562,7.28326287386889,-1.12249604062044,0.274611535120412,0.651667970030467,-5.26886296202099
NGDN,-0.0346475335536649,6.81926311432596,-1.12242219412734,0.274642191948955,0.651667970030467,-5.26893793259549
SCYL3,-0.0241480991069675,5.15757132215939,-1.12219952564982,0.274734646329851,0.651667970030467,-5.26916396438946
REPIN1,0.0352292458982698,8.27155984387848,1.1220725304187,0.274787386358559,0.651667970030467,-5.26929286026807
SLURP1,-0.0263424813581907,5.12961873292759,-1.12198459115838,0.274823911129818,0.651667970030467,-5.26938210817656
LSP1,0.0367285181948381,6.7424070570876,1.12190407848095,0.274857354460187,0.651667970030467,-5.26946381362035
SRGAP3,-0.0221659459076578,6.25063286429859,-1.12126904748894,0.275121238062589,0.651977328126696,-5.27010807261097
PDLIM2,0.071432568291904,7.0512098490626,1.12121874678933,0.275142148177491,0.651977328126696,-5.27015909062024
SIL1,0.0629800579148692,7.97116027648928,1.12030436751914,0.275522460877934,0.652549459503987,-5.27108616028462
ZNF592,0.0248083460261078,6.84904334337423,1.11962969862139,0.275803319140129,0.652549459503987,-5.27176976839436
POMP,-0.0461935341559093,8.71634244719437,-1.11955628684273,0.275833892420486,0.652549459503987,-5.2718441311227
MYC,0.0335102606524059,5.36974743278217,1.1194640790874,0.275872297046212,0.652549459503987,-5.27193752725802
PPFIBP2,0.0321595295617414,8.07640362006652,1.11929703250284,0.275941882101385,0.652549459503987,-5.27210670960442
SMG7,-0.0304042320105926,6.54795890751508,-1.11922839563546,0.275970477255967,0.652549459503987,-5.27217621761859
SDC3,0.0422119169488467,6.660100676767,1.11920791135935,0.275979011735174,0.652549459503987,-5.2721969611606
JADE2,0.0267067343649716,6.95906083912892,1.11901086494241,0.27606111817055,0.652549459503987,-5.27239648458729
SAMD14,0.0280190463547075,6.83980254520914,1.11895220092768,0.276085566087057,0.652549459503987,-5.27245588010931
GAST,-0.026764977214705,5.84609814247873,-1.1187835908559,0.276155842270563,0.652549459503987,-5.27262657747926
PPARGC1A,0.0353925422689651,5.74999884576702,1.11831737006479,0.276350229946744,0.652559259023957,-5.27309845261101
MTCH2,0.0399212805371414,9.26274603081055,1.11827975482993,0.27636591773868,0.652559259023957,-5.27313651653865
WDR46,0.0439592829406719,6.14687222852942,1.11821801766679,0.276391667224467,0.652559259023957,-5.2731989877032
GRPEL1,0.0382632536506583,7.73452641785235,1.11795966307797,0.276499441446981,0.652631363191897,-5.27346038114825
RAN,0.0624442925415632,7.21860933648994,1.11775817821996,0.276583513467322,0.652647497570195,-5.27366419924009
GZMM,0.0394909281013493,5.49496547878006,1.1172264834476,0.27680545949096,0.65285925686903,-5.27420189670422
PHC3,-0.0245641946561189,5.05325343610757,-1.11701101690906,0.276895439083026,0.65285925686903,-5.27441973201693
SEMA4C,0.0261104911025163,7.70953832893397,1.11698803265487,0.276905038653089,0.65285925686903,-5.27444296678141
GARRE1,-0.0317081674298046,5.96285007102647,-1.1166715933864,0.277037226985946,0.652886390787949,-5.27476281242642
SIRPA,0.0290055454055851,7.39367264621294,1.11659058017892,0.277071076611312,0.652886390787949,-5.27484468495729
VIL1,-0.0779535021697238,5.95638671892245,-1.11606992011889,0.277288695467532,0.653217027237426,-5.27537074360442
ATP5MC2,0.0533448553870449,8.88084264387356,1.11567788969494,0.277452633882865,0.653421058057472,-5.27576669706236
EID1,0.0647672636137574,7.42433213778498,1.11530652432893,0.277607996033921,0.653502738846369,-5.27614166627732
MRPS31,-0.0440330345618897,6.39869183176838,-1.11522528332969,0.277641992006919,0.653502738846369,-5.27622368108667
PJA1,0.0313431722627549,6.51354075755634,1.11456740195508,0.27791740015222,0.653968819628587,-5.27688763588159
COPS7B,0.0251607048049936,6.51680433040715,1.11407329018284,0.278124380973848,0.654185191377877,-5.27738608344426
PDPR,-0.0326564867237627,5.50050693232728,-1.11391696133728,0.278189889774022,0.654185191377877,-5.27754374373025
MGMT,0.0711509341673169,7.88732218217476,1.11371061114808,0.278276377036472,0.654185191377877,-5.27775182169991
LINC01949,0.0318405592975985,6.51794604179541,1.11360887402657,0.278319025207511,0.654185191377877,-5.27785439823694
IBTK,-0.0489471539919753,5.05000195570212,-1.11272847931716,0.278688286030975,0.654870972458771,-5.27874171386241
TBC1D17,0.0376037248296208,6.66908991252802,1.11253276483573,0.278770422489256,0.654881865452937,-5.27893888331046
USP10,0.0248618943752241,6.53452663532557,1.11175192470488,0.279098297603414,0.655199545717912,-5.27972522565241
ZNF136,-0.0295846657586769,6.09334914556324,-1.11136631126674,0.279260320746458,0.655199545717912,-5.28011337776875
VSNL1,-0.0496991465587699,7.52682218963543,-1.11125137781797,0.279308625606551,0.655199545717912,-5.28022904503859
ETV3,-0.027048951340005,5.15826537353387,-1.11064517820538,0.279563503497308,0.655199545717912,-5.28083894149854
ZNF324B,-0.0252843713039832,5.18535991085196,-1.11062240927642,0.27957308004972,0.655199545717912,-5.28086184359446
FAM171A1,-0.0663233607019351,7.43397786322121,-1.11051641852782,0.279617662636785,0.655199545717912,-5.2809684488233
MDN1,-0.0721176368218904,7.48398873634586,-1.11044695715467,0.279646882792603,0.655199545717912,-5.28103830805779
MICAL3,0.0750945465881972,6.01898866293697,1.11038749188589,0.279671899681763,0.655199545717912,-5.2810981108872
C1orf21,-0.0280755290803293,5.86822863417833,-1.11019707216422,0.279752019775629,0.655199545717912,-5.28128959264648
SDF4,0.0520003486805447,9.09767212779733,1.11010488411895,0.279790814398361,0.655199545717912,-5.28138228450855
EIF2S3,0.0370296636015422,5.9773857247824,1.11005898593017,0.279810130763472,0.655199545717912,-5.28142843101797
SNRPG,-0.049201579337889,7.71598152966342,-1.10987693050599,0.279886758825165,0.655199545717912,-5.28161145492222
ANGPTL3,0.0541605754809863,9.65819247795342,1.10981304527915,0.279913652075937,0.655199545717912,-5.28167567375776
PADI2,-0.0416045343978675,6.46750557692725,-1.10931050446418,0.280125268436329,0.655397998289833,-5.28218072575502
TBX3,0.0341685368454835,6.49000320289794,1.10924334284768,0.28015355855892,0.655397998289833,-5.28224820777438
TPSD1,0.0332485383384068,7.38547189994787,1.10860642909988,0.28042194593795,0.655844296478183,-5.28288798180676
ZBP1,0.0262702014273426,5.114423691742,1.10749331784949,0.280891447296576,0.656604314997754,-5.28400531765652
KIAA0930,0.0504563537448721,7.35565661888343,1.10730789818439,0.280969711497216,0.656604314997754,-5.28419134532997
TRPV4,0.0573013894969038,5.95223456233875,1.1072834690579,0.280980024027441,0.656604314997754,-5.28421585252357
ONECUT1,0.0236466253029345,5.6013435536457,1.1065122504923,0.281305728758615,0.656863817397363,-5.28498929163815
CYP46A1,-0.0273509168469022,5.77133685053504,-1.10648559729579,0.281316989983964,0.656863817397363,-5.28501601311946
ITPRID2,-0.0412412148473587,7.65338225787379,-1.10646834665338,0.281324278717285,0.656863817397363,-5.28503330765635
CAB39,0.0365793402163188,7.28529367735947,1.10583667297801,0.281591268017235,0.656991688719399,-5.28566642559214
NACA,0.0449342083727405,10.9073864963496,1.10572087209856,0.28164023356343,0.656991688719399,-5.2857824568074
ZNF696,0.0361733930883772,5.25787310538587,1.10551295583624,0.281728164993004,0.656991688719399,-5.2859907598529
GABRE,-0.042990352423087,5.5847721650663,-1.10526825006123,0.281831680982693,0.656991688719399,-5.28623587678374
BUD31,0.0644265127723172,7.14339116648142,1.10499092355442,0.281949029772337,0.656991688719399,-5.28651361165201
GPR173,0.0282448143100555,5.69322249446298,1.10463635032124,0.282099116835417,0.656991688719399,-5.28686861783372
SLC38A4,0.0520363012229331,8.81933515614674,1.1045282961448,0.2821448665849,0.656991688719399,-5.28697678405498
ZNF589,-0.0313505771066134,6.86050124718538,-1.10452164082775,0.282147684598899,0.656991688719399,-5.28698344596929
ITPR1,-0.0394747591299299,5.04017930936182,-1.10450948697147,0.282152830873543,0.656991688719399,-5.28699561178246
ABCA2,0.0451555738925587,6.56243440301466,1.10444768674654,0.282178999834327,0.656991688719399,-5.28705747098703
PPARD,0.0247466228632977,5.65674929129438,1.10390816021769,0.282407534438751,0.656991688719399,-5.28759738328654
PDIA4,0.0974019924290887,8.40787966256032,1.10385858188496,0.282428541770332,0.656991688719399,-5.28764698544271
BDH2,-0.0582654460258159,8.17072042494019,-1.10383897609887,0.282436849448221,0.656991688719399,-5.28766660010984
CNIH4,-0.0416288060807474,5.26633357445472,-1.10376652554659,0.282467550901488,0.656991688719399,-5.28773908082573
TOPBP1,-0.0545683530953437,4.87134679548788,-1.10334794120758,0.282644976676538,0.657144875109318,-5.28815775760766
NGLY1,-0.0283568371040647,6.59690589823434,-1.10289903164128,0.282835346610266,0.657144875109318,-5.28860661126172
TBPL1,-0.0416796950612068,5.26973777719013,-1.10277604679221,0.282887517316931,0.657144875109318,-5.28872955278565
LRP3,0.0534838151786176,7.48323482909503,1.10271718461936,0.282912489385002,0.657144875109318,-5.28878838995987
PNMA3,0.0365952966437523,6.97685317501776,1.10267704804885,0.282929518102931,0.657144875109318,-5.28882850790208
MTHFD1,0.0413590540575128,9.27994085344775,1.10242910773606,0.283034728128412,0.657144875109318,-5.28907630469426
F13B,0.060424948820717,7.25318917750655,1.10232764096254,0.283077792354783,0.657144875109318,-5.28917769861346
KHDC4,-0.0413811475503161,6.82460745981078,-1.10190272571295,0.283258185429626,0.657383045009705,-5.28960221967978
HARS2,0.0285393074145173,6.568453072449,1.1012542630789,0.283533644318791,0.657841651426079,-5.29024980347129
ADAMTS13,0.038310097004283,6.09770290921299,1.10079291456568,0.283729738075259,0.658002868663923,-5.29071032272948
AP3B1,-0.0347233215140597,7.12661475702324,-1.1004298141391,0.28388414136706,0.658002868663923,-5.29107265120287
PTPRC,0.0281922676202623,6.66601264087372,1.10015087050591,0.284002799683536,0.658002868663923,-5.29135093042192
DNAJC9,-0.0242132673832406,5.35137237517379,-1.10007409421508,0.28403546546229,0.658002868663923,-5.291427512954
LAIR2,-0.0313580374556576,6.13191580057409,-1.10004251735486,0.284048901167518,0.658002868663923,-5.29145900876054
ZNF148,-0.069959148386332,7.09700999490273,-1.0999921080814,0.284070350874082,0.658002868663923,-5.29150928699257
GIT2,-0.0240862596771146,5.21160169755807,-1.09940896104638,0.284318572058853,0.658191275926292,-5.29209077082638
ZNF174,0.0222328024024813,5.90285248945631,1.09907135269669,0.284462349803023,0.658191275926292,-5.29242729234499
TOP1,-0.0408805806299901,7.37775031961585,-1.09890746031385,0.284532165938001,0.658191275926292,-5.29259062435125
BAG1,0.0404183014342591,7.27464788526022,1.09866245183969,0.284636559755465,0.658191275926292,-5.29283475514815
FAM32A,0.033240735156009,8.02596168870314,1.09856788252981,0.284676861527037,0.658191275926292,-5.29292897288204
P3H2,-0.0184557877186155,6.17325668108522,-1.09847811566553,0.284715120519347,0.658191275926292,-5.29301839942486
TLR6,-0.0327716945841081,5.51676742749941,-1.09846042707874,0.284722659905666,0.658191275926292,-5.29303602019314
PPP1R37,0.0303042064716483,5.19142910969663,1.0983213026521,0.284781963811266,0.658191275926292,-5.2931746025119
PALM,-0.0206494554549537,6.67107007579412,-1.09815533585499,0.284852721427509,0.658191275926292,-5.2933399024122
CPED1,-0.0427816299796531,5.8009490570079,-1.09765252345782,0.285067166422561,0.658449305362496,-5.29384056024713
RPS3A,-0.0450118247553011,11.9686724386907,-1.09752812893147,0.285120237671168,0.658449305362496,-5.29396439061568
CCN3,-0.0308308026657856,5.65023898298867,-1.0972037203794,0.285258675978164,0.658464257024802,-5.29428726981241
ZNF212,0.0251702908845086,6.79359524198728,1.0971477598776,0.285282561534651,0.658464257024802,-5.29434295800751
C19orf53,0.0409356572265176,7.9349832283949,1.09696037535499,0.285362553231703,0.658467637346781,-5.29452941251249
INSL3,-0.0298980539836725,6.23873594446121,-1.09677927824941,0.285439876402516,0.658467637346781,-5.29470958417776
SPTAN1,0.0470188477529557,7.85209355948474,1.09629919932162,0.285644929709591,0.658760823156671,-5.29518708313856
CHRNB2,0.0284853309209644,7.90369143343182,1.09602633147657,0.285761525825061,0.658849902652596,-5.29545840257794
NEDD4L,-0.0329869516141732,6.02681921601727,-1.09569071692749,0.285904980919278,0.658918784127249,-5.29579203114483
CFHR5,-0.0771897451353175,8.37291301161939,-1.09559159699674,0.285947358744926,0.658918784127249,-5.29589054733647
CLSTN1,0.0419792611329794,6.71388144265637,1.0952548849007,0.286091350996981,0.659060240672376,-5.29622514993253
PSMA2,-0.0457888126196673,9.52789778268613,-1.09496204989686,0.28621662234371,0.659060240672376,-5.29651607671941
ATP5F1D,0.0687564535729892,8.64714883691959,1.09490102812263,0.286242731747647,0.659060240672376,-5.29657669223196
ZFYVE9,-0.0241656092893717,7.7043851305571,-1.09436775884998,0.286470975383594,0.659250499607847,-5.29710628462546
OAZ2,0.0305233598686832,7.96818767087926,1.0943316787458,0.286486422733369,0.659250499607847,-5.2971421077542
KIAA0513,0.0282774334859756,6.30010813068981,1.09403076666635,0.286615278888108,0.659250499607847,-5.29744083612766
MPHOSPH10,-0.0238898568985901,6.40406987220136,-1.09383626229973,0.286698591649692,0.659250499607847,-5.29763389049458
TFAP4,-0.0324524275674487,7.70198837041939,-1.09372474506045,0.286746366156799,0.659250499607847,-5.29774456275789
PDLIM4,0.0258652031661002,6.90024038164135,1.09339417028105,0.28688801987097,0.659250499607847,-5.2980725743593
IVNS1ABP,0.0237732651677458,6.07944258918084,1.09329862646186,0.286928970550496,0.659250499607847,-5.29816736109474
GTF2B,-0.0383646868061947,6.39121845380382,-1.09310049548569,0.287013904239339,0.659250499607847,-5.29836389884439
KREMEN2,0.0246620623790631,7.1916269929048,1.09281673340273,0.287135577550489,0.659250499607847,-5.29864532447844
BHMT,0.0459236691221639,10.9942404912321,1.0927544090863,0.287162306376448,0.659250499607847,-5.29870712700786
TJP3,0.0262866331965394,6.01854300310687,1.09266189946488,0.28720198400201,0.659250499607847,-5.29879885640311
PPP1R13L,0.0303003897320381,7.07137091993102,1.09249843315452,0.28727210486028,0.659250499607847,-5.2989609273166
NBR1,0.0402370129024457,7.54346835077118,1.09234112352265,0.287339596456296,0.659250499607847,-5.29911687393998
SUCLA2,-0.0564359272937251,5.3360533173978,-1.09139789145193,0.287744518695911,0.660000321113041,-5.30005151845676
ATP2C1,-0.0296233447692718,5.27830620999256,-1.0904825577013,0.288137859627265,0.660677783294271,-5.30095783850524
FBXL15,0.0458802902546978,4.94307646923983,1.09034675702688,0.288196249612152,0.660677783294271,-5.30109224480688
ASPH,-0.0268303271750795,5.38715190163194,-1.08983207650858,0.288417623721703,0.660858716624678,-5.30160150678966
FMNL1,0.0268682294227752,6.92944187995009,1.08979961227073,0.28843159135051,0.660858716624678,-5.30163362214036
E4F1,0.0473650307372809,5.58063261012264,1.08908264033164,0.288740191000339,0.661307181957515,-5.30234267395604
GFPT2,-0.0274870080718446,5.73837441284273,-1.08898126039181,0.288783846322276,0.661307181957515,-5.30244290079577
MAN2B2,0.0432187345328948,6.12987579616042,1.08871924092144,0.288896696935961,0.661326460125365,-5.30270190194399
COQ2,-0.0321580083415271,5.95377815248417,-1.08859831069767,0.288948791808621,0.661326460125365,-5.30282142058552
CHERP,-0.032497334574807,6.84950546925642,-1.08802026285026,0.289197899834006,0.661717371675427,-5.30339255935246
GPR143,-0.0288030296018148,5.40319427417366,-1.08696566916935,0.28965277426518,0.662578760839408,-5.30443385886299
DAP,0.0453807683929735,8.55947321810852,1.08674925625286,0.289746182910499,0.662610078566075,-5.30464743355849
BAAT,0.0640338944658945,9.01844850663023,1.08637386380189,0.289908262347272,0.662610078566075,-5.30501781383388
PPP1R2,-0.0245481904862697,5.58485903223433,-1.08598570015435,0.290075924822544,0.662610078566075,-5.30540067608704
ARPP19,-0.0453672406644446,7.35822638078754,-1.08595361874371,0.290089785126637,0.662610078566075,-5.30543231394178
TSC1,-0.0367445023950235,7.27954787448844,-1.08585762664522,0.290131259968591,0.662610078566075,-5.30552697393413
TXN2,-0.0255860912310009,8.59143392609022,-1.08562399686962,0.290232221173344,0.662610078566075,-5.30575733072379
BABAM1,0.0457992003612146,7.05678003693255,1.08538098330851,0.290337264455065,0.662610078566075,-5.30599689343755
PRKD2,0.0312957899896561,7.15431504295272,1.085286981621,0.290377904315009,0.662610078566075,-5.3060895475882
PRG2,0.0351165095836047,5.71446058647724,1.08515733862857,0.29043395976882,0.662610078566075,-5.30621732050087
CLCN4,-0.0309847643481749,5.42218510539733,-1.08498770273572,0.290507319295259,0.662610078566075,-5.30638448908172
POLE,0.0235534566847003,7.32629849141493,1.08493749475577,0.290529034448202,0.662610078566075,-5.30643396237641
AVP,0.0297014882645723,6.62070332856791,1.08427904241026,0.290813926325034,0.66274176170348,-5.30708259271305
TMEM184C,-0.0338026831434504,5.70926941145218,-1.08425601464635,0.290823893375531,0.66274176170348,-5.30710527068721
KLK5,0.0246830261613476,5.12688782615968,1.08419374638476,0.29085084603047,0.66274176170348,-5.30716659097061
GMPPA,0.0690816506499547,7.18203518252651,1.08392866979287,0.290965603940134,0.66274176170348,-5.30742759723215
ERBB2,0.0595803935798276,7.93920605947845,1.08378600645609,0.291027379804043,0.66274176170348,-5.30756804661512
TBXA2R,0.0270857292835955,7.66121437399862,1.08363847055699,0.291091275543989,0.66274176170348,-5.30771327578225
ZNF770,-0.0589189906957972,5.16937608429475,-1.08345830862864,0.29116931490565,0.66274176170348,-5.30789059720209
HIBCH,0.0557465249085148,7.60052575189714,1.08281031614624,0.29145012577628,0.66274176170348,-5.30852815801827
JARID2,-0.0221114581111998,6.77065684968134,-1.08272250712057,0.291488193311458,0.66274176170348,-5.30861452755018
CDX1,-0.0248735137248476,7.81468050372742,-1.0826677396136,0.291511938292485,0.66274176170348,-5.30866839409705
ANKMY2,-0.03813127165768,6.27348166581556,-1.08263271915964,0.291527122480326,0.66274176170348,-5.3087028371815
PEX13,0.0330799729583024,5.36365124087124,1.08263082406727,0.291527944171815,0.66274176170348,-5.30870470100211
TUBA4A,0.044697984513658,6.33674379789341,1.08240739954141,0.291624830344256,0.662783705327855,-5.30892441851366
POLB,-0.0312518056725182,7.6578016575464,-1.08199129522178,0.291805332461403,0.663015611535051,-5.30933351219287
ABCC10,0.0204863061462447,6.89043658317731,1.08167286732743,0.291943517939522,0.66315127058843,-5.30964648131352
PDGFA,-0.0486174946671249,5.48273347179172,-1.08111857877943,0.292184170549791,0.66334493653282,-5.31019107370577
DDO,0.0233195696651125,6.00548461878599,1.08094912790621,0.292257768730377,0.66334493653282,-5.31035751117735
RC3H1,0.0227838501662173,6.16897313418695,1.0808141390707,0.292316408468645,0.66334493653282,-5.31049008297211
SDS,-0.0928071944983876,9.49082936798991,-1.08069732013704,0.292367161974879,0.66334493653282,-5.31060479840275
CHP1,0.0479813616038569,8.96131074710874,1.08057275346901,0.292421288589912,0.66334493653282,-5.31072710999238
UBE3B,0.0276778411641843,6.6272868872318,1.08031886289169,0.292531631318066,0.663417145635442,-5.3109763657319
GAS1,-0.0574679020688039,5.38229548808304,-1.07999011784172,0.292674550980337,0.663429301425317,-5.31129903258734
C1QB,0.0774108477106646,8.55412897420268,1.07985825276023,0.292731892574512,0.663429301425317,-5.31142843522663
SRRM2,-0.036027147009784,8.24589117124209,-1.07940807243844,0.292927714759541,0.663429301425317,-5.31187010372619
IL1B,-0.0323486911222262,7.46913807043041,-1.0793943636009,0.292933679395287,0.663429301425317,-5.31188355080992
GNB1,0.0303383185712689,8.35602049634841,1.07912148588048,0.293052425133945,0.663429301425317,-5.31215118686219
SEMA6A,-0.0313680991448049,7.01292652406533,-1.0790721149985,0.293073913123441,0.663429301425317,-5.3121996029988
FOXRED2,-0.0203149902172336,6.38758973785537,-1.07892588727639,0.293137563370838,0.663429301425317,-5.31234299145234
ECM1,0.029228791253092,8.45722897926611,1.07835841267733,0.293384669057667,0.663429301425317,-5.31289928491049
SRI,0.0445821427951268,7.37522520930637,1.07812097093329,0.293488107140986,0.663429301425317,-5.31313197151181
SLC17A1,-0.0429099556628668,6.37889131682839,-1.0779327726396,0.29357011169567,0.663429301425317,-5.31331636866844
TWF1,-0.0352223074591281,5.61876922299158,-1.07776453948066,0.293643430723884,0.663429301425317,-5.31348117985224
MARCHF2,0.0430678380124873,6.72415940668659,1.07773878551287,0.293654655929656,0.663429301425317,-5.31350640796039
CREBL2,-0.0409783350022631,8.20105508088524,-1.07771369652675,0.293665591591792,0.663429301425317,-5.31353098415248
CYP2D6,0.0410432299253567,6.41101604638887,1.07760407087089,0.293713378118817,0.663429301425317,-5.31363836323644
POP4,0.0407301942627493,6.95497205107499,1.07740151161928,0.293801689739322,0.663429301425317,-5.31383674601505
KLHL9,-0.0492254405861257,7.68851690384548,-1.07733238226223,0.293831833079942,0.663429301425317,-5.31390444248189
TTI2,-0.0249978709381858,6.30481235536606,-1.07724095836406,0.293871701211238,0.663429301425317,-5.31399396547932
HTRA2,0.0235104415881735,7.02918387904721,1.07671072589349,0.294103001829978,0.66351505424729,-5.3145130408397
PGAP3,0.0327756500112835,7.7509309121372,1.07648771152467,0.294200325426435,0.66351505424729,-5.31473129506144
SCO2,0.0492920910649976,6.79980707720715,1.07636542168881,0.294253702627028,0.66351505424729,-5.31485095770411
IRF5,0.0239256495287716,6.59643961225313,1.07591792947893,0.294449083975891,0.66351505424729,-5.31528873382287
ECI1,0.0639653975905798,8.65350367644642,1.07584413956628,0.29448131065333,0.66351505424729,-5.31536090612642
PRRC2C,-0.0593124432827094,8.08220336297424,-1.07575865835282,0.294518646512756,0.66351505424729,-5.31544450796403
GSTM1,0.160639827038889,9.20355943394156,1.07572754353933,0.294532237459648,0.66351505424729,-5.31547493723419
BRF2,0.0291365491247484,7.26902730349781,1.07536328616435,0.294691378629815,0.66351505424729,-5.31583111114637
PLCG2,-0.0359608261398813,7.54552391542637,-1.0753530817151,0.294695837764396,0.66351505424729,-5.31584108760627
NSD3,-0.0326666912371727,6.0356327403367,-1.07497103351634,0.294862819931979,0.66351505424729,-5.31621453978093
ARL8B,0.0428420268508452,7.53522103822711,1.07488734256291,0.29489940790881,0.66351505424729,-5.31629633203049
PPP1R11,-0.0373927950269609,8.56338197342659,-1.07447339738457,0.295080424349526,0.66351505424729,-5.31670080317357
MMADHC,0.0532249295193878,8.680293990306,1.07441902006294,0.295104209258984,0.66351505424729,-5.31675392571201
CDK20,0.0253255545283247,6.42977979070517,1.07429661678458,0.295157754106962,0.66351505424729,-5.31687349577366
THRB,-0.0244598887089218,6.50933970978861,-1.07424165249382,0.295181800301218,0.66351505424729,-5.31692718390891
RNF141,-0.0226194896204127,5.94977746259244,-1.07422207060678,0.295190367474075,0.66351505424729,-5.31694631055858
CCNG2,0.0298685585911388,5.22357302719312,1.07409819339263,0.295244568517137,0.66351505424729,-5.31706730074321
SPG11,-0.03536591467558,7.33999953666158,-1.07360516632758,0.295460357779428,0.663823457387974,-5.31754871520484
LEFTY1,0.0286823482107896,5.18513947433659,1.07323573842429,0.29562212421569,0.664010353435028,-5.31790931356366
MED18,0.0226736552322875,5.85480159340437,1.07293468182854,0.295753999082326,0.664037807077784,-5.31820309352711
ZHX2,-0.0301674820857245,7.10746960063747,-1.07284905342947,0.295791515484116,0.664037807077784,-5.31828663893971
POLR2E,0.0651680508681723,8.37477253326722,1.07226148240906,0.296049040514529,0.664225825601157,-5.31885975762082
GIMAP4,-0.044888426993663,6.37519986947888,-1.07219002063091,0.296080372311285,0.664225825601157,-5.31892944272019
IGF2-AS,0.0329655359438914,6.82377436273181,1.07211997166451,0.29611108698693,0.664225825601157,-5.31899774614392
WDR83OS,0.0422357715084394,8.87588029886213,1.07171917038949,0.296286872123774,0.664267508550108,-5.31938848394516
NDUFA7,0.038746932783419,7.28517876213226,1.07150742768456,0.296379769424108,0.664267508550108,-5.31959485792933
RHOT1,-0.0348493651467916,6.53825181121106,-1.07138432712866,0.29643378661919,0.664267508550108,-5.31971482068816
USP22,0.0644321228393476,7.1247653528575,1.07108367108403,0.296565745877204,0.664267508550108,-5.32000776181203
PGAP6,0.0645008944558986,7.14633785255356,1.07095389862864,0.296622716619821,0.664267508550108,-5.3201341817821
ZNF175,-0.0345465607195612,5.4325485138265,-1.07092313598099,0.296636222725721,0.664267508550108,-5.32016414773266
CUX2,-0.106949953666192,5.73818122060599,-1.07082354601428,0.296679949972557,0.664267508550108,-5.32026115327234
SLC22A11,-0.023298472547933,5.13904879811999,-1.07024649407663,0.296933408967639,0.664322491602987,-5.3208230731096
TMEM222,0.0281928394443345,8.72957210727058,1.07023187043442,0.296939834142562,0.664322491602987,-5.32083730979027
MYBL2,0.0316350980333459,8.00235075593356,1.07010391437684,0.29699605832716,0.664322491602987,-5.32096187260909
CIAO3,0.0477813055684727,6.89416894919243,1.06970244345659,0.297172515209288,0.664322491602987,-5.3213526114108
SNED1,-0.0295325983187555,6.63547572962427,-1.0696055241382,0.297215125045266,0.664322491602987,-5.32144692042807
NPY6RP,-0.0499536414266509,5.5545743622264,-1.06958802047266,0.297222820865553,0.664322491602987,-5.32146395186556
RUVBL2,0.0428992073677611,7.74198109972432,1.06951521384131,0.297254833224958,0.664322491602987,-5.3215347916123
PSMB7,0.0462655759231754,8.68410871424977,1.06810282569083,0.297876336411473,0.665535442273121,-5.32290817878413
COPS3,-0.0240364124054855,6.45445853206789,-1.06790271372145,0.297964468489682,0.665556372915097,-5.32310263494472
CHAC1,-0.0284220653757595,7.03470528343903,-1.06729171980674,0.298233674458817,0.665779708948953,-5.32369616047009
SLC5A6,0.0309412087366067,7.63775396316037,1.06720143686332,0.298273468221899,0.665779708948953,-5.32378383669364
CHRNG,0.0320401935628152,6.65722621997425,1.06683898224736,0.298433264689432,0.665779708948953,-5.32413576008567
APH1B,-0.0228583931434613,6.90266180195612,-1.06632914604305,0.298658141665847,0.665779708948953,-5.32463060355528
BCAP31,0.0670056269726421,8.2103196136561,1.0662277632711,0.29870287374925,0.665779708948953,-5.32472897998231
GTPBP6,-0.0256110174335073,6.99255681055647,-1.06599978037082,0.298803481864419,0.665779708948953,-5.32495017213271
RGS3,0.0450319350284078,7.74887364491401,1.06598031624705,0.298812072445017,0.665779708948953,-5.3249690545515
UBE4A,-0.0447246577184186,7.44231777418286,-1.06593571098957,0.298831759848714,0.665779708948953,-5.32501232558333
ZNF444,-0.032204145074253,8.62737530112348,-1.06591237612059,0.298842059520602,0.665779708948953,-5.32503496182394
FLII,0.0389359048801746,7.69374597978621,1.06574578830834,0.298915596354876,0.665779708948953,-5.32519654936324
MAP2K1,-0.0450743087993124,8.95190753914821,-1.06557232380916,0.298992182553591,0.665779708948953,-5.32536478339032
NSMAF,-0.0311474293982792,5.87626387500211,-1.06536531532267,0.299083597149288,0.665779708948953,-5.32556551818689
SLC27A5,0.0508280482301766,10.7813672040031,1.06514011007245,0.299183070161434,0.665779708948953,-5.32578385900684
ERMAP,0.0289914115758065,5.60008588872188,1.06500120066694,0.299244438180669,0.665779708948953,-5.32591851394361
SLC38A12,0.0264560039492094,6.32052492826981,1.06477396263986,0.299344847867616,0.665779708948953,-5.32613875863927
ERCC1,0.0234817441237565,7.2696933947981,1.06467415932253,0.299388955600005,0.665779708948953,-5.32623547730605
ELOA,-0.0338899974179533,7.72963401156047,-1.06441259477577,0.299504575252435,0.665779708948953,-5.32648891946528
JUND,-0.0527113110318203,9.02750870928305,-1.06424632737814,0.299578087239492,0.665779708948953,-5.32664999504512
AP5M1,-0.072337539896566,5.48130293498941,-1.06389635308705,0.299732864007255,0.665779708948953,-5.32698896823661
TTC27,-0.0166562792268866,6.34405561880891,-1.06339314776084,0.299955507884838,0.665779708948953,-5.32747618253741
ZFYVE16,-0.0425169318300312,5.21468427923822,-1.06335975387656,0.299970287245113,0.665779708948953,-5.32750850798762
C8G,0.0669704995814374,9.20638710497241,1.06311522298881,0.300078526852207,0.665779708948953,-5.32774518770202
ATP5F1C,-0.036832038015235,10.0308902354512,-1.06287692813419,0.300184033041905,0.665779708948953,-5.32797578516129
SREBF1,0.0626452184430229,8.00068104313444,1.0628180789532,0.300210092889395,0.665779708948953,-5.3280327263382
SEMA4G,-0.0409156660287063,8.19622170860012,-1.06272489706287,0.30025135940878,0.665779708948953,-5.32812288137271
GLIPR1,0.0588735569294818,6.0784392694718,1.06261951778737,0.300298032555207,0.665779708948953,-5.32822482913363
ERLIN2,-0.047230444730301,6.31218303549386,-1.06224979020387,0.300461828329129,0.665779708948953,-5.32858244618458
SRSF9,0.0298094284133569,8.40193130652826,1.06211969865489,0.30051947636795,0.665779708948953,-5.32870825029405
MTERF4,0.0280697925591105,5.71241291808477,1.06206830383704,0.300542253361246,0.665779708948953,-5.32875794752168
CCDC93,-0.0181310427801688,5.71503496269065,-1.06192493555564,0.300605797396873,0.665779708948953,-5.32889656901934
MISP,0.0234072027975477,8.04974275978263,1.06181503731968,0.300654513270244,0.665779708948953,-5.32900281739239
SPEF1,0.0322809427973258,5.97518684671417,1.06171417946732,0.300699226680641,0.665779708948953,-5.32910031704064
C4BPB,0.0462327020633722,9.24465049648324,1.06114803017389,0.300950306558804,0.665779708948953,-5.3296474630856
IDUA,0.0275312145106308,6.90924152695617,1.06109550124125,0.300973610064474,0.665779708948953,-5.32969821571692
SNCB,0.0222577158771338,6.54837658791793,1.06101626302676,0.301008765100561,0.665779708948953,-5.32977477022024
CDC14A,-0.0357803233378039,5.46265068340682,-1.0609851072513,0.301022588559258,0.665779708948953,-5.32980486939454
SLC34A1,0.0334467227872344,5.99616956579002,1.06094405053562,0.301040805644887,0.665779708948953,-5.32984453253597
KRT8,0.109693032241125,7.45892631854536,1.06065927213665,0.301167185067205,0.665779708948953,-5.33011960731381
PSMB1,-0.0354626006458577,9.96997141409954,-1.06062971613347,0.301180303652675,0.665779708948953,-5.33014815246407
SEC24A,-0.043887171830209,8.11822150400241,-1.06054913014772,0.301216074238088,0.665779708948953,-5.33022597872075
TXLNA,0.0690976893414339,6.55942275136085,1.05976518102786,0.30156421295627,0.666339708689582,-5.33098280706355
CHD9,-0.0674210861441939,7.2901416891728,-1.05943005346509,0.301713125294385,0.666339708689582,-5.33130618931633
MED25,-0.0246143041411765,7.10383852003854,-1.05929954578684,0.301771129985333,0.666339708689582,-5.33143209849568
SH2D2A,-0.0293440273497752,6.71779895980231,-1.05923049863847,0.301801821508664,0.666339708689582,-5.33149870716662
PRR13,0.0350808595623978,8.2549254045293,1.05909126776813,0.30186371655192,0.666339708689582,-5.33163300922188
GCH1,-0.0546070125728508,8.23146109944425,-1.05838111792774,0.30217955467239,0.66676286750723,-5.33231777571737
PEX26,-0.0358215282560121,7.35599720697494,-1.05830543447352,0.302213228704461,0.66676286750723,-5.33239072992522
CDYL,-0.0252102053489713,6.63397926971919,-1.05797190252314,0.302361659882408,0.666909038642134,-5.3327121790843
CNTRL,-0.0400363866494125,5.83687585764323,-1.05770428485676,0.302480795005063,0.666909038642134,-5.33297003677111
EIF5,-0.0430063364881638,9.80493589879043,-1.05762464685666,0.302516253859799,0.666909038642134,-5.33304675920125
RIDA,0.0451907364186831,11.0822153455539,1.05707197007463,0.302762415279562,0.667090824142023,-5.33357906099706
ATP9B,-0.0226002861430314,6.58434574198891,-1.05670545730492,0.302925738423899,0.667090824142023,-5.33393192564212
APMAP,0.0417777608140818,9.48837346083295,1.05668663494209,0.302934127627054,0.667090824142023,-5.33395004416794
AP1G2,0.0318174691675105,5.90514035784675,1.05642435811602,0.303051042736257,0.667090824142023,-5.33420248367916
HMGN2,-0.0386929634941872,10.1681618458079,-1.05594423813333,0.303265149253538,0.667090824142023,-5.33466445141734
IMPDH2,0.0401112860573561,8.12964229382851,1.0559127782469,0.303279182364055,0.667090824142023,-5.3346947153652
ZNF835,-0.046873862951174,6.44236066824221,-1.05548786605026,0.303468765660002,0.667090824142023,-5.33510339617797
ELL3,-0.0253580821971569,5.30499435738973,-1.05543950161972,0.303490349805513,0.667090824142023,-5.33514990385429
HOXA4,0.0237076729645124,6.07472099903939,1.0552696998906,0.303566137836856,0.667090824142023,-5.33531317174942
GLRX3,0.0295051680361828,7.12687232229817,1.0552402120597,0.303579300591121,0.667090824142023,-5.33534152253398
STAT2,0.0273051710522522,6.43827477020871,1.05520825515798,0.303593565947272,0.667090824142023,-5.33537224638764
ANXA13,-0.0276667943208156,7.08152839079889,-1.05502249121131,0.303676499258529,0.667090824142023,-5.33555082631553
CIAO2B,0.0497674224629417,8.29219230829783,1.05489334625032,0.303734164857804,0.667090824142023,-5.3356749604139
ACSM5,0.0554000600276776,9.91281535980457,1.05480372639038,0.303774186366481,0.667090824142023,-5.33576109506112
PIPOX,-0.0348918859471785,10.0646721760481,-1.05464861360326,0.303843463922746,0.667090824142023,-5.33591016032532
UBAP2L,-0.0242945795787966,6.54601375405464,-1.05460746467181,0.303861844038183,0.667090824142023,-5.33594970167696
RUNX1T1,-0.0237546633281465,6.75665710145811,-1.05362013818904,0.304303094039927,0.667739198047981,-5.33689804482866
RIN3,0.0533299826897691,6.15112546307464,1.05359300866887,0.304315225051216,0.667739198047981,-5.3369240920308
CHMP5,-0.044199797183429,6.56314425109712,-1.05308576374963,0.304542104011545,0.667970879770396,-5.3374109909104
MAGEF1,0.0296484859109011,6.65755689366018,1.05300349741461,0.304578911213649,0.667970879770396,-5.33748993782957
P2RY13,-0.0262636320690392,6.13308356902371,-1.05243887032676,0.304831619524072,0.668248102433734,-5.33803163448242
CYB561D2,0.0383340646693629,7.63979863418383,1.05084886582278,0.305544055803953,0.668248102433734,-5.33955567831952
LMAN2L,-0.0336568917691174,7.43609214246629,-1.0505872497378,0.305661392189891,0.668248102433734,-5.33980624506236
IGFBP5,-0.0679888670740866,7.71709998853743,-1.05029925351114,0.305790597345976,0.668248102433734,-5.34008201362215
NPRL2,0.0302526518345526,7.20734156993705,1.05026878763798,0.30580426767495,0.668248102433734,-5.34011118205038
ELF1,-0.0279792696684554,7.52934603331296,-1.05016289693982,0.305851785231169,0.668248102433734,-5.34021255734612
GABARAPL1,0.0421056827512382,7.95131408787061,1.05004247800993,0.305905828599731,0.668248102433734,-5.34032783031115
PPP6R1,0.0384271534730292,8.06740270445204,1.05003367274923,0.305909780620264,0.668248102433734,-5.34033625882783
CACNB2,-0.0345045991187972,5.61850766308786,-1.05002120736299,0.30591537545857,0.668248102433734,-5.34034819075953
HNRNPAB,0.0479875707349026,7.76649683326603,1.04986774500813,0.30598425992695,0.668248102433734,-5.34049507538983
MET,-0.0635088721376912,7.73418008740305,-1.04959112091964,0.306108455762134,0.668248102433734,-5.3407597945416
RNF139,-0.0405202263097212,6.57518130599744,-1.04937314012097,0.306206347823935,0.668248102433734,-5.34096835049019
SMAD7,0.0366635022217845,5.95613283658014,1.04935916995765,0.306212622384689,0.668248102433734,-5.34098171531067
UTP6,-0.030446420529678,6.18071998851078,-1.04931375000897,0.306233022938348,0.668248102433734,-5.34102516606817
PITPNB,-0.0462371455840586,8.90651971490059,-1.04920168670922,0.306283360762184,0.668248102433734,-5.34113236368397
MTF1,-0.0306805550108568,6.78888873958763,-1.04911546510124,0.306322094741226,0.668248102433734,-5.34121483469703
GOLGA2P5,0.0246038382270341,5.3483748558998,1.04888691370752,0.306424785471618,0.668248102433734,-5.34143341504855
WDR18,0.0816710109407937,5.94497303540773,1.04872081678628,0.306499430076295,0.668248102433734,-5.34159223905212
MPPE1,-0.0236810870949811,7.96820162300271,-1.04871221991269,0.306503293897133,0.668248102433734,-5.34160045888363
SF3B4,-0.0226881982118071,6.03004682981518,-1.04846728125756,0.306613394890182,0.668248102433734,-5.34183462981968
GTF2IRD1,-0.0335865873144218,5.61894457281705,-1.04840456824687,0.306641589187962,0.668248102433734,-5.34189457808521
TMEM50A,-0.026652747491442,5.92004694368876,-1.0483253684709,0.306677198185213,0.668248102433734,-5.34197028172674
RRAS2,-0.0538929014325059,6.6079277748728,-1.04828889118825,0.306693599719719,0.668248102433734,-5.34200514707242
PLXND1,0.0319054696014028,7.43382728460982,1.04817528710066,0.306744684316315,0.668248102433734,-5.34211372406074
LAX1,-0.0205357974469747,5.10136461267347,-1.04815445037533,0.306754054669012,0.668248102433734,-5.34213363760288
ZNF236,-0.0481116838588327,7.15909832225811,-1.04813796978897,0.306761466194136,0.668248102433734,-5.34214938775781
GALC,-0.053896073043373,5.96295422646056,-1.04753501532181,0.307032709961237,0.66850255279514,-5.3427254673245
CDK19,-0.0290963071436655,7.26733101190719,-1.04730868885105,0.307134568725351,0.66850255279514,-5.34294162981439
BCL3,0.0602161730161446,7.43232939241479,1.0470228788834,0.307263232523914,0.66850255279514,-5.34321454509034
ZNF335,0.0300977210666784,6.62797721827,1.04698887222889,0.307278543937941,0.66850255279514,-5.34324701307644
KALRN,-0.0273799829831065,6.04749072877894,-1.04689511259668,0.307320761796864,0.66850255279514,-5.34333652558963
RNASET2,0.0466353890805798,8.66358101874962,1.04672096790298,0.307399186193562,0.66850255279514,-5.34350276295163
DDX39A,0.043799790416717,5.62699657522526,1.04664797616488,0.307432061557623,0.66850255279514,-5.34357243305626
ENTPD6,0.0453768448893713,7.28526952712604,1.04607781786053,0.307688946017713,0.668885657491183,-5.34411649633811
TMEM70,0.045349436519352,7.96442308433111,1.04572521909977,0.307847885524967,0.668885657491183,-5.34445282527038
PDE3B,-0.0344626937733598,6.08074128869299,-1.0456837893114,0.307866564493412,0.668885657491183,-5.34449233675253
B3GNT4,-0.0235187662611018,7.15776082961497,-1.0455544649687,0.30792487664387,0.668885657491183,-5.34461566407847
APH1A,0.0481144009868653,7.65635407411101,1.04504127728446,0.308156349589819,0.669033514946442,-5.34510492038752
DOCK4,-0.0467523652766105,5.70047986827487,-1.04488482129263,0.30822694354871,0.669033514946442,-5.34525403785535
TARS2,0.0360848168654572,7.0749705332496,1.044877005783,0.308230470258757,0.669033514946442,-5.34526148625934
ANGEL2,-0.0409934840536362,5.5731674254912,-1.0445697901451,0.308369122515102,0.669162579674528,-5.34555423223441
PSD4,0.041018413850344,7.25557904271219,1.04376067590725,0.308734503200137,0.669240728033232,-5.34632487083049
TCAF1,0.0349448852649334,6.94708619110255,1.04364976395083,0.308784612899621,0.669240728033232,-5.34643046716133
LPGAT1,-0.0404902308188045,5.3027696240975,-1.04351541330191,0.308845319869178,0.669240728033232,-5.34655836546216
LGMN,0.0540316893211359,7.35881178954205,1.04351460904321,0.308845683302758,0.669240728033232,-5.34655913105123
SLC39A4,-0.0227621090149604,6.16133631792395,-1.04320263784187,0.308986681762619,0.669240728033232,-5.34685606269141
POLG,-0.0245871877686693,7.19982903897482,-1.04309522531421,0.309035238491106,0.669240728033232,-5.34695827875379
SSBP2,-0.0343274030685451,5.77550732627355,-1.0429611060911,0.309095875810759,0.669240728033232,-5.34708589631641
PSIP1,0.0246592946071455,5.51452653801103,1.0428796753028,0.309132696017707,0.669240728033232,-5.34716337247424
ADAM20,-0.0215884108402234,6.19719384181973,-1.04287208066626,0.309136130210399,0.669240728033232,-5.3471705980077
PTPN11,-0.0470987063493648,7.43227046472988,-1.04246490646118,0.30932028858003,0.669240728033232,-5.3475579147124
MYRIP,-0.0365346944242373,5.00883271975666,-1.04245361595539,0.309325396204475,0.669240728033232,-5.34756865267074
FBXW7,-0.025327674338311,6.13442053763312,-1.04234914679944,0.309372659036689,0.669240728033232,-5.34766800428262
RAP1GAP,0.0297481482972494,7.86333300925241,1.0419891494684,0.309535564496844,0.669240728033232,-5.34801029875975
DEF8,0.0244775499656773,5.96248139393803,1.04189341349571,0.30957889704486,0.669240728033232,-5.34810130918501
PEX11B,-0.0510662537522042,6.62228750549945,-1.04176389305085,0.309637528160913,0.669240728033232,-5.34822442461385
MEFV,-0.0678635919689629,5.12586880493911,-1.0416341146598,0.309696283947597,0.669240728033232,-5.34834777155283
PPDPF,0.054647756465294,7.092591640707,1.04151208904793,0.309751536963074,0.669240728033232,-5.34846373742693
LZTS3,-0.0234828971681136,6.23612309110891,-1.04100517252334,0.309981142899912,0.669329309216295,-5.34894535107651
IFNGR2,0.0291885594616779,7.64117218949707,1.04088702533785,0.310034674571528,0.669329309216295,-5.34905757088545
HAGH,0.0497067949921609,8.64664380595177,1.04080958794807,0.310069764474496,0.669329309216295,-5.349131117127
DDX17,-0.0481525007639426,10.2558262003161,-1.04072217478369,0.31010937817536,0.669329309216295,-5.34921413201093
HRC,0.0204093453767471,5.21343247011978,1.04037024075234,0.310268903170819,0.669502612817523,-5.34954829525011
OXTR,-0.0230313686906617,5.31577321878065,-1.04010702162988,0.310388253427571,0.669553976425231,-5.34979815735616
ALG12,0.0364340722450884,6.50034415260617,1.0399682678697,0.310451181021782,0.669553976425231,-5.34992984739072
BBLN,0.0306716361492574,7.83562989741027,1.03953201837001,0.310649087796995,0.669809847380609,-5.35034378610794
MYL6B,0.0427528126755489,5.97466176923032,1.03864458115462,0.311051954164949,0.670289129832058,-5.35118535987022
ASL,0.0750701670820778,9.45424591521078,1.03855832366697,0.311091131872602,0.670289129832058,-5.35126712532769
INTS5,0.0225811889373339,7.19135674063257,1.03851822597059,0.311109345230927,0.670289129832058,-5.35130513279497
PADI3,-0.0212118205956984,6.55857584198081,-1.0382256034265,0.311242284457017,0.670350976510069,-5.35158246176837
PRRX2,-0.0233752867583979,7.91070612876324,-1.03744233874911,0.311598321810148,0.670350976510069,-5.35232444704845
AMFR,0.0486665434688872,7.8820975830002,1.03716119102801,0.311726189422426,0.670350976510069,-5.35259065597919
TRAM2,0.0373246735820439,6.83112020505562,1.03710701762703,0.311750832068972,0.670350976510069,-5.35264194347963
KIAA0232,-0.0345418447580398,6.96547438064202,-1.03680141198604,0.311889873218389,0.670350976510069,-5.3529312242701
LDLRAD4,-0.0312525353713296,6.52008297001497,-1.03620293363425,0.312162289621508,0.670350976510069,-5.35349751276348
CPOX,-0.041455004537477,5.65665550412189,-1.03608894951865,0.312214192198504,0.670350976510069,-5.35360533303796
FBRS,0.0295050644821762,7.18142490814352,1.03605844407992,0.312228083862193,0.670350976510069,-5.35363418705976
C6orf47,0.0269778667244436,7.88969706112667,1.03604562387804,0.312233922097077,0.670350976510069,-5.35364631301169
RHOQ,-0.0356087794146029,7.07941380853398,-1.03574729303457,0.312369801808091,0.670350976510069,-5.35392845059374
DNASE2,0.0335934529047312,8.45419161256567,1.03572072825268,0.312381903206045,0.670350976510069,-5.353953569936
ADAMTS5,-0.0891136984143699,5.64058340249455,-1.03571035716127,0.31238662777324,0.670350976510069,-5.35396337656084
MAN1C1,-0.0355007876824715,7.62130475538926,-1.03561569508504,0.312429753570358,0.670350976510069,-5.35405288242169
MT1H,-0.0507935720396551,12.5075278724922,-1.03547618070352,0.312493320695785,0.670350976510069,-5.35418478418759
HSD17B6,0.0331073983477594,11.1385815167759,1.03545163934395,0.312504503455121,0.670350976510069,-5.35420798480543
DOCK1,-0.0245053964281583,7.357201916845,-1.03544940723223,0.312505520575342,0.670350976510069,-5.35421009494825
OXCT1,-0.0173730858289585,5.50130478876414,-1.03537058298102,0.312541440414029,0.670350976510069,-5.35428460941638
TRPC2,-0.0258300014233597,5.13998942512003,-1.03531665362578,0.312566017449665,0.670350976510069,-5.35433558722165
GCLC,-0.0385798291816002,7.64397742358052,-1.03492291232776,0.31274549723502,0.670565707088536,-5.35470770727428
HYI,0.0307124744563145,7.5307385773666,1.03429164141139,0.313033402718438,0.670868692896327,-5.35530405000188
PGAP4,-0.0453119264563222,5.41843717850339,-1.03376445264412,0.313273982790797,0.670868692896327,-5.35580182055991
SLC61A1,0.024736955396925,5.77225854881188,1.03374213142513,0.313284171857025,0.670868692896327,-5.35582289121021
PDXP-DT,0.0308611773506174,6.20488147233669,1.03370846358343,0.313299540809992,0.670868692896327,-5.35585467200896
TBCD,0.0429277614235421,6.9732892580758,1.03363962459342,0.313330966616413,0.670868692896327,-5.3559196497783
TLX2,0.0344158675010976,5.51361376475165,1.03356910178859,0.313363163415598,0.670868692896327,-5.35598621291024
CHMP1A,0.0401385770268577,7.83064630162065,1.03297793012108,0.313633151599277,0.671118596497053,-5.35654403236108
ERCC8,-0.0219403052207723,6.12788998784259,-1.0328977896373,0.313669764423804,0.671118596497053,-5.35661962961526
ENC1,-0.0426864589871312,7.71142101629822,-1.03279186738442,0.313718160492705,0.671118596497053,-5.3567195390138
RETSAT,0.0436449488767273,8.28928670508259,1.03254737495052,0.313829889680809,0.671187691167511,-5.35695011749328
SPHK1,0.0271893214212264,6.58609963275935,1.03228695857019,0.313948926791754,0.671255294314811,-5.35719566008065
S100PBP,-0.034601952479042,5.29371916774821,-1.03196910802887,0.314094260469264,0.671255294314811,-5.35749528149979
RMND5A,0.0408109896616695,7.51577104893474,1.03195696289501,0.31409981464151,0.671255294314811,-5.35750672846073
SLC75A1,0.0512363276798869,5.93255126870568,1.031496900936,0.314310259756943,0.671405711397493,-5.35794025477976
RBM10,0.0354718329197251,6.97074638849661,1.03145569850936,0.314329111750116,0.671405711397493,-5.35797907229225
SPCS2,-0.0441291731058357,8.34813583707726,-1.0310273107918,0.314525166039112,0.671619785952712,-5.35838258164636
KCNMB1,-0.0396978050407286,6.53444973030599,-1.03072021426239,0.314665763809146,0.671619785952712,-5.35867175158542
WWTR1,-0.0308098437679824,6.38102634319817,-1.03071581333629,0.314667779004353,0.671619785952712,-5.3586758950506
DYNLRB1,-0.0478745422113212,8.17120465039915,-1.03019980459974,0.31490412390058,0.671911393747139,-5.35916160691801
SSTR2,0.024575103791302,5.79849227548338,1.02971378416284,0.315126848008818,0.671911393747139,-5.35961889248631
SDC2,0.0471288257523753,8.7355155863022,1.02959325616427,0.315182098468715,0.671911393747139,-5.35973226470184
SCAND2P,-0.0247092584660641,6.46734530293108,-1.02955339366412,0.315200373084137,0.671911393747139,-5.35976975794406
GNAT1,0.0226954064241109,5.32687251106893,1.02944092058727,0.315251939417276,0.671911393747139,-5.35987553910516
CRYBB3,0.0236079770482294,6.35713776525409,1.02937645054255,0.315281500142888,0.671911393747139,-5.35993616865928
TAF5L,-0.0198658233612361,6.79604172799759,-1.02914822810767,0.315386160134321,0.671964965490421,-5.36015076858225
DALRD3,0.0215237001964663,6.69682152558105,1.02887627911027,0.315510904601324,0.672061291626213,-5.36040642952123
SLC7A6,-0.0475679321200501,5.56759353020497,-1.02822328152878,0.315810580264235,0.672530091540522,-5.36102007001646
STX4,0.0478982981183721,5.78470019287396,1.02748682928802,0.316148796064315,0.672942189601546,-5.36171171741391
TSPAN32,-0.0266488942246988,6.73224960585745,-1.02729321149495,0.316237757456502,0.672942189601546,-5.3618934821965
BCL9,-0.0239514936873217,6.45659562729409,-1.02704648195365,0.316351147633583,0.672942189601546,-5.3621250629237
STAT1,-0.0602603641191771,7.85146747770809,-1.02687713402527,0.316428991917864,0.672942189601546,-5.36228398436793
SLC9A6,-0.0364740413120668,5.91090844521316,-1.02682389694808,0.316453466233364,0.672942189601546,-5.36233393888187
C1GALT1C1,-0.0511093942348523,6.2921946622884,-1.02658618331062,0.316562764973483,0.672942189601546,-5.36255696699814
WNT10B,-0.0269579708094219,7.24206365221819,-1.02613263988153,0.316771374261678,0.672942189601546,-5.36298236324292
DLC1,0.0537689431397939,7.42209317420526,1.02584510084415,0.316903679276643,0.672942189601546,-5.36325197036354
CTPS1,-0.054719833358191,7.40636877860949,-1.02583145895971,0.316909957269105,0.672942189601546,-5.36326475981454
VWA7,0.0236154473747982,5.56007002706848,1.02580659939354,0.316921397861812,0.672942189601546,-5.36328806560263
RRS1,0.0194116608828166,6.76695226826991,1.02565663939173,0.316990416957099,0.672942189601546,-5.36342864205827
CEBPB,0.0531212747846217,10.2399787231423,1.02544973888384,0.317085660308529,0.672942189601546,-5.36362256587042
NDRG2,0.0459438050929247,9.4715493078099,1.02542900952901,0.317095203847819,0.672942189601546,-5.36364199316213
TICAM1,0.0470220618249362,5.97949728861847,1.02537726023737,0.31711902946667,0.672942189601546,-5.36369049041721
CA9,-0.0175847469933349,6.2486296572277,-1.02504707743499,0.31727107688913,0.673095807108498,-5.36399987228183
SLC39A14,0.0314787426784184,10.0708181657309,1.02423937522751,0.317643235900844,0.673549742284868,-5.36475631498181
JAM3,-0.0346451010414654,6.18868164114853,-1.02423671040317,0.31764446426097,0.673549742284868,-5.36475880980457
SOX21,0.0309862538299159,6.14907612900622,1.02313134377017,0.318154275371126,0.674111001443414,-5.36579315913242
RET,-0.0308784415465945,6.47758633796213,-1.02309130030745,0.318172754800269,0.674111001443414,-5.36583061113631
NDUFA8,0.0380315868442855,7.20081318201171,1.02295025720572,0.318237849993123,0.674111001443414,-5.36596251602475
HMBOX1,-0.0489920390091448,8.02274422353364,-1.02272063154346,0.318343848475653,0.674111001443414,-5.36617722937622
ANXA11,0.0399367673189942,7.59985969815058,1.02269061141289,0.318357708032528,0.674111001443414,-5.36620529675626
COL4A2,0.0707578675421442,7.74252952710126,1.02250787656794,0.318442081380515,0.674111001443414,-5.36637612915502
RBM5,-0.0260844118494802,7.99777714798164,-1.02245264154051,0.318467587900841,0.674111001443414,-5.36642776106832
CCT4,0.028997689557628,8.26362231344498,1.02194450108596,0.318702305265134,0.674289714968126,-5.36690263717859
CENPM,0.028384317498496,5.57007684175047,1.02192435828324,0.318711612021621,0.674289714968126,-5.36692145702155
SH3BGRL3,0.0461120503345179,7.8660693460817,1.02167977761554,0.318824633035377,0.674359987271322,-5.36714994737624
RETREG2,-0.0238384424695942,7.77779942809115,-1.02098717276805,0.3191448394857,0.674811505146248,-5.36779672197289
ZFP64,-0.0306811021296481,6.37401347363617,-1.02087262151122,0.319197820836634,0.674811505146248,-5.36790365543593
ZC4H2,-0.0304692409752598,7.21371329651294,-1.02069162244434,0.319281547713879,0.674819679385262,-5.36807259595613
RNF130,0.0374526003494375,9.13481300050617,1.0203538079288,0.319437855865651,0.674981215820142,-5.3683878328036
SLC22A7,0.0608073686230978,9.05912310752303,1.01950571713698,0.319830507941019,0.675535916760292,-5.36917883012113
CDC5L,-0.0676786680612919,7.35050235999268,-1.01934581499166,0.319904577987448,0.675535916760292,-5.36932790165942
DERL1,0.0495750514040916,7.96083600920323,1.0192260646822,0.319960056749246,0.675535916760292,-5.36943952724157
MEA1,-0.0384318941774415,7.90607677234039,-1.01898141135304,0.320073422468676,0.675535916760292,-5.36966754500956
AZGP1,0.0588527592172105,10.1409701057641,1.01887605577819,0.320122250076804,0.675535916760292,-5.3697657216761
CDH6,-0.0293301232766762,7.80553944362339,-1.0187513745551,0.320180041020706,0.675535916760292,-5.36988189539836
SERPINB6,0.0413539032089273,6.98971143464803,1.01783858817481,0.320603349484344,0.676260185507416,-5.37073201080372
PTPN12,0.033177442207971,5.34322064964058,1.01748836761763,0.320765869985576,0.676280387147358,-5.37105800436842
HYDIN,-0.0197939097878027,5.28644473382017,-1.01710541329802,0.320943646839371,0.676280387147358,-5.37141435224842
CRLF3,-0.0246488803967048,6.5288522167621,-1.01708461203225,0.320953305280664,0.676280387147358,-5.37143370486733
MAPKAPK3,-0.0257427541554575,7.71392578713324,-1.01691879425433,0.321030305067273,0.676280387147358,-5.37158796204176
SF3A3,-0.0342387035639005,5.96331460138323,-1.01675657838201,0.321105644804153,0.676280387147358,-5.37173884662375
SDC4,0.101264699321587,8.02580833847207,1.01669394106118,0.32113473947805,0.676280387147358,-5.37179710275801
MAPRE3,0.0329092172457499,8.39584626392253,1.01661123455113,0.321173159008562,0.676280387147358,-5.37187401940924
GPR12,-0.0314914313877874,6.41219872581191,-1.01639187261069,0.321275074502723,0.676326452303939,-5.3720779977864
GRWD1,0.0294286695447626,7.44051611845134,1.01558916397783,0.32164820613952,0.676641036361154,-5.37282407722371
MEPCE,0.0276398707572733,7.89480386731522,1.01556000713132,0.321661765147181,0.676641036361154,-5.3728511671804
MSI1,0.0232730024302966,6.19715862100725,1.0153614234159,0.321754124554053,0.676641036361154,-5.37303565501958
PHTF2,-0.036480636251148,5.51171726232815,-1.01483374884195,0.321999631372288,0.676641036361154,-5.37352571704263
DDA1,0.0348969270991966,5.30797518235803,1.0147399245412,0.32204329798532,0.676641036361154,-5.37361282965194
FBXO21,0.0478842693428772,6.7192973664115,1.0141312790888,0.322326667489434,0.676641036361154,-5.37417776049639
MYD88,-0.0275381025102943,8.98522791589743,-1.014119228825,0.322332279542992,0.676641036361154,-5.37418894220899
FOXK2,0.0326636222945695,6.19001066700576,1.01405131969953,0.322363907487993,0.676641036361154,-5.37425195439673
PLA2G6,-0.0216654854751658,7.4192597928964,-1.01404611737891,0.322366330502583,0.676641036361154,-5.37425678142118
ZNF22,-0.0418203431068912,7.68035134565968,-1.01345844001883,0.322640127220881,0.676641036361154,-5.37480192072212
JAG1,0.0273320897884494,5.01381361202044,1.01328666967584,0.32272018515836,0.676641036361154,-5.37496120423412
SLC25A15,-0.052178881321893,8.3400486588382,-1.01314995737489,0.32278391335067,0.676641036361154,-5.37508796094232
CCDC9,0.0253768328581306,7.48763644286645,1.01311886292519,0.322798409202977,0.676641036361154,-5.37511678890713
LRRC49,-0.0267998703099727,5.22544632032626,-1.01296439426011,0.322870427367014,0.676641036361154,-5.37525998653806
ASH2L,-0.0221727026121721,7.31012855375475,-1.01294932782447,0.322877452417023,0.676641036361154,-5.37527395258089
MRTFB,-0.0411776242709659,6.30047326432211,-1.0128812505736,0.322909196236084,0.676641036361154,-5.37533705541632
NDRG3,-0.0348499140000569,6.88782549172496,-1.01287245290553,0.322913298670303,0.676641036361154,-5.37534520995988
LY9,-0.0307637114887167,6.27592351809838,-1.01286516764261,0.32291669588361,0.676641036361154,-5.3753519626096
SIGLEC6,-0.0317330497906602,6.78093253482541,-1.01255799690205,0.323059956397798,0.676641036361154,-5.37563663698175
CTSH,-0.0517091180501078,9.06640067960216,-1.01228275851259,0.323188361882983,0.676641036361154,-5.37589165185825
SEC24C,0.0516413257468674,7.63091975109343,1.01202922074916,0.323306675116263,0.676641036361154,-5.37612650556871
GPR37L1,-0.031817297675644,5.88619597361222,-1.01176123326552,0.323431764271563,0.676641036361154,-5.37637468678466
PSMA7,0.0496324216266547,8.78367384807368,1.01127012795571,0.323661086609778,0.676641036361154,-5.37682934272863
RAB13,-0.0324346233646129,9.09537120208299,-1.0112245581014,0.323682371289021,0.676641036361154,-5.37687152039188
NANS,0.0493723582114039,6.57499038345662,1.01091700065475,0.32382605024784,0.676641036361154,-5.37715613886637
ADCY1,-0.0482986330731088,7.4130560808749,-1.01086603627,0.32384986315053,0.676641036361154,-5.37720329460342
TAL1,0.0284595505017749,6.90217630873303,1.01081218258555,0.323875027398598,0.676641036361154,-5.3772531214005
PTDSS1,-0.025439543582739,8.03904420226225,-1.01053777430243,0.324003271597443,0.676641036361154,-5.37750697392773
RARB,-0.0359584974619816,6.27909879886875,-1.01046489076309,0.324037339555451,0.676641036361154,-5.37757438741184
LRPPRC,-0.0591468800085803,7.1341661732257,-1.01021841556673,0.324152568045933,0.676641036361154,-5.37780233182714
TEX30,-0.0362414805227664,6.98767466207454,-1.01017123605814,0.324174627990848,0.676641036361154,-5.37784595854199
KRT18,0.0890896710675209,9.74214955298263,1.01007497454441,0.324219640697862,0.676641036361154,-5.37793496553222
MARCO,0.0943657633646569,8.42767173299269,1.01000376442032,0.324252941974704,0.676641036361154,-5.37800080417414
MIF,0.0821797727087788,9.8836420156285,1.00985740820063,0.32432139269108,0.676641036361154,-5.37813610745519
EDNRA,-0.0292813268507607,5.91642194385756,-1.00981372366152,0.324341825882739,0.676641036361154,-5.37817648949317
CAMLG,0.0272391467235483,6.98994306415134,1.00978157447616,0.324356864054351,0.676641036361154,-5.37820620723553
CSTF3,-0.0348427936575739,7.1138277983691,-1.00965353376906,0.324416761488693,0.676641036361154,-5.37832455579867
EIF2AK2,-0.0265844595489782,6.31872169580553,-1.0095453112608,0.324467394004189,0.676641036361154,-5.37842457581459
FOXO3,-0.0344273792254769,7.81283566611873,-1.00934692460313,0.324560224682408,0.676667628563126,-5.37860790119531
TRGV7,-0.028169892915991,5.04101840598562,-1.00755029419716,0.325401764245774,0.678169779706686,-5.38026666087649
FAM8A1,-0.0525479362099973,8.46509403991198,-1.00733651765665,0.32550199835347,0.678169779706686,-5.38046385589963
POP7,0.0480476039373041,7.29946940399427,1.00729494267052,0.325521494259209,0.678169779706686,-5.38050220176973
AKAP8,-0.0223246368752505,6.60017476092691,-1.00660519839884,0.325845057545029,0.678480779756806,-5.38113816645292
RARRES2,0.0613290676192939,10.7299619849388,1.00653309092449,0.325878896571903,0.678480779756806,-5.38120462909787
SLC25A3,0.0418170751705684,10.3835337960321,1.00629994564453,0.325988325182143,0.678480779756806,-5.38141949367371
SNX1,0.030595559044641,8.30721647446651,1.00618750783598,0.326041107942845,0.678480779756806,-5.38152309936076
GRB14,-0.0464715311405589,7.30804650513043,-1.00612119161818,0.326072242200283,0.678480779756806,-5.38158420148734
TOR1B,0.0333200199085409,6.70076624331222,1.0056527450187,0.326292228487432,0.678771376346333,-5.38201571360455
YBX2,-0.0379093228100072,5.16223703761139,-1.00536276190305,0.326428458805942,0.678887638914648,-5.38228274266565
SHQ1,-0.0352905275053633,5.72260999868255,-1.00483005154102,0.326678822706688,0.678952773907255,-5.38277310525818
INO80D,-0.0305416980692503,7.13921460257438,-1.00482946266145,0.326679099543206,0.678952773907255,-5.38277364719562
TLR5,-0.0245694439949393,5.12824927991107,-1.00458992833845,0.32679171992877,0.678952773907255,-5.38299406354295
ATF6B,-0.0222739855360943,7.26169579014813,-1.00454926554829,0.326810840793649,0.678952773907255,-5.38303147622246
SHARPIN,0.0315959176589947,7.24642701307087,1.00444148809828,0.326861524763871,0.678952773907255,-5.38313063261396
SMARCD3,0.0355950724209961,5.25741874560944,1.00376049331755,0.327181899642264,0.679342899291421,-5.38375693397883
DYNC1I1,-0.0227049491381784,6.55356059114811,-1.00370050824606,0.327210130191253,0.679342899291421,-5.38381208311869
ZNF606,-0.0247936643623973,6.53512353847101,-1.00344520575416,0.327330301249978,0.679425459484725,-5.38404677027248
MOCS2,-0.0560801667890346,6.107072826727,-1.00280291396249,0.327632764565129,0.679886262420271,-5.38463696056326
MTRF1L,0.0267071833288028,5.23530195054507,1.0023408977749,0.327850454297023,0.680170964598538,-5.38506128884049
TIMM44,0.0230979416014993,7.12582720691936,1.00181518276523,0.328098279838913,0.680419951924956,-5.38554390606248
MAP4,0.0290565103326277,7.83466026216068,1.00174470111937,0.328131515277419,0.680419951924956,-5.3856085923643
TRAPPC4,-0.0327880183331658,7.11247595077333,-1.00133118433102,0.328326555318469,0.680582301024157,-5.38598802536896
BRCA1,0.022527164075212,6.12895237303076,1.00109745494517,0.328436832250267,0.680582301024157,-5.38620242749749
TREX2,0.031836934761669,5.38994703381077,1.00104817718116,0.328460085511343,0.680582301024157,-5.38624762470248
STARD5,0.0383801186421663,6.78375409974363,1.00089584174351,0.328531977026927,0.680582301024157,-5.38638733300221
HAUS2,0.0538363379093208,8.86453159960298,1.00052710008767,0.328706042299012,0.680672434348712,-5.38672543038624
LHB,0.0251583532310748,7.18749447242475,1.00046239677412,0.328736592257644,0.680672434348712,-5.38678474497855
ACVR1B,-0.025832721674501,8.48790590656904,-1.00022823518138,0.328847169228913,0.680734585983418,-5.38699937593331
IFI16,0.0437339405213294,5.66881887623551,1.00004268378308,0.328934809642363,0.68074923866715,-5.38716941902283
ANAPC15,-0.0222248074458277,7.20040300264119,-0.999817156268999,0.329041353639628,0.680771383086495,-5.38737605884298
GRAMD1C,-0.0370534319704561,4.95683162835712,-0.999598970319841,0.329144452192195,0.680771383086495,-5.38757593205567
RPL41,-0.0315399611281111,13.2327511007987,-0.999508509883102,0.329187203703127,0.680771383086495,-5.3876587884813
HEXA,0.0356055044308412,7.65036321795267,0.99931839329242,0.329277065211401,0.680790604608842,-5.38783290208541
NDOR1,0.0265937977186505,6.5648934854444,0.999066121313196,0.329396331774223,0.680870597723138,-5.38806389318084
DCP1A,-0.0196669848250739,6.55160600202748,-0.998640691779103,0.329597530096858,0.681050993125759,-5.38845331596665
CHRD,0.0347205417600692,8.14044379404157,0.998540766333228,0.329644800223,0.681050993125759,-5.38854476246221
ZDHHC17,-0.0481414614307074,5.89788130724623,-0.997756269009574,0.330016073678089,0.681631567559749,-5.38926240699555
TSR1,0.0443773648826701,8.42981666654856,0.997378951251368,0.330194747724369,0.681631567559749,-5.38960738999157
PSME3,-0.0307452011337961,6.68299570822681,-0.997247746226057,0.330256893965268,0.681631567559749,-5.38972732371013
DDR1,-0.0240487892354792,7.17280287754612,-0.996778910986535,0.330479027743934,0.681631567559749,-5.39015576714713
ANP32E,-0.0670357669537101,6.10596830753993,-0.996762081747628,0.330487003355517,0.681631567559749,-5.39017114311714
BACE2,0.0202069933516449,6.4053609220003,0.996583485338679,0.330571650936564,0.681631567559749,-5.39033430265035
NOP53,0.0487967026000975,10.2712339723359,0.996165677141904,0.330769734246708,0.681631567559749,-5.39071589505936
ADAR,0.0399452165571933,8.64260727503564,0.995715896485991,0.330983067934046,0.681631567559749,-5.391126527566
RGL1,-0.0323133448621466,6.9478881209409,-0.995632206412367,0.331022773191555,0.681631567559749,-5.39120291497756
PRKCE,-0.0215412324967743,6.10102614459261,-0.995608227493624,0.331034150170405,0.681631567559749,-5.39122480046898
GGH,-0.0402806885363431,7.80362460159698,-0.995438812489471,0.331114538138541,0.681631567559749,-5.39137941154652
TMED9,0.0504802269224399,8.86429225804349,0.995246016255921,0.331206037076541,0.681631567559749,-5.39155533192639
CAPN5,0.0340056508264437,5.09551260382758,0.995095015852535,0.331277712447374,0.681631567559749,-5.39169309353035
FCN3,0.0647062655413281,10.2633056939328,0.994999976776309,0.331322830176965,0.681631567559749,-5.39177979050761
CLSTN3,0.0340876141169543,7.47287761452184,0.994849063772474,0.33139448160641,0.681631567559749,-5.39191744173528
COX15,-0.0418453552455681,6.50134704273504,-0.994684512579697,0.331472620527756,0.681631567559749,-5.39206751124659
RANGRF,0.028081745432026,6.25667587169271,0.994491482347355,0.33156429934107,0.681631567559749,-5.39224352495135
PRKAB2,-0.0323421221050634,5.86905502581727,-0.994163530826541,0.331720098769336,0.681631567559749,-5.39254249547554
TBC1D15,-0.0386774637312568,6.35314755650319,-0.99399766125617,0.331798917529262,0.681631567559749,-5.39269367338208
BATF3,0.0200506458709918,6.89510666060416,0.993945081229742,0.331823905492389,0.681631567559749,-5.39274159146525
LINC01558,-0.0242235724194312,5.31560576527322,-0.993914321320114,0.331838524338998,0.681631567559749,-5.39276962302715
SEC24B,0.058387133568235,7.43307111788526,0.993855062112153,0.331866688922667,0.681631567559749,-5.39282362384963
ATPAF2,0.048587408434864,6.0115857353337,0.993801019733475,0.331892375510404,0.681631567559749,-5.39287286823219
SNX19,-0.0363351688266781,7.12661681830959,-0.993714193294501,0.331933647401195,0.681631567559749,-5.39295198098784
IFI27,0.0653818193840303,7.78576133651859,0.993450449606932,0.33205903660308,0.681631567559749,-5.39319225544614
METTL18,-0.0276957241121111,5.56676734946375,-0.993346974043885,0.332108240005071,0.681631567559749,-5.39328650754925
TFF2,-0.0326234341643844,5.36399012766653,-0.993155212916346,0.332199437231265,0.681631567559749,-5.39346115236619
PVALB,0.0167695396141569,5.66666979886837,0.993040267894411,0.332254110798361,0.681631567559749,-5.3935658230112
TANK,0.0352295723459011,7.4918140721373,0.992956044883764,0.33229417541391,0.681631567559749,-5.39364251080966
GREB1L,-0.0248131908477667,7.02160692276543,-0.992847519106004,0.33234580572144,0.681631567559749,-5.39374131843244
SLC45A2,0.0247929430722119,5.93899573401991,0.992636398557837,0.332446260654303,0.681672143297466,-5.39393350590681
RNF122,-0.0276915318449094,7.87189412895335,-0.992402512418341,0.3325575724615,0.681734955676778,-5.39414637439478
HNRNPH1,0.0410407260224102,7.62243162593434,0.99217277870779,0.33266693320514,0.681773416114726,-5.3943554196137
HECA,-0.042151113815673,6.15788916274127,-0.99188679296024,0.332803106613345,0.681773416114726,-5.39461559021775
NBR2,0.0262662756206865,6.0204453508078,0.991735999901445,0.332874922978008,0.681773416114726,-5.3947527443978
TRAF5,-0.0274416800635838,5.42813154498099,-0.990828844423819,0.333307189659385,0.681773416114726,-5.39557745330407
NFATC4,0.0330681088739979,7.1733789158457,0.990720656757272,0.333358767893573,0.681773416114726,-5.39567576297872
TMEM123,0.0402985317251421,8.01132505874207,0.990523037775685,0.333452996597335,0.681773416114726,-5.39585531353823
KAZN,-0.0312841028465435,7.28683253212342,-0.990328276304752,0.333545880846933,0.681773416114726,-5.39603223627039
SF3B3,-0.0218868536479821,7.18515003467273,-0.990142395865558,0.333634546343417,0.681773416114726,-5.39620106216832
RTCA,-0.0325942199635767,5.21936554462883,-0.989933153758419,0.333734374965397,0.681773416114726,-5.39639107212988
TMEM8B,0.0211687959880142,6.41720197356958,0.989633319291607,0.333877460943817,0.681773416114726,-5.39666328471299
BRMS1,0.0217356911774504,6.7674963203822,0.989328925831126,0.334022766028328,0.681773416114726,-5.39693956027118
LILRB1,0.0308594218822793,7.10410365210997,0.989265636595891,0.33405298324181,0.681773416114726,-5.39699699363579
NAMPT,-0.0702297075104286,7.62172494067512,-0.989215166261389,0.334077081475404,0.681773416114726,-5.3970427918018
MID1IP1,-0.0481254481799718,8.02439867559587,-0.989181966874897,0.334092933950357,0.681773416114726,-5.39707291668743
RAPGEF5,-0.0576708663190351,6.58989672812721,-0.989179997078988,0.33409387453051,0.681773416114726,-5.39707470403749
CLIP3,0.0225204594858272,6.88705660493595,0.989090493123631,0.334136614723125,0.681773416114726,-5.39715591459967
HERPUD1,0.042687201595473,8.9106373667139,0.9889693551387,0.3341944669231,0.681773416114726,-5.39726581744808
RAMP2,0.0238850644617735,6.62926449461175,0.988841694184182,0.334255441824321,0.681773416114726,-5.39738162515091
CLPP,0.0445149457630016,7.97836292908549,0.988699199020053,0.334323511113078,0.681773416114726,-5.39751087379817
ADCY9,-0.0368022082591025,6.89711018575887,-0.988273530830254,0.334526908038613,0.681773416114726,-5.39789687137263
KCNJ15,-0.0265584033315403,6.73118252085312,-0.98790537461002,0.334702893127706,0.681773416114726,-5.39823059601269
NCOA3,-0.0204677549021629,6.94306231216798,-0.987732984742878,0.334785320519513,0.681773416114726,-5.39838682468639
NINJ1,0.0526009655888042,7.97452848467976,0.987709519439476,0.334796541428859,0.681773416114726,-5.39840808826532
FAF2,-0.0259961248572607,7.21658254303704,-0.987677140735147,0.334812025078534,0.681773416114726,-5.39843742816236
SFXN1,0.0422874072134432,8.17430989815091,0.987581562000649,0.334857734173327,0.681773416114726,-5.3985240315796
MAPK3,0.0247937366025129,8.13903450702012,0.987578744552465,0.334859081641165,0.681773416114726,-5.39852658434075
CEACAM4,-0.018357036045246,5.8686741715693,-0.987368615584131,0.334959588133286,0.681773416114726,-5.39871695409605
CNNM3,0.0447373145077732,7.1372142454757,0.987113682219135,0.33508155298512,0.681773416114726,-5.39894786607998
CEP57,-0.0530326894041154,6.67032722361471,-0.986901002692634,0.335183326330755,0.681773416114726,-5.3991404644989
NDFIP1,0.0522950199793488,8.19919020717818,0.98642347182272,0.335411916686102,0.681773416114726,-5.39957277075111
GTF2A2,-0.0397495380524798,7.59548231639202,-0.98607238496362,0.33558004805247,0.681773416114726,-5.39989048751495
NDST2,-0.0197010201000216,6.98668934560978,-0.985855307291901,0.335684033158758,0.681773416114726,-5.40008688135522
FGFR2,-0.0380281902597894,7.87299246624185,-0.985757115650737,0.335731076491953,0.681773416114726,-5.40017570418208
NCOA1,0.0240977942080582,7.90750696863853,0.985730587611422,0.335743786781718,0.681773416114726,-5.40019969971738
TIMM10,0.0222664525250679,7.49126206113222,0.985728615046141,0.335744731903544,0.681773416114726,-5.4002014839481
FAM3C,-0.0691030705337649,6.32404745119114,-0.985652719527111,0.33578109737583,0.681773416114726,-5.40027013074673
ZNF331,0.0235650333396549,6.01695537180023,0.985551079599746,0.335829802593797,0.681773416114726,-5.40036205565756
C11orf71,-0.0431698313673878,6.39414554932273,-0.985467723001799,0.335869750200977,0.681773416114726,-5.40043743842617
STUB1,0.0437304711925747,8.3227381922295,0.985446412229946,0.335879963649334,0.681773416114726,-5.40045670970244
TAF1C,-0.0197996310290155,6.18689052970747,-0.985420185171517,0.335892533583048,0.681773416114726,-5.40048042624799
ERC1,-0.0410504731779172,6.68703244562309,-0.985279610761223,0.335959912715305,0.681773416114726,-5.40060753485497
FEV,-0.0369986464813365,6.7306275097615,-0.985106130449726,0.336043076954655,0.681773416114726,-5.40076437471311
ALG5,-0.0362944105429235,8.07126759863888,-0.985100631347165,0.336045713386726,0.681773416114726,-5.40076934592731
SLC38A1,0.0388269628334866,5.89875015820858,0.984839786345737,0.336170786607788,0.681863453393138,-5.40100512225814
TUBG1,0.0376528497389156,5.24762785361895,0.98451771528339,0.336325261661196,0.682013069603338,-5.40129616276031
RAB11B,-0.0216375036089576,6.63251589134548,-0.984181544504432,0.336486551694601,0.682176430378929,-5.4015998528994
ALG6,-0.0413374048575617,6.38401467548252,-0.983917260547559,0.336613388964611,0.682269881686488,-5.40183853617506
MBTPS2,-0.0282554456816786,7.0957356692803,-0.983669860472695,0.336732153123864,0.682346928992002,-5.4020619186573
RAB22A,-0.0300750593351483,6.01489518363643,-0.982629470614721,0.337231908092324,0.683081470191691,-5.40300075259903
RSPH6A,-0.0181091994700922,6.60985885144505,-0.982578679746208,0.337256318773933,0.683081470191691,-5.40304656264493
HSD17B10,0.0428890350208113,9.88369348543801,0.981723056242709,0.337667724796232,0.683609501601063,-5.40381795784592
RRM1,-0.035184248496959,6.66132268007473,-0.981699983364116,0.337678823631105,0.683609501601063,-5.40383875101038
MCTS1,-0.0427944318296167,6.97334921339753,-0.981144783143336,0.337945969649,0.683731286206546,-5.40433896166537
CACTIN,0.0212841612752191,6.91938957126598,0.981119955032792,0.337957919611752,0.683731286206546,-5.40436132471823
CD14,0.0681053071238335,10.3283875697932,0.980764759409803,0.338128909955188,0.683731286206546,-5.40468119881573
TMEM127,-0.0247255068981922,7.23930152070486,-0.980724972115309,0.338148067182945,0.683731286206546,-5.4047170230501
HEG1,0.0277944528889323,6.75108117530848,0.980675885087441,0.338171703181329,0.683731286206546,-5.40476121889868
FEZ2,-0.0352091260350495,7.58955772164867,-0.980566306785409,0.338224470573179,0.683731286206546,-5.4048598712818
ZNF614,-0.0321744584143835,5.44574206762481,-0.980056156929448,0.338470207833368,0.683864920684283,-5.4053190236578
ZBTB39,-0.0364210283823563,6.27339069265467,-0.979944192691975,0.33852415705979,0.683864920684283,-5.40541976643652
CLK4,-0.0495377780549693,5.84553931755785,-0.979925076986299,0.338533368428681,0.683864920684283,-5.40543696525853
ELP4,-0.0291195222674734,5.96594282864829,-0.979494060072751,0.338741110330725,0.684121028273094,-5.40582468023841
LZTS1,-0.0205101305055197,6.64708314713857,-0.97867789092406,0.33913472902166,0.684172995264841,-5.40655843118627
AP4S1,-0.0198353515116451,7.63673791445678,-0.978560536394772,0.33919135219505,0.684172995264841,-5.40666388961217
DST,-0.0379043157062434,8.21698205209048,-0.978495409646758,0.339222778447529,0.684172995264841,-5.40672240960181
CYP2C19,-0.141313843643683,8.11669949925202,-0.978441425826245,0.339248829314296,0.684172995264841,-5.40677091438691
KCNK5,0.0451466004978391,5.39080663280577,0.978114112841736,0.339406809624864,0.684172995264841,-5.40706495528831
TMPO,-0.0377646666206303,5.20005891954553,-0.977933054846574,0.339494220533121,0.684172995264841,-5.40722757015772
GUK1,0.0624871434914047,8.03766596893397,0.977799187205295,0.339558858925977,0.684172995264841,-5.40734778413835
PROC,0.0454370553007293,9.80165269465522,0.977514067092371,0.339696558289792,0.684172995264841,-5.40760377422303
ERP29,0.0401021269869724,9.92762264759208,0.977419957409311,0.339742017203904,0.684172995264841,-5.40768825414098
DGKD,-0.0218954609368018,7.82342931901069,-0.977220583774349,0.339838336852975,0.684172995264841,-5.4078672026072
SOD1,-0.0259734560144958,11.9215302615797,-0.977188674018653,0.339853754561364,0.684172995264841,-5.40789584025169
SOX5,-0.0324223377132947,5.34342284660243,-0.976967200054114,0.339960776522473,0.684172995264841,-5.4080945803999
DENND3,-0.0215016835199289,6.43732512900267,-0.976778338581241,0.340052057615831,0.684172995264841,-5.40826402349718
CTSE,-0.0245867395922924,6.68312270212324,-0.976705192426999,0.34008741536836,0.684172995264841,-5.40832964095015
COPA,0.038500757241905,8.45143884872147,0.976588267137338,0.340143940555246,0.684172995264841,-5.40843452226769
HECTD4,-0.023188003824156,6.58369272234521,-0.97634629019041,0.340260940004421,0.684172995264841,-5.40865153816352
FAM98A,-0.0302384865542802,5.95049311791482,-0.976309508578797,0.340278726885843,0.684172995264841,-5.40868452132461
RNF38,-0.0397188734427529,5.21070425403034,-0.976291067636065,0.340287644812732,0.684172995264841,-5.40870105744174
RER1,0.0491022478237981,8.71967485316318,0.976253658074147,0.34030573634191,0.684172995264841,-5.40873460197978
GFER,0.0252221470381347,7.95699362694266,0.976087321208338,0.340386186046555,0.684172995264841,-5.40888373944039
DOCK6,0.035085780423578,7.4077369995016,0.975341376514224,0.340747127141175,0.684735606264668,-5.40955227017952
BEAN1,-0.0213019401220823,5.18233048403855,-0.975109522008428,0.340859368477099,0.684798303288513,-5.40975996875976
RIPK2,-0.0248339574348956,6.3031648951474,-0.974813066297552,0.341002920470583,0.684861527427473,-5.41002547298984
TMEM140,0.0381131056334056,7.93223098554242,0.97470979757228,0.341052935788735,0.684861527427473,-5.41011794279482
MKKS,-0.0213500363590034,6.83912359500779,-0.974166972595003,0.341315920860001,0.684943923706708,-5.41060385833764
TMPRSS6,0.0491270743535823,9.00160202857627,0.974159216594111,0.341319679458041,0.684943923706708,-5.41061079943065
ARFRP1,0.024393439642056,7.95950628343661,0.974058760542725,0.341368363550733,0.684943923706708,-5.41070069624566
EIF4G3,0.0459970537919902,6.18751055057256,0.97395593282694,0.341418201970728,0.684943923706708,-5.41079270675001
MYO7A,0.0398707455277012,7.92200075250682,0.973782050138973,0.341502490617881,0.684950402497293,-5.4109482774403
AMBP,0.0333119747716098,12.6318680952484,0.973565158029314,0.341607647892182,0.68499872441598,-5.41114229292103
SLC33A1,-0.0364172895684375,6.11179774605837,-0.973356053528024,0.341709050524007,0.685039496305543,-5.41132930518426
IMP4,0.0514129913987711,7.9581918927188,0.972448220970782,0.342149532574988,0.685759855374442,-5.41214080243289
PNPO,-0.024291578985163,7.53348455278403,-0.972025350855108,0.342354843092207,0.685800324229788,-5.41251856554865
HACL2,0.050960530607902,8.14974474834673,0.971952186987506,0.342390373961616,0.685800324229788,-5.41258391003965
EXOSC4,0.0359587841021107,7.41232727958507,0.971896690279698,0.342417326745222,0.685800324229788,-5.41263347257805
SMUG1,0.0244890181589853,5.78295298874957,0.971738086308673,0.342494363106474,0.685800324229788,-5.41277510317997
GPHN,0.0448374649452178,5.99955910442536,0.971203864078979,0.3427539305502,0.685838899785017,-5.41325200053901
RND2,-0.0364360885048278,6.5580967572294,-0.97099753412745,0.342854218128359,0.685838899785017,-5.41343612667621
R3HDM1,-0.0429532455405706,6.29600356648897,-0.970589606909654,0.343052552235516,0.685838899785017,-5.41380005138758
OBSCN,0.0203165014168389,5.90373017282706,0.970549767568801,0.343071926333908,0.685838899785017,-5.41383558590053
STRN,-0.0202221686499979,5.27059699565137,-0.970512694002503,0.343089956095127,0.685838899785017,-5.41386865230822
DPF3,-0.0260569886447645,6.00597255958246,-0.970312007696641,0.343187565932454,0.685838899785017,-5.41404762725731
NCAPD2,-0.0291331482844388,5.52834824781677,-0.970194108671054,0.343244918567517,0.685838899785017,-5.41415275569392
SPSB3,0.0274092993022349,8.90974653632147,0.970177571672781,0.343252963608152,0.685838899785017,-5.4141675005128
PIP5K1C,0.0303106873074681,8.00938758179801,0.969986307977423,0.343346020383518,0.685838899785017,-5.41433801968271
RALGDS,0.0346931507403728,7.18976857674319,0.969596609920935,0.343535676300193,0.685838899785017,-5.41468535679937
C22orf46P,0.0220206057999288,5.41301830768593,0.969528565109897,0.343568799312049,0.685838899785017,-5.41474599205214
DNTTIP2,-0.038874404585984,6.77720768278934,-0.969526067054029,0.343570015363213,0.685838899785017,-5.41474821801558
RAB11FIP2,-0.0294460638300447,5.97284018111659,-0.96935775542806,0.343651956102148,0.685838899785017,-5.41489818489937
ATP5ME,-0.0442511592406149,9.16518260661638,-0.969340679844021,0.343660269919158,0.685838899785017,-5.4149133980523
ELL2,-0.0351722366072669,5.86883380693014,-0.96885293547918,0.343897802781144,0.685838899785017,-5.41534784179725
INTS11,0.0354523422167423,7.14017640530424,0.968810366204478,0.343918539478601,0.685838899785017,-5.41538574971772
TRMT61B,-0.0321295664939018,5.65289138622914,-0.968768363698854,0.343939000927439,0.685838899785017,-5.41542315145275
RSAD1,0.0203121176893487,7.47482133523629,0.968626719839643,0.34400800864718,0.685838899785017,-5.41554926944165
KPNA4,-0.0229428242714056,5.16840033443238,-0.967924311988989,0.344350356259978,0.685838899785017,-5.41617443826885
RGS11,-0.0168560152644764,6.089164226562,-0.967862538913008,0.344380475103215,0.685838899785017,-5.41622939893613
PDCD2,-0.0257626922050896,6.682642247831,-0.967751647158805,0.344434547386594,0.685838899785017,-5.41632805344704
CTH,0.065214235951426,7.62157774314624,0.967689763119832,0.344464725391336,0.685838899785017,-5.41638310394398
ROBO4,0.0270590329680138,6.19968346745718,0.96758052960192,0.34451799798667,0.685838899785017,-5.41648026757698
XPO7,-0.0380005633178129,7.06534045170988,-0.967559846652707,0.344528085584938,0.685838899785017,-5.41649866402131
TRIM10,-0.0243780208848904,6.4002156811265,-0.967529806622413,0.344542737229278,0.685838899785017,-5.41652538248508
SHC1,0.0365003130264031,8.06148468129561,0.967344172070928,0.344633287605762,0.685846091940138,-5.41669047451162
DHX29,-0.0291088947637074,5.26815109379131,-0.966924901744114,0.344837862818588,0.685846091940138,-5.41706324235853
DZIP1,0.0200976316090437,6.71080238177945,0.966844698310462,0.344877006083279,0.685846091940138,-5.4171345335235
NDUFS8,0.06466466671523,7.7080371737758,0.966625389232238,0.344984055366446,0.685846091940138,-5.4173294454606
TBX21,-0.0187569269485522,6.20413962236793,-0.966589044372735,0.345001798240777,0.685846091940138,-5.41736174325109
SRSF10,0.0292173491582181,6.19578586445097,0.966242132927742,0.345171185325295,0.685846091940138,-5.41766997009676
MCCC1,-0.0368298403461905,8.07388640595445,-0.966133345362034,0.345224314961034,0.685846091940138,-5.41776660596309
UBE2O,-0.0267384371144889,6.83757415361122,-0.966101349037345,0.345239942381685,0.685846091940138,-5.41779502638505
HRAS,0.0328326804309984,5.16703573347809,0.966025812579159,0.34527683729152,0.685846091940138,-5.41786211752202
RBM4B,-0.0260043422547744,6.51648400951627,-0.965560808875661,0.345504022461987,0.685908010479626,-5.41827502702433
CFH,-0.040880348923821,10.3709776522664,-0.965475266826461,0.345545826576052,0.685908010479626,-5.41835096621659
ANGPTL8,0.0954527078719912,8.39045794033655,0.965463603445747,0.345551526699618,0.685908010479626,-5.41836131980679
UTRN,-0.0279880123787559,5.82050968014776,-0.965124251910833,0.34571740266092,0.685956042101439,-5.41866251276407
COPS4,-0.0334449566245577,6.39202888436719,-0.964727370711889,0.345911468434114,0.685956042101439,-5.4190146447308
ARL1,-0.0294741824169886,6.97158133153171,-0.964709787133815,0.345920068123964,0.685956042101439,-5.41903024268604
MFNG,0.0201496422776128,7.10609476578434,0.964518281879178,0.346013738048405,0.685956042101439,-5.41920010555995
HSPA4,-0.0307285568072107,6.13692576970059,-0.964464392230998,0.346040099928968,0.685956042101439,-5.4192478995256
MRPL28,0.0378232256550179,7.29519857184162,0.964241620464125,0.346149090597576,0.685956042101439,-5.41944544697517
EIF3K,0.0358918151617253,9.22069205810324,0.964231623633524,0.346153982078903,0.685956042101439,-5.41945431090107
DCPS,0.0638324913154185,7.3218638840575,0.964086186585173,0.346225150244099,0.685956042101439,-5.41958325667629
H2BC7,0.0258526625191085,6.09218422195396,0.963742016790033,0.34639360617323,0.686128919869618,-5.41988833045918
ABCA8,-0.0594623229265074,7.92898203206731,-0.963027672497331,0.346743425147934,0.686660872392791,-5.42052121364761
C2CD2L,-0.0178989511207949,6.89022572167367,-0.962641643712325,0.346932566451677,0.686728339653062,-5.42086304415652
CPT1A,0.0565375198569132,8.98862554227959,0.962615083348245,0.346945582742994,0.686728339653062,-5.42088655893047
RGL2,0.0272921969961478,7.67058918194439,0.962122491338275,0.347187045122673,0.686728339653062,-5.42132256042877
ISOC1,-0.0507306849631161,7.63142978567297,-0.962066938676996,0.347214283542562,0.686728339653062,-5.42137171833289
GAB2,0.0240979629638209,6.69844339326759,0.962007578398348,0.347243390516848,0.686728339653062,-5.42142424270972
SLC35B1,0.0426253659245728,7.87162478841405,0.961839012880181,0.347326054751372,0.686728339653062,-5.42157338028481
ZC3H4,-0.0589281751533592,7.16850205692111,-0.961749003380496,0.347370200760824,0.686728339653062,-5.42165300607691
SARAF,-0.0278992768327862,9.01082280225358,-0.96136826268074,0.347556981055897,0.686728339653062,-5.42198974890583
MXD1,-0.02001103907631,5.57224071507901,-0.960677680257452,0.347895935783209,0.686728339653062,-5.42260022007791
HMBS,0.0241337110456666,6.84436589028425,0.960595299209891,0.347936385485973,0.686728339653062,-5.42267301792836
ZFP36L1,-0.0401290275946708,8.16407823801354,-0.960523871827835,0.34797145945837,0.686728339653062,-5.42273613174601
TUB,-0.0189743809390242,6.68096064231431,-0.959835579137926,0.348309565076668,0.686728339653062,-5.42334409467781
ALS2CL,-0.0273369055954865,7.70489500644572,-0.959737197029785,0.348357911009334,0.686728339653062,-5.42343096245201
TENT5C,0.0247151650812153,5.12779196962842,0.95970010377802,0.348376140186409,0.686728339653062,-5.42346371232933
SORBS1,0.0459875855380024,8.16959494519065,0.959668531781617,0.348391656500536,0.686728339653062,-5.42349158654938
IQSEC3,-0.0193130206802459,5.53107927679476,-0.959646534579823,0.348402467482977,0.686728339653062,-5.42351100690263
RARG,-0.028205037908892,7.72777951836638,-0.95925783292276,0.348593540783964,0.686728339653062,-5.42385410774374
ARFIP2,0.0240735661973902,8.10862841139005,0.959242302144305,0.348601176703822,0.686728339653062,-5.42386781389838
UBE4B,-0.0254285190779514,7.58620756716829,-0.959230155605908,0.348607148795295,0.686728339653062,-5.42387853326802
DUSP3,0.0575599699921201,9.19723441551139,0.959091681701767,0.348675237229938,0.686728339653062,-5.42400072835041
ANP32A,0.0434175781187419,7.18106809668316,0.95902513096532,0.348707963848769,0.686728339653062,-5.42405944977098
P2RX4,0.0340860647552861,6.76513118612409,0.959018359057483,0.348711294081908,0.686728339653062,-5.42406542479516
LITAF,0.038594684672205,8.64852107276707,0.959001806559074,0.348719434224819,0.686728339653062,-5.4240800293187
HIF1AN,0.019465544157002,5.63042364007023,0.958970917313085,0.348734625201548,0.686728339653062,-5.42410728276332
B4GALT3,-0.019360579174566,6.74867209244822,-0.958718283632092,0.348858884500645,0.686728339653062,-5.42433015044995
PCID2,0.0215015441634915,5.96507397589311,0.958504991279773,0.348963817067836,0.686728339653062,-5.42451827064069
SUPT6H,0.0284916029203324,7.13790053537649,0.958488819277345,0.348971774020147,0.686728339653062,-5.42453253252039
B4GALT4,0.0201073771799396,7.09521003372754,0.958103824425283,0.349161235831515,0.686852135647879,-5.42487199004127
FBXO31,0.026293983094128,8.18997719046732,0.958030655208095,0.34919725144891,0.686852135647879,-5.42493649078525
PAWR,0.0479915041730442,6.80777446526234,0.957792598566586,0.349314446088746,0.686874883770547,-5.42514631355434
SLC1A7,0.0182952899838215,6.62768721118287,0.957505451372388,0.349455843570878,0.686874883770547,-5.42539934171191
FXYD5,0.0282552565546573,7.48857424150401,0.957454949646609,0.349480715747817,0.686874883770547,-5.42544383566802
BPTF,-0.0606874875792899,6.88200161486339,-0.957346838883431,0.34953396452229,0.686874883770547,-5.42553907823565
AKR1C4,0.068160041137213,8.82148811090742,0.957126033371557,0.349642737053577,0.686928883539347,-5.42573357141428
PRPSAP1,0.0274377586248408,8.35092825843306,0.956907977248875,0.349750177840195,0.686980242387179,-5.42592560288175
SLC67A1-AS,-0.0217213166978392,6.7407790008658,-0.956512358204749,0.34994516503653,0.687195669936602,-5.42627390404501
ZCCHC8,-0.0453901959484945,5.66537307638086,-0.956221055492218,0.350088785617869,0.687195669936602,-5.42653028203826
PAFAH1B3,-0.0267311402012708,6.04996546460335,-0.956190547052165,0.350103829476577,0.687195669936602,-5.42655712867563
CYB5R1,0.0313574667854566,7.84441817863382,0.955991859431044,0.350201814078163,0.687228106108345,-5.42673194962005
ITGA9,0.024056469658719,5.56935395757057,0.955755953215373,0.350318177634051,0.687228106108345,-5.42693947558303
ERGIC3,0.0504465517376378,8.51719474982541,0.9556623801546,0.350364340960326,0.687228106108345,-5.42702177863619
APOL1,0.0376722867726906,8.8817079175579,0.955226072937734,0.350579643449796,0.687355721716546,-5.4274054401255
NIT1,0.0392239819649915,8.29689677677899,0.955200855752164,0.350592090011635,0.687355721716546,-5.4274276096919
PPARG,0.0279060892072977,5.75385780731023,0.954888296472186,0.350746386317121,0.687391883079358,-5.42770235056237
GNAZ,0.0268087138391524,6.29131938977948,0.954833927051659,0.350773230750082,0.687391883079358,-5.42775013316833
PEBP1,0.0426367698893675,11.9014741249702,0.954594839540967,0.350891294755756,0.687463816528203,-5.42796022609271
ZFAND6,-0.0392309640563686,7.55594850810066,-0.953946139311488,0.351211766280251,0.687932180127056,-5.42853001660491
EBP,0.073663038842043,9.4041496723663,0.953686752382024,0.351339964619042,0.688008897661378,-5.42875775254872
MAN2A2,0.0209298174427717,8.1702685628343,0.953402119029618,0.351480677298723,0.688008897661378,-5.42900758957349
IL2RB,0.0272226416350201,7.87269331228726,0.953372753843926,0.351495196592209,0.688008897661378,-5.42903336102167
CAMK1G,-0.0281600525936793,6.48007254904497,-0.953118506453984,0.351620923488937,0.688095600621009,-5.42925646325031
SCAMP1,-0.0347618821040892,6.78675861403328,-0.952122375143243,0.352113811359235,0.688900603377062,-5.43013004835733
ZBTB14,0.019128618403708,5.3230271213029,0.9505488274741,0.352893363141924,0.690265953367883,-5.43150832401324
CANT1,-0.0264275952674868,7.442434960453,-0.94999951335759,0.353165775047372,0.690605275905611,-5.43198898231164
CSK,0.0403965145583521,8.14444097197521,0.949869449792779,0.353230296149592,0.690605275905611,-5.4321027529618
EMX1,0.0208385737090905,5.52212777125152,0.94905331525841,0.353635341733984,0.691237251365294,-5.43281632812141
REN,0.0202394007636094,6.05231286844818,0.948849038965301,0.353736772898542,0.691275608462692,-5.43299484684469
AMBRA1,0.0254328703776064,6.65582255731033,0.948623250450899,0.353848908705286,0.69133486209472,-5.43319212463217
ADAMTS12,-0.0250600399965665,6.12614271557736,-0.94820544840983,0.354056469923106,0.691580483321833,-5.433557057496
PTP4A2,0.0272607151450655,8.52498183766061,0.947712445066955,0.35430149691693,0.69189915621633,-5.43398748762274
NKX2-5,0.0243259171037073,6.23327244517603,0.947321089965719,0.354496085757974,0.691930552856967,-5.43432902605276
SLC27A2,0.0653337052897483,9.71896992296639,0.947303972967194,0.354504598294367,0.691930552856967,-5.4343439612537
THAP7,0.0297319411399902,6.47673190507806,0.947038505469168,0.35463663696066,0.691930552856967,-5.43457555984419
NR2F2,0.0367201222771989,8.87416883097509,0.946786034556327,0.354762242313532,0.691930552856967,-5.43479576522172
RELA,0.0226976713052599,8.11270472548894,0.946733156144193,0.354788553370025,0.691930552856967,-5.43484187906263
DYSF,-0.0213600215487154,7.64338730361727,-0.946692294922085,0.354808885861448,0.691930552856967,-5.43487751143121
HK2,0.02267023717073,6.77388325310714,0.946351386447406,0.354978552282555,0.692101699766403,-5.4351747406496
USPL1,-0.038949390081508,6.65096241852445,-0.946068358729857,0.355119453879332,0.692216697873208,-5.43542143117833
GPRASP1,-0.0473243545135752,4.85030209389631,-0.945727383729339,0.355289254120792,0.692255283395502,-5.43571854016279
KIF25-AS1,0.0228556707380701,6.63859317654117,0.945682653707292,0.355311533058666,0.692255283395502,-5.43575750849487
GHITM,-0.0473658140519427,9.54831167161294,-0.945448227387292,0.35542831060502,0.692255283395502,-5.43596171086129
GATA4,0.0346742019915277,6.2959218797638,0.945326997903978,0.355488710281233,0.692255283395502,-5.43606729249018
TREM2,-0.0254232984960109,6.22638770004347,-0.944986265662991,0.355658509184561,0.692255283395502,-5.43636397831944
ACADS,0.0605249049717301,8.71103963136772,0.944941384613175,0.35568087909203,0.692255283395502,-5.43640305035017
CRELD1,0.0486271314335697,6.39177610430804,0.944400990468502,0.355950300743978,0.692255283395502,-5.4368733679638
GFUS,0.0531166886145848,7.23088971821946,0.94431752179649,0.35599192763367,0.692255283395502,-5.43694599087101
ARHGEF11,-0.0228777178642405,6.97919287290739,-0.944244632675353,0.356028281063904,0.692255283395502,-5.43700940413815
SYNE1,-0.0297246506298164,5.89683444550689,-0.943935011149559,0.356182732749193,0.692255283395502,-5.43727872408761
FASLG,0.0196824329457371,5.33995660965237,0.943890738050058,0.356204821662213,0.692255283395502,-5.43731722785624
CDC42SE1,-0.0468219455282318,7.04659339102114,-0.943818816153358,0.356240707202264,0.692255283395502,-5.4373797739399
MANF,0.0502386095927578,8.50508306888391,0.943771423450834,0.356264355201747,0.692255283395502,-5.43742098611033
SLC38A10,0.0451983898557065,8.63637444674955,0.943727684958387,0.356286180767697,0.692255283395502,-5.43745901894925
NPTX1,-0.0147104890259267,5.78433863253456,-0.943200127037765,0.356549504201927,0.692592635429923,-5.43791763099138
ERMP1,-0.0269992215749215,7.40880146945286,-0.94294450280346,0.356677142977901,0.692592635429923,-5.4381397640864
CLK3,0.0273830679164804,7.25417395610528,0.942887323371803,0.356705698152784,0.692592635429923,-5.43818944453719
KDM3B,-0.023808718441428,7.30276943077166,-0.942689975887652,0.356804264568859,0.692592642095467,-5.43836088918837
TP53,0.0301831726232145,5.26360037414173,0.942491636971478,0.356903344735022,0.692592642095467,-5.43853316223382
TRAP1,0.0304269835020264,8.64982385493597,0.942395068041656,0.356951592464587,0.692592642095467,-5.43861702804988
ILK,0.0383505683954685,8.71095787358262,0.941871806617081,0.357213100881989,0.692628182987665,-5.43907132128657
TPP2,-0.0410356113760454,6.03537319751116,-0.9415679223979,0.357365031454246,0.692628182987665,-5.43933504679186
SIPA1L3,0.0165461595779128,6.76849593872266,0.941252443262398,0.357522805285991,0.692628182987665,-5.43960875297065
SUGCT,0.0395818896603671,6.72345976581108,0.941238465966497,0.357529796541777,0.692628182987665,-5.439620877585
TPI1,0.0322113968205898,10.0791508445652,0.941201448758245,0.357548312499169,0.692628182987665,-5.43965298739435
ENTREP3,-0.0196732741035753,7.7711438168421,-0.940853378343377,0.357722448569179,0.692628182987665,-5.43995485762501
CXCL8,-0.019484279508791,5.26143755648927,-0.940806727990766,0.357745791621316,0.692628182987665,-5.43999530824428
RTN3,0.0362475395898631,7.17697349703725,0.940781169181847,0.357758581256349,0.692628182987665,-5.44001746956717
IFI35,0.0459109786629636,6.70537828002454,0.940420913441262,0.357938886220627,0.692628182987665,-5.44032977885124
CTSA,0.0489429987117766,8.85494989024673,0.94035821789297,0.357970271089797,0.692628182987665,-5.44038411911947
ITIH4,0.0502532891995204,12.0750873944284,0.940251570677864,0.358023662071048,0.692628182987665,-5.44047654614705
CACNA1D,-0.0192760990048587,5.268544044421,-0.940104247206644,0.358097425731638,0.692628182987665,-5.44060421001656
PRUNE1,-0.021185197762061,6.91046712181821,-0.93992650543769,0.358186433258642,0.692628182987665,-5.44075820876433
LIPE,0.0220648002472467,6.90067942962365,0.939921119469938,0.358189130616494,0.692628182987665,-5.44076287485225
SEC61A1,0.0660336442594901,8.08832188061004,0.939900559991872,0.358199427178236,0.692628182987665,-5.44078068615952
NDUFA5,-0.0623545201886399,5.86558540245645,-0.939254133950242,0.358523271164389,0.692786671650002,-5.44134052394369
TXNRD3,-0.0241991967755594,6.31936037414117,-0.938674043651144,0.358814050896441,0.692786671650002,-5.44184261296918
WDR76,0.0222013601293863,5.10375239980612,0.938656213848089,0.358822990899009,0.692786671650002,-5.44185804082999
GPR153,-0.0206802193287061,8.212320983788,-0.938617601181559,0.358842352107434,0.692786671650002,-5.44189145087552
LAGE3,0.0300840643385813,6.9218701101543,0.938481291564688,0.358910706277191,0.692786671650002,-5.44200938430001
IGFALS,0.0447163733072096,8.0664164938249,0.938332505693498,0.358985326858937,0.692786671650002,-5.44213809421961
PLBD1,-0.023661412038946,6.51505310828097,-0.938304524841868,0.358999361266565,0.692786671650002,-5.44216229748681
BET1L,0.0303801079731033,5.80045882901996,0.938177971039351,0.359062841719702,0.692786671650002,-5.4422717575484
METTL1,-0.0220368513470251,5.92524155409485,-0.938144501075507,0.359079631802829,0.692786671650002,-5.442300704444
CDHR5,0.0772378391684315,8.03411842041623,0.93790208936888,0.359201252560723,0.692786671650002,-5.44251032900602
BMP4,0.0150488872712167,6.44255785273201,0.937749953746206,0.359277594966353,0.692786671650002,-5.44264186247804
MAP2K4,-0.0256442981059399,5.79977938503171,-0.937621692534609,0.359341965584835,0.692786671650002,-5.44275273950094
P2RY6,-0.018089193536411,5.97681297486964,-0.937611229975859,0.359347216786031,0.692786671650002,-5.44276178338238
RPS27L,0.039416811713357,9.52392625039676,0.937174541313641,0.359566438823288,0.692956629763019,-5.44313917696436
TRADD,0.0269350037830725,7.61696682066344,0.936795531673009,0.359756778573395,0.692956629763019,-5.44346659353588
TDP1,-0.0314849768904084,5.65104420250009,-0.936769817227821,0.35976969490554,0.692956629763019,-5.44348880320498
ALLC,-0.026021762628401,6.44804243675882,-0.936651793983651,0.359828981840618,0.692956629763019,-5.44359073322693
DNAJA3,0.0265754002182254,8.41651694691658,0.936574910457203,0.359867606495893,0.692956629763019,-5.44365712689949
CEP72,-0.0259381230059941,5.70754679837305,-0.936455872887483,0.359927413968034,0.692956629763019,-5.4437599133945
PIGO,0.0246134376091229,6.70980664798212,0.936066384855157,0.360123149426926,0.693175538190779,-5.44409614509983
PAX5,-0.0196179859410013,6.46832848837373,-0.935455399256019,0.360430342126238,0.693608834198749,-5.44462333126199
ANKRD11,-0.0212570524840849,5.68606312602799,-0.934941259633352,0.360688979259942,0.693948514286545,-5.44506671123548
CKAP5,-0.0259750446871685,7.1125386822168,-0.93365716472849,0.361335487525307,0.694747150383772,-5.44617310910006
RBM8A,-0.0237683654020433,7.56665686076062,-0.933600168916854,0.361364201512966,0.694747150383772,-5.44622218552196
AADAC,0.0373511967191492,9.99358865302386,0.933439052852781,0.361445378680281,0.694747150383772,-5.44636090023803
NPR3,0.0386080630101902,6.69632959806857,0.933429366298808,0.361450259572095,0.694747150383772,-5.44636923929171
DNAJB1,0.0466440264606381,8.07839738333938,0.933300546367407,0.361515173992597,0.694747150383772,-5.44648013153024
NARS1,-0.0457230363278087,7.89473406975883,-0.933131729055121,0.361600255619501,0.694752651201633,-5.44662543364176
MARCHF8,-0.0342534073013526,6.66174863006699,-0.932359457744935,0.361989641785821,0.695334542719454,-5.44728982674203
SIAH2,0.0289279947018331,7.09609209319759,0.932062362274548,0.362139515165029,0.695334542719454,-5.44754528747126
RHBG,-0.0301216319248102,6.68649021835018,-0.932041622812819,0.362149978995067,0.695334542719454,-5.44756311774746
CDIPT,0.0363393283278647,9.05381297519741,0.931616319935684,0.362364604997445,0.695571734202439,-5.44792868233652
DOK3,0.0208935153318612,5.54061311293072,0.931381906376826,0.362482936678397,0.695571734202439,-5.44813010497556
BDKRB1,-0.0196589177952784,6.7737578742729,-0.931307576773859,0.362520463600892,0.695571734202439,-5.44819396391649
CRY2,-0.0323636174451789,7.49159201752817,-0.931018986248413,0.36266618960318,0.695693371656498,-5.44844185720847
FDPS,0.0761331445020708,8.95574711944322,0.930571492661019,0.362892232847438,0.695919712694981,-5.44882610634772
IKBKB,0.0257960938899775,6.13256552346832,0.930078028667527,0.363141607044197,0.695919712694981,-5.44924963348167
SIRT2,0.0201309553782301,8.55070318109569,0.929960342549068,0.363201097254603,0.695919712694981,-5.44935061010437
EXOSC9,-0.0162745475054612,6.42254211674808,-0.929780115896313,0.363292214340552,0.695919712694981,-5.44950522493448
XKR8,-0.023146735096824,8.62494383651934,-0.929693463766388,0.363336028478626,0.695919712694981,-5.44957955328643
SLC5A1,-0.0267114490901444,5.86129289825703,-0.929636035512192,0.363365068030891,0.695919712694981,-5.44962881053726
CNOT1,0.0256395569482645,8.43962898740669,0.929607171722668,0.363379664075477,0.695919712694981,-5.44965356648243
TOMM20,0.0491756004815576,7.53966689270373,0.929481853421546,0.363443040487923,0.695919712694981,-5.44976104156758
NUP93,0.0221489530896402,6.46696658050402,0.929023815461387,0.363674744260523,0.696205615994883,-5.45015375015469
ATG9A,0.0345817718085631,7.25057165477215,0.92780055321344,0.364294032009083,0.69707114817028,-5.45120167413378
EIF3I,0.0373690383271603,7.99720948529458,0.927651314368439,0.36436963399206,0.69707114817028,-5.45132943533224
NUP98,0.0280798547344479,6.30639523712524,0.927642004697809,0.364374350469601,0.69707114817028,-5.45133740458382
GOLPH3L,-0.0436677886131028,6.40544518394037,-0.927343938327433,0.364525378914,0.697175140393284,-5.4515925163644
ARID3B,-0.0216624741804795,7.32722196911953,-0.926984301823562,0.36470766051908,0.697175140393284,-5.45190022572517
SPATA2,-0.0181625437619201,6.13494458424523,-0.926843420384616,0.364779082891939,0.697175140393284,-5.45202073589199
CLASRP,-0.0224788090456654,8.70570652419925,-0.926593215228462,0.364905952026814,0.697175140393284,-5.45223472048675
MX2,-0.0344616233221434,6.07288151890924,-0.926315230639082,0.365046941738182,0.697175140393284,-5.45247240120899
PDZK1IP1,-0.0235083569031869,5.48481372005913,-0.925976824695114,0.36521862560629,0.697175140393284,-5.45276165514983
SOWAHC,0.0468857881559862,7.04248938403902,0.925781611708808,0.365317687865435,0.697175140393284,-5.45292847039832
OPA1,-0.0441430297170172,6.03093077259399,-0.925758051744914,0.365329644760542,0.697175140393284,-5.45294860090965
NUP214,-0.0193180143430959,6.90464881365208,-0.92566673949519,0.365375989035061,0.697175140393284,-5.45302661707917
CRYBG2,0.0207846554436544,6.30613991320345,0.925489725855189,0.365465841102179,0.697175140393284,-5.45317783554612
PPP6R3,0.0241715336311131,7.90346870035774,0.925350414491729,0.365536565927107,0.697175140393284,-5.45329682729939
METTL3,-0.0512461629183088,7.03484912804637,-0.925320957603975,0.365551521613126,0.697175140393284,-5.45332198558331
BCL6,-0.0463474501073912,7.10582931383407,-0.925235354688265,0.365594985775119,0.697175140393284,-5.45339509243006
RPL3,0.0339801182581534,11.931922638878,0.925170208595491,0.365628065479371,0.697175140393284,-5.45345072454331
NKX3-1,-0.0301516486901434,6.39029217207734,-0.925022737494142,0.365702955365401,0.697175140393284,-5.45357664564967
ARVCF,0.0227687105019303,8.65595032759503,0.924932462789325,0.365748804421707,0.697175140393284,-5.45365371943936
MTHFR,-0.027332952767974,6.08251282646467,-0.924366150707854,0.366036513058539,0.697502273921371,-5.45413706268586
B4GALT5,-0.0471780672976223,6.57996384638248,-0.924142855605043,0.366149997377751,0.697502273921371,-5.45432756910598
TPM1,-0.0286349265132983,7.4701566203042,-0.924089514640946,0.366177110118076,0.697502273921371,-5.45437307125472
USP15,-0.0353091052236154,6.51610276373194,-0.923676682816213,0.366386994390965,0.697502273921371,-5.45472515350956
RPA2,-0.0291708341890171,6.81898303862823,-0.923634676426954,0.366408355015403,0.697502273921371,-5.45476097046358
PLCB2,0.0234869064997184,7.82568618734241,0.923620249183523,0.366415691590173,0.697502273921371,-5.45477327158021
CBR4,-0.0384466782895293,6.53257710964657,-0.923436527136804,0.366509126952865,0.697523000619755,-5.4549299033627
MT1M,-0.0955883411183671,8.81200241189451,-0.922934645688677,0.366764449728747,0.697525371235505,-5.4553576360623
EIF2B3,-0.0259153836802924,6.85747895958251,-0.922827041936776,0.366819206626749,0.697525371235505,-5.45544931460941
RAB14,-0.0450993541546163,8.01772978854464,-0.92273285590511,0.366867140071333,0.697525371235505,-5.45552955322418
CCNC,-0.0344296407759395,7.58717398025734,-0.922650528537755,0.366909041803996,0.697525371235505,-5.45559968312047
DENND4C,-0.0222286741306871,5.22759673702939,-0.922526318918498,0.366972266194549,0.697525371235505,-5.45570547925091
SLC2A2,-0.037002558737338,9.87022170934405,-0.922460725927258,0.36700565686545,0.697525371235505,-5.45576134314005
TIMM22,-0.0232500693538456,5.38848784241755,-0.922172899307756,0.367152201508944,0.697646976107618,-5.45600643487235
RBP4,0.018899287684935,13.4875609774623,0.921759734623917,0.367362629511815,0.697697002858067,-5.45635813299616
CELA3A,-0.0237796253570406,5.59314269046069,-0.921706324539849,0.367389837576841,0.697697002858067,-5.45640358674241
CAMKK2,0.0731610663076775,8.16333100420031,0.921503401234715,0.367493222684871,0.697697002858067,-5.45657625923391
CCS,0.0466050388450036,7.23426993158107,0.921472829606255,0.367508799967013,0.697697002858067,-5.45660227038177
TRAPPC6A,0.0327925493746989,7.47517187992605,0.921284379003498,0.367604831702372,0.697722557925662,-5.45676259170987
RLF,-0.0234589537534137,5.3410244086883,-0.920847476283845,0.367827535681129,0.697793632783316,-5.45713416440403
BBX,-0.0444987325529832,5.82591095344909,-0.920804677069123,0.36784935673099,0.697793632783316,-5.4571705551921
ECM2,-0.0562522795737735,7.20217199750252,-0.920228402093824,0.368143253119778,0.697793632783316,-5.4576603926027
CEP41,-0.0289834644446382,5.35887201363281,-0.920144153446152,0.36818623252285,0.697793632783316,-5.45773198100449
IGFBP4,0.0398598445952036,10.5670490682713,0.920034708337922,0.36824207089833,0.697793632783316,-5.45782497058655
SETD5,0.0382849638160401,7.67281206985284,0.91998953633627,0.368265119090554,0.697793632783316,-5.45786334784219
AFF1,-0.0440398992233025,7.42749310705375,-0.919839184645728,0.368341840255344,0.697793632783316,-5.45799107131052
NUDT21,0.0445536459674544,5.77649523318622,0.919837706439871,0.368342594604376,0.697793632783316,-5.45799232694877
F10,0.0448296201243531,8.34531354282855,0.919753651651664,0.368385490632707,0.697793632783316,-5.45806372290562
GRIK5,0.0232321161420874,8.75628999650457,0.918895948236934,0.36882339691171,0.698466540543242,-5.45879191333844
DIXDC1,0.0396998676177897,5.84361322964813,0.91855071431346,0.36899975659334,0.698612571127669,-5.45908484168635
GALR3,0.0261980797123781,6.97250868098183,0.918421341496099,0.369065860060818,0.698612571127669,-5.45919458760564
RIC8B,0.0188574467562871,5.83404631539776,0.918166829449066,0.369195926924039,0.698621644119745,-5.45941044686504
KLF11,-0.0478868627809281,6.60065758251942,-0.917952381553168,0.369305543012313,0.698621644119745,-5.45959228404987
SYNM,-0.0229709191125646,6.23766194260681,-0.917914523514269,0.369324896591272,0.698621644119745,-5.45962438104973
RNF111,-0.0385188119305143,5.55217576553065,-0.917764961188783,0.369401361648168,0.698621644119745,-5.45975117192063
GALNT1,-0.0259228943050016,7.35698243725646,-0.917349719196975,0.369613713207941,0.69886683298436,-5.46010309261556
GAK,-0.0241872129407773,8.00789245261549,-0.9167954692188,0.369897279381316,0.698975093027523,-5.46057259662534
SNX24,0.0249239555147347,5.05256104502456,0.916646200489047,0.369973673283001,0.698975093027523,-5.46069899749099
IKBKG,0.0216898584295987,8.19823345845597,0.916307654000443,0.370146976245819,0.698975093027523,-5.46098560911685
NUP50,-0.0405782195444955,7.05154077378983,-0.916207473844396,0.370198269155219,0.698975093027523,-5.46107040252321
LRP1,0.0335035354515464,8.13774957674104,0.916180515849385,0.370212072638807,0.698975093027523,-5.46109321857006
SPATA20,0.04565003710746,8.20211340263773,0.916146266242434,0.370229610190941,0.698975093027523,-5.46112220502678
MED7,-0.0169598682233637,5.95788223267594,-0.916106443951237,0.370250001939786,0.698975093027523,-5.46115590656473
WRAP73,0.023605385443293,5.79044399242314,0.915799702794176,0.370407099607312,0.69911547725749,-5.46141545616504
LIG3,-0.0201772988849648,6.73221584356812,-0.9150728813395,0.370779519174729,0.699570822975323,-5.46203013999696
NDRG1,0.0578904593770984,7.9642549650181,0.914959257223466,0.370837762152336,0.699570822975323,-5.46212619325587
CNNM1,-0.0220832803353905,5.4396070371478,-0.91478538499282,0.370926899730963,0.699570822975323,-5.46227315671721
TBX2,0.0224700366115483,6.60946864474648,0.914682776604249,0.370979509793186,0.699570822975323,-5.46235987325992
ORM1,-0.0265413508881795,13.2580232556389,-0.914354769662182,0.371147721091093,0.6996579814694,-5.46263701922497
TUT4,0.0219910630881841,5.59415268558028,0.914158013965352,0.37124864741078,0.6996579814694,-5.46280322219775
PPP3CB,-0.0276748409301416,7.16758131510932,-0.913965382071715,0.371347476138817,0.6996579814694,-5.46296591000673
MTCH1,0.0317702878276879,9.75168653373088,0.913869716918707,0.371396563133308,0.6996579814694,-5.46304669261951
KCND3,-0.0316323187296825,7.19834663214982,-0.913785599550586,0.371439728387187,0.6996579814694,-5.46311771753092
KCNQ4,0.0255991566988582,5.02925849627409,0.913405581310631,0.371634778347687,0.699688580214711,-5.463438513204
BET1,-0.0505612324970746,5.83166307727175,-0.913252051825861,0.371713598971899,0.699688580214711,-5.46356808179966
KLHL22,-0.0192659081650811,6.91878462882457,-0.913187611877126,0.371746685166982,0.699688580214711,-5.46362245885721
DOP1A,0.027347226231212,5.17828165630886,0.912972506237872,0.371857143706745,0.699688580214711,-5.46380394833827
CETP,-0.0413248188965185,7.4946167658868,-0.912945835206451,0.371870841027335,0.699688580214711,-5.4638264485618
RHOT2,0.0288682111128863,8.28270229951954,0.912509445064013,0.372095003674333,0.699688580214711,-5.46419451066976
RBBP4,0.0335905649382346,7.03085175686551,0.912340909829418,0.372181600074206,0.699688580214711,-5.46433661427766
TCP10L,-0.0264158009039936,6.05852757737694,-0.912264736976266,0.372220743444085,0.699688580214711,-5.46440083294563
CASP3,0.0280395446457244,6.30061468276389,0.911882600458901,0.372417155447298,0.699688580214711,-5.46472292478207
RASA3,0.0267669755814535,5.96356081330028,0.911810185820802,0.372454383178768,0.699688580214711,-5.4647839470632
EIF2D,0.0206369814310638,7.8602020566035,0.911689912385563,0.372516220173652,0.699688580214711,-5.46488528913292
DHX38,0.0264305730628885,6.67902441482377,0.911567669928252,0.372579076518457,0.699688580214711,-5.46498827775152
BCS1L,0.0348265405487205,7.48969372417853,0.911498373496975,0.372614711466919,0.699688580214711,-5.46504665400918
ZBTB43,-0.0247932463447584,7.25506912696358,-0.911011148660963,0.372865325679258,0.699688580214711,-5.46545698410708
PIGC,-0.0179524808844697,7.21195722577076,-0.910952228182847,0.372895640252123,0.699688580214711,-5.46550659202693
WDR3,-0.0266826021741156,6.6272153722943,-0.910796892337251,0.372975568371727,0.699688580214711,-5.46563736249097
TFRC,-0.0551333361615285,7.20497074887829,-0.91072541125994,0.373012352817538,0.699688580214711,-5.46569753242615
RAB40B,0.0445979138177262,5.88616502570123,0.910652852355778,0.373049694386051,0.699688580214711,-5.46575860520977
ATF6,-0.0260378939767523,7.21595366290074,-0.910096261461474,0.373336219918857,0.699688580214711,-5.46622693919302
MINDY1,-0.0263745909479605,7.3514469172185,-0.909810657705162,0.373483301718729,0.699688580214711,-5.46646715381843
PTPN18,0.0178596832115139,6.99314407666168,0.90969455449275,0.373543104208172,0.699688580214711,-5.46656478576462
BAHD1,0.0249204049931963,6.99652259961774,0.909427873218158,0.37368049061684,0.699688580214711,-5.46678899656402
FADS2,0.0721614142140734,8.47337672037636,0.909401828798403,0.373693909742335,0.699688580214711,-5.46681089003732
MYDGF,0.0478175485196382,8.62374943974381,0.908988382915529,0.373906976492588,0.699688580214711,-5.46715836418749
GPATCH3,0.0223898005732082,7.06791262260522,0.908851803917149,0.3739773793671,0.699688580214711,-5.46727311806905
YTHDF3,-0.0396952468133909,6.32023045059384,-0.908565531561086,0.374124973810927,0.699688580214711,-5.46751359327508
RAD17,-0.0302176415847693,7.6656602450272,-0.908422408805165,0.374198778626418,0.699688580214711,-5.46763379357677
SLC66A2,-0.0306300162563392,9.45982104661342,-0.908264393051943,0.374280274624569,0.699688580214711,-5.46776648146929
ZNF717,-0.0255019313350145,5.07607623712749,-0.908251082615644,0.374287139967846,0.699688580214711,-5.46777765745073
TMED2,-0.0334802311972168,9.32437429535592,-0.908225815102678,0.374300172839976,0.699688580214711,-5.46779887266517
FBXO9,-0.029933776548187,8.66085409477328,-0.907959183173297,0.374437718796837,0.699688580214711,-5.468022710311
CREB3L2,0.0329239884947842,7.00718619999635,0.907905232485063,0.374465554128004,0.699688580214711,-5.46806799461647
ENOSF1,0.0435832060969215,8.01729562759735,0.907816419844925,0.374511379137223,0.699688580214711,-5.46814253544448
MCHR1,-0.0169000690101969,5.77093054256582,-0.907783760391277,0.374528231501537,0.699688580214711,-5.46816994498289
ALDH5A1,-0.0439060929942252,8.3380659554945,-0.907748130657316,0.3745466171129,0.699688580214711,-5.46819984630674
GBP2,-0.0265809808883129,5.51981306278122,-0.907739804807059,0.374550913494299,0.699688580214711,-5.46820683340413
VTCN1,-0.0212308369695475,6.38743846253308,-0.907656175584105,0.374594070426766,0.699688580214711,-5.46827701223103
PTCD3,0.026120291985417,7.43779809458984,0.907639838832256,0.374602501407261,0.699688580214711,-5.46829072079109
LUC7L3,-0.0574620193859124,7.72248518717868,-0.907042598445545,0.374910808453547,0.700109686504414,-5.46879172427175
PCSK6,0.0390908217355875,9.28743089757487,0.906205606382163,0.3753431634073,0.70042428530176,-5.46949333818961
KIF17,0.0214811242945551,5.64152532527263,0.906136455811432,0.375378898483208,0.70042428530176,-5.46955127754243
RTCB,0.0251101882144474,7.94601198773383,0.905928547592031,0.375486353221175,0.70042428530176,-5.46972545368352
RXRA,0.033659190136968,9.636884228489,0.905766891102527,0.375569917441658,0.70042428530176,-5.46986085688868
FXR2,0.0183497530363371,7.73713504053115,0.905757077293938,0.375574990838294,0.70042428530176,-5.46986907620512
NAA10,0.0379521874039886,7.3590311145339,0.90575392644273,0.37557661972808,0.70042428530176,-5.46987171510652
CD44,-0.0175488749316343,6.08210797745784,-0.905098065187551,0.375915781163497,0.700902107420906,-5.47042082892345
GTPBP3,-0.0221519505443541,6.70800124244909,-0.904924627285823,0.376005503978566,0.700914738279039,-5.47056597724441
VTI1B,0.0327232098127166,8.19831122307562,0.904341366703479,0.376307340262746,0.701322678698766,-5.47105391465893
RPS14,0.024571512294958,11.5736557014794,0.90363548487882,0.376672847622652,0.701778088003823,-5.47164404729049
LSM6,-0.0279424318792145,7.07415041293972,-0.903412181724102,0.376788523526756,0.701778088003823,-5.47183064561584
COLEC11,0.0502191305007118,9.27888681468185,0.903348884571477,0.37682131711415,0.701778088003823,-5.47188353078272
PRDX6,0.0340612315433254,10.7807163230789,0.903228097270333,0.376883900989509,0.701778088003823,-5.47198443989757
SLTM,-0.0378319474499223,6.02614685132076,-0.903010754271678,0.376996530894753,0.701833154012043,-5.47216598319186
MTDH,-0.0380442645921813,8.39930141046365,-0.902352841849284,0.377337605386353,0.702049272917244,-5.47271528314448
TACC1,-0.0404407146271926,8.21892619577849,-0.902333774035099,0.377347493555622,0.702049272917244,-5.4727311976435
ACOX2,0.040019809579222,9.73350239167921,0.902306052754958,0.377361869537292,0.702049272917244,-5.47275433400243
ATXN7L1,-0.0199389407301391,5.78527166969395,-0.901292360619821,0.377887809385165,0.702784458757144,-5.47359992006715
CSTB,-0.0641472975565895,9.31912271803767,-0.901223831372934,0.377923382318634,0.702784458757144,-5.47365705326611
ANXA6,0.0614846274313221,8.92850931236494,0.900933601922587,0.378074062461248,0.702897822640255,-5.47389897491894
ZSCAN9,-0.0172781516390355,5.50419202695189,-0.900658802500927,0.378216768342982,0.702897822640255,-5.47412796892381
MACROH2A2,0.0281769501285313,7.60179904295674,0.900625830433129,0.378233893437306,0.702897822640255,-5.47415544067824
GTF2H4,0.0421389025187381,5.33313124190877,0.90034605193073,0.378379225966224,0.702928270962853,-5.47438851012742
KDM5C,-0.0204772607036978,8.01862391242404,-0.900206612302322,0.378451672464289,0.702928270962853,-5.47450464548005
FBXO28,-0.0471984175060568,6.09381422340426,-0.900113916229802,0.378499838210767,0.702928270962853,-5.47458184030238
UBL4A,0.0301644510721363,6.87992543961103,0.89948313271568,0.378827706898768,0.703326094756797,-5.47510694628193
CTSL,-0.0291007094802945,9.14186592885237,-0.899365609946853,0.378888813638205,0.703326094756797,-5.47520474268064
AGPAT5,-0.0202477910324073,5.93147460199526,-0.899182576558085,0.378983996035444,0.703326094756797,-5.47535703028626
PLCXD1,-0.0255301545345528,7.0632523929072,-0.899061464260027,0.379046986452361,0.703326094756797,-5.47545778260835
EFNA5,-0.0228955841598891,7.0308588268746,-0.898654446845299,0.37925872662074,0.703564487364491,-5.47579628575538
TMEM14B,0.0493513699316134,6.81188770224457,0.898160758911141,0.37951565975869,0.703834748587653,-5.47620668110399
LRRK1,0.0225020063800065,5.6816248885189,0.897695113211311,0.379758104072808,0.703834748587653,-5.47659357562272
LOXL1,0.0385783521734675,5.43638562301157,0.897654211434977,0.379779404986299,0.703834748587653,-5.47662755118574
PAN2,0.0248837947422499,7.24487206927431,0.897635684102784,0.379789053949212,0.703834748587653,-5.4766429406741
OGFOD2,0.0266265815913178,7.5979443668432,0.897418867516422,0.379901983224078,0.703834748587653,-5.47682301488399
RASL12,-0.0238407450502885,5.32792505551513,-0.897414657704194,0.379904176131158,0.703834748587653,-5.47682651089375
NGFR,0.0271864906261676,6.47645052621103,0.896977558228934,0.380131908394614,0.704035137107924,-5.47718941520784
SHROOM2,-0.0220320539015122,6.55798858573291,-0.896887244027468,0.380178974038279,0.704035137107924,-5.47726437884641
CCDC82,0.0192867689483077,5.16481799943226,0.896267976882031,0.38050179775908,0.704333396585638,-5.47777820340482
ALAS1,0.0591995287046883,8.47587624795523,0.89617744985881,0.380549004614789,0.704333396585638,-5.47785328908991
CLK2,0.0243407358375662,7.69742660701249,0.89595552704767,0.380664746390848,0.704333396585638,-5.47803732870525
ADAM12,-0.0245794209704132,6.78701168788356,-0.895776465315495,0.380758151302582,0.704333396585638,-5.47818579329867
SLC25A20,0.0413927997969168,8.74584466602973,0.895739123840581,0.38077763183786,0.704333396585638,-5.47821675062165
TEAD4,-0.0235372604028148,7.69999315747197,-0.895619288861609,0.380840152544353,0.704333396585638,-5.47831608979352
KPNA2,0.0349773686409701,5.4296415142468,0.895367633481189,0.38097146907755,0.704356201114239,-5.47852466391136
CC2D1A,0.0413501666256847,6.30862429246996,0.895276186122653,0.381019194709253,0.704356201114239,-5.4786004429218
CHCHD2,0.03615023841745,10.2553928407031,0.89437475275495,0.381489856482595,0.705072022589224,-5.47934704658174
PPP4R1,0.0199781789460425,6.11754930591179,0.894140914046828,0.381612012338504,0.705143560957874,-5.4795406084058
PTGDR2,0.0278092532161635,6.16476243739032,0.893524142968754,0.381934333321371,0.705584852769039,-5.4800509223995
FBXO46,-0.0262127690750843,6.36755517354378,-0.893230260457272,0.38208797770795,0.705648232286513,-5.48029396582664
RFC4,-0.0269487434687699,5.27890712133763,-0.892963206869731,0.382227631008624,0.705648232286513,-5.48051475778021
STK17A,-0.0323882046011125,4.93153920778275,-0.892735345174168,0.382346815841554,0.705648232286513,-5.48070309907367
B4GALT2,0.033082689788628,8.05379532757853,0.892717857188448,0.382355964079986,0.705648232286513,-5.48071755211256
EIF6,0.0443479539276824,8.35743324199163,0.892195761827491,0.382629146721532,0.705648232286513,-5.48114892075319
PTTG1IP,0.0409294206760223,8.72641968044925,0.892020450762153,0.382720905793852,0.705648232286513,-5.48129371525497
SCAND1,0.0430815025451573,7.42319414332134,0.891992741001922,0.382735410607606,0.705648232286513,-5.48131659915729
ANTXR1,-0.0195814430987251,6.49881962451287,-0.891613121615425,0.382934160735839,0.705648232286513,-5.48163003924759
SLK,-0.0444009037867559,6.01312198292829,-0.891598314790683,0.382941914240957,0.705648232286513,-5.48164226230372
EML4,0.0316993538613179,5.66813611108661,0.891302675338173,0.383096745701184,0.705648232286513,-5.48188627405957
TNNC2,-0.0173418654396188,5.38208621723685,-0.891239326533372,0.383129927918267,0.705648232286513,-5.48193855054614
ADGRB2,0.0178195320215898,5.09426664247779,0.891213369397942,0.383143524858484,0.705648232286513,-5.48195996981914
ACADM,-0.0475843404178886,8.36118796718437,-0.89116325218495,0.383169778297516,0.705648232286513,-5.4820013238488
MYRF,0.0279678797365605,7.36415978487234,0.890985935833723,0.383262673334096,0.705648232286513,-5.48214761860512
CHPF,0.033777244026909,8.3611450447049,0.890940689969413,0.383286379760467,0.705648232286513,-5.48218494439422
MT4,-0.0254681168426795,6.81482799008941,-0.890905573798405,0.383304779431372,0.705648232286513,-5.48221391244397
ERN1,-0.0213521861222306,6.47005524805007,-0.890400710950085,0.383569374517,0.70598153227372,-5.48263026812563
HMGCL,0.0370416740590906,9.99502613307761,0.889756268198633,0.383907296987016,0.706449620980027,-5.4831614187576
PRMT7,0.0545694707011784,5.39448967460454,0.889217791164909,0.384189804956061,0.706743862746404,-5.48360496109631
GRB7,0.0278455743675651,6.5204877585922,0.889129246261176,0.384236272462104,0.706743862746404,-5.4836778716964
ARID4B,-0.0403590270899581,5.66752934683777,-0.888871028819362,0.384371803565178,0.706743862746404,-5.48389045775846
SPRED2,-0.0382190845560464,5.58843678323256,-0.888813980871562,0.384401750672482,0.706743862746404,-5.48393741671191
SRPRB,-0.0275166905767816,7.83444829391462,-0.888300987933131,0.384671113293736,0.706961822570055,-5.48435956172373
HMGN4,-0.0281360610252494,7.38416257580691,-0.888216277869699,0.384715604829437,0.706961822570055,-5.48442924858565
FLJ20712,-0.0188470393148644,5.18754146807633,-0.888110259808611,0.384771292544341,0.706961822570055,-5.48451645589115
NR0B2,-0.0459625768460231,8.26944214346349,-0.887834164230212,0.384916341100274,0.706999295185797,-5.48474351896717
ECE1,0.0217271115892459,7.77563550612013,0.887752930645536,0.384959024514775,0.706999295185797,-5.48481031371182
MOCOS,0.0582362131036835,6.36743390360179,0.886896618316396,0.385409154790603,0.7076721768754,-5.48551407902055
VAMP2,-0.0254789894417478,8.37552444386955,-0.886614618039772,0.385557467038188,0.707790700949966,-5.48574570582736
IRAK1,-0.0222659903404067,8.02147178457259,-0.885512706428658,0.386137353933583,0.70870126862267,-5.48665013401578
MVP,0.0506940914840544,7.06583122048497,0.884996150820234,0.386409390966249,0.709046548027101,-5.48707375672602
VAMP5,0.0521360440468994,5.74465491958091,0.884798604509863,0.386513459278391,0.709083528202866,-5.48723570257744
UROS,0.0481811096909546,6.88138264342432,0.884608675520986,0.386613532077958,0.709113134248699,-5.48739137247295
CLN8,0.0479001493507693,5.45644106649434,0.884259030930965,0.386797802786722,0.709113134248699,-5.48767786827886
EFCC1,-0.0222004172456944,6.81626464265815,-0.884063121840408,0.386901076528572,0.709113134248699,-5.48783834894846
ITGAE,-0.0292800500374884,6.82063671936104,-0.88401453147625,0.386926693801675,0.709113134248699,-5.48787814711016
TFEB,0.0240527109398304,8.0563095274566,0.883729642701896,0.387076912069096,0.709113134248699,-5.4881114460585
RAPGEF2,-0.029906287246623,7.78925172741501,-0.883577005415279,0.387157411512244,0.709113134248699,-5.48823641414314
CDHR2,0.07629065237736,7.11699711336791,0.883503444290647,0.387196210861962,0.709113134248699,-5.48829663343713
HSPA1L,-0.0409781055622717,5.54836847760384,-0.883457942959562,0.387220211526444,0.709113134248699,-5.48833387985061
ATP13A1,0.0304377804075016,7.06641744113285,0.883335378559279,0.387284865628136,0.709113134248699,-5.48843419965352
XPNPEP3,0.0234754735491259,6.40963091308302,0.88273186729004,0.387603327769106,0.709495605570005,-5.48892799085939
GOLGB1,0.0207018974633328,7.48070423638225,0.882621317005278,0.387661681765292,0.709495605570005,-5.48901840911423
TAOK1,-0.021325578871021,7.80013869840027,-0.881466691093539,0.388271495165464,0.710148128267294,-5.48996214579344
RPL10,0.0408109892305213,11.2443195298536,0.881246450391745,0.38838788612014,0.710148128267294,-5.49014203093045
HIVEP2,0.0262795879881962,6.39587291099683,0.88077384463422,0.388637721891589,0.710148128267294,-5.49052789953957
PLD2,0.0249206579145549,7.69542895671899,0.880670333907842,0.388692455278956,0.710148128267294,-5.49061238753025
WWOX,-0.0194172474961358,7.96707879534358,-0.8804798557391,0.388793187634496,0.710148128267294,-5.49076783657516
AGT,0.0380112638026673,11.943722782148,0.880375144030624,0.388848570581764,0.710148128267294,-5.49085327850251
MLH3,0.0169666601045252,6.32005146320123,0.88034055609165,0.388866865581762,0.710148128267294,-5.49088149927027
ZNF35,-0.0262868256589208,6.12819678779808,-0.879740734404785,0.389184225760068,0.710148128267294,-5.4913707394554
COL5A3,0.0410830535413312,7.53220797642237,0.879722717484525,0.389193760967027,0.710148128267294,-5.49138543007264
ANKRA2,-0.0294074854698977,5.2331418847959,-0.879656445283074,0.389228835931277,0.710148128267294,-5.49143946464462
PLD1,-0.0206353432354604,6.26437030338428,-0.879641316053578,0.389236843457411,0.710148128267294,-5.49145179962935
LBR,-0.0515329245542743,7.06723712956152,-0.879604065443987,0.389256559740696,0.710148128267294,-5.49148216952338
COPS2,0.03975981108815,7.41332964758053,0.879300182289456,0.389417425693854,0.710148128267294,-5.49172987688939
DKK3,0.0461597561393385,5.3423706967743,0.879295226041392,0.389420049732021,0.710148128267294,-5.49173391627269
PSMD9,0.036005525299508,7.23064535766253,0.879204733639819,0.389467962101035,0.710148128267294,-5.49180766464252
ATXN2L,0.0248451206916168,7.39462551543423,0.879197118250877,0.389471994342677,0.710148128267294,-5.49181387061827
INHA,0.0162962142926944,5.51096748325529,0.878957231307487,0.389599025081699,0.710148128267294,-5.49200933528687
ST20,-0.0222924501670524,5.20793156352644,-0.878957208405466,0.389599037210623,0.710148128267294,-5.49200935394555
RNF10,0.0265516558299774,7.40145238569861,0.878927073738759,0.389614996762979,0.710148128267294,-5.49203390479794
CBX5,0.0191964421606547,7.32500610268306,0.878232127079197,0.389983164411709,0.710665891584847,-5.49259986585637
SART3,0.0248154494791317,7.86716559155047,0.877921392253947,0.390147858477415,0.710812721891798,-5.49285279325852
UNC50,-0.0393522431356159,7.07829598668282,-0.877706268327587,0.390261903955035,0.710867231821524,-5.4930278483724
MMP15,0.0429792696205259,7.14545097759553,0.876441210948826,0.390932999947312,0.711936174473015,-5.49405647715968
PEX14,0.0296704486678245,6.54280426317024,0.876204326619876,0.391058747572579,0.711993396299339,-5.49424893776998
TARBP2,0.0256832629347013,7.10213394261746,0.876064585090229,0.39113294031024,0.711993396299339,-5.49436245060592
S100A11,0.0422128413247751,7.0901399689861,0.875804095749606,0.391271265994386,0.712091793593056,-5.49457400301439
MKNK1,0.0216922104655946,7.90879721048055,0.87525082207391,0.391565172580682,0.71235318315251,-5.49502314327068
C2CD3,-0.0185511135993962,5.52852008009354,-0.8752163387635,0.39158349535425,0.71235318315251,-5.4950511277025
DPM2,0.0374167187611523,6.78205586945321,0.874829404462996,0.391789131973999,0.71237449310786,-5.49536506892893
NPRL3,0.0203850015765609,7.1359503609645,0.874785717339953,0.391812353961408,0.71237449310786,-5.49540050666848
MED8,-0.0225659833032573,6.97905363161863,-0.874718427941432,0.391848123546193,0.71237449310786,-5.4954550867034
RDX,-0.0571567350685035,7.83880526513252,-0.874295853623995,0.392072803545764,0.712629638623726,-5.49579775829731
ABCF3,0.0299951653981605,6.66273056627009,0.874080207488339,0.392187493534633,0.712684800079065,-5.49597257000255
PPP1R16B,0.0177887332396584,5.28527989721195,0.873462030803976,0.392516387913208,0.712915243697842,-5.49647346924697
ATP13A2,0.0405449298051516,5.71243070649987,0.873423077979906,0.392537118367781,0.712915243697842,-5.49650502118573
PLA2G2A,0.102744069725845,8.51005864844248,0.87336615876651,0.392567411707226,0.712915243697842,-5.49655112363566
MNT,-0.0255233148512475,6.89421920971066,-0.872935599810275,0.392796611573261,0.713124144572524,-5.49689977063394
GSK3A,0.0220219369168412,9.05117450503322,0.872833021681695,0.392851229939065,0.713124144572524,-5.49698281032977
TK2,0.0303150691213945,7.1949012906524,0.87242706958464,0.393067430179639,0.713363355888734,-5.49731135093005
SH2D4A,-0.0272369619692697,7.48533762297008,-0.872173607036531,0.393202457456896,0.713384963838779,-5.49751640889522
ADCY3,0.0193311129473211,7.66532243296314,0.872040352107461,0.393273458554532,0.713384963838779,-5.49762419364128
ING3,-0.0326958872524311,4.93250949503809,-0.871929350343975,0.393332609056198,0.713384963838779,-5.49771396706388
KCNN2,-0.0596389720697754,6.76852454948887,-0.871526462707845,0.393547348033203,0.713518695442576,-5.49803971655925
DDX41,0.0409983336005599,6.90700092108619,0.871326851316132,0.393653769093087,0.713518695442576,-5.49820105825939
NAT9,0.0204112709728926,7.39931572067358,0.871203288605613,0.393719654847561,0.713518695442576,-5.49830091431729
PUM2,-0.0329282960444499,7.85071177164437,-0.870826903972656,0.393920393786642,0.713518695442576,-5.49860500553362
MT1G,-0.0498789702375295,12.5134727498719,-0.870806056065382,0.393931514641786,0.713518695442576,-5.49862184557137
KCNIP2,0.0173503797984512,6.14624726082197,0.870780045544971,0.393945389665045,0.713518695442576,-5.49864285522306
HLA-DOB,-0.0367754037789202,5.67416703425335,-0.870682505750382,0.393997424015983,0.713518695442576,-5.49872163653596
FHL2,0.0478230825457682,6.5977976114791,0.869561167437952,0.394595943050407,0.714449479060625,-5.49962673827342
SDHD,0.0384354563081669,7.53795980988591,0.869051629494981,0.394868106226622,0.71461286540324,-5.50003766219501
SLIT3,-0.0211834113291813,6.3963917457813,-0.869011389633411,0.394889605029126,0.71461286540324,-5.50007010471501
PCYT1A,-0.0332766729081644,6.59564874078915,-0.868917273096089,0.394939891293861,0.71461286540324,-5.50014597872726
TSPAN6,-0.039000858799769,8.13853748509608,-0.868381980310768,0.395225976195353,0.714977413583972,-5.50057737190249
TMEM135,0.0459549707567259,5.88951443785394,0.867860057180343,0.395505045295862,0.715181907759077,-5.5009977541306
ZNF154,-0.025460071281283,5.12635992057851,-0.867853989260505,0.395508290527594,0.715181907759077,-5.50100264015554
RASIP1,0.0184835070727213,6.59990107377491,0.867628093258202,0.395629116039186,0.71524733216327,-5.50118451422926
FBLN1,0.0217944000243286,6.77345500228658,0.867282397108889,0.395814065715957,0.715428632149697,-5.50146275751286
ATP6AP1,0.0311325801628353,7.85473089619346,0.866906432101904,0.396015273116454,0.715639233925157,-5.50176524730041
EIF2B2,-0.0198427329645924,6.48517094752018,-0.866685352751265,0.396133620432919,0.715700041192679,-5.50194306433733
FGR,-0.0223595835447765,5.87123621200018,-0.865797390986504,0.396609191714626,0.716083849926311,-5.50265684169772
AHCYL2,0.0171781252988697,6.45975256743681,0.865658273928996,0.396683733046703,0.716083849926311,-5.50276860803237
SNX2,-0.0273802087599457,5.73646286742889,-0.865607851249715,0.396710752635448,0.716083849926311,-5.50280911340455
CHST12,0.0195614598796203,6.28792094795175,0.865375475785567,0.396835289195525,0.716083849926311,-5.50299575629096
AGBL5,0.018080988845768,6.14900196854437,0.865105824220517,0.396979834833752,0.716083849926311,-5.50321228114081
HMG20B,0.0413677704578386,6.88273686271427,0.865048540168739,0.397010546114003,0.716083849926311,-5.50325827106825
RPL7A,0.0258888112154013,11.229055849058,0.864914057779292,0.397082651226171,0.716083849926311,-5.50336622785276
XAB2,0.0254713553770704,5.84577489921538,0.864852660726668,0.397115573163846,0.716083849926311,-5.50341550965883
TJP1,-0.0646595721677354,7.23303905233925,-0.864797162862694,0.397145333398163,0.716083849926311,-5.5034600535595
CEMP1,0.0253374751382017,6.08728121759836,0.864351900700474,0.3973841535719,0.716083849926311,-5.50381733592895
ADH6,0.0315526895016289,10.2602525760724,0.864161605651486,0.397486248325168,0.716083849926311,-5.50396997853552
BCAS3,0.0171356010755296,6.8097381213567,0.864031468211021,0.397556077842742,0.716083849926311,-5.5040743486476
UAP1L1,0.0169845542221218,5.26383073557966,0.864020707558972,0.397561852179668,0.716083849926311,-5.5040829780309
SLC16A2,0.0259121476871477,7.86025069443531,0.863833546244053,0.397662294605892,0.716083849926311,-5.50423305404776
PLAAT4,0.0359369741262537,7.94799439422789,0.863825223237973,0.397666761631345,0.716083849926311,-5.50423972718435
PHF1,-0.0185261314983681,7.96243702210097,-0.863759655378433,0.397701953574459,0.716083849926311,-5.50429229544959
TBCC,0.0249433216923796,5.70805549639556,0.863172466398966,0.398017202788647,0.716300764327326,-5.50476290297758
UBA3,-0.0489584350320407,5.17398856221276,-0.862934856829324,0.398144816256176,0.716300764327326,-5.50495325310516
PRKCD,0.0234035703747501,5.35707608586645,0.862929793562881,0.398147535883435,0.716300764327326,-5.50495730878435
COL11A2,0.0185828909354211,7.24409855419015,0.862810698197654,0.398211508926268,0.716300764327326,-5.5050526978947
STAP2,0.0501202621251842,7.33699924010608,0.862745988413892,0.398246271101749,0.716300764327326,-5.505104521919
GSTA3,-0.0438503242593899,8.33039082328881,-0.862213086886549,0.398532621144862,0.716663257857861,-5.50553116932752
CENPA,0.0211291026680725,7.02757241029813,0.861759446736683,0.398776485717669,0.716814049698158,-5.50589416712235
NHEJ1,-0.0283501812439496,6.59612460556052,-0.861741499189298,0.398786135814324,0.716814049698158,-5.50590852491846
PMS1,-0.0399189514262165,5.50762645471054,-0.861252316488266,0.399049219354624,0.717134390375706,-5.50629975804178
PHF10,0.0192332769266834,7.63251991047018,0.861079678342123,0.399142091320313,0.717148771349488,-5.50643777963818
MSH6,-0.0253712877290751,6.49169946057187,-0.860693268143979,0.399350014184762,0.717335518904056,-5.50674661606268
CLINT1,0.0324396271650397,7.30572553265959,0.860571013459495,0.399415812596874,0.717335518904056,-5.50684430082063
SRC,-0.0189088680670025,7.49591642525083,-0.860027102923233,0.399708634369741,0.717708873868319,-5.50727874434455
ADAM10,-0.0475097033230344,6.64474683450261,-0.859705637241671,0.399881765079901,0.717867200961369,-5.50753539267805
TMPRSS5,-0.0203597351099931,6.94586335298529,-0.859237770336102,0.400133829169049,0.718063227519149,-5.50790876471047
RIC3,-0.017838242521625,5.73548779446709,-0.85907960155289,0.400219066075472,0.718063227519149,-5.5080349457006
PDCD11,0.0300245022323007,6.80812693461415,0.859016820765713,0.400252901792847,0.718063227519149,-5.50808502384924
ITGB2,0.0409705203566298,6.7352660561137,0.85887216406977,0.400330871579019,0.718063227519149,-5.50820039880606
GALE,0.0437492786862928,7.06350411118323,0.85859555451714,0.400479991103247,0.718178252296782,-5.50842096638366
NIPSNAP1,0.0225836313462999,10.267576386901,0.857753100799488,0.400934376714778,0.718840543865876,-5.50909233142728
SLA,-0.0245252955533097,6.85653832052272,-0.856401895260483,0.401663856971384,0.719995670642384,-5.51016785583478
ACTR5,0.0166613758725144,6.9677255101282,0.855569834624333,0.402113490063353,0.720648778586497,-5.51082937388776
RRAGD,-0.0183251524254055,6.65497073902921,-0.854870115001138,0.402491859043269,0.721134118140569,-5.51138521544497
RBMS1,0.0344029083288958,7.53698822409923,0.854753414481828,0.402554986422375,0.721134118140569,-5.51147787876326
ACSS3,0.0217976528339432,6.77006378132206,0.854539831836486,0.40267053723648,0.7211882237491,-5.51164743874309
BCAT2,0.0250856400275204,7.36594751922685,0.854205643795764,0.402851379895414,0.721345831458478,-5.51191266679479
EEF1G,0.0336527271245769,11.7250304812565,0.854025202526143,0.402949045699537,0.721345831458478,-5.51205583392962
COL18A1,0.0439415358746802,10.2144254129255,0.853409217600383,0.403282569091222,0.721345831458478,-5.51254436260445
DFFA,0.0216181841335637,7.04490085090732,0.853367662126898,0.403305075586934,0.721345831458478,-5.51257730789556
TIAL1,0.0204784144971974,7.25738583990529,0.853002256350265,0.403503014610443,0.721345831458478,-5.51286693862667
OASL,-0.0199202522787732,7.12186415080338,-0.852928201649706,0.403543137397711,0.721345831458478,-5.51292562243558
PZP,-0.0957812168766567,9.08533758582893,-0.852736329465637,0.403647105559747,0.721345831458478,-5.51307764743014
CUL5,-0.0389065880947385,6.92917494289788,-0.852505865146888,0.403772008094018,0.721345831458478,-5.51326020804658
FAM89B,0.0235963714103135,7.6104054523541,0.852414318772583,0.403821629501918,0.721345831458478,-5.51333271315439
PRDX3,0.037478051072317,9.71395779552048,0.852382659218129,0.403838791025104,0.721345831458478,-5.51335778597487
EDA,-0.0181367827350228,7.55115494691229,-0.852224456170929,0.40392455432245,0.721345831458478,-5.51348306213909
NFRKB,-0.0164529869834381,7.33421118983586,-0.852171846122662,0.403953077298833,0.721345831458478,-5.51352471765956
DHRS9,-0.0162396213872063,6.52796916839837,-0.852068272082388,0.404009234613584,0.721345831458478,-5.51360671842925
RPL10A,0.0382353605725161,9.86446670033071,0.852057899290183,0.404014858965006,0.721345831458478,-5.51361493018076
IGBP1,0.0303566013740061,7.30414108042317,0.85201331889808,0.404039031987335,0.721345831458478,-5.51365022175541
BHLHE40,0.0469088375036947,8.08151039141064,0.851435537097127,0.404352409290649,0.721482369295472,-5.51410746163101
GLB1,0.0310496065494425,8.36690375618317,0.851280958423575,0.404436276159793,0.721482369295472,-5.51422974203412
CNP,0.0351903796842144,7.5671529893316,0.851199768830278,0.404480330161913,0.721482369295472,-5.51429395932109
MMP25,0.0188134671719233,7.43440882727203,0.851051398920565,0.404560844608996,0.721482369295472,-5.51441129853664
TBL2,-0.0219579886704246,6.27891684507618,-0.851023220429323,0.404576137118875,0.721482369295472,-5.51443358152145
TUSC2,0.0159006623122474,7.30286455716768,0.850928021429451,0.404627804507839,0.721482369295472,-5.51450885792394
ZNF688,0.0275278517405212,6.78635727589283,0.850648296906872,0.404779644035174,0.721600842214603,-5.5147299984757
TBL3,0.0375031266928708,5.89371023101036,0.850460230052025,0.404881750701787,0.721630625064354,-5.51487863977892
C1RL,-0.048431567651758,7.84181521932036,-0.849978945639244,0.405143128590029,0.721811844915129,-5.51525889108556
CXCL14,0.0665381736344806,7.07450330246023,0.849629937800825,0.40533273695121,0.721811844915129,-5.51553450910604
HNRNPA1,-0.0427543221414727,10.0876047322963,-0.849287748799107,0.405518696096841,0.721811844915129,-5.51580464034909
ZYX,0.0210245005339531,7.95908322597333,0.849251261879704,0.405538527774317,0.721811844915129,-5.51583343794774
MAP1B,-0.0161297298304377,6.11910563657678,-0.849061558557159,0.405641646953778,0.721811844915129,-5.51598314436875
PAAF1,0.0233163124106556,6.1759981346716,0.849033338737643,0.40565698815801,0.721811844915129,-5.51600541169574
UBQLN4,-0.0282427758048076,6.87751076941696,-0.848845825198507,0.405758936025307,0.721811844915129,-5.51615335501589
CIB1,0.0516646935443901,8.72652591256002,0.848715854097775,0.405829608712066,0.721811844915129,-5.51625588107778
ANK2,-0.0225732682184641,5.22364645343588,-0.848641203638029,0.405870203988209,0.721811844915129,-5.51631476157343
POLR3C,-0.021652903004514,6.42092663291102,-0.848552130007998,0.405918646062694,0.721811844915129,-5.5163850120547
WDR77,0.017230361978719,6.59710767811605,0.848439146394243,0.405980096752813,0.721811844915129,-5.51647411000251
RBM17,0.0237040266566286,5.19651013965627,0.848386955157828,0.406008485074746,0.721811844915129,-5.51651526386984
PYGL,0.0400244173108795,7.4399605464031,0.848208521675796,0.406105549822984,0.721832540177579,-5.51665594463355
KCNQ1DN,0.029086861779099,6.83454299524048,0.847719461522935,0.406371666453743,0.722076015027239,-5.51704138950945
PPIP5K1,0.0181220094937936,5.18823890498951,0.847402972842661,0.40654393983409,0.722076015027239,-5.51729071515979
ARHGEF4,0.0220277625448212,5.67801279478254,0.847361204164704,0.406566679156908,0.722076015027239,-5.51732361353378
MYO15A,-0.0226522295203855,5.53202009658076,-0.847328763502354,0.406584340769184,0.722076015027239,-5.51734916382129
DYNC2I1,0.0320520758603046,5.85703495298921,0.846684192513991,0.406935365395713,0.722316781589627,-5.51785664039089
SAP18,0.0354820751351513,8.30025718308499,0.846338666282887,0.407123614245662,0.722316781589627,-5.5181285289406
SRPX,0.0739811012514854,7.05427723539932,0.84620172947596,0.407198235296813,0.722316781589627,-5.51823625365534
RASA1,-0.0399712817713464,6.63023345032682,-0.84611717302115,0.407244317069344,0.722316781589627,-5.51830276400542
EVC,0.0315831762014375,7.4107855104453,0.846075397629209,0.40726708515229,0.722316781589627,-5.51833562138658
KRT16,0.0325975819300706,5.1717268766478,0.846031558241543,0.407290979014284,0.722316781589627,-5.51837010053432
HOOK2,0.0280903045148944,6.86536033121258,0.845979253158602,0.407319488124698,0.722316781589627,-5.51841123568207
DIP2C,-0.0294089978163066,8.26227665633979,-0.845626124257455,0.407511996001075,0.722316781589627,-5.51868889096699
AFP,0.0250834758743308,5.08747729855115,0.845279913815134,0.407700788850963,0.722316781589627,-5.51896100212707
ACIN1,0.0231494280964608,5.97682613521262,0.845203543696107,0.407742441963592,0.722316781589627,-5.51902101287198
RPS13,-0.0323072209191909,11.1836195623299,-0.84494722104742,0.40788226310835,0.722316781589627,-5.51922239145373
SERPINB8,-0.0190202887384092,5.90059188907409,-0.844897546687649,0.407909363467918,0.722316781589627,-5.51926141130987
ENDOG,0.0485261176188032,6.96208009424045,0.844759379447676,0.407984748093671,0.722316781589627,-5.51936993228878
ACP2,0.0368614352229619,7.96321018244807,0.844720643017942,0.408005884452839,0.722316781589627,-5.51940035416865
CASK,-0.0188674363595785,6.11548192176751,-0.84464163385191,0.408048997622861,0.722316781589627,-5.51946240046576
EZH1,-0.0239914686603048,7.4148670571705,-0.844570875027724,0.408087611279157,0.722316781589627,-5.51951796315981
EPB41L4A,-0.0204180055448287,5.78837516038483,-0.844391082506051,0.40818573601749,0.722335646163618,-5.5196591241105
MINK1,0.0191496136394077,8.03655554274627,0.844238108087242,0.408269236222182,0.722335646163618,-5.51977920735368
SERINC1,0.0456173616270769,7.46796774798324,0.844022305817033,0.408387049233322,0.722392833582074,-5.51994857546457
FGFR3,0.0386490964391881,7.90372949113578,0.843712855397576,0.408556025570005,0.722410976870625,-5.52019137138537
POLRMT,0.0260102269957299,6.95196436452132,0.843563096906975,0.408637817705325,0.722410976870625,-5.52030884279005
HPF1,-0.0209715158207023,7.05408250978112,-0.843447680521942,0.408700860694056,0.722410976870625,-5.52039936285741
IPO9,0.0292425881778118,7.05439711709447,0.843377357406089,0.408739275789167,0.722410976870625,-5.52045451103383
CD68,-0.0152288832283418,6.64083592419532,-0.842980303763054,0.408956215842244,0.722643250494974,-5.52076580493601
SCNN1A,0.0229079459944421,8.16280876511007,0.84265693771836,0.40913294924732,0.722804394969653,-5.52101922658825
ANAPC2,0.0367051787498202,6.79037001730264,0.842147953899903,0.409411229622884,0.723144834931724,-5.52141793399619
NPEPPS,-0.0369019353432502,6.1702424547671,-0.841844165028099,0.409577379927857,0.723287118158911,-5.52165579748723
RNF121,0.0238075668260317,7.09029789898182,0.840661480959159,0.410224631952385,0.723950189381294,-5.52258106826539
NBAS,0.028536906923918,6.34827812962853,0.840450753521048,0.410340026080544,0.723950189381294,-5.5227458038119
MAN2B1,0.0399049239517696,7.60190499625246,0.840379887602185,0.410378836840769,0.723950189381294,-5.52280119442162
B3GAT3,0.0293905142154842,6.9933859143251,0.840352729273443,0.410393711119104,0.723950189381294,-5.52282242091527
FZD4,-0.0309996338099691,7.41803170002845,-0.840201322188564,0.410476641201169,0.723950189381294,-5.52294074648301
POU5F1B,0.0197104650678955,7.13151932357742,0.840055205918446,0.410556683491887,0.723950189381294,-5.52305491848569
AUP1,0.0372300317540461,8.27739317805494,0.839757129001163,0.410720000503668,0.723950189381294,-5.52328777201532
TIE1,0.0348797791164134,5.15577810530749,0.839739555540552,0.4107296303362,0.723950189381294,-5.52330149776354
RNF41,-0.0170124384542394,5.40506214059234,-0.839613932818964,0.410798472753814,0.723950189381294,-5.52339960760335
WFDC1,-0.0328758463218328,6.94069688012213,-0.839593621006794,0.4108096045069,0.723950189381294,-5.52341546960581
KLF2,0.0345456755251899,6.54791135819409,0.839280662222975,0.410981143808576,0.72410147314063,-5.52365982193319
HLF,-0.048816190763716,7.39515460301478,-0.839063354972744,0.411100281367356,0.72416038723247,-5.52382944160408
PPP3R1,-0.0238681448347399,6.11671700301248,-0.838689487543305,0.411305303771207,0.724226702569679,-5.52412116926894
MCUR1,-0.0407427126330091,6.31496961787853,-0.838682123611299,0.41130934267833,0.724226702569679,-5.52412691411165
PSMB8,0.0400897360267906,7.03470558699861,0.8379863644892,0.411691060835994,0.724640680315178,-5.52466948720259
DIDO1,-0.025380628225074,6.46188551958668,-0.837940985450982,0.411715965229961,0.724640680315178,-5.52470486056772
C6orf15,-0.0175853488016655,7.30128612838339,-0.837546229075341,0.411932651325735,0.724871075323295,-5.52501250165677
EPS8,-0.0459473442735548,6.89324706537223,-0.836389887488169,0.412567798013982,0.725662819633055,-5.5259128858413
IFT46,0.0163449572137127,6.98430420559405,0.836322014999181,0.412605097876539,0.725662819633055,-5.52596569879444
USP46,-0.0218005898999204,6.00079226954077,-0.836121195928525,0.41271547215906,0.725662819633055,-5.52612193685531
CHGA,-0.0283888203762154,5.57360150950853,-0.835975194600777,0.412795729286029,0.725662819633055,-5.52623550461175
MKRN2,-0.0201009555077657,6.09549453716232,-0.835945646271078,0.412811973251609,0.725662819633055,-5.52625848666521
CALM2,-0.031865559385406,10.4575474054873,-0.835312796259421,0.413159975333199,0.726064613192306,-5.52675052263464
ZFR,-0.0410677353145966,7.2732794124226,-0.835217502036554,0.413212393472402,0.726064613192306,-5.52682458317122
TFDP1,-0.0243670783890478,6.35857434382808,-0.834808908127659,0.413437195175155,0.726152595822381,-5.52714204424021
PLAGL2,-0.0178060562224864,5.86237545057705,-0.83470559350494,0.413494049516609,0.726152595822381,-5.52722229270012
NVL,-0.0199202285334872,6.2422121084498,-0.834657947124686,0.413520271135775,0.726152595822381,-5.52725929837637
CSF3,0.0216080922673762,6.8131234122745,0.834225830394897,0.413758129736994,0.726419321894369,-5.52759482234668
CLMN,-0.0329863145740607,6.45708079657762,-0.833794332568159,0.413995734464788,0.726685491530424,-5.52792970468972
RPL34,-0.0262954154497004,11.2672071689816,-0.833427012459802,0.414198068004823,0.726889652054155,-5.52821465232981
MYO9A,-0.0185002527426773,7.38180929689455,-0.833096309612671,0.414380285157221,0.726950659753993,-5.5284710944265
TP53BP1,-0.018275047010492,7.30282109243724,-0.8330516601616,0.414404890891714,0.726950659753993,-5.52850571040493
SELENOP,-0.0290575579972254,11.7113665225602,-0.831994720600244,0.414987627694734,0.727611138889986,-5.52932463465405
GTF2H3,0.0380219067135915,7.51544559212185,0.8319491435196,0.41501276802248,0.727611138889986,-5.52935992636835
SH3BP1,0.0240562313147762,7.75718216316546,0.831900272137566,0.415039726562099,0.727611138889986,-5.52939776696372
KCNC1,-0.0218373965367037,6.44034949005889,-0.831591998401258,0.415209802829247,0.727758314438319,-5.52963641244638
WDR91,0.0240061020058342,6.09923344362111,0.831385519612263,0.415323743019646,0.727807056929907,-5.52979620892829
IL18BP,0.0214722659376165,7.65822437679222,0.83112893804399,0.415465358837536,0.727904267505118,-5.52999472917604
OR2C1,-0.0165965107863238,6.16374871558072,-0.830453753938568,0.415838161591127,0.728406398309498,-5.5305168550919
UBA1,0.0425789646603398,8.70202985050565,0.830069822353073,0.416050243950514,0.728493473451029,-5.53081357689877
PRKAB1,0.0217188812954799,5.961624095036,0.830039623754535,0.416066928452223,0.728493473451029,-5.53083691049648
ZMYND11,-0.0294720530183854,7.82196465259887,-0.829690277862493,0.416259970314512,0.728493473451029,-5.53110678275062
IGLL1,0.0236393146076572,5.06980234897127,0.829543419709885,0.416341138275454,0.728493473451029,-5.53122020021225
TNFAIP8,-0.024917818460027,5.39129266529999,-0.829349605655692,0.416448273950175,0.728493473451029,-5.53136985279415
MTSS2,0.0220265454225011,5.51848096403963,0.829305712702132,0.416472539329754,0.728493473451029,-5.53140374000989
FARP2,0.0317863116653329,5.85905213406904,0.829271674301954,0.41649135742508,0.728493473451029,-5.53143001794577
DCAF1,0.0169390838723621,5.78981512614173,0.828978313766085,0.416653563843099,0.728626368889525,-5.53165645321805
SF3A1,-0.0168688387822903,7.32551219871114,-0.82875889111836,0.416774914313602,0.728687776939776,-5.531825769586
CCDC92,0.0406193368658034,7.60725897981123,0.82840212367607,0.416972270364943,0.728882019980093,-5.53210097838437
EPS8L3,-0.0176905012752066,7.12510574781084,-0.827898560851835,0.417250931201069,0.728944827984362,-5.5324892369354
TBC1D9,-0.0460703014849814,6.40308232315019,-0.827825163076007,0.417291557798512,0.728944827984362,-5.53254580997969
RNASE6,-0.0298000999578035,5.72083562754498,-0.827816994690276,0.417296079258264,0.728944827984362,-5.53255210566468
TSPAN12,-0.0367931117777819,5.05415638146578,-0.827477980593842,0.41748376164456,0.728944827984362,-5.53281334573868
DLK1,-0.0478640603167865,5.07966936660874,-0.82736632879755,0.417545585155023,0.728944827984362,-5.53289936144649
BMERB1,-0.0352763685564763,6.36109816063095,-0.827350065259967,0.417554591037772,0.728944827984362,-5.53291188985326
DDX18,-0.0286933062688183,7.54772163260396,-0.827172844652645,0.41765273436278,0.728944827984362,-5.5330483946184
C3orf18,0.0219688330717896,7.4436511765294,0.827071035614842,0.417709121980407,0.728944827984362,-5.53312680106874
RGP1,0.0290769050870334,6.53796816772422,0.82693478661041,0.417784591944173,0.728944827984362,-5.53323171681138
NSFL1C,-0.0195196458365108,7.61901211483155,-0.826492160874949,0.418029827225768,0.729212497475972,-5.53357244068947
GBF1,0.0202748987994306,7.33136874710941,0.826343508871695,0.418112207791248,0.729212497475972,-5.5336868317735
YTHDC1,-0.0573988426927858,7.08249080754139,-0.826111567038868,0.418240766765859,0.729212497475972,-5.53386527803372
ELOVL2,-0.0489783295136875,6.45382048257159,-0.826035034127094,0.418283192339176,0.729212497475972,-5.53392414900115
YIF1A,0.0481667787010729,8.53919220204218,0.825593033033776,0.418528266327943,0.729489243083977,-5.53426404765642
KCNJ4,0.0234578375351314,6.57003824780516,0.825210943015555,0.41874019490787,0.72951068485961,-5.53455773831359
RBCK1,-0.0258543409078707,8.19652511615948,-0.825171553449417,0.418762046430446,0.72951068485961,-5.53458800761873
COQ8A,0.0338022030934928,7.97115957550572,0.825103923779809,0.418799565947215,0.72951068485961,-5.5346399751774
CCL5,0.0321098044658592,5.47446148562262,0.824552130064224,0.419105768886846,0.729754240462559,-5.53506383288639
TRMT112,0.0344317955591865,8.1580822185439,0.824424059923773,0.419176858160105,0.729754240462559,-5.53516217162516
NCK2,0.0297127271738086,6.69613699060011,0.824385125563902,0.419198471385238,0.729754240462559,-5.5351920645805
TFF3,-0.0631734904965971,6.77939164777805,-0.824077655562248,0.419369178739473,0.729797828735489,-5.53542808720936
CCDC68,-0.0195765075881655,5.1629633437817,-0.824028915323842,0.419396243353791,0.729797828735489,-5.5354654940644
CP,0.0416425904126926,10.1174887556512,0.823729216355742,0.419562685278075,0.7298090766625,-5.53569545990657
SEMA6C,-0.0162810821267009,7.75430848551714,-0.823559552542579,0.419656928892861,0.7298090766625,-5.5358256122992
ZNF133,0.021651034340841,5.9864712312056,0.823400866095361,0.419745086980418,0.7298090766625,-5.53594732115801
PARP6,0.0176850717093765,7.09777108632614,0.823213741086852,0.419849059106736,0.7298090766625,-5.53609081369097
DAPP1,0.0213356690281117,7.34149301466439,0.822993730776252,0.419971324067092,0.7298090766625,-5.53625948473746
WDR82,-0.0312918592413377,7.30270371733569,-0.822937351044246,0.420002659242675,0.7298090766625,-5.53630270154031
WDR45B,0.0329816420319766,8.14160689940381,0.822929032313876,0.420007282817721,0.7298090766625,-5.5363090778703
C1S,0.0202195567389032,12.4823856341654,0.822557599656044,0.420213758939743,0.729889504043501,-5.53659372088761
MAPK1,0.0189568611739426,6.37659456857336,0.822535000053844,0.420226323925637,0.729889504043501,-5.53661103596441
FIG4,-0.0179851865216021,7.09304645919376,-0.822165528661599,0.420431777223443,0.730096283916584,-5.53689405006748
TPST2,0.0395963460213544,7.56253786987591,0.821718611592625,0.420680380710632,0.730370893790814,-5.53723622915173
SCARB1,0.0458310488681697,9.78506639810342,0.821570514053263,0.420762782363749,0.730370893790814,-5.53734958083691
TSR2,0.0246658896024347,7.79268566145268,0.821276428963438,0.42092644184863,0.730504915510561,-5.5375746128591
PTPN21,-0.0187811372388761,5.90750761099664,-0.82089180428442,0.421140547541637,0.730514439895318,-5.53786881197766
IP6K1,0.024466714319042,7.14969112047448,0.820798989761373,0.421192224081716,0.730514439895318,-5.53793978651452
RMDN1,-0.0313164978828929,6.30709459860898,-0.820460058221667,0.421380965670333,0.730514439895318,-5.53819890132863
NXPH4,0.0194403658395902,6.28210945274889,0.820443106720036,0.421390406891812,0.730514439895318,-5.53821185821741
STX8,-0.0351038791511195,6.87090516619235,-0.820369449012765,0.421431432459363,0.730514439895318,-5.53826815562778
SHOC2,0.0306146447858245,5.84234637752493,0.820175181909097,0.421539646628532,0.730514439895318,-5.53841661357141
MICAL2,-0.0361704886750669,7.13369070457743,-0.820026911817249,0.421622250493682,0.730514439895318,-5.53852989879733
RIN2,-0.0361876075480541,5.13982559613789,-0.819924636302052,0.421679235918755,0.730514439895318,-5.53860803091697
CITED2,0.0480408418401812,6.30142637193735,0.819719501946803,0.421793546410772,0.730514439895318,-5.53876471342146
MLH1,-0.0244001144211021,7.58189419282341,-0.819593703581305,0.421863656821413,0.730514439895318,-5.53886078069297
AP1G1,-0.031080836793692,6.46397289329813,-0.819559186188204,0.421882895466172,0.730514439895318,-5.5388871378696
LAG3,-0.0226361798511557,5.69999068176376,-0.81855310698523,0.422443887455659,0.731121333728033,-5.53965491678403
ADAMTS1,0.024628403568389,6.01252705201102,0.818531856769944,0.422455741685041,0.731121333728033,-5.53967112419174
PTK7,0.0208468458790007,5.83239641258637,0.818465149000808,0.422492955336566,0.731121333728033,-5.53972199924798
AQP6,-0.0223589072041241,7.48007028571793,-0.818148440986865,0.422669662486274,0.731277364457211,-5.53996348569734
GRK5,0.0192666144562457,6.9326836150813,0.817979060709362,0.422764187253815,0.731291173448257,-5.54009260059853
GCK,-0.0239882111633969,6.76544957802198,-0.817380822338725,0.423098148058683,0.731696022148587,-5.54054842535853
PARP16,0.0182777240391672,7.19732272651082,0.817249615111407,0.423171415413035,0.731696022148587,-5.54064835650652
VAT1,-0.0254425471608782,8.53897183143786,-0.81660869052115,0.423529428445588,0.732066695913409,-5.54113628800604
SF3B1,0.0317942221437223,8.72555764960144,0.816541533459578,0.423566952619867,0.732066695913409,-5.5411873935698
CLEC2B,-0.0299983290938108,5.42928368240469,-0.81640061599062,0.423645697398411,0.732066695913409,-5.54129461701701
IFT52,-0.0312207389975829,6.74131781998146,-0.816151702343648,0.423784812998634,0.732127649601736,-5.54148397211768
CPN1,0.0360860867030282,8.04984842841862,0.815944612685976,0.423900575426292,0.732127649601736,-5.54164146961007
SEPTIN2,-0.026389449701298,8.03765037432344,-0.815872486899624,0.423940898165833,0.732127649601736,-5.54169631454743
TCF7L1,-0.0166726183631147,6.65640441256897,-0.815293718571899,0.424264552436961,0.732364763784603,-5.54213625029656
DBP,0.033131162561191,6.67836259079772,0.815242388052303,0.424293264578219,0.732364763784603,-5.54217525381304
ITIH2,-0.0248773583925042,12.052753343403,-0.815162038744725,0.424338211063836,0.732364763784603,-5.54223630267173
WASHC3,-0.0357247786534305,6.75361344353212,-0.814779211270584,0.424552401451302,0.732584805444865,-5.54252709536454
TCF7L2,-0.0436683246226207,8.01860817408568,-0.81439643587787,0.424766630566436,0.732761988741458,-5.54281772118824
LRFN4,0.0217165994070229,6.45575163305124,0.814285879418057,0.424828518679811,0.732761988741458,-5.54290163852661
FADD,0.0257148975446596,6.57427256328929,0.813914567410182,0.425036415892207,0.732970962099826,-5.54318340334479
PRKCQ,-0.0189506308018991,6.72548332970164,-0.813482047215992,0.425278663998413,0.732995761476565,-5.54351146405099
LPCAT1,0.0313631075372207,6.28239485397191,0.813469928517273,0.425285452748134,0.732995761476565,-5.5435206535782
LILRB5,0.0327196609676939,6.0946314760335,0.813424268099413,0.425311031777467,0.732995761476565,-5.54355527641753
THSD4,-0.0190619299685333,5.38974842216549,-0.813096430399096,0.42549471525485,0.733162794433827,-5.54380381208202
PTPN1,-0.0190752862980922,6.68838573273508,-0.812788414807659,0.425667337977582,0.733310704568924,-5.54403723537174
PAIP2B,-0.0332321363732774,7.01692492459908,-0.812211749493574,0.425990639478532,0.733674273581331,-5.54447402759206
IGSF9B,0.0222186468843404,5.81707408028195,0.811965750926308,0.42612860288463,0.733674273581331,-5.54466026998967
PPIF,0.0528503002325892,8.66392614904009,0.811947470561017,0.426138856181914,0.733674273581331,-5.54467410772235
LRRC15,-0.0226013050028487,6.16233403001512,-0.811454240195369,0.426415563157837,0.733860250747134,-5.54504735982973
ZBTB20,0.0319771995117371,8.82467187551682,0.811199011734387,0.42655879297002,0.733860250747134,-5.54524042092677
TNFRSF1B,0.0250576717812915,5.45058735055452,0.811158207866697,0.426581694191284,0.733860250747134,-5.54527128072556
ATP5PD,0.0352084639631099,9.54121482776357,0.811135808003331,0.426594266469813,0.733860250747134,-5.5452882210353
TYMS,0.0411779254213588,6.35944746007031,0.810940270072978,0.426704025091134,0.733899656425826,-5.54543608167061
CDIP1,0.0284982746659416,6.29612920531263,0.810260851508058,0.427085531272641,0.734319710369474,-5.54594958159277
REXO2,-0.0325343898282616,8.05456969367965,-0.810013016093302,0.427224748618526,0.734319710369474,-5.54613679396629
QTGAL,0.0220311983603755,6.22820730328369,0.809845754999858,0.427318720758174,0.734319710369474,-5.54626311111172
CSTF2T,-0.0182416924162005,5.9364285146222,-0.809654392415941,0.427426249682319,0.734319710369474,-5.54640760007791
RGS12,0.0199510216412138,6.65921748706874,0.809506494698544,0.427509366778682,0.734319710369474,-5.54651924892374
NOP10,-0.0362927519438125,8.78800823439309,-0.809501005233677,0.427512451999865,0.734319710369474,-5.54652339258638
ENTPD5,-0.0322325341390021,8.00620105642947,-0.809422518511162,0.427556565090865,0.734319710369474,-5.54658263456497
SRBD1,-0.0192607950908981,5.32402775850396,-0.808704058855034,0.427960504297283,0.734768753396696,-5.54712468065606
ALDH1A1,0.0671474537936679,9.34931340416701,0.808648182747606,0.427991929493318,0.734768753396696,-5.54716681788807
ATG16L1,-0.013738439904331,5.77921591216547,-0.808227389214965,0.428228633695129,0.735025788081219,-5.54748405899406
PRPF31,0.0387572337827583,6.3652723595161,0.808013493725464,0.428348985264984,0.735083047418585,-5.54764525820146
LHX6,-0.0267698834181523,7.02531521770178,-0.807661509351204,0.428547080682026,0.735273671423983,-5.54791043939835
MBD1,0.0195772186340808,7.45157302942419,0.807126636668935,0.42884821450962,0.735640968860392,-5.54831320020819
TFG,-0.0209648598782345,9.28859517561501,-0.80684823290732,0.429005008395217,0.735760568487839,-5.54852274056383
MS4A6A,0.0329009243292912,8.05108788304898,0.806220685099974,0.429358567613849,0.736217511432026,-5.54899481640206
PLIN3,0.0248669448162664,7.17131373316663,0.805964895808732,0.429502730984191,0.736315292517024,-5.54918713675125
APOBEC3G,0.0189195704272619,7.51029997477622,0.805458981676568,0.429787954207073,0.736333787277028,-5.54956735073092
SOCS7,-0.0226018905737291,5.55727452689147,-0.805428185741176,0.429805320091869,0.736333787277028,-5.54959048786682
COG2,-0.0192959702741129,6.84473419277187,-0.805397645522766,0.429822542209841,0.736333787277028,-5.5496134320656
COBL,-0.0222466655501432,7.80899820388306,-0.805269811120133,0.4298946347494,0.736333787277028,-5.5497094624428
ZNF771,0.019908161022014,7.58425488851534,0.80506937963337,0.430007683789481,0.736333787277028,-5.54985999976407
HGF,-0.0200086580363365,5.58615197217661,-0.805018543446649,0.430036359788418,0.736333787277028,-5.54989817554446
IL1RN,-0.0286029902542009,7.3875213693491,-0.804641890714036,0.430248861618477,0.736548395598893,-5.55018095535297
FST,-0.0489726742469956,9.00532582939009,-0.804110571342383,0.430548735390223,0.736912459802994,-5.55057964421155
DIPK1A,-0.0523070028926849,7.35914713758068,-0.803635120825022,0.430817187540035,0.737222607272842,-5.5509362019607
DDIT4,0.0647061345812951,6.81880740767939,0.803175836495267,0.431076610874743,0.737444728829675,-5.55128044906319
KYNU,0.0190972508064177,8.2987812498993,0.803096322268045,0.431121533777348,0.737444728829675,-5.55134002864723
IDH3A,-0.0262296007089284,5.51181444646138,-0.802802586496787,0.431287510040907,0.737579328040005,-5.55156007551409
PNN,0.0260479201667634,10.0891311244096,0.802228477469366,0.431612026953982,0.737984950983639,-5.55198994184917
DBI,-0.0262681344607465,11.0149802996939,-0.801868090627564,0.431815814401369,0.738184024214358,-5.55225963610875
UBE2D4,-0.0298469963572066,8.68337027178312,-0.801127483688906,0.432234792381088,0.738675291590964,-5.55281351137097
NPHP4,0.0234855146134389,6.06349315760886,0.801051087745874,0.432278025670689,0.738675291590964,-5.55287061814477
OXT,0.0439349930826582,6.59857064775533,0.800354332208428,0.432672451321389,0.739081294108118,-5.55339121541126
MYBPC3,0.0200085814780637,6.93892644650699,0.80023616480689,0.432739366781546,0.739081294108118,-5.55347946497581
MT2A,-0.0335451411473199,13.1559848485068,-0.800106142404539,0.432813002890137,0.739081294108118,-5.55357655399978
SASH3,-0.0179317424974248,6.80683722753938,-0.800013485864876,0.43286548219421,0.739081294108118,-5.55364573256487
NTHL1,0.0330112452915099,7.47310531427977,0.79964318574338,0.433075254248097,0.739243311563294,-5.55392212864584
USP48,-0.0369195571590782,7.17889298659076,-0.799516644247528,0.43314695347754,0.739243311563294,-5.55401655319206
TNFAIP3,-0.0245378493644741,7.06552429123245,-0.799209682171879,0.433320910829258,0.739243311563294,-5.55424554851767
ZNF669,-0.0267793163790562,5.73046368150922,-0.799066407637557,0.43340212027474,0.739243311563294,-5.55435240394102
BCCIP,0.019643505726878,5.50889299140523,0.79899441199863,0.433442931696172,0.739243311563294,-5.55440609216978
LRRC47,-0.0316812072773922,8.0803517440947,-0.798892394353898,0.433500765469776,0.739243311563294,-5.55448216051593
VPS26A,0.0327290429320187,6.93002472440608,0.798765402942311,0.433572763563039,0.739243311563294,-5.55457683759443
SFSWAP,-0.0196176082261363,6.97191703153763,-0.798464349244353,0.433743476376763,0.739385187690872,-5.55480122872445
TSPAN9,0.0296170738226132,7.70702398639231,0.798091488586787,0.433954965267916,0.739531707140946,-5.55507903173868
CLDN1,0.0425150354948818,6.1060654090061,0.797990202573835,0.434012426384791,0.739531707140946,-5.5551544747959
NUCB2,-0.0529523507825457,5.85059337219383,-0.797849980529528,0.434091984309952,0.739531707140946,-5.55525890464715
SLC16A8,0.0215566693627929,6.07353894686272,0.797216732615807,0.434451383592316,0.739983952033392,-5.55573029999561
TPPP3,0.0160509121237198,5.54904090783068,0.796742489564466,0.434720660708675,0.739983952033392,-5.55608310153536
UMPS,0.0220183916128693,7.08566940987976,0.796698799449631,0.434745473340132,0.739983952033392,-5.55611559385457
CLUH,0.0323872675186682,8.6681342338303,0.796466045205918,0.434877674691506,0.739983952033392,-5.55628866500226
ZMAT5,0.0264960881417954,5.96967463901826,0.796461806038806,0.43488008271391,0.739983952033392,-5.55629181671907
AIMP2,-0.0319293890197533,8.15067696662297,-0.796456887908677,0.434882876425778,0.739983952033392,-5.55629547320857
VAPB,-0.0234436295821909,7.43678433365098,-0.796152518682395,0.435055793049563,0.740062148194125,-5.55652172196227
FLVCR2,-0.0167971696253144,5.40679937753386,-0.796067687745739,0.435103994346557,0.740062148194125,-5.55658476548276
PSMB6,0.0309834773062668,8.86945554884037,0.795675092084278,0.435327111986817,0.740229321441538,-5.55687644765825
PLEKHA8P1,-0.0189768675733278,6.40572566182234,-0.795586477782721,0.435377482552005,0.740229321441538,-5.5569422657683
MAT2B,-0.0473812611640024,8.42775934194114,-0.795255022946154,0.435565921725066,0.740400731960734,-5.55718839245816
PCM1,0.0331391936288741,7.39143406257785,0.795049766252657,0.435682639891133,0.740450182437666,-5.55734076075657
TMEM115,0.0315221736099437,6.37614920039976,0.79465027155756,0.435909866066217,0.740629848021631,-5.55763721236086
P4HA1,-0.0733054309121516,7.14260334939618,-0.794545634142376,0.435969394281097,0.740629848021631,-5.55771483724176
KAT8,0.02284827425059,6.88701686668953,0.794386134666426,0.436060143204729,0.740629848021631,-5.5578331429441
ARFGAP1,0.0237752417614704,7.63341960687413,0.794247642023624,0.43613894955688,0.740629848021631,-5.55793584920627
SFMBT1,-0.0185932340895879,6.32926571224776,-0.794056174848404,0.436247914488844,0.740666039266774,-5.5580778138385
GALT,0.0398512449002442,8.31822667539962,0.793846653739477,0.436367173321596,0.740694359517948,-5.55823312799177
KLK14,0.0190588866637285,6.48720042789893,0.793633339560651,0.436488611895102,0.740694359517948,-5.55839121448648
HAMP,0.0600510185181962,10.4206181124157,0.793564926744473,0.436527563360874,0.740694359517948,-5.5584419066005
DERA,-0.0349109649925016,6.81449153619306,-0.793229083266658,0.436718810140143,0.740730401875773,-5.55869069856682
AGTPBP1,0.0228622196907137,5.36055934695178,0.793219750055218,0.436724125697645,0.740730401875773,-5.55869761117819
SNAP25,-0.0163987398316792,6.45004190545905,-0.792799103780794,0.436963738552083,0.740842423943142,-5.55900908240727
BRD1,0.0219635946839474,6.62215291556573,0.792795977576802,0.436965519636996,0.740842423943142,-5.55901139665376
SLC37A1,0.0174295382153754,5.60325685615742,0.792290409500093,0.437253614856213,0.741098212690367,-5.5593855430362
HMGXB4,0.0227276602967281,6.44800005307751,0.792223419682518,0.437291797452565,0.741098212690367,-5.55943510219014
CLIC5,0.0233207548378061,6.52103473010155,0.791629308081834,0.437630517112427,0.741523535111291,-5.55987445511222
TM4SF1,-0.044916173346881,6.72416908890078,-0.791260856116996,0.437840663363414,0.741730875184612,-5.56014677495246
SNX11,0.0206832275411222,6.82813979429774,0.790927945391803,0.438030592326212,0.741779731642357,-5.56039272451436
ACSF2,0.0325055088449333,6.95034426055647,0.790902568314983,0.438045072295309,0.741779731642357,-5.56041146875291
DPYSL3,0.0307145464530146,5.96507930374202,0.790572775986372,0.438233276213716,0.7419497463446,-5.56065501165452
LDB2,-0.0467362493104072,5.91207726827652,-0.790333980477955,0.438369581785612,0.741953649954748,-5.56083129646847
OPRD1,0.0191433414495694,5.23141187482418,0.790261091760639,0.438411192215864,0.741953649954748,-5.56088509481142
SS18,-0.028686350275536,6.37772659310165,-0.789788986044056,0.438680765176605,0.742261206596377,-5.56123343826137
MCFD2,-0.0437618352448078,6.90180555880677,-0.788900681872673,0.439188265355655,0.742971139590647,-5.56188834563627
KIAA0753,-0.0158832854174614,6.58074846052826,-0.788450648497675,0.43944551371664,0.743257524200483,-5.56221987198215
PUS1,0.027960155151737,5.43206318426096,0.787757377663373,0.439841983464623,0.743505478047741,-5.56273023757377
USP47,-0.0435805307559435,7.28899677589087,-0.787692374975564,0.439879168697389,0.743505478047741,-5.5627780690822
LGALS1,0.0693302443503497,8.55534995181352,0.787543424160295,0.439964384340478,0.743505478047741,-5.56288765895173
NPAT,-0.0275589059734938,5.74854014183983,-0.787389547801199,0.440052428603062,0.743505478047741,-5.56300085238451
AGL,-0.0497579930067998,7.27952056019918,-0.787315804543485,0.44009462652813,0.743505478047741,-5.56305509153278
ENTPD7,-0.0207314799162613,5.1400268815458,-0.787133330536076,0.440199053906904,0.743505478047741,-5.56318928314383
C6orf120,-0.0346884746197234,6.05093094183815,-0.787117636167361,0.440208036292645,0.743505478047741,-5.56320082344148
CIDEA,0.0210897541348811,6.02887082314798,0.786701354607458,0.440446328683837,0.743600636503762,-5.56350684266016
PNPLA2,0.0212297288381223,10.148622061848,0.786649494479736,0.440476020585121,0.743600636503762,-5.56354495574463
GAS6,0.0293497224441511,8.88910680803641,0.786495117687004,0.440564414486604,0.743600636503762,-5.56365839652468
SMARCC2,0.017728546337068,6.93144526643098,0.786364409656575,0.440639264542082,0.743600636503762,-5.56375442847205
TRMO,0.0175506557973917,6.44925495548615,0.786213252708993,0.440725834452504,0.743600636503762,-5.56386546571536
SLC48A1,0.0164016190027166,6.99029752010896,0.786097076791883,0.440792377307378,0.743600636503762,-5.56395079291749
C6orf62,-0.0276683049802654,6.33644486144746,-0.785887898953538,0.440912205091905,0.743654317969381,-5.56410439704139
FAM120A,0.0298546329752234,8.47453794231857,0.785419402758921,0.441180656481034,0.743958600531777,-5.5644482856967
PLOD3,0.0262389339108372,7.56566072363124,0.785130900347891,0.441346020298571,0.744062885601159,-5.5646599585534
SEPTIN9,-0.0160516138380395,9.4084199107433,-0.785004279404118,0.441418608937114,0.744062885601159,-5.56475283673647
LGALS8,-0.0291944543864828,6.83847462369714,-0.78452527922094,0.441693274290825,0.744377376896185,-5.56510406290576
VPS28,0.0482399545129922,8.03618508116801,0.783967696175618,0.442013132541679,0.744767890324464,-5.56551265683228
C2CD5,-0.0274236139658248,5.65955361990564,-0.783561514027832,0.442246229119592,0.745012088528818,-5.56581013359406
GVINP1,-0.0257944473894043,5.35032729573546,-0.783288941042118,0.442402693498546,0.745014955504249,-5.56600967763266
RBM7,0.0240869716668466,6.15120547568619,0.783113900303706,0.442503189627797,0.745014955504249,-5.56613778638278
USP25,-0.0256453552922094,6.32547607476171,-0.782826929161521,0.442667978705915,0.745014955504249,-5.56634775665635
AK1,-0.0241893324865234,7.60922552687649,-0.782475898541358,0.442869604289074,0.745014955504249,-5.56660449971865
GON4L,-0.0148276142999133,6.73348038159895,-0.782327101982516,0.442955087339888,0.745014955504249,-5.56671329663892
HYAL1,0.0297808383138212,9.45274763328684,0.782236764590547,0.443006990768203,0.745014955504249,-5.56677933998201
PLK3,0.0196296027914847,6.33513622436079,0.78202426322181,0.443129098344437,0.745014955504249,-5.56693466607894
UPB1,0.0298293646162265,9.87910825235202,0.781993953391209,0.443146516669109,0.745014955504249,-5.56695681757239
CD7,0.023812144485486,6.69204885048556,0.781971037049487,0.44315968641412,0.745014955504249,-5.56697356510908
KDM5D,0.0267345181717105,5.57615515175444,0.781970275512625,0.443160124064289,0.745014955504249,-5.56697412164143
PSMD4,0.036060358674538,8.47588934143566,0.781869967142601,0.443217772937262,0.745014955504249,-5.56704742271719
FOXJ3,-0.0218145108361795,6.85612201871635,-0.781258481891793,0.443569303172173,0.745236788056648,-5.56749407937968
IKZF1,-0.0179641225933175,7.46761104647619,-0.78097350188352,0.443733190735145,0.745236788056648,-5.56770212983074
LRPAP1,0.0361331267993702,7.63048867264931,0.780883478705325,0.443784969384445,0.745236788056648,-5.56776783671295
GRINA,0.0395249826267149,8.18378166462975,0.780814235929087,0.443824798288209,0.745236788056648,-5.56781837138705
PSMA4,-0.037266803702384,7.16496552968365,-0.780804483840914,0.443830407930152,0.745236788056648,-5.56782548830599
INHBE,0.0841233895146323,8.26713375574363,0.780720175761649,0.443878905833031,0.745236788056648,-5.5678870115277
ADNP2,0.0306927274628421,7.02559020320662,0.780325866164966,0.444105774094257,0.745469565176096,-5.56817467346157
SLC6A8,0.0224054667120288,6.5774881468376,0.780015525983543,0.444284380083445,0.74562125356606,-5.56840098109621
STAT6,0.0264696802632756,8.60757085834977,0.779776304752287,0.444422085981037,0.745643134099901,-5.56857536944424
MRPL40,-0.0322263486915056,7.71593576803824,-0.779677766968978,0.444478816121938,0.745643134099901,-5.56864718728377
IQGAP1,-0.0473723028939229,6.8043922318294,-0.77916308321831,0.444775201834261,0.745643134099901,-5.56902216877017
ZNF131,-0.0291984611852318,5.14973290803938,-0.779153563756894,0.444780684850611,0.745643134099901,-5.56902910214639
ORMDL2,-0.0287026095347389,7.42448617739475,-0.779135337635954,0.444791182841516,0.745643134099901,-5.56904237668346
RBM47,-0.0515298842395314,8.09512065371822,-0.779073383799986,0.444826868520426,0.745643134099901,-5.5690874970253
ENTREP1,-0.0244602988554055,6.76137537109449,-0.778516466980729,0.445147733797756,0.745795569079065,-5.56949294273832
GLYAT,0.0312515862004053,9.79985199859907,0.778506320152723,0.4451535811648,0.745795569079065,-5.56950032729385
RIPOR2,0.0200852430905194,5.36146904235289,0.778455990064757,0.445182585850272,0.745795569079065,-5.56953695468021
TIA1,0.0190638275213301,6.9534742900598,0.778232131439798,0.445311607179808,0.745805152487782,-5.56969983939477
UBR2,-0.0310770233741951,7.30478579793118,-0.777973384302332,0.445460765097589,0.745805152487782,-5.56988805505101
SLC4A5,0.0131771452848541,5.44614623693394,0.777854918639346,0.445529066271081,0.745805152487782,-5.56997420874982
AUH,-0.0271094154657401,6.4881739770956,-0.777833613717478,0.445541350267257,0.745805152487782,-5.56998970136685
ALDH3B1,0.0134434909086352,7.26268304929573,0.777523746254834,0.445720037152759,0.745833360869396,-5.57021498730403
UFD1,0.0205046072904783,7.34025322679862,0.777498269436815,0.445734730460408,0.745833360869396,-5.57023350621512
EHD3,-0.0291102622426961,6.41634604469751,-0.777054914272817,0.445990475242814,0.746113545001342,-5.57055568666396
SEC11A,-0.0238277318398407,8.90856582367448,-0.776382002790197,0.446378808710284,0.746471188746571,-5.57104435329163
CHRNA10,0.0187454878671129,5.74732836725029,0.776330147473199,0.446408742705598,0.746471188746571,-5.57108199400866
INSR,0.0388416782441643,7.99931671164731,0.776193026396095,0.446487903120951,0.746471188746571,-5.57118151603595
TTLL5,-0.01413499430717,6.66646805907073,-0.776072281779905,0.446557616463185,0.746471188746571,-5.57126913842424
RTL8A,0.0143566896643433,6.13965253626304,0.775515712105425,0.446879044638111,0.746860745093362,-5.57167286654532
DYNLT3,-0.0408743596433053,7.37661078432953,-0.775185178297481,0.447070000286517,0.747032134154849,-5.57191250266693
KHSRP,-0.0310415875774732,7.71103572002062,-0.7749739982418,0.447192029113048,0.747088304864621,-5.57206555744718
TSPAN8,-0.0860880893476016,5.42814174603869,-0.773948250442562,0.447785039308469,0.74793112910784,-5.57280842130866
RRBP1,0.0456277220713169,8.53730822129802,0.773694060554008,0.447932066982001,0.748028847035159,-5.57299236713443
GATAD2A,0.0202960636056958,6.98087473064379,0.773278605437436,0.448172436593834,0.74828237289427,-5.57329289126611
TMUB2,0.0206674665765846,5.81134062069006,0.773077844988888,0.44828861864959,0.748328492214349,-5.57343805929206
ZFC3H1,-0.0372798360696337,6.66597512494181,-0.772872270867826,0.448407605468199,0.748359635569562,-5.57358667137174
MAP2K3,0.0291714725335485,9.00465286332122,0.772608342465399,0.448560396138243,0.748359635569562,-5.57377741408603
RNF187,0.0335755493731967,7.95801290421732,0.772586633654557,0.448572964989329,0.748359635569562,-5.57379310045772
OXA1L,0.0247121331125469,8.44484076624215,0.772155263859272,0.448822761708034,0.748368768411656,-5.57410471421664
ADGRG3,0.021151019989455,6.50866278157275,0.772031029740388,0.448894718671951,0.748368768411656,-5.57419442839689
PTS,-0.038901806404922,7.73174893212298,-0.772017592061339,0.448902502258035,0.748368768411656,-5.57420413144349
STAB1,0.0345251419866899,9.04159920394905,0.771952495936204,0.44894020943541,0.748368768411656,-5.57425113365046
LAMA3,-0.0209643139953968,5.74589010446947,-0.771812583039946,0.449021261046994,0.748368768411656,-5.57435214419479
PAIP1,0.0254185211516482,6.98567536757552,0.771154500892361,0.449402608012384,0.748701849534746,-5.57482701801186
PRLR,-0.0161794830171525,5.91011626248965,-0.771138512571102,0.449411875416874,0.748701849534746,-5.57483855049383
RIC8A,0.0158551071909439,7.76418315898039,0.770934574224666,0.449530095613594,0.748701849534746,-5.57498563287497
ATF7IP2,-0.0202523692513511,7.52239209672181,-0.770338980337649,0.449875461481913,0.748701849534746,-5.57541497200682
AP2A2,0.0339615387074133,8.03194603594919,0.770249400721481,0.449927419816386,0.748701849534746,-5.57547951930698
PON2,-0.0320351160831454,8.98306111713496,-0.770207192623575,0.449951902796098,0.748701849534746,-5.57550993024193
ETFB,0.0417224622412062,9.8890601022504,0.770204654169107,0.44995337526285,0.748701849534746,-5.57551175914849
SIGLEC15,-0.0259438689374223,5.32694194896679,-0.770185128545134,0.449964701477867,0.748701849534746,-5.5755258267877
SOX9,0.0237462836098622,5.45032038351602,0.770092312408268,0.450018543643429,0.748701849534746,-5.57559269351069
AIF1,-0.0209656751397109,7.79770695860825,-0.76989951396895,0.450130397567532,0.748740523512922,-5.57573156542471
FHIP2B,0.0311693799736695,6.3064000997283,0.769400109218118,0.450420210874952,0.748902098007349,-5.5760911327198
CDK5RAP2,0.0217209975150412,5.89078452338389,0.769225965495128,0.450521296219956,0.748902098007349,-5.5762164632279
IRS1,-0.0371724250984193,7.45544013428885,-0.769206654749985,0.450532506393739,0.748902098007349,-5.57623035944888
CTBS,-0.0193114708483843,6.67924960981832,-0.769121325456434,0.450582043345487,0.748902098007349,-5.57629175940784
GPER1,0.0347939862837183,7.34804230305988,0.768631893155279,0.45086624172187,0.749227088013726,-5.57664381407101
TAPT1,-0.0250027644114469,6.79318490252249,-0.76840539255383,0.450997800594832,0.749280691138806,-5.57680666747529
IL9R,-0.0171207832866553,6.25333488903653,-0.768189480416902,0.451123231077153,0.749280691138806,-5.57696186581884
BCL2L1,0.0413504569073335,5.74528300853373,0.768118422568826,0.451164515563816,0.749280691138806,-5.57701293346839
SLC2A9,-0.0209873338037286,7.46437488923011,-0.767153811060438,0.451725180402852,0.750064408411102,-5.57770573858457
DSG2,-0.0216101087620346,5.22368391102725,-0.766785622405566,0.45193929569358,0.750272504638655,-5.57796996402812
GMFG,0.0258545311036151,6.49441415506772,0.766528317040445,0.452088964848747,0.750304661604894,-5.57815454487096
MKRN1,-0.0204229531237932,7.25732661949969,-0.766291509168649,0.452226737638446,0.750304661604894,-5.57832437016484
PLEKHO1,0.0249357285162186,5.6673005191827,0.765858878158298,0.452478504477325,0.750304661604894,-5.57863450145856
ADAP2,-0.0259549386491149,6.97674198607391,-0.765794787244689,0.452515809007883,0.750304661604894,-5.57868043099455
ELK4,0.0260273010679237,5.43794078974959,0.7657446942986,0.45254496723073,0.750304661604894,-5.5787163266377
IDI1,0.0529233913213951,8.44206152927967,0.765688383516645,0.452577746107983,0.750304661604894,-5.57875667522773
KDM6A,0.0232442684179239,5.27692083123512,0.765684133477901,0.452580220142029,0.750304661604894,-5.57875972041182
CFAP70,-0.0232012718116696,7.53638351166404,-0.764784382276036,0.453104168424435,0.750929023612004,-5.5794040410625
FUT5,0.0306114224020931,5.70096309844657,0.764732199590941,0.453134567029303,0.750929023612004,-5.57944138774634
IRF2BP1,0.0188095009689194,8.03539434746022,0.764427240682409,0.453312243133261,0.751076167544324,-5.57965959621823
SEMA5A,-0.0274217361738579,6.84548249904295,-0.763949053359649,0.453590931156459,0.751390583860435,-5.58000159077371
SF3B5,0.0357199697955098,8.41856521946511,0.763752470194323,0.453705530129786,0.751433110465834,-5.58014212663389
DMTF1,-0.026170599304965,5.97204702075188,-0.763427539956968,0.453894988032653,0.751599578458929,-5.58037434231706
MEF2C,-0.0316686918179236,5.94785153341946,-0.76278975171901,0.454267004218777,0.751946406891141,-5.58082987592793
ZBTB22,0.017373032406907,7.54875002466635,0.76266297557557,0.454340973609112,0.751946406891141,-5.58092038181544
DEK,-0.0312549574042145,7.34491118740632,-0.762610826626941,0.454371402791262,0.751946406891141,-5.58095760700759
RAB11FIP5,-0.0171960986329718,6.78723507084657,-0.762432210444959,0.454475635613017,0.751971631276678,-5.58108508945731
BTN2A1,0.0180706411178312,6.64461331001933,0.761976153602953,0.454741836696869,0.752264784668861,-5.58141046025411
WSB1,-0.0326660785910148,8.10532391699877,-0.761704882659371,0.454900222724062,0.752372757708689,-5.58160390990736
SYNGR1,-0.0197327879724455,6.9171708080003,-0.761422998357504,0.455064840902135,0.752372757708689,-5.58180485955859
MACROD1,0.03187494998368,6.90869871995143,0.761406938751938,0.455074220668534,0.752372757708689,-5.58181630602219
APOF,0.050427476741053,8.56133525965313,0.761085606429765,0.455261922473476,0.752535846029123,-5.58204528750226
GALNT6,0.0151358582000702,5.53670877542073,0.760912029589753,0.455363334448652,0.752556263659517,-5.58216894057578
LRP10,0.0242878495832801,7.68251040668101,0.76028754122094,0.455728303712391,0.752864501072711,-5.58261359562502
NUP153,-0.0395272834204525,5.5205495093489,-0.760276682153128,0.455734651633127,0.752864501072711,-5.58262132457961
UQCC1,-0.0180035072964639,6.5427165613407,-0.760135590990833,0.455817134613963,0.752864501072711,-5.58272173694385
STK16,0.0229747238379394,6.30736907238045,0.75984130358202,0.455989206340103,0.753001523074823,-5.58293112024963
EHD2,-0.0157002220434535,7.59078608278838,-0.759304105344002,0.456303410798159,0.753373157726542,-5.58331313609685
SUSD6,-0.0191386243941603,7.1508994269172,-0.758714128730993,0.456648635716079,0.753429587997713,-5.58373239114511
LETMD1,0.0178005113360241,7.49760859579,0.758530875321002,0.456755898576857,0.753429587997713,-5.5838625540905
SNX4,-0.0308596126739752,6.7665432670013,-0.758485439561544,0.456782495630586,0.753429587997713,-5.5838948220493
CMAHP,-0.0369165846143487,5.2690355666519,-0.758199701093665,0.456949781820266,0.753429587997713,-5.5840977085672
GID4,-0.0251177238928743,5.33182133134689,-0.757982462102743,0.457076989589172,0.753429587997713,-5.58425190939307
GTF2E2,0.0172090677731341,5.91536883400262,0.757938361628371,0.457102815937532,0.753429587997713,-5.58428320776395
MARCHF6,-0.0342151439454458,8.55557949216392,-0.757921851351905,0.457112484997776,0.753429587997713,-5.58429492476518
MYO18A,0.0273109747177654,7.83193099464388,0.757869068732621,0.457143397381268,0.753429587997713,-5.5843323818854
VAMP8,0.0425484277529724,7.77572590123995,0.757810097312515,0.457177935756479,0.753429587997713,-5.58437422797682
EBLN2,-0.0191319364419264,6.95262960743602,-0.757722534978563,0.457229222160033,0.753429587997713,-5.58443635651381
EFEMP1,0.0505186234844187,5.84724456681499,0.75678472857455,0.457778725296457,0.753890912582087,-5.58510133923025
EPHA4,-0.0197884897981611,6.20871527749694,-0.756637258144562,0.457865171104518,0.753890912582087,-5.58520583749865
LRP6,-0.0213507145646893,7.70187300864842,-0.756634808119786,0.457866607369594,0.753890912582087,-5.58520757343632
DNAJB6,-0.018730319057943,5.31522180674037,-0.756631926044046,0.457868296917101,0.753890912582087,-5.5852096154921
BLK,-0.0168182387658177,6.13964775476923,-0.756404805053486,0.458001452948872,0.753890912582087,-5.58537051597466
NAB2,0.0213740416357251,7.36363575945573,0.756331405371295,0.458044490555791,0.753890912582087,-5.58542250516433
TDRD7,-0.0155708917496573,5.45251814534558,-0.756101794403775,0.458179137758531,0.753965669729228,-5.5855851085566
DTNB,0.0240723592131617,6.3130481156907,0.755828640592342,0.458339350183135,0.754082458926692,-5.5857784871129
RNF40,0.024988970423586,7.11494478469499,0.755267596674687,0.458668524140386,0.754414499030526,-5.58617547043886
ABCA7,0.0298068181376414,5.92777975584882,0.755030298070539,0.458807794086216,0.754414499030526,-5.58634329461349
MOK,0.0189001512865755,5.77055875943494,0.755028231331615,0.458809007161879,0.754414499030526,-5.58634475605065
FRAT1,0.0314467896671082,7.00565834636605,0.754501810715408,0.459118053467488,0.75462348354834,-5.58671687713957
TRIM68,0.0158778711663888,5.39108223478888,0.754489789532578,0.459125112219173,0.75462348354834,-5.58672537193085
ACAD10,0.0296863316581299,7.93923844534508,0.754176033597151,0.459309370540499,0.75462348354834,-5.58694704307619
TRIP6,0.0437745248973329,7.09234415493276,0.754167374917359,0.459314456123249,0.75462348354834,-5.58695315927355
CLBA1,-0.0212355768726437,7.32065574378136,-0.753757003979447,0.459555521954946,0.75462348354834,-5.58724295553617
GOLGA3,0.024131569742589,7.33180490992524,0.753743958766394,0.459563186404498,0.75462348354834,-5.58725216538513
NRIP1,0.0289004713690611,6.90405457339,0.753657748425333,0.459613839470089,0.75462348354834,-5.58731302563997
THBS1,-0.0225540424587701,6.03215382160761,-0.753396564018848,0.459767319413213,0.75462348354834,-5.58749736895034
RPL27A,0.0256753847083856,11.7735517572615,0.75333849461798,0.459801446957111,0.75462348354834,-5.58753834601378
VRK2,-0.0217519574175844,6.70926989752692,-0.753291358815403,0.459829149916024,0.75462348354834,-5.58757160552283
IMPA1,-0.0580160314820534,7.76531776990326,-0.752136832915014,0.460508008706742,0.755342666538477,-5.588385638951
ERH,-0.0311609867061051,8.60100409892059,-0.752067784748896,0.460548627961172,0.755342666538477,-5.5884342861794
STXBP1,-0.0159719948967147,5.63542681946646,-0.751921093349815,0.46063492987106,0.755342666538477,-5.58853762224608
PPA1,0.0258550763726996,9.22453979970753,0.751693532870798,0.46076882813922,0.755342666538477,-5.58869788858008
GRM8,0.0194594356789967,5.31796932003861,0.751634416681196,0.460803616367849,0.755342666538477,-5.58873951546283
BLVRB,0.0345016249298282,9.29222531682836,0.751500331216515,0.460882527771173,0.755342666538477,-5.58883392080621
SACM1L,-0.0449725667821958,6.01907763252745,-0.751482349203789,0.46089311108549,0.755342666538477,-5.58884658016719
PSMD10,-0.0324222494193332,6.1995814331469,-0.750511060853089,0.461464979725134,0.75579211570421,-5.58952994444223
FHOD1,-0.0195441928552253,5.58249930926554,-0.750494551321858,0.461474703775868,0.75579211570421,-5.58954155276977
PEX12,-0.0195831792470409,5.77672518816649,-0.750488082534163,0.461478513900605,0.75579211570421,-5.58954610109535
CD40,0.0182395160855886,8.7318535770484,0.750408947152417,0.46152512627618,0.75579211570421,-5.58960173967201
ZNF76,0.0174722369944317,7.51870517264964,0.74992228477906,0.461811842585597,0.756082638071243,-5.58994378116301
BAK1,0.0188761815369962,5.81071975176584,0.749804097594019,0.461881488488018,0.756082638071243,-5.59002681524774
MOAP1,-0.029940935959335,6.6259175298252,-0.749373807702058,0.462135104968284,0.756351275805152,-5.59032901733761
MRPS10,-0.0216196979133407,6.43297410402245,-0.748847670562139,0.462445328081064,0.756461796160701,-5.59069831290732
MCF2L,0.0219968586576341,7.2394672414163,0.748485525385436,0.462658930102443,0.756461796160701,-5.59095236051233
CD24,0.0590401019546013,7.05531628136509,0.748466652884491,0.462670063182587,0.756461796160701,-5.59096559654063
RRP8,-0.0199476740545826,6.60723766381066,-0.748437437680193,0.462687297845193,0.756461796160701,-5.59098608569382
MARCKSL1,0.0218913026806307,7.66652849072025,0.748395556033582,0.462712005379208,0.756461796160701,-5.59101545673811
EIF2S1,-0.0279793034450819,7.31045209510762,-0.748348500378015,0.462739766195818,0.756461796160701,-5.59104845439838
KAT6B,-0.0234910814595282,6.55272846306101,-0.74807965075476,0.462898395070489,0.756519369090612,-5.59123694701649
APLNR,-0.0267897036826627,7.92900514730422,-0.747928954177026,0.462987324555999,0.756519369090612,-5.59134257367042
SIGLEC7,0.0150362468641189,6.3476842420601,0.747833649611214,0.463043571235106,0.756519369090612,-5.59140936445121
CINP,-0.0181033552360226,5.46608805512071,-0.747205982591798,0.463414108868224,0.756922986096936,-5.59184904191342
NDUFS4,-0.0266997548891756,7.57156840659647,-0.747111727461478,0.463469766871662,0.756922986096936,-5.59191503708456
NCOR1,-0.0557079115871756,6.96599763348822,-0.746234014127607,0.463988251954461,0.757263607860997,-5.59252921395949
FLI1,0.0245376700364914,5.28986323848484,0.746226433607928,0.463992731449562,0.757263607860997,-5.59253451543723
AMZ2,0.0179355595478751,6.60102597074868,0.746161959552205,0.464030831626955,0.757263607860997,-5.59257960366685
TRAF1,-0.0221117230059446,6.14288772040419,-0.746110979102105,0.46406095924336,0.757263607860997,-5.59261525289896
FKBP1B,-0.0327894365407102,5.3530368354727,-0.745471938839426,0.464438708353947,0.757263607860997,-5.59306192141918
BCHE,-0.0491743710163435,9.48161387592274,-0.74529857825054,0.464541216860315,0.757263607860997,-5.59318303264424
NECAB3,-0.0181650024896775,6.74032468143899,-0.745259295419167,0.464564446766517,0.757263607860997,-5.59321047228287
HSD17B3,0.0213128603453062,6.51659732018098,0.745206796711386,0.464595492966701,0.757263607860997,-5.59324714127732
BEX4,-0.0203119602888426,5.07666188425874,-0.745188716437116,0.464606185399173,0.757263607860997,-5.59325976931904
TIMM17B,0.0137003757937577,8.02066590322252,0.745099294099383,0.464659070737044,0.757263607860997,-5.59332222148024
CYCS,0.0324498264431718,8.72305367569152,0.744934590554351,0.464756487612078,0.757263607860997,-5.59343723120336
BDH1,0.039885078727636,9.43513171121642,0.74470451989006,0.464892587478584,0.757263607860997,-5.59359784554981
ENO3,0.0905451670982885,8.31927399765711,0.744443921353786,0.465046775078025,0.757263607860997,-5.59377971515827
ASGR2,-0.0269943927706284,11.0517001646796,-0.744338471336279,0.465109175073631,0.757263607860997,-5.59385329081116
MTMR11,-0.0342103715508511,6.38053257081047,-0.744236108663094,0.465169752918885,0.757263607860997,-5.59392470292858
SPRY2,-0.0257311933297431,5.70229669944346,-0.744204218766154,0.465188626202857,0.757263607860997,-5.59394694864849
TMEM187,0.0269680159955229,6.10697041246524,0.744132099770972,0.465231309817411,0.757263607860997,-5.59399725402379
EXOSC10,0.0236823832853184,5.03358457465413,0.743992452769534,0.465313966520587,0.757263607860997,-5.59409464933657
ASCC2,0.0428848022666738,5.98672738888969,0.743652488886092,0.465515226936314,0.757263607860997,-5.59433168144836
MTO1,-0.0212982964334533,5.76167844657417,-0.743591411473077,0.465551390594751,0.757263607860997,-5.59437425546202
UBL5,0.0316631179907901,8.46285063805923,0.743576383083085,0.46556028909324,0.757263607860997,-5.59438473049636
TMT1A,-0.0172329558487999,11.4675831438795,-0.743362569029792,0.465686902079544,0.757265246885115,-5.59453374076758
SAMM50,0.0343295226439219,7.74338056254994,0.743272014967281,0.465740531131591,0.757265246885115,-5.59459683708835
SRF,0.0282912209471988,6.42320227815657,0.742269177046443,0.466334690692562,0.757963751254357,-5.59529511036422
CHN1,-0.0213230262922087,6.28521493584033,-0.742162063101739,0.466398180079074,0.757963751254357,-5.59536964093637
NUP42,-0.0159469469621717,5.63328857742316,-0.742092809162298,0.466439231541142,0.757963751254357,-5.59541782287177
OXLD1,0.0232749538639336,6.38676268360823,0.741712545747268,0.466664677608168,0.758072710321356,-5.59568230735013
ISLR,0.0212063337006684,5.88447896824274,0.74151166182514,0.466783801507945,0.758072710321356,-5.59582197644176
OGDHL,0.0341267074661448,9.29531721744806,0.741491505588861,0.466795755129936,0.758072710321356,-5.5958359885505
FARSA,0.0246821115981236,7.10459279992114,0.741374524345722,0.466865134261815,0.758072710321356,-5.59591730387432
MAST3,0.0327187206044494,6.929334125279,0.741023460330037,0.467073379892718,0.758265141228333,-5.5961612607799
TRIM38,0.0203204580786336,6.83316104940093,0.739883951263424,0.467749699967703,0.759217242552264,-5.59695236243693
STK38,-0.0220161874597356,6.58335984526413,-0.739628621516686,0.4679013229012,0.759317491552745,-5.59712946698158
CNR2,-0.0262755262493808,7.26586845198791,-0.739270380448287,0.468114107166856,0.759516936551446,-5.59737785671343
FAM30A,-0.0166371102766555,5.77978381580211,-0.738941778941826,0.468309337062825,0.759687828408691,-5.59760559570658
LYPLA2,-0.0197758652574987,8.97365881030893,-0.738763400796932,0.468415336002876,0.75971393267261,-5.59772918159119
JMJD1C,-0.0347826537253245,5.17484372428183,-0.738135526529184,0.468788555797958,0.760044877772625,-5.59816396821252
ANXA9,-0.0178456679144928,6.97879661021867,-0.737807997194528,0.468983315297397,0.760044877772625,-5.59839063525982
CFB,0.0285610440798083,11.4541327877326,0.737780699218208,0.468999549725086,0.760044877772625,-5.59840952256759
FARP1,0.0171103781858664,7.9573073925178,0.737668903812285,0.469066039253485,0.760044877772625,-5.59848686626162
MAPKAPK2,-0.0177148356158364,8.66155296222207,-0.737663729333479,0.469069116873874,0.760044877772625,-5.59849044586624
SCN1B,0.0153104911586456,6.9587945801496,0.7371776358866,0.469358283777706,0.760125630743332,-5.59882661021628
FADS3,0.0262141467998298,6.87541734996362,0.736991896871435,0.469468804024008,0.760125630743332,-5.59895500524169
PLEK,-0.0159443569627874,7.5830286020622,-0.736963697887513,0.469485584610966,0.760125630743332,-5.59897449556328
BTN2A2,0.0239426552490148,6.22430239806463,0.73678994311697,0.469588990064254,0.760125630743332,-5.59909457429522
KRTAP5-8,0.0206428343559726,8.02419681150041,0.736690255028589,0.469648322840875,0.760125630743332,-5.59916345483324
TNS1,-0.0362740910346839,8.32866365614058,-0.736672839855476,0.469658688533839,0.760125630743332,-5.59917548712811
TSPAN1,0.0129889442514949,7.07003311556673,0.736491814078577,0.469766445013766,0.760154435152493,-5.59930054350837
LTBP1,-0.0291419413432168,7.40040608106673,-0.736200932972922,0.469939624160317,0.760158271309898,-5.59950142945514
CXCL12,0.0281422171384436,8.95253353441364,0.736114332729793,0.469991189853033,0.760158271309898,-5.5995612221355
CARS1,-0.0267800595237111,8.75980555096317,-0.736034557847831,0.470038694389848,0.760158271309898,-5.59961629640356
STK24,-0.0200242761316379,8.39355646702849,-0.735511556894587,0.470350202830005,0.760516497113192,-5.59997722149783
RHCE,-0.0182363924875764,6.73214259510376,-0.734149144172237,0.471162254422472,0.761683766954255,-5.60091629029793
PLAAT2,-0.0178247336163096,6.69367907042517,-0.733903436162863,0.47130879447007,0.761774926027562,-5.60108547415516
CAMP,0.0175674581680986,5.99147097212802,0.733488166252191,0.471556522481632,0.761929574482196,-5.60137128934975
ADGRB1,0.0200945787409577,6.93950518309385,0.733440749756364,0.471584813555253,0.761929574482196,-5.60140391468011
CLEC4A,-0.0182706498157713,5.23592066637317,-0.733178162352438,0.471741504649904,0.762037031980824,-5.6015845541439
FBXL12,0.019703288155367,6.83908468296426,0.732488828707711,0.472152990359354,0.762499806974175,-5.60205847062816
GPN2,0.0175937213664925,5.67465734107341,0.732395930877962,0.472208460342705,0.762499806974175,-5.60212230562635
H4C3,-0.0417800176971501,6.90232468776542,-0.731972779056792,0.472461176232369,0.76264636780501,-5.60241297876989
PAOX,0.024730070498129,6.58197729127075,0.731935020835462,0.472483730189366,0.76264636780501,-5.60243890808436
MALL,-0.0187264455483076,6.54298094796611,-0.731651385006654,0.472653173533105,0.76264636780501,-5.60263364598655
GJB1,0.0335018417556651,9.54874211751725,0.731566868636684,0.472703670354808,0.76264636780501,-5.60269165920866
POLR2K,-0.0400387326352348,6.68315821854173,-0.73104258261116,0.473016991945075,0.76264636780501,-5.60305139498726
WDR70,-0.0203320496965593,5.62873759186526,-0.731019105410879,0.473031025161978,0.76264636780501,-5.60306749802893
PAGR1,-0.0135076510791112,7.22334320702352,-0.730729497250796,0.473204155238159,0.76264636780501,-5.60326610043376
LILRA3,0.0156441489039404,6.07710632426282,0.730457292655029,0.473366915469517,0.76264636780501,-5.60345270031917
PTGES,-0.0232104168566936,7.36860386673646,-0.730347207094629,0.473432748703101,0.76264636780501,-5.60352814677961
PROX1,0.0496184717418593,5.30620027685025,0.730306767950505,0.473456933429953,0.76264636780501,-5.60355585879859
ALOX12P2,-0.0201703860348673,6.77893268804376,-0.730216359494376,0.473511005063999,0.76264636780501,-5.60361780839643
TRO,0.0306892274771362,4.98212572246206,0.730140381793707,0.473556448750517,0.76264636780501,-5.60366986415952
RAB32,0.0242368520221106,8.0783751067321,0.730038633157787,0.473617310552583,0.76264636780501,-5.60373956873799
EEIG1,0.0292628037988566,7.10861887377427,0.730030461132369,0.473622198918785,0.76264636780501,-5.60374516672021
MFSD12,0.0223339170844504,5.6198449220476,0.729848028008455,0.473731335062132,0.76264636780501,-5.60387012122189
ZNF250,-0.0158568606388916,5.28700392633036,-0.729828048661096,0.473743288119349,0.76264636780501,-5.60388380394655
ERN2,0.0153726015082916,7.68518642650512,0.729307288820607,0.474054906286079,0.762743126582824,-5.60424031800851
ADA,-0.0178895919135841,5.86148231640804,-0.729232703820751,0.47409954720966,0.762743126582824,-5.60429135947354
ADGRL1,0.0183076006189848,7.77882137950029,0.728876484302834,0.474312787427452,0.762743126582824,-5.60453506650749
TK1,0.0202741287587751,6.66323428153636,0.728863140392604,0.47432077646237,0.762743126582824,-5.60454419353563
SNX3,0.0275537694822672,9.80512122718889,0.728813419497831,0.474350545195082,0.762743126582824,-5.60457820046742
TRANK1,-0.0228207774172963,6.68555865607309,-0.728774640308653,0.474373763710802,0.762743126582824,-5.60460472222557
CAMK2N1,0.0259781506755434,8.59449064976177,0.728537545549558,0.47451573558301,0.762743126582824,-5.60476684641621
GCKR,0.0373194661856041,8.78976202789545,0.728521212441031,0.474525516739161,0.762743126582824,-5.60477801307652
CALCOCO2,-0.0308859032161273,8.22562902470528,-0.728020382119506,0.474825499004471,0.76308015720574,-5.60512030708957
VPS39,0.0182072443628703,6.57109852956306,0.727128717232169,0.475359856183461,0.763692760642921,-5.60572916727737
MPI,0.0220219548251609,7.26858769939072,0.727082694577865,0.475387446270031,0.763692760642921,-5.60576057401706
SLC19A1,0.0238577612931995,7.46663094048242,0.726807160880724,0.475552645500942,0.76381293565538,-5.60594856416408
SLC37A4,0.0244622874266665,8.66043420511158,0.726270414331234,0.475874554872306,0.764184718485554,-5.60631458018754
PRB3,-0.0141580660304279,5.87793539628761,-0.725736320953628,0.476195000405505,0.764420497167954,-5.60667853311762
GAS2L1,0.0261509933502229,7.02762906755891,0.725486810045216,0.476344745583328,0.764420497167954,-5.6068484731991
MTMR1,-0.0168750893331315,7.17164836261537,-0.725485387883457,0.476345599180032,0.764420497167954,-5.6068494416648
ANXA2P2,0.028538036553904,7.6363970510681,0.725422684567159,0.476383235276503,0.764420497167954,-5.60689213967172
APEH,0.0325283331637306,7.33654349012955,0.725170728513969,0.4765344832405,0.764518014691897,-5.60706367468797
GMPR,0.0160077931680797,5.42112274353018,0.724484377919589,0.476946639416498,0.765033998304748,-5.60753066533096
TNFAIP1,0.0209527590738567,7.74676412580205,0.724223224683283,0.477103518000226,0.765140392313894,-5.60770824324689
BLNK,0.0401174514410315,6.44305298857178,0.723357152884863,0.477623997201014,0.765451304011847,-5.60829671768796
FAM53C,-0.0173156656631842,7.19788614754817,-0.723301969320069,0.477657171920783,0.765451304011847,-5.60833419098174
PNPLA4,-0.0291340643804695,7.81490754601405,-0.723298686636705,0.477659145415174,0.765451304011847,-5.60833642005582
HNRNPA2B1,0.0350621139901336,7.81853861411864,0.723192084715288,0.477723235313673,0.765451304011847,-5.60840880184669
PDCD10,-0.0320412209876345,7.0102036160504,-0.72314704202241,0.477750316847157,0.765451304011847,-5.6084393824152
KCNF1,-0.027107905263327,5.94851114571329,-0.722939849609517,0.477874901130203,0.76550576579151,-5.60858002711883
GABARAPL3,0.0119572740212219,6.04942269708769,0.722222500853601,0.478306388572081,0.766051740605399,-5.60906667748022
DICER1,-0.0478935994497234,7.70132950447109,-0.721691426108379,0.47862597896329,0.766418329020239,-5.60942666475575
ARFGAP2,0.0307266236784965,7.61627884370649,0.721527078018918,0.47872490581826,0.766431499462732,-5.60953801678916
RANBP10,0.0187630039956136,7.13692515446945,0.721240168644412,0.478897635347918,0.766562799524513,-5.60973235119025
AP2S1,0.0425947251710267,9.19061864390138,0.721056075142964,0.479008485364103,0.766595019190656,-5.60985700604275
TRIM21,-0.0171291040577931,5.9850661049002,-0.720847155433332,0.479134302459745,0.76665117511548,-5.60999843492678
BLMH,-0.0226241620299755,5.88913505142385,-0.72044326517267,0.479377591042504,0.766848402230729,-5.61027173977092
KRT33B,-0.0209679784886467,6.16451889088206,-0.720341227628616,0.479439066152064,0.766848402230729,-5.61034076368955
SNRPA1,-0.0159311207757367,6.5198021754009,-0.719964287464443,0.479666203398426,0.767066506191654,-5.61059566691496
POLD1,0.0192351646086906,5.81084526598159,0.719051252618267,0.480216642833464,0.767694877492085,-5.61121257698563
VAX2,0.0164688578315632,5.48476016091102,0.719011125136559,0.480240842890315,0.767694877492085,-5.61123967290975
PDE4DIP,0.0250499584718143,6.47051996771142,0.718606776315041,0.480484737185661,0.767900811445443,-5.611512627955
NCLN,-0.0176333353403572,6.56896543085015,-0.718496246349158,0.480551419044201,0.767900811445443,-5.61158721573403
ACTB,-0.0204476048079666,12.2487916429751,-0.718230310035997,0.480711878526405,0.768011982141827,-5.61176663023424
GPKOW,0.0246965087653597,7.11378269976614,0.718064042436975,0.480812216269735,0.768027075137856,-5.61187877106987
PIERCE1,0.0146587561095582,7.0155559802431,0.717483161687326,0.48116285739453,0.768355543452035,-5.6122703588672
ADH1B,0.021127361829945,11.8051801976618,0.717422127791183,0.481199708396233,0.768355543452035,-5.61231148608285
PHC1,-0.0243728792323359,6.26958651473238,-0.717118815539793,0.481382866534287,0.768413037867329,-5.6125158215312
UGCG,0.0473486108981053,7.09805364312868,0.716922449652062,0.481501465778727,0.768413037867329,-5.61264806569406
LUZP1,-0.0142028067000171,8.25706554770811,-0.716892607016314,0.481519491352037,0.768413037867329,-5.61266816045089
ZC3H14,-0.016078343312792,6.89133295770907,-0.71617234931861,0.481954661656856,0.768413037867329,-5.61315291091048
KCNJ8,-0.024176093519569,7.84955038423309,-0.716163240497631,0.481960166558903,0.768413037867329,-5.61315903840692
HGS,0.0214864011991195,7.21236573078212,0.716133100406595,0.481978381938814,0.768413037867329,-5.61317931309528
ORAI3,-0.0161095354774905,8.78232904537419,-0.716014260056729,0.482050207875547,0.768413037867329,-5.61325924694999
SCML2,-0.0202316306076029,7.29456624603051,-0.715968074025042,0.482078123945607,0.768413037867329,-5.61329030899731
MRPL13,0.0241221264919226,5.70738645566105,0.715903617602244,0.482117084706491,0.768413037867329,-5.61333365547765
PPP1R10,0.025651328170505,7.28380798341181,0.715839998427157,0.482155541195851,0.768413037867329,-5.61337643528985
PTPRF,0.0282738032011934,8.55390070663386,0.71570687638204,0.482236016545615,0.768413037867329,-5.61346593966901
APOB,0.0203195292654073,12.4155772657475,0.715541433916152,0.482336041269869,0.768427516728957,-5.61357715265071
PSD3,0.031090282941846,5.9287744949852,0.714984395311855,0.482672909850527,0.768604335838969,-5.61395142353643
TCOF1,-0.0168608687777123,7.01513443576283,-0.714893164683806,0.482728094575523,0.768604335838969,-5.61401269452944
NSA2,-0.0340933958835421,8.39053755800419,-0.714800808753118,0.482783963739029,0.768604335838969,-5.61407471373675
IBA57,-0.0122621495984567,6.84670068452715,-0.714756340116864,0.482810865637071,0.768604335838969,-5.61410457277758
SEC61A2,0.0208275974035941,5.71083688234464,0.714560485013577,0.482929361221919,0.768648163933926,-5.6142360612727
RPL31,0.0253737728253821,11.3981107716635,0.713814230431393,0.483381013119505,0.768853961910215,-5.61473675085295
UBA52,0.0269525353726798,10.3990724187669,0.713658856641576,0.48347508019311,0.768853961910215,-5.61484093447683
HEXB,0.0260280417020667,8.43082370274867,0.713562309353052,0.483533537648573,0.768853961910215,-5.61490566202359
PANK3,-0.051114980705441,6.89582662215204,-0.713464631102787,0.483592684072891,0.768853961910215,-5.61497113934845
FKBP9,-0.0241525067443523,7.79655031689697,-0.713350641662094,0.483661712631381,0.768853961910215,-5.61504753992391
SEC61G,-0.0287928450138393,7.45311286009412,-0.71315364603149,0.483781020770102,0.768853961910215,-5.61517954750956
TLCD3A,-0.0187194340649455,6.19149663763811,-0.713130037741382,0.48379532001069,0.768853961910215,-5.61519536520377
THBD,0.0164245477814462,5.78446519117869,0.713121661932839,0.483800393190439,0.768853961910215,-5.61520097692585
CYP2E1,0.0161566572098375,13.1573936880258,0.712994268466361,0.483877558513435,0.768853961910215,-5.61528632178912
KXD1,0.0242650327921227,7.61892043175833,0.712669179126036,0.484074505545239,0.768964988654169,-5.61550404380707
VPS72,0.0174719565011211,7.08312511502815,0.7125785212116,0.484129436643808,0.768964988654169,-5.61556474333312
BRD7,0.0195344178808626,5.13257201782382,0.712309476964779,0.484292476291129,0.769013331990801,-5.61574483739389
MMRN2,0.0130181265660953,5.78673764612761,0.712227949472803,0.484341887911839,0.769013331990801,-5.61579939791107
ASIC1,-0.0206325418148642,7.14509322772028,-0.711972961966277,0.484496447936855,0.769114218498295,-5.61597000459732
PCGF1,0.0155196643034733,6.66011865103597,0.711608723633027,0.484717279884015,0.76924171831754,-5.61621360823951
ARHGEF12,-0.0263119538076464,8.51545148882676,-0.711540194894776,0.484758834324367,0.76924171831754,-5.61625942724935
PCNX1,-0.0162936934905153,6.33495996427886,-0.710989909229659,0.485092591598971,0.769364978022294,-5.61662720217526
PNO1,-0.0586239590233745,7.18436743001442,-0.710981587841065,0.485097639683675,0.769364978022294,-5.61663276157654
ZFAND5,0.045015921128978,8.53805960770512,0.710961778155799,0.485109657148258,0.769364978022294,-5.6166459958971
ZC3H13,0.021851288694411,5.82798581991121,0.710605459415947,0.485325846034863,0.769563407580145,-5.61688398321692
THOP1,0.0370030707563088,6.42670444862377,0.710187462196005,0.485579528462887,0.769710591374923,-5.61716302177564
AKR7A3,0.0397249457523225,9.16132700585625,0.710061585305844,0.485655938226747,0.769710591374923,-5.61724702175622
KATNA1,-0.0159254484555036,5.46660456113503,-0.710002284094854,0.485691937658117,0.769710591374923,-5.61728658966084
ADGRA3,-0.0382885170651768,7.68660677483336,-0.708962085524508,0.48632365351499,0.770567198987749,-5.61798013808038
CYP4F3,-0.0262771935399334,9.91376252231501,-0.708585479846964,0.486552484969555,0.770658841635733,-5.61823100072841
LMF2,0.0201367969504248,8.81336110599239,0.708488128865692,0.486611647106595,0.770658841635733,-5.61829582710507
SERINC5,-0.0237641604270531,8.91815037080052,-0.708416634860718,0.486655098102754,0.770658841635733,-5.61834342984655
TOB1,-0.0349494394539037,8.12752678279295,-0.707998833016018,0.486909065229794,0.770815297106821,-5.61862152308921
ADRA2B,0.0189633985326148,6.26257968590739,0.707953974076537,0.486936337982983,0.770815297106821,-5.61865137241492
NSD2,0.0193397937058489,6.53043976892487,0.707674405575113,0.487106326377237,0.770939962144157,-5.6188373580384
JRK,-0.0145418510293433,7.41915513698125,-0.707491618257684,0.487217486708373,0.770971491139654,-5.61895892138312
KLHL35,0.0166044847459432,6.00837312807127,0.707085862103002,0.487464295966399,0.771145914756645,-5.61922866448568
FMO1,-0.0269862369101007,5.7145386049741,-0.7070103529394,0.48751023392071,0.771145914756645,-5.61927884611044
HNRNPD,-0.0221942650772253,9.04929205423747,-0.706712936136073,0.48769119955264,0.771287785180574,-5.61947645291915
TRIOBP,-0.0236872671183443,8.62441028385212,-0.706447061302563,0.487853006191119,0.771399308067918,-5.61965303614802
VPS35L,-0.0210914242869767,6.20811215437364,-0.70546915292036,0.488448411311868,0.77197950874439,-5.62030198072836
NR3C1,0.0298858322599016,8.25396922329044,0.705368256593316,0.488509866566577,0.77197950874439,-5.62036888746678
SLC7A7,0.01907890206512,7.19117027225652,0.705200919588032,0.488611800251545,0.77197950874439,-5.62047983257196
CRYBB1,0.017261153190007,5.40201929041777,0.70503330296179,0.488713916616282,0.77197950874439,-5.62059093802855
PRF1,0.0196500025497407,5.89350466567247,0.704946496980979,0.488766805911957,0.77197950874439,-5.62064846792504
SLC7A10,0.013957128757241,5.84392209634028,0.704944387313159,0.488768091335205,0.77197950874439,-5.62064986600508
SLC1A3,-0.0127531083054634,5.95269591446331,-0.704743125460841,0.488890729434663,0.772028903704524,-5.62078322428232
MZT2B,0.0340698036804617,8.73243921774467,0.704472787744954,0.489055486664992,0.772130069743803,-5.62096229610968
CIDEB,0.0377157221272258,10.5685474489423,0.704338162505872,0.489137545957228,0.772130069743803,-5.62105144761285
LDOC1,-0.0176619321196705,6.56865247175882,-0.703473959607817,0.489664500776782,0.772479848200026,-5.62162335485993
LRRFIP2,-0.0263985710640024,6.96798181342084,-0.703447768835381,0.489680475939786,0.772479848200026,-5.62164067683602
G3BP2,-0.038556097845093,6.59303037961182,-0.703377684797994,0.489723225451939,0.772479848200026,-5.62168702580035
CHD8,0.0315093802712688,6.21985634918089,0.703375106092955,0.489724798438762,0.772479848200026,-5.62168873110235
TAF4,-0.015695270404756,5.25619757258762,-0.703199374052493,0.489832000282492,0.772504741020353,-5.62180492901738
PISD,0.0168511439393749,7.02461523280605,0.70298095130943,0.489965263652874,0.772570718019554,-5.62194931655822
MTMR10,-0.0171607582282004,5.58083182719042,-0.702776658740476,0.490089924934215,0.77262310927129,-5.62208432486835
KMT2D,-0.022235086042261,6.40056605198313,-0.702244999373253,0.490414434487907,0.772849396239701,-5.62243550144148
FAM107A,-0.016514453806081,5.82387703753793,-0.701923126030693,0.490610957011567,0.772849396239701,-5.62264798560587
IFNGR1,0.0214256347281896,7.70716110886233,0.701882810038949,0.490635575490368,0.772849396239701,-5.6226745936257
MYL9,0.0513712757439194,6.77956122353908,0.701801246100847,0.490685383716703,0.772849396239701,-5.62272842030638
TSG101,0.0186187738263773,7.54561862611913,0.70175851110432,0.49071148164079,0.772849396239701,-5.622756620142
NECAB2,-0.0259493462898033,6.56638169283775,-0.70138489307009,0.490939681352403,0.772849396239701,-5.62300309261155
FOSL2,0.0154404945915605,6.80352103953335,0.701262027474169,0.491014739009424,0.772849396239701,-5.62308411871734
IDH3G,0.0203054552341452,8.04116139409601,0.70120177616293,0.491051548497234,0.772849396239701,-5.62312384769118
ZNF593,0.0365018355774082,6.98385321311564,0.701193481044362,0.491056616379995,0.772849396239701,-5.62312931713657
MARK2,0.0139964855286211,5.87027704463946,0.700915709582099,0.491226337618554,0.772938735017485,-5.62331243225535
ELOB,0.0361308413099603,9.25708764519509,0.700801182110327,0.49129632494425,0.772938735017485,-5.62338791207792
INTS1,0.029660961460076,7.14354485280231,0.700591340401806,0.491424573385024,0.772976340505908,-5.62352617877269
ARPC5,0.0272102016700778,8.24923001717959,0.700405419228272,0.491538218507082,0.772976340505908,-5.6236486511516
RHBDF1,-0.0152484688988536,6.81608044853522,-0.700211517103274,0.491656758168907,0.772976340505908,-5.62377634796528
MNAT1,-0.015367867618197,5.23794513424231,-0.699959727928337,0.491810710964316,0.772976340505908,-5.62394211696043
NOTCH2,-0.031803450603668,7.47891801656928,-0.699679700514403,0.491981962260816,0.772976340505908,-5.62412641051066
FAM168A,0.0169114203630614,6.41577115521189,0.699578786769627,0.492043684678447,0.772976340505908,-5.62419280738739
VDAC2,-0.0219419634585993,8.41956409268978,-0.699569619399799,0.492049291987426,0.772976340505908,-5.62419883866938
ZDHHC6,-0.0197355762894328,6.78347024659084,-0.699469068378529,0.492110797393953,0.772976340505908,-5.62426498702107
LY6G6C,-0.0199808590933396,6.51235558625922,-0.699164813239928,0.492296932248241,0.772976340505908,-5.62446508887533
IRF8,0.0172523076766057,6.84663892191507,0.699126197720516,0.492320559052851,0.772976340505908,-5.62449047953324
ONECUT2,-0.0202448642554121,5.27699813625812,-0.699116538402054,0.492326469183763,0.772976340505908,-5.6244968305655
GPRIN2,-0.0201185698856801,7.18964788409701,-0.69896175454822,0.492421180493381,0.772981418385485,-5.62459859006936
RSL24D1,-0.0362446571557623,6.11397438966924,-0.698563482484651,0.4926649290243,0.773102960003188,-5.62486032758629
SEL1L3,0.0191813349957846,6.08233321773323,0.69850848675393,0.492698592703619,0.773102960003188,-5.62489645869697
FGF21,0.0393310514067629,5.98362379536893,0.698093826140877,0.49295245508661,0.773102960003188,-5.62516879556094
EP400,0.0164379791609925,6.53115082040944,0.697959626104532,0.493034630792094,0.773102960003188,-5.62525690128802
DCP2,-0.0234557315800746,6.0731698954433,-0.697812598250624,0.493124670502368,0.773102960003188,-5.62535341033299
CYB5A,0.0213619818019331,11.6976675801516,0.697617072518286,0.493244424926002,0.773102960003188,-5.62548172345365
TYROBP,0.0461351593149337,8.0864761592704,0.697580420938266,0.493266874927701,0.773102960003188,-5.62550577213148
UBAP1,-0.0169028924857905,7.15692433261104,-0.697444767296257,0.493349971263176,0.773102960003188,-5.62559476987804
AAR2,0.0178341540702685,7.49075107417156,0.697360902281007,0.49340134785643,0.773102960003188,-5.62564978264146
REST,-0.0230283929127619,7.35072683089435,-0.697207372164507,0.493495410001583,0.773102960003188,-5.62575047719696
PDSS2,-0.0193360830163845,6.5497044585716,-0.697191697667866,0.493505013758248,0.773102960003188,-5.62576075631739
COA3,-0.0227210016741819,8.71833184176833,-0.696785557903722,0.493753892881654,0.773254103663969,-5.62602702067883
NDEL1,0.0357320700514649,7.01547215510761,0.69673559617002,0.493784514008376,0.773254103663969,-5.62605976530346
ME3,0.015082468153278,6.05457261299758,0.696338272100602,0.494028069463313,0.773492159897164,-5.62632008974064
RAX,0.0191145726364863,6.69779676163813,0.69613569218089,0.494152275390799,0.773543298824055,-5.62645276463153
SLC68A1,0.0180056604210134,6.23353234642755,0.695679255567567,0.494432191862252,0.773838122103359,-5.62675156249599
TMED5,0.03587776474554,7.76025868715333,0.695467288214852,0.494562214933147,0.773873614802591,-5.62689025972242
HMGB1,-0.025471894528836,10.2286253107255,-0.695313353149283,0.494656652681041,0.773873614802591,-5.62699095933711
CLTC,0.0213836488546397,9.56943841614809,0.695194431003597,0.49472961741581,0.773873614802591,-5.62706874006711
GPR157,0.0193656810787962,5.29974587111216,0.694993056377831,0.494853185000391,0.773923637470536,-5.62720041980553
CRIM1,-0.0396140776927568,5.05303319767571,-0.694496043439104,0.495158238129909,0.774078230775506,-5.62752526356336
RXYLT1,-0.0149235296909652,6.89804304982475,-0.694380397182503,0.495229234158309,0.774078230775506,-5.62760081737798
CCT3,0.0398990189634374,7.99868317345367,0.694286456147914,0.49528690950254,0.774078230775506,-5.62766218197248
BAP1,0.0230812873254005,7.27619629685518,0.694235068352522,0.495318460805108,0.774078230775506,-5.62769574640588
PPP1R8,-0.0187782301146361,6.83573389587556,-0.693800100758115,0.495585570299421,0.774352453592845,-5.62797975510336
NF2,0.0221411645730987,7.42945730080359,0.693313117608229,0.495884720075041,0.774639958638838,-5.62829752621871
EN2,-0.0149465429756523,5.46884916453271,-0.693202118735422,0.495952920264629,0.774639958638838,-5.62836992663514
PDE2A,-0.0159756393453858,7.4575643505802,-0.692861834698827,0.496162031897433,0.774680730217056,-5.62859181252755
HNF1B,-0.0181518766585722,7.94877204735555,-0.692861268125619,0.496162380110616,0.774680730217056,-5.62859218188139
IGHMBP2,-0.0179166424200468,7.98012271050252,-0.692348758372635,0.496477423519871,0.775029415987975,-5.62892617370773
GOLGA4,-0.0249949976636249,7.07810632697001,-0.69180844144814,0.496809684269743,0.775404845230758,-5.6292780324694
RAB35,0.0147907594917896,6.95921530742496,0.691419483309385,0.497048947745171,0.77551405749014,-5.62953116349349
PRPF3,-0.0204577600350418,5.43755135330965,-0.691262541446834,0.497145507543906,0.77551405749014,-5.62963326175074
GNL1,0.0267542742502398,7.26572672780964,0.691247133327479,0.497154988097525,0.77551405749014,-5.62964328428821
ITGA5,0.0206583648713263,7.72264789335369,0.690914173236313,0.497359882375809,0.775552851833813,-5.62985981333968
RASSF1,0.0207901819532639,6.04256498398016,0.690901964487072,0.497367396215135,0.775552851833813,-5.62986775099125
MCC,-0.0231522650201718,6.21053554470138,-0.690759302387882,0.497455202004647,0.775552851833813,-5.62996049442761
CHIC2,0.0177486721203602,5.86330787876097,0.690454671190879,0.497642726358341,0.775588109946883,-5.63015847165695
CCNP,0.0167374023673571,7.75803686138173,0.690342429601179,0.497711830038011,0.775588109946883,-5.63023139557885
HSD17B11,-0.0600671983316774,8.86390456783255,-0.69027528098088,0.49775317399313,0.775588109946883,-5.6302750169835
ARHGAP17,0.0156952379596227,7.3107039147485,0.689967478743093,0.497942715486094,0.775617869932439,-5.63047492129088
SEPTIN8,-0.0200886183055725,6.19730877122353,-0.689946149402445,0.497955851406329,0.775617869932439,-5.63048877063853
PEX1,-0.0195484855883121,5.50616183951793,-0.689604076022314,0.498166548307138,0.775803047031942,-5.63071082657417
PPIE,0.0271339820113596,6.53082768657803,0.689203672259883,0.498413237983254,0.77604419770748,-5.63097061446892
SPG7,0.0331027689762234,8.47714871068135,0.688908958346785,0.498594856489594,0.776073381190116,-5.6311617375406
CLCN2,0.015613997067281,5.71437609449145,0.688875192805551,0.498615667039188,0.776073381190116,-5.631183629656
CPNE3,-0.0302108978693917,7.98718462980169,-0.68856583523731,0.498806354960655,0.77612362987529,-5.63138415620313
PCOLCE2,-0.0307136985764798,5.06338794568509,-0.68841352321956,0.498900255345721,0.77612362987529,-5.63148285385731
NUCKS1,-0.024607136895579,8.66429394849502,-0.688375824895942,0.498923497926932,0.77612362987529,-5.63150727903274
ZNF324,-0.0154507709794245,6.87788517484652,-0.688188536177557,0.499038978361092,0.776144273589049,-5.63162860667558
ZZZ3,-0.0384219862881612,5.70296549548437,-0.68799808913456,0.49915642183455,0.776144273589049,-5.63175194811255
SULT1A2,-0.0280913398781918,9.42054749494838,-0.687907448912716,0.499212322716743,0.776144273589049,-5.63181063909007
HRG,0.0146998762512008,12.846742464435,0.687720708572866,0.499327503046858,0.7761805372969,-5.63193153322586
TPCN1,-0.0158465465806542,7.66966022697047,-0.687261340945198,0.49961090279447,0.776236547644807,-5.63222879111447
COX7A1,0.0236081632244895,6.89106655286949,0.687190617718735,0.499654542543863,0.776236547644807,-5.63227453949844
ACKR5,-0.0169633704179533,6.38320075453308,-0.687117266211836,0.499699806370022,0.776236547644807,-5.63232198329348
CWF19L1,-0.0217321892328809,6.3779248056858,-0.687066743208184,0.499730984519261,0.776236547644807,-5.63235465879787
WDR37,-0.0195416145278419,6.88579268149947,-0.686673734678387,0.499973551103628,0.776470594895361,-5.63260875708417
SHANK2,-0.0146444520349612,5.8050727893074,-0.686352279541144,0.50017200452244,0.776636059943884,-5.63281648993422
GMIP,0.0178615507067262,6.19607742957067,0.686124857996167,0.500312432515189,0.776638376200413,-5.63296339987981
IFIT1,-0.0352015071900514,5.94829775565026,-0.686052177404336,0.500357315980479,0.776638376200413,-5.63301034037681
KIZ,-0.0168473593269985,5.64807522261686,-0.685691676551405,0.50057997504165,0.776841283581624,-5.63324309860905
PCDH12,-0.0131019729422435,6.72613486442795,-0.685511080194554,0.50069153945049,0.776871742261594,-5.63335965730961
CYP2C8,-0.0271646217989139,11.5294337632754,-0.685067402696132,0.500965683832563,0.777115192898421,-5.63364588715903
TMBIM4,0.0276798197679999,6.98718982354856,0.684823136209861,0.501116650395102,0.777115192898421,-5.63380339562755
RNASE3,-0.0151413241828644,6.54559146391849,-0.684798462822883,0.501131900985613,0.777115192898421,-5.6338193026043
ARL6IP1,0.0343223963930135,7.98620269968003,0.684661911700087,0.501216307845727,0.777115192898421,-5.63390732749534
PTGS1,0.0145149930419082,6.88978838947232,0.68297434910823,0.502260114934582,0.778234639475371,-5.63499380106504
GPNMB,0.0638353189771769,7.04440158433617,0.682960541104354,0.502268660684233,0.778234639475371,-5.63500268030117
POLA2,0.0141052520463257,6.03637651992379,0.682771937008803,0.502385395704772,0.778234639475371,-5.63512394504596
ANTKMT,0.042552519370481,6.23844943495488,0.68267399482652,0.502446022329061,0.778234639475371,-5.63518690529888
PBX1,0.0172115477650958,6.97373823478557,0.682495223113655,0.502556693492214,0.778234639475371,-5.63530180309433
ANKZF1,-0.0129732971200504,6.49474215463811,-0.682476568905142,0.502568242442332,0.778234639475371,-5.6353137906304
EHD1,0.02880087927922,7.61292473043041,0.68241194764507,0.502608251079306,0.778234639475371,-5.63535531502388
IL6R,-0.042368220766946,7.98572475899568,-0.682241657830525,0.50271369042466,0.778234639475371,-5.63546472209272
PEX16,0.0213991438197193,8.52753476699246,0.682155234077911,0.50276720673326,0.778234639475371,-5.63552023731014
KLF7,-0.023716358416133,7.40392604164883,-0.681351442610185,0.503265094672937,0.778778315471222,-5.63603624057518
GDPD5,-0.0161029841458349,7.05695584245553,-0.681175650756075,0.50337402169533,0.778778315471222,-5.63614901500211
TRIP11,-0.0121634403928685,6.25059865456436,-0.681141910246878,0.503394930071457,0.778778315471222,-5.63617065712794
MYBPH,0.0176674253634431,6.56157148088356,0.680804550616436,0.50360401275592,0.778903756151309,-5.63638699309783
TMED10,-0.0256446027882906,9.32278266556806,-0.680713631078932,0.503660369658077,0.778903756151309,-5.63644527890005
GADD45GIP1,0.0168851498356307,5.81080666956987,0.68056249002538,0.503754063065624,0.778906099342091,-5.63654215451558
RTRAF,-0.0230917904698343,8.39915775527104,-0.680229175026873,0.503960722323366,0.77908307786909,-5.63675572423627
NR2F6,0.0437369055216888,8.70485793240818,0.679832355228446,0.504206817978991,0.779320946025695,-5.63700985438392
FAM86C1P,0.0134971129494989,5.59793450051985,0.67915203093627,0.504628893010344,0.779570765333868,-5.6374452170006
HNRNPDL,0.0288196816423605,8.02660667741421,0.679111839173241,0.504653834348777,0.779570765333868,-5.63747092408684
RBPJ,-0.0205160448067725,7.57210452650159,-0.679074711962517,0.504676874573785,0.779570765333868,-5.63749466976477
ATP8B1,0.0570938427831326,7.09924177609054,0.678974970947586,0.504738774321131,0.779570765333868,-5.63755845561467
RERE,-0.0183314293447837,7.33811857167754,-0.678828421968408,0.504829731113246,0.779570765333868,-5.63765215965898
NKTR,-0.0412650855926899,7.43501606277117,-0.678591146229271,0.50497701787096,0.779655728304332,-5.63780383393184
ARID4A,0.0178272780078057,5.16241651993363,0.678356422619176,0.505122744353529,0.779738251696624,-5.63795382710572
CSF3R,0.0196561215517323,5.7769080477908,0.678050153681258,0.505312925033709,0.779889354618236,-5.63814946487687
CCL4,-0.019548259537783,6.66711667312549,-0.677589864147235,0.505598822500882,0.780071040292842,-5.638443329281
ABHD2,0.0470283562241949,8.08512519369025,0.677253822321826,0.505807604349591,0.780071040292842,-5.63865774968561
CFAP298,0.0253123524542399,6.5887277355726,0.677159281175307,0.505866351287101,0.780071040292842,-5.63871805590812
PHACTR2,-0.0157344768894202,6.23568656456949,-0.677135848000121,0.505880913028082,0.780071040292842,-5.6387330022998
GHR,-0.0380123330523766,10.1059230449399,-0.67709825437275,0.505904274790316,0.780071040292842,-5.63875697962902
GSTZ1,0.0329148841737945,9.24974988226469,0.67696909780601,0.505984541046753,0.780071040292842,-5.63883934641408
TRA2A,0.0264299634959569,6.44797939089788,0.676402481589306,0.506336758131184,0.780471653814028,-5.6392005166481
FYCO1,-0.0191497750014668,5.36132000057844,-0.67620823564702,0.506457536187084,0.780515444242359,-5.6393242657923
ZMYM4,-0.0154558302826161,7.25317262979938,-0.675987840912237,0.506594592723706,0.780584301333937,-5.63946463265364
RPL19,0.026712018161943,11.6036008806263,0.675382756141767,0.506970983565538,0.781021843414548,-5.63984977997439
PECAM1,-0.0241336204296316,7.5738619266766,-0.674839161853183,0.507309259065268,0.781362527365068,-5.6401955072185
OSTF1,0.0205902282829241,6.03622029445149,0.674641002009569,0.507432604432912,0.781362527365068,-5.64032147136065
EFNB2,-0.017852391875461,5.82131756478756,-0.67458168060123,0.50746953256562,0.781362527365068,-5.64035917330554
FLOT1,0.015427792958057,8.80578126069449,0.674335454915717,0.507622826569158,0.781456164057094,-5.64051562919258
BTN3A3,0.0206741800813463,6.09239241411588,0.674062809595418,0.507792599251938,0.781575129996153,-5.64068880903898
STX18,-0.019357914128304,7.35723486305247,-0.673790896873437,0.507961947641736,0.781638223817794,-5.64086145706688
SH2B3,-0.0228683303078266,6.30888329990794,-0.673631491746236,0.508061240630376,0.781638223817794,-5.6409626387481
NEK7,-0.036276537366328,5.31156453920157,-0.673551460052774,0.508111096264041,0.781638223817794,-5.64101342989774
DPYSL2,0.0306878289694957,7.07914524756173,0.673397244114717,0.50820717264731,0.781643722036726,-5.64111128496231
TP53I3,0.034598890238397,7.06338232971577,0.673108591208708,0.508387030648508,0.781690731948408,-5.64129438728062
SRSF11,-0.0403381976099863,7.16948662501669,-0.673051267506705,0.508422752992716,0.781690731948408,-5.64133074074055
ATOSB,-0.0184042451462461,7.23310470231555,-0.672668905136892,0.508661065476563,0.781871930464853,-5.64157315123548
NRP1,0.0186993513933674,5.58335585702222,0.672516096728125,0.508756322963816,0.781871930464853,-5.64166999214159
CUEDC2,0.0163519582657744,7.65485477242912,0.672416853014656,0.508818194748666,0.781871930464853,-5.64173287568572
PTCH2,-0.014398729086793,6.69532835277056,-0.671993483694993,0.509082184648988,0.781883473989914,-5.64200103473975
HIF3A,0.0182774855487516,7.61783177857086,0.671318331946463,0.50950333173256,0.781883473989914,-5.64242833779749
ZNF197,-0.0142692684486687,6.01681999944986,-0.671260593413281,0.509539357049539,0.781883473989914,-5.64246486146375
SMURF1,0.0142715246356505,5.55009652847612,0.671247316433815,0.509547641276152,0.781883473989914,-5.64247325965959
GARS1,0.0242207101571085,7.49505930246412,0.670960250531832,0.509726775767876,0.781883473989914,-5.64265480105448
GNG12,-0.0170032486658117,7.68742095368333,-0.670960089442157,0.509726876300788,0.781883473989914,-5.64265490290732
FETUB,0.0477591269631065,7.77365613449067,0.67087227104332,0.509781683703911,0.781883473989914,-5.64271042473973
TMEM51,-0.0185971960913822,6.37582252400371,-0.670848957465517,0.509796234248634,0.781883473989914,-5.64272516322675
SLC16A1,0.0490009218000167,6.99682060610801,0.670671721037611,0.509906859250771,0.781883473989914,-5.64283719341296
IDH1,-0.0225206235146546,10.2416748903298,-0.670548577630301,0.509983729159234,0.781883473989914,-5.64291501507361
LYL1,0.0167638432616657,7.01158341001118,0.670428064174315,0.510058963678124,0.781883473989914,-5.64299116151709
TLE6,0.018597879095281,5.74643517029082,0.670387687799319,0.510084171363554,0.781883473989914,-5.64301667041612
NEU2,0.0189548685013451,5.53326021238692,0.670046114616698,0.510297449562907,0.781883473989914,-5.64323241015927
P2RX1,-0.0171680666517038,7.30256655494197,-0.669603830475999,0.51057368609149,0.781883473989914,-5.64351160377353
RPL36AL,-0.0296888034345901,9.00587263198495,-0.669569739860828,0.510594981485467,0.781883473989914,-5.64353311631092
IFT27,-0.0141422697460036,6.9014264028846,-0.669543293175572,0.510611502287268,0.781883473989914,-5.64354980450424
PEX19,0.0211103416133198,7.3911494248151,0.669484717201568,0.510648094787103,0.781883473989914,-5.64358676444736
UCHL3,-0.0335120521286765,6.83898128106746,-0.669472664171512,0.510655624515974,0.781883473989914,-5.6435943692188
TMEM14A,-0.0493656881457715,7.8913856777031,-0.669320674572982,0.51075058030357,0.781883473989914,-5.64369025474218
CES2,0.0362702628768503,10.6601522304114,0.669203144884681,0.510824013995072,0.781883473989914,-5.64376438634014
INTS15,0.0176362617693647,6.77034821993757,0.669176582328707,0.510840611359498,0.781883473989914,-5.64378113889487
MAN1A1,-0.0331987329151015,8.848290863793,-0.669135225714538,0.510866453255394,0.781883473989914,-5.64380722054937
CLDN15,-0.0182950294343756,7.82273748771864,-0.668995270479001,0.510953910458261,0.781883473989914,-5.64389547227109
TNFSF10,0.041102969854625,10.0529978531926,0.66763946993393,0.51180157718646,0.782790258374894,-5.64474948926549
NOL12,0.0181674841863132,5.70268769813199,0.667611130666241,0.511819303729204,0.782790258374894,-5.6447673224988
TMEM131,0.0209793126805261,5.15698672964787,0.667602983873829,0.511824399706661,0.782790258374894,-5.64477244894963
ATP6V0E1,-0.0224574205471579,8.9729049615556,-0.666782213133517,0.512337953586458,0.783111880023172,-5.64528862125898
NDUFA9,-0.0236677467880566,8.13631228275898,-0.666562165646348,0.512475685725671,0.783111880023172,-5.6454269033454
ZZEF1,0.0200072009967215,6.92883814805206,0.666520595817541,0.512501707445036,0.783111880023172,-5.64545302173715
P4HA2,0.0180870837728645,6.23856312593851,0.666378466858939,0.512590682367363,0.783111880023172,-5.64554230985379
CDON,0.0178066082792001,5.69080211818355,0.666318007217333,0.512628533659122,0.783111880023172,-5.64558028624284
NPTN,-0.0345323971949065,7.57828079425005,-0.666304297685081,0.512637116850396,0.783111880023172,-5.64558889712554
PIGL,-0.0153040202867867,6.82906681112211,-0.66617750637479,0.512716501495894,0.783111880023172,-5.64566852604678
FRS3,0.0153804637486618,5.85024097820898,0.666082326679199,0.512776098481445,0.783111880023172,-5.64572829238028
FERMT2,-0.0388033043264364,8.69737510277274,-0.665764572388101,0.512975089149912,0.783274214549468,-5.64592776130998
PPP2R1B,-0.0277832904492439,8.02951273810978,-0.665570717959835,0.513096509908973,0.78331806842472,-5.64604940800986
CDC42BPB,0.0326925968589006,6.58088045429182,0.665330951727781,0.513246709783254,0.783405834116419,-5.64619981832298
MYBBP1A,-0.0118082016072117,6.66773129950424,-0.664694470779891,0.513645548121285,0.783630271231576,-5.6465988450959
TMEM53,0.0204679200073529,7.43271230434077,0.664414916046505,0.513820780395596,0.783630271231576,-5.64677399016169
RHPN1-AS1,-0.0169669651113107,6.43835190545695,-0.664404907524994,0.513827054620313,0.783630271231576,-5.64678025934066
GREB1,-0.0140762935428455,5.48166940200562,-0.664282930823212,0.513903523825597,0.783630271231576,-5.64685665636684
DEFB1,0.0464159178536411,8.44194037980206,0.664169136132538,0.513974869328934,0.783630271231576,-5.64692791672579
SSB,0.018471618883325,5.01203895640043,0.66411801082923,0.514006925003762,0.783630271231576,-5.64695992855117
EXOC7,0.0300771272567448,7.65341488888801,0.664035329760541,0.514058768575984,0.783630271231576,-5.6470116938664
TBX10,-0.0132078776389535,6.11607882237776,-0.663819359750632,0.514194202198384,0.783630271231576,-5.64714688026723
DNAAF5,-0.0134972918609079,6.70139893873129,-0.663665617178199,0.514290625479537,0.783630271231576,-5.647243089835
INE1,0.0146744516407828,7.00407946536881,0.663520120507138,0.514381886452512,0.783630271231576,-5.64733411966214
TPT1,-0.0119642509256907,13.2603002916116,-0.663334028064399,0.514498623801095,0.783630271231576,-5.64745052042013
PBRM1,0.0231765478471894,6.59847624175499,0.663216101108743,0.514572608027636,0.783630271231576,-5.64752426755589
GNG11,0.0293942845963607,5.89825238048997,0.663142677007058,0.514618675351804,0.783630271231576,-5.64757017793782
LZTR1,0.016772367985178,7.44486898484385,0.663025702402213,0.514692071637307,0.783630271231576,-5.64764330941276
DCTN2,0.0190456976461722,8.26329843584095,0.662520389192516,0.515009200024772,0.78385895862677,-5.64795908518437
ANGPTL2,-0.0226030156786055,7.67520711538692,-0.662490752001277,0.515027803348619,0.78385895862677,-5.64797759865482
TASOR,-0.0175791493581041,5.42104154498153,-0.661996258337667,0.515338253329927,0.784059240496283,-5.64828637745654
CA2,0.0388974979716277,8.45640876010055,0.661918214911455,0.515387259612224,0.784059240496283,-5.6483350903354
CORO2A,0.0152721056578646,5.82722077905627,0.661800126529733,0.515461416508896,0.784059240496283,-5.64840878791182
KTN1,-0.0337684149731135,7.89295339188613,-0.6616900473931,0.515530549135781,0.784059240496283,-5.64847747570578
ACTN4,-0.0222668216166274,8.28812811333683,-0.661263592258817,0.51579842312197,0.784160435344053,-5.64874347455602
PLEKHA1,-0.0227848520186217,6.00951329507871,-0.661140550315444,0.515875725242351,0.784160435344053,-5.64882019079695
NOP14,-0.0214932396797222,6.9331544218689,-0.661072472867832,0.515918498237734,0.784160435344053,-5.64886263100052
GCDH,0.0334746004453619,7.99143376770658,0.66098613025278,0.51597275006376,0.784160435344053,-5.64891645190049
NME6,0.0164203129196063,5.83858440083019,0.660845552278373,0.516061086502755,0.784160435344053,-5.64900406556606
ASMTL,-0.0331230170053981,6.85152897695015,-0.660323373797356,0.516389286991352,0.784389037814798,-5.64932935169651
ABCA1,-0.0213921085920703,7.93705480995158,-0.660310809292873,0.516397185486831,0.784389037814798,-5.64933717561003
KRT10,-0.0225017540817812,7.37329785362385,-0.660020318222807,0.516579817292112,0.784525423457646,-5.64951802467767
PRKCI,-0.0347964028678328,6.58347115063219,-0.659735962842464,0.516758626418856,0.784655955658461,-5.64969498027997
PHLDA3,0.013169158939945,6.96672076166631,0.659481010721346,0.516918975400276,0.784758415762186,-5.6498535761828
VIPR2,-0.0187198033153519,7.56623753983561,-0.659247862972687,0.517065635030409,0.784840060356917,-5.64999855717232
PAPSS2,-0.030731803715869,8.67926551003487,-0.658848850940724,0.517316683906663,0.784998532822802,-5.65024656587854
ZNF586,-0.0175851818602571,6.58660158999425,-0.658786630264418,0.517355837785821,0.784998532822802,-5.6502852266467
RYBP,0.023239103440775,7.05593135346069,0.658550847183953,0.517504225001099,0.785082711177609,-5.65043169862759
TRAM1,-0.0283000466932721,9.2319001590706,-0.657527299466963,0.518148656607279,0.785717886495246,-5.65106696112829
ANKS1A,0.0202376427550291,6.32751048446149,0.657486010022023,0.518174662035215,0.785717886495246,-5.65109256751777
TRAK1,-0.0188126122719221,7.32678133742733,-0.657194187985956,0.518358481664194,0.785717886495246,-5.65127350238539
KDM5A,-0.0235687751055856,6.18505024715082,-0.657021565861618,0.518467233936214,0.785717886495246,-5.65138049505665
MGRN1,0.0315420516661619,7.59420142206288,0.657010886633938,0.518473962286457,0.785717886495246,-5.65138711325137
STAT5B,0.0167943205150495,6.77529727489824,0.65669178711534,0.518675030404132,0.785717886495246,-5.65158482009073
RASSF2,0.0155697174649309,5.54386784865327,0.656625598856392,0.518716741774616,0.785717886495246,-5.6516258173462
RIOX2,-0.0198494944340958,5.49779615875038,-0.656607932561071,0.518727875263231,0.785717886495246,-5.6516367592481
ISCA1,0.0195754669292695,7.28589420724401,0.65655731803022,0.518759773817394,0.785717886495246,-5.651668106608
ERP44,-0.0230749996195879,8.34495184737721,-0.655942358625595,0.519147423715043,0.786129691298384,-5.65204878814749
GRK2,-0.020699822562059,9.32989650672367,-0.655660108586111,0.51932539852005,0.786129691298384,-5.65222339673407
TRAF3,0.0217034265811259,6.29285048495376,0.655592306411942,0.519368156712146,0.786129691298384,-5.65226533055419
DNPEP,-0.0169759494723163,8.18993616711894,-0.655352930750924,0.519519130176489,0.786129691298384,-5.65241334481521
LSM14B,0.0130614413000315,6.74801190176079,0.655030854871216,0.519722300795329,0.786129691298384,-5.65261241397394
MMP19,0.0160929726377874,7.22504178507735,0.655026379224996,0.519725124414826,0.786129691298384,-5.65261517962946
RUBCNL,-0.019624964134773,5.3989883301401,-0.655024213389732,0.519726490811553,0.786129691298384,-5.65261651796698
RFX2,-0.0179786308487791,5.49219792990347,-0.654945855263862,0.519775927252553,0.786129691298384,-5.65266493506528
TSR3,0.0299884582928365,6.99452518538319,0.654483627760364,0.520067601378371,0.786169783471564,-5.65295043050729
MACROH2A1,-0.0183275909631626,8.02825559517461,-0.654421655700234,0.520106713790441,0.786169783471564,-5.65298869298845
TMCO6,-0.0207136040404115,7.19876544074283,-0.654327784584263,0.520165961749874,0.786169783471564,-5.65304664383048
PCDH9,0.0208332087833997,5.45229615431672,0.653760795463007,0.520523903687123,0.786169783471564,-5.65339650265484
SCPEP1,0.0175163543318655,7.03888515350498,0.653739793375744,0.520537164986844,0.786169783471564,-5.65340945635755
MRPS14,-0.0200148609351347,7.16855834936224,-0.653642328726048,0.520598709314935,0.786169783471564,-5.65346956556176
GLS,-0.0241530157317898,7.10813179107561,-0.653563709876923,0.52064835634419,0.786169783471564,-5.65351804578581
RTF2,0.0186553677988516,7.84083483407247,0.65355508463788,0.520653803257273,0.786169783471564,-5.65352336419035
RPL5,-0.0265245453212957,10.6714398271835,-0.653166116700668,0.520899472658643,0.786169783471564,-5.65376313578675
FURIN,0.0282086780298231,8.87584485668554,0.652793971067422,0.521134577242928,0.786169783471564,-5.65399240987323
KMT2B,0.0227346983979917,6.95294467346555,0.652790656102533,0.521136671749811,0.786169783471564,-5.65399445161869
USP39,-0.015520444212005,6.43404308175093,-0.65258366579283,0.521267464447787,0.786169783471564,-5.65412192097548
FAM50A,-0.0317494390026779,6.52160189903182,-0.652548333668992,0.521289791866167,0.786169783471564,-5.65414367544225
TXNL4A,0.0306747900337078,7.87995378214193,0.652547041860003,0.521290608208655,0.786169783471564,-5.65414447080519
DCTPP1,-0.015157240230061,7.89548683611015,-0.651962899915495,0.521659821815176,0.786169783471564,-5.65450397101142
IRGQ,0.0181105728882212,7.62479588966459,0.651914748844735,0.521690262698309,0.786169783471564,-5.65453359103469
NPTXR,0.0129466003739235,6.29050979305149,0.651893711607864,0.521703562649858,0.786169783471564,-5.65454653138725
AHCYL1,-0.0219264735287326,8.33460237590691,-0.65176664967433,0.521783896459093,0.786169783471564,-5.65462468079698
SNAP23,-0.0341193130872802,6.29241226315712,-0.651723302606611,0.521811303831822,0.786169783471564,-5.65465133806781
PPP2CB,-0.0292849754266383,8.19667343062355,-0.651530749701014,0.521933060304306,0.786169783471564,-5.6547697323911
WWC2,0.0280222476444542,6.14083465384266,0.651486583022586,0.521960990316989,0.786169783471564,-5.65479688428387
BRD2,-0.0243934995529587,8.19992410682272,-0.651458265408938,0.521978898172512,0.786169783471564,-5.65481429188481
MYO1B,0.0378435204560702,8.48384582289854,0.65141534617374,0.522006040635754,0.786169783471564,-5.65484067411709
SHBG,0.0323358783769862,7.41968800961183,0.651225459876882,0.522126135584938,0.786169783471564,-5.65495737630042
SLC35H1,0.018358197050503,6.698392481039,0.65114605417171,0.522176360817278,0.786169783471564,-5.65500616859089
PRRG2,0.0159414343149098,5.35508122762325,0.651074346364864,0.522221719312859,0.786169783471564,-5.655050225878
DRICH1,-0.0131036557741476,6.72367900586944,-0.650927746396667,0.522314457326551,0.786169783471564,-5.65514028248122
ACACA,-0.0249205571404678,7.38399638684794,-0.650519754039034,0.522572598024026,0.786355075845038,-5.655390810774
DOC2A,-0.0139433687459814,5.62034996429067,-0.650439030108925,0.52262368117701,0.786355075845038,-5.65544036161885
EAPP,-0.0310575597293183,6.31392203763879,-0.650084744635664,0.52284791022273,0.786552401883936,-5.65565776345763
INTS12,-0.0256730627674953,5.83688877811433,-0.649858744371258,0.522990974646075,0.786627578454848,-5.65579638587003
PLS3,-0.0305676271023718,9.1569901225289,-0.649394392055561,0.523284990272123,0.786929732656956,-5.65608106228016
TRAF6,-0.0170097146840943,6.45295803092557,-0.649222708054676,0.523393719123547,0.786953189785404,-5.65618626580682
RMND5B,0.0140657124197995,7.25733919525816,0.648963975852615,0.523557599824145,0.787059547858749,-5.65634475996405
GATB,0.0161218789042652,5.3015338570973,0.648698023367784,0.52372608331861,0.787172786204599,-5.65650761413933
ALG3,0.0209251704425638,7.98363509851654,0.647649947351486,0.524390340476952,0.787782046538218,-5.65714877460995
KIF21B,-0.0182154506268003,6.37528495282084,-0.647646652545412,0.524392429413972,0.787782046538218,-5.65715078864364
HSBP1,0.0302845626816292,7.7771814567726,0.647617163952398,0.524411125654139,0.787782046538218,-5.65716881385679
PPP6R2,0.0302203089756778,7.08581128895427,0.64712010829111,0.52472632211712,0.787880210148821,-5.65747252620121
IHH,-0.0189052150023755,6.85696346483025,-0.647076525216944,0.524753964295529,0.787880210148821,-5.65749914581467
OSBP,0.0166536915592467,7.90308599488109,0.646712168422737,0.524985085706571,0.787880210148821,-5.65772162006996
PEX5,0.0179137598020564,7.41477928316538,0.646531544749574,0.52509968096352,0.787880210148821,-5.65783186344229
ANP32B,-0.0193942731134205,9.28920351452575,-0.646529475337173,0.525100993965509,0.787880210148821,-5.65783312633414
CHAF1B,0.016065197660574,5.74092202218,0.646525818742413,0.525103314008301,0.787880210148821,-5.65783535781983
ZNHIT1,0.0377789021885114,8.10138317013258,0.646378594265063,0.525196729940851,0.787880210148821,-5.65792519348827
HR,0.0141532960808258,6.81575424072465,0.646009215739013,0.525431145856578,0.787880210148821,-5.65815050031457
TCEAL9,-0.0351798039429986,5.08929024824144,-0.645911874097002,0.525492930624476,0.787880210148821,-5.6582098544896
ABCD3,0.0325036080807031,8.96486398058428,0.645830884116221,0.525544339695516,0.787880210148821,-5.65825923169794
USP8,-0.0232350797390014,5.26051938513179,-0.645751376049205,0.525594810797858,0.787880210148821,-5.65830769966372
BCORL1,-0.0144482014998126,6.96665385028299,-0.645750519738725,0.525595354391586,0.787880210148821,-5.65830822163787
LRP5L,0.0124573197244038,5.86912566151197,0.645408985132021,0.525812188318243,0.788065447195664,-5.65851635526897
OVGP1,-0.0250032420051925,7.79063991439553,-0.645138858901373,0.525983721203068,0.788182735266169,-5.65868089749636
PRKAR1B,-0.012267783863028,7.17483560719817,-0.644895124789219,0.526138521198439,0.78820873247999,-5.65882930689567
FNTA,-0.0209356988694753,7.86587759489209,-0.644761217226267,0.526223578988614,0.78820873247999,-5.65891082020178
COL4A1,0.031253455568567,7.40926841483234,0.644670970872438,0.526280907532793,0.78820873247999,-5.6589657465616
RNF19A,0.0139784156683784,5.63104225647007,0.643876209162394,0.526785923946316,0.788750654537494,-5.65944914216696
CD300C,0.0122686371241746,5.11687159972924,0.643705939531593,0.526894153156584,0.788750654537494,-5.65955263053164
FGF18,0.0215599532010538,5.45909033079126,0.643660914669481,0.526922774540136,0.788750654537494,-5.65957999186181
IL6ST,-0.0391585097731905,8.61283532454958,-0.643395440075236,0.527091548642055,0.788863546940376,-5.65974128188483
TIMP3,-0.034219365490407,7.24949802350942,-0.642788181020949,0.527477721871076,0.789301708838426,-5.66010998477518
SLC28A1,0.0277024011375521,7.52684741582764,0.642597455213697,0.527599041801254,0.7893434672841,-5.66022571691519
KIF22,0.0201828513619646,7.10957422517958,0.642232326943635,0.527831341090487,0.789458098447749,-5.66044718448819
C1orf174,-0.0136091386147759,6.5098947524873,-0.642183333625602,0.527862515530152,0.789458098447749,-5.66047689208391
TUBA1B,0.0278731055513891,10.343456214638,0.641611060806979,0.528226727292427,0.789765668576312,-5.66082373481821
CBFB,-0.0268388802855419,6.99217934345019,-0.641566495596136,0.528255095715185,0.789765668576312,-5.66085073244635
GZMH,0.0149146029920936,6.29665323757162,0.64129608252994,0.528427247689249,0.789883290814462,-5.66101451032178
TERF2,-0.0158357155413515,6.72943014724815,-0.640891162562519,0.528685087640563,0.790128933597941,-5.66125962977839
MXRA5,-0.0310839782941199,6.96072238982027,-0.640133019956507,0.529168033349311,0.790710854430004,-5.66171817491491
IL32,0.082842271660517,8.43106758992584,0.639737546344882,0.529420050340206,0.790947564599494,-5.66195716175958
POU3F1,-0.0204428199738791,6.2555558474188,-0.639509631254501,0.529565319840466,0.79102473972988,-5.66209482783504
ITFG1,0.0236166070145504,8.11056331570606,0.638803618514537,0.530015459445059,0.79130835141185,-5.66252097794859
MAPK13,-0.0156039771368147,6.4844604305747,-0.638789219624032,0.530024642062795,0.79130835141185,-5.66252966444431
NME7,-0.0160600620473672,5.80049535910681,-0.638771211523164,0.530036126507819,0.79130835141185,-5.66254052802373
TOM1L2,0.0136096286326721,7.50022197252936,0.638406662170031,0.530268642584431,0.791515638551217,-5.66276038324137
YWHAQ,-0.0258473204028637,9.4521645305398,-0.638025052821584,0.530512099449245,0.791587094143773,-5.66299039833727
UGGT2,-0.0149480060336562,5.45747670910208,-0.637580380430256,0.530795865804843,0.791587094143773,-5.66325825848513
TNFRSF21,-0.0175024449538042,7.11066944344541,-0.637500250978714,0.530847008974139,0.791587094143773,-5.66330650755081
SYPL1,-0.0316941430558365,6.46462013902454,-0.63749805849116,0.530848408382045,0.791587094143773,-5.66330782765136
ZNF160,0.0367316591773276,7.72199850556162,0.637463892327328,0.530870216017646,0.791587094143773,-5.66332839859574
MIIP,0.0184941863518471,7.92436020517488,0.637450777220276,0.530878587279617,0.791587094143773,-5.66333629472813
PDZD8,-0.0202603592376447,5.01160904134382,-0.637216689999681,0.531028015279414,0.791647274965428,-5.66347720401131
PIGP,-0.0340310673094928,7.94231535035125,-0.63686591924467,0.531251970336899,0.791647274965428,-5.66368825837066
ITGAV,0.0284488773346138,5.97137832934297,0.63683504583246,0.531271684412331,0.791647274965428,-5.66370682918409
CEP68,-0.0163393593171378,5.60835024278173,-0.636800581579849,0.531293691873247,0.791647274965428,-5.6637275589222
ENPP3,0.0135840674091847,5.43650731728367,0.636636538116056,0.531398450122761,0.79166377001716,-5.66382621390472
RND1,0.0202949963837812,6.36147107079345,0.636136364347147,0.53171793082663,0.791730576829417,-5.6641268657738
LARP1,0.0189823034038697,7.92590989573569,0.636121383225762,0.531727501472453,0.791730576829417,-5.66413586735617
TXN,0.0399944426254785,8.25700146158702,0.635989570386884,0.531811713764539,0.791730576829417,-5.66421505988921
ITM2B,0.030695821175099,9.95519641260295,0.63596377786881,0.531828192880289,0.791730576829417,-5.66423055407305
SIRT7,0.0139593736485157,7.0497182941478,0.635727334928611,0.531979271759054,0.791730576829417,-5.664372562955
HNMT,-0.0361304720103824,8.568416791531,-0.635686338780754,0.532005469258868,0.791730576829417,-5.66439718031112
COX5B,0.0288036183796863,10.1137075633889,0.635010453648863,0.532437476904647,0.792110256321076,-5.66480281634636
EMC2,-0.0351903987282626,4.97423785399099,-0.6347723101471,0.532589737292294,0.792110256321076,-5.6649456409071
SRSF8,0.0145169134482517,7.71112360360358,0.634616979391242,0.532689062947114,0.792110256321076,-5.66503877155526
CRLF1,0.0134751278129556,6.28252898392799,0.634534297903773,0.532741937413684,0.792110256321076,-5.66508833544739
DOLPP1,-0.0119112048673246,7.78415532504897,-0.63414429006886,0.532991384267109,0.792110256321076,-5.66532204442907
UBXN7,0.017742570321402,5.2196105159958,0.634040262574755,0.533057930399222,0.792110256321076,-5.66538435878212
B3GALT4,0.0186397018485697,6.2752283252011,0.633928427618158,0.533129475981661,0.792110256321076,-5.66545133901759
KDM2A,-0.0185931514987282,7.46627100052737,-0.633819601167203,0.533199101903748,0.792110256321076,-5.665516506526
AKAP9,0.0351901684042219,6.78176223766057,0.63380494727002,0.533208477677421,0.792110256321076,-5.66552528076064
ARHGEF10,-0.0218461611570503,6.49082770416682,-0.633784483221249,0.533221571019324,0.792110256321076,-5.66553753358292
SPARC,0.0295716465394806,8.12128592480178,0.633674809920724,0.533291745350367,0.792110256321076,-5.66560319386552
GSTM5,-0.0232668659201797,7.11201426268327,-0.633392094604905,0.533472663541632,0.792239720022283,-5.66577240240564
NRIP2,0.0178895419153438,5.14005709484703,0.633141610739827,0.53363298368486,0.79225835558833,-5.6659222595606
NFYB,-0.0221902281853741,5.57473895404713,-0.632997431144775,0.533725276512952,0.79225835558833,-5.66600849222139
PRSS3,-0.0126767571339406,5.79833648633636,-0.632835061804624,0.533829223407981,0.79225835558833,-5.66610558148468
FAM90A1,0.0139702233074088,5.24643716362595,0.632700363140204,0.533915464208212,0.79225835558833,-5.66618610685978
COX7A2,-0.022120398742749,10.0397983337276,-0.632640171797288,0.533954004150951,0.79225835558833,-5.66622208505569
FH,0.0211708043407099,9.40301451168017,0.631818392735129,0.534480332418688,0.792900071793875,-5.66671295915835
C11orf21,-0.0131915766285211,6.51691884477286,-0.631534634675689,0.534662137450671,0.793030553178545,-5.66688231456408
CLIC4,0.0278265600176508,7.44404239879368,0.631169355041068,0.534896223059064,0.793238519629534,-5.66710021713094
RENBP,0.0117874946230753,6.25539956212061,0.630864373484957,0.53509170981432,0.793293462741388,-5.66728205710849
MICAL1,0.0279848938493102,5.02110140395024,0.630768517414613,0.535153159530216,0.793293462741388,-5.66733919222702
IFT20,0.024593788019191,7.61792512964988,0.630672190524319,0.535214914921734,0.793293462741388,-5.66739659959197
ZMIZ1,-0.0247711622319001,6.54995946867399,-0.629578349849227,0.535916449392691,0.794114630207246,-5.66804789951937
SLC22A13,0.0156213495467625,6.04837635673229,0.629515315145707,0.535956891842831,0.794114630207246,-5.66808539890799
ACD,0.015801358618123,5.90310449317156,0.629205135808428,0.536155923927433,0.794213461552497,-5.66826987235364
TULP3,-0.0169237490985572,6.60308566726762,-0.629042917740251,0.536260029952583,0.794213461552497,-5.66836631383535
ADGRA2,-0.0235563635963192,7.09431412596326,-0.628971972685938,0.536305563505153,0.794213461552497,-5.66840848441612
SMARCE1,-0.0345529777665076,7.90360611392816,-0.62870779483038,0.53647513502386,0.794325370764257,-5.66856547474227
ABCA3,0.0158814718260673,5.12989120096249,0.628360957376889,0.536697808410015,0.794515851623095,-5.6687714903156
SNIP1,-0.0153444671110052,5.97998576396273,-0.628069823308271,0.536884758175126,0.79463241911082,-5.66894433484146
S100A12,-0.0162879156392241,5.1275190518664,-0.627945458723703,0.536964628771927,0.79463241911082,-5.669018145918
LSM7,0.0406475695863683,6.72637329122479,0.627775618069288,0.537073715807022,0.794654683692757,-5.66911892464749
ASXL1,0.0136937858712649,7.04279866850544,0.627617595630087,0.537175222863394,0.794665727100085,-5.66921266729179
SLC10A1,-0.0319897415331284,11.0954776946161,-0.627057818760909,0.53753488362769,0.79505859734885,-5.66954455801329
GZMK,0.019991093422049,7.18471967374847,0.626552925731444,0.537859392569017,0.795323505747007,-5.66984366451019
OCEL1,0.019769348024106,7.67016783592476,0.626486290132361,0.53790222903481,0.795323505747007,-5.66988312321077
SARS2,0.0137274032496502,6.46372225151729,0.626111484422701,0.538143205879189,0.795477601578921,-5.67010499181543
THG1L,0.0142514612227243,5.79310718219326,0.626031361350377,0.538194727600792,0.795477601578921,-5.67015240464628
POLE3,0.013972352240554,6.10525765368403,0.62542527899185,0.538584544253361,0.795914550356926,-5.67051086531329
UNC119,0.0128788891065986,7.83052861443735,0.625029409750374,0.538839239331591,0.796151700009082,-5.67074481789997
HCFC1R1,0.0138216652234916,7.51486364233623,0.624574333868156,0.539132107025867,0.796445158106395,-5.67101358506714
LIMK2,-0.0177162210403924,6.8864125994347,-0.624330139168625,0.539289295788296,0.796538113863154,-5.67115772865916
RPS27A,-0.0270829819667247,9.78057334224273,-0.623471839902849,0.53984198092714,0.797215088925959,-5.67166393752622
PPP2R2D,0.0212646393561685,6.20204103058454,0.623224440617934,0.540001345432853,0.797218779388555,-5.6718097249061
C1orf50,-0.0135596463629077,5.80023908484523,-0.622957897342037,0.540173070018469,0.797218779388555,-5.67196673130161
SCD,0.0562504099209325,10.1734698743389,0.622864326122057,0.540233361670123,0.797218779388555,-5.6720218338171
TMEM214,0.0214096796763957,6.95028596859225,0.622860867951054,0.540235589976291,0.797218779388555,-5.67202387012352
BCL7A,0.0133963754638332,6.92155344527377,0.622508044761882,0.540462960995786,0.797218779388555,-5.67223156918864
SCFD1,0.021919295736039,6.73014064705899,0.622330177740821,0.540577603922047,0.797218779388555,-5.67233623266779
ATRAID,0.0204448971979657,8.1397118958528,0.622302908575578,0.540595181223895,0.797218779388555,-5.67235227630652
PCK1,0.04052593407232,11.206764867901,0.622296606796649,0.540599243301351,0.797218779388555,-5.67235598382179
MRAS,-0.0108296265715262,6.26106074996687,-0.621971423765548,0.540808875993046,0.797305338806388,-5.6725472493074
DIPK2B,-0.0186561132400363,7.30302472126752,-0.621910117017679,0.540848402929068,0.797305338806388,-5.67258329783178
ZNF276,0.0147178692776061,6.27118172190796,0.621534413132701,0.541090668274991,0.797305338806388,-5.67280413816573
ACVR2A,-0.0170183090776453,7.2746465621486,-0.621488323874012,0.541120392048268,0.797305338806388,-5.67283122080459
PEX10,0.0280411563661483,7.24259056514747,0.621473863291235,0.541129718112974,0.797305338806388,-5.6728397176309
UBB,-0.0163051323817013,12.4621390583398,-0.620817998535986,0.541552795692298,0.797726567065892,-5.67322489460263
IARS1,-0.0250627937713019,7.42512517280986,-0.62073799433656,0.541604416006749,0.797726567065892,-5.67327185283508
DHODH,0.0288021179801788,6.87327767797394,0.620142865990757,0.541988487569942,0.798144855813028,-5.67362097930619
ABCD1,0.0176957307431771,7.32534946506164,0.62000525500639,0.542077316865203,0.798144855813028,-5.67370166172854
CASP1,0.0124251663719175,6.8047232639144,0.619583633963605,0.542349526122341,0.798406532357802,-5.67394875448105
ACADL,0.0234469542603362,6.89991445895543,0.619147764058723,0.542631011774104,0.798433388757211,-5.67420402814887
BUD23,0.0331590026522249,7.20556542957341,0.618928645264558,0.54277254867273,0.798433388757211,-5.67433229315267
COPS5,0.0264795690666504,6.75583932293693,0.618904871020793,0.542787906520835,0.798433388757211,-5.67434620719843
PDLIM1,0.0211010967749101,8.47859968322515,0.618845727783858,0.542826113281577,0.798433388757211,-5.67438081897297
CDC42EP3,-0.0125410980604883,5.81406860822107,-0.618506215584234,0.543045467332156,0.798433388757211,-5.67457944666717
RNPS1,0.0163314707623502,8.00110066540167,0.618337868318734,0.54315425171936,0.798433388757211,-5.67467789746774
CHST7,-0.0258006693413386,6.14989051395965,-0.618139967027967,0.543282148542906,0.798433388757211,-5.67479359877864
POLR2I,0.022969865500419,8.20717279018088,0.618100686411899,0.543307536175336,0.798433388757211,-5.6748165596266
MTIF2,-0.0248738033966435,5.79072194720272,-0.617922478059914,0.543422722790727,0.798433388757211,-5.6749207108306
TTC1,-0.0134495546799456,6.36410478422194,-0.617883418747758,0.543447970883146,0.798433388757211,-5.67494353460687
FOS,0.0868388959130943,7.33631314320623,0.617849920361026,0.543469624871329,0.798433388757211,-5.67496310782834
TF,0.0164732361768847,13.2828706798919,0.617800395831439,0.5435016393055,0.798433388757211,-5.67499204331231
SHANK1,0.0115593398740457,5.62377491764556,0.617396579778214,0.543762718134933,0.798678075480651,-5.67522789603637
FOXB1,0.015591861334478,5.04636456385167,0.616315499792772,0.544461997649791,0.79938418435348,-5.67585858223431
RGS2,-0.0557245231087781,6.88081994108935,-0.616236824238117,0.544512906429039,0.79938418435348,-5.67590443894854
UBAP2,-0.0160176146799052,7.44664370984642,-0.616214639304291,0.544527262146583,0.79938418435348,-5.67591736860881
TRAF3IP2,-0.0158685644618687,7.053746252307,-0.616032984227026,0.544644817494457,0.799417875252417,-5.67602322266477
ARMCX2,-0.0250014610406561,4.91542279567551,-0.615776756886267,0.544810654188486,0.799522408456531,-5.6761724804995
SLC31A1,-0.0153518533732095,6.08981933290139,-0.614897385447375,0.545380010091667,0.799779711317572,-5.67668427918869
HMGB3,-0.017094149749133,6.57031975047056,-0.614806658622464,0.545438769933511,0.799779711317572,-5.67673704267249
WHRN,0.0128659902833027,6.57659635930447,0.614791883911696,0.545448339194465,0.799779711317572,-5.67674563440869
FGGY,0.0276377854214415,7.60689202024928,0.614787420704058,0.545451229935228,0.799779711317572,-5.67674822979799
DYRK1B,0.0156673450726278,6.39526854165062,0.614775072074232,0.545459227967239,0.799779711317572,-5.6767554105261
TSPAN3,-0.0252950965683059,7.8300730071307,-0.614284656246905,0.545776913869683,0.800015716557195,-5.67704047527357
PIK3IP1,0.0153967914950489,7.45970290115015,0.614171781167389,0.545850047043216,0.800015716557195,-5.6771060553935
TNPO3,-0.0178386863288057,7.74697911243353,-0.614030825437731,0.545941381351679,0.800015716557195,-5.67718793403504
EMC8,0.0149978335328108,5.49586044352284,0.613899140656241,0.546026715770385,0.800015716557195,-5.67726441103215
ARL3,0.0182961871125069,6.15781264726513,0.613430929630383,0.546330183576291,0.800015716557195,-5.6775362006896
SRGN,-0.03945628589333,7.08110005935643,-0.613278763619877,0.546428828276737,0.800015716557195,-5.67762448792547
ACOT9,-0.012732647675678,6.29119953802809,-0.613248281066456,0.546448590349709,0.800015716557195,-5.67764217147562
EXT2,-0.0158542684068394,6.80652179642832,-0.613075506927364,0.546560608337097,0.800015716557195,-5.67774238530943
RNASEH1,0.0238964980586114,7.31677940060645,0.612873182453701,0.546691800796491,0.800015716557195,-5.67785970466457
ZNF93,-0.0184210497555372,6.23906503891721,-0.612849577774419,0.546707107776913,0.800015716557195,-5.67787338958955
VSTM4,0.0151288864130344,5.43066548741246,0.612813413987985,0.546730559432638,0.800015716557195,-5.67789435473396
DUSP1,-0.0753682424738027,9.57574044988749,-0.612692140535736,0.546809207296297,0.800015716557195,-5.67796465161912
KCNMB3,-0.0114081257038554,6.43141600440352,-0.612627732020395,0.546850979743711,0.800015716557195,-5.67800198096498
NIPBL,0.0138033001338953,6.44549250693,0.612430582695597,0.546978852421369,0.800064272626029,-5.67811621966985
GPSM3,0.0150678576513435,7.39635560280387,0.61224527648934,0.547099058052566,0.800101599263445,-5.67822356362678
GMEB2,0.0131999668278291,7.31260321519866,0.611515826326728,0.547572378965838,0.800594493783574,-5.67864581525148
FANCA,0.011381936455711,6.33336588605937,0.611433853241295,0.547625582730066,0.800594493783574,-5.67869323618351
CREM,-0.015327247063777,6.37047253792353,-0.610884434393169,0.547982248109394,0.800977338959415,-5.6790109139
ADM,-0.0233036717987257,6.00114882756525,-0.610603277576547,0.548164813947547,0.801105617062741,-5.67917337448553
CEP192,0.0159130921026326,5.38319079840717,0.610342028092213,0.548334482133672,0.801215005019805,-5.67932426758845
AKR1C3,-0.0487317460210836,9.23963782062419,-0.609858658368764,0.548648479538979,0.801429724136671,-5.67960328972491
CTNNBL1,0.0223568978139316,6.7409466760276,0.609748741807155,0.548719894745041,0.801429724136671,-5.67966670870748
MRPL23,0.0359142621119334,7.58345340938639,0.609671196254458,0.548770280761304,0.801429724136671,-5.67971144385168
HK3,0.0138142393391245,6.35492736942246,0.609531884226407,0.5488608063407,0.801429724136671,-5.67979179762796
PRKACB,-0.0296921401881401,7.42195955455857,-0.608659085822658,0.549428134818165,0.801927884798606,-5.68029481710642
IGF1,-0.0492222185605507,7.66244684050412,-0.608514595229918,0.549522085246779,0.801927884798606,-5.6803780244265
SLC39A1,0.012154271272852,6.46909414338711,0.608500689660671,0.549531127351392,0.801927884798606,-5.68038603117856
ETV1,0.0125108635867967,6.37492404964231,0.608423096903013,0.549581583534761,0.801927884798606,-5.68043070544131
ZFHX2,-0.0170816225740648,6.85795298780092,-0.60826475882709,0.549684553527324,0.801939654230988,-5.68052185206581
PRPSAP2,-0.0118304687673553,5.98586925277223,-0.60767477961424,0.55006831716977,0.802273194174636,-5.68086127014525
NPAP1,-0.0141138462565345,6.26501930953081,-0.60743755406003,0.550222665187053,0.802273194174636,-5.68099765793218
IARS2,-0.0260791676104811,8.20094309711805,-0.607363500604348,0.550270851890545,0.802273194174636,-5.68104022290144
RPS6KB1,0.0154037035451241,5.11044527499314,0.60720087459116,0.550376680736201,0.802273194174636,-5.68113368071559
PASK,-0.0187615331304994,6.54172693875555,-0.607183643838676,0.550387894275783,0.802273194174636,-5.68114358146313
PRKCSH,-0.0155481855066951,9.78352075734113,-0.606678231206951,0.550716863706823,0.802342202612753,-5.68143387008567
PYHIN1,-0.0165903323641307,5.77529889535491,-0.606660551558767,0.550728373143889,0.802342202612753,-5.68144402035313
CCR1,-0.0201159107674279,6.32474751723383,-0.606179214581764,0.551041771995895,0.802342202612753,-5.68172025696893
KRT83,0.0156063516968293,7.51294414520513,0.606140517161077,0.551066972007086,0.802342202612753,-5.68174245604362
HOMER2,-0.0152722102037106,7.04167048673111,-0.606124697232913,0.551077274222227,0.802342202612753,-5.68175153087519
FAHD2A,-0.026049691053029,8.41271196315369,-0.606113544690557,0.5510845370149,0.802342202612753,-5.68175792820368
SH3BP2,0.0130885204745919,7.49415544002913,0.605689419333196,0.551360774757679,0.802342202612753,-5.68200113122623
QPRT,0.03157244569761,9.00415008546707,0.605613291754173,0.551410365270252,0.802342202612753,-5.68204476715665
KIF3C,-0.0155629978919394,6.79643501238072,-0.605539543803834,0.551458407907575,0.802342202612753,-5.68208703406459
GNG5,-0.0255608309473687,9.31212958275562,-0.605378019146135,0.551563639850207,0.802342202612753,-5.68217959083305
EPB41L1,-0.0177224854372786,6.22798354430227,-0.605354372581766,0.551579046275797,0.802342202612753,-5.68219313878065
POLR2L,0.0307820677730007,8.83652314561471,0.604850622138209,0.551907308338767,0.802342202612753,-5.68248163415434
LYRM4,-0.0138133210435238,5.72986193421154,-0.604772219374561,0.551958407694274,0.802342202612753,-5.68252651424651
SLC25A11,0.0242282343096282,7.5807604707849,0.604746149911823,0.551975399137498,0.802342202612753,-5.6825414359484
SMAD2,0.0110275053841862,6.61545060385866,0.604597117515899,0.552072540135753,0.802342202612753,-5.68262672758839
PORCN,0.0130577616966348,6.49986159615845,0.604592381750974,0.552075627108657,0.802342202612753,-5.68262943754779
ABCC6,0.0361206127092631,9.12481242562423,0.604574286002152,0.552087422770909,0.802342202612753,-5.6826397923383
ULK2,-0.0168678715365752,6.04257903000559,-0.604486929338024,0.55214436783351,0.802342202612753,-5.68268977557269
RGN,0.0205086971089361,9.77056709418643,0.603045361837122,0.553084527615162,0.803570195726981,-5.68351359971759
ZNF576,0.0122152668009103,6.9136107710825,0.602400083608148,0.553505637468345,0.804043774558624,-5.6838817487527
IER3,0.0185517233278262,6.37905992068712,0.60206179143253,0.553726475032382,0.804192875308248,-5.68407460221043
DYRK4,-0.0112874817380132,6.70808179752777,-0.601948132514477,0.553800682123676,0.804192875308248,-5.68413937343717
CCNJL,0.0128053397255885,5.60755090366336,0.601690976155435,0.553968596973524,0.804192875308248,-5.68428587663867
MYH10,-0.0333013523973671,7.88803773315286,-0.60165979085405,0.553988961795185,0.804192875308248,-5.68430363895677
MYOM1,0.0246527696469744,6.21042782780516,0.600806437605368,0.554546376675833,0.804824844691054,-5.68478934236544
AQR,-0.0278548885563215,5.99083491844976,-0.600607982252604,0.554676051000652,0.804824844691054,-5.6849022021696
TRAPPC12,0.0222834185846319,7.07179005686437,0.600555958647962,0.55471004680245,0.804824844691054,-5.68493178159579
GRHPR,-0.0215299445808233,10.4817785662429,-0.600203660846653,0.554940291222592,0.804903149763314,-5.68513202512195
OS9,-0.0183490415235401,9.87001597515273,-0.600181881629755,0.554954526688884,0.804903149763314,-5.68514440055895
PGF,0.0324905448362307,7.80728634512306,0.599819063544096,0.555191702292994,0.805108955616235,-5.68535049830027
TBCB,0.0239952805985152,7.92490495524555,0.599500436233609,0.55540003409294,0.805235559363837,-5.68553139464914
CA5A,-0.0258398874807682,7.3905634961463,-0.599394062598746,0.555469594737492,0.805235559363837,-5.6855917662381
CCDC47,-0.0269172518782427,6.91521063660989,-0.598964406866182,0.55575060495142,0.805260172523331,-5.68583550927793
GCLM,0.0354949553636732,6.29631377216979,0.598908352967406,0.555787271703706,0.805260172523331,-5.68586729615931
FAM20B,-0.0152950463385367,5.9606329773164,-0.598895803670451,0.555795480797388,0.805260172523331,-5.68587441218559
UQCRQ,0.0223856409375492,11.2327575506485,0.598785311568974,0.555867761695691,0.805260172523331,-5.68593706007204
TGDS,0.0216876449894404,5.66535194299396,0.597956309181259,0.556410229483747,0.805907857239915,-5.6864067408743
MXI1,-0.0317600925288053,8.54417776294273,-0.597719972016325,0.556564930376584,0.805938868828097,-5.68654052562132
NFIX,0.0167708274422596,6.47202554205098,0.597632191717761,0.556622395086482,0.805938868828097,-5.68659020295172
CEP104,-0.0165771669394998,6.73132239730907,-0.597028040075974,0.557017982678257,0.806373471583222,-5.68693191869446
PHF2,-0.0108603457991996,5.60568762331678,-0.596148685440307,0.557594031092213,0.806931714319524,-5.68742869785192
TFF1,-0.0153179093532511,5.26530702240105,-0.596014347662251,0.557682060628386,0.806931714319524,-5.68750452800771
ZSWIM8,0.0271845575079352,8.12403364920084,0.596002103789884,0.557690084216097,0.806931714319524,-5.68751143853434
LINC00574,-0.0167727767097908,6.8420167227491,-0.59557266440253,0.557971540274434,0.807200738797975,-5.68775373060062
MRPL15,0.0237671652749722,7.73577174749716,0.594741471195032,0.558516517999398,0.807449841948605,-5.68822221645197
UQCRH,-0.0322119769962111,8.46514565027701,-0.594695668146404,0.558546557171794,0.807449841948605,-5.68824801412436
TRAPPC2,-0.0144329067781542,5.54811877202481,-0.594452127787736,0.558706293257159,0.807449841948605,-5.68838515132792
IPO13,0.0124720532179878,7.93684012084735,0.594449624534918,0.558707935243565,0.807449841948605,-5.68838656062478
TTLL4,-0.0132483428510968,6.17017325697329,-0.594397173052125,0.558742340906222,0.807449841948605,-5.68841608877222
KNOP1,0.0136834817559253,6.11799536975434,0.594313117496668,0.558797479634308,0.807449841948605,-5.68846340355037
ARL2BP,0.01830958761332,7.47131258546382,0.594290031086629,0.558812624345023,0.807449841948605,-5.68847639773631
BLTP3B,0.0136391551519628,5.17822381958333,0.59369749502741,0.559201401954917,0.80787345640606,-5.68880974023546
CD180,-0.0128217286489056,6.80078803026563,-0.593470889783687,0.559350120563852,0.807950174147786,-5.68893713666098
LPA,0.0386794356751719,7.45219785447436,0.59329213975184,0.559467446856441,0.807981528958626,-5.68903759604553
SSBP1,-0.0342306243631633,6.83401443250785,-0.593124479622283,0.559577505721817,0.808002379246302,-5.68913179628769
PPP2R5C,-0.027365246466108,5.87944052766773,-0.592772653847782,0.559808495022885,0.808125803265038,-5.68932938703428
SMYD3,-0.0147362298798468,5.34493409615786,-0.592702965061753,0.559854254711661,0.808125803265038,-5.68936851191968
UCKL1,0.0236658955887995,7.09662558870492,0.592078245311118,0.560264550939598,0.808205533106677,-5.68971904596276
C5orf15,-0.0203407876703558,7.56695062059227,-0.591846187653434,0.56041699896215,0.808205533106677,-5.68984916418204
PCYOX1L,-0.0159089165819271,6.27018909467185,-0.591605524909226,0.560575122819136,0.808205533106677,-5.68998405547725
RAD23B,0.0321215241050825,7.97677149520763,0.591490949847665,0.560650410807568,0.808205533106677,-5.6900482561392
ARMC1,-0.0164155288328597,5.52824469685628,-0.591474845547653,0.560660993465419,0.808205533106677,-5.69005727901596
SLC30A5,-0.0217770404284196,6.394175414545,-0.591381652711589,0.560722235541616,0.808205533106677,-5.69010948821473
PALM2AKAP2,0.0223377651564038,7.31682794214676,0.591283210198234,0.560786931246052,0.808205533106677,-5.69016462981641
LSS,0.0290085085767355,9.00524147120198,0.591283030034428,0.560787049651956,0.808205533106677,-5.69016473072528
SEMA4D,-0.0120501355842972,5.5793885888684,-0.591190671835882,0.560847750326211,0.808205533106677,-5.69021645619898
TADA2A,0.0098936272378355,5.41723267914232,0.590892189073298,0.561043945829848,0.808205533106677,-5.69038356907217
NPLOC4,0.0230980655555802,7.75442962693973,0.590799068334443,0.561105162263727,0.808205533106677,-5.69043568834798
ANGEL1,0.012923593470808,7.13114258829769,0.590722544429653,0.561155470741727,0.808205533106677,-5.69047851252098
PDHX,0.0155374103327591,6.67979644263526,0.590623737672936,0.561220431919694,0.808205533106677,-5.69053379867572
SOCS1,0.0103865982632311,6.34507852796454,0.590581003828033,0.561248528789347,0.808205533106677,-5.69055770713302
MED6,-0.0159354980175726,5.78937156404985,-0.590044599318282,0.561601268989129,0.808539859183983,-5.69085766945911
INTS14,-0.0128219161742303,6.94674769188683,-0.589936958082315,0.561672067859169,0.808539859183983,-5.69091783177472
ARHGEF18,0.0196496426309366,7.19262965698017,0.589706882418351,0.561823411070785,0.808593472134605,-5.69104638906768
NPM1,-0.0286519418162924,8.69392559394522,-0.589382944149242,0.56203653277281,0.808593472134605,-5.69122731117193
PCNP,-0.0310023903983586,6.88678156000384,-0.589319257141171,0.562078437925992,0.808593472134605,-5.6912628696008
AURKAIP1,0.0266671460677595,8.99559630941718,0.589206648730924,0.562152536641289,0.808593472134605,-5.69132573329815
PDE6D,0.0203343683986084,5.45133583514841,0.589115823932402,0.562212304973416,0.808593472134605,-5.69137642784678
CRCP,-0.0133996001944022,7.27976625525564,-0.589007701340796,0.562283460622833,0.808593472134605,-5.69143676746653
B3GNT2,-0.0172544249713272,6.36499874727191,-0.588572595877666,0.562569851459451,0.808610964977908,-5.69167947740401
MTREX,0.018329647554873,6.39338846210917,0.588401299567047,0.562682621186927,0.808610964977908,-5.69177498224019
SNW1,-0.022163930017085,7.42326901523774,-0.588379317411402,0.562697093577378,0.808610964977908,-5.69178723626819
GEMIN4,0.0151870220776955,7.25709097643893,0.58830645985226,0.562745062184315,0.808610964977908,-5.69182784780841
INPP5A,0.0242685523749589,7.35029732425721,0.588262367842133,0.56277409290356,0.808610964977908,-5.69185242278561
MIER2,0.0122145759088109,6.92070215066435,0.587664746499117,0.563167650694104,0.808791507909726,-5.6921853358828
RHEB,0.0203357987342454,9.07454403051229,0.587614576700474,0.563200696021067,0.808791507909726,-5.6922132688069
ERICH1,0.014464333294863,5.64244159509287,0.587406386169067,0.563337835554321,0.808791507909726,-5.69232915800345
CLUHP3,0.0176643793594704,7.22574686174134,0.587363851602553,0.563365856106653,0.808791507909726,-5.69235282998559
UQCRFS1,0.0235453237306147,9.92929266690787,0.587240953744522,0.563446821747117,0.808791507909726,-5.69242121767828
FN3KRP,0.0209462513053661,7.51809517424578,0.587199646731958,0.563474036339001,0.808791507909726,-5.69244420026343
MRPL9,0.0117543930019431,6.76373087948685,0.58705274436146,0.563570826584969,0.80879305106029,-5.69252592184788
SNRNP70,0.0242429504211977,8.91258588409515,0.586187061441998,0.564141377919317,0.809468250309286,-5.6930070995879
PKLR,0.0305739462719561,7.74887815033384,0.58604824142927,0.564232898736295,0.809468250309286,-5.69308419703991
SLC12A7,0.0179896884117465,8.80517224248689,0.585670024365345,0.564482287445146,0.809563179811468,-5.69329416077294
WBP11,-0.0173982413744467,6.54916830097822,-0.58565729622107,0.564490681118245,0.809563179811468,-5.69330122441174
MSRB2,-0.0222589936220365,9.35499940649531,-0.58546601652412,0.564616829764881,0.809606687852239,-5.6934073595795
MOB1A,-0.0214344585379197,7.39702154132843,-0.584967516748864,0.564945658020585,0.809710532599135,-5.69368380450244
TBC1D16,0.0156867347141311,6.3774454953543,0.584756265605802,0.5650850366663,0.809710532599135,-5.69380088609713
NT5M,0.0139635173731195,6.01031998114734,0.58474109042011,0.565095049588637,0.809710532599135,-5.69380929506088
ARPC5L,0.0184301298411427,7.99036925746666,0.58463526196145,0.56516488008881,0.809710532599135,-5.69386793150049
EXD3,0.0119855477815696,6.33592000368176,0.584459938253346,0.565280576569001,0.809710532599135,-5.6939650506875
ARNT,-0.0149653503488496,6.30140804176287,-0.583984052496662,0.565594676215961,0.809710532599135,-5.69422852221116
ABAT,0.0198339686539494,9.86956508342685,0.583952586527568,0.565615447925341,0.809710532599135,-5.69424593587443
PDCL,0.0101630747609918,5.5848816332255,0.583853797773445,0.565680664152715,0.809710532599135,-5.69430060093245
RASSF4,0.0176687521285249,6.90237780252169,0.583794101284032,0.56572007517355,0.809710532599135,-5.69433362984209
EMG1,-0.0250891369804075,6.7971960661738,-0.583720941268939,0.565768376610662,0.809710532599135,-5.69437410341637
GRB2,0.0164078514040026,7.66876102339897,0.583610181198717,0.565841506267777,0.809710532599135,-5.69443536877657
CREB3L1,-0.01565710760291,7.0667418430259,-0.583469481958514,0.565934410380674,0.809710532599135,-5.69451317839055
NUP210,0.0246865027870642,7.15349779422048,0.583330499255309,0.566026188784121,0.809710532599135,-5.69459002095464
SELENOF,0.0238575491634717,6.33187715231831,0.583087988607795,0.566186351123599,0.809710532599135,-5.69472406110126
TMEM143,-0.011891785031309,5.81768829305857,-0.582942143103809,0.566282683742733,0.809710532599135,-5.69480464673107
ARC,0.0141375127588648,5.37358547143362,0.582737428408239,0.566417914388115,0.809710532599135,-5.69491772719729
RBM23,0.0134848661567459,7.49860076163009,0.58262179251271,0.566494308623942,0.809710532599135,-5.69498158530896
IRF7,0.0410471109393697,6.78436060188772,0.582480913939413,0.566587386474928,0.809710532599135,-5.69505936677182
ABHD3,-0.0214341286037083,5.66589156252478,-0.582269919061036,0.566726804597604,0.809710532599135,-5.6951758266971
MOSPD3,0.0146015313954109,7.63230403360508,0.582166454905778,0.566795176593001,0.809710532599135,-5.69523291950006
RBM25,0.0230598037788381,6.42573230422535,0.582126262154609,0.566821738228301,0.809710532599135,-5.69525509571812
CNOT2,-0.0195550506385889,7.49144805283605,-0.582108520145612,0.566833463351796,0.809710532599135,-5.69526488434315
DNAJC2,-0.0140593776456804,5.91459121669861,-0.582018137084626,0.566893196551063,0.809710532599135,-5.69531474603651
DHRS7B,0.0205025874553199,5.52368523766562,0.581604548796902,0.567166573985718,0.809766543777171,-5.69554281529771
KIFBP,-0.0172204102911699,5.8868907079238,-0.581564391631748,0.567193121056815,0.809766543777171,-5.69556495124594
COL6A1,-0.0295372192331856,8.66222613349921,-0.581278265070822,0.567382291920929,0.809766543777171,-5.69572263091021
LARP4,0.0219402374368944,8.2559286431991,0.581250270173048,0.567400802323827,0.809766543777171,-5.69573805441866
GOLPH3,0.0240935431880465,7.82993621366878,0.581222730372392,0.56741901211687,0.809766543777171,-5.69575322649649
MPP1,-0.0141034757354823,7.35277826826613,-0.581089072684867,0.567507393165492,0.809766543777171,-5.69582685061266
ZFPL1,0.0174027654336909,7.1413598821175,0.580868013162855,0.567653584157002,0.809838390364118,-5.69594858336971
YPEL1,-0.0146152272867647,5.93355357574006,-0.580536897014052,0.567872593984582,0.809931897964699,-5.69613083834055
MIOS,-0.0143767726009202,6.63722010317044,-0.580479098786663,0.567910827862822,0.809931897964699,-5.69616264171249
DSTYK,0.0138083144298953,5.37856707606248,0.580219552397744,0.568082535690006,0.810040065234652,-5.69630541897881
R3HCC1,0.0194976507091793,7.90242480031215,0.579970906308423,0.568247057242818,0.81013795068362,-5.6964421421592
SERPINA1,-0.014136312672733,13.691220604826,-0.579819391628796,0.568347321901627,0.810144208851003,-5.69652542789706
CYRIB,-0.0111023827311304,6.72662359860196,-0.579570178454504,0.568512258191956,0.810179633366583,-5.69666237160116
MPDZ,-0.0376723806373322,8.49055954908338,-0.579492108630686,0.568563932054892,0.810179633366583,-5.69670525961455
SSR4,0.0300943861554877,9.53989579818577,0.579180666299304,0.568770097530518,0.810237704958601,-5.69687629638202
FMOD,0.0167223801222028,7.30979799294094,0.579092383694214,0.568828544946916,0.810237704958601,-5.69692476295811
BRD8,0.0156049108817861,6.27362827265661,0.578996023547293,0.568892343611761,0.810237704958601,-5.69697765591222
PPA2,0.0216017044646637,7.87630616415359,0.578810828364711,0.569014968986498,0.810264058563214,-5.69707928736321
ACAA2,0.0269386759776681,10.9298067817544,0.578678457144281,0.569102625748246,0.810264058563214,-5.69715191083658
PHF21A,0.0151421577215586,5.68010439839324,0.578148037754874,0.569453941129553,0.810627662153761,-5.69744275658075
RHOG,0.0138530864696238,7.9276573568962,0.577795884208474,0.569687246205342,0.810786535538866,-5.69763571130528
RABEPK,0.0238281533322407,7.91824293432305,0.577689933010004,0.569757449470981,0.810786535538866,-5.69769374270394
ZNF408,0.0134648669952112,7.36312940591486,0.577252763034043,0.570047165193435,0.810892140414363,-5.69793307999517
UBE2G2,0.0263583402847539,7.58702099588003,0.577233332448446,0.570060043735555,0.810892140414363,-5.69794371359076
F2,0.0225494578608119,10.9205882967916,0.577143553344938,0.57011955102979,0.810892140414363,-5.69799284167729
NCOA4,-0.0200916491130179,10.233252634135,-0.576666973669424,0.570435490358033,0.811204963568728,-5.69825350764499
MYL3,0.0140673219292986,7.08831489243484,0.576080081457861,0.570824682392348,0.811561442281301,-5.69857422354676
SPATS2L,0.0299318449950823,9.23827929300114,0.575974414524656,0.570894768853535,0.811561442281301,-5.69863193330289
BICRA,0.0116878412841014,6.94661002865357,0.57568133042696,0.571089187873377,0.811561442281301,-5.69879194702097
ZC3H7B,0.0136274795067953,7.61137720670553,0.575570023744026,0.57116303267229,0.811561442281301,-5.6988526959912
GSTM3,0.0382161777450023,6.83551328525467,0.575544743892113,0.571179804902568,0.811561442281301,-5.69886649165008
PSME4,-0.0244285827666393,6.63640464813046,-0.575420226551825,0.571262421146648,0.811561442281301,-5.69893443440912
ARAP3,-0.0147916681553459,6.40704392791794,-0.575071191233447,0.571494035808492,0.811575765574364,-5.69912480950272
FGD1,-0.0149170159858236,5.89829009612014,-0.575019972682623,0.571528027717315,0.811575765574364,-5.6991527363628
GIT1,0.0174707342330099,8.3222009816322,0.574838491213858,0.571648478753007,0.811575765574364,-5.69925166960463
DYNLT1,-0.0195368496812932,8.03519383559726,-0.574826133341515,0.571656681266108,0.811575765574364,-5.69925840530796
AARS1,0.0244819750415447,8.43701352145298,0.57434803193817,0.571974066280301,0.811888039774897,-5.69951888885438
DCAF6,0.0173814759763582,7.56720949863296,0.573914180208548,0.572262154252188,0.811888039774897,-5.69975508272574
CXCR4,0.0237455475032326,6.51716409430738,0.573875601324161,0.572287775143817,0.811888039774897,-5.69977607716815
SLC35A1,-0.0192736768519312,6.73078331204984,-0.573773718041403,0.57235544037512,0.811888039774897,-5.69983151500477
PXN,0.0137001777721798,7.12248240516295,0.573532808540293,0.572515455358047,0.811888039774897,-5.6999625634769
IFI44L,-0.0231783275538268,5.05842770662031,-0.57350109298652,0.5725365229098,0.811888039774897,-5.69997981194954
TTC23,-0.0113865762253637,5.75891539063867,-0.573481993045351,0.572549210534747,0.811888039774897,-5.69999019898922
DCTN5,-0.013943991986756,6.81228256251677,-0.573304878005639,0.572666870566811,0.811918633605629,-5.70008650279147
TGFBR2,0.0257514864504358,8.11494616926429,0.572892214115173,0.572941056876762,0.812068278731778,-5.70031077149081
GNA14,-0.0186526367263282,6.19898826413286,-0.572724362878476,0.573052601437371,0.812068278731778,-5.70040194826425
KRTAP5-9,-0.0129969639822685,6.08195423632257,-0.572712135735559,0.57306072734646,0.812068278731778,-5.70040858903845
HIPK2,-0.0183731477490082,7.14673807980269,-0.571290974571137,0.57400560194408,0.813270847824861,-5.7011795132915
PLEK2,0.0386014810511508,7.78866100200365,0.570195325055745,0.574734597456943,0.814167200085695,-5.70177259689489
TENT5A,-0.0204492926737697,7.78626934974734,-0.569763071411035,0.575022328843043,0.814438263279201,-5.7020062765278
BCKDHA,0.0211988706825068,8.51132097675854,0.569464925824982,0.575220833298333,0.814582879398511,-5.70216735652148
ACP1,0.0154409159142036,8.19753686852019,0.569063244930587,0.575488326278155,0.81482512685161,-5.70238424500987
CHFR,0.0200968106323819,6.00753100632296,0.568562701511579,0.575821743529849,0.815160618667653,-5.70265430755327
ZNF385D,-0.013695588901024,5.06007103868832,-0.568248992332434,0.576030758474929,0.815227666566403,-5.70282344871031
ORC4,-0.0176449712273728,5.88681112701151,-0.568202018811129,0.576062058824614,0.815227666566403,-5.70284876744472
TFDP2,-0.012923853258855,6.47974715037127,-0.567754432504653,0.576360346872795,0.815513216857856,-5.70308991505205
MT1F,-0.0392870735105021,11.7088763352482,-0.567298585320929,0.576664220729762,0.815643329643459,-5.70333532460327
METTL22,-0.0160937690570869,6.05222857665125,-0.567157431492724,0.576758332224484,0.815643329643459,-5.7034112774389
IFI30,0.0248881731846032,8.71278228454106,0.567089131553374,0.576803872637407,0.815643329643459,-5.70344802209057
SULT1A1,0.0213563906677566,10.2470385728946,0.566924360525145,0.576913744663017,0.815643329643459,-5.70353664956943
NELFE,0.0159797807762935,7.24335404473309,0.566610296695409,0.577123196929042,0.815643329643459,-5.70370551010459
ST3GAL2,-0.0140586294315694,6.19885619050529,-0.56653838255293,0.577171162596267,0.815643329643459,-5.70374416295864
DXO,0.0152860044926603,7.29484871169846,0.566523168634482,0.577181310313008,0.815643329643459,-5.70375233962095
CA5BP1,0.013834900039352,6.06869945209711,0.566458402900444,0.577224510209217,0.815643329643459,-5.70378714534193
RPL35,0.0219817976299453,10.3600561237801,0.56618507486738,0.577406842893129,0.815764558175378,-5.70393399204974
SPEN,-0.016273530194367,7.59592304210111,-0.565611360321642,0.577789653292491,0.816168935192502,-5.70424199990553
TMCC1,0.0124417282585835,6.1109304922973,0.565402884949675,0.577928790039778,0.816209307974388,-5.70435384846959
ELK1,0.0125233674238082,8.89608839808836,0.565279088475436,0.578011419990383,0.816209307974388,-5.70442024731954
RABL6,-0.0181911077425285,6.69655208702335,-0.564801686101346,0.578330125802003,0.816388140997889,-5.70467617280036
ARHGAP15,-0.0233274589494662,6.12814906994924,-0.564563246004585,0.57848933764595,0.816388140997889,-5.70480391728693
LHX5,0.0167562547303812,6.02302787948406,0.564410663572082,0.578591232000564,0.816388140997889,-5.70488563608888
IPO5,0.0121764680436961,6.06135717139645,0.564409936506605,0.578591717555661,0.816388140997889,-5.70488602543329
RPS29,-0.0189818960602306,11.2776936709443,-0.563816786088872,0.578987908894055,0.816388140997889,-5.70520349658769
PRPF6,0.0214261155726857,7.78586579665402,0.563509891693078,0.579192950932561,0.816388140997889,-5.70536762857457
PI4K2A,0.0121560579255113,7.16858866127324,0.563506330618223,0.579195330370022,0.816388140997889,-5.70536953258664
CXXC1,0.0176625352103352,8.62624320184569,0.563459752488813,0.579226453378506,0.816388140997889,-5.70539443560293
ZIC1,-0.0343772221573425,6.3121327614229,-0.563380156580306,0.579279640466741,0.816388140997889,-5.70543698698096
ZNF510,0.0121022719680828,5.96029642350194,0.563327037877304,0.579315136490076,0.816388140997889,-5.70546538060841
AKR1C2,0.0365107281564229,11.0778053727455,0.563243193289695,0.579371166999929,0.816388140997889,-5.70551019292467
RNF113A,-0.0123394063284497,6.45916999416775,-0.563165169439129,0.579423310162343,0.816388140997889,-5.70555188844404
RHBDD3,0.015108590081984,7.4933971485414,0.563033209336034,0.579511504185275,0.816388140997889,-5.70562239448852
VAPA,-0.0229212435606289,9.02012816184289,-0.563008084825587,0.579528296630917,0.816388140997889,-5.70563581665821
OXSM,-0.0230936438027939,6.62044494765676,-0.562782756664432,0.579678909969268,0.816388140997889,-5.70575616695338
EMC10,0.015847679940592,5.74794122962391,0.562696455044151,0.57973660072743,0.816388140997889,-5.70580224927547
L2HGDH,0.0221322468456869,4.95222824816153,0.56263078587284,0.579780501080276,0.816388140997889,-5.7058373099464
HHEX,0.015902903674273,7.02539075394868,0.562420378314746,0.579921171454846,0.816450166410104,-5.70594961956789
SCRIB,0.0165754587935708,6.08092632224126,0.56216477150374,0.580092083436158,0.816554740135855,-5.70608600061656
FUT6,0.0181699270986724,8.23075972638094,0.561677614481016,0.580417892145709,0.816877279918595,-5.7063457610742
FDX1,0.0340292418887836,8.68359925062586,0.561501586081082,0.580535641902975,0.816906939896776,-5.70643956885343
SGK1,0.0367412643643687,7.24784537808497,0.561310441953586,0.580663516558945,0.816950834985529,-5.70654139978635
NDUFS6,0.0305160375711964,8.23439011471453,0.561118169297432,0.580792160493346,0.816995797597598,-5.70664379810136
NUDT7,0.0135150765879589,6.97644182394058,0.560812773547568,0.580996521204441,0.817016595419978,-5.70680637242743
IL13RA2,-0.0252988813780976,5.27343563727769,-0.560807093994101,0.581000322115816,0.817016595419978,-5.7068093950691
TULP4,-0.00956129673306206,6.12189080006311,-0.560590253750026,0.581145446845829,0.817084696480409,-5.70692477466222
TRMT5,-0.0203453557241277,8.83645592718597,-0.560242897909902,0.581377959759006,0.817174896570915,-5.70710951098312
ASPN,0.0475314067803625,7.30282708323993,0.560205471282449,0.581403015169745,0.817174896570915,-5.70712940919813
FAM120C,0.0154284294250101,5.13075614491606,0.55984162685327,0.581646620605207,0.817381331134874,-5.70732278345392
CRYGC,0.0120842657518145,5.89625942449679,0.55935446961136,0.581972868158797,0.817703813758203,-5.70758150507567
ANK3,-0.0258048859373152,6.71014671232497,-0.558842435211254,0.582315874859705,0.818049732762179,-5.70785320367198
CD3D,0.0187001704489899,6.47608068706029,0.5586051260103,0.582474880302527,0.818137090850458,-5.70797904437564
PPP1R13B,-0.0163613986776192,5.70050043897034,-0.558216760354848,0.582735145814974,0.818366624918819,-5.70818487596016
IL1R2,-0.013240165744356,6.45789272088218,-0.557941918905723,0.582919367643521,0.818460219858006,-5.70833045665865
CTSO,0.0223066454781821,8.18674872962417,0.55768266833573,0.583093165904449,0.818460219858006,-5.7084677154408
OBP2A,0.0092446671208187,6.44032004809683,0.557435569752036,0.583258841793306,0.818460219858006,-5.70859848295955
EI24,0.0162264855887772,9.15470877367609,0.557368142735172,0.583304054690198,0.818460219858006,-5.70863415640134
SLC4A3,-0.0138504847443503,5.58648985020417,-0.557225849623152,0.583399474486998,0.818460219858006,-5.70870942535349
BAG5,0.0164652703583025,6.82534776791673,0.557170890191777,0.583436331615684,0.818460219858006,-5.70873849232838
ITGB3,0.0116737200290672,6.22180715655579,0.557106065030905,0.583479806440784,0.818460219858006,-5.70877277352934
SPAG9,-0.0150029806013524,5.49953218561433,-0.556847231728786,0.583653408486815,0.818509160728517,-5.70890961271317
SNRPB,0.0197165639150425,7.92933625599896,0.556681141178986,0.583764820672426,0.818509160728517,-5.70899738853057
PURA,-0.0224369757375088,7.96278033095537,-0.556620812449909,0.583805291326719,0.818509160728517,-5.70902926488601
CCL18,-0.0122002750906836,6.85303606635569,-0.55635231926558,0.583985423119491,0.818533409464407,-5.70917109014442
MC1R,0.0133058467520313,6.98465087530152,0.556306266650792,0.584016322563421,0.818533409464407,-5.70919540970927
TBC1D22A,-0.0104048106339919,8.06840885587766,-0.556136488143655,0.58413024414758,0.818557307304653,-5.70928504987915
TAF15,-0.0157815096392494,6.21764053986723,-0.555365583521973,0.584647661849872,0.819146533349597,-5.7096917412888
PER1,0.0141077752634027,8.37901711020365,0.555205907907051,0.58475486195682,0.819160905758476,-5.70977591003277
LDHA,0.0212609163668706,10.9163318712704,0.554814959998305,0.585017370895029,0.819392803590749,-5.70998188889511
FUCA1,-0.0170802210747301,8.78341881540751,-0.554318859503868,0.585350571110807,0.819723620465084,-5.71024306733126
GCAT,0.0171791166934255,7.96845942259357,0.554017579391339,0.585552968665287,0.819736096923252,-5.71040156969776
HLTF,-0.0283815501832938,5.34461295940264,-0.55401678747627,0.585553500713462,0.819736096923252,-5.71040198621145
TLK1,-0.0310283695931923,5.98494548408295,-0.553801637702792,0.585698058032125,0.819802648728087,-5.71051512450414
GTF2H1,-0.0208734213516972,5.83992844083035,-0.553627465667038,0.585815095790895,0.819830665689477,-5.71060668315073
CHEK2,-0.0151513620134002,6.49864605671597,-0.552745754732365,0.58640775482425,0.820474514358512,-5.71106975251984
GALNT3,-0.012586098375773,5.22681858621443,-0.552654133387932,0.586469357008925,0.820474514358512,-5.71111783051897
SLC2A10,0.0249358417924953,7.10730386120135,0.552391235695467,0.586646135811472,0.820552932823533,-5.71125574237646
ING2,-0.0166854608225492,5.1903953027306,-0.552177081952638,0.586790157605195,0.820552932823533,-5.71136803698791
CFAP410,0.0193494325751982,7.75834166742153,0.55213757208977,0.586816730538771,0.820552932823533,-5.71138874994861
CSTF2,-0.0113104008705621,6.28883767010021,-0.551783849443507,0.587054658540338,0.820616796386417,-5.71157412434202
SCAMP2,0.0138908052945828,8.24562834424037,0.551780916938622,0.587056631261052,0.820616796386417,-5.71157566069047
YIPF2,0.0138221257274846,7.97176482548806,0.551594618541456,0.587181962521405,0.820656232766437,-5.7116732467938
ARMC8,-0.0192102671636645,5.96654643066484,-0.55132647985076,0.587362374770197,0.820689316402353,-5.71181364614069
TSC22D3,-0.0335280723156394,7.87944722911592,-0.551270742711475,0.587399879952832,0.820689316402353,-5.71184282220809
RAD21,-0.0295739303800684,5.63768530974011,-0.551079976231156,0.587528254572225,0.820732972579815,-5.71194265888212
SH2D3A,-0.00870624181962787,6.39138135641332,-0.550922105961319,0.587634502524499,0.820745710137523,-5.71202525418416
RALBP1,0.0186420131637833,7.15807920458325,0.550601083281234,0.587850582804817,0.820911820310809,-5.71219313763475
CTTN,0.0214807796742957,7.47595132338002,0.550370685760389,0.588005687647574,0.820992739692994,-5.71231356892976
PCK2,0.0286267326893745,9.99546288154755,0.549240722386453,0.588766679244667,0.821919451448444,-5.71290350620963
ZMYM3,-0.0147680345736959,7.50871492513409,-0.548687894570252,0.589139167750629,0.822287448050303,-5.71319170163239
SLC25A44,0.0166290028339076,7.59190235513965,0.548560663500021,0.589224910999359,0.822287448050303,-5.71325798883665
SNX13,-0.0115708396377016,6.31423946241952,-0.548282761531039,0.589412215517138,0.822319737637444,-5.71340272357274
CTC1,-0.0144304830982217,6.83528144565792,-0.548122975623539,0.589519923766264,0.822319737637444,-5.71348590985165
COA4,-0.0198165511199113,7.02817696590158,-0.5479335425674,0.589647629153771,0.822319737637444,-5.7135845003259
ARHGEF15,-0.0121690163157054,6.48052902367208,-0.547932280293297,0.589648480155769,0.822319737637444,-5.71358515716599
DCLRE1C,-0.0183609451333763,7.40430502997412,-0.547804502990591,0.589734628412179,0.822319737637444,-5.71365164009554
TBC1D19,-0.0168781103491618,5.43563493633638,-0.547331388271798,0.590053659571642,0.822628843982903,-5.71389767237071
GTF3C5,0.0122851439779385,5.68606084171726,0.546643744758953,0.590517504245991,0.823139708162095,-5.71425489810211
WBP1L,0.0187617886432858,8.23443178566255,0.546362698598319,0.590707133687019,0.823206873558504,-5.71440077424018
MAMLD1,-0.0153512838050203,6.24483846074839,-0.546178117893262,0.590831691655159,0.823206873558504,-5.71449654073386
DIABLO,-0.0144554151005055,7.80047410760857,-0.546139206611107,0.590857951258263,0.823206873558504,-5.7145167251751
RPS20,0.0177975258225261,11.7070641922233,0.545652517553515,0.591186446146244,0.823354086813972,-5.7147690675689
LAMB2,0.0325931176021987,6.85535436852747,0.545613913625459,0.591212506054735,0.823354086813972,-5.71478907390674
CD22,0.0166833638685732,7.26391156559234,0.545360665764882,0.591383477236733,0.823354086813972,-5.71492028462454
PRKCH,0.0114847192565361,5.67712610462483,0.545209465531657,0.591485566273257,0.823354086813972,-5.71499859511236
REXO4,0.0147902909941523,6.40806470498696,0.545125487038237,0.591542271554259,0.823354086813972,-5.71504208064305
THAP12,-0.0214055882506202,6.65505714917507,-0.544830494100958,0.591741482599745,0.823354086813972,-5.71519478168341
DDR2,-0.0157564132046099,6.35778280180871,-0.544788978930759,0.591769520777269,0.823354086813972,-5.71521626529209
UBA5,-0.0140741029044993,6.30493194295397,-0.544783696505851,0.591773088425394,0.823354086813972,-5.7152189987706
TNNT3,-0.0146098656906199,5.63604265663461,-0.544683799451887,0.591840558971369,0.823354086813972,-5.71527068732423
GBA3,-0.0297897828952487,8.33920341880338,-0.544140783345719,0.592207378835793,0.823728782084354,-5.71555149304027
ARMCX6,-0.0158062950207146,7.52770978525895,-0.543706438107106,0.592500869705335,0.823898977591956,-5.71577590721342
C1orf216,0.011062810999718,6.12465257725834,0.543593351133249,0.592577295320524,0.823898977591956,-5.71583430762544
EPHA1,-0.0202814203533814,7.30522271749291,-0.543329017000586,0.592755954633981,0.823898977591956,-5.71597076921411
STOM,0.0163876197095301,9.59529527328072,0.543313369508464,0.592766531361408,0.823898977591956,-5.71597884516121
CIRSR,0.0123001908127298,5.29120382318499,0.543238333193332,0.592817252515869,0.823898977591956,-5.7160175695961
CCNB1IP1,-0.024687590437641,7.07210877061137,-0.542344771486669,0.593421424042423,0.824520876442955,-5.71647831676579
RGS19,0.0120646106689261,7.10158003517573,0.542287913501496,0.593459878168763,0.824520876442955,-5.71650760956261
SLC8B1,0.0147104744573357,6.91084133809482,0.542052439744081,0.593619146556743,0.824576913802491,-5.71662889213357
GANAB,0.021060765032839,9.41837592569932,0.541815223904727,0.593779614497757,0.824576913802491,-5.71675102034123
TM2D3,-0.0251337532463411,8.01241208613651,-0.541754219746822,0.593820885053132,0.824576913802491,-5.71678241934511
F13A1,-0.0202405798500988,6.21738986742074,-0.541651257851456,0.593890544071237,0.824576913802491,-5.71683540633438
TNPO1,-0.0357512653870594,8.34028687320609,-0.541491921648464,0.593998351125786,0.82459110678707,-5.7169173858268
UBXN2B,-0.0152874973552049,5.43141767048049,-0.54077692583441,0.59448223648391,0.82509770851276,-5.71728496781467
ART4,0.022294067761983,6.16269947380506,0.540568734016848,0.594623170154385,0.82509770851276,-5.7173919114712
CTNNAL1,-0.0147030795788387,6.94170493444616,-0.540519917688039,0.594656218324581,0.82509770851276,-5.71741698158984
MPC2,0.0207647928235962,9.56614946618872,0.540303006471087,0.594803075969893,0.82516598127493,-5.71752835198552
GFRA2,0.0130511539502276,6.86222668885393,0.539622169272259,0.595264145804176,0.825670064354118,-5.71787763790825
MTA1,0.0238831128243052,6.37222407797583,0.539180617415562,0.595563262850303,0.825857576599379,-5.7181039363588
LAMC3,0.0192442716009072,6.38443380607956,0.538656083273997,0.595918689648409,0.825857576599379,-5.71837253034419
ZC2HC1C,-0.0111422269271098,5.32311091426874,-0.538452304301289,0.596056799254418,0.825857576599379,-5.71847680942231
SDHC,0.0198425174109535,9.17633298469202,0.538268069921367,0.596181676154921,0.825857576599379,-5.71857105407709
PEX3,0.0249460017478304,6.57732269814696,0.538102778141454,0.596293724368926,0.825857576599379,-5.71865558206813
RBMS3,-0.019992553282584,6.132237660709,-0.538087923046913,0.596303794865181,0.825857576599379,-5.71866317753033
PTGES3,0.0256793435635256,9.08583598784678,0.538035861488456,0.596339088850626,0.825857576599379,-5.71868979518327
ATG3,-0.0201542602484248,5.93121758418371,-0.537947860241015,0.596398749680273,0.825857576599379,-5.71873478213768
HSPA14,0.0141251390579678,5.62523490308269,0.537926814492115,0.596413018170366,0.825857576599379,-5.71874553983835
WAS,-0.0139001760595675,8.99895627762573,-0.537916157009761,0.596420243739911,0.825857576599379,-5.71875098733887
SNU13,0.0216702547039354,8.44495481967796,0.537713311204902,0.596557777488737,0.825857576599379,-5.71885465065171
FAM53B,0.01683528886442,6.5585542261417,0.537692118272646,0.596572147640545,0.825857576599379,-5.71886547900345
EVL,0.0277231349775187,7.07969869196647,0.53742565101116,0.596752843788313,0.825972404588247,-5.71900159289999
HMGXB3,-0.0144199894193833,8.28132190084063,-0.536826816936347,0.597159021372367,0.826319132710399,-5.71930724397005
CHTOP,0.0105697069312961,7.95090349404496,0.536675288967429,0.597261821282177,0.826319132710399,-5.71938453299879
USP16,-0.0196788264970461,6.83985092035509,-0.53662385458235,0.597296717466878,0.826319132710399,-5.71941076303798
PSMB4,0.0202873077315859,8.0304560693027,0.536204013360209,0.597581600284196,0.826415043677227,-5.71962477863841
CLASP1,0.0114714772621434,6.54462298652088,0.536155687041933,0.597614396314335,0.826415043677227,-5.71964940272718
MRPS16,0.0218625577715236,7.05933498886482,0.536089304258522,0.597659447563495,0.826415043677227,-5.71968322375841
CYTH4,0.015313054735882,7.23088651957152,0.535774213732231,0.597873309082044,0.826575500939671,-5.71984370224081
RAB1A,0.0233806472964659,9.61939641433085,0.53546802747796,0.598081162776169,0.826650108134182,-5.71999955800277
GPRC5C,0.0184818124466537,7.9056335006919,0.535128060648088,0.598311989617378,0.826650108134182,-5.72017250757293
ABCE1,-0.0169326704700671,5.38064724739514,-0.535034491344085,0.598375527871053,0.826650108134182,-5.72022008989951
SLC67A1,0.0336417918660624,8.86855950648806,0.53486303840339,0.598491961560375,0.826650108134182,-5.72030725704954
PSMA1,-0.0178440678920176,8.78346557461018,-0.534778574341087,0.59854932516447,0.826650108134182,-5.72035018884656
STARD8,-0.0140311880073127,7.19154764462549,-0.534721596033893,0.598588023385074,0.826650108134182,-5.72037914633684
C3AR1,-0.0173242943709855,5.90833576185995,-0.534686187779716,0.598612072387344,0.826650108134182,-5.72039713999594
FXR1,0.02126267574995,6.95424729696,0.534231088686836,0.598921213958712,0.826865942456542,-5.72062830794225
ZNF419,-0.0151922841842736,7.70893603584889,-0.534106588058116,0.599005798801045,0.826865942456542,-5.72069151486197
RRAS,0.0196868064550974,5.96914570135361,0.53393093239289,0.599125147906258,0.826865942456542,-5.72078066803915
ZBED5,-0.0232482982547389,6.68086959853136,-0.533879960453355,0.59915978291851,0.826865942456542,-5.72080653327188
CDK16,0.0118513590856713,6.95225041923863,0.53280478542972,0.599890582544203,0.827739291720856,-5.72135156236963
EIF2B1,0.0127632246268993,7.20492507872329,0.532360699671902,0.600192555383251,0.828020749875668,-5.72157636772007
MAP2,-0.011673697968462,5.32342637617922,-0.532062494391596,0.600395372749059,0.828165344389414,-5.72172722326894
DDX1,-0.0203746016871931,7.55034844468561,-0.531360339061594,0.600873058776242,0.828688974483311,-5.72208210432313
MGST3,0.0219677238251239,9.61648528974939,0.531171327558337,0.601001677436191,0.828731098945139,-5.72217755619411
CYFIP2,0.0259461043113174,7.16582670420228,0.531001629919471,0.60111716476763,0.828747834278838,-5.72226322637163
SLCO2A1,-0.016500129414474,6.53970970302408,-0.530860022551957,0.601213543571121,0.828747834278838,-5.72233469511462
MRGBP,-0.0143500271839452,6.1882024864483,-0.530721185704614,0.601308044019356,0.828747834278838,-5.72240474762165
RPA3,-0.0194878073185379,7.63605820624057,-0.530500353214908,0.60145837032099,0.828819835161834,-5.72251613578649
APP,0.030202053692719,8.45039831233045,0.530318729561941,0.601582019823776,0.828855057477728,-5.72260771324194
CBX2,-0.0133694127011772,5.4084315295369,-0.529840756768225,0.60190748289128,0.829147191106193,-5.72284856904526
MOB3B,-0.0144120211716646,7.17820788682975,-0.529719155180329,0.601990297921478,0.829147191106193,-5.72290981179334
RAB15,0.0136159254261524,6.95110424884457,0.528924127008345,0.602531876500062,0.829657278873173,-5.72330987906148
SPINT1,0.0111700888338974,5.57617531024524,0.528887242298787,0.602557008336646,0.829657278873173,-5.7233284257079
NSD1,-0.0138816863946266,5.81863185407356,-0.528656276095751,0.602714391444512,0.829683597385607,-5.72344453331458
AAGAB,0.0118535726207281,7.11128357551341,0.52857101035489,0.602772497556242,0.829683597385607,-5.72348738428853
OSBPL9,0.0222170319962282,8.22226094247816,0.52830916832534,0.602950952185982,0.829794062861816,-5.7236189331263
SPIB,0.0123547413529973,6.84509793715191,0.527843965199828,0.603268067614702,0.830095289259768,-5.72385249399773
URB1,-0.0120391298680504,5.23738473113297,-0.527639852294142,0.603407230877527,0.830151595720467,-5.72395490829542
VNN3P,-0.0147133666825494,6.74439257828054,-0.527463304362326,0.603527612973283,0.830182049426052,-5.72404346075671
NABP2,0.0112549350607884,6.23001006818651,0.526919817053696,0.603898271492868,0.830556704771278,-5.72431588107819
MT1X,-0.0265051603792053,12.734953964147,-0.526686262295167,0.604057589663906,0.830640623703826,-5.72443286545906
EPRS1,-0.0166127076982656,7.06615125544467,-0.526280400167885,0.604334494653362,0.830837254155346,-5.72463603642323
MSN,0.0278756960358148,7.22221970193245,0.526112040334291,0.604449378416815,0.830837254155346,-5.72472027121818
LAS1L,-0.014091650294945,7.81630636988146,-0.525906735662762,0.604589486492991,0.830837254155346,-5.72482295505196
ASB13,0.0169649458552923,7.64570024472259,0.525900299861302,0.604593878793044,0.830837254155346,-5.72482617331083
FMR1,0.0261853242699351,6.01602588097369,0.525752904612081,0.604694477181865,0.830840379217359,-5.72489986866792
ITSN1,-0.015820654403887,7.94297405411793,-0.524986485425599,0.605217694156005,0.831424079924929,-5.72528274305276
VRK3,0.0134116480457211,7.30036551899932,0.52441191284213,0.605610084732731,0.831827895967421,-5.72556942221094
MAP3K5,0.0201283964816055,6.28242244317673,0.523992008916168,0.605896925455725,0.831991744588988,-5.72577873760532
EIF4A2,-0.0199951638582359,10.2640166527881,-0.523949019865518,0.605926295408359,0.831991744588988,-5.72580015776845
TM4SF5,0.0333910674884801,8.16242517460923,0.523492018755942,0.606238559109027,0.832259035760461,-5.72602776225928
AVL9,-0.00980494217090996,5.86408843245559,-0.523247778862918,0.60640547717909,0.832259035760461,-5.72614932419664
BAZ1B,0.0195704570666984,7.30646808498019,0.523231744870656,0.606416435878954,0.832259035760461,-5.72615730263245
SIRT5,0.0208829785923712,7.10042566433199,0.523020469867595,0.606560844195409,0.832322041807601,-5.72626240985055
RPL23AP32,-0.0107147293858402,5.30306668973842,-0.522742460071044,0.606750891491999,0.832447642978956,-5.7264006541252
R3HDM2,-0.0195129187958948,8.34803524872185,-0.522494974895196,0.606920096230806,0.832544612524401,-5.72652365951976
VAMP7,-0.0217799780516293,6.85739871075064,-0.521979157922418,0.607272831248617,0.832770240069819,-5.72677984961263
SNRPC,0.0119056450400878,8.17331063354971,0.52196621589343,0.607281682758607,0.832770240069819,-5.72678627435016
MRPL42,-0.0250230630591606,6.78175027622331,-0.520712617587896,0.608139356002106,0.833811059259743,-5.7274078573225
SYBU,-0.03149949299443,7.08948211725595,-0.52036612219535,0.608376519743733,0.833848662270181,-5.72757940704654
SLC35F6,-0.0120597549383361,6.82376147972616,-0.520266435999535,0.608444759590733,0.833848662270181,-5.72762874108382
RSU1,-0.00968723274200554,6.86506116501412,-0.519877666556595,0.608710925391293,0.833848662270181,-5.72782105273404
SQOR,-0.0138053477624924,8.24015773077217,-0.51954325974653,0.608939917096028,0.833848662270181,-5.72798636117091
TNPO2,0.0216777808746003,7.91364592413768,0.519504534614776,0.608966437560282,0.833848662270181,-5.72800549761572
MXRA8,0.0166467587580468,7.61196399308941,0.519447693362831,0.609005365642808,0.833848662270181,-5.72803358382728
ABHD18,0.0115179156825495,5.74450421231139,0.519444847683499,0.609007314555151,0.833848662270181,-5.72803498984643
SRP54,-0.0214604953134655,7.34106994442644,-0.519384292224602,0.60904878770763,0.833848662270181,-5.72806490786421
CCHCR1,0.0107763644264955,7.37677193018069,0.519275653511838,0.609123195447262,0.833848662270181,-5.72811857338794
CDK5R1,-0.0123334045584748,5.22419539221375,-0.519111323270899,0.609235755127949,0.833848662270181,-5.72819972876536
PIGG,0.0160211244025908,6.7902909078423,0.518957287944946,0.609341272226472,0.833848662270181,-5.72827577727367
NUTF2,0.0158930704941028,5.57537231598728,0.518943167396242,0.609350945505133,0.833848662270181,-5.72828274760713
RAB3IL1,-0.0107760103266541,7.88410430474789,-0.51833669466947,0.609766478741334,0.834254354036803,-5.72858194704185
TRIM3,0.0131384229881703,5.82324577405163,0.518222305529385,0.609844869217199,0.834254354036803,-5.72863834206895
KATNB1,-0.0102542067758189,6.54460088171128,-0.517878852117742,0.61008026553596,0.834441282579939,-5.72880759544394
FOXO1,-0.017996907022201,6.18926728690997,-0.517676905794107,0.610218695874443,0.83449554622739,-5.72890706339261
CTNNB1,0.0225539274471065,7.47469392932721,0.517472505289385,0.610358823763485,0.834552113398292,-5.72900770173514
RHOD,0.0136659388418554,9.17300617510117,0.517213044956045,0.610536720321065,0.834660295536807,-5.72913539360536
TMEM62,0.0103514469501872,6.54893305611884,0.516722339227716,0.610873235694121,0.834835933035321,-5.72937672130744
RPS15A,-0.0220365772382381,11.4756273748662,-0.516259557915506,0.611190682055619,0.834835933035321,-5.72960411179927
TRIM62,-0.0126238601481776,7.15226070942841,-0.516256959086482,0.611192464952704,0.834835933035321,-5.72960538819082
LRRC20,0.0145978586648156,6.97719062228905,0.516021065517871,0.611354307364754,0.834835933035321,-5.72972121918055
SHFL,0.0151049330645435,9.36251397390593,0.516020111432965,0.611354961986981,0.834835933035321,-5.72972168756104
WNK1,-0.0347568826007966,7.50711216124,-0.515797588135345,0.61150765006571,0.834835933035321,-5.72983090596089
RHOH,-0.0124763286557786,6.54491948922557,-0.515624515957012,0.61162641897737,0.834835933035321,-5.72991582120279
MAPK8IP3,-0.0119902299723962,7.7840245108051,-0.515524032132306,0.611695379951267,0.834835933035321,-5.72996510935469
CELSR2,-0.0105531408248076,5.99770132783567,-0.515485040564085,0.61172214044347,0.834835933035321,-5.72998423252777
FGF6,0.0123503908355531,6.85116652016921,0.515401440648693,0.61177951818358,0.834835933035321,-5.73002522884789
CCNG1,-0.0356744205436429,8.83884197606102,-0.51521112063573,0.611910151453277,0.834835933035321,-5.73011853521299
ADAMTSL4,-0.0122908035965144,6.36521975210148,-0.515109944880956,0.611979602621783,0.834835933035321,-5.73016812403654
TMEM260,-0.0173823434311222,5.99533669530014,-0.515046665108013,0.61202304234625,0.834835933035321,-5.73019913425685
CAPRIN2,-0.0173441610236172,6.79748191768361,-0.514879586869797,0.612137743743721,0.834835933035321,-5.73028099305808
USP14,0.0135870008269934,7.08953754190393,0.514865881968383,0.612147152791343,0.834835933035321,-5.73028770653149
CD1C,-0.0133750758346634,6.1775359889338,-0.514688553503959,0.612268903168395,0.834867231204283,-5.73037455685803
POFUT2,-0.0107144982374032,6.7447613460818,-0.514190455121854,0.612610949655865,0.835198858436925,-5.73061835532734
TEX261,-0.0108221017801594,8.41134404771892,-0.512632474619973,0.613681407499585,0.836422892240645,-5.7313794399811
PLA2G4C,-0.0213696429369276,5.8175117473815,-0.512595624094198,0.613706737502012,0.836422892240645,-5.73139741453288
HBS1L,-0.0168103249952217,6.80037876345446,-0.512045172548779,0.614085161184795,0.836803678763348,-5.73166575824018
POLR2D,0.0126832589447392,5.2347235469575,0.511856164219991,0.614215125855594,0.836845826101221,-5.73175783463012
COL1A2,0.0335245295263032,8.22288054126537,0.510802361887506,0.61493997309933,0.837690907218285,-5.73227059374192
EIF4E,-0.019863833480893,6.16552080002198,-0.510514064810392,0.615138345753219,0.837690907218285,-5.73241069422737
SLC25A32,-0.0190299059631578,5.51603787409245,-0.510415144745789,0.6152064180514,0.837690907218285,-5.7324587475664
APAF1,-0.0120580615124946,6.55959001118489,-0.510378079675424,0.615231925467062,0.837690907218285,-5.73247675068428
NAP1L1,0.0220067065505922,8.3615113969187,0.5102236308807,0.615338219315817,0.837700653007677,-5.73255175532593
ZNF862,-0.0118367181444576,7.27850034443696,-0.509719824722986,0.615685006141563,0.83782993542644,-5.73279626411559
COASY,0.0214546953454137,7.98337676843763,0.509497813185067,0.615837853478335,0.83782993542644,-5.73290393685042
RBBP6,-0.0235357537178065,6.94709980280239,-0.509397118857741,0.615907183975272,0.83782993542644,-5.73295275725673
LILRA4,-0.0201408489237458,6.85452712350269,-0.509153142972003,0.616075182586588,0.83782993542644,-5.73307100702982
SMNDC1,-0.0235322983510624,4.97574463023488,-0.509046007990724,0.616148961166659,0.83782993542644,-5.7331229155939
ELAC2,0.0192929226941337,6.6529170641442,0.508990896159476,0.616186915591173,0.83782993542644,-5.7331496139927
PDE4A,0.0141618559682743,6.17356753052271,0.508836136067858,0.616293501690487,0.83782993542644,-5.73322457099753
USP32,-0.0144698893618286,5.50682199425661,-0.508777237521741,0.616334068477888,0.83782993542644,-5.73325309228341
IFIT3,-0.016379270394224,6.83807366062482,-0.508734628499536,0.616363416526117,0.83782993542644,-5.73327372345726
ENOX2,-0.0114668251016208,6.06882383817386,-0.508571142608038,0.616476027707218,0.83782993542644,-5.73335286728382
HTRA1,-0.019090493808365,9.01560835265719,-0.508501718717414,0.616523850707882,0.83782993542644,-5.73338646803193
OPRL1,0.016523960826165,6.40829672008434,0.508160917448693,0.616758638754246,0.838014230177421,-5.73355134906846
FJX1,-0.0123956678374131,5.00952669486056,-0.507936470734204,0.616913289719531,0.838071534492911,-5.73365987854795
PLPP3,0.043276713779831,9.6971873970382,0.507714569640749,0.617066204622504,0.838071534492911,-5.73376713124308
LPCAT4,-0.0130885535378923,5.78598217596098,-0.507497425761642,0.617215858542155,0.838071534492911,-5.73387204045447
MAGED1,0.0246564618606596,9.58858812620362,0.507381955315831,0.617295446857717,0.838071534492911,-5.73392781016309
ECI2,-0.0212410547012329,9.44053793637775,-0.507380117392457,0.6172967136904,0.838071534492911,-5.73392869774017
RRP12,-0.0124568150061635,6.18552531945516,-0.507181448817133,0.61743365797548,0.83812213736639,-5.73402462108848
PIH1D1,0.0142342488299651,8.29113625129303,0.507038274656475,0.617532358253627,0.83812213736639,-5.7340937273439
VPS37C,-0.012390396911034,7.07310423190637,-0.506621889333926,0.617819444868021,0.838371079056636,-5.73429459724366
ABO,-0.0240494389535507,6.13206474237743,-0.506484462637826,0.617914210694051,0.838371079056636,-5.73436085848311
LARS2,-0.0131084052120871,6.30051971312327,-0.506214646330387,0.618100288779641,0.838488913178354,-5.73449090139722
TSPAN31,0.0195320680872933,7.07951218550112,0.505869728590611,0.618338198701928,0.83866065918471,-5.73465704260071
FXN,0.0180451017787337,6.54700570567232,0.505648117480403,0.618491079527163,0.83866065918471,-5.73476373086628
ATOX1,0.0180858258258362,9.30395741016969,0.505599469308039,0.618524642371493,0.83866065918471,-5.73478714503218
CYP1A1,-0.0504967228452889,6.20193286131424,-0.504733698247357,0.619122089163215,0.839336058628135,-5.735203470306
LTBP2,-0.0208959011546169,6.72317554700547,-0.504226292814908,0.619472362608757,0.839649745444008,-5.73544714466015
KIT,-0.0169991219411032,5.22738372971181,-0.504086353325441,0.619568982340128,0.839649745444008,-5.73551430666359
SUMO4,0.0137915224271868,6.37347669396322,0.50348111276676,0.619986945531437,0.839649745444008,-5.73580457441331
SPTSSA,-0.0177008512635705,7.2744819393163,-0.503480892944728,0.619987097358723,0.839649745444008,-5.73580467977623
MCRS1,0.014093366217645,6.21303316550684,0.503456299299035,0.620004083875535,0.839649745444008,-5.7358164674768
MRTO4,0.0113780446801897,5.74204690574909,0.503402168358344,0.620041472192094,0.839649745444008,-5.73584241038731
LANCL1,0.0113399788710616,6.47033286362418,0.503391207806032,0.620049042789422,0.839649745444008,-5.73584766303443
SLC2A1,-0.0148602411013267,6.33443238245953,-0.502869276093944,0.620409597951564,0.839978419373515,-5.73609766049551
OSGEPL1,0.0130522232700409,5.2336397002138,0.50265372222663,0.620558533131357,0.839978419373515,-5.73620083388645
TRMT2B,-0.0119652766818769,6.5948490549066,-0.502505690163746,0.620660824356613,0.839978419373515,-5.73627166347876
SLC30A9,0.0157272534176036,5.57097799330933,0.502286252133464,0.620812472125098,0.839978419373515,-5.73637662164132
HPGD,0.025130173881911,9.28247210159737,0.502181921897405,0.620884578042132,0.839978419373515,-5.73642650758881
EMC9,0.0157880918521102,6.74475051713217,0.502176695568735,0.620888190225677,0.839978419373515,-5.73642900631474
BUB3,-0.0202715575792644,6.79227961897628,-0.501895414577099,0.621082612419014,0.840106943323302,-5.73656345038007
SLC5A3,0.0217576662454005,7.72664478554792,0.501497069124014,0.621357998540056,0.840251597311681,-5.73675372232712
TEK,0.0124425290553061,7.50120392731971,0.501440525845237,0.621397092935802,0.840251597311681,-5.73678071861873
LETM1,0.022689767943072,5.73179920001372,0.501309242067079,0.621487867834083,0.840251597311681,-5.73684338793782
CCN1,0.0434357103557642,6.47849460460428,0.500207221546062,0.622250093199587,0.840917970532623,-5.73736881576747
MST1,0.0223481632679195,11.0051897319333,0.500086955216085,0.622333303178224,0.840917970532623,-5.73742608889849
VPS54,0.0151086696931404,5.20217177310601,0.499979767432465,0.622407468730431,0.840917970532623,-5.73747712247021
CADM3,0.0111496441297431,6.66681519508692,0.499974122544844,0.622411374664762,0.840917970532623,-5.73747980978317
TACC2,0.0168992415596009,5.42701846140975,0.499877357785405,0.622478332033321,0.840917970532623,-5.73752587115249
EIF3D,0.0180864398562454,8.23210129956976,0.499583991203424,0.622681350558474,0.841029227323796,-5.73766546464737
DESI2,-0.0229087528914692,6.08306790788423,-0.499470716150492,0.622759748563904,0.841029227323796,-5.7377193432932
LARGE1,-0.0135542260551925,6.9566948022162,-0.498489486234512,0.623439053003324,0.841812080197841,-5.73818556176262
ME2,-0.0174968338483253,6.71244654794139,-0.498082750098391,0.623720736992043,0.841999661368907,-5.73837855525239
MTOR,-0.010304973620378,5.79120665138943,-0.498001138613329,0.623777263925368,0.841999661368907,-5.73841726085309
PIAS3,0.0119395107924124,5.75807637353827,0.497328749527023,0.624243074408886,0.842450246329964,-5.73873591736519
GYPC,0.0121915625237452,7.17818454110866,0.497231489446947,0.624310466570206,0.842450246329964,-5.73878197583109
DPEP2,-0.00978329341641014,5.65693337302868,-0.496968479821906,0.624492724615794,0.842493292205665,-5.73890648266471
FADS1,0.0520392092075576,8.37001140893337,0.496867444033654,0.624562746052133,0.842493292205665,-5.73895429520471
HCFC1,0.0145217752447689,8.30755002917378,0.496636543039986,0.624722782422246,0.842493292205665,-5.73906352749361
RAD52,0.0139006949878024,5.33230366296039,0.496610001061945,0.624741179758662,0.842493292205665,-5.73907608053198
CSNK1D,0.021875660984475,7.60240368592332,0.49634492420609,0.624924929213144,0.84260661430526,-5.73920141286551
PARVA,-0.0153993732840554,7.24039230095852,-0.496120840106225,0.625080282313758,0.842681618626557,-5.7393073123497
LRRC40,0.0172737121874387,7.90949577174609,0.495298144514679,0.625650794433488,0.843266722209017,-5.73969570893295
JMJD4,-0.0118317906949293,5.46518045882619,-0.495207183953124,0.625713887366928,0.843266722209017,-5.73973861307134
CTNNBIP1,-0.00905249806104811,7.34615447155734,-0.494489775457765,0.626211606289901,0.84367194775565,-5.740076730089
ORC3,-0.0145529453083318,5.72741981559696,-0.49448595806343,0.626214255186206,0.84367194775565,-5.74007852796198
PRR14,-0.0106276930821634,8.20512394025025,-0.49397134749091,0.626571391746024,0.844018533437574,-5.74032076957927
KLRG1,0.0144829130945647,6.43107873871704,0.493766022116914,0.626713912555003,0.844075958095278,-5.74041735337879
LRRC61,-0.0118108855954991,6.74006585921152,-0.493185306710806,0.627117080812623,0.844386469000035,-5.74069030647975
DMAC2,-0.0101027949896907,7.86852814057813,-0.493146082339252,0.627144317093991,0.844386469000035,-5.74070873178589
ZNHIT3,0.0137382115361662,6.73868402289298,0.492821617328459,0.62736963725176,0.844555270794547,-5.74086109161452
NFU1,0.0205843648268932,5.74855865771583,0.492664030925249,0.627479084385347,0.844568057192765,-5.74093505458339
RNF125,0.0199818050803815,5.79968521451826,0.49162331609113,0.628202104185446,0.845176982558845,-5.74142293374553
ABCF1,0.0124923437288329,7.58418790505943,0.491588169870564,0.62822652815204,0.845176982558845,-5.74143939246962
ARHGAP29,-0.0231061358695804,7.35640923412242,-0.491580938381416,0.628231553544628,0.845176982558845,-5.74144277878205
NCSTN,0.0133232187048784,7.51853359938245,0.491267759955038,0.628449208990649,0.845335214258355,-5.74158938524847
LRRC17,-0.019629950404024,5.41790149276952,-0.490976611314335,0.628651585122971,0.845472846456964,-5.74172559733619
CLPB,-0.0128692269676344,5.7955593192133,-0.490830246907449,0.628753333702814,0.845475122499806,-5.74179404328205
DSTNP2,0.014986386765995,6.4776046986691,0.490218883900669,0.629178418647554,0.845912114172129,-5.74207972635495
CSF1,0.0127500610273516,7.3478274820337,0.489825276827843,0.629452166278145,0.846145530552072,-5.74226347082383
ZSCAN2,-0.0159816101975961,5.20734616674834,-0.489599322499489,0.629609338741022,0.846222190609453,-5.74236888627467
TLR2,0.0117908919330685,6.08617978828035,0.489231781593492,0.62986503647375,0.846258703189149,-5.74254025541157
TPP1,-0.011611855882356,8.58860986657918,-0.489140391339773,0.629928623955804,0.846258703189149,-5.74258284742975
IGF1R,-0.0178952843463064,5.61770193270677,-0.48904499875819,0.629994999319418,0.846258703189149,-5.74262729643888
PAX8,-0.0153287003377081,8.4063375095202,-0.488984494227175,0.630037100800347,0.846258703189149,-5.74265548467392
SUZ12,-0.0212946776069298,6.97614584910658,-0.488507641441158,0.630368959288915,0.846470234866798,-5.74287752485273
RAB29,-0.0171602105176906,7.01676630846622,-0.488470323550654,0.630394933493108,0.846470234866798,-5.74289489252072
NRL,-0.00981146221597458,7.0067479767145,-0.488183618847656,0.630594503652932,0.846603679038334,-5.74302828113346
ATG13,0.0131711117077682,7.73947161044465,0.487823695692551,0.630845080900363,0.846805549421457,-5.74319562632114
MED12,0.0137654619748211,6.80301772693959,0.487573497253399,0.631019295059707,0.846904867098876,-5.74331188441447
DGCR5,-0.0156287198151515,5.6979444399442,-0.48721616695061,0.631268143761957,0.846979235183745,-5.74347782192054
SRSF4,-0.0136230684194757,7.94533497872005,-0.487116174478153,0.63133778765003,0.846979235183745,-5.74352423530739
ZNF638,-0.0196914884242695,7.84540027368906,-0.487062161661087,0.631375408570699,0.846979235183745,-5.74354930250748
ATG2A,0.0146297338500657,7.69001932363001,0.486716002182981,0.63161653937181,0.847168215506634,-5.74370988980749
CDKN1B,-0.0317840731108873,6.89790239061897,-0.48616833293785,0.631998125644393,0.847412709095756,-5.7439637323075
RAP2C,-0.019410116451501,6.01333378725928,-0.486143219297616,0.632015625995876,0.847412709095756,-5.74397536569479
MYO1F,0.0134988340908806,7.32214805705341,0.485847205932593,0.632221918554967,0.847412709095756,-5.74411244374181
SNRNP25,-0.0159691502747526,7.09429227650979,-0.48580959522007,0.632248131770783,0.847412709095756,-5.74412985470204
RNF44,0.0126053226270768,7.75982812531043,0.485621907475144,0.632378950310777,0.847412709095756,-5.74421672050567
ABCC3,-0.0183513935826632,8.86868783935099,-0.485212476975168,0.63266436666142,0.847412709095756,-5.74440609986338
C1QL1,-0.00949033924811276,7.39693693724716,-0.485210166506286,0.632665977469399,0.847412709095756,-5.74440716811328
ZPR1,0.016962736272265,7.28721794605391,0.485107390507016,0.632737632524732,0.847412709095756,-5.74445468178231
SCN8A,-0.0165883258139274,5.27484993511118,-0.485069419113497,0.632764106980209,0.847412709095756,-5.74447223359355
MGAT5,-0.0133723002781767,6.56137373321707,-0.485015530951381,0.632801679809967,0.847412709095756,-5.74449714043528
BSN,-0.0118309346349944,5.07052133698879,-0.484742331606475,0.632992180213175,0.84753350068156,-5.74462337028696
SEC63,-0.0283413188625263,7.0416943934637,-0.484338219758389,0.633274013148892,0.847645979676275,-5.74480996012759
PLEKHB2,0.0150017199040112,5.98667040749761,0.484334205572893,0.633276812981813,0.847645979676275,-5.74481181282877
RHOBTB2,0.00996543421837473,6.8982233313461,0.484185322825291,0.633380660405155,0.847650709601451,-5.74488051736869
CD59,0.0207770914227119,8.33426339117056,0.48393027702793,0.633558575810328,0.847754547204635,-5.74499816481127
COL17A1,-0.0105121787505608,5.46368389401962,-0.483598021020832,0.633790385835273,0.847813443354736,-5.74515133704492
SGK2,-0.0139762349018756,8.16313939093118,-0.483579574249299,0.633803257002588,0.847813443354736,-5.74515983812214
SESN1,-0.0167454357857187,6.94446491605107,-0.483317938877094,0.633985824943435,0.847923428422289,-5.74528037705125
S100A6,0.0216176803073624,7.09879513036465,0.482790079794108,0.634354235410396,0.848029314234946,-5.74552337507387
TNFRSF4,0.010922046722602,6.25049272701229,0.482726042235979,0.63439893598322,0.848029314234946,-5.7455528369102
CRADD,0.013454806054719,7.4555589638777,0.482692644062472,0.634422249706268,0.848029314234946,-5.74556820093504
HARS1,-0.014015416848862,6.39142951058517,-0.482313691702408,0.63468680614786,0.848029314234946,-5.74574245618204
FGL2,0.0126205099107686,5.5100708216168,0.482153183232085,0.634798876381263,0.848029314234946,-5.7458162232023
BRAP,0.00982974838255604,6.54791976552167,0.482079678298148,0.634850202003162,0.848029314234946,-5.74584999684782
INPP4A,-0.0114351421811726,5.7483659424364,-0.48198449274518,0.634916669156261,0.848029314234946,-5.74589372471952
FHL3,-0.0113999822982457,6.71430816496089,-0.481852946694731,0.635008531698668,0.848029314234946,-5.74595414259322
VIPR1,-0.0145859470166906,7.56989495063814,-0.481559740826566,0.635213307855401,0.848029314234946,-5.74608875140138
MMP14,0.0117908768149982,7.62257873570007,0.481521586011845,0.63523995753654,0.848029314234946,-5.7461062621366
ING1,-0.013741815983141,7.42671566524035,-0.481316145517835,0.635383458603187,0.848029314234946,-5.74620052353398
HCLS1,-0.0172838099667515,7.23380375512704,-0.481152309962588,0.63549790898899,0.848029314234946,-5.74627566737733
TPD52,-0.0184719201833442,6.10910582034447,-0.480739846931909,0.635786084162853,0.848029314234946,-5.74646473467811
CNIH1,0.0157324494520858,8.58103489696785,0.480689569787371,0.63582121530316,0.848029314234946,-5.74648777019997
ZNF106,-0.0216708767136212,6.86222390998399,-0.480345778627172,0.636061462869412,0.848029314234946,-5.74664522227769
ABCB9,0.0120755525244701,7.20286583463502,0.480340822699318,0.636064926463579,0.848029314234946,-5.74664749122718
MOCS1,0.00946331250644688,6.15164497769676,0.480329501016399,0.636072838982697,0.848029314234946,-5.7466526744951
RHOBTB1,-0.0211301837032908,5.12108489462239,-0.480250049782241,0.636128367266461,0.848029314234946,-5.74668904532964
CFHR4,-0.0403749390203318,10.3082395217579,-0.480243681835835,0.636132817904592,0.848029314234946,-5.7466919601658
MRPL17,0.0154012062472902,6.82630169382143,0.480206252627628,0.636158977936018,0.848029314234946,-5.7467090920867
OGFOD1,-0.0182725317601883,6.00577150471982,-0.480174696374629,0.636181033619005,0.848029314234946,-5.74672353485369
THADA,0.00854039454791699,6.72670102693922,0.479856594536325,0.636403384606983,0.848029314234946,-5.74686907298775
WNT5B,-0.0146888073306127,6.50251405786078,-0.479654987499526,0.636544324759469,0.848029314234946,-5.74696126361808
ZFTA,-0.0108352668697798,6.79305406532123,-0.479618927538396,0.63656953517362,0.848029314234946,-5.74697774908851
PNP,-0.0169992109484106,7.3308310029582,-0.479494318177915,0.636656656152469,0.848029314234946,-5.74703470722268
SLC1A1,0.0228671792033049,7.54110389582499,0.479469060311156,0.636674315917928,0.848029314234946,-5.74704625066971
TMEM208,0.020247317921711,7.7775983935076,0.478968837715608,0.637024106645074,0.848270855440268,-5.74727474204058
SRP14,-0.0168907889773798,10.0889370857214,-0.478850378849861,0.637106954126308,0.848270855440268,-5.74732881751536
PYGB,0.0151481297133896,7.22436836955848,0.478779083465246,0.637156818873299,0.848270855440268,-5.74736135696447
CRYM,0.0108346989462381,7.63033628420415,0.478329638378411,0.637471206161008,0.848430136940517,-5.74756637630352
PIP4K2B,0.00987917214307975,7.88327188238291,0.478320969214604,0.637477270939094,0.848430136940517,-5.74757032899064
ETHE1,0.0158380850763915,8.06818864533085,0.477576197029485,0.637998396386256,0.848989992041554,-5.74790964523042
PYGM,-0.0231545526592206,5.55804201151964,-0.477285668581053,0.638201734545616,0.849078095148936,-5.74804186927158
PLEKHA6,0.00999735405462653,6.25007153146272,0.477194470485697,0.638265569276455,0.849078095148936,-5.74808335875227
NIF3L1,-0.012471771963599,6.91945109806759,-0.47697880362486,0.63841653823484,0.849145246038784,-5.74818144301041
MRPL49,0.0113502409020454,8.48385590746715,0.476618147625911,0.638669037030347,0.849255775233061,-5.74834537091158
SEC61B,0.0193846322108524,9.21830364749827,0.476539698630106,0.638723965903012,0.849255775233061,-5.74838101207039
ADSS2,-0.0113645234793696,5.79416736354843,-0.476403444426552,0.638819374223442,0.849255775233061,-5.74844290183248
GLG1,0.0223468233977709,7.80319578616627,0.47628594890215,0.638901652444564,0.849255775233061,-5.74849625710016
PSMD7,0.0128983982822358,7.64031037001655,0.475930944086659,0.639150279561902,0.849452636410517,-5.74865738838302
ACKR1,-0.012362492520262,6.03726703350384,-0.475496541510512,0.639454572071654,0.849581049780073,-5.74885439749931
INHBA,0.0272195886113293,6.77431534319582,0.475472913597042,0.639471124941931,0.849581049780073,-5.7488651081315
ARIH2,0.0139996266710807,6.68715316986634,0.475305548814181,0.639588380239,0.849581049780073,-5.74894096041058
CMKLR1,-0.0152253969443468,5.22093326318395,-0.475128108514419,0.639712704982104,0.849581049780073,-5.74902135059001
SNRNP40,0.0114951195118943,6.64116739731094,0.475075436888913,0.639749611804805,0.849581049780073,-5.74904520808107
FNDC3B,0.0220170658162348,7.06207689137333,0.474757052207377,0.639972723225512,0.849743794980449,-5.74918936469533
KYAT1,-0.0123976507137723,6.80007013349568,-0.474170931347104,0.640383545069287,0.8499057447791,-5.74945449876216
SEC31B,-0.0180661159688961,7.44507675947097,-0.474157869235439,0.640392701870044,0.8499057447791,-5.74946040381604
SLC17A2,-0.0178368539382547,8.28626373192657,-0.474152543763522,0.640396435148938,0.8499057447791,-5.74946281128307
GUCY1A1,0.0218954357982607,7.08916235862846,0.473893076078412,0.640578339836516,0.849944142375016,-5.7495800759253
RCN2,0.012885591282288,5.33948601130423,0.473824332631816,0.640626537607867,0.849944142375016,-5.7496111335509
PCMTD2,-0.0268660991864199,6.64577824217696,-0.47342104184667,0.640909327788306,0.850185842984487,-5.74979324780515
CYBB,0.0107903674145698,5.47108375385676,0.473161289500115,0.641091497521954,0.850294012566396,-5.7499104641363
NDUFA3,0.0221215799142649,8.80332011505734,0.472526359263832,0.641536885092636,0.850619162228364,-5.75019671944586
NDUFAB1,0.0204560704735186,9.34763049290209,0.472524800349409,0.641537978802528,0.850619162228364,-5.75019742181306
MPZL1,0.0122409304143327,6.85666109362737,0.472238337479069,0.641738970842641,0.850752165613479,-5.75032644892946
NPAS2,0.0197174712737392,6.52472539528065,0.472007725068844,0.641900796807573,0.850833213023371,-5.75043026464336
TRAPPC8,-0.0173525445126334,7.61261684364737,-0.471701436066455,0.642115755010271,0.850904983254012,-5.75056807141071
HLX,0.0159131703735968,6.72477195698308,0.471643611721627,0.642156340616667,0.850904983254012,-5.75059407816489
APEX1,0.0182557840180013,8.28050339942302,0.471410617376557,0.642319885739091,0.850960824330316,-5.75069883684272
TTC3,0.0161838842576284,8.52324210631766,0.471118850166846,0.642524711429262,0.850960824330316,-5.75082994960797
MBOAT7,-0.0138820422211111,8.52224364939432,-0.47108782257212,0.642546495062776,0.850960824330316,-5.75084388795541
PLLP,-0.0133898203907432,6.42286641537707,-0.47090489915175,0.642674927353832,0.850960824330316,-5.75092604336036
NEB,-0.0173575752660249,5.04926084056357,-0.470840004676488,0.642720493147049,0.850960824330316,-5.75095518157411
LRRC23,0.00945124909037554,6.62968034606389,0.470722910117647,0.642802714994131,0.850960824330316,-5.7510077481779
PSMG2,0.0149386723383822,7.98223612472002,0.470349269696397,0.643065110505502,0.851174840816336,-5.7511753990717
MOGAT2,0.00945342277061051,6.54871094755599,0.46999112712076,0.643316667297803,0.851374446149794,-5.75133597406772
STYXL1,-0.0127259555608234,7.46737878168081,-0.469055075413447,0.643974350766836,0.852073371740901,-5.75175509314516
MARCHF5,0.0130617177503512,7.30003877440824,0.468948990450726,0.644048906511271,0.852073371740901,-5.7518025414006
CCL2,0.0184027966392954,6.16726176197885,0.468549124169397,0.644329964229017,0.852073371740901,-5.75198129395403
IRF2,-0.0174175225193875,5.89912725524894,-0.468475061641097,0.644382027243386,0.852073371740901,-5.7520143858331
RRP1B,-0.0112850895888485,6.54082030446625,-0.468310298529704,0.644497855886384,0.852073371740901,-5.75208798530624
AHR,0.0176008382542935,6.00301783072723,0.468281979758913,0.644517764946495,0.852073371740901,-5.75210063271758
KLKB1,0.0207999105585242,10.2378429426938,0.468235204763786,0.644550649960691,0.852073371740901,-5.75212152120389
ATP5IF1,-0.0192055473912639,8.85949663392839,-0.467771431605136,0.64487674466202,0.852238762930963,-5.75232851980628
GDF7,0.0121843686111948,6.27612230115673,0.467770395316394,0.644877473394151,0.852238762930963,-5.75232898211469
FES,0.0153503057541357,6.50116323288519,0.467386103826637,0.645147737586189,0.852462608694808,-5.75250035296001
DDX31,0.0114873996006794,7.62458099090549,0.467149296607018,0.645314304254189,0.852549385701672,-5.75260588616848
CS,-0.0117332720826899,8.14547680391109,-0.466851444419953,0.645523836192536,0.852552246261127,-5.75273854987047
CFTR,0.0163379062683693,5.71740916597219,0.466723934113325,0.645613545908053,0.852552246261127,-5.75279531782846
LIMD1,0.0162629357414473,6.48084625078174,0.466715967847088,0.645619150748515,0.852552246261127,-5.75279886393029
DNASE1L1,0.0122862073525717,6.74032450445609,0.466513040004814,0.645761932351182,0.852572578227372,-5.75288917523537
IFITM3,0.0134398332325513,12.0886974717018,0.4664072962622,0.645836340027622,0.852572578227372,-5.75293622037349
IZUMO4,0.0110600913479103,5.94874739880157,0.465952296295295,0.646156548892368,0.852737486709936,-5.75313852985429
STRN4,0.0123628201867686,6.5813783732196,0.465942999926533,0.646163092000441,0.852737486709936,-5.75314266134507
SLC6A16,-0.0146021688621049,6.21367385430383,-0.465649932943746,0.646369377825016,0.852772332283849,-5.75327286482492
SEMA3B,0.0120462181829959,6.18103654559805,0.465618739913944,0.646391335890894,0.852772332283849,-5.75328671851555
CYP4A11,0.0250137646437837,10.7434915318828,0.465149526165467,0.646721674809545,0.853074953503069,-5.75349499992066
SNTB2,0.0158036902816603,6.36540352993106,0.463916136988506,0.647590370220426,0.853532356238113,-5.75404151563547
MID1,-0.0138458275715371,5.59176821720528,-0.463848952866085,0.647637703884339,0.853532356238113,-5.75407124423565
PPME1,0.0107139584209472,7.2156412539473,0.463707544626273,0.647737336147317,0.853532356238113,-5.75413380284168
RPL3L,-0.00853309439408566,5.5659889523728,-0.463693020997512,0.647747569471078,0.853532356238113,-5.75414022699811
KEAP1,0.020898189031231,6.92592226575428,0.463688411186887,0.647750817550643,0.853532356238113,-5.75414226598903
ZC3H15,0.0355256473609534,7.09882690536721,0.463541560228465,0.647854292729566,0.853532356238113,-5.75420721008085
TGFBRAP1,-0.0108811848492875,6.07561719750221,-0.463515230381411,0.647872846228784,0.853532356238113,-5.75421885219611
TRIM56,0.0186186946490573,6.13059697057735,0.463510027117547,0.647876512770563,0.853532356238113,-5.75422115281652
C1orf35,0.0128100909554765,6.58089418927392,0.462888244434871,0.648314725388565,0.853976528376208,-5.75449589192301
MRPL16,0.0184341454530489,7.72766415162725,0.462619057656789,0.648504480267487,0.853995117397564,-5.75461472217979
IER2,0.0307187711661928,8.89196436368209,0.462581486746463,0.648530966667476,0.853995117397564,-5.75463130217009
GOLGA7,0.0155185105954529,7.69376157362887,0.462061386796989,0.648897671090684,0.854281126170173,-5.75486068629016
PUM3,-0.00851585502133875,6.88689888636032,-0.461986667181948,0.648950360814951,0.854281126170173,-5.75489361979241
POGK,0.0098932298456916,6.10405199904999,0.461752098933092,0.649115782609049,0.854338117689304,-5.75499697452415
SPINT2,0.0118584440548087,7.1500665983972,0.461627346183474,0.649203768092686,0.854338117689304,-5.75505192178581
THOC7,-0.0156784135979884,6.23255939906302,-0.461281463018806,0.649447739697538,0.854338117689304,-5.75520418986056
CD164,0.0224263123752319,8.86810645239042,0.461237772177122,0.64947856027574,0.854338117689304,-5.75522341593201
KCTD20,-0.0168140425871191,6.52185742850862,-0.461208542937736,0.649499179649241,0.854338117689304,-5.75523627720885
ROBO3,0.0102783797066092,6.33111216916895,0.460909395310593,0.649710225900884,0.854411898683053,-5.75536786055674
RNASEH2A,-0.00875594989359679,6.68984980027384,-0.460842394840796,0.649757498335775,0.854411898683053,-5.75539732000154
ZNF16,0.00992046659399535,5.66160238499206,0.460682248101494,0.649870496611798,0.854427523941138,-5.75546771797276
FGG,0.0120124396169566,13.0208691551133,0.460205902229811,0.650206653643121,0.854612001362442,-5.75567697064617
IFITM1,0.0283900431399109,9.2828997297037,0.46018942354707,0.650218284010232,0.854612001362442,-5.75568420573318
P3H4,-0.0110901675588685,5.24932481435138,-0.460053498324952,0.650314221155089,0.854612001362442,-5.7557438750391
EMP2,-0.0188646392279779,7.9354140326997,-0.459464086742737,0.650730304753231,0.854809785987823,-5.75600241918231
CALR,0.0291660604466098,9.7202666224289,0.459446728780223,0.650742560041815,0.854809785987823,-5.75601002830214
CARHSP1,0.0127112375905887,8.69496896364196,0.459252532223201,0.650879676071313,0.854809785987823,-5.75609513807024
GAS8-AS1,-0.0115414666370553,5.95501744717957,-0.459021268642477,0.651042980510785,0.854809785987823,-5.75619644715148
ALOX5AP,0.0131453405304164,5.93330824768211,0.458969095005797,0.651079824885099,0.854809785987823,-5.75621929583148
ZDHHC18,-0.0124286428172425,6.91478339414634,-0.458891913865402,0.651134330927534,0.854809785987823,-5.75625309152319
CASC3,-0.0121485937773832,7.40440998469081,-0.458623621851317,0.651323816843724,0.854809785987823,-5.75637052664104
FBXO17,0.0230645891112122,7.32083585755114,0.458549178292368,0.651376398196455,0.854809785987823,-5.75640309970927
KIRREL1,-0.0120910550088681,5.35575431343996,-0.458543475170939,0.651380426530999,0.854809785987823,-5.75640559491891
RHOBTB3,-0.0242970430354044,6.99704454661358,-0.458407698671723,0.651476333936282,0.854809785987823,-5.75646499041213
RARS1,0.0102842237438933,6.86430233758457,0.458005374117086,0.651760557230014,0.854954121145887,-5.75664088645657
WWC1,-0.0158255828798832,6.49013737182384,-0.457921296740709,0.651819960795021,0.854954121145887,-5.75667762594966
PPP2R2A,0.0121242441362235,7.29026068560037,0.457822354240697,0.651889870123426,0.854954121145887,-5.75672085264115
MEGF6,-0.0107313897725223,6.76014915995958,-0.457562529836962,0.65207346865868,0.855062198970491,-5.75683432304339
AKR1B1,0.0133999938087123,7.07052969146333,0.457259030382413,0.652287957790445,0.855210743728356,-5.75696678740781
RAB9A,0.0179400435208059,5.98111582970305,0.456810517541037,0.652604987357887,0.855348653298775,-5.75716238642136
LRRN3,-0.0119539092680134,5.6096362370086,-0.456717488638554,0.652670752924409,0.855348653298775,-5.75720293334452
CDC42,-0.0337407124578973,7.46848374036426,-0.456680618602412,0.652696818517219,0.855348653298775,-5.75721900102381
RPS21,0.0156179233372351,10.3998859572421,0.456238189584956,0.653009633090672,0.855625895428156,-5.75741170922395
ATG7,0.0101712966628606,5.56771325171633,0.455597064644657,0.65346304975736,0.855744433396555,-5.75769063887187
UVRAG,0.00952387418298086,6.3377893831271,0.455212424578701,0.653735141089184,0.855744433396555,-5.75785779730013
STX10,0.0122385571810967,7.99992701453637,0.45510487938602,0.653811226555986,0.855744433396555,-5.75790451001262
SMOX,-0.0098531551282433,7.24373849482938,-0.454985469997608,0.653895710166901,0.855744433396555,-5.75795636333738
DHRS1,0.0243976493690085,9.22088050913443,0.454975602541253,0.653902691726822,0.855744433396555,-5.75796064766807
ZNF221,-0.0113974130104985,5.7885850599415,-0.454831781472394,0.654004453702723,0.855744433396555,-5.75802308272457
LGALS4,0.0524309516391406,8.51899636697038,0.454818929532831,0.65401354755219,0.855744433396555,-5.75802866101975
ATP6V1E1,0.0133347794727273,7.97736588834033,0.454804391029352,0.6540238348568,0.855744433396555,-5.75803497117038
CYP39A1,-0.0296897142398202,6.30734146725365,-0.454662943835981,0.65412392521016,0.855744433396555,-5.75809635323349
CHMP2A,0.0218477246733115,8.19212488085494,0.454560349856137,0.654196526574454,0.855744433396555,-5.75814086296607
DHDDS,0.0132428900553436,6.58160890611414,0.454429926794353,0.654288826462857,0.855744433396555,-5.75819743197647
CUTA,0.0192648689925224,9.6594930979955,0.454187923439634,0.654460106332983,0.855744433396555,-5.75830235515407
CA12,0.0123402706502152,6.95750637338895,0.454083679529559,0.654533891844298,0.855744433396555,-5.75834753437882
CHPT1,-0.0165612960484632,8.74461756344955,-0.453969953762762,0.65461439290213,0.855744433396555,-5.75839681145831
UBE2D2,0.0148698722825257,7.63381484751071,0.453963200055655,0.65461917366572,0.855744433396555,-5.75839973744215
IRF1,-0.0172228483102312,6.91065856531512,-0.453667797964003,0.654828295573484,0.855775390954299,-5.75852767610746
PON3,-0.0262474362616966,11.1356880567779,-0.453345797032392,0.655056280558386,0.855775390954299,-5.75866704190255
TRIM16,0.0117656262368573,6.48382092227887,0.453345303595066,0.655056629951295,0.855775390954299,-5.75866725539374
ATP2B2,-0.0154498097450245,8.02507434797221,-0.453109428205778,0.655223657795141,0.855775390954299,-5.75876928348448
SULT1E1,0.0246945133322941,5.46015326433959,0.452982136595208,0.655313803104091,0.855775390954299,-5.75882432198646
ABCB6,0.0162437562944444,7.16024001162073,0.452954274104213,0.655333535469032,0.855775390954299,-5.75883636718558
NOLC1,-0.01195498205062,7.16199406072734,-0.45285074303012,0.655406858994122,0.855775390954299,-5.75888111822394
UBE2B,-0.0160613939681551,6.70871786032346,-0.452785515365243,0.655453056835056,0.855775390954299,-5.75890930757244
MSRB1,0.0196755094424276,9.79081689373667,0.452502720336181,0.655653364304381,0.855904669916889,-5.75903147674182
SMARCA2,-0.0220989234372429,6.93205550422796,-0.452079052451351,0.655953503690824,0.85616421164465,-5.75921436405851
PAK2,-0.0135010557682076,6.39354324711029,-0.451862530160829,0.656106917808249,0.856232193896479,-5.7593077668259
TSHZ2,0.00837235427222004,7.23648169021048,0.451375953609033,0.656451732302865,0.856549897770106,-5.75951750504106
MMP2,0.0202130140319032,6.55383981162888,0.451108354253667,0.656641401223059,0.856665098090913,-5.75963275914308
FKBP15,-0.0161975459455735,7.90142835518633,-0.45073783355924,0.656904057923222,0.856720600143176,-5.75979223066187
PCDH17,-0.0136124825194094,5.96495548576362,-0.450666241754745,0.656954813558585,0.856720600143176,-5.75982302887555
TAF7,0.014129577307809,6.68325945552991,0.450619284555866,0.656988105198554,0.856720600143176,-5.75984322688125
POFUT1,0.0165788967163358,6.81135660023988,0.450181690729947,0.657298384936801,0.856800664235128,-5.76003135290992
B2M,0.0127782528988788,12.1214417104574,0.450072447515691,0.657375854699515,0.856800664235128,-5.76007828976935
METTL13,0.00782365275905243,7.0590592166481,0.449997520421975,0.65742899149202,0.856800664235128,-5.76011047609989
TAF10,0.015501576044302,9.04283077438208,0.449960721016223,0.657455089574032,0.856800664235128,-5.76012628205015
MORF4L2,-0.016035957071468,9.26272715122522,-0.44961036415469,0.657703584593372,0.856992334589667,-5.7602767027156
DCAF8,0.0108388140423974,8.33185209306167,0.44898563436159,0.658146782932391,0.857437606503037,-5.76054463683088
ZNF232,-0.0140305541182883,5.13289485497128,-0.448779791285003,0.658292841249329,0.857495684994116,-5.76063283892703
ABHD5,0.0135487885940354,5.78199825060622,0.448447290231178,0.658528800784855,0.857670833327994,-5.76077522930297
HPRT1,-0.0379999085052758,7.17389192928783,-0.448266484167616,0.658657125235895,0.85770576487029,-5.76085261439139
GPX2,-0.0327859650756661,8.62186909309085,-0.447846261754859,0.65895541365029,0.857961979251918,-5.76103235177606
UNC5B,0.0122062808061127,8.03433493778069,0.447675522226855,0.659076627137972,0.857986362960132,-5.76110533327493
IL2RG,-0.0147560480524015,6.99242175026833,-0.447533845676187,0.659177215187832,0.857986362960132,-5.76116587130824
ZNF706,0.0176174170164795,8.17597115835306,0.447224432334273,0.659396916663379,0.858140142585176,-5.76129801762055
CBFA2T2,-0.0149317857376121,6.77742596010545,-0.446585416716916,0.659850754863588,0.85838858843784,-5.76157064941256
CTSK,0.0162468301074845,6.82907505701702,0.446546322916982,0.659878524218442,0.85838858843784,-5.76158731613347
PRMT2,-0.0119998006446933,6.71142549970795,-0.446499532321741,0.659911761471505,0.85838858843784,-5.76160726232347
TCF3,0.00865059600466523,7.67005170126543,0.446369319238567,0.66000426088935,0.85838858843784,-5.76166275960457
SAR1A,-0.0154335323481177,7.02090295158734,-0.446240542749922,0.660095745286282,0.85838858843784,-5.76171762901458
APOC1,0.010863573828473,12.6807428744613,0.445690595037665,0.660486496324176,0.858670877443116,-5.76195177764019
PFDN4,0.0122983189104827,5.96399934045413,0.445648993066108,0.660516059571628,0.858670877443116,-5.76196947881012
ELL,0.00990768703530047,5.95565789694137,0.445452131888948,0.660655961039023,0.858680452148798,-5.76205321907668
CKB,-0.0112485688495099,6.29848681286407,-0.44535265145061,0.660726662706685,0.858680452148798,-5.76209552201074
MCCC2,-0.012899979438771,9.10482914426382,-0.44514012404562,0.660877718798791,0.858744690735012,-5.76218586589247
DDX24,0.0129110904464251,7.86113426200971,0.444925717417339,0.661030125610368,0.858810664423064,-5.7622769658245
MTUS1,-0.0295180204261629,7.87105650573476,-0.444593132271864,0.661266567219584,0.858985779093849,-5.76241819396049
SEPHS1,0.0188604842635927,7.27549803186661,0.444182188399642,0.661558765815281,0.859233257168633,-5.7625925532964
AGRN,0.0130842225250518,7.71141606168125,0.443946010095174,0.661726723724017,0.85931932003503,-5.76269268990594
ENTPD2,0.0140240935189533,5.87670114412395,0.443410569730183,0.662107569214447,0.859440763154874,-5.76291951665171
THYN1,-0.0133510563946371,7.15705476300853,-0.443353045025004,0.662148490704424,0.859440763154874,-5.76294386969304
SYNPO,0.0132534950422204,7.44851304005764,0.443343377442807,0.662155368062389,0.859440763154874,-5.76294796215304
SLC17A5,0.012110841624609,6.74927725435856,0.443034862402192,0.662374856633277,0.859440763154874,-5.76307851616904
COPB2,-0.0143598167653047,7.25638879346044,-0.44287419149646,0.662489175972179,0.859440763154874,-5.76314647187055
TSC22D1,0.0186798881709999,8.71752038359885,0.442816191654976,0.662530445653542,0.859440763154874,-5.76317099695141
MBD2,0.0164567386261608,6.08276750073359,0.442813719304252,0.662532204874656,0.859440763154874,-5.76317204230851
CLP1,-0.0124081560806394,6.47707470817958,-0.442557961167026,0.662714202448701,0.859544898034003,-5.76328015084672
ITGAX,-0.010561565632475,6.75257602423291,-0.441781563569339,0.663266818282176,0.86010648898896,-5.7636079580322
CUL4B,-0.016270879514744,6.8153000423274,-0.441663642772144,0.663350767898349,0.86010648898896,-5.76365769670955
KCNN4,0.0092508357565095,6.2467159934818,0.441109032357753,0.663745664424846,0.860300047829168,-5.7638914554375
SNX5,0.00955008689105395,8.34066604802364,0.440924828380559,0.663876844487528,0.860300047829168,-5.76396903057961
SLC38A2,0.0363611874976218,8.8139306841009,0.440895121797824,0.66389800093806,0.860300047829168,-5.76398153815337
METTL25B,0.00971159845668975,5.80358803844449,0.440570649223522,0.664129102736494,0.860300047829168,-5.76411809938966
TP53BP2,0.00854698808952955,5.33244720826,0.440562999580412,0.664134551519611,0.860300047829168,-5.76412131771741
JOSD1,0.0151722325773394,6.75446374572566,0.440514475526976,0.664169115281363,0.860300047829168,-5.76414173129108
UBE2Q1,-0.00922384186817003,7.05060452317642,-0.440453255756387,0.664212723318046,0.860300047829168,-5.76416748268035
CCL22,0.00951431477182519,7.51632424429398,0.440142375614259,0.664434188157115,0.860345269505896,-5.7642981967046
EDF1,0.0255869440107933,8.71319365332074,0.440118399349487,0.664451269679938,0.860345269505896,-5.76430827411377
LCP1,0.0168069248730606,7.45807282632147,0.439756512881923,0.664709112894002,0.860547265811907,-5.76446031246153
CWC25,0.00862380740358587,6.7876906281011,0.438991670491456,0.665254201449163,0.861121017500832,-5.76478124036143
GMNN,-0.0147374509645243,5.56069885037558,-0.438118834499272,0.665876487324781,0.861794504195803,-5.76514681354369
ANPEP,0.0224676682934589,8.70501509080852,0.43735261063317,0.666422968241444,0.862209160068005,-5.76546714626496
SENP2,-0.0119870522595515,7.36951488240896,-0.437246122274004,0.666498932205258,0.862209160068005,-5.76551162201453
PBX3,0.0153007630885676,7.32651996864816,0.437240439389369,0.666502986220616,0.862209160068005,-5.76551399522027
POLR2F,0.0179145729777977,7.94544089734206,0.436678242149323,0.666904094161362,0.862593903891541,-5.76574862263947
RC3H2,-0.0121521887526436,5.59835190786255,-0.436462313694772,0.667058178718009,0.862593903891541,-5.76583865958859
ACYP2,0.022479303700314,6.07212320866594,0.436394397256968,0.667106646382393,0.862593903891541,-5.7658669700792
TRPV2,-0.0109971368297375,5.79125230573958,-0.435659407734131,0.667631257345151,0.86314016593735,-5.76617306907439
DAPK2,-0.00971250967520966,6.52923695757991,-0.435495832242067,0.667748035824558,0.86315907950398,-5.7662411240902
KPLCE,-0.0116931956920116,6.44719886103592,-0.435188321602825,0.667967594708068,0.863310825219207,-5.76636899500882
AFG3L2,0.0139236429847231,8.06303260486863,0.434891513722046,0.668179540910267,0.863452687060981,-5.76649233147184
TRPM2,-0.00998945992568088,6.96378721761617,-0.434233149570383,0.668649770652694,0.863848986484093,-5.76676561573035
PIGH,-0.0135183672746274,6.18642947165228,-0.434175886245992,0.66869067699319,0.863848986484093,-5.76678936631499
RUVBL1,-0.00934508931119095,6.49448620924387,-0.433595988725062,0.669104989196788,0.864099253028397,-5.76702971209512
TMEM184B,-0.015319225909816,7.18034677462359,-0.433474230905182,0.669191993756383,0.864099253028397,-5.76708013614346
BMP1,0.0102893362930234,8.14626677365781,0.433340182120712,0.669287786597088,0.864099253028397,-5.76713563424076
PTPRK,-0.0204415745418452,8.16736596541773,-0.433232213169883,0.669364946686157,0.864099253028397,-5.76718032268114
RBM19,-0.010544517824346,6.73740055315273,-0.433164980507033,0.669412996452553,0.864099253028397,-5.76720814482142
COL8A2,0.0086966219862924,5.67089141654698,0.432934155192196,0.669577973503612,0.864099253028397,-5.76730363246011
MR1,0.0115950255095567,6.4581784869846,0.432903022904631,0.669600225897035,0.864099253028397,-5.76731650742181
MRPL58,-0.0127743573342712,6.76995875941788,-0.432743976579005,0.669713912139833,0.864113995660649,-5.76738226790814
FKBP10,0.0095936261745329,6.03097530474758,0.432219295078085,0.67008901189325,0.864141371679779,-5.76759903865281
NCALD,-0.0137757885115763,6.16290742939208,-0.432050249811093,0.670209882784854,0.864141371679779,-5.76766882432626
MOXD1,-0.0137503996622731,5.51981648622006,-0.431975513780988,0.670263323530098,0.864141371679779,-5.76769966850088
CFP,0.0222285287241776,7.32648758393838,0.43194011382139,0.67028863725082,0.864141371679779,-5.76771427652948
EMC6,0.0126100481718413,7.34776863674296,0.431814962388366,0.670378133471109,0.864141371679779,-5.76776591168923
TMBIM6,-0.0153206718999753,10.9310645928893,-0.431744847500563,0.670428275065595,0.864141371679779,-5.76779483337892
SLC7A8,0.0123476781499236,8.30577637954321,0.431713090497071,0.670450986122205,0.864141371679779,-5.76780793130987
TRAPPC9,-0.00899610025005415,8.03298554626015,-0.431342684353197,0.670715906384928,0.864350985046918,-5.7679606326931
MYL6,0.0248109832272034,9.96287993811194,0.430583548713274,0.671258989502056,0.864887105912872,-5.76827318768806
EXOSC7,0.0122247626815615,7.20849049584354,0.430281821554622,0.671474895372164,0.864887105912872,-5.76839726631043
TTI1,-0.00868591998486379,5.59275801303995,-0.430207604901259,0.671528006794035,0.864887105912872,-5.76842777319748
C11orf68,0.00819995495094777,7.70915645197965,0.430188977269348,0.67154133750229,0.864887105912872,-5.76843542930843
PCDHA3,-0.0110015651083977,5.56700077244689,-0.429934183973348,0.671723689327742,0.864990121124569,-5.76854011882608
AP3D1,0.019191865550807,8.30316202096487,0.429600089700581,0.671962827159835,0.865166218116807,-5.76867729937199
ZMIZ2,0.00962920582253003,7.98732772299002,0.429193922416712,0.672253601425473,0.865401704257904,-5.76884393253993
RAB26,0.0201878511356946,7.64425682881882,0.429058509642319,0.672350554846525,0.865401704257904,-5.76889945228375
OPTN,0.0216369597961192,7.70207420594676,0.427860156409302,0.673208811967436,0.866374422955351,-5.76939003267388
SEC62,0.0198316040518304,8.68420195063355,0.426270116025356,0.674348300417645,0.867708716084833,-5.77003888374876
DKC1,0.00877694410279091,6.86529661613704,0.425936875274009,0.674587216348101,0.867761009016525,-5.77017456960131
GCN1,0.013868487877608,7.06846556225216,0.425926957227819,0.674594327601131,0.867761009016525,-5.77017860634329
SUPT3H,0.00698456906343479,6.07124654182936,0.425328028759025,0.675023818014699,0.867879438407672,-5.77042220516569
CDK17,-0.0143974223783037,5.86275979923083,-0.425213472560039,0.675105979000348,0.867879438407672,-5.77046875965281
CCDC51,0.00767283561281885,6.42505299672379,0.424907377770266,0.675325534011592,0.867879438407672,-5.77059309313613
TNF,-0.0107590560878324,5.95760495366538,-0.424867818341764,0.675353911279941,0.867879438407672,-5.77060915547875
TAGLN,0.0453424654460437,6.88522996600574,0.424751929777695,0.675437044780526,0.867879438407672,-5.77065620134866
ICMT,0.0101311295250791,7.51363105048938,0.42457529730589,0.675563761546361,0.867879438407672,-5.77072788246046
SPCS1,0.0209120537970624,9.41688005802475,0.42438185256479,0.675702550828971,0.867879438407672,-5.7708063527761
PMS2P1,-0.0108465863325441,8.06776241650123,-0.424225017094865,0.675815083039864,0.867879438407672,-5.77086994688763
PHACTR4,-0.0137238319176791,7.11455383667918,-0.424109673541986,0.675897849037323,0.867879438407672,-5.7709167020146
FOLR2,0.0141318706817073,8.16910531801275,0.424089626030406,0.675912234772632,0.867879438407672,-5.77092482710822
STN1,-0.00942676301323894,5.23307645836254,-0.424047787023723,0.675942258104181,0.867879438407672,-5.77094178290381
NFIC,-0.0130926740762085,6.63737776842769,-0.423827729588233,0.676100178648451,0.867879438407672,-5.77103093698843
TOR1AIP1,-0.0232394052506286,7.43209508500531,-0.423758115950441,0.676150138901864,0.867879438407672,-5.77105913080771
SDF2,0.0092586157555657,7.24248929419969,0.423715991399792,0.676180371555887,0.867879438407672,-5.77107618922286
DENND1B,0.0116457470990022,6.34068183215474,0.423567765229918,0.676286757459363,0.867879438407672,-5.77113620045667
S100A8,0.0480585800120499,6.84455385321561,0.42350791408356,0.676329716202901,0.867879438407672,-5.77116042610857
OSBP2,0.00986595995545652,6.95214930933313,0.423115362185704,0.676611502209215,0.867893574357249,-5.77131923412246
LIPC,-0.0281730591419179,9.48144810818665,-0.422957524928534,0.676724816438451,0.867893574357249,-5.77138304690949
ZBTB7A,0.0121646287743631,6.151645927126,0.422956369402512,0.676725646040541,0.867893574357249,-5.77138351399654
UBR7,-0.0153045741296287,5.30404226958328,-0.422805000105852,0.676834324247006,0.867893574357249,-5.77144468970877
WASHC5,-0.0117574177036335,6.81908779103332,-0.422777208217742,0.676854278699914,0.867893574357249,-5.77145591943072
LASP1,0.0127810345142936,8.62028982977373,0.422068745688034,0.677363033940428,0.868352058608207,-5.77174193954735
SUN1,-0.0184676435483647,6.04002463075057,-0.421993094534294,0.677417369271633,0.868352058608207,-5.77177245357225
MSX1,-0.00838187397325552,5.3722976103444,-0.421670662757466,0.677648971385506,0.868517186137953,-5.771902446795
WLS,0.0102698341844888,5.09144945826436,0.421456969888968,0.677802484596214,0.868582195152867,-5.77198854655868
ALPK1,-0.012934134024843,6.53870161534379,-0.421297862373469,0.677916793983029,0.868596953624957,-5.77205262532111
FHOD3,0.0101321947352908,5.28613467507656,0.420763126384102,0.678301028692802,0.868957503404212,-5.77226781020322
GPC3,-0.0102925309419998,5.60181430982272,-0.419936613796054,0.678895096395975,0.869586715862663,-5.77259988212964
TMEM176A,-0.0116048565811954,11.7833172837262,-0.419459539307669,0.679238098114957,0.869772236294207,-5.77279126689356
CD244,-0.00917672572271662,5.91065595561827,-0.419437318739962,0.679254075752254,0.869772236294207,-5.77280017576439
MGLL,0.0300923073908454,9.32186039830403,0.419302681977449,0.679350889252422,0.869772236294207,-5.77285414564427
CD8B,0.0105247760736558,6.67207587859442,0.419162549551087,0.679451660565451,0.869772236294207,-5.77291030042662
PSMC2,-0.0155012856106511,8.1687150226725,-0.418880181794584,0.679654734115891,0.869787962224146,-5.77302339670909
MGP,0.0296272968183964,7.36594509307718,0.418859217307624,0.679669812374678,0.869787962224146,-5.77303179059621
SIRAL2,0.0194715498149191,4.76413421023442,0.418495610855807,0.679931350434078,0.869860058378256,-5.77317730792204
IRAG2,-0.0100673523384154,6.88540112824043,-0.418494660877,0.679932033797441,0.869860058378256,-5.77317768794635
RPL14,0.0157971634651951,10.7757563448815,0.418264824544406,0.680097373922861,0.869939874303387,-5.77326960552453
ART1,0.0106104043058363,5.83635370749473,0.417555924495213,0.68060744795413,0.870427126794808,-5.77355280099217
HLA-DPA1,-0.0323384341343158,10.0684296896341,-0.417449115024692,0.680684314066283,0.870427126794808,-5.77359542897001
ZNF609,0.00868068750111783,7.05737957324159,0.416402960411724,0.681437374160182,0.871258255659486,-5.77401238634769
GM2A,-0.00934083738600078,7.86074472017549,-0.416080156742445,0.681669808889027,0.871348932195524,-5.77414083619995
AOX1,0.0203120887614913,10.7423789084329,0.416018051547793,0.681714531449066,0.871348932195524,-5.77416553784397
MMP24,-0.00697456051148579,6.0758276685655,-0.415874137510948,0.681818169977433,0.871349597142969,-5.77422276412061
MAGED2,-0.0132133588013897,7.85485882817135,-0.415602062874288,0.682014119948399,0.871468216174803,-5.7743308993214
ITPR2,-0.0120472452982162,6.68785769573359,-0.415084319463778,0.682387065850615,0.871812928097626,-5.77453648285341
NEK9,-0.0107114812701223,7.82175514516687,-0.414651733310244,0.682698734387573,0.87207926010204,-5.77470805949923
UPK1B,-0.00921961436388544,5.89750876441286,-0.413907232071417,0.683235266811905,0.872271292885099,-5.77500293962867
ATMIN,-0.0072620758161029,6.60711838985887,-0.413831611550928,0.683289773138252,0.872271292885099,-5.77503286209352
FRMD8,-0.0110717782247729,5.95954733027291,-0.413718083096005,0.683371606360979,0.872271292885099,-5.77507777435797
CRTAP,-0.0109776178088041,6.19702673238591,-0.413701379726949,0.683383646768141,0.872271292885099,-5.77508438124945
TRAPPC3,-0.00943121566023647,7.76953735922365,-0.413652717164729,0.683418725038881,0.872271292885099,-5.775103627865
CSHL1,-0.00826322333455734,5.76868903150293,-0.41357271450284,0.683476396328202,0.872271292885099,-5.77513526502563
CCT5,0.0104044142105319,8.48714182260492,0.413440573221622,0.683571656980489,0.872271292885099,-5.77518750731195
MKI67,0.0100142060320344,6.00260542289474,0.413267058080409,0.683696752269584,0.872299193217271,-5.77525608192485
DCLK2,0.00844119113327924,7.20383230900863,0.412787575874723,0.684042482221056,0.872570456008238,-5.77544543023096
ATG12,-0.0104656948330701,5.90982724549918,-0.412685781505794,0.684115890065631,0.872570456008238,-5.77548560121008
ITGB1,-0.0187586822136143,9.29969859437352,-0.412452911016704,0.684283834015497,0.872652942564285,-5.77557746199288
RAMP3,0.0132145592175026,7.76008063455897,0.412036855707738,0.684583930852408,0.87285079620551,-5.77574145719437
COL9A2,-0.010455949762704,6.21622267358002,-0.411876141030413,0.684699867189833,0.87285079620551,-5.77580476205965
NECAP2,0.0120591777671992,6.98097580409597,0.411808218934281,0.684748867224418,0.87285079620551,-5.77583150900746
GTPBP4,0.00996054008977819,5.95899103557897,0.411424819435205,0.685025484191655,0.872942140616325,-5.77598240610169
CAPZB,0.0173808382565466,8.38525268944866,0.411422524390086,0.685027140168858,0.872942140616325,-5.77598330896217
PRRG4,-0.0130884508324995,5.89643303211072,-0.410869273540243,0.685426382716676,0.87319751528844,-5.77620081102164
KDR,0.0181374723999663,6.65174546969987,0.410858420898903,0.685434215255411,0.87319751528844,-5.77620507469534
N4BP1,-0.0108785383930683,9.52768946712665,-0.409700484114144,0.686270126794726,0.874130625778631,-5.77665935726725
PARP1,0.0100301642322479,7.00455739385927,0.409429773947285,0.686465611299067,0.874247839559475,-5.77676538080413
DDX42,-0.00821955621724213,6.90626557307517,-0.409107941476988,0.686698041430392,0.874412063002835,-5.77689133678924
SBNO2,0.0100725493200931,6.66171094752154,0.40873413504778,0.686968047556483,0.874540920107407,-5.77703751173019
ZNF652,0.0206984716067179,5.96332511552883,0.408515855112368,0.687125734356728,0.874540920107407,-5.77712280817716
ARHGEF2,-0.0106576694792662,7.38335463031399,-0.408507628456361,0.687131677630926,0.874540920107407,-5.77712602200181
UBXN1,0.0131489060996532,7.70751682217959,0.408394760660081,0.687213220060731,0.874540920107407,-5.77717010850299
MYL12B,-0.0142059551838815,9.36254791606323,-0.407221129490036,0.68806135279344,0.875393594496656,-5.7776278229681
CAPZA1,-0.0255382286890031,6.88145675328474,-0.407180883481994,0.688090444336899,0.875393594496656,-5.77764349589835
ICA1,0.0126826772310144,6.78017592837897,0.406741198192331,0.688408300049906,0.875482913692802,-5.77781462258839
AUTS2,-0.0165611795410009,8.08249913991966,-0.406480569886947,0.688596740452509,0.875482913692802,-5.7779159740513
CRIP1,0.0154073534588609,6.20237565197658,0.406451571503859,0.688617708250628,0.875482913692802,-5.7779272468096
SUMO3,-0.00973396610023471,7.95449057595332,-0.406162895098459,0.688826454891597,0.875482913692802,-5.77803942305096
CHAD,-0.00845274153516122,6.47209440624076,-0.406154940777201,0.688832207152261,0.875482913692802,-5.7780425128974
VAMP1,-0.0108248958568357,6.25893436702246,-0.406137535941384,0.688844793730752,0.875482913692802,-5.77804927357732
HP,0.011956444641151,13.0649661508437,0.406080688466144,0.688885904514016,0.875482913692802,-5.77807135324886
ADK,0.0154642913382318,8.74836330458178,0.405181206365552,0.689536520560995,0.876177984772994,-5.77842030959522
PFKFB4,0.00715178221456637,6.9180964881759,0.404957013598554,0.689698722766677,0.876188640241129,-5.77850716734096
ECHDC2,0.0195147291127732,10.8869694686243,0.404750894889647,0.689847862011999,0.876188640241129,-5.77858698106647
ADNP,0.0152314027383509,6.4211931350648,0.404739677116115,0.689855979115293,0.876188640241129,-5.77859132369066
TLR4,-0.0116638783785818,5.12406690343137,-0.404344088633211,0.690142248715245,0.876420499195044,-5.77874438824962
TINAGL1,0.0115013143076757,7.06782448771645,0.403857034272058,0.690494773498466,0.876579771318786,-5.77893264150707
FKBP1A,-0.0121537167286153,7.85819497348311,-0.403787561210683,0.690545063245476,0.876579771318786,-5.77895947563238
ABCD4,0.0133743903459879,7.25458639765169,0.403740845727214,0.690578880197534,0.876579771318786,-5.77897751704073
PRKAG1,-0.0137153206084239,8.06653239374995,-0.403522254444049,0.690737125435959,0.876648950125242,-5.77906190920999
HDLBP,0.0137675996174969,8.81781400302813,0.403196460189303,0.690973005295389,0.87673857792289,-5.77918760616178
AR,-0.0324952939324152,7.44759263371608,-0.403138106180885,0.691015257865852,0.87673857792289,-5.77921010958972
TMEM161A,0.0107580699457912,8.67612783610683,0.402698300524091,0.691333742594651,0.876931868259793,-5.77937961164055
HLA-DOA,0.00954461407334052,7.04788096876612,0.402509105821098,0.691470765766557,0.876931868259793,-5.7794524717374
ASAP3,0.0100149143006115,7.34089558954233,0.402497820506488,0.691478939433728,0.876931868259793,-5.77945681672088
PIK3R4,-0.0190776836147734,6.33751812384676,-0.401644826088302,0.692096853405815,0.877578580366633,-5.77978488331505
CHST8,0.0117113403509785,6.64322720608098,0.401265170887522,0.692371948652695,0.877578580366633,-5.77993068085094
TRIB1,0.0210551624939101,8.11527424825181,0.401061753922588,0.692519360971049,0.877578580366633,-5.7800087425162
ITCH,0.0108639785148089,7.24119344188417,0.401005601147335,0.692560055999565,0.877578580366633,-5.7800302844012
IFI6,0.0104309284415181,6.32045886763187,0.400910022339663,0.692629326047507,0.877578580366633,-5.78006694447214
SEC13,0.0190388418013355,8.5214488707604,0.400835249619095,0.692683518960307,0.877578580366633,-5.78009561819989
HAO2,0.0198194006380217,9.38064320201776,0.400790609530181,0.692715873496502,0.877578580366633,-5.7801127342056
AQP9,0.0142580490284707,10.1458721515638,0.400620453070734,0.692839206133823,0.877603251661041,-5.78017795879891
A1CF,-0.0151488571666234,10.8397984710951,-0.400437632291446,0.692971727860738,0.877639553420749,-5.78024800754715
MGST2,-0.0131265749862048,9.14159318994517,-0.399964887392978,0.69331445436096,0.877942025977838,-5.78042899649992
ATP6V1B2,0.0112439706280907,7.51772259548428,0.399543892939248,0.693619720045765,0.878196978481677,-5.780589995987
COMMD4,0.016555629745424,8.04343728507758,0.399034987648018,0.693988801760394,0.878446578691166,-5.78078439233272
KLHL24,0.0130535861762299,7.76562108112736,0.398985390267359,0.694024776253518,0.878446578691166,-5.78080332496902
NR5A2,0.00985345674711107,5.91585869662206,0.39850857396991,0.69437066344435,0.878708318995476,-5.78098522033238
WDR41,-0.0136905562680318,5.73236849111631,-0.398413630017078,0.694439544881869,0.878708318995476,-5.78102141391233
AK2,0.0112904777675347,7.83370786159466,0.398195492516375,0.694597812990019,0.878776990532364,-5.78110453797172
PTPRJ,-0.00921718448593927,5.41935149542486,-0.397866317898405,0.694836670369741,0.878947584524598,-5.78122988937793
NCOA6,-0.00899724430357775,6.82970480561143,-0.397628141815823,0.695009517226578,0.879034638611672,-5.78132052449711
PGRMC1,0.0127220622949682,10.4191282814881,0.397185307060721,0.695330932286359,0.879309544720104,-5.78148889819555
CRELD2,0.019057508840618,8.16389137768565,0.396818289645433,0.695597362757178,0.879514845922214,-5.78162830494091
SENP5,0.00886219441205531,7.16885246091173,0.396033719195792,0.696167044635507,0.879551062564688,-5.78192588860581
CEP63,-0.0123564657981712,5.31829322039708,-0.395874948852828,0.696282351275036,0.879551062564688,-5.78198603893033
MSL2,-0.010269557600795,6.1741072833784,-0.395835925155178,0.696310693311244,0.879551062564688,-5.78200081947031
CBX1,0.0114827185665957,5.62042523066047,0.395825900739316,0.696317973893172,0.879551062564688,-5.78200461606723
C4BPA,-0.014896165916797,11.9497424213484,-0.395797237522776,0.696338791720587,0.879551062564688,-5.78201547130811
CYBRD1,-0.0130285298959507,5.39084156747981,-0.395796773542111,0.696339128707447,0.879551062564688,-5.78201564701901
KRT17,0.00679996931798045,6.92495999806485,0.395775433103926,0.696354628231688,0.879551062564688,-5.78202372848943
USP18,0.0124958359636371,5.86864547904251,0.395277683847608,0.696716181313621,0.879876211642519,-5.78221210096414
OR1F2P,-0.00819108348948416,5.9369061971637,-0.394886748862516,0.697000198998647,0.880103359464819,-5.78235988623943
AMHR2,-0.00919738982325681,6.58563400163072,-0.394217416354577,0.697486580859533,0.880585926828485,-5.78261258022344
RBM28,-0.00776150106677105,5.34855394909259,-0.393674670383244,0.697881074554601,0.880745260023489,-5.78281717419905
ZNF821,0.00921066951898115,5.83988468019691,0.393597528759496,0.697937151895431,0.880745260023489,-5.78284623106218
MICA,0.0110060003919389,5.0360420986578,0.39350058391043,0.698007627508229,0.880745260023489,-5.78288273924367
ACAT2,0.0203219919629532,7.84450639508391,0.393434222678005,0.698055871483886,0.880745260023489,-5.78290772492791
AKAP12,0.012939727517424,6.43885512428436,0.393326847326837,0.69813393510501,0.880745260023489,-5.78294814406712
GLB1L,-0.00803305225312271,6.91600089689637,-0.392471767795157,0.698755714202976,0.881375649604846,-5.78326963294591
CAP1,0.0125770623680221,8.83118549537468,0.392232112027423,0.698930021133801,0.881375649604846,-5.78335961411441
INHBB,-0.0226615897678869,6.86785499636695,-0.392209407038379,0.698946535858234,0.881375649604846,-5.78336813612654
GGCT,-0.00743336719411314,6.99215936788073,-0.391441276275244,0.699505334395671,0.881924259116842,-5.78365615767966
IL1RAP,-0.0154913868730161,7.28550223532308,-0.391324458122872,0.69959033240949,0.881924259116842,-5.78369991163514
ETNPPL,-0.0216670160536987,8.85840221073374,-0.390774425644497,0.699990595684774,0.881935932051492,-5.78390575226478
METTL17,0.0140934006978129,7.74964926034709,0.390713341040756,0.70003505299406,0.881935932051492,-5.78392859459838
LPAR6,-0.0154919122445496,5.26751558564657,-0.39063572908324,0.700091540486974,0.881935932051492,-5.7839576121985
RSRC2,-0.0140125833922416,7.27504584852002,-0.39042561637251,0.700244473551881,0.881935932051492,-5.7840361407843
CSE1L,-0.0165426209107632,6.99965699075645,-0.389996423030431,0.700556907671122,0.881935932051492,-5.78419642046592
WRAP53,0.0109779895928363,7.08720552855149,0.389982364953204,0.700567142262152,0.881935932051492,-5.78420166743629
CFAP69,-0.00891254330443214,6.223319447484,-0.389931908589544,0.700603876091465,0.881935932051492,-5.78422049799833
XDH,0.0114234808403085,7.47733707941012,0.389788689969897,0.700708147876759,0.881935932051492,-5.78427393482641
GPR27,0.0102383839507356,6.38323189354264,0.389604965909895,0.700841918936261,0.881935932051492,-5.78434245650177
SETD1B,0.00911281621573261,8.1375681329793,0.389514411596447,0.700907855974126,0.881935932051492,-5.78437621791724
HPS6,0.00930274336706168,6.69509109871376,0.389461233780085,0.700946578479358,0.881935932051492,-5.78439604063279
UNC45A,-0.00983373141524455,7.14484823106527,-0.389248344383606,0.701101606570482,0.881935932051492,-5.78447537121986
NINJ2,-0.00849716328275048,6.49106101428517,-0.389209424964794,0.701129949509054,0.881935932051492,-5.784489869442
CLTCL1,-0.0109544871501193,6.5934829146524,-0.38914683284616,0.701175532950717,0.881935932051492,-5.78451318320173
RUFY1,-0.0114362977108477,7.18479371603015,-0.389029222202571,0.701261187402297,0.881935932051492,-5.78455697979441
RING1,-0.00788562936695698,8.74298138732724,-0.388993914701036,0.701286902237654,0.881935932051492,-5.78457012528153
IL15RA,-0.010158632883208,6.59190541750208,-0.388874465660021,0.701373900992429,0.881935932051492,-5.78461458915944
RAI1,0.0119090044692314,5.48279657660046,0.388304266726129,0.701789254014367,0.882326915105103,-5.78482665559852
SMCO4,-0.0169713023627151,8.27623013365026,-0.388156618595967,0.70189682173376,0.882330875282695,-5.78488151846568
KLK12,-0.00838230721280694,5.9877023423953,-0.387285708591312,0.702531445913,0.882832857871956,-5.78520471203809
TRIP10,-0.0132153626613873,6.76517016448754,-0.387189388530504,0.702601647159419,0.882832857871956,-5.78524041240257
CSNK1G2,0.0148686622144806,7.16558517511782,0.38717850150866,0.702609582152533,0.882832857871956,-5.78524444705211
BAMBI,0.0140252046736356,6.44064039345094,0.386432453739151,0.703153421106969,0.883384836210807,-5.78552066079352
CEACAM3,-0.00795266042004432,7.34238040079318,-0.386153621420725,0.70335672062971,0.883508887962101,-5.78562375992699
PSMC6,0.0150078430364138,4.94405389215951,0.385893048846723,0.703546727386423,0.883616207850071,-5.78572004124238
SS18L1,0.0176643749855408,7.01411372764926,0.385738541598141,0.703659401828829,0.883626385117195,-5.78577710130612
VKORC1,0.0232146918980542,9.83752043306543,0.385020044906276,0.704183457508135,0.884077362129304,-5.78604214909042
CALHM2,-0.00892221281302166,6.84686549067195,-0.384846806349886,0.704309836496901,0.884077362129304,-5.7861059826422
NAA60,0.0128267945898025,9.16434444231276,0.384815874334497,0.704332402586328,0.884077362129304,-5.78611737724692
DAP3,0.00983823414482497,7.50450710801198,0.384493356845945,0.704567708098662,0.884111055400923,-5.78623613115676
CPS1,-0.0200181138020265,10.7887540925169,-0.384309875486294,0.704701587812327,0.884111055400923,-5.78630364693408
SH3GL1,0.00915463712260474,7.95176374774633,0.38429934544798,0.704709271498827,0.884111055400923,-5.78630752071768
PRDX4,0.0180001672210641,9.8082322154127,0.384097625200206,0.704856471433795,0.884111055400923,-5.78638170925406
RPS23,-0.0138221036581082,11.7551568469105,-0.384062111005347,0.704882388193611,0.884111055400923,-5.78639476667028
OTUB1,0.0117366731228033,8.65705253574506,0.383677289671831,0.705163238150269,0.884332051405428,-5.78653617675039
NINL,-0.010809755189274,6.50617163176697,-0.383118406242833,0.705571198833005,0.884507328959687,-5.78674130076916
RBM22,0.0113469976237332,5.11498627784374,0.383087168698814,0.705594003571723,0.884507328959687,-5.78675275703129
ITPKC,0.00699608076048129,7.29422444873292,0.382965337093232,0.70568294855241,0.884507328959687,-5.7867974295655
COX17,0.0198457295084565,7.94423820556756,0.38290204828475,0.705729155196519,0.884507328959687,-5.78682063043115
DTYMK,0.013109027122053,5.92835791653143,0.382657141226377,0.7059079708316,0.884507328959687,-5.78691037464324
KANK2,0.0110387917261903,8.11947313689532,0.382487841797899,0.706031592761901,0.884507328959687,-5.78697237999833
WDR73,0.00724891851394706,6.89804803024827,0.382482173589759,0.706035731814566,0.884507328959687,-5.78697445549334
SEPHS2,-0.0119504701578953,8.84584544682554,-0.381877469751172,0.706477353763885,0.884904936857751,-5.78719570242813
REX1BD,0.0133914769370955,7.40983442910979,0.38176081907626,0.70656255727565,0.884904936857751,-5.78723834250687
SNCG,0.00903251594978357,5.52400251366699,0.38069466663131,0.707341474972102,0.88574917953679,-5.78762746567265
DERL2,-0.0118287151072409,6.59225221855267,-0.380157094464795,0.707734343426108,0.886082687873613,-5.78782326174806
PARD3,-0.00699526435587663,6.58098529094414,-0.380043280412479,0.70781753173336,0.886082687873613,-5.78786468047531
DUSP12,-0.00883612051992192,6.12632535166822,-0.379656829593827,0.708100022082878,0.886175823907241,-5.78800522486689
VWA5A,-0.0111041839194502,7.09190601618636,-0.379654567052562,0.708101676097242,0.886175823907241,-5.78800604729298
MRM2,0.0103621399356596,6.62710241375934,0.378985031566275,0.708591200124578,0.886657136243549,-5.78824920909075
TOP3A,-0.00857777941235615,7.028768235972,-0.378524968520633,0.708927645522947,0.886715625132884,-5.7884160496672
SERPINC1,-0.0131645486744672,11.662890064751,-0.378406397124686,0.709014367011198,0.886715625132884,-5.78845901689867
ADO,-0.0101118419599961,5.30414165728147,-0.378285719905471,0.70910263283065,0.886715625132884,-5.78850273361125
SNX29,-0.0105461879751418,5.49325406773323,-0.377861430635274,0.709413000104981,0.886715625132884,-5.78865632824435
HSDL2,-0.0176615632533114,8.64008112529463,-0.377705672940302,0.709526949746594,0.886715625132884,-5.78871267062626
KMO,-0.0198216054169336,8.46687048519487,-0.377626992613984,0.709584513569912,0.886715625132884,-5.78874112303774
RPS27,-0.019189391009815,11.5920190189108,-0.377590808879655,0.709610986784205,0.886715625132884,-5.78875420585426
PRPF38B,-0.00674126003175613,5.17523593639972,-0.377570203974173,0.709626062181465,0.886715625132884,-5.78876165534047
BNIP3,0.016796200331295,8.72869838507953,0.377509908005179,0.709670177896773,0.886715625132884,-5.78878345241141
KSR1,0.00814208446466215,7.47191556204813,0.377486492242402,0.709687310387419,0.886715625132884,-5.78879191631553
PIDD1,-0.00903232080081839,7.92904854493208,-0.377061996526976,0.70999792632162,0.886939837209158,-5.78894526563285
TARBP1,0.0073869549796662,6.58194297286413,0.376816792921793,0.710177372572441,0.886939837209158,-5.78903376812363
REEP5,0.0132528140511532,8.51036538229474,0.376412948013964,0.710472954212573,0.886939837209158,-5.78917940613534
ACVR2B,0.00910609375202725,5.76905443132075,0.376352470927008,0.710517222553653,0.886939837209158,-5.78920120265558
CYP2C18,-0.0148508146785758,9.01561415945732,-0.376318755428054,0.710541902260248,0.886939837209158,-5.78921335254573
AHSG,0.0139832677445744,12.4956396954091,0.376283024032746,0.710568057956636,0.886939837209158,-5.78922622772415
ETS1,0.00667497716474022,5.67860833818122,0.376237335757152,0.710601502710769,0.886939837209158,-5.7892426889342
DAAM1,-0.0200248032768705,6.10233910260955,-0.376092294037864,0.710707680189446,0.886941352473906,-5.78929493354165
PPID,-0.00945734360589592,6.50246639910682,-0.375875715399348,0.710866237344948,0.887008225866038,-5.78937290908995
TMED3,0.0139433290598159,5.7490061559837,0.375622185385512,0.711051863671563,0.887108851029781,-5.78946413214602
WNT2B,-0.00817265171219955,6.27984471926164,-0.375421378647926,0.711198900819707,0.887123546176569,-5.78953634171465
ACOT11,0.0116553191531769,6.96442792331337,0.375319351955887,0.711273612467013,0.887123546176569,-5.78957301566631
HDDC2,0.0144713383489703,5.71787451239722,0.374853851297532,0.711614524999695,0.887417759186456,-5.78974021733397
BID,0.0167821931872157,7.02827054010204,0.374567489338339,0.711824274892783,0.887548343344255,-5.78984297318052
TAS2R13,-0.0119454746103636,5.18343023866368,-0.37434168944138,0.711989681767168,0.887584092572663,-5.78992394285818
RCAN1,-0.0171820681613294,7.57479397965216,-0.374233689482661,0.7120688009277,0.887584092572663,-5.78996265359913
VPS26C,0.0088787958912534,6.12408338052877,0.374098197822332,0.712168064809782,0.887584092572663,-5.79001120270559
C1orf159,0.00780410260059622,5.7471602927173,0.373770053484392,0.712408491584502,0.887699989394345,-5.79012871096003
CCDC90B,-0.0148946168800685,7.09093390456795,-0.373684523734767,0.712471163085497,0.887699989394345,-5.79015932240866
ZSWIM1,-0.0096294716846755,6.6745019934344,-0.373440435359216,0.71265002910786,0.887791942497629,-5.79024664467821
TRAK2,0.0140069567016066,5.80308536871667,0.373207810144821,0.712820510823098,0.88787342518502,-5.79032981369187
FICD,-0.0110119101239107,6.08594112730265,-0.372336891804975,0.713458908889326,0.888438066464155,-5.79064073406899
ASCC3,-0.0129346802979236,5.25609913287021,-0.372302519560431,0.713484108760444,0.888438066464155,-5.79065299037616
GABARAP,0.00992121938447084,9.85006121285956,0.371991621917541,0.713712057358759,0.888585457449004,-5.79076379826329
ITGA7,-0.0115438200895639,6.83881067094313,-0.371854243683411,0.71381279114365,0.888585457449004,-5.79081273255597
ACOT13,0.0165647179677512,8.76008965378019,0.371612328371049,0.713990190680739,0.888604726706012,-5.79089885977807
H4C5,-0.00718467406628245,6.02062054087008,-0.371509662052065,0.714065482204049,0.888604726706012,-5.79093539457082
TAFAZZIN,0.00722229367092799,7.38594948410146,0.37120858784836,0.71428629567425,0.888604726706012,-5.7910424773395
PREPL,0.0196772401576712,5.39157574296225,0.371128859288409,0.714344774402425,0.888604726706012,-5.79107081998928
FANCC,0.0100232684458603,6.90987095427198,0.371116183364668,0.714354072013484,0.888604726706012,-5.79107532559167
UPF3A,-0.0132748300956823,6.44040492090131,-0.370898948823458,0.714513417561998,0.888672119281554,-5.79115251709888
DHX35,-0.00768879346990846,5.29152569132933,-0.370538654255379,0.7147777297675,0.888870024508517,-5.79128044493818
DDX54,0.016735413862439,7.19469074674731,0.370216661901076,0.715013974566038,0.889032973084611,-5.79139466932121
NDUFAF3,0.0168392279910233,7.29784822501201,0.369454164683103,0.715573533391628,0.889586539891229,-5.79166476917677
AKAP11,-0.0189637956454239,5.74984988071533,-0.369323089606842,0.715669739429654,0.889586539891229,-5.791711144691
KCNMA1,-0.0197275648435807,7.33912851182562,-0.368925618119058,0.715961503857296,0.889761589535211,-5.79185167442094
NDUFB5,-0.010561221324407,7.93286544331329,-0.368844354766697,0.716021160809401,0.889761589535211,-5.79188038746644
MAPKBP1,0.00695509965694916,6.73736706358408,0.368445154202922,0.716314248482685,0.889994912465621,-5.79202134775275
MED24,0.0110513175825821,5.7858091000493,0.368261469386681,0.716449122489611,0.89003162085228,-5.79208615749366
KHDRBS3,-0.0114477967762482,5.83589418634819,-0.367817061465437,0.716775476616927,0.890191186571223,-5.7922428267013
P2RY2,-0.00752536103433553,6.22705565098041,-0.367799649552513,0.716788264311314,0.890191186571223,-5.79224896120791
CES3,0.0188284669799219,8.44994346283547,0.367236186085568,0.717202130394195,0.890485767948873,-5.79244732421854
WDR11,-0.015389667544781,5.49386418271111,-0.367095858528125,0.717305215408207,0.890485767948873,-5.7924966788298
SRSF7,-0.0136831208591988,7.72995243414226,-0.366998473703621,0.717376757823449,0.890485767948873,-5.79253091911936
HLA-DQB2,0.0116696827655025,5.82938711498639,0.366822129917103,0.717506313128095,0.890485767948873,-5.79259289841219
DUSP6,-0.0204374217138833,7.85118643673992,-0.366759431751064,0.717552377983891,0.890485767948873,-5.79261492776763
PEX2,-0.0135685179344621,5.9593211114484,-0.365505824651144,0.718473644808577,0.891498134894637,-5.79305461045606
TBC1D4,-0.0110427304180283,7.55929507142305,-0.364999783990685,0.718845655152271,0.891509372378289,-5.79323167560484
MAST2,-0.00760887955906031,6.77569837509227,-0.36487993893771,0.718933768442613,0.891509372378289,-5.79327357432168
CDK5RAP1,-0.00877785755069269,7.14573433604842,-0.364828147776982,0.718971847932542,0.891509372378289,-5.79329167669592
QPCTL,0.00965607792951116,5.62694162715714,0.364803642897172,0.718989865425163,0.891509372378289,-5.79330024091351
SUCLG1,0.0118971774909105,9.11148819666609,0.364515702126248,0.71920158973345,0.891509372378289,-5.79340083092381
CDC25B,-0.0112416631831404,7.12784767898185,-0.364512324431797,0.719204073506741,0.891509372378289,-5.79340201043198
CBX3,-0.0127367788684393,6.9729871042626,-0.364329562632676,0.719338471370757,0.891509372378289,-5.79346581571789
KCNA10,0.00994682347595791,5.73808845216755,0.364171996704584,0.71945434838841,0.891509372378289,-5.79352079936267
PCDHB13,-0.00883067404434764,6.36026268345097,-0.36401140715455,0.719572456165103,0.891509372378289,-5.79357681398569
PCDHA5,0.00748004800167326,5.70672718374216,0.36387790130421,0.719670650341897,0.891509372378289,-5.79362336310079
NOSIP,0.0122378039756678,7.14996426701283,0.363779431111614,0.719743078813993,0.891509372378289,-5.79365768563977
USB1,0.0103813214382052,7.46049315388377,0.363657186039048,0.719832998351837,0.891509372378289,-5.79370028234953
HDAC11,-0.00727580770345746,6.9269689742007,-0.363482690093891,0.719961359164791,0.891509372378289,-5.79376106159249
PCSK7,0.00749494843433267,6.95861966285132,0.363415530450801,0.720010764673552,0.891509372378289,-5.79378444651667
ZBTB48,0.0159918853430164,6.5372639936868,0.363082871435168,0.720255501409793,0.891509372378289,-5.79390021523948
PAMR1,0.00972946374063542,7.27429567478804,0.363044902318089,0.720283437191058,0.891509372378289,-5.7939134222306
MBNL2,-0.0176147770804941,7.71356864545223,-0.36292409585924,0.720372323223143,0.891509372378289,-5.79395543389405
KCTD12,-0.0176789990825345,6.47944151626783,-0.362911250787165,0.720381774508752,0.891509372378289,-5.79395990008626
STX12,-0.00829134345427842,7.04756564233831,-0.362508493000469,0.720678143255868,0.891735240689385,-5.79409985865505
DDIT3,-0.0111704583850581,7.39408311271284,-0.362281808378561,0.720844968649131,0.891735240689385,-5.79417856428387
C8A,0.013754248426449,10.2581857845579,0.362142380337236,0.720947585867941,0.891735240689385,-5.79422695003019
ZHX3,0.00711698388825393,6.35310715306276,0.362057461950544,0.721010087338164,0.891735240689385,-5.79425641027702
LHFPL2,-0.0111238823070829,6.94290240596365,-0.361860334211435,0.721155184642664,0.891735240689385,-5.7943247723989
SRSF6,0.0145198788722637,8.14929347062738,0.361556474247458,0.721378864101908,0.891735240689385,-5.79443007636678
RBM15B,-0.00955570276278323,7.24232851021179,-0.36151130759216,0.721412114673502,0.891735240689385,-5.79444572161538
MAP3K14,0.00862705171265295,6.25842293574116,0.361413135705915,0.721484388332949,0.891735240689385,-5.79447972066275
ENGASE,0.00915484898849686,8.97092799385884,0.361372827274655,0.721514063975541,0.891735240689385,-5.79449367770673
BMAL1,0.0174018976228258,7.23331506979806,0.360765614403314,0.721961157241235,0.892157323587078,-5.79470374313638
LINC01565,0.00832790546086907,5.78411151990227,0.360274262942641,0.72232301601329,0.892473970655403,-5.79487347121506
CD248,0.008139020156072,7.13253326506226,0.359988562767998,0.722533452345144,0.89260346086498,-5.79497205603064
EXT1,-0.0143185936391721,7.20404021709857,-0.359297436334585,0.72304260412844,0.89310188640335,-5.7952102197576
AASDHPPT,-0.0136037700064056,5.85288890271166,-0.359074726944828,0.723206701879266,0.893174017959632,-5.79528686972873
YWHAZ,0.014534878055709,7.89128815090995,0.358859382789195,0.723365385750511,0.893239443167005,-5.79536094021978
PRDX1,-0.0146520600367704,10.1755646572419,-0.358439513506817,0.723674817859969,0.893490971787951,-5.7955052337936
NOL3,0.00940133974525987,6.03335646595382,0.358267150744842,0.723801858528776,0.893517268746262,-5.79556442026341
LDLRAP1,-0.00958582291021642,6.9571960056903,-0.357932998503002,0.724048170073727,0.893604310403893,-5.79567908251313
HAUS4,0.00989617946876018,7.26876475347592,0.357884568670196,0.724083871400645,0.893604310403893,-5.79569569214882
RPL36,0.0151409368038968,9.30797314551889,0.357429998097693,0.724419001496832,0.893887348517557,-5.79585148490469
AGPAT4,-0.0112160522254543,5.49659458347141,-0.357211138456955,0.724580375020797,0.893955930635966,-5.79592642392964
PDGFRA,-0.0288654535304699,6.40233695774646,-0.356563161153413,0.725058230364578,0.894244176200142,-5.79614803021662
S100A14,0.0100858762694391,6.81091795347474,0.356359757704559,0.725208255386248,0.894244176200142,-5.79621751171376
TAF12,-0.00825040496690849,5.31076878734752,-0.35630549607109,0.725248279252039,0.894244176200142,-5.79623604057865
SUPT7L,-0.00813861914014008,5.93404877210615,-0.35622146621325,0.725310262017732,0.894244176200142,-5.79626472898456
OSBPL1A,0.00904392768030631,6.09843666139852,0.356119936332912,0.725385155867697,0.894244176200142,-5.79629938311844
IDS,-0.00755906007336125,7.05620819185656,-0.356033424666001,0.725448973710293,0.894244176200142,-5.79632890355105
GOT1,0.0245882609665569,9.20248525848979,0.355856725705042,0.725579327193973,0.894274404140763,-5.79638917666345
MGAT3,0.0103476053007867,7.02287913809766,0.355543449464811,0.725810456791358,0.894428811417089,-5.79649596455843
DLD,-0.0170109423850728,7.97284056785714,-0.355331035780983,0.725967187068796,0.894491503460386,-5.79656831817856
STT3A,0.0105558588054831,6.74135926172661,0.35428467673182,0.726739427090947,0.895312459384531,-5.79692411245545
ASMTL-AS1,0.00923823159657275,5.29434804443954,0.354050966992456,0.726911951721305,0.895328187657276,-5.79700343949107
POLR3K,-0.00891216116496825,5.70086005086047,-0.353980320423567,0.726964105978293,0.895328187657276,-5.79702740856698
SPR,0.00921439430502223,8.15161572164683,0.353495893280951,0.727321767001107,0.89533480310511,-5.79719163858548
ZNF672,-0.00755789847847254,7.24680492709676,-0.353491805455594,0.727324785385755,0.89533480310511,-5.79719302349164
TROAP,-0.00826868489381931,6.61870744933804,-0.353423340161936,0.727375339735669,0.89533480310511,-5.79721621636208
TMEM43,0.00979811843340078,7.39372359180984,0.353265845456379,0.727491637693432,0.89533480310511,-5.79726955144307
RCN1,-0.0146133063489967,7.43108339731159,-0.352866064087484,0.727786876357462,0.89533480310511,-5.79740483076421
MVB12B,0.00791860061843786,6.41860067959203,0.352855839817635,0.727794427553475,0.89533480310511,-5.79740828850328
SDCBP,-0.0180625893540441,8.56039073575278,-0.352791127027984,0.727842222232271,0.89533480310511,-5.7974301713853
LYRM1,-0.0104516643222051,8.30556108203368,-0.352709030598879,0.72790285751628,0.89533480310511,-5.79745792691226
KLK11,-0.00893013324542973,5.93599586572347,-0.352681639726904,0.727923088441669,0.89533480310511,-5.79746718592202
CLDN14,0.0107533777627979,6.92175046111145,0.35239325853887,0.728136099435984,0.895436057423456,-5.79756462511596
ELN,0.0121854820759219,6.4834559350499,0.352173256107595,0.728298618056734,0.895436057423456,-5.7976389073666
SCGN,0.00703415213808789,6.72668269990262,0.352139823513369,0.728323316292475,0.895436057423456,-5.7976501916357
PKP3,-0.00834472740542761,6.18172753951859,-0.351519103985306,0.728781926142033,0.895727737849418,-5.79785950668053
USP34,0.0156141778263498,8.45232060868564,0.35151164024817,0.728787441253799,0.895727737849418,-5.79786202133611
BYSL,-0.00886835167975838,5.97133061284119,-0.351388314983516,0.728878571059479,0.895727737849418,-5.79790356401261
HMGA1,0.00869981827244272,7.49301542420372,0.351209010660659,0.72901107329903,0.895760298004479,-5.79796393782086
LTF,-0.0122151037219515,6.39436154112783,-0.35097682254803,0.729182668505998,0.89584087654488,-5.79804207300634
ERAL1,-0.00667365035943085,6.83540338015464,-0.35066459193099,0.729413440928927,0.895913051852085,-5.79814706342026
GGCX,0.012547092398443,8.26916146717127,0.350132750913822,0.729806589987553,0.895913051852085,-5.79832568747563
POPDC2,-0.00777171375952074,5.12110743304757,-0.350083254125821,0.72984318303061,0.895913051852085,-5.7983422978473
THBS2,-0.0173993034973883,6.91387169693171,-0.350013144346538,0.729895016417584,0.895913051852085,-5.79836582165901
ARHGEF10L,0.0115832430243601,7.93877407844108,0.349763814930791,0.730079360760215,0.895913051852085,-5.79844944104036
PHKB,0.0128813968322181,6.28658946078117,0.349712982222928,0.730116946517996,0.895913051852085,-5.79846648194855
NFX1,-0.00858513482851725,6.5331193278118,-0.349626492407883,0.730180898779229,0.895913051852085,-5.79849547075145
EIF3H,-0.0134434850330341,8.84469925599283,-0.349567704849708,0.73022436860072,0.895913051852085,-5.7985151705444
PARVB,0.0100450271038902,6.28922048714125,0.349501893229067,0.730273033393781,0.895913051852085,-5.79853722023072
ACVRL1,0.00999936512912356,5.58879240046655,0.349362846540993,0.730375856128791,0.895913051852085,-5.79858379329573
ACADSB,-0.0264685604131605,7.40350164180957,-0.349319793783912,0.730407693989232,0.895913051852085,-5.79859820991434
SLC39A6,-0.0171449879413474,5.65387151199267,-0.348691241809356,0.73087257005042,0.896257832143092,-5.79880848668551
TUBA1A,-0.0257812533610719,6.50946585453071,-0.348652923346541,0.730900913763082,0.896257832143092,-5.79882129371341
WHR1,0.0108391498716567,7.85043629880854,0.34814727850051,0.731274970223333,0.89635822571677,-5.79899016323231
MNX1,-0.00836225396640939,6.98125996336976,-0.347986344427892,0.731394037420638,0.89635822571677,-5.79904385940148
PHF20,-0.00768373901044689,6.54761335710821,-0.347960722670382,0.731412994339216,0.89635822571677,-5.79905240592106
ADI1,0.0145247596010865,10.2348252548003,0.347863563474624,0.7314848816787,0.89635822571677,-5.79908480917555
GLOD4,0.0153683467009594,7.12309614193969,0.347807539291529,0.731526334691118,0.89635822571677,-5.79910348956152
KLK2,0.00758528232670154,6.91807108425972,0.347668814883002,0.731628982286294,0.89635822571677,-5.79914973225678
EPAS1,0.0141375228262254,9.15246307329689,0.347029604067557,0.732102025934328,0.89635822571677,-5.79936257284807
PALLD,-0.0260053113024527,6.31478464542588,-0.346993984971135,0.73212838882615,0.89635822571677,-5.79937442170592
CRYL1,0.0143852205643164,8.75680972980547,0.346709382933143,0.732339044570111,0.89635822571677,-5.79946905276331
VOPP1,0.0122596501079178,6.98409583894224,0.346620456558295,0.73240487022882,0.89635822571677,-5.799498605337
MBP,-0.0281270195807366,7.05395308125767,-0.346586338371321,0.732430125976309,0.89635822571677,-5.79950994172115
CCDC28A,-0.0112653151922292,7.96355028669068,-0.346410221239109,0.732560500393936,0.89635822571677,-5.79956844229657
GGA1,0.0109565262591273,9.03500753066534,0.346171160285129,0.732737483570016,0.89635822571677,-5.79964780385431
LDHB,0.0144147384505605,7.74693041377767,0.345976813385994,0.732881374997723,0.89635822571677,-5.79971228172714
COXFA4,0.0134276487593051,9.4120704058358,0.345957511668242,0.732895666240757,0.89635822571677,-5.79971868344678
GYS1,-0.0081140585607413,6.23699006224944,-0.345765266206301,0.733038012712884,0.89635822571677,-5.7997824254417
XRCC3,0.0100925106170048,5.43671994022318,0.345581136743251,0.733174359014565,0.89635822571677,-5.79984344364705
CEBPA-DT,0.00828733979974795,8.10518201466238,0.345524489763432,0.733216307441269,0.89635822571677,-5.79986220929293
ADAT1,-0.00784137958132571,5.5767508331302,-0.345459100276502,0.733264730965467,0.89635822571677,-5.79988386732286
DNAJB5,-0.00736113735189784,6.42683965156178,-0.345351950269792,0.733344082286492,0.89635822571677,-5.79991934834477
ZER1,0.0117176726128168,7.13241664572105,0.345210639525679,0.733448736463998,0.89635822571677,-5.79996612453232
PHKA2,0.0133501899948615,7.85186771660297,0.34519893406432,0.733457405721089,0.89635822571677,-5.79996999838529
POLR2H,0.0109396311066312,7.90889780956183,0.345117311845673,0.733517857493139,0.89635822571677,-5.79999700716822
H2AZ1,0.0156408245884222,7.48087523961088,0.345022238238686,0.733588273990394,0.89635822571677,-5.80002845906184
TSKU,-0.0222251662086662,8.93901804018259,-0.344928112855725,0.733657990555768,0.89635822571677,-5.80005958883751
PSMB2,0.011255241909261,8.68243439399768,0.344816300775098,0.733740810329337,0.89635822571677,-5.80009655717585
PREP,-0.00957104370577144,6.61138752504446,-0.344024817715045,0.734327160979989,0.896824786281086,-5.80035790613232
ABLIM1,0.0160858812186937,7.34822932724117,0.344014246349166,0.734334993642465,0.896824786281086,-5.80036139280006
PPP1R15A,0.0065943664548885,6.91280021650356,0.343746927747541,0.734533068398232,0.896937056064315,-5.80044952515415
GMPS,0.00877582503605623,6.60470621514981,0.343363490550085,0.734817216549405,0.897154382291934,-5.80057582254964
GRP,-0.00739909577167746,6.50322630894446,-0.343189533502382,0.734946141200654,0.897182157345496,-5.80063307500072
SERINC2,-0.00833468259866957,6.05261333724957,-0.342980738664916,0.735100895753575,0.897241451555353,-5.80070175536856
PPP1R12B,-0.0112065692873967,6.8265875779185,-0.342804190672997,0.735231758607607,0.897271571379879,-5.80075979634115
TM9SF4,0.00734574244427509,7.56710360026536,0.341963166368442,0.735855265255784,0.897902814644242,-5.80103588176637
STAT5A,-0.00974483293435617,6.74800584154542,-0.341558327354108,0.73615546575569,0.898061346144538,-5.80116854058057
MLX,-0.0108313189471252,7.95735897841216,-0.341501315939707,0.736197744940025,0.898061346144538,-5.80118720977622
ALB,-0.0068388571403746,13.7155486412465,-0.341186555303218,0.736431184223487,0.898216441496603,-5.80129022719211
GABARAPL2,0.0147548537025451,8.52718758406684,0.340833246270675,0.736693243706478,0.898406394763997,-5.80140574926048
CYP4F11,0.0161313324919361,6.74138354839473,0.340376007949553,0.737032439386762,0.898690348170006,-5.80155507774996
BCAS2,-0.0152974766710404,6.39737003524724,-0.339939235295711,0.737356504321183,0.898920640359014,-5.80169753746502
RAB11A,-0.0109181494168261,8.30828002673133,-0.33973459539866,0.737508354845683,0.898920640359014,-5.80176422155766
TSPYL1,-0.0151602302447305,6.94870114404018,-0.339691345033665,0.737540449657875,0.898920640359014,-5.80177831007222
C11orf58,0.0169004562503081,7.94632132939055,0.339321133869437,0.737815192488672,0.89905628523519,-5.80189883135983
CDCA4,0.00722144785881984,7.44788014031905,0.339254648068641,0.73786453705397,0.89905628523519,-5.8019204618881
AAK1,0.00673568078681197,7.133138518732,0.338707425026259,0.738270720226615,0.899359509949258,-5.80209833666645
REEP2,-0.0072439825244078,7.60885122732469,-0.338552331478532,0.738385854645196,0.899359509949258,-5.80214869820725
FNBP1,-0.00866915161696911,6.13543521363777,-0.33847524746945,0.738443080664602,0.899359509949258,-5.80217372023202
DDX3X,-0.024775596029347,8.11542278795034,-0.337858452335548,0.738901036231691,0.899359509949258,-5.80237373363445
CSRNP3,0.00661318708380047,5.26466205945151,0.337756329000231,0.738976869963523,0.899359509949258,-5.80240681525616
AKR1A1,0.0132789467853376,9.73768223556278,0.337734765205946,0.738992882940525,0.899359509949258,-5.80241379932346
UBTD1,0.0105717077547844,5.6293784418968,0.337657934448105,0.739049937393037,0.899359509949258,-5.80243867963663
FAM168B,0.00989480180435792,8.15324317374893,0.337460138862488,0.739196827321094,0.899359509949258,-5.80250270658467
MIA2,-0.00764336725017261,7.77890507714485,-0.337227755095347,0.739369416708117,0.899359509949258,-5.80257788245721
PFAS,-0.00756565981232364,5.34738568136381,-0.337212308130833,0.739380889533373,0.899359509949258,-5.80258287771819
ATF3,0.0185247276798824,5.90969009551829,0.337132424994935,0.739440221619029,0.899359509949258,-5.80260870683039
NOC4L,0.00748257458686795,6.43846601192199,0.336953044333061,0.739573460177462,0.899359509949258,-5.80266668506386
TUBA1C,0.0143964399242794,10.4425788579693,0.336730492559969,0.739738776612913,0.899359509949258,-5.80273857439838
UBR4,0.0101775557420152,8.14895935524628,0.336717771983081,0.739748226132442,0.899359509949258,-5.80274268201893
DOK1,0.00699747513074359,6.56054303648039,0.336512452479391,0.73990075419355,0.899359509949258,-5.80280896083652
JPT2,0.00766113241982488,7.64093802205044,0.336378647442661,0.740000161396192,0.899359509949258,-5.80285213269869
HDAC6,0.0113631807948576,8.81112832548696,0.336031604426071,0.7402580103215,0.899359509949258,-5.80296402619613
GEM,-0.0183231079458608,5.97535593989214,-0.335924382240129,0.740337681502061,0.899359509949258,-5.80299857365985
ATP8B2,-0.0110447727488742,6.08836667957538,-0.335905803945719,0.740351486362113,0.899359509949258,-5.80300455856126
RALGAPA1,-0.00599668546535282,5.76681571855257,-0.335836147121318,0.740403246634263,0.899359509949258,-5.80302699523447
CAB39L,0.00828786360370637,6.427237660051,0.335700967572175,0.740503698834209,0.899359509949258,-5.80307052385438
CPM,-0.00835939305874983,6.19523287476577,-0.335427844345443,0.740706671769777,0.899359509949258,-5.80315841831763
AKAP7,0.00888659623894757,7.59257576476856,0.335279293069666,0.740817076561405,0.899359509949258,-5.80320619428953
CYP1B1,-0.0106643192219221,6.06313163942896,-0.33521629825553,0.740863896668279,0.899359509949258,-5.80322644790477
NAP1L4,0.0140611605816637,7.51330930966177,0.334853996764571,0.741133192730668,0.899359509949258,-5.80334285931676
DNAJC11,0.00825287462525152,7.13493216279886,0.334810587092854,0.741165461110651,0.899359509949258,-5.80335679897074
PLXNA1,0.0145161025215749,6.56725985024495,0.334767445971443,0.74119753034964,0.899359509949258,-5.80337065061874
CAPZA2,0.0130551021739425,6.68886853481122,0.334644737528871,0.741288749126009,0.899359509949258,-5.80341003990746
NOVA2,0.009465106851694,6.9498592737516,0.334630032997641,0.741299680415566,0.899359509949258,-5.80341475908988
HGSNAT,-0.00987557460592109,7.31546628747368,-0.334451130362842,0.741432680409879,0.899359509949258,-5.80347215859403
PSEN1,-0.0132857677006656,5.32809325374926,-0.334433648808531,0.741445677011533,0.899359509949258,-5.80347776578635
CLDN10,0.00931529985743981,6.10889505117506,0.334334681884699,0.74151925512621,0.899359509949258,-5.80350950387365
PCTP,-0.0147798697575337,8.1232223596297,-0.334032109645889,0.741744221735858,0.899503253970724,-5.8036064793617
COQ7,-0.00658462027262812,6.98466316930751,-0.333568455953473,0.742089000627057,0.899792230635476,-5.80375491366186
MIS18A,-0.00813329144284732,5.57695280244818,-0.333362661307012,0.742242050019551,0.899817118380546,-5.80382073155621
UBIAD1,-0.0087410934620224,5.01546887573085,-0.33325449068767,0.742322500855714,0.899817118380546,-5.80385531092894
GTPBP2,0.00786770236828136,6.8363395566894,0.332756131472709,0.742693189689744,0.900137328295802,-5.80401448031949
FYN,-0.0131892071526746,7.44834334812327,-0.332297728082934,0.743034215262199,0.900421499923359,-5.80416068045782
SLC29A3,0.00730448714109009,7.11986285036772,0.33209138998986,0.743187736542934,0.900464543096894,-5.80422642354488
RIOK3,-0.015253926061966,8.8389182661394,-0.331963544705305,0.74328286249714,0.900464543096894,-5.80426713713654
PGK1,0.0127376471153398,9.08495764000123,0.330865431144094,0.744100110117406,0.901247285604755,-5.80461620404215
IL17RB,0.0173626594082283,7.23593330753685,0.330808772653677,0.744142285404069,0.901247285604755,-5.80463418355171
RPL22,-0.016672888146334,11.1534833682665,-0.330136066405751,0.744643095559927,0.901492882079534,-5.80484742164837
PDHA1,0.0121024963126506,8.37757700799752,0.330030923856075,0.744721381608474,0.901492882079534,-5.80488071153182
DAG1,-0.0123182113715876,7.81834821093402,-0.330002673948726,0.744742416141234,0.901492882079534,-5.8048896541366
COL6A3,0.0214933312670185,7.32618588637328,0.329792896588338,0.74489862017631,0.901492882079534,-5.80495603620259
AK4,0.0198229255360443,9.016371575998,0.329585454198449,0.74505309663627,0.901492882079534,-5.80502163835261
FAM193B,0.00951265200911587,8.00400184695748,0.329555213376697,0.745075617038247,0.901492882079534,-5.80503119838492
TGIF1,-0.0131839765536559,6.14736587769924,-0.329533390862389,0.745091868454848,0.901492882079534,-5.80503809659861
DMWD,-0.00839136162761179,8.28024669074964,-0.329054832416448,0.745448285740255,0.901794991339321,-5.80518925794363
ISG20L2,0.00692466033069463,6.54689108326383,0.328601349589295,0.74578608142375,0.901931056351076,-5.80533229828221
CCDC57,-0.00728104092352677,5.84203999667434,-0.328513020363548,0.745851883261125,0.901931056351076,-5.80536013693514
MAOB,0.0096606392494413,10.2310235076596,0.328360750786847,0.745965322849394,0.901931056351076,-5.80540811024547
MEP1B,-0.014259935263067,5.42771361811225,-0.328240507229413,0.746054907496936,0.901931056351076,-5.80544597805536
CHRM4,-0.00749360753361374,6.63297850712092,-0.32818743646883,0.746094447798109,0.901931056351076,-5.80546268705029
OAT,0.0393015432673177,7.99125105868623,0.327808268237714,0.74637696749338,0.902035665099689,-5.80558198805967
WNT6,-0.011024186796323,7.92596449991015,-0.327784764128096,0.746394481701423,0.902035665099689,-5.80558937887442
ADRB2,-0.00935392332696465,6.40810389810623,-0.327486242749756,0.746616938685265,0.90217548003582,-5.80568320266484
ZNF710,0.00672105734492147,7.15439732191508,0.327048805031437,0.746942956571456,0.902440375039863,-5.80582053449186
ACSM1,-0.00773647628149386,5.33798527559159,-0.32660046861152,0.74727714764622,0.902630355648478,-5.80596109957542
COG5,-0.00939608788264433,5.15289474130601,-0.326551244703301,0.747313842380681,0.902630355648478,-5.80597652092967
PARP8,-0.00746397833594991,5.61492354389334,-0.32606609023204,0.747675541300463,0.902916691809413,-5.80612839196758
LIG1,-0.00818847294837772,5.46134728348033,-0.325946624082099,0.747764616483109,0.902916691809413,-5.80616575496728
DUS1L,0.0132356860970449,7.91692167265995,0.325133984466816,0.748370624860207,0.903519328485319,-5.80641954844539
IRF4,-0.00700114915444892,6.13220928217274,-0.32446629243876,0.748868666769188,0.903783265179728,-5.80662760483087
ALDH6A1,-0.0160743542410273,10.1305908812528,-0.32433159466813,0.748969153593824,0.903783265179728,-5.80666952609964
IFI44,-0.0103978176389147,5.48582082931943,-0.324166847177064,0.749092064247328,0.903783265179728,-5.80672077617863
MPHOSPH9,-0.0103393148027228,5.48268664219295,-0.323950114952209,0.749253768791355,0.903783265179728,-5.80678815857969
BTK,-0.00876082076138153,5.85539868314456,-0.32391849526401,0.749277361323178,0.903783265179728,-5.80679798546658
CARM1,0.0097381495316492,6.96133856541183,0.32385491050619,0.749324804850977,0.903783265179728,-5.80681774370733
FKBP4,-0.0103785950336019,8.26846035866115,-0.323752702486686,0.749401069116304,0.903783265179728,-5.8068494956482
BLCAP,0.00891790440826039,8.1469387394577,0.323445072364034,0.749630628491044,0.903783265179728,-5.80694500419778
FGB,0.00793921250641758,12.6838480375441,0.323410544001989,0.749656395691303,0.903783265179728,-5.80695571845885
SLC4A4,0.0209615750286176,7.12924047637908,0.323320967225399,0.749723244824406,0.903783265179728,-5.80698350914434
GZMA,0.00689895472403809,5.76442988818483,0.323253657674939,0.749773477756946,0.903783265179728,-5.80700438653932
NR1I3,-0.0128827039066512,8.71084215898776,-0.322985174995674,0.749973856987372,0.903783265179728,-5.80708761900372
ARFGEF1,0.0123135018348012,6.37295225603497,0.322693988297046,0.75019120162004,0.903783265179728,-5.80717781262933
APBB1,0.00734044402374592,7.55288566564386,0.322593386113611,0.750266297039058,0.903783265179728,-5.80720895495143
MRPL19,-0.0142324953184878,5.16830730394842,-0.322557814820688,0.750292850164257,0.903783265179728,-5.80721996407073
HOXA3,0.00767858364907941,6.40560930009338,0.322402495083082,0.750408796383011,0.903783265179728,-5.80726802060587
CTR9,-0.0146583963108428,5.73275341735372,-0.322267219738429,0.750509784394136,0.903783265179728,-5.80730985667445
SEPTIN11,-0.0130066604539071,7.11695209928383,-0.322260959240148,0.750514458197178,0.903783265179728,-5.80731179241343
COMT,0.0213387552594932,9.28894107994681,0.321610705742968,0.750999961411495,0.90413104714425,-5.80751264748604
BAIAP3,-0.00740250172320088,7.20776077428271,-0.321483190200174,0.751095181645442,0.90413104714425,-5.80755198835971
SMPD3,0.00727610437407863,7.22675861897062,0.321310185344185,0.751224376823125,0.90413104714425,-5.80760533884477
MUL1,0.00881225855951029,7.43400858972341,0.321286239561645,0.751242259452906,0.90413104714425,-5.80761272090298
UBXN4,0.0137044849731327,6.76942942833051,0.321157706364843,0.751338250064725,0.90413104714425,-5.80765233609733
UIMC1,0.00556093953018459,6.47781621129622,0.320138242118418,0.752099748325697,0.904683080273679,-5.80796598957825
CRNN,-0.00698745004977866,6.19039658899968,-0.320097274002544,0.752130355265477,0.904683080273679,-5.80797857341583
ELMO2,0.008907361559406,6.36369939341525,0.320003204090034,0.752200635702297,0.904683080273679,-5.80800746206441
BCKDHB,-0.00698415847922571,7.16449453854948,-0.319970265124285,0.75222524520744,0.904683080273679,-5.80801757555763
ZNF292,-0.0195039799696542,5.56364836943914,-0.319644793817992,0.752468427309299,0.904777374476236,-5.80811745204353
PPT1,-0.0138599982062821,7.4791524216582,-0.31957872197254,0.752517797375028,0.904777374476236,-5.80813771505058
PSMD14,-0.0137488065801763,7.46725481221285,-0.319163936584786,0.752827757285195,0.905021276007952,-5.80826482735112
RNF115,0.0122486488431194,5.72443276774003,0.318714572404672,0.75316360548494,0.905296225654017,-5.8084023521138
CSH2,-0.00883694131314523,6.00217471318309,-0.31854786714292,0.7532882113224,0.905317221686001,-5.8084533223424
MTX1,-0.00819353013447767,7.96843555910922,-0.317880476438643,0.753787129598178,0.90555191048687,-5.80865711318171
ABHD4,0.00654645485388026,7.65627896162722,0.317836394390319,0.753820087708963,0.90555191048687,-5.80867055895071
HSD11B1,0.0120716164243084,10.5550837935183,0.31778425249919,0.753859072413938,0.90555191048687,-5.808686460726
TRAPPC2L,0.013404595029005,7.31162605283491,0.31771325927907,0.753912152695282,0.90555191048687,-5.80870810746386
PRAF2,-0.00656959847665053,7.00912319608793,-0.3173742454828,0.75416564409216,0.905661726092443,-5.80881141110537
HES1,-0.0183204502979181,6.90998523191424,-0.316984118524823,0.754457389649889,0.905661726092443,-5.8089301548079
PTEN,-0.0082879610999963,6.71067380154647,-0.31697337394003,0.754465425220755,0.905661726092443,-5.80893342311324
GNPDA1,0.009182807890412,7.5273902268602,0.316908853379288,0.754513678922696,0.905661726092443,-5.80895304677721
CYB561,0.0086874014154542,8.28134739619002,0.316874363630791,0.754539473572876,0.905661726092443,-5.80896353507154
PGLYRP1,0.0109046400613145,5.8295810393464,0.316487586894034,0.754828761427061,0.905668750104199,-5.80908107609116
HYOU1,0.0164383147703128,8.39555410926437,0.316367834326702,0.754918337295541,0.905668750104199,-5.80911743996361
NRGN,-0.00924405965603567,6.52363473743498,-0.316291036079625,0.754975784856484,0.905668750104199,-5.80914075322924
CALB2,0.00774163906196917,5.31264660157116,0.316273644789187,0.754988794303807,0.905668750104199,-5.80914603183987
FN1,0.00865141113046695,12.2407717797833,0.315858387061289,0.755299447452456,0.905668750104199,-5.80927198570908
IST1,0.00917910712247667,7.90016027044401,0.315789844666281,0.755350727917534,0.905668750104199,-5.80929275989581
AVEN,0.00900021092203071,6.56676139783842,0.315787034262215,0.755352830565424,0.905668750104199,-5.80929361159252
SERPINA4,0.01919778936037,10.1328432848277,0.315720294683398,0.75540276340052,0.905668750104199,-5.80931383490721
TBCA,-0.00946582570408005,8.90096369869853,-0.315335745115043,0.755690494875092,0.905802430513965,-5.80943027806625
DDRGK1,-0.0112313787053683,8.14421418963938,-0.315284748175847,0.755728655044195,0.905802430513965,-5.80944570959813
ATF7IP,-0.00946639437982002,6.60964334152489,-0.315026812416762,0.755921673929945,0.905905282188063,-5.80952372240297
RSRP1,0.00983235992097032,6.93192547659417,0.314520757031624,0.756300413630265,0.906169048976296,-5.80967659552717
PTH1R,0.0142568211359636,7.42182108841394,0.314209796036846,0.756533172879147,0.906169048976296,-5.80977041238207
KDM1A,0.00633554242454924,6.80705775134811,0.314135967088144,0.756588438508812,0.906169048976296,-5.80979267306658
LMO1,0.00613719578453705,5.63643653066244,0.314034529169597,0.756664373377299,0.906169048976296,-5.80982324988229
TUBB4B,0.0178847064130562,8.53192406331476,0.314016372256126,0.756677965630384,0.906169048976296,-5.80982872195821
TSN,-0.00931453781357607,7.71498489276231,-0.313797381700022,0.756841908181484,0.906172560843022,-5.80989469600934
ABLIM3,-0.0161900597159507,6.69473158295432,-0.313598284126098,0.756990968486307,0.906172560843022,-5.80995463748189
RNF220,-0.00656433333051408,7.59133214976105,-0.31339377598872,0.757144089683515,0.906172560843022,-5.81001616868969
NUP85,0.0112706895521855,5.80814362100811,0.31326305690521,0.757241968234094,0.906172560843022,-5.81005547786838
ILRUN,-0.0109637611308612,7.88896158097041,-0.313073910063474,0.757383603152966,0.906172560843022,-5.81011232841108
NFIL3,0.0216327605408885,6.6252812764706,0.312973698253114,0.757458646239039,0.906172560843022,-5.81014243460163
R3HDM4,0.00966951275383714,8.92621485763887,0.31288957567768,0.757521642883012,0.906172560843022,-5.81016769980963
ADGRG1,-0.00744411709865932,6.78617807030705,-0.312866647969557,0.757538812993504,0.906172560843022,-5.81017458470642
SPTLC1,-0.0109341825911443,6.16409239292815,-0.312723400288653,0.757646091279802,0.906172607404718,-5.81021758884239
LONP2,-0.01172672040959,8.49408815397547,-0.312290589928176,0.757970253720364,0.906305798339397,-5.81034740366347
SKP1,-0.0111843112263974,9.78870326513392,-0.312288309576313,0.757971961759115,0.906305798339397,-5.81034808714874
MTMR3,0.00698636053482891,6.64619135447679,0.311882537455146,0.758275915106198,0.906540956797874,-5.81046962976187
PGS1,0.00718485196676601,6.61872148228103,0.311648656722358,0.75845112732738,0.906622156728867,-5.81053961397043
MRPS27,0.00832713561735849,7.12156230568749,0.310874089755778,0.759031490858328,0.907041976366221,-5.81077101685361
NHP2,0.0110306417090989,8.39456550590185,0.310858865869575,0.759042899195976,0.907041976366221,-5.81077555929759
SEMA4F,-0.00731661702123433,6.51701568763719,-0.310599080123894,0.759237583763746,0.907041976366221,-5.81085303921889
BAIAP2,0.0103352124372326,7.4364186375832,0.310349228829405,0.759424838880039,0.907041976366221,-5.81092749574374
LTA,0.00655765331687409,6.73668324801364,0.310207457693387,0.75953109830462,0.907041976366221,-5.81096971764199
SLC20A2,-0.0059446886363212,5.79608847346349,-0.31008195683311,0.759625167003308,0.907041976366221,-5.81100707803493
ZCWPW1,-0.00612574062928943,7.34694032134374,-0.310063135854009,0.759639274527075,0.907041976366221,-5.81101267956801
OCRL,-0.010259970788124,5.97292146293059,-0.310034054550077,0.759661072987426,0.907041976366221,-5.81102133413528
E2F1,0.0070393717261736,7.43497323389761,0.309888531396035,0.759770155796271,0.907044054320217,-5.81106462961032
MAZ,-0.00780848283901029,8.19733982822779,-0.309705915914148,0.759907049935406,0.907079329277325,-5.8111189321792
H2BC12,-0.0136325499688403,8.56626911669588,-0.308836806090193,0.760558671876387,0.90769812186229,-5.81137693652938
MYCL,-0.00951408076577265,6.87980410429481,-0.308727971782205,0.760640284130991,0.90769812186229,-5.81140919456287
RAD54L2,-0.00836406288391364,7.40611617152909,-0.307987718040951,0.761195458678443,0.908089592245029,-5.81162830401725
CTSF,0.0134687406911078,8.02003103993858,0.307775209916046,0.761354859673721,0.908089592245029,-5.81169110859069
CELF3,-0.00678994088056682,7.73347083120292,-0.307769505915234,0.761359138358532,0.908089592245029,-5.81169279375754
UXT,0.0107478114832446,8.73865204436589,0.307717437104621,0.761398196574679,0.908089592245029,-5.81170817532616
PSMC1,0.00892081829727913,8.62807364054959,0.307508440498168,0.761554977126527,0.9081483991983,-5.81176988877001
TCF7,0.0148267353484781,8.03947285610739,0.306866378585928,0.762036691006306,0.908429199716958,-5.81195921998429
PGBD5,0.00832131187007746,5.90373205478453,0.306833586080198,0.762061296598951,0.908429199716958,-5.81196887932141
RPS6,-0.0137652888426405,11.3617842646189,-0.306764720685398,0.762112970034736,0.908429199716958,-5.81198916093605
DPP8,-0.00839359212074256,7.11599116727135,-0.306461288114899,0.762340665497507,0.908572443364447,-5.81207847147147
PCBP3,-0.00791714252212692,6.77067813180793,-0.305313740069026,0.763201983988225,0.909365070423247,-5.81241544257468
BTN3A2,0.0199261300230673,5.66330398484402,0.305288467896091,0.763220956146943,0.909365070423247,-5.81242284952029
DYNC1LI2,0.0130973223819474,7.98609674514801,0.304887994378975,0.763521617370025,0.909534745183268,-5.81254014206518
INPP1,0.0078748823443825,7.43552639805551,0.30479496203806,0.763591468218878,0.909534745183268,-5.81256736798657
EIF4EBP1,-0.00883871611678678,7.82564079731386,-0.304668697064626,0.763686274210093,0.909534745183268,-5.8126043062786
E2F4,-0.00858676779551213,9.05946319263187,-0.304213844790351,0.764027831363371,0.90970135830919,-5.81273724577328
MRPL46,0.00969526986137321,7.30778853242623,0.304195664897003,0.764041484014239,0.90970135830919,-5.81274255511568
ZBTB5,-0.00758051489922579,6.83120012790389,-0.303863905625621,0.764290640872815,0.90973237448396,-5.81283938848134
LRRFIP1,0.0178850327634532,9.28740330266841,0.303813760668835,0.764328302870811,0.90973237448396,-5.81285401560757
ABCA6,0.0191063123642873,7.24670053312498,0.303729132047484,0.764391865615628,0.90973237448396,-5.81287869608832
CHST11,-0.00492505018512849,5.42587569155887,-0.303587592866628,0.764498176474627,0.90973237448396,-5.81291995833648
AIRE,0.00487649573176031,6.86667757130107,0.303384129576669,0.76465100722862,0.90978611814726,-5.81297923965745
SON,0.00933294869693549,8.14455466225052,0.302790021497676,0.765097325828154,0.910188991024624,-5.81315211447146
BTG2,-0.0125919528459654,7.10311091540354,-0.302130132784287,0.765593159829393,0.910438409470304,-5.81334373686048
B4GALT1,0.0142791787077351,7.21618830263994,0.302056495727627,0.765648496407814,0.910438409470304,-5.81336509434377
UNC119B,0.00976427134321192,6.77020464249171,0.301950180604745,0.76572839207905,0.910438409470304,-5.81339592058456
AGRP,0.0103116978760952,5.78823814136367,0.301860093129203,0.765796094791248,0.910438409470304,-5.81342203318041
EBI3,0.0102470825351329,6.51005398266932,0.301794080619015,0.765845705859754,0.910438409470304,-5.81344116255006
GNMT,0.0208377604978512,9.42855262790772,0.3013290098397,0.766195254574421,0.910601521231592,-5.81357581518582
DNMT1,0.0105530826977679,5.28443904263572,0.301313854449041,0.76620664627643,0.910601521231592,-5.8135801996881
CALU,-0.00992947621418295,7.58012375961757,-0.301181408057217,0.766306203251816,0.910601521231592,-5.81361850755113
SORD,0.0103461980993694,10.659254299896,0.300426559001678,0.766873685430401,0.910987311173925,-5.81383651630341
ATP5PO,-0.0152239059284965,9.17548779766602,-0.300314462230081,0.766957969269578,0.910987311173925,-5.81386884487845
FPR3,0.00767646247187579,5.96590290346559,0.300298128005255,0.766970250969427,0.910987311173925,-5.8138735546518
WAPL,-0.012153822822048,5.37065232580655,-0.300175978798533,0.76706209692337,0.910987311173925,-5.81390876683309
SERPINA3,-0.010990637829098,12.4073784236053,-0.299887181776626,0.767279262033521,0.911117167535589,-5.81399196245567
ALPP,0.00722890607295645,5.98701707023169,0.299472299128699,0.76759127342708,0.911359598209755,-5.81411134154279
LRIG1,-0.0135604921275127,5.56268603034699,-0.299027753437316,0.767925637757846,0.911628496635825,-5.814239074233
CDR2L,0.00763556625323789,5.09169647410319,0.298789847512502,0.768104597388852,0.911712859662284,-5.81430735526287
WWP2,-0.00731001736131994,6.38070972780849,-0.298583299562338,0.768259979428813,0.911769217159196,-5.81436659262573
GYG2,-0.00997226721018014,6.30186193805635,-0.298392500088794,0.768403523084725,0.911811511032991,-5.81442127731255
BGN,-0.0160651852662844,8.86471094665408,-0.298124107829507,0.768605456356935,0.911923070235341,-5.81449814210796
NSL1,0.00993093655331371,7.34957843788097,0.297930944664142,0.768750799120301,0.911967464911771,-5.81455341965585
SAMD4B,-0.00540364190332373,6.41669285172065,-0.297778502394237,0.768865508215653,0.911975511569661,-5.81459701903658
EIF1B,0.0109298109518635,6.75725945010919,0.297215509248683,0.769289193948866,0.912349991420059,-5.8147578467823
EIF4G2,0.0133466106648966,8.74599379969857,0.296340495983379,0.769947840239013,0.913002982040367,-5.81500720939337
PACRG,0.00681229234481917,6.56097280031707,0.295953638004073,0.770239095655907,0.913220199002724,-5.81511722454619
TNFSF8,-0.0084765112652751,6.77111143297401,-0.295443882807412,0.770622930394875,0.913547104634778,-5.81526197192792
MAP4K1,-0.00729078690895103,6.48273725229885,-0.294949981003786,0.770994885453961,0.913859837576935,-5.81540198183032
SGCE,-0.0201401225505028,6.39265252638505,-0.294711369353987,0.771174603012067,0.913879265463227,-5.81546953963561
WDR6,0.0102780993426382,7.67078590985834,0.294618951596238,0.771244213779136,0.913879265463227,-5.81549569119926
MLLT3,0.00600440498391487,5.60246133146516,0.294497454931001,0.771335730329436,0.913879265463227,-5.81553005889049
CAVIN1,0.0118677947717552,7.46862354606919,0.293553320813659,0.772047009476594,0.914563257379933,-5.8157966468531
SH3YL1,0.0207597887670926,5.11406739189175,0.293443842164009,0.772129500372596,0.914563257379933,-5.81582750462058
SMTN,0.00670384261943491,6.39378895186617,0.293279951262165,0.772252995443671,0.914581333076246,-5.81587367776375
TNFRSF8,-0.00750812525424282,5.52450909675703,-0.293127454680002,0.772367910234906,0.914589243481636,-5.81591661781546
NPR2,0.00618233386310141,6.45756809419393,0.292947152797761,0.772503784811823,0.914621967445692,-5.81596735874198
KDM6B,0.00928976749734446,7.65354624458429,0.292758854010415,0.772645693816797,0.914661825826834,-5.81602031714577
SUGP1,0.00613418564043136,7.9640484788698,0.292173726141697,0.773086720170693,0.914807522934775,-5.81618466704119
HTATIP2,0.0117580656718807,7.66534815945409,0.292144102902244,0.773109050085502,0.914807522934775,-5.8161929789088
MIPEP,-0.00865920808806816,5.39797569392562,-0.292131365975608,0.773118651207121,0.914807522934775,-5.8161965524559
ACTG1,0.0163029664775763,11.235862891224,0.291939083028223,0.773263599022523,0.914807522934775,-5.81625048173055
KAT2B,-0.012542864934095,5.77277863946435,-0.291877431526522,0.773310075304509,0.914807522934775,-5.81626776557298
ATP6V0E2,0.0149775055443704,8.31916030755867,0.291624178504332,0.77350100047867,0.91482654768344,-5.8163387264624
NUP37,-0.00676952898016373,5.33204312850161,-0.291568889391559,0.773542684402151,0.91482654768344,-5.81635421022051
ILF3,0.00730112071898927,8.0910799195753,0.291086944881649,0.773906064814886,0.915038106844889,-5.81648905592127
VNN1,-0.0170434939028508,8.81905533331928,-0.291044397112947,0.773938147884074,0.915038106844889,-5.81650094995644
NKIRAS2,-0.0066797103204723,6.78961205718497,-0.290279763140944,0.774514789449475,0.915463500276838,-5.81671440614506
HINFP,-0.00586299722740342,5.71318726787952,-0.290231075263965,0.774551511487783,0.915463500276838,-5.81672797906666
CHRND,-0.00530683413979182,5.83803224060779,-0.290049596220505,0.774688393875195,0.915463500276838,-5.81677855085097
HBP1,-0.0102338896325391,8.10229242258076,-0.289992712357278,0.774731300648481,0.915463500276838,-5.81679439591582
ARRB1,-0.00665394483186411,7.40866387587436,-0.289842147717789,0.77484487320531,0.915469683806609,-5.81683632100017
MFGE8,0.00727940805989716,7.80764152619659,0.289199991764831,0.775329316566753,0.915822953199557,-5.8170148885521
NRN1,0.00823053274696848,5.43819930237678,0.289158475272006,0.775360639904099,0.915822953199557,-5.817026419742
BCAN,-0.0063871843266089,7.57562217676118,-0.287867021708027,0.776335210852163,0.916689200328184,-5.81738430097382
SLC9A8,-0.0083367911129058,5.58507943674547,-0.287794274804572,0.776390119199252,0.916689200328184,-5.81740441299086
FIBP,0.0117337502314647,7.19794726876449,0.287694119579342,0.776465716929469,0.916689200328184,-5.81743209422188
DELE1,-0.00618381654284436,7.33887361058863,-0.28761165413951,0.77652796401765,0.916689200328184,-5.81745487912186
MSMO1,0.0173522752469623,9.24197156324476,0.286860013143682,0.77709539349272,0.917033161243505,-5.81766225629204
LCN2,-0.00963034342440175,6.06652331462951,-0.286713937266592,0.777205684063567,0.917033161243505,-5.81770249607799
MYLK,0.0173814206358662,8.53217636189931,0.286666414331269,0.777241565988317,0.917033161243505,-5.8177155829263
MRS2,-0.00936910761691956,4.99514762299842,-0.286642795504353,0.777259399440551,0.917033161243505,-5.81772208627005
EFNB1,0.00684933998149672,6.54263188204479,0.286492520290989,0.777372868056326,0.917033161243505,-5.81776345146986
TRIM27,-0.00622928636953831,7.67591383393872,-0.28636324894789,0.777470481319346,0.917033161243505,-5.81779901787566
SNRPD2,-0.0143674706847494,8.71738877506695,-0.285582385283504,0.77806019452966,0.917494569774757,-5.81801351838043
FCER1G,0.0119047629657927,7.86902749157285,0.285453168663906,0.778157793000612,0.917494569774757,-5.81804895773503
FABP4,0.0125676582567797,5.34108247311441,0.2851199279641,0.778409510038562,0.917494569774757,-5.818140279987
TNK2,0.0115731016022833,7.54815917016587,0.284861598002686,0.778604659616333,0.917494569774757,-5.81821100070877
LIMK1,-0.00786586581377557,6.74680744378912,-0.284819285390937,0.778636625160403,0.917494569774757,-5.81822257820254
ZMYND10,0.00748626676257916,6.25877986060156,0.284669180002505,0.778750027229911,0.917494569774757,-5.8182636359897
CBR1,0.0179356020780767,8.44694494781338,0.284635551428954,0.778775433739757,0.917494569774757,-5.81827283135008
GADD45G,-0.0150408845022578,6.23946385742668,-0.284272050504868,0.779050076220455,0.917494569774757,-5.81837215789853
ZFHX3,0.00891304331917792,5.76097696083194,0.284258636903028,0.779060211411022,0.917494569774757,-5.81837582075459
FBXO7,-0.00989280863965709,9.16092577628671,-0.284253595820269,0.779064020415868,0.917494569774757,-5.81837719728018
EIF3B,0.0105894436024721,8.14773642064919,0.284167210093483,0.779129293718003,0.917494569774757,-5.81840078213449
LHFPL6,-0.016383011825061,6.20042526228001,-0.283932552294452,0.779306610269335,0.917494569774757,-5.8184648120484
WT1,-0.00720725166375542,5.52526893902996,-0.283909239363905,0.779324227099675,0.917494569774757,-5.81847117046835
ZNF394,0.00532410058506847,6.20451323344914,0.283716344844433,0.779469995944423,0.917494569774757,-5.81852376108144
TRIB2,-0.00726510148760145,5.90971043416058,-0.283631114050081,0.779534406828631,0.917494569774757,-5.81854698704983
RPS16,0.00763249315785904,11.737182007844,0.283545728612952,0.779598936210977,0.917494569774757,-5.81857024822111
PTPRU,-0.00739506193663145,6.46047980276292,-0.282796760934671,0.780165032623085,0.918032937705761,-5.81877398849475
ELMO3,0.00651532203846824,5.49953479772958,0.282490499816415,0.780396551772355,0.918096212043531,-5.81885714620576
WNT11,0.00759051178988801,6.29965176113956,0.282438179675663,0.780436105456649,0.918096212043531,-5.81887134352339
SNN,0.00764257199459782,6.09159444087162,0.282013058747019,0.780757516727034,0.918343777004319,-5.81898660541873
GPD1L,0.0085946595369069,6.1030029442948,0.281590402657291,0.781077104372635,0.918343777004319,-5.81910102834962
ESYT1,0.00891987529518237,8.13796252077912,0.281559124980874,0.781100756289496,0.918343777004319,-5.81910948918811
PCNT,-0.00637373979747661,6.9732063772476,-0.281412147490526,0.781211902349704,0.918343777004319,-5.81914923518575
MPC1,0.0117571184409757,9.84756250113766,0.281295567581217,0.781300064826857,0.918343777004319,-5.81918074636186
SNRPD3,-0.00915867420123161,7.78018945307139,-0.281230357979333,0.781349380301918,0.918343777004319,-5.81919836666137
DPAGT1,-0.00625382157718608,6.29429966999666,-0.281123952170574,0.781429852887888,0.918343777004319,-5.81922710989725
PITPNM3,-0.00765250614116819,5.50141956302213,-0.281010062417705,0.781515988217521,0.918343777004319,-5.81925786280743
PGM1,-0.00623421395093514,10.6035998061541,-0.280718995152303,0.781736136775576,0.918474743569747,-5.8193364016597
CFI,0.00927762750074205,10.0204729722812,0.280006117326524,0.782275400849808,0.918980555704279,-5.81952841695339
CD4,0.0135488725461756,7.95340891580525,0.278716558808646,0.783251186779152,0.919930907604699,-5.81987453226829
ATP5PB,-0.0107335801714176,9.31906327637543,-0.278649266158405,0.783302116001871,0.919930907604699,-5.81989254999788
ADD3,-0.0166802126377123,7.01776536067503,-0.278445522937239,0.783456321448866,0.919984146226087,-5.81994707630425
AOC2,0.00570421086591907,5.54022955581284,0.278121226136164,0.783701788137148,0.920066549896426,-5.82003378388809
DCTN3,0.00817958862319968,8.05347765073818,0.278065113240651,0.783744263450233,0.920066549896426,-5.820048776682
CHD3,0.00565598989850198,7.25898643551847,0.277612762346182,0.784086701034279,0.9202129494231,-5.82016953063329
XPC,0.00672874924295279,7.63381246919688,0.277453690533553,0.784207131876494,0.9202129494231,-5.82021194811385
RAB6A,0.0156264163932122,8.1052219531257,0.277400328496693,0.784247532704501,0.9202129494231,-5.82022617202846
PLA2G3,-0.0077360015998887,6.06090550361562,-0.277324987089854,0.784304575354458,0.9202129494231,-5.820246250032
DRG1,-0.00991724250514752,8.42155812913274,-0.276980684146672,0.78456527059212,0.92039102269935,-5.82033793571436
CHAT,-0.00566546603873032,5.83334576795518,-0.275955647588642,0.785341549345036,0.921042074776753,-5.82061022752128
CENPN,0.00722587486319402,5.01671401324656,0.275932422260206,0.785359140968393,0.921042074776753,-5.82061638551955
KIAA0040,-0.00724068602527381,5.82599169922509,-0.275816109908348,0.785447241519679,0.921042074776753,-5.8206472170152
FTSJ3,-0.00791200853382871,6.62505441396646,-0.275521009452732,0.785670778000268,0.921044505723174,-5.82072538290315
ACOT8,0.0100791816402796,7.43516789163334,0.275419416984389,0.785747737962367,0.921044505723174,-5.82075227339812
KLF3,0.00656957953602839,7.10807789156727,0.275381697199163,0.785776312634125,0.921044505723174,-5.82076225493782
ZNF222,0.00609385663409718,5.97419443517619,0.275096502754121,0.785992372086678,0.921169978381751,-5.82083768018264
HMGN1,0.0123860646397979,8.46143507453054,0.274747104551202,0.786257095578251,0.921274119394388,-5.82092997968605
MLEC,0.00851238568299729,8.44802197391553,0.274627136550424,0.786347996126851,0.921274119394388,-5.8209616444438
ANKRD12,-0.00915260555034763,5.12303433613402,-0.274338376904742,0.786566804051085,0.921274119394388,-5.8210378043805
PSMC4,0.0110484378945789,7.19215697833971,0.274069697851407,0.786770412152597,0.921274119394388,-5.82110859670049
LYN,0.012670242846811,6.55544551115584,0.273982302107738,0.786836645037911,0.921274119394388,-5.82113160914571
KLHDC2,-0.0116973727245784,9.18500984056663,-0.273974151073729,0.786842822385484,0.921274119394388,-5.8211337550486
MCM6,-0.0106795844828017,5.5790190758247,-0.2739720475984,0.786844416528912,0.921274119394388,-5.82113430881516
ARHGEF40,0.00898983967162126,7.48411296067868,0.273151830272875,0.787466100940434,0.921614506829387,-5.82134991991272
SIGLEC9,0.0052666071593311,5.69210060317443,0.273029603874301,0.787558755013223,0.921614506829387,-5.82138199473973
CSTPP1,-0.005468453808413,6.83802722188263,-0.272898575624484,0.787658084942965,0.921614506829387,-5.82141636354227
SPOP,-0.0102437445550391,7.22748697091909,-0.272716310881346,0.787796262418684,0.921614506829387,-5.82146414449169
LYVE1,-0.0111980544882334,7.47769305928712,-0.27260408156944,0.787881348615478,0.921614506829387,-5.82149354980184
PTK2B,-0.00496921318759942,6.45744163530272,-0.272508533370784,0.787953790237831,0.921614506829387,-5.82151857501308
RPS3,-0.0167716916440053,10.4963657157317,-0.272504458125487,0.787956880003759,0.921614506829387,-5.82151964217482
EHBP1,-0.00978120077672697,7.70928412559463,-0.27243746930847,0.788007670040512,0.921614506829387,-5.82153718189285
PHLDB1,0.00593652821296295,6.56333609878098,0.271357369741388,0.788826720834316,0.922380435341169,-5.82181939426818
SASH1,-0.00640012661372854,8.14127164989133,-0.271285965228178,0.788880876474631,0.922380435341169,-5.82183801190041
THBS3,0.00515201647227459,6.74128990382328,0.27043422787992,0.789526947846971,0.92300812248297,-5.82205971446842
NRDC,-0.00881622497982482,8.25417910462574,-0.269686289506215,0.790094412481822,0.923491532535579,-5.82225382824305
F12,0.0101796158090388,11.6258144010011,0.269535336126736,0.790208956094192,0.923491532535579,-5.82229294073925
STOML1,-0.00725964928175516,7.04968534803089,-0.269374494096778,0.790331008586225,0.923491532535579,-5.82233459150189
PYCR3,0.00801629330596152,5.35377115176365,0.269313090620933,0.790377605123942,0.923491532535579,-5.82235048569893
POMT2,-0.00604292407229363,6.99332240416682,-0.268931592875063,0.790667125894323,0.923702089562703,-5.82244915524068
SLC25A46,0.0120187981304741,6.41914570122104,0.268583574078654,0.790931266380522,0.923882941790905,-5.82253904480584
UCK2,-0.00579318832712035,6.03435454193357,-0.268094686151982,0.791302367773761,0.924186437481468,-5.82266512425142
TRIM22,0.017236918302585,6.74465221010964,0.267953128520437,0.79140982977703,0.924186437481468,-5.82270158802786
HSD17B12,0.00865563463159901,9.15058901514447,0.267572497901022,0.791698802672826,0.924396142405054,-5.82279953973136
IL36A,0.00558457772873317,6.50960252149988,0.267392011016859,0.791835838181477,0.924428410145549,-5.82284593802974
KCNH2,0.00507961372602483,5.8595826902514,0.267000387173167,0.792133204174997,0.924582346748338,-5.82294650707242
FLJ42627,0.00920252083895909,6.54064102757324,0.266846686493391,0.792249920341929,0.924582346748338,-5.82298593744602
HTATSF1,-0.00852396951403622,5.97039179819981,-0.266607048041325,0.792431905324417,0.924582346748338,-5.82304736933836
DSE,-0.00755466795800385,5.76886193796161,-0.266515376504856,0.792501525258101,0.924582346748338,-5.82307085507042
ZNF410,-0.00839238579570436,6.98668339687924,-0.266369747371909,0.792612126934698,0.924582346748338,-5.82310814795198
ABCC1,0.00459200564497733,6.25208610726109,0.266324477709644,0.792646509022294,0.924582346748338,-5.82311973653891
CFAP20,-0.0117111198764224,7.407783745428,-0.266120519339262,0.792801419781303,0.924582346748338,-5.8231719236235
BIN3-IT1,0.00739769219715943,6.49311165863606,0.266065723901021,0.79284303959035,0.924582346748338,-5.82318593743817
C3,0.00579501911722778,13.2040810343523,0.265536516986029,0.793245030684673,0.92473137072466,-5.82332113354045
EMC1,0.0061486512297717,7.39025061058555,0.265476020456379,0.7932909882424,0.92473137072466,-5.82333657152727
DBT,0.0149067949500262,9.99449920900168,0.265465294089735,0.793299136850067,0.92473137072466,-5.82333930840261
FTL,-0.00539188240631885,13.3257125812999,-0.265074966540188,0.793595677425904,0.924915684121821,-5.82343882736385
IPO4,0.00509828627089058,6.62334637535385,0.264969025544938,0.793676168706193,0.924915684121821,-5.82346581328494
MAP3K11,0.010580128965546,8.12090327044469,0.26439296983194,0.794113882530342,0.925128804789158,-5.82361236221138
DYNLL1,0.0106835539613073,8.64744923712666,0.263558013848177,0.794748444436721,0.925128804789158,-5.82382421348269
E2F3,-0.00614276113166564,6.21623969662916,-0.263534267038448,0.794766494016882,0.925128804789158,-5.82383022897232
GLA,0.00541687147544943,5.66446562434349,0.263472867513404,0.794813163386661,0.925128804789158,-5.82384578007079
NR1I2,0.0113508051921564,8.070429608699,0.263470768291472,0.794814759005213,0.925128804789158,-5.8238463116922
NEMP1,0.00613320463720807,5.42485350432478,0.263314780470032,0.794933327925725,0.925128804789158,-5.82388580335681
NF1,-0.00758734135749089,5.62495820032035,-0.263281766141908,0.794958423314811,0.925128804789158,-5.82389415866548
SCAMP5,0.00557202567309199,7.21344597920572,0.26312859111656,0.795074860193549,0.925128804789158,-5.82393291079134
NFE2L1,0.00813646748701207,9.13562902704158,0.263029224851562,0.795150396656131,0.925128804789158,-5.82395803773416
BFAR,-0.0118652992782184,6.99127519508735,-0.262974628348704,0.795191900822359,0.925128804789158,-5.82397183964867
EXOC1,-0.00737633671110684,6.69233557791215,-0.262918579704174,0.795234509552057,0.925128804789158,-5.8239860057036
ELOVL5,-0.0120765665166372,8.30888816986058,-0.262873503366892,0.795268777502236,0.925128804789158,-5.82399739637998
PTPRO,-0.0168762329198545,11.4618700002323,-0.262855684319415,0.795282324022301,0.925128804789158,-5.82400189867347
PDIA5,0.00957515337425225,8.83258326770937,0.262224767580013,0.795762006642113,0.925499433066601,-5.82416111551665
ZNF460,0.00754041653099005,6.86121785416631,0.26203657464223,0.795905104796299,0.925499433066601,-5.82420853394583
EOLA1,-0.00720195347127458,6.95577353903996,-0.261884783892726,0.796020528827082,0.925499433066601,-5.82424675559703
LTA4H,-0.00766472846743931,7.49040627319147,-0.261860442298807,0.796039038997403,0.925499433066601,-5.82425288288339
LAMTOR5,-0.0107098283353233,8.13038421581863,-0.261620370601365,0.796221604230549,0.925584338388794,-5.82431328364231
ATP2A3,-0.00663366938164368,7.229663019261,-0.260651140884802,0.7969587876817,0.92631385913485,-5.8245565773744
MGAT2,-0.0107699132428204,7.2029209310237,-0.260462644502776,0.797102178199978,0.926353102157862,-5.82460378914943
UQCRB,-0.0128007586259156,9.16837295691424,-0.260260103725809,0.797256260589394,0.926404758248126,-5.82465448076014
RPS25,0.0123162160449622,9.50862082702913,0.260038368279453,0.797424955010474,0.926473376851162,-5.82470993148906
IL1R1,0.00909325580134112,7.84049050290587,0.259804004627038,0.797603267914654,0.92655315010707,-5.82476848921745
PKN2,-0.0124029989021594,6.34351579192849,-0.25952737167611,0.797813755534603,0.926670272751533,-5.82483754082333
HIGD2A,0.00839699200095562,8.69249713382287,0.259192018105365,0.798068944347218,0.926839277038756,-5.82492115200228
MARK4,0.00589865271118561,7.2850487800784,0.258962047696836,0.798243954771117,0.92691513230946,-5.8249784267436
PLP2,-0.00740243019151622,6.66964460129632,-0.258365442548905,0.798698029696947,0.926950998580168,-5.82512677747662
RPF1,-0.00998462663518287,7.07849883329525,-0.258363059828047,0.798699843327591,0.926950998580168,-5.82512736927839
STARD13,-0.00725320558849483,6.38962984426319,-0.258343035621019,0.79871508498935,0.926950998580168,-5.82513234252181
TYW1,0.0117531088015517,6.79105145074951,0.258267565399966,0.798772530780422,0.926950998580168,-5.82515108298425
CHST4,0.00866280173319778,6.10524058254445,0.258002195614954,0.798974532023278,0.926950998580168,-5.825216935373
RABGGTB,-0.00860126446547711,6.68658263803995,-0.257855889947184,0.79908590705293,0.926950998580168,-5.82525321285923
CACNB3,0.00773465951926962,6.08223333583634,0.25784061030294,0.799097538918758,0.926950998580168,-5.82525700037256
SHMT2,-0.00654175936613168,9.572270075357,-0.257566053245588,0.799306557892345,0.926950998580168,-5.82532501950454
GPR3,-0.00571599527249121,7.34935416530542,-0.257428176223018,0.799411528838809,0.926950998580168,-5.82535915019901
FKBP3,-0.0086685615761403,6.07802147017733,-0.257420421689683,0.799417432771468,0.926950998580168,-5.8253610692518
NEO1,0.0062562076531595,5.61962670491771,0.257336241988753,0.799481523982516,0.926950998580168,-5.82538189792546
LRIG2,-0.00581163455654193,6.43163717156071,-0.257167841479081,0.799609742057922,0.926972468156048,-5.82542354514076
FKBP11,0.0109953435850475,7.36546828682228,0.256598756155971,0.800043079551355,0.927256916345361,-5.82556408558086
SPTBN1,-0.00850445557938749,9.6734736747495,-0.256414518630119,0.800183383817065,0.927256916345361,-5.82560951834524
RPS28,0.00972171540382122,10.8794044430048,0.256413300211428,0.800184311714837,0.927256916345361,-5.82560981869804
AKAP1,0.0144946728823291,8.79028883117538,0.255811736667843,0.800642474855503,0.927623968251254,-5.82575793722346
ACOX1,-0.0152978704329088,7.3022011866388,-0.255581857758289,0.800817574825379,0.927623968251254,-5.82581444735664
GLT8D1,0.00735684851666564,7.7820346054677,0.255352863753857,0.800992011451336,0.927623968251254,-5.82587068979225
TTC9,-0.00762222476652852,6.31112332424241,-0.255231723719442,0.801084294420139,0.927623968251254,-5.82590042233299
MEF2A,0.01055315662913,7.13512505561389,0.255161754195709,0.801137597690582,0.927623968251254,-5.82591758922892
TMED1,0.00741322892791772,7.50361074509293,0.255132701914894,0.80115973021274,0.927623968251254,-5.82592471577996
IGFBP1,-0.0441754410426109,8.78168423492736,-0.254763564565779,0.801440960257104,0.927630311161674,-5.82601519533391
MAP1LC3C,-0.00865967532285796,5.58295657917102,-0.254745653454507,0.801454606674562,0.927630311161674,-5.82601958223109
SOD3,-0.00876501087729185,7.60284893924564,-0.254693234879205,0.801494544590696,0.927630311161674,-5.82603241914396
ACTR1A,0.00655607857593357,7.03868928691501,0.254286799792984,0.801804227970228,0.927759923406042,-5.82613186298414
NFKB1,-0.00590747551575023,6.21813358164538,-0.254254564839779,0.801828790838805,0.927759923406042,-5.82613974326724
FARS2,0.0073352068145873,7.61058992472018,0.253929327367338,0.802076631890275,0.927759923406042,-5.82621919658449
GTF3C1,0.00831158189229656,7.78576256333776,0.2538655741739,0.802125216312279,0.927759923406042,-5.82623475921811
DCUN1D2,0.0116987776014891,5.32850547593397,0.253772250203398,0.802196337230753,0.927759923406042,-5.82625753330138
ARHGEF17,0.00521687908229484,7.42979555446584,0.253681764166658,0.802265297080231,0.927759923406042,-5.82627960689509
LRRC59,0.00988306259278941,7.84810879521903,0.253504314797283,0.802400536913617,0.927782687842752,-5.82632287203564
NPC1,0.00819869085386796,5.75079041444403,0.25336781015349,0.802504575792033,0.927782687842752,-5.82635613370039
ZNF767P,-0.00618814556257295,6.29419477661929,-0.253222891381702,0.802615031729827,0.927783449810813,-5.82639142613603
DNAJB9,-0.0145530858438345,9.0217100281348,-0.25272160389032,0.802997141745427,0.928098187354515,-5.82651335127012
UQCR10,-0.00987642316495686,9.50440278953402,-0.252069722346288,0.803494118856181,0.928545583196763,-5.82667154552519
CTRL,0.00561339912325858,5.66948666452472,0.251797691901911,0.803701532876732,0.928604907768204,-5.82673744003529
NONO,-0.00925089329461312,9.68337096531071,-0.251714139081484,0.803765242061142,0.928604907768204,-5.82675766502387
PROS1,-0.00920365794954696,9.17736194739972,-0.250983323301342,0.804322550148985,0.928820556037578,-5.82693428375712
ABTB2,-0.00544565624966996,7.21367972073358,-0.250880634118508,0.804400867801203,0.928820556037578,-5.82695906012464
ZNF629,0.00556976690574449,7.70803678433822,0.250796588506101,0.804464968187127,0.928820556037578,-5.82697933076306
PHYH,-0.00964877496323602,10.5523055929895,-0.250694956500651,0.804542483350291,0.928820556037578,-5.82700383398363
VEZF1,-0.00637648260862673,5.94685701071247,-0.250617131702928,0.804601842050833,0.928820556037578,-5.82702259067626
PRRC2B,-0.00725688413310073,7.94443351777528,-0.250604578735433,0.804611416591132,0.928820556037578,-5.8270256155474
AVPR2,-0.00649154025769482,5.53739112118583,-0.250364599689066,0.804794462157463,0.928904959053485,-5.8270834140214
TBK1,0.00556999600811322,6.58339553551809,0.250143879621802,0.804962827965107,0.928939148675769,-5.82713652544347
MRPL3,-0.00997858538434848,7.97176995813309,-0.249823299936567,0.805207384241643,0.928939148675769,-5.82721358300291
SH3BP4,0.011026996434256,7.40255931676497,0.249766375882591,0.805250811264382,0.928939148675769,-5.8272272555423
GRAMD1B,0.00530892366031484,5.13937831348101,0.249749326541921,0.80526381823077,0.928939148675769,-5.82723135000633
MSL3,0.00665215177251981,6.22450111002967,0.249158573122615,0.805714540598801,0.929299245070513,-5.82737305018818
MZT2A,0.0124884298405116,8.3682019109024,0.249051913428913,0.805795925281852,0.929299245070513,-5.82739859842562
NAGPA,0.0076482641831677,6.97998484269548,0.248248398560945,0.806409104857263,0.929763598172287,-5.82759071531884
ZNF202,-0.0066443132590435,5.37259267581139,-0.248099033461706,0.806523102704166,0.929763598172287,-5.82762635987534
GNL3L,-0.00794088167876016,7.15504421559141,-0.248046970014305,0.80656283940317,0.929763598172287,-5.82763877931101
TMX4,0.00727244280429463,6.91918022890977,0.247947590509795,0.806638690911365,0.929763598172287,-5.82766247853035
DLGAP2,-0.00582251541285933,6.01737169468619,-0.24766223909023,0.806856496532705,0.929852869847146,-5.82773047438261
TTC38,0.00961045795294118,9.20483342481372,0.247557791565931,0.80693622421173,0.929852869847146,-5.82775534353749
CASZ1,-0.00656139109085201,6.84162061709299,-0.247219777063696,0.807194254784756,0.930023377819906,-5.8278357539898
ALDH3A2,-0.00913141249289106,9.3470891655124,-0.246616271028669,0.807655010022575,0.930302348333087,-5.82797905091686
VAMP3,0.00962087432818413,8.38443066079652,0.246614226214969,0.807656571286572,0.930302348333087,-5.82797953584742
SKIL,0.00939136641889228,6.06601406500622,0.246342245168393,0.807864242632523,0.930387050169555,-5.82804400094308
MRC1,-0.00932478127927477,7.90019830351152,-0.246229522388606,0.807950316466768,0.930387050169555,-5.82807069784004
KIF3B,-0.0115127681273676,6.74600359877757,-0.245960412839338,0.808155815560652,0.930409258357115,-5.82813438377938
TAB2,0.0091757922062708,6.77262941310176,0.245915887929706,0.808189817318488,0.930409258357115,-5.82814491412015
LARP7,-0.00846334204493863,5.9628724416002,-0.245104330987946,0.808809636586359,0.930781755265697,-5.82833651903449
CKS1B,-0.00994025046544166,7.33406420805733,-0.245009211106648,0.808882291983956,0.930781755265697,-5.8283589352011
BST1,-0.00646912333029253,5.54107281088168,-0.244923989066877,0.808947388619314,0.930781755265697,-5.82837901147657
ESD,0.00937212569335934,9.25403680757102,0.244915347642288,0.808953989428554,0.930781755265697,-5.82838104680209
TCEA1,0.010270596148276,8.34797533288369,0.244681108965392,0.809132919751904,0.930858692476457,-5.82843619014653
RPL26L1,-0.00785165483261753,6.99546250355119,-0.24453939418134,0.809241178098468,0.930858692476457,-5.8284695265034
TOP2B,-0.00924257484642827,4.87067768928605,-0.243864587324537,0.809756728374394,0.931017557134846,-5.82862800179371
UAP1,0.013881742561109,8.07870382345409,0.243721794646381,0.80986583290418,0.931017557134846,-5.82866148021187
GALNT11,-0.0098912514662934,6.09315700674991,-0.243624815465525,0.809939934681493,0.931017557134846,-5.82868420632772
LMBR1L,-0.00513000750244444,7.13779774060253,-0.243533539022662,0.810009680670063,0.931017557134846,-5.82870558785198
KIF1C,0.0102521610630674,7.27664891054024,0.243474622464473,0.81005470074375,0.931017557134846,-5.82871938483855
FBXO41,0.00481698110905724,6.45554623304492,0.243415351077825,0.810099992634927,0.931017557134846,-5.82873326157082
GADD45B,-0.0141090335210696,8.45394872149798,-0.243065825157283,0.810367094759353,0.931017557134846,-5.82881502497891
FAT1,-0.0142553926516428,6.73147578846763,-0.243020127195991,0.810402018166115,0.931017557134846,-5.82882570631656
SP110,0.00801488694074678,6.65659727741672,0.242940461950508,0.810462901102913,0.931017557134846,-5.82884432231745
SMARCA4,0.00713733925649382,6.39144820138604,0.242890753316499,0.810500890785128,0.931017557134846,-5.82885593504944
CCT8,-0.0134569391883718,8.14259612381884,-0.242698526264833,0.810647804275857,0.931017557134846,-5.82890082013868
CACNA1I,0.00634928353830549,6.88416501945903,0.242628346940448,0.810701442058959,0.931017557134846,-5.82891719823693
CHD1L,-0.00786395852805853,7.16482223634472,-0.242084217990064,0.811117350077737,0.931130865289473,-5.82904402457558
C14orf132,-0.00699413852831362,6.82576669004793,-0.241957941124547,0.811213878704557,0.931130865289473,-5.82907341690653
GPLD1,-0.0133245020564253,7.11366240639081,-0.241945490007984,0.811223396760591,0.931130865289473,-5.82907631421551
RB1CC1,0.0109997399475338,5.61395824264989,0.241922620167538,0.81124087932084,0.931130865289473,-5.82908163552038
VSIG4,0.0100159855269129,7.50156362541373,0.241540618087914,0.811532910927125,0.931339548734783,-5.82917044501966
POLR2A,0.00928627951355723,7.64243109756127,0.240692417762099,0.812181440819101,0.931781998904982,-5.82936713960198
CBY1,0.00676342730373995,6.97820778766991,0.240646294036461,0.812216710771907,0.931781998904982,-5.82937781581156
DHCR24,-0.0114386780869165,10.4726043150422,-0.240556273566359,0.812285548925739,0.931781998904982,-5.82939864689595
PPP1R7,0.0115136392854383,6.55827117212113,0.240387812315188,0.812414374497435,0.931781998904982,-5.82943760866732
C9,-0.0104916376755909,10.0189054033631,-0.240315342789646,0.812469795021528,0.931781998904982,-5.82945436109664
EDN3,0.00376890417496661,5.50329883052066,0.239848504178539,0.812826830516927,0.931991776441169,-5.82956215757706
TCF20,0.00649094548803142,7.71529444025749,0.23978774629804,0.812873300872357,0.931991776441169,-5.82957617169787
H2AC6,-0.0108282759578594,7.34720146585646,-0.239275692767912,0.813264970518709,0.93226821132805,-5.829694139303
UBE2K,0.00655024446775832,7.25086963141664,0.23906601366622,0.813425368512633,0.93226821132805,-5.82974237312823
RPS6KA2,0.00725247934188882,6.29530754324498,0.239039845112067,0.813445387233338,0.93226821132805,-5.82974838989793
NCAM1,0.00576197851794921,5.97785816065429,0.238791726370816,0.813635202459552,0.932359297638081,-5.82980540573435
FGF17,0.00561050060465355,5.74454516587983,0.238251299031135,0.814048679628228,0.932706622760479,-5.82992938819205
LDAF1,-0.00523185297112994,5.51716691043669,-0.237902517685594,0.814315559362045,0.932862544268972,-5.8300092558095
UCHL5,-0.00771643374438711,5.12134661857098,-0.237658639605789,0.814502183209504,0.932862544268972,-5.83006503247759
EYA2,-0.00598607214044058,5.43794569814167,-0.237579704756069,0.814562589280016,0.932862544268972,-5.83008307326278
TEX2,-0.00679514746611685,7.43599792541246,-0.237496379179149,0.814626356705414,0.932862544268972,-5.83010211109744
BATF,0.00460181521961293,6.98215060105511,0.237325855905557,0.814756858926981,0.932885563405554,-5.83014105075581
MRPS28,-0.00949753568936893,7.07590097965513,-0.237059590423904,0.814960644132109,0.932992472959805,-5.83020179792097
CKAP4,-0.00795793630106166,7.21771348220439,-0.236505016073143,0.815385128533787,0.933144954950551,-5.83032810370511
XCL1,0.00814055250133981,5.75119402325259,0.236470897733149,0.815411245425719,0.933144954950551,-5.83033586464499
FDFT1,-0.0125639706668689,8.65316296773232,-0.236452759627652,0.815425129864482,0.933144954950551,-5.8303399900885
CD8A,0.00522735252419492,6.51871545933507,0.236205190266579,0.815614646599466,0.933235445330465,-5.83039626735272
PLSCR1,-0.00993941784627172,6.36866251958587,-0.235972382968482,0.815792873408061,0.933235457922557,-5.83044913544598
NUDC,0.0107117023400914,8.66370191990328,0.235843946787172,0.8158912027623,0.933235457922557,-5.83047827977071
NRSN2,-0.00461154728723364,6.05849285487895,-0.235405896681801,0.816226592616887,0.933235457922557,-5.83057756204033
ANKRD2,0.00383860854242986,5.73932057781272,0.235350986210082,0.816268636970139,0.933235457922557,-5.83058999433197
CLEC16A,0.00629832122327992,5.39575450921256,0.23524936042611,0.816346452230908,0.933235457922557,-5.83061299584093
OTC,0.0111735251297115,8.44719126299623,0.235124338505555,0.816442184674271,0.933235457922557,-5.83064127917399
LSM8,-0.00661423801271405,5.47685763888007,-0.23506796133375,0.816485355062124,0.933235457922557,-5.83065402832197
TEC,-0.00613327958194721,5.89531083350394,-0.235051194656033,0.816498194132718,0.933235457922557,-5.83065781935633
AKIRIN1,0.00787807686569032,6.32898103454714,0.23480108265879,0.816689723483626,0.933318933677999,-5.83071433908207
RNF34,0.00610715754437948,6.97402071097681,0.23466735711818,0.816792131899267,0.933318933677999,-5.83074453352384
FRG1,0.00631368311518677,6.34309285247564,0.234462965469362,0.816948663652988,0.93332200255911,-5.83079065091178
RPL10L,0.00649698083045269,5.10285322074499,0.234375406720645,0.817015722240206,0.93332200255911,-5.83081039478283
API5,0.0057466413743183,6.77681712714293,0.234065041561142,0.817253433082724,0.933354325779675,-5.83088032084729
PRR11,-0.00989941089025433,7.53837361266091,-0.234050031623718,0.817264929756665,0.933354325779675,-5.83088370028916
LRRC32,-0.00659928301828557,7.25757702662087,-0.233428581226698,0.817740958971082,0.933382625081057,-5.83102342881619
DYNC1I2,-0.00745514012749465,6.67372952806536,-0.233017613948796,0.818055798412134,0.933382625081057,-5.83111562886688
KBTBD11,-0.00874439848485666,5.83535192744413,-0.232968737229357,0.818093244658216,0.933382625081057,-5.83112658355584
CD19,-0.00482080200871893,5.93694639626717,-0.232866748470003,0.818171383420776,0.933382625081057,-5.83114943483335
CRTC1,-0.00488253873705221,7.94445046248363,-0.232743056696243,0.81826615256825,0.933382625081057,-5.83117713546933
OLFML1,-0.00831477246017389,5.34576713085784,-0.232734694111394,0.818272559847841,0.933382625081057,-5.83117900773282
CLOCK,-0.00915729489450248,7.01175096956709,-0.23273366390874,0.818273349173642,0.933382625081057,-5.83117923837588
HAND2-AS1,0.0106109002012107,5.90600874620987,0.232726535561106,0.818278810811965,0.933382625081057,-5.83118083425144
ABCB7,-0.00506512027005081,5.85723196298499,-0.232684038390556,0.81831137173478,0.933382625081057,-5.83119034739661
TET3,-0.00478478962743315,7.55604416703912,-0.232575800545497,0.818394304050361,0.933382625081057,-5.83121456902658
DHX34,0.00467845092332889,6.79137759903596,0.232202240584769,0.818680544112046,0.933583076619,-5.83129807876775
ZNF185,-0.00726551377319421,6.01125298397869,-0.231857918344769,0.818944403793324,0.933757956018565,-5.83137493416566
CYP3A43,0.0162124783528437,7.45642443052733,0.231236014069765,0.819421034880265,0.934175356818435,-5.83151346063123
RAB31,0.00760166493106907,6.71254184530274,0.231062933193984,0.819553697841458,0.934200559390303,-5.83155194783013
SGPL1,0.00634972639594972,6.47684004427687,0.230892719029637,0.819684168939416,0.934223257018892,-5.83158976962254
JAK3,0.00627577420244328,7.39822350949683,0.230633773249738,0.819882664117827,0.934323467538184,-5.83164725453257
TOX4,-0.00580549265825836,7.59671232741834,-0.230390214524884,0.820069375649045,0.934410224411331,-5.83170126503784
DPM1,-0.00920280274328228,6.74588109009747,-0.229709138858439,0.820591544750735,0.93487913619303,-5.83185199613658
MT1HL1,-0.00922881846841866,12.9623852218776,-0.229237842571938,0.820952929622805,0.935050941720076,-5.83195604047468
TBC1D8,-0.00766236030284327,7.71347535301209,-0.229223847993104,0.820963661138609,0.935050941720076,-5.83195912669794
FNDC4,0.00628779052549268,8.19391795579186,0.228832636778343,0.821263669679813,0.935266578004638,-5.83204532464114
TES,-0.00557816698910334,5.4768502494761,-0.228482675239784,0.821532068849378,0.935446163829301,-5.83212230970929
F7,0.00761681982902291,9.13477124011988,0.228265984446518,0.821698268736595,0.935509346648374,-5.83216991893654
APCS,0.00738136330057871,11.6713386900363,0.227895541026018,0.821982415417538,0.935694702116877,-5.83225120516699
GLRX,-0.00856114872024734,8.85861143436164,-0.227607534138166,0.822203346930263,0.935694702116877,-5.83231431166144
RUNX3,-0.00410899162303503,5.97192715919824,-0.22734330605594,0.822406050929481,0.935694702116877,-5.83237213806443
DUT,-0.0106686738228796,7.38171429574819,-0.227180434833122,0.822531004813765,0.935694702116877,-5.83240774920455
PRKCB,-0.00662056854205534,6.22534374716368,-0.22715784930369,0.822548332686593,0.935694702116877,-5.83241268543605
ADCK2,-0.006947508110035,7.29910742386621,-0.227130868019322,0.822569033154076,0.935694702116877,-5.83241858175186
TUBG2,0.0050724749167045,6.03380481856773,0.226956155535208,0.8227030785423,0.935694702116877,-5.83245674543142
SAE1,-0.0074467410602687,6.66152017049439,-0.226898989796825,0.822746939257798,0.935694702116877,-5.83246922620464
AGTR1,-0.0107886720307294,8.2313685296431,-0.226408816874176,0.82312305144379,0.935824763009818,-5.83257611538708
PRDM2,-0.00491415517271222,6.72554487817778,-0.226378198294336,0.823146546686386,0.935824763009818,-5.83258278457475
NOL7,-0.0100074100351484,7.24628257852491,-0.22631695033408,0.823193545970648,0.935824763009818,-5.83259612261046
KLF12,-0.00531266324527339,6.53159268294786,-0.226141118159101,0.823328476476588,0.9358522499633,-5.8326343938311
TJP2,0.0104413546202975,7.61686529320759,0.225260858426849,0.824004056551951,0.936494186666306,-5.83282554429556
SPAG7,0.0074490824778002,8.48746932568565,0.224559384532684,0.824542522781128,0.936601274728266,-5.83297734007706
MYCN,-0.00514444128282181,5.9014127758422,-0.224494132318956,0.824592616278874,0.936601274728266,-5.83299143642066
PSMA5,-0.00648574327644755,8.20248261329891,-0.224483353679025,0.824600891011106,0.936601274728266,-5.83299376452287
SLC11A1,0.00542372000126954,7.35220328648253,0.224392579331319,0.824670579059092,0.936601274728266,-5.8330133666631
SPATA2L,-0.00687548260203609,6.68772957428523,-0.224291929576913,0.824747850256149,0.936601274728266,-5.83303509211449
ITPK1,0.00769846812530754,7.89434515209223,0.224187435524882,0.824828074742223,0.936601274728266,-5.83305763710717
ANXA1,-0.0121209150026286,5.46940305090475,-0.223993120192404,0.824977264036394,0.936601274728266,-5.83309953360011
FRMD4A,-0.00607809852782515,5.50334957174797,-0.223983038707532,0.824985004473667,0.936601274728266,-5.83310170629148
VENTX,-0.00553594888092562,5.59704924149265,-0.223297858974339,0.82551111966633,0.937072670765783,-5.83324914347957
RAD51C,-0.00821239292803713,5.7026574773548,-0.222947427568979,0.825780230954353,0.937252243326297,-5.8333243757415
ZNF839,-0.00454446709050825,6.37192645103495,-0.222775995560536,0.825911888952172,0.937275780505755,-5.83336113675546
PSME2,0.00851698293217879,9.25296784465812,0.222153729517308,0.826389826969576,0.93755397477454,-5.83349433596972
GUCA2B,0.0123726755278762,5.83586635328235,0.222097519059897,0.826433003412999,0.93755397477454,-5.83350634985159
LAMP2,0.00932398442335925,9.04121696777553,0.222023462701496,0.826489888532018,0.93755397477454,-5.83352217332728
DCUN1D4,0.00908154897524656,5.60067363395819,0.221855476067365,0.82661892820502,0.937574489037908,-5.83355804723885
RIPOR1,0.00550406589474703,9.02548422960626,0.221479386599711,0.82690784122273,0.937776306312182,-5.83363826402766
ZNF274,-0.00711664671354108,7.13191910280435,-0.220646604348375,0.827547676505932,0.938262972517365,-5.83381540777318
EIF5A,0.0106453748967363,7.8101663564093,0.220631808447743,0.827559045464133,0.938262972517365,-5.83381854905339
NOP16,0.00502275655758174,6.50002918571384,0.21989748464954,0.828123338091859,0.938657315305189,-5.83397418816646
BMP6,-0.00783292588778988,5.65066001873707,-0.219796252094618,0.828201137940815,0.938657315305189,-5.83399560380484
SLC8A1,-0.00495327259619774,6.96089953138128,-0.219745540776268,0.828240111587632,0.938657315305189,-5.83400632804142
HOMER3,0.00611753514936895,5.79525532865941,0.219381082759978,0.828520225299522,0.938848853933345,-5.83408332980361
SLC30A1,-0.00841071277663088,9.06930851416589,-0.219198543507084,0.82866052941208,0.938881935308673,-5.83412184843503
DDX46,0.0055952422732927,7.46978685308382,0.218711782639438,0.829034694364791,0.939137828070209,-5.83422440661675
KCNJ5,0.00436152848148099,7.88074996796571,0.218569784033126,0.829143854179691,0.939137828070209,-5.83425428230098
RGS10,0.00660006350629333,5.10520928060694,0.218470990097734,0.829219802986016,0.939137828070209,-5.83427505658434
PPM1F,0.00720871561018033,7.28858339004428,0.218273211863401,0.829371852095477,0.939184153069791,-5.8343166171002
BBS4,-0.00516459229031823,5.51500976908158,-0.217606300236115,0.829884614913687,0.939516087004903,-5.83445648380104
CCT2,0.00791267901253598,7.45480429844008,0.217602748436558,0.829887345965041,0.939516087004903,-5.83445722755499
DEPP1,0.014795268183579,8.15770396135685,0.217321327157594,0.830103743561903,0.939635181928745,-5.83451611933929
PDE7B,-0.00557677679012256,5.40264460499932,-0.217153108489245,0.830233101146338,0.939655733282421,-5.83455128550181
UCP2,-0.00647194332500917,7.10085790355831,-0.216331015336009,0.830865349270856,0.940072148198848,-5.83472275452935
SNAI1,0.00431591635245589,6.55772446399569,0.215878066725285,0.831213749279241,0.940072148198848,-5.834816952289
PRPF19,-0.00558272071699899,7.75561556528348,-0.21562973729508,0.831404774990411,0.940072148198848,-5.83486851289989
ZNF395,0.0105780878195276,7.00673224831102,0.215498251242055,0.831505924069678,0.940072148198848,-5.83489578942124
KCMF1,-0.00617866484824138,8.38611749097264,-0.215323275845489,0.831640533112502,0.940072148198848,-5.83493206204444
ZNF467,-0.00612862687140157,6.37955246208354,-0.215274961428321,0.831677702458608,0.940072148198848,-5.83494207251912
RMDN3,0.0060010397984958,8.08504332607639,0.215187661118535,0.831744865537033,0.940072148198848,-5.83496015498177
HCCS,0.00540771240427621,6.90852306073437,0.215143677098874,0.83177870442987,0.940072148198848,-5.8349692626013
PDGFB,-0.00538678050101145,7.88242822644155,-0.215076206524565,0.831830613241134,0.940072148198848,-5.83498322990001
CBX6,0.00542727314223255,7.92188602678259,0.214871446190659,0.831988151414798,0.940072148198848,-5.83502559129782
RBX1,0.00671849609147679,7.64626587358374,0.214857711685215,0.831998718705958,0.940072148198848,-5.83502843129423
IFFO1,0.0050463822788589,7.39449168233601,0.214811194614481,0.832034509056142,0.940072148198848,-5.83503804866861
MRFAP1L1,0.00852345583880071,6.80930515366608,0.214794583847517,0.83204728951233,0.940072148198848,-5.83504148243185
CAMKMT,-0.00609233530165022,5.03856795867807,-0.21442898004172,0.832328600063942,0.940264260767421,-5.83511699281633
CTNS,-0.00558249322251286,6.82314310246504,-0.213895974507088,0.832738757702496,0.940541350353534,-5.83522684834201
FBXW4,0.00765664791792641,7.49364141516051,0.213820949106227,0.83279649507043,0.940541350353534,-5.83524228966612
POLR1E,0.0067948856943327,6.40986130595486,0.213573754865105,0.832986735429461,0.940630484348382,-5.83529312771048
BRD4,0.0118203972079075,7.54681133758986,0.213079883914962,0.833366849318618,0.940730701047997,-5.83539452209273
AGA,-0.00673303609076039,6.50498682095042,-0.212727046618963,0.833638440551442,0.940730701047997,-5.83546681842837
CREB1,0.00510548234225267,5.93816244800294,0.212646621574981,0.83370034951307,0.940730701047997,-5.835483280826
HSPH1,-0.0088080145225914,6.1399154520006,-0.212586805064184,0.833746395317603,0.940730701047997,-5.83549552079536
SUPT16H,-0.00667000810815837,6.98621911000628,-0.21254483961822,0.833778700020315,0.940730701047997,-5.83550410594022
KAT5,0.00474038105079259,7.35990375507108,0.212524196674573,0.83379459092259,0.940730701047997,-5.8355083283828
SLC22A6,0.00677297841572821,6.45968436101098,0.212398432068372,0.833891405874529,0.940730701047997,-5.83553404427873
PSMD6,0.00859074108207232,7.96588246592908,0.212299302358199,0.833967718903179,0.940730701047997,-5.83555430328948
CLUAP1,-0.00635058908335998,6.29374981323409,-0.212020035483718,0.83418271596597,0.940730701047997,-5.83561132608898
NCF4,-0.00554865941075409,6.25410670638969,-0.211678481518074,0.834445683625417,0.940730701047997,-5.83568096557602
PTP4A1,0.00717342044040295,9.69735126141856,0.211426668099834,0.8346395713983,0.940730701047997,-5.83573223628612
GPBP1L1,-0.00639453600490425,8.56612683843729,-0.211291786950814,0.834743429741911,0.940730701047997,-5.83575967390908
CPN2,-0.00781125707182544,8.32519395998139,-0.211073672759713,0.834911383994201,0.940730701047997,-5.8358040059818
DBNDD1,-0.00635487327028073,5.61139386564984,-0.211068695979968,0.834915216353379,0.940730701047997,-5.83580501698879
DPP3,0.00815488342193939,6.96685628019653,0.210688988545707,0.835207621710047,0.940730701047997,-5.83588208262151
TRIP12,0.00791997554580687,7.50957148316416,0.210666335903267,0.835225066846395,0.940730701047997,-5.83588667584879
KLK13,-0.00583739142281677,6.40959661779972,-0.210632811733259,0.835250884467435,0.940730701047997,-5.83589347257012
MAP3K10,0.00432331136706263,7.76262601226869,0.210568895864009,0.835300107860893,0.940730701047997,-5.83590642794964
CNTN2,0.00515092861164692,7.23786616046034,0.210483641927148,0.835365765374349,0.940730701047997,-5.83592370234145
GMEB1,-0.00489806494959102,6.0934753496397,-0.210334995480109,0.835480246978884,0.940730701047997,-5.83595380484769
FNDC11,0.00483137605842583,5.22462320584897,0.210328727624923,0.835485074314952,0.940730701047997,-5.83595507369077
SC5D,0.0110014609194297,9.468460938768,0.21027724744449,0.835524723238487,0.940730701047997,-5.8359654937377
PINLYP,0.00499077052159039,6.02646824333947,0.210126680151555,0.835640689494339,0.94073592142648,-5.83599595532659
NDUFA2,0.00878580265121713,8.77837422064421,0.209672478567658,0.835990536773728,0.941004400657786,-5.83608771423749
DECR1,-0.0065279516534208,9.68705148558345,-0.209422174671608,0.836183347434842,0.941043084924525,-5.83613819677105
EHHADH,-0.0106036909113655,8.47868089102639,-0.20933871920118,0.836247636058965,0.941043084924525,-5.83615501514233
CHN2,0.00606832359986974,7.45490514119019,0.20918565919047,0.836365546512825,0.941050448473152,-5.83618584323362
NOL11,-0.0072667867737946,6.5341855457539,-0.208976620365311,0.836526586875056,0.941053718264138,-5.83622790985909
EIF3J,0.00794121650653271,6.99557728365529,0.208769068489166,0.836686488997993,0.941053718264138,-5.83626963583379
PCCA,-0.00708275953384136,7.15947197501356,-0.208618971143429,0.836802131518168,0.941053718264138,-5.836299785504
LAMC1,0.00415254030264258,6.77853193128734,0.208543485211511,0.836860291096861,0.941053718264138,-5.8363149400128
MAT2A,-0.00700015893735314,7.57353780350088,-0.208459125109175,0.836925289083432,0.941053718264138,-5.8363318696347
MRPL22,-0.00758804459158343,6.25854952185371,-0.208196213519417,0.837127865546077,0.941156261823356,-5.83638458773113
ANGPTL4,0.0117384061622659,7.88015771531916,0.207894739327546,0.837360169227489,0.941292195020923,-5.8364449567518
ABCG4,-0.00536174983539046,5.68819639069069,-0.20756047026523,0.837617761107677,0.94129366975854,-5.83651179100887
TMEM177,0.00875629304508835,5.80428767039048,0.207528860997754,0.837642120569184,0.94129366975854,-5.83651810547253
PYY2,-0.00538235758365396,6.80854754796197,-0.207459377363835,0.837695668234819,0.94129366975854,-5.83653198258973
SERTAD2,0.00623079195646874,6.99912767085284,0.207147736014002,0.837935845036646,0.941335985690878,-5.83659416600527
C8B,0.00808316781758882,10.5102773561252,0.207121418399595,0.83795612832743,0.941335985690878,-5.83659941303424
PCNA,-0.00824831437989293,6.36911988216799,-0.206822874775434,0.838186227460328,0.941469310386783,-5.83665888818876
CDC123,0.00660054624654556,7.64569972017207,0.206648310828834,0.838320777544718,0.941495291102189,-5.83669362483717
SNAPC4,-0.00461213093657188,7.82606541551315,-0.206301848816505,0.838587837952362,0.941670063880061,-5.83676248116035
ATP2B4,0.00777408704502181,7.21527924663564,0.206069382639439,0.83876703910744,0.941710214100017,-5.83680861731826
RPL35A,0.00804634488872017,9.76808487704356,0.205918431639372,0.838883407486164,0.941710214100017,-5.83683854792078
AACS,-0.0042609790099619,5.53999516373717,-0.205630818443579,0.839105139456184,0.941710214100017,-5.83689551550144
TFB2M,0.00858687142436594,6.81619718204113,0.205630442980402,0.839105428924026,0.941710214100017,-5.83689558981767
CUL3,-0.00781978935161328,6.68022469395889,-0.20523314485853,0.8394117437772,0.941710214100017,-5.83697415218022
ALDH8A1,0.00669671566943889,10.3067129073095,0.205136592903192,0.839486188799185,0.941710214100017,-5.83699322167041
PROP1,0.00584412048072916,6.33788811148805,0.204497591813406,0.839978920437611,0.941710214100017,-5.8371192023396
ALDH1A3,-0.00617153611826976,5.36572338388322,-0.204419184530597,0.840039384681414,0.941710214100017,-5.8371346335788
KIF13B,-0.00573127120863534,7.72517288837812,-0.204338055754006,0.840101948689072,0.941710214100017,-5.83715059422977
IFIT2,-0.00920779697199288,6.21949974963464,-0.204197702340192,0.840210187471537,0.941710214100017,-5.83717819138414
IQSEC2,0.0032116587474918,6.40528626578338,0.20327424588767,0.840922426297194,0.941710214100017,-5.83735929633766
FCMR,0.00449871357731488,6.94202177982015,0.203205876899171,0.840975163156525,0.941710214100017,-5.83737267212237
SLC41A3,0.00451830653325074,7.61751556445742,0.203199152192657,0.840980350343603,0.941710214100017,-5.8373739875094
ATXN2,-0.00651632000339471,7.42450256545988,-0.203074805117758,0.841076268362791,0.941710214100017,-5.8373983026237
HINT1,-0.00631604360623338,11.0991168794579,-0.20289388950767,0.841215826369077,0.941710214100017,-5.83743365281414
NR1H4,0.00688208284874414,8.63162946220584,0.202574565937633,0.841462165130414,0.941710214100017,-5.83749597081813
KMT5B,0.00819699795126753,6.83054294256452,0.202486634072354,0.841530002159543,0.941710214100017,-5.83751311411319
ECHDC1,0.00682373142259381,7.2450813416038,0.202468340990714,0.841544114930585,0.941710214100017,-5.83751667962165
PSME1,0.00530148114477222,9.79144126776034,0.202221085889442,0.841734872991275,0.941710214100017,-5.83756484070019
CYP1A2,-0.0203292564327471,11.0960941744748,-0.202203407347674,0.841748512422422,0.941710214100017,-5.83756828193413
CERS6,0.00505693078183336,7.21807329476044,0.202058151766991,0.841860582618531,0.941710214100017,-5.83759654545962
UQCR11,0.00825759390451157,9.87899661040415,0.201928507183552,0.841960611245175,0.941710214100017,-5.83762175434985
POMT1,0.00966217291246454,6.14608279798325,0.201880166462355,0.841997909732962,0.941710214100017,-5.83763114989352
ATP6V0A1,-0.00543861087101699,7.84811630397749,-0.201836091931054,0.842031916867678,0.941710214100017,-5.8376397143048
MCM2,0.00588252784485892,6.35389447860054,0.201538606213453,0.842261459903391,0.941710214100017,-5.83769747200841
RAD23A,0.00560551702796254,8.71225914812774,0.201473534089762,0.842311672143263,0.941710214100017,-5.83771009464043
DIP2A,0.00694077501569127,8.60681806728573,0.201369799988484,0.842391718928004,0.941710214100017,-5.83773020849559
AZIN1,-0.00871353213109949,6.9639287678263,-0.201123044061701,0.842582136039674,0.941710214100017,-5.83777801257439
HABP4,-0.00403509708664599,7.5735741675566,-0.201110065029288,0.842592151999523,0.941710214100017,-5.83778052538943
G0S2,0.0132491396000602,8.48044055892935,0.201100596338458,0.842599459035072,0.941710214100017,-5.83778235848036
MTMR4,-0.00891835199391375,7.79792821357059,-0.200987845633175,0.842686470431044,0.941710214100017,-5.83780417984518
GPRC5B,0.0056031676387517,5.50626274243253,0.200954144524796,0.842712478478229,0.941710214100017,-5.83781069987059
CD58,0.00703086176817242,5.29135761685798,0.200943558258819,0.842720648221026,0.941710214100017,-5.83781274773054
CPSF4,0.00440158805118672,7.88425391413168,0.200815852678098,0.84281920392712,0.941710214100017,-5.83783744326883
AKR1C1,-0.0118299375586067,11.6378359262398,-0.200811369204673,0.842822664058044,0.941710214100017,-5.83783830999299
CPNE7,0.00500451982356654,7.47383041432581,0.200714804215108,0.842897189102039,0.941710214100017,-5.8378569728096
PBXIP1,0.00448257607783718,7.62542831997092,0.200709126102662,0.842901571291972,0.941710214100017,-5.83785806992256
NDUFB2,0.00945044487854664,9.53849545645869,0.200702074966867,0.842907013145741,0.941710214100017,-5.83785943228519
BICDL1,-0.00458513129863925,5.4705967184932,-0.20062052975525,0.842969947864205,0.941710214100017,-5.8378751843195
KBTBD2,0.00584235028149788,6.77227694614352,0.200207753281642,0.84328853577625,0.941941589862434,-5.83795482227793
GGPS1,-0.00754227920910559,6.07183915502326,-0.200026073553195,0.843428768022139,0.941973709990361,-5.83798982241968
LIMS2,-0.00509932344448581,7.51643747837213,-0.199765704632037,0.843629747010185,0.942073656962609,-5.83803992666888
SULT2A1,-0.00905142516597958,8.88380083329939,-0.199281640359421,0.844003425697811,0.942285315649374,-5.83813290514046
MPHOSPH8,0.0071705914516817,6.5058477739446,0.199023165644338,0.844202973527957,0.942285315649374,-5.83818246064898
OLFM1,0.00449841886838641,7.14752464607922,0.198802883749347,0.844373044191649,0.942285315649374,-5.83822464316887
WFS1,-0.00742459516935951,6.58415008359476,-0.198665753408239,0.844478920870809,0.942285315649374,-5.83825087922446
PDPK1,-0.00433370147482943,7.84078918178589,-0.1986535591774,0.844488336035279,0.942285315649374,-5.83825321137663
AMPD2,0.00769798723345889,7.39562934868745,0.198521376257858,0.844590395986517,0.942285315649374,-5.83827848227174
APBB3,-0.00527889545157297,7.62052813280253,-0.198509094032625,0.844599879376137,0.942285315649374,-5.8382808295523
SRRT,0.00765134873311315,7.71475725914031,0.198011917096779,0.844983781467296,0.942455831707792,-5.83837572460882
CLEC4M,-0.00707430221352956,8.01290958805699,-0.197949775193098,0.845031767986547,0.942455831707792,-5.83838756883427
CDC42EP2,-0.00494711223489549,7.90615534989284,-0.197283756350092,0.845546112298058,0.942455831707792,-5.83851427931035
RFC1,0.00349146562550521,6.17575015033917,0.197097362886302,0.845690070481524,0.942455831707792,-5.83854966460846
CYP3A4,0.0171553458811539,11.5970722249723,0.19696009195538,0.845796093156902,0.942455831707792,-5.83857570308957
FOCAD,-0.00545370928367341,5.07056265627126,-0.196927442846859,0.845821310487724,0.942455831707792,-5.83858189353427
HMGCS1,-0.0160590338479914,7.56894742821335,-0.196898841294354,0.84584340172995,0.942455831707792,-5.83858731570096
BCAS4,0.00488071673246424,5.97954778899673,0.196793303983385,0.845924917672983,0.942455831707792,-5.83860731625084
CUX1,0.0041024844499971,7.01677467643147,0.196627962215103,0.846052629531835,0.942455831707792,-5.83863862897033
SIGIRR,0.0135646617486711,9.22378322135314,0.196490636706944,0.846158704617395,0.942455831707792,-5.83866461599397
KAZALD1,-0.00475397248178527,6.52209714892599,-0.196394882361486,0.846232670437773,0.942455831707792,-5.83868272552877
GADD45A,-0.0110858342653123,8.91860210080767,-0.196378662867569,0.846245199393799,0.942455831707792,-5.83868579216887
SECISBP2,0.00669699681124212,5.67313204522787,0.196341360417919,0.846274014307791,0.942455831707792,-5.83869284403273
SLC12A8,-0.00446108827937712,5.26991546165355,-0.196289359659196,0.846314183550145,0.942455831707792,-5.83870267232084
BNIP1,-0.00554399000347127,5.67372704585401,-0.1952826484928,0.847091926363195,0.943197625216629,-5.83889243254118
MTARC2,-0.00748984617486863,9.20591363347248,-0.194698134689754,0.847543570705873,0.943416236492711,-5.83900216465049
FSD1,0.00482785371175148,6.41457952665808,0.194646112873998,0.847583769729602,0.943416236492711,-5.83901191494759
BMP3,-0.00328896240249447,6.05742094180629,-0.194567740152804,0.847644331797333,0.943416236492711,-5.83902659921806
RANBP3,-0.00632172271109385,6.90645906732713,-0.19441639847892,0.847761282937375,0.943416236492711,-5.83905493861504
AFM,-0.00791585299776601,9.33580007844487,-0.194306129348781,0.847846497032621,0.943416236492711,-5.83907557316487
SZT2,0.00418305683870837,6.53420101531696,0.193735775275558,0.848287287378493,0.943782432962247,-5.83918211680444
MOCS3,0.00446097355477209,5.55234698426536,0.193576202908104,0.848410619835124,0.943795384097788,-5.83921186949189
RNF13,0.00952055298755547,7.71189688388135,0.193293913441967,0.848628809314009,0.94391383950288,-5.83926444329455
SPARCL1,-0.0159058571971875,7.40312962369364,-0.192031195598967,0.849604951813759,0.944875209637571,-5.83949867730704
CDH11,-0.00397045163569494,6.189454563311,-0.191849725371165,0.849745257556632,0.944906885952565,-5.83953221433621
GLO1,0.00769482180550577,9.30390737133094,0.191377160664431,0.850110650247398,0.945188815077699,-5.83961939954073
PARP3,-0.00527076125834717,6.49826955652147,-0.191177209046706,0.850265265653426,0.945236349792323,-5.83965622486373
JPT1,0.00597447250244465,6.3997327589311,0.190742673593863,0.850601297641527,0.945462684537731,-5.83973612154227
ATIC,0.00574834676000151,6.86913963062627,0.190355603313482,0.850900648743449,0.945462684537731,-5.83980713842909
ALOX5,0.00374091388171234,6.23965856049527,0.190157595210623,0.851053792509554,0.945462684537731,-5.83984341197804
IL11RA,-0.00562000056463242,6.76485596254969,-0.190122388393942,0.851081022858297,0.945462684537731,-5.83984985765592
CNTFR,0.00449477876970153,6.296614610211,0.190116513183102,0.85108556699802,0.945462684537731,-5.83985093317608
ELP1,0.00897546876482068,6.34763324076648,0.189804902505242,0.851326587654627,0.945462684537731,-5.8399079293933
DPH2,0.00395743591734888,6.92198296670114,0.189790085620098,0.851338048402024,0.945462684537731,-5.83991063720665
TGS1,0.00505263285265229,5.32950660538301,0.189686962567149,0.851417814229636,0.945462684537731,-5.83992947730337
MAP3K13,0.00531557489580238,6.37081891701098,0.189523801087812,0.85154402320166,0.945462684537731,-5.83995926529993
RBBP7,0.00623048883454652,7.84618260620405,0.189467272136818,0.851587750534517,0.945462684537731,-5.83996957969738
CST2,0.00372939130541199,6.58352065566618,0.188875279690615,0.852045709044911,0.945846852526208,-5.84007741180872
BMP8B,0.00435122128549546,5.52760904355984,0.188495266515877,0.852339711104742,0.946048937190998,-5.84014645448225
METAP2,0.0102680955007419,6.94309806515466,0.187931373226998,0.85277601498982,0.946408895017596,-5.8402486501018
DEGS1,-0.00645612055701167,5.40220316317373,-0.187527906779977,0.853088220755228,0.946479014939342,-5.84032158399906
SDR39U1,0.00503566384972832,7.57863319126646,0.187427358746288,0.853166029529793,0.946479014939342,-5.84033973557561
LIPT1,-0.00620068104168617,5.52917490429223,-0.187415475225325,0.853175225655973,0.946479014939342,-5.84034188022421
DNAJC22,-0.00751379066272891,6.3341286471324,-0.186766597393,0.853677395748183,0.946911787092694,-5.84045877915213
CTPS2,-0.00352450385631531,5.15032827230574,-0.186279774823435,0.854054192235818,0.947205397610272,-5.84054621770915
ZNF74,0.0042535694955946,5.50360393077888,0.186046791863399,0.854234531709174,0.947272156057156,-5.84058798349935
CST4,0.00608827150625927,6.23653169535898,0.185912359969764,0.854338591871194,0.947272156057156,-5.8406120587958
CLEC1B,0.00880032950470751,8.18337077690806,0.185542561084173,0.854624857418293,0.947376809713643,-5.84067819631958
HDAC9,0.0051771714728101,5.4006050687217,0.185423287950402,0.854717192503408,0.947376809713643,-5.84069950001032
CFLAR,-0.00631433693638666,8.04393890429472,-0.18535594726618,0.85476932511915,0.947376809713643,-5.84071152187977
ERLIN1,0.00648833295279992,8.02958169621704,0.185070595533362,0.854990241216365,0.947469657265427,-5.84076241548087
PLEKHM1,0.003629167691726,6.37302551659217,0.184830351038013,0.855176245270446,0.947469657265427,-5.84080520345034
CEMIP2,-0.00598099200090581,7.30050934097852,-0.184813261960129,0.855189476445374,0.947469657265427,-5.84080824493557
NTF3,-0.00456292682862617,6.0433879510114,-0.184597886682942,0.855356233953025,0.947530175262593,-5.8408465530435
TBP,0.00402434365219232,6.0557893187189,0.184332241965374,0.855561922881697,0.947585158528218,-5.8408937411106
RPS17,-0.00640410379006222,11.7254533378455,-0.184244131703277,0.855630149061574,0.947585158528218,-5.84090937771164
DNAJC1,0.00827589206195091,7.81421397945416,0.183668314697602,0.856076048407207,0.947954738440689,-5.84101138239787
FAXDC2,-0.00592482751990185,10.0183940868727,-0.183267911559067,0.856386140433302,0.948111957216634,-5.84108212537197
ST6GAL1,0.00647051464948627,9.90761617795173,0.183195226045151,0.856442434252611,0.948111957216634,-5.84109495090408
PLEKHF1,0.00451225117602617,6.55009496991106,0.182982536772323,0.856607163350002,0.948170098284977,-5.84113245131072
SLC2A5,-0.00531771714574917,6.42152386307427,-0.182794629334618,0.856752704354956,0.948206987792976,-5.84116554617908
TLE2,-0.00370375586345215,7.8923953168987,-0.182437535210933,0.857029300896453,0.948284900568563,-5.84122834537595
ELAVL1,0.00592431124914469,7.7292061043291,0.182338392798803,0.857106097578307,0.948284900568563,-5.84124575903038
TRIM45,0.00493216678329605,6.24412000086786,0.182269102141678,0.857159771661856,0.948284900568563,-5.84125792383792
TAF6L,0.00386990585765027,6.75397563760748,0.181614113975854,0.85766717508625,0.948722035538527,-5.84137268725112
YWHAE,-0.00841414108406842,8.76381572057378,-0.180844777144958,0.85826324234314,0.949053560126448,-5.84150696039614
MLXIP,0.00684163087379979,6.69319847807464,0.180841910412861,0.858265463594191,0.949053560126448,-5.84150745966756
TCTA,0.00612025991573118,7.51032123398536,0.180625147304691,0.858433423233776,0.949053560126448,-5.84154518838769
EIF3L,0.0067833460855612,9.40432100198603,0.180602330877095,0.858451103021817,0.949053560126448,-5.84154915707968
KPNB1,-0.00589290884507672,8.72120965572387,-0.18046735438733,0.858555693949363,0.949053560126448,-5.84157262468493
CERK,-0.00548511316888268,7.51033645836712,-0.180336277837615,0.85865726543455,0.949053560126448,-5.84159539749453
RNASEL,0.00428135964039967,6.33577367033007,0.180160336023387,0.858793607056167,0.949053560126448,-5.84162593912599
KCNJ14,-0.0042703985260586,5.20068988630523,-0.180067701796123,0.85886539340674,0.949053560126448,-5.84164200750535
ATP13A3,0.00892932545769171,7.23980615093187,0.179025246634538,0.859673324213139,0.949822122071264,-5.84182226444528
SLC66A3,0.00389700686648393,6.26999545097155,0.178790708024096,0.859855119738541,0.949898779159455,-5.84186267613516
OARD1,-0.00490031249935189,6.83153325916905,-0.178550668487173,0.860041187406484,0.949980135109123,-5.84190398097903
STRADA,0.00453314482301116,7.95764228009341,0.178129865857856,0.860367394498511,0.950121234065212,-5.84197625720109
TNIP2,-0.00426236819526562,7.72061561431443,-0.178095793418756,0.860393808646982,0.950121234065212,-5.84198210197699
KMT2A,-0.00541940935500159,6.80423782322665,-0.177790057742771,0.860630833160145,0.95017289266318,-5.8420344979202
ALPK3,0.00397909412262275,6.10624005147494,0.177745366365624,0.860665481709347,0.95017289266318,-5.84204214946032
HNRNPU,-0.00833362901002211,8.42600224050775,-0.177533876410621,0.860829450582617,0.950229765829277,-5.84207833231787
RPS6KA4,-0.00348715265745596,7.83323626125615,-0.177348839081636,0.860972915933829,0.950263994205963,-5.84210995429994
KHNYN,-0.0034128900784204,7.23233639645062,-0.176367951436192,0.861733511669799,0.950971829315736,-5.84227703432761
ZNF264,-0.00639443779817418,6.88814771692377,-0.176231509586801,0.861839321763303,0.950971829315736,-5.84230020205039
SCN4A,-0.00473674984355504,5.63728308251675,-0.175611120938087,0.862320464178588,0.951047662273935,-5.84240531820092
CAV1,-0.00506758732979272,5.97708545969091,-0.175572736415424,0.862350235100239,0.951047662273935,-5.84241180978191
AOPEP,-0.00742395402737985,7.76180127514176,-0.175556617961806,0.862362736587579,0.951047662273935,-5.84241453530912
TSEN34,0.00492933231628609,7.4199180105592,0.175503347229268,0.862404053679865,0.951047662273935,-5.84242354127426
FAM114A1,-0.00393675563437526,8.19105420794729,-0.175347751905874,0.862524736640115,0.951047662273935,-5.84244983066399
ARSL,-0.00998293433176395,8.26719898401347,-0.175272187532422,0.862583347179579,0.951047662273935,-5.84246258963777
ITPKB,0.00434956730089991,6.11114242360512,0.175121075113678,0.862700558031601,0.951052800439273,-5.84248808838594
FGL1,0.00855206802529974,11.2906509950996,0.174783803963447,0.862962175235884,0.951132860646037,-5.84254492053758
CDCP1,0.00504582616055098,5.03841872531808,0.174606398105369,0.863099793325408,0.951132860646037,-5.84257477062717
ATG5,0.00462383144564331,6.63516269761401,0.174549768892757,0.863143722939211,0.951132860646037,-5.84258429262621
NR6A1,-0.00470596539878115,6.56481459323018,-0.174447032310985,0.863223421099936,0.951132860646037,-5.84260155955455
TMCO1,-0.00535926478492503,8.36112022158582,-0.174184671072303,0.863426955273347,0.951233086318094,-5.84264560860306
NTN1,0.00456529935722106,5.50224217161148,0.173878594518033,0.863664415151968,0.951370656763672,-5.8426969136979
TENM4,0.00287855973132178,5.98007651764913,0.173469568847939,0.863981765523704,0.95150189491165,-5.84276533489202
GUSB,0.00705969202922697,9.25055164531532,0.173434774992301,0.864008762089596,0.95150189491165,-5.84277114774224
PLCD1,0.00461326689686211,8.58040846285608,0.172990225878556,0.864353702919753,0.951658011955442,-5.84284531422907
SGSM2,0.00491641057180077,8.75231484221398,0.17283632895333,0.864473123273317,0.951658011955442,-5.84287094545496
SAC3D1,-0.00542945248575182,5.22588863648329,-0.17281665439136,0.864488390505322,0.951658011955442,-5.84287422057455
JAK1,0.00751759508623296,8.10549581980529,0.172475223821118,0.864753345321675,0.951752918764913,-5.84293099751311
ATXN7L3B,-0.0050549994362694,8.05084939295629,-0.172383391043271,0.864824611609497,0.951752918764913,-5.84294624940481
CEP250,-0.00495364254734048,6.82503440868304,-0.172270135519734,0.864912504520209,0.951752918764913,-5.84296504810567
CELP,0.0038112421368101,6.31039727195383,0.171881215396385,0.865214342949136,0.951961093479193,-5.84302950918676
SZRD1,0.00430462095647571,8.47949377432311,0.171710372809965,0.865346939474111,0.951983028063564,-5.84305777936517
RPL9,-0.00619741365442654,11.0436247212103,-0.171444492899723,0.865553305679167,0.952086101664795,-5.84310172009689
SKIC8,0.0056181826687413,7.55725373331827,0.171165199188496,0.865770093792229,0.952144831100974,-5.84314780456024
CHMP7,-0.00586141134329219,6.79946176219726,-0.170852363036365,0.866012930474075,0.952144831100974,-5.84319933470813
POLR3E,0.00619991248142168,6.52853807100665,0.170848556315375,0.866015885496023,0.952144831100974,-5.84319996116976
ADH5,-0.00653100350789723,9.00494145869108,-0.170767001249438,0.866079194272943,0.952144831100974,-5.84321337912067
PAH,0.00742442950942657,10.7494718395795,0.170621980927763,0.866191771524543,0.952144831100974,-5.84323722299712
GSTO1,-0.00688518642342054,10.8005902979674,-0.170504752422338,0.866282776509383,0.952144831100974,-5.84325648265209
KLRD1,0.00391244918934681,6.38337267098205,0.170087287745308,0.866606871566782,0.952377170599468,-5.84332496140248
TAT,-0.00794790520447312,10.1018599670659,-0.16966727994338,0.866932965278193,0.952507818520416,-5.84339368842217
MRPS22,0.00454482539647183,7.82845024749632,0.169643795780699,0.866951199081719,0.952507818520416,-5.84339752619872
PAK4,-0.00364345171286358,8.55949691966047,-0.169153197664219,0.867332131454269,0.952802458500854,-5.84347757852945
CRYBB2P1,-0.0030461609699261,5.2853534890223,-0.168698296727757,0.867685375792009,0.953066609312684,-5.84355159951834
MYL5,-0.00565610218194104,6.02544695268812,-0.16840213677418,0.867915368217979,0.953133483208746,-5.84359968353571
WDR1,0.00489334194803632,8.10447490012896,0.16832940469972,0.867971852460509,0.953133483208746,-5.84361147930564
AQP2,-0.00362243032646258,6.95238820992441,-0.16767322643535,0.868481477837724,0.953381493613509,-5.84371766935787
HAO1,-0.00779705270805154,10.0752343435144,-0.167359886700664,0.868724856035558,0.953381493613509,-5.84376823158955
MPRIP,-0.00436963502097243,8.42983923670512,-0.167343845836584,0.868737315704474,0.953381493613509,-5.84377081749477
EIF3F,0.00693823026190043,9.25081150225195,0.167273660197213,0.868791832495571,0.953381493613509,-5.84378212902961
GOSR1,0.0070783228519748,7.07435032799224,0.16719590694494,0.868852228222921,0.953381493613509,-5.84379465468201
TMEM47,-0.0131170043385266,6.69952157879615,-0.167100937767491,0.86892599773242,0.953381493613509,-5.84380994585484
ZNF668,0.00345160244793253,5.92596304162112,0.167009438029001,0.868997073434503,0.953381493613509,-5.84382467021289
CACFD1,0.00462080925075959,8.8930498527681,0.166876534483566,0.869100313053829,0.953381493613509,-5.8438460430487
PRODH2,0.00892779927017365,9.15135796863131,0.166402876511386,0.869468270573906,0.953661330003829,-5.84392207621104
MAPK9,-0.00448385113626068,6.32336856503065,-0.165929944919168,0.86983569411653,0.953796349456451,-5.8439977777788
PDGFC,-0.00967188393088503,6.83102853665613,-0.165902949948519,0.869856667591673,0.953796349456451,-5.84400209234866
FGFR1,-0.004076599943467,7.31030187020351,-0.165603544314942,0.870089294426793,0.953796349456451,-5.8440498990141
C7,-0.0135223499120892,8.42806467597754,-0.165584675669398,0.870103955054459,0.953796349456451,-5.84405290892234
NEDD4,0.0053903471001369,6.03166718681894,0.165445511569381,0.870212084755713,0.953796349456451,-5.84407509768375
CDK2,0.00363277953871863,6.5277601534956,0.165372749100332,0.870268621811744,0.953796349456451,-5.84408669175452
FBXL7,-0.00365947002670801,6.10182346863032,-0.16520504188251,0.870398934456589,0.953815457937774,-5.84411339508193
SRP19,0.007544452478436,7.44568737508393,0.164961607881667,0.870588095406749,0.953860208080173,-5.84415210800308
CAMTA2,0.00504153594524164,6.74288626810835,0.164861950529555,0.870665536677204,0.953860208080173,-5.84416793993131
WASF2,-0.00432781680260398,7.22786095746856,-0.164324010405542,0.87108357967084,0.954137219825592,-5.84425323431509
YLPM1,0.00509115200622181,6.71949829021187,0.164184533919732,0.871191975692597,0.954137219825592,-5.84427530396289
IL12RB1,-0.00376015067949993,5.56672785354916,-0.164100693442598,0.87125713469518,0.954137219825592,-5.84428856121925
TBC1D8B,-0.00624324283927721,5.52910329711758,-0.163762941672453,0.87151963755953,0.954301015599071,-5.84434189974829
NUDT2,0.00382086305868134,6.2243001397403,0.163455299088671,0.871758752604173,0.954439162931493,-5.84439038799934
KANSL2,-0.00340264871808263,6.23242096127215,-0.16307399897395,0.872055135403194,0.954639965559915,-5.84445035940449
KCTD13,-0.00313791056753228,6.06259104436831,-0.162572975858178,0.872444607670305,0.954890431265149,-5.84452894866979
CASP8,-0.00370822001453624,5.56599167416434,-0.162349517505407,0.872618324610312,0.954890431265149,-5.84456392203946
UFC1,-0.00775103571246919,7.99151856604716,-0.162292551810899,0.872662610903626,0.954890431265149,-5.84457283004221
KCNH4,0.00414852696894092,5.78472421935548,0.162198213028782,0.872735952740917,0.954890431265149,-5.8445875754
NCBP2,-0.00419889529148001,6.35397791903116,-0.161701220476768,0.873122349252099,0.955189519831724,-5.84466511525133
TNS3,0.00718182686684048,8.42917824824963,0.161470934109727,0.873301400893311,0.955261726543493,-5.84470096364863
PDK1,0.00464294189593863,5.90540362266531,0.161299401590827,0.873434774931706,0.955283956532865,-5.84472763279668
PIKFYVE,-0.00597809555441034,5.08751298684199,-0.161082869265232,0.873603143807291,0.955344450002796,-5.84476125795846
ABL2,-0.00371586687746861,6.32839590063433,-0.160887127318764,0.873755352017387,0.95537257526344,-5.84479161582963
TBX6,-0.00270423672208735,6.3015275021922,-0.160758999699423,0.873854986297175,0.95537257526344,-5.8448114673732
BPHL,0.00959814407079386,7.24609781397093,0.16018071692104,0.874304695828822,0.955562551846377,-5.84490086778316
NACC2,-0.00556252021150709,5.06655456959273,-0.160137768895117,0.874338096692571,0.955562551846377,-5.84490749457413
HDAC3,-0.00345395563164973,7.40752053007634,-0.160099310673014,0.874368006020851,0.955562551846377,-5.8449134270937
FBXW11,-0.00530070808207835,5.83545788055123,-0.159694761861464,0.874682639190332,0.955781216369511,-5.84497574621429
CBFA2T3,-0.00457182754303944,5.88239513489376,-0.159551183230971,0.874794310935124,0.955781216369511,-5.84499782611789
LINC00339,0.00542148607417293,6.8088525168767,0.159148479607019,0.875107537686699,0.955999831086309,-5.84505964926466
ALX3,-0.0036448418259536,5.88458222059482,-0.158897560369607,0.875302715718734,0.956089445168473,-5.84509809164685
DDB1,-0.00440196901311254,8.19918272584192,-0.158659358159345,0.875488009327816,0.956168240767745,-5.84513452972651
INTS8,0.00326814319887091,6.34190671409253,0.157753931961427,0.876192392419385,0.956560793853553,-5.84527253637892
ESRP2,-0.00529217077198401,8.32422142778884,-0.157670280335054,0.87625747515593,0.956560793853553,-5.84528524695504
SMIM7,0.00452343629098061,7.58018396010856,0.157639772834215,0.87628121086132,0.956560793853553,-5.84528988079126
CLDN4,0.00421105939924017,5.56150117311388,0.157615303048661,0.876300249138504,0.956560793853553,-5.84529359690228
PARD6A,0.00346240863331263,6.53400196033772,0.157333310011536,0.876519654303949,0.956648520303036,-5.84533638033385
PDE8B,-0.00497347727004571,5.08442217756081,-0.157078477339753,0.876717936071821,0.956648520303036,-5.84537497731926
ZFP36,0.0067084346058105,8.50858283623805,0.157075499162247,0.876720253399611,0.956648520303036,-5.84537542802546
UNC93A,0.00661891263250882,6.41382921905601,0.156464524621654,0.877195678285739,0.956815180698632,-5.84546771038316
MRPL24,-0.00584982189722663,8.25930391710562,-0.156409831650146,0.877238239502499,0.956815180698632,-5.84547595378464
MRPS11,0.00445247367420454,7.90442925399236,0.156322482611407,0.877306213951946,0.956815180698632,-5.84548911319284
PITRM1,0.00570254606229319,6.63328135772914,0.15608080873281,0.877494288044868,0.956815180698632,-5.84552548391773
SRD5A2,-0.00728558739052163,8.02513241901186,-0.156060599956077,0.877510015142806,0.956815180698632,-5.84552852269584
RABEP2,0.0034567164109769,8.35867671521575,0.155931695183252,0.877610334064451,0.956815180698632,-5.8455478967708
EWSR1,0.00559250972289772,7.53902393331921,0.155860660253567,0.877665617230189,0.956815180698632,-5.84555856632413
ANKRD17,-0.00518529444819824,6.25616192860095,-0.155630726990573,0.877844567937104,0.956846605472746,-5.84559306939391
ASPA,0.00899114010022223,6.11418044477647,0.155532631413522,0.877920915056829,0.956846605472746,-5.84560777384894
CYP2J2,-0.0056639436435601,8.45780274524764,-0.155173014117989,0.878200813179439,0.957028226897892,-5.84566160112416
SLC9A1,-0.00352572642219352,6.5165406189155,-0.154931520263021,0.878388782391537,0.957060045500737,-5.8456976780075
PEG10,0.0110132213402727,5.48476928298641,0.154761716902772,0.878520954985625,0.957060045500737,-5.84572301145346
ACTA2,0.0165213762263218,8.0745166089682,0.154663981444823,0.87859703256839,0.957060045500737,-5.84573758031929
KDELR2,-0.00643644638706863,9.2319154582248,-0.154184772431891,0.878970067765645,0.957060045500737,-5.84580888040922
MORF4L1,0.00692095987403205,9.06582601560967,0.154111519771786,0.879027093071882,0.957060045500737,-5.8458197600084
CALCOCO1,-0.00548296848508546,7.41810567524571,-0.153509429215764,0.879495830559856,0.957060045500737,-5.84590898803511
SNRPD1,-0.00290302604056432,5.81822910001877,-0.153502294107736,0.87950138563229,0.957060045500737,-5.84591004334794
WDR26,-0.00611430147111867,7.38519659531438,-0.153391912032022,0.879587324936331,0.957060045500737,-5.84592636309272
COX4I1,0.00501945638464576,10.5017820320028,0.153288754220856,0.879667641079482,0.957060045500737,-5.84594160416004
SERP1,0.00689173121474546,9.3197164544207,0.153143325370526,0.8797808706772,0.957060045500737,-5.84596307319553
NXF3,-0.00250265157810829,5.86922334537269,-0.153053769902037,0.879850599075656,0.957060045500737,-5.84597628377088
FBXL5,0.00764308699958782,6.42820147578924,0.15283285507611,0.880022608898693,0.957060045500737,-5.84600883856786
RPL12,0.00649530651246231,11.0404581402803,0.152686481645796,0.880136582273343,0.957060045500737,-5.84603038284245
CMTM6,0.00543232261727919,9.38480301973324,0.152492717584327,0.880287460370454,0.957060045500737,-5.8460588707313
PHYHIP,0.00352182736595256,6.49806909173316,0.152424013022607,0.88034095961498,0.957060045500737,-5.84606896325668
NEIL1,0.00275538274783104,6.70770709170484,0.152349826909621,0.880398727922866,0.957060045500737,-5.84607985591354
RMC1,-0.00325646379203165,6.19052408694966,-0.152331041461225,0.880413356154147,0.957060045500737,-5.84608261331876
SPG21,0.00604522613240413,7.92478864494347,0.152046817007342,0.880634687123704,0.957060045500737,-5.84612429156091
RAB20,0.00450837964717202,8.03664281112947,0.152002645189244,0.880669085455777,0.957060045500737,-5.8461307618778
EPHB6,-0.00352508911072954,5.71698581565451,-0.151777687614396,0.880844272519262,0.957060045500737,-5.84616368471428
DAXX,0.00375207988281829,6.51991069072144,0.151699678855408,0.880905023772823,0.957060045500737,-5.84617509004009
UTP18,-0.005857388491023,5.96694998418363,-0.151640633032081,0.880951007671248,0.957060045500737,-5.84618371898719
CD3E,-0.00521324938458156,7.62477289827492,-0.15160358798992,0.880979857949923,0.957060045500737,-5.84618913103288
NENF,0.00438879011513238,8.77090141186834,0.151429156156358,0.881115705858221,0.957060045500737,-5.84621459668864
PRR36,0.0032268197126161,6.84495225689547,0.151369297763936,0.881162324576751,0.957060045500737,-5.84622332879611
CUEDC1,-0.00307706300276279,6.48705447773747,-0.151353265145354,0.881174811123756,0.957060045500737,-5.84622566704041
FAAH,0.00641213221269204,7.00399373582814,0.150859382843716,0.88155947277932,0.957246988495604,-5.84629757525252
PDE4D,-0.00359654174230032,6.66433593426351,-0.150841375069437,0.881573498754177,0.957246988495604,-5.8463001927158
EIF4ENIF1,-0.00454875831863121,5.3222914127381,-0.150525121445191,0.881819830276517,0.957391438498852,-5.84634610995708
PFKFB2,-0.0028175324292451,7.10594153069429,-0.150309205949303,0.881988014989182,0.957451018327157,-5.84637740375974
RPUSD2,-0.0035199391740925,5.28136798118447,-0.150065385432145,0.882177942847876,0.957534183309512,-5.8464126881125
RAPGEFL1,-0.00485518656170913,6.04363631536722,-0.149776984520959,0.882402606708931,0.957654659223175,-5.84645435011758
RAP1B,0.00633218786200994,7.9874714079079,0.149631938283545,0.882515601345664,0.957654659223175,-5.84647527308249
SERBP1,-0.00679562294840069,8.53497967235144,-0.148930644744363,0.883061962700281,0.958124497280094,-5.84657614960991
MCL1,-0.00482727106062962,9.34749919562315,-0.148550085729275,0.883358472347263,0.95814890837552,-5.8466306926628
OGT,0.00796571511870125,8.00455085185342,0.148496066320971,0.883400562580505,0.95814890837552,-5.84663842362978
INSIG2,-0.00800843716355321,5.90707422139909,-0.148340924227874,0.883521446412854,0.95814890837552,-5.84666061113333
RGS16,0.00381433201351179,6.32691813085092,0.14823182338409,0.883606457505989,0.95814890837552,-5.84667620023246
ACE2,0.00449646047359735,5.75363309870612,0.14817412904196,0.883651413369282,0.95814890837552,-5.84668443938189
SERPINE1,0.00895909643442174,6.91475242494883,0.148017003434341,0.883773848859885,0.958158714763412,-5.84670686177602
RPL27,0.00502774317037989,10.9638937297755,0.147504304610338,0.884173375012443,0.958439382533628,-5.84677986068047
SCML1,0.00972631869042854,6.69407389913735,0.147096690666217,0.884491035218063,0.958439382533628,-5.8468377171013
AKAP13,-0.00719658758053517,7.76238521071644,-0.146981834209911,0.884580548336604,0.958439382533628,-5.84685399089483
NOL8,0.00456329197834876,5.27287743166986,0.146840223883816,0.88469091420192,0.958439382533628,-5.84687403793487
CR1,-0.00295538803168181,5.87650643062852,-0.146606146693035,0.884873350601838,0.958439382533628,-5.84690713275588
ARG1,0.00558131391198417,10.943577394732,0.14659244940001,0.884884026278488,0.958439382533628,-5.8469090677055
B4GALNT1,0.00377094961031918,6.17229693562262,0.146590074394021,0.884885877361562,0.958439382533628,-5.84690940319263
ZNF532,-0.00543728411130453,5.58838801120087,-0.146520472159309,0.884940125742883,0.958439382533628,-5.84691923261396
NAT10,0.00403723285129824,7.00423891989043,0.146292744550247,0.88511762199772,0.958508766612935,-5.84695136039109
HS1BP3,0.00331657239931875,7.05588498150578,0.145819295492154,0.885486659146815,0.95872549986339,-5.84701799492604
ACSL5,0.00769623693721897,7.98141277579243,0.145744864851435,0.885544677684468,0.95872549986339,-5.84702845089726
NXT1,0.00312618089440627,6.81550551214865,0.145437765755853,0.885784067792876,0.95875401023618,-5.84707153566483
CCT8L2,0.00312137858294838,5.24916377392592,0.145419975707338,0.885797935847794,0.95875401023618,-5.84707402875847
PROSER1,-0.00340388633302727,5.71447205479486,-0.144903449499091,0.886200605072745,0.959044558780282,-5.84714628195146
TBC1D5,0.0038832232288559,7.97484851151003,0.144784463091413,0.886293367989967,0.959044558780282,-5.84716288976405
CMTR1,-0.00451753312014356,7.5939520087748,-0.144579762490467,0.886452958411579,0.959094430035575,-5.84719142948573
MRPS17,0.00405538550707746,6.65946727914014,0.144184216513293,0.886761351339766,0.959305264219821,-5.84724646306352
GPR135,-0.00360060671516385,5.12632582047018,-0.143795735883664,0.887064253607791,0.95943757628996,-5.84730036718396
USE1,0.00513922899604127,6.1825891665076,0.143736113162297,0.887110743615794,0.95943757628996,-5.84730862736497
JTB,0.00387073372297875,10.4129006629256,0.143270086445652,0.887474135993532,0.959600009649125,-5.84737307331468
ARTN,-0.00276541529280128,7.23253385465803,-0.143140415532556,0.887575253650742,0.959600009649125,-5.84739096812064
KLC1,0.00746758968292773,7.45786498990016,0.143106606420185,0.887601618392611,0.959600009649125,-5.8473956311781
HOXB2,0.00396848914761226,6.81430629323804,0.142834413487834,0.887813882496201,0.959706704246245,-5.84743313282375
MRPL2,-0.00400678057789436,7.30199339418661,-0.142665609053455,0.887945525534246,0.959726233149703,-5.8474563542268
CTSC,-0.0069026710345853,7.22636237105909,-0.142453864572099,0.888110660292737,0.959781951588902,-5.84748544388905
TAS2R3,0.00345255408530162,5.24527027796096,0.141920841312552,0.888526376230609,0.9598189102309,-5.8475584802697
FMO2,-0.00510715634300128,5.71407533149188,-0.141792576870067,0.888626417262685,0.9598189102309,-5.84757601464985
PSMB5,0.0049291968857429,8.42751811322261,0.141751314350935,0.888658600749475,0.9598189102309,-5.84758165207575
RAB2A,0.00688732754884823,8.47099681532527,0.141311042610213,0.889002011337166,0.9598189102309,-5.84764170156233
PTPN3,0.00499381468179181,7.60618073919028,0.141279352851955,0.889026730114414,0.9598189102309,-5.84764601659629
OGA,0.00637471367231457,7.46886942830593,0.141181076814161,0.88910338853604,0.9598189102309,-5.84765939220538
GLUL,-0.0056216100898461,9.77273710347578,-0.141068642799835,0.889191091994397,0.9598189102309,-5.8476746833582
GLE1,-0.00415287318382775,5.97787511011319,-0.141038455249435,0.889214639854846,0.9598189102309,-5.84767878682893
RAP2A,-0.00613778960201115,6.27796379807244,-0.140946212305819,0.889286594802508,0.9598189102309,-5.84769132021723
HBEGF,-0.00285409953550261,5.36280697224808,-0.140889323489494,0.889330971930105,0.9598189102309,-5.84769904583069
CDV3,-0.00647473758509224,6.95371511978105,-0.140808106316576,0.889394327468396,0.9598189102309,-5.84771006988955
ABCG5,-0.00579537927764831,9.61869848165612,-0.14038805204035,0.889722013683945,0.960049931762143,-5.8477669849464
AGGF1,-0.0028489886810589,5.83056764340797,-0.14012173456875,0.889929779623256,0.96015151146789,-5.84780298161078
APOH,0.00252116329706095,13.3425973311487,0.139624328612757,0.890317849566835,0.960447571663444,-5.84787003056191
S100A10,-0.00669608061232908,9.59255104078113,-0.139417411854206,0.890479291772193,0.960499108434392,-5.84789785229052
KCTD5,0.00405390522943462,6.21979974527894,0.13924370816698,0.89061482398419,0.960522688279056,-5.84792117644446
KANSL3,0.00318097440224073,6.04301357243959,0.13853973925142,0.89116413048814,0.960570689763919,-5.84801540512611
RABGGTA,0.00489833773148898,6.67287206216621,0.138392343622848,0.891279150321049,0.960570689763919,-5.84803507419689
CAPN2,0.00853085641900489,7.7303747950873,0.138360129457926,0.891304288896494,0.960570689763919,-5.84803937020332
GSDMB,0.0049682142916871,7.26614844334077,0.138253576439627,0.891387439213542,0.960570689763919,-5.84805357275654
SLC3A1,-0.022179556686729,5.90615337027913,-0.137808234224923,0.891734982867913,0.960570689763919,-5.84811281464723
PVR,0.00326729836849521,7.09499522319803,0.137764340260049,0.891769238790199,0.960570689763919,-5.84811864333861
CNDP2,-0.00512202281254093,9.35082210486303,-0.137639645589564,0.891866554740512,0.960570689763919,-5.84813519146766
SIRT3,-0.00377652268542999,8.77269830536796,-0.137516267787801,0.891962844684193,0.960570689763919,-5.84815155011705
H1-0,0.00542272248162796,8.53318669694666,0.137383953360402,0.892066111100558,0.960570689763919,-5.84816907740248
DNAJC8,0.00409303920555266,7.98748273487961,0.137380690511786,0.892068657655603,0.960570689763919,-5.84816950940927
ATP5MC1,-0.00399281047752245,8.59282771492513,-0.137369997133245,0.892077003523777,0.960570689763919,-5.84817092515926
WWP1,0.00903978638741189,8.89211750225466,0.137368283335927,0.892078341093489,0.960570689763919,-5.84817115204725
RCAN2,-0.00538833718777087,5.53945799002116,-0.137292955123863,0.892137132931034,0.960570689763919,-5.8481811218864
CTDSP2,0.00431539547027434,8.93701958775865,0.136969578505372,0.89238952775075,0.960601452879251,-5.84822385942107
SRSF3,-0.00650035564392399,7.88688638824865,-0.136848843351432,0.892483764307324,0.960601452879251,-5.84823979002207
NFATC1,0.00316135751080628,6.85376393477012,0.136819399267149,0.892506746337869,0.960601452879251,-5.84824367294421
FEN1,-0.00255019981912567,5.99476595755667,-0.136495512611014,0.892759556421399,0.960751178268062,-5.84828633027849
ATAD5,-0.00309152051532748,5.48832170608409,-0.13629968265284,0.892912417391906,0.960788881631837,-5.84831207302013
PATZ1,0.00274364389543143,7.40561373756282,0.136159303497532,0.89302199719958,0.960788881631837,-5.84833050380194
PHKG2,0.00378075676485386,6.84377382038534,0.135887818120982,0.893233924597407,0.960827408707171,-5.8483660941187
HOXD9,-0.00456114967566136,5.42732661921991,-0.135780834770614,0.893317440381838,0.960827408707171,-5.84838009960444
MINPP1,-0.00589422553461604,5.78447987513577,-0.135671898307863,0.893402482155594,0.960827408707171,-5.84839434946482
ATRN,0.0042432883300449,7.64000749681055,0.135448993986672,0.893576497589556,0.960827408707171,-5.84842347176149
TPR,0.0043090424035747,7.09394724569057,0.135385145009847,0.893626343790492,0.960827408707171,-5.84843180478075
POLD3,-0.00383631856765422,5.68898088498412,-0.135133225955326,0.8938230186559,0.960916604025745,-5.8484646448295
LEFTY2,-0.00304407724036633,6.10252238404296,-0.134815496764205,0.894071081930708,0.960993275718035,-5.84850597680501
EPOR,-0.00667622885779561,10.1155976313392,-0.134750548390598,0.894121790969845,0.960993275718035,-5.84851441369558
MRPS7,-0.00503422220574063,7.46810925100101,-0.134486789982187,0.89432772754581,0.961055213366737,-5.84854863460616
IL11,-0.00279180147768286,6.76496754908918,-0.134385406726075,0.89440688732734,0.961055213366737,-5.84856177060834
RNF138,-0.00552256667835913,6.26762548185877,-0.134165493539253,0.894578598852194,0.96107232433356,-5.84859023028435
FANCE,0.00413235629952286,5.44364454865431,0.133851004509031,0.894824165840334,0.96107232433356,-5.84863084848994
CPE,-0.00305766880677223,5.75768782954138,-0.13381766020915,0.894850203184643,0.96107232433356,-5.84863514953412
PPCS,-0.00378367286245235,7.73490129202601,-0.133782373852319,0.894877757142775,0.96107232433356,-5.84863969991723
DDX51,-0.00319020208198182,6.42122863979959,-0.133494942765588,0.895102207720007,0.961191213017417,-5.84867672122893
DBH,0.00484126605050855,6.94040437325241,0.133053099305116,0.895447254170253,0.961263325494205,-5.84873347596561
SH3D21,0.00345307542081117,6.68379293259982,0.133022069500483,0.895471486909198,0.961263325494205,-5.84873745468226
ADIPOR2,0.00554148825768455,8.94390802375803,0.132971936074197,0.895510638850933,0.961263325494205,-5.8487438809543
CMPK1,-0.00641332780755779,7.66719544242677,-0.132198792417305,0.896114463697495,0.961789307537639,-5.84884267895185
ABHD17B,-0.00414357539633243,5.88791703188457,-0.132043528133882,0.89623573284238,0.9617973002944,-5.8488624504287
DHRS7,-0.00962766143437586,8.67515508495442,-0.131751745361326,0.896463636778143,0.961866321937571,-5.84889954353266
SLC1A5,-0.00268802529223651,7.36656734412977,-0.131669714959183,0.89652771024619,0.961866321937571,-5.84890995695877
KCNQ1,-0.0031324418436437,7.24856630906835,-0.131254214720438,0.896852266185893,0.962092376446718,-5.8489626035834
DNALI1,-0.00321356199293697,5.08340636440864,-0.130598808865657,0.897364255107529,0.962247986519738,-5.84904531020033
AATK,0.00258978580813089,7.19264147735801,0.130538486037983,0.897411380311095,0.962247986519738,-5.84905290165632
GABRD,0.00383696955058185,5.89593599372181,0.130516774178106,0.897428342074943,0.962247986519738,-5.8490556331752
IFNAR1,0.00331183562441896,5.85697392961064,0.130485433397471,0.89745282624403,0.962247986519738,-5.84905957528648
YJU2B,-0.00354179773976688,6.88643182758199,-0.130286322402331,0.897608378975866,0.962292667133477,-5.84908459782517
VEGFA,-0.00398211811661683,8.59052119350526,-0.130006702469949,0.897826835347046,0.962404764516369,-5.84911967363091
GCC1,0.00466600802586035,7.144842500547,0.129694599118438,0.898070679599755,0.962454663061205,-5.84915873534659
SLC30A3,0.00319712682689329,7.68476649497698,0.129655554546205,0.898101185590249,0.962454663061205,-5.84916361542698
EFL1,-0.00312281236952824,6.02899291669929,-0.129172075541615,0.898478946902782,0.962519890766276,-5.84922392268693
DHRS12,0.005136490936373,6.65217679874076,0.129144344446879,0.898500615056953,0.962519890766276,-5.84922737493408
UQCRC2,0.00544003637408359,8.77975980085523,0.129140300391009,0.898503774954365,0.962519890766276,-5.84922787831724
TMEM134,-0.00447558788775609,6.93382268638922,-0.128946707028142,0.898655044709864,0.962559909722189,-5.84925195741081
OBSL1,-0.00658489733575164,6.63649803747437,-0.128319331379061,0.899145289921094,0.962962953084062,-5.84932974244717
USP13,-0.00357248143917278,7.20034531357439,-0.12808399705299,0.899329196046951,0.963037854086521,-5.84935882264865
CALD1,-0.00648097258118612,9.2923558591979,-0.127793369975961,0.899556319675678,0.963159009282752,-5.84939466181999
TSSC4,0.00314888508008768,6.33118696776013,0.127418771253523,0.899849079768313,0.96335040213382,-5.8494407362081
P4HTM,0.00409546176632959,6.95959704771462,0.127230088525679,0.89999654650504,0.963386219656396,-5.8494638924179
STX2,0.00331956993764147,7.11690155344053,0.126216874176254,0.90078849689426,0.964111817448575,-5.84958765389878
HEBP2,0.00544854805316723,8.5451874372421,0.125871609609915,0.901058387482427,0.964160482337617,-5.84962960139243
SPAG4,0.00315134590477236,5.21487062205894,0.125863450821145,0.901064765292043,0.964160482337617,-5.84963059124705
RPS7,0.00484084236442442,10.4185006572514,0.125720809052817,0.901176270947042,0.964160482337617,-5.84964788672755
NFS1,0.00334811027884012,7.45300738037929,0.123764447477204,0.90270580469748,0.965499551664675,-5.84988312200117
SRP9,-0.00533706787742782,8.97530101168524,-0.123707323673834,0.902750471416319,0.965499551664675,-5.84988993529238
PML,0.00295715655343135,7.4045254557865,0.123681522897694,0.902770645881964,0.965499551664675,-5.8498930115825
TGFBI,0.0048789003221814,8.81708543796994,0.123444523623788,0.902955966473424,0.965521549911975,-5.8499212396198
GAPVD1,-0.00451151794021477,6.70574940393747,-0.123362966928862,0.903019740704656,0.965521549911975,-5.84993094101058
HABP2,-0.00375153928992135,10.5656775425188,-0.123003065383474,0.903301178039409,0.965615090298732,-5.84997367582552
CLTB,-0.00344845137438508,7.60347532814495,-0.122958825511368,0.903335773823843,0.965615090298732,-5.84997892027746
OTUD4,0.00368770663233122,6.91745801135878,0.122571958206171,0.903638314239552,0.965681314310291,-5.85002470152373
TIMM50,0.00259499542199279,5.06307536833202,0.122452501502873,0.903731735565927,0.965681314310291,-5.85003880873001
GALNT10,-0.0034946185455798,6.22737968237098,-0.122346604643589,0.903814553589796,0.965681314310291,-5.85005130310654
NDUFB6,-0.00474807634676628,8.19261768239429,-0.122275787266255,0.903869937873472,0.965681314310291,-5.85005965256335
MAP3K7,0.0034712874000287,6.00410795233066,0.122148949171515,0.903969135644308,0.965681314310291,-5.85007459486822
CASP10,-0.00303500677361251,7.05231780610588,-0.120603018036816,0.905178309267039,0.966850804361835,-5.85025547058662
ALMS1,-0.00401141407138184,7.59884068905412,-0.120021808863133,0.905632972165122,0.96721418286088,-5.85032287776446
NDUFB4,0.00586483905214572,9.70482693989479,0.119720252182231,0.905868884223322,0.967255471904507,-5.85035772343786
SLCO1B3,-0.010640762142674,8.00502013884623,-0.119679752219082,0.905900568597902,0.967255471904507,-5.85036239664887
HSPB8,-0.00256552249676451,6.0600019845587,-0.119353631553874,0.906155708748508,0.967355378549013,-5.85039996952916
CNOT8,-0.00411544305105255,6.02977195345271,-0.119025721434536,0.906412259370229,0.967355378549013,-5.85043764536089
MBL2,0.0156901562974193,8.82563989112966,0.118984685580895,0.906444365778643,0.967355378549013,-5.85044235296373
ALDOC,-0.00607877949487804,8.44880938795125,-0.118797152825445,0.906591093297943,0.967355378549013,-5.85046384595356
BIRC7,-0.0047021697044517,6.51337808388526,-0.118786035728782,0.906599791534112,0.967355378549013,-5.85046511901289
NLGN3,-0.00292093407905864,6.70986806083009,-0.118682222640072,0.906681017527596,0.967355378549013,-5.8504770012865
MRPL18,-0.00379842877078066,7.37711987605584,-0.118534467372734,0.906796626804551,0.967356583322618,-5.85049389521938
ATXN1,0.00762272851433221,5.58188092279367,0.118385763326159,0.906912980584543,0.967358581916106,-5.85051087641586
NXPH3,0.00259352071339224,7.34585813969049,0.117818435182678,0.907356907325268,0.96768867324768,-5.85057546670475
MSL1,-0.00565766740218959,7.82997549473253,-0.117697572452877,0.907451484830132,0.96768867324768,-5.85058918688987
TESK2,0.00259447577109448,6.59956719712469,0.117435475307906,0.907656585933612,0.967785255664229,-5.85061889151894
TAF6,-0.002485835902468,7.57671238971766,-0.116756229661297,0.908188152549962,0.968229862357706,-5.85069556568529
CDC37L1,-0.00423623246215982,6.01614957827423,-0.116439160063596,0.908436301211233,0.968372239842932,-5.85073120488256
NAT2,-0.00593447514633719,9.05566002575273,-0.116242690159502,0.908590069570718,0.968413986865864,-5.85075323989297
MAU2,0.00254378846875864,7.30500020375161,0.115976197262046,0.908798647730483,0.968435028686076,-5.85078306892262
DR1,-0.00387944567449322,6.39957801518059,-0.115748991000764,0.908976482435982,0.968435028686076,-5.85080844653701
NAIP,-0.00385750824169167,5.49055943537073,-0.115650762418824,0.909053367622971,0.968435028686076,-5.85081940271004
SCP2,-0.00446561223959316,9.92991544302386,-0.115532197309231,0.90914617177634,0.968435028686076,-5.85083261479675
HBD,-0.0032480158868008,5.93356238442959,-0.115420481283495,0.909233616183612,0.968435028686076,-5.85084505128538
CYP2D7,-0.00418268139055053,6.96494478843055,-0.115338920464105,0.909297457703589,0.968435028686076,-5.85085412323836
PICALM,-0.00505455016142168,7.79575790001342,-0.115123256429646,0.909466271198988,0.968440785137781,-5.85087808054401
EEF1B2,0.00344543126326286,10.1556711212858,0.114748252264467,0.909759820463577,0.968440785137781,-5.8509196317256
PHF3,-0.00274392640669918,5.42909046375428,-0.114624211881294,0.909856920869652,0.968440785137781,-5.85093334584194
HDGF,0.00342596622310873,9.46902611199062,0.114562109674974,0.909905535818529,0.968440785137781,-5.85094020640343
SLC27A3,0.00518814315270218,7.53976195060678,0.114526352935205,0.909933527131429,0.968440785137781,-5.85094415484145
PTPA,-0.00460114730493387,8.23296296310703,-0.114437754913249,0.910002884502278,0.968440785137781,-5.85095393297474
LY6D,0.00304915615587991,5.17292017513884,0.114307158024556,0.910105121275635,0.968440785137781,-5.85096833253954
CELF2,-0.00457921985171951,7.51683321684739,-0.11406707655971,0.910293071382099,0.968511988879539,-5.85099476099582
GFI1,-0.00307817225824126,5.85673163496812,-0.113842408108847,0.91046896014724,0.968511988879539,-5.85101944250774
PGAM2,0.00235804849983443,5.19483578953522,0.113782468758982,0.910515886350185,0.968511988879539,-5.85102601908251
C2CD2,-0.00387416278323521,6.61740155717037,-0.113436373127267,0.910786849361277,0.968583220845889,-5.8510639252192
VPS8,0.00197145376262099,6.23104693589944,0.113297346666249,0.910895698222887,0.968583220845889,-5.85107911963138
LUM,0.0128527125980514,5.72444130152263,0.113146101552326,0.911014115551971,0.968583220845889,-5.8510956283052
CLPX,-0.00366509686908895,5.59880792020865,-0.112919111072531,0.911191841683651,0.968583220845889,-5.85112036339157
GSE1,0.0033119162700408,6.97126659806216,0.112754302285254,0.911320884573342,0.968583220845889,-5.85113829147329
CPB2,-0.00325224917204492,11.0727529389662,-0.112664060239145,0.911391543851458,0.968583220845889,-5.85114809702295
TMEM97,-0.00852541257549131,8.93970963229789,-0.112416182411409,0.911585635393128,0.968583220845889,-5.85117499066651
PRCP,-0.00339711578021053,8.56645359578913,-0.112384856864895,0.911610164104474,0.968583220845889,-5.85117838513888
GGTLC1,0.00563933565129568,7.39765979366594,0.11227993418226,0.911692321931843,0.968583220845889,-5.85118974780008
FRZB,0.00593519988917227,5.49415112278551,0.112232959223503,0.911729105160734,0.968583220845889,-5.85119483154486
ARHGEF6,0.00228769735655559,7.09200645396785,0.111832973167074,0.912042318102786,0.968794165678006,-5.8512380329499
MYCT1,-0.00195555348496664,5.98476382692603,-0.111393640505838,0.912386358703899,0.968969387710249,-5.85128530656286
B3GNT3,0.00244332351197876,7.51569157874935,0.111329462941038,0.91243661751603,0.968969387710249,-5.85129219671989
TRIAP1,0.00315403474532511,8.08391375189023,0.110643392519884,0.912973917287483,0.969145422113892,-5.85136560601999
REEP4,0.00333054301298664,6.78463864682033,0.110489772573642,0.913094231448577,0.969145422113892,-5.85138198120204
LAPTM4B,0.00831451030005892,7.61987454114641,0.110235540257698,0.91329334927604,0.969145422113892,-5.85140903128302
EIF4EBP2,0.00260814969569259,8.05487288046491,0.110194405028461,0.913325567435631,0.969145422113892,-5.85141340218366
PLEKHG6,-0.00258898087237064,6.47009363655864,-0.110156566764716,0.913355203463004,0.969145422113892,-5.85141742132046
LILRA2,0.0027693137757132,5.46678522080699,0.110125158673634,0.913379803290688,0.969145422113892,-5.85142075640467
GLI1,-0.00328917727504255,7.93120422790812,-0.109996711122148,0.913480408474456,0.969145422113892,-5.85143438578835
MT3,0.00265961280604781,6.34577940690301,0.109904592843167,0.913552560057904,0.969145422113892,-5.85144415054375
SUMO1,-0.0055185092589586,8.15517950258753,-0.109799841509783,0.913634607403463,0.969145422113892,-5.8514552445045
TUG1,-0.00411714251602207,8.71348713789338,-0.10897418193935,0.914281346617576,0.969605662099877,-5.85154231827322
ADAP1,0.00309507664508653,7.7194631909024,0.108952950287191,0.914297978178914,0.969605662099877,-5.85154454869902
RNF7,0.00280641793636441,5.90138035118583,0.108601533838012,0.914573261911882,0.969775889466106,-5.85158140262303
RPS15,-0.00343100199780948,11.7773914871473,-0.108197013268711,0.914890158639213,0.969945250387212,-5.85162367848415
TMEM80,-0.00269832536593805,7.42194148441851,-0.107836637603086,0.91517248500665,0.969945250387212,-5.85166120811037
MICU1,-0.00362178323706876,8.26316785831022,-0.107788145870552,0.915210475394596,0.969945250387212,-5.85166624850757
SMC6,-0.00508703484923581,5.49883481831176,-0.107634655496882,0.915330727343672,0.969945250387212,-5.85168218789748
DEDD,0.00266999131953673,7.6271920598016,0.107474305263758,0.915456355869808,0.969945250387212,-5.85169881542792
RIPK4,0.00231038657166235,7.75763386199223,0.106910527884769,0.915898072760171,0.969945250387212,-5.85175707980823
ELOC,0.00351382546011942,7.31335893580968,0.106907126418026,0.915900737877997,0.969945250387212,-5.85175743040879
KCND1,-0.00254854838848851,5.53117078501253,-0.106866791886439,0.91593234087477,0.969945250387212,-5.85176158697458
ABI2,-0.00244607734270813,7.40389801203908,-0.106716300503702,0.916050255458313,0.969945250387212,-5.85177708162891
SIPA1L1,0.00312242146191032,6.87701861493817,0.106609499986321,0.916133938121985,0.969945250387212,-5.85178806462318
EMC3,0.00499756085066166,7.68855506574489,0.105780607845773,0.916783443593169,0.969945250387212,-5.85187293157318
ASB9,0.00536604261161661,5.89094263281823,0.105564305718925,0.916952944019252,0.969945250387212,-5.85189496902675
PHF8,-0.00322841422348352,6.93800400538545,-0.10554321103956,0.916969474620138,0.969945250387212,-5.85189711579922
EDN1,0.00279669033108667,5.71912747890373,0.105279067230626,0.917176471116524,0.969945250387212,-5.85192396102238
BEX3,-0.00337351427413599,9.5938969807479,-0.105163145520727,0.917267315158344,0.969945250387212,-5.85193572105789
CLTA,-0.00314978441165804,9.19757134708431,-0.105034867288392,0.917367843954436,0.969945250387212,-5.85194871955536
CCR2,-0.00486791157047495,4.99898163700561,-0.10501774413527,0.917381263095936,0.969945250387212,-5.8519504534542
TXNIP,-0.00664974749357052,9.96513663921429,-0.104789227465292,0.917560350378381,0.969945250387212,-5.85197356613498
PANK2,-0.00250964433939293,7.01748590392712,-0.104788082596746,0.917561247617014,0.969945250387212,-5.85197368180291
KCNK1,0.00270674706450016,5.07779284215137,0.104786447248005,0.917562529247379,0.969945250387212,-5.85197384702266
HNRNPK,0.0044938466144943,9.69616154999314,0.10471167850813,0.917621126100112,0.969945250387212,-5.851981398179
ANO10,0.00238161991815894,6.47578762143983,0.104644458359784,0.917673807472467,0.969945250387212,-5.85198818238085
MUTYH,-0.00246666415428281,6.18363819290116,-0.104622433598681,0.917691068670918,0.969945250387212,-5.85199040428614
SPP1,0.00595970872926146,5.18419805259631,0.10456287643605,0.91773774489122,0.969945250387212,-5.85199641020125
AHNAK,-0.004534086412834,8.69370225962075,-0.104555182532484,0.917743774789988,0.969945250387212,-5.85199718582741
DOCK2,-0.00272691915687904,5.04630791212032,-0.104532920572788,0.917761222056191,0.969945250387212,-5.85199942974526
SUPT20H,0.00195705397215371,6.52906518719452,0.104314394531545,0.917932488751901,0.969945250387212,-5.85202143097258
DNAI2,0.00326715897787629,5.20079957714797,0.104295876669322,0.917947002052844,0.969945250387212,-5.85202329323944
DENND2A,-0.00207206975341131,5.58220349507274,-0.103676329987777,0.918432586205699,0.970337003430627,-5.85208540820229
BABAM2,0.00242786040010331,7.58059462368371,0.103099318526828,0.918884861795873,0.970518689290432,-5.85214292617366
CCL24,-0.00193580827147106,5.21075518944972,-0.103044077204308,0.918928162767197,0.970518689290432,-5.85214841595081
NCR2,0.00248724101953215,7.45348519175688,0.103017345758818,0.91894911633287,0.970518689290432,-5.85215107141563
PIGV,0.00268269182462149,7.85249397791364,0.102464732277682,0.919382298461046,0.970640739557297,-5.85220581310545
FZD1,-0.00196887059699459,5.49356909645586,-0.102185576701198,0.919601132450981,0.970640739557297,-5.8522333543421
COX6A2,-0.00240535962427892,6.77603904459966,-0.102161566701094,0.919619954534229,0.970640739557297,-5.85223571964174
P3H1,0.00338963357977694,6.41318526035495,0.102130958601701,0.919643949114699,0.970640739557297,-5.85223873413558
FBN1,-0.00471234400178875,5.78827568211229,-0.10203176805257,0.919721708014863,0.970640739557297,-5.85224849689562
KLHL20,0.0035902432604326,6.34195431032918,0.101917812180423,0.919811042980302,0.970640739557297,-5.85225970122545
AJAP1,0.00302353904191668,5.33614045857821,0.101844185889241,0.919868762411223,0.970640739557297,-5.85226693363335
TOB2,-0.0049271944169281,7.10991405600675,-0.101416939565872,0.920203711690723,0.970814863849317,-5.8523087995515
TSPYL2,-0.00219721531073812,7.57948291432258,-0.101133939481905,0.920425584295049,0.970814863849317,-5.85233643396829
PDE3A,-0.00215302915840356,6.03182843844206,-0.101054398665173,0.920487945645857,0.970814863849317,-5.85234418708986
APOM,-0.00375802896227559,10.2756327630601,-0.101047523399755,0.920493335995353,0.970814863849317,-5.8523448569599
PSMA3,0.0047976465154391,7.70127371421356,0.100891715819936,0.920615493394471,0.970822528289439,-5.85236002537893
GRK6,0.00246144394319729,7.92274006557141,0.100602786579256,0.920842027137377,0.970861371655823,-5.85238809178095
GC,-0.00228539336737558,11.8122364697887,-0.10055165467108,0.920882117612002,0.970861371655823,-5.85239305032817
DAO,-0.00491400962058916,8.44811069981882,-0.100135586651807,0.921208347849917,0.971084149118239,-5.85243330515813
RPP40,-0.00259342695152687,5.67226197595014,-0.0998202459942389,0.921455609362996,0.971223637160698,-5.85246370348059
DUS2,-0.00236633105189495,7.83596257369797,-0.0996139672512403,0.921617358840246,0.971272971090058,-5.85248353659434
ECEL1,0.00171852862227658,6.62716465350897,0.0989090368115791,0.922170142631323,0.971734344087128,-5.85255100429868
LDAH,0.00233597141014284,5.87348356624124,0.0985084561600891,0.922484283122658,0.97194416363921,-5.85258912992028
PI4KB,0.00253893667979107,7.49294954602361,0.0981143526999752,0.922793356798394,0.972014413986357,-5.85262648823396
NFKBIA,0.00498379524279382,9.87440293336166,0.0980720561289309,0.922826528418859,0.972014413986357,-5.85263048876993
TRAFD1,-0.00242014889722014,7.28620298864903,-0.0977620138646808,0.92306968738322,0.972014413986357,-5.85265976088061
AMPD3,-0.00181828319851502,6.4430018096949,-0.0976969202865252,0.923120739750498,0.972014413986357,-5.85266589481885
EGR1,0.00807561639898177,8.02610703625696,0.0976136723607125,0.923186030921829,0.972014413986357,-5.85267373354113
PDE11A,0.00237663612049881,5.44208520667534,0.0975433993220529,0.923241146349645,0.972014413986357,-5.85268034533686
TPX2,-0.00285545792942023,5.74953431600396,-0.0969694942665895,0.923691277199245,0.972201053190736,-5.85273416441788
TMEM106C,0.0026590250958541,8.15673995421685,0.0969136041068093,0.923735114923928,0.972201053190736,-5.85273938867489
ZNF277,-0.00311730939211586,6.85133955858909,-0.0967788596867123,0.923840803402833,0.972201053190736,-5.85275197135532
FAM215A,0.00237886231048575,5.05282089786781,0.0967306291533476,0.923878633978889,0.972201053190736,-5.8527564709603
HOXA6,0.00227511185723835,5.27347373821683,0.0965513049145239,0.924019292126574,0.972227993832593,-5.85277318112844
ADGRL2,0.0031627584467182,5.75234981522587,0.0960566997355305,0.924407263205448,0.972299796318456,-5.85281910992188
CD101,-0.00162159267992873,5.15520436179576,-0.0960316385441898,0.924426921859775,0.972299796318456,-5.85282143081906
ZNF500,0.00258476253739114,6.52104586824446,0.0959743679981849,0.924471846560948,0.972299796318456,-5.85282673232811
UBR5,-0.0042165296273163,5.59566123200044,-0.0958775494241078,0.924547794487432,0.972299796318456,-5.85283568759498
GTF2H5,0.00331456356918991,6.27392126460986,0.0955086693836963,0.924837163851492,0.972483080456086,-5.85286972453773
PCGF3,-0.00319169222755942,5.66647395264577,-0.0952646790075015,0.925028568913607,0.972563320557419,-5.85289216575767
DENND2D,0.00358447920988253,6.76812218020296,0.0944208090915578,0.925690602111656,0.973138291595359,-5.85296933922875
BTN3A1,-0.0023919111337694,7.15805337634009,-0.0942083587631736,0.925857282469397,0.973192441456202,-5.8529886601115
GLDC,0.00583152100176769,8.91408583531366,0.0940462888727614,0.92598443862481,0.973205038106921,-5.85300337000611
BLVRA,0.00227016600755691,7.16215541377616,0.0936649994867219,0.92628359715378,0.973210484550357,-5.85303787705255
SSH3,0.00206696449290041,7.11021487106226,0.0934735101671225,0.926433843337436,0.973210484550357,-5.85305515418375
CST7,-0.00194877592950675,6.48033144103227,-0.0932138615940992,0.926637573077139,0.973210484550357,-5.85307852456264
GAR1,-0.00281411109344153,6.1464652414636,-0.0929638215133362,0.926833768529135,0.973210484550357,-5.85310096871505
TRAIP,-0.00208065950195908,5.60551399070576,-0.0929619529754048,0.926835234706664,0.973210484550357,-5.85310113621243
CEP170B,0.00238927599379223,7.93350259051033,0.0928627586325465,0.926913069483269,0.973210484550357,-5.8531100232513
DCHS1,-0.00288107290762464,6.78334597263594,-0.0927709184172468,0.926985134370282,0.973210484550357,-5.85311824296656
HK1,-0.00302763256201603,6.88994961034371,-0.09274505120629,0.927005431887016,0.973210484550357,-5.85312055661979
ERBIN,0.00510002229846583,6.0173247664154,0.0927186144747846,0.927026176348618,0.973210484550357,-5.85312292054685
HSP90AA1,-0.00384407276471718,10.2908399444496,-0.0918856367399417,0.927679827283338,0.973573038342051,-5.85319705914618
PAF1,0.00400443616589576,6.59503363696999,0.0918601989919541,0.927699789518215,0.973573038342051,-5.8531993126965
SAR1B,-0.00485346407748463,7.32083192492356,-0.0918271811108833,0.927725700324172,0.973573038342051,-5.85320223684711
POU2F1,0.00177709449002017,6.26000048645386,0.0915890612074409,0.927912567526752,0.973573038342051,-5.85322329427276
CDX2,0.0019734736515637,6.4031633303841,0.0915444162197801,0.927947603645785,0.973573038342051,-5.85322723623835
PTMA,0.00313995773255987,10.0604202435054,0.0908634758637807,0.928482004870305,0.973924365978982,-5.85328712241527
MXRA7,-0.00418539475607571,7.44458903853626,-0.0908240066368524,0.928512981340435,0.973924365978982,-5.85329057989004
APC2,-0.00227149417981482,6.86197322029187,-0.0905022699680305,0.928765492937069,0.974068315169199,-5.8533187077988
USP12,0.00235326315903206,5.11437741221177,0.0902214804361792,0.928985873909299,0.974159365721328,-5.8533431743936
FAM174B,0.00153301233789394,5.71721506681738,0.0900360513125458,0.929131413351499,0.974159365721328,-5.85335929011361
TTC31,0.00264239007729726,7.66843694428287,0.0899159832421797,0.929225653628557,0.974159365721328,-5.85336970760784
FLRT2,-0.00308488653147845,5.24868289206444,-0.0898041271548774,0.929313449358536,0.974159365721328,-5.85337940010658
AFG2B,0.00161338276302834,5.49264218851088,0.0891865974231195,0.9297981644318,0.974229311892424,-5.85343269300531
KCTD7,-0.0019177619130266,6.04147768334235,-0.0891478634410944,0.929828568671816,0.974229311892424,-5.85343602350737
TMEM126B,-0.00258613468752716,7.40648135455167,-0.0891073614697445,0.929860360812799,0.974229311892424,-5.85343950448216
FBL,0.00287409854034406,8.19281446587123,0.0890187064362271,0.929929951260626,0.974229311892424,-5.85344711849474
CHST10,0.00186915817495568,7.53425526278044,0.0889847031277699,0.929956642570922,0.974229311892424,-5.85345003681168
POLR2B,-0.00280854596018094,7.90897822760083,-0.0883391844922906,0.930463366293672,0.974469695123309,-5.85350522680807
TJAP1,-0.0019130469071482,7.31556341350456,-0.0883140566201365,0.930483091960065,0.974469695123309,-5.85350736705074
FRAT2,-0.0034153820748665,5.53815876963821,-0.0882516686210256,0.930532067449702,0.974469695123309,-5.85351267825901
MCUB,-0.00163058910946604,5.59692397214378,-0.0880553769445511,0.930686161122877,0.974510292625565,-5.85352936447823
SNRPF,-0.00341106658569277,6.84713658783498,-0.087872041892053,0.930830086057453,0.974540233823005,-5.85354491576017
SLC38A7,0.00210110200195498,7.89192145317802,0.0875533402135854,0.931080284684066,0.974681417936119,-5.85357187234971
FUBP1,-0.00212339104475744,6.73202342985912,-0.0864425727959743,0.931952356211975,0.975473480737172,-5.85366505889032
SH3BGRL,-0.00669243036058815,6.97499452843199,-0.0854593093371778,0.932724396745279,0.976115743948067,-5.85374655665189
H2BC5,-0.00324681733011587,8.20377168599619,-0.0853668496510856,0.932796997914868,0.976115743948067,-5.85375417225058
MAFG,-0.00239545622894518,6.7729371349585,-0.0848800407318386,0.933179259775276,0.976284455595806,-5.85379413322801
MAP2K5,-0.00208209977605206,7.15338900973983,-0.0848672604304989,0.933189295603234,0.976284455595806,-5.85379517925606
EDEM2,-0.00238039795615943,6.33723880467108,-0.0843333022226544,0.933608600487957,0.976501347587601,-5.85383874142406
ACTR3,0.00323435589927227,8.52445087035072,0.084217540998861,0.933699507683157,0.976501347587601,-5.85384814938942
ANXA4,-0.0039594021677479,8.5442962801395,-0.0841617757556428,0.933743300415126,0.976501347587601,-5.85385267684653
SEL1L,0.00392857860153783,8.5393070264474,0.0837250340126868,0.934086283390277,0.976739152907789,-5.85388803130793
IGFBP2,0.0105110919890866,8.76874477322309,0.0826239578701595,0.934951041107435,0.977316621729812,-5.85397634812362
ARPC3,-0.00458893795530969,6.9720601383451,-0.0826007548552565,0.934969265067349,0.977316621729812,-5.85397819665759
UBE2A,-0.00276729770611129,6.40212758879198,-0.0825800700146854,0.934985511250154,0.977316621729812,-5.85397984413665
KDM5B,0.00230623504305118,6.43676140735,0.0823405078377933,0.935173669080604,0.97739239378245,-5.85399889443072
AP5Z1,0.00304054088467777,5.83016438678654,0.0819040522496875,0.935516481672844,0.977629763806027,-5.8540334597767
CST5,0.00121177018978201,6.10242685145863,0.0814206388339968,0.935896192127552,0.977723649009994,-5.85407152971042
FAM193A,0.00308516258205798,6.284399861427,0.081394106132398,0.935917033427245,0.977723649009994,-5.85407361270305
MMP11,-0.00191572231384076,7.15565098063031,-0.0813477533471195,0.935953443413236,0.977723649009994,-5.8540772500755
HACD2,0.00263739589893348,7.2906197526766,0.0810279150730868,0.936204679420897,0.977723839494064,-5.85410229182852
MX1,0.00354583827488868,7.18562991032756,0.0809380506796538,0.936275269986593,0.977723839494064,-5.85410931002487
PTER,-0.00326121851496022,5.71311657031056,-0.0809056181168924,0.936300746649227,0.977723839494064,-5.85411184102
ADAM19,0.0014591629069003,6.23474675105477,0.0804861686508056,0.936630241949636,0.977814410065362,-5.8541444829807
COL5A1,0.00172604840502353,6.75024093369581,0.0804691298678333,0.936643626881386,0.977814410065362,-5.8541458053715
MAST4,0.00352339304141246,7.9849091632317,0.0803322547404972,0.936751150765522,0.977814410065362,-5.8541564181859
FER,0.00148395629494285,5.36514243085081,0.0800355169949316,0.936984260884245,0.977814410065362,-5.85417936418289
AP2B1,0.00273742172128907,7.25544756570227,0.0799802663619953,0.937027665109644,0.977814410065362,-5.8541836272068
DNAJB12,0.00162143923330919,7.7666171840077,0.0799113743484463,0.937081786119444,0.977814410065362,-5.85418893865014
ERO1A,-0.0015134879899484,5.44599508628225,-0.0796481712404195,0.937288559230862,0.977909411717593,-5.85420918899044
HCFC2,-0.00157624398943976,5.10485485690929,-0.0790196947195553,0.937782310529371,0.97802285916511,-5.85425727272364
MFAP3L,-0.00507481678809421,7.01842668468564,-0.07892036409934,0.937860350206221,0.97802285916511,-5.85426483751408
EIF2S2,-0.00297362432001209,7.5421310932985,-0.0787634534583955,0.937983629266244,0.97802285916511,-5.85427676809094
POLR1B,0.00444345800528113,6.79669716133676,0.0786260933701937,0.938091549469842,0.97802285916511,-5.85428719267886
BRD9,-0.00214487901886511,8.08072098401301,-0.0785271317729217,0.938169301747876,0.97802285916511,-5.85429469184317
HROB,-0.00164178845214819,6.44630904763654,-0.0784788627086478,0.938207226079739,0.97802285916511,-5.8542983461773
ENO2,-0.00287540166406348,5.14173598902291,-0.0784785259112142,0.938207490697323,0.97802285916511,-5.85429837166753
MATN2,0.00363533949105874,5.6213738950185,0.0782339136337546,0.938399681477604,0.978075249551138,-5.85431685606879
ENSA,0.00214879152894116,8.41447141201761,0.0781199221882136,0.938489245368121,0.978075249551138,-5.85432545026189
CD5L,-0.00257733369514302,7.72457822942541,-0.0773924863310935,0.939060816544222,0.978524902723611,-5.85437999910633
LSR,0.0050227311173725,8.02976195910179,0.0772760558489456,0.939152303087394,0.978524902723611,-5.85438868262993
ERG,0.00174001242793454,5.38285789843069,0.0769500210634877,0.939408493125198,0.978671158538765,-5.85441292917315
STX1A,-0.00146765856809227,6.69113648370782,-0.076246323484654,0.939961464138259,0.978881958414739,-5.85446491253305
PARP12,-0.00336894612341881,6.19354413372165,-0.0761870864553201,0.940008014478633,0.978881958414739,-5.85446926669579
CD1D,-0.00258087102003426,5.15134602528968,-0.0760351344602984,0.940127424192546,0.978881958414739,-5.85448042032107
TCEA2,0.00383369323189564,6.42099793826588,0.0760220328993216,0.940137719970146,0.978881958414739,-5.8544813809636
ATM,-0.00244353177600514,7.12072695170438,-0.0759554343827182,0.940190056153138,0.978881958414739,-5.85448626159235
ATP5MG,-0.00310263589555199,9.97349470019066,-0.0755083678259749,0.940541388826413,0.978944309804794,-5.85451891390465
KLHL36,-0.00228179717793523,5.13223339828686,-0.0754609639764772,0.940578642446625,0.978944309804794,-5.85452236483428
PNRC2,0.00274380236233954,7.33567905457415,0.0754059905359928,0.94062184501327,0.978944309804794,-5.8545263641066
ADAM11,0.00172022431263806,7.78441139119141,0.0752895568854457,0.940713348593483,0.978944309804794,-5.85453482494042
ZNF611,0.00294635103966821,7.05794177248532,0.0748736744144602,0.941040191678139,0.979013735194529,-5.85456493900417
ZNF574,-0.00213004359207313,8.24048934954092,-0.0746167543171783,0.941242111167587,0.979013735194529,-5.85458345929329
SNRNP200,-0.00341403618925126,8.41651718242988,-0.0745928595082982,0.941260890861013,0.979013735194529,-5.85458517853581
PLPPR2,0.00153383983696791,7.48543390250519,0.0745619248539334,0.94128520344596,0.979013735194529,-5.85458740348105
RRP7A,0.0029365330414724,6.82640987643578,0.0744406627146064,0.941380508005047,0.979013735194529,-5.85459611624936
PRKACG,-0.00154817244916127,5.68772664152164,-0.0742496739661825,0.941530615204917,0.979013735194529,-5.854609810182
ZKSCAN5,0.00204775458431883,6.00931654966248,0.0741727424573358,0.941591079991236,0.979013735194529,-5.85461531625371
BNIP3L,-0.0027507225615558,6.77283186323521,-0.0736727664660743,0.941984047954361,0.979224298525606,-5.85465096106965
PIM2,-0.00143717049730622,6.45852891026122,-0.0733964712363535,0.94220121524638,0.979224298525606,-5.85467055563465
GJD2,-0.00158607864845591,6.84689733733323,-0.0732346259572198,0.942328427337078,0.979224298525606,-5.85468199935546
LMOD1,0.00158376528508925,6.11975688434587,0.0732228250540033,0.942337703032935,0.979224298525606,-5.85468283278357
COX6B1,-0.00369211510021838,9.47948905317106,-0.0731778970459902,0.94237301723198,0.979224298525606,-5.85468600455514
KNG1,-0.00205348969515303,12.014904334312,-0.0728164957231073,0.942657089405829,0.979399041618007,-5.85471144754305
MMUT,-0.00356337295074375,9.19944155590144,-0.0724014984613947,0.942983299244796,0.979617516427161,-5.85474050844931
DHTKD1,-0.00400009745943909,8.14810440714348,-0.0720447182700914,0.943263755598814,0.97978841239213,-5.85476535989577
CHAF1A,0.00158462853263302,6.99367243725399,0.071890476682418,0.943385003554976,0.979793913475854,-5.85477606557177
SYT17,-0.00275460835505395,7.08490348703813,-0.0715415318538524,0.943659311214334,0.979958360545794,-5.85480020068165
IFITM2,-0.00257544144683967,10.6806471034598,-0.0713884387622391,0.943779660896036,0.979962906681187,-5.854810752472
PIGZ,0.00157754611564547,6.74229554245395,0.0710180651319511,0.944070825052378,0.979982887191399,-5.85483618666668
SET,0.00340229173529109,9.31721275081822,0.0710146041456333,0.944073545897299,0.979982887191399,-5.85483642371498
CDH5,0.00323128101346926,5.34724944201423,0.070788579627993,0.94425123596967,0.979982887191399,-5.85485187948408
CD93,-0.0027489272536765,6.7630259571508,-0.07072917200184,0.944297940006041,0.979982887191399,-5.85485593366075
ATP6V1F,0.00244268326353997,7.97636468203256,0.0706263501005426,0.944378775195215,0.979982887191399,-5.85486294253425
STAB2,0.00231392431258305,7.49021417622762,0.0702499085906819,0.944674726345212,0.980169626426454,-5.85488851578285
SLC17A9,0.00223613551449416,8.73194714415915,0.069840173978425,0.944996861223743,0.980341732942973,-5.85491619551543
GOLGA1,0.00134731762622908,6.74136128014784,0.0697437978365765,0.945072633911652,0.980341732942973,-5.85492268272225
CEP164,-0.00237717902346082,6.67769395510986,-0.0692652262493493,0.945448903554058,0.980551663006028,-5.85495476339556
ESPL1,-0.00166306393896385,6.38481100422475,-0.0691912153175602,0.945507094695043,0.980551663006028,-5.85495970494887
DTX4,0.00161335893771505,7.74967332265562,0.0687256038426997,0.94587318915791,0.980753101247295,-5.85499067173996
CYFIP1,-0.00257790081013342,8.56137712703893,-0.0684546560717366,0.946086231831571,0.980753101247295,-5.8550085956873
B4GAT1,0.00157418732495033,7.51695521131898,0.0683421320006274,0.946174709249301,0.980753101247295,-5.85501601866906
MECR,-0.00198673404567698,6.7756152432559,-0.0682319502508871,0.946261345596419,0.980753101247295,-5.8550232753054
CRBN,0.0027097685609331,7.76888940686409,0.0681939561059271,0.946291220701796,0.980753101247295,-5.8550257749091
GOLGA2,0.00258082537047819,6.19170226666395,0.0680585066902695,0.946397726339697,0.980753101247295,-5.85503467469178
NDUFA1,0.00282180466884708,9.2639204157191,0.0678946684984503,0.946526555817153,0.980766326996315,-5.8550454161408
COX6A1,0.00227330874589923,11.2605490379608,0.0669289627426208,0.947285941335385,0.981432835248162,-5.85510820331711
TCEAL1,-0.00137369793440857,6.21705949643757,-0.0666888666305125,0.947474749625379,0.981508107678614,-5.85512367407203
VPS11,0.00152388428346986,7.19198730970486,0.0664660103245158,0.947650003605058,0.981534390670419,-5.85513798423822
GSAP,-0.00389673508150464,6.78226024354757,-0.0660076860791131,0.948010437885419,0.981534390670419,-5.85516726390914
SEC14L1,-0.00194200499554354,7.45878324059628,-0.06595587705626,0.948051182136635,0.981534390670419,-5.85517056094683
CEBPG,-0.00407683049909789,5.08112494468768,-0.0659414765415498,0.948062507181968,0.981534390670419,-5.85517147691139
XPO1,-0.00407712056056484,7.79690918935222,-0.065885377744497,0.948106625255565,0.981534390670419,-5.85517504324626
TLX1,-0.00151428088945154,6.84340826684994,-0.0655507308534581,0.948369806926592,0.981534390670419,-5.8551962545204
ASB1,-0.00148330389337912,6.70583224934063,-0.0653940138532459,0.948493058449875,0.981534390670419,-5.85520615075973
CFHR2,-0.00195568607090661,11.3250937201887,-0.0653007858064781,0.948566379131446,0.981534390670419,-5.85521202661748
PODXL,-0.00289175913803575,5.0456139351387,-0.0651866295828096,0.948656159748254,0.981534390670419,-5.8552192100979
EIPR1,0.00248516503699783,6.58049311506636,0.0651795846289523,0.948661700426664,0.981534390670419,-5.85521965300238
COA7,0.00168297627113841,7.35934793956968,0.0648819842720983,0.948895758029482,0.981619547883472,-5.85523831893781
NIBAN1,0.0018062105963142,5.11522593279125,0.0647514042354328,0.948998458497318,0.981619547883472,-5.85524648216001
RTL8C,-0.00187366994594347,8.41110411486245,-0.0644674482211818,0.949221791453132,0.981619547883472,-5.85526417695449
CRMP1,-0.00136343336671622,7.54212044511403,-0.0643995469619708,0.949275196800085,0.981619547883472,-5.85526839672294
QRICH1,-0.00135475599194063,7.14510713386361,-0.0643364221780173,0.949324845598074,0.981619547883472,-5.85527231566728
CHD4,-0.00192229363717561,8.80396020083751,-0.0641437397864029,0.949476395132553,0.981656128578254,-5.85528425411227
ECPAS,0.00185946972152881,5.94271517700298,0.0635062585434638,0.949977804086548,0.981865176659024,-5.85532349683173
CAMK2G,0.00155654333917093,6.99244333616559,0.0635029545640105,0.949980402877274,0.981865176659024,-5.85532369920091
CD38,-0.00160823868907715,6.4223996964803,-0.0634434824590379,0.95002718158156,0.981865176659024,-5.85532734007553
RRAGA,-0.0021272778168773,7.75779617247444,-0.0628442897533718,0.950498496170642,0.982074713106327,-5.85536383232775
RPIA,-0.00144520771366559,5.8434473977248,-0.0628123361491422,0.950523630845704,0.982074713106327,-5.8553657686561
CASP6,-0.00192989571065579,5.46551264856366,-0.0627424681006924,0.950578589171201,0.982074713106327,-5.85536999909914
GOLIM4,0.00147791054330288,5.69882306585037,0.0623352214011719,0.950898935134702,0.982173665576261,-5.85539456383
CCN2,-0.00402221062451065,5.80669611137515,-0.0623251783142176,0.950906835275668,0.982173665576261,-5.85539516759915
TAF1,0.00117366858088207,6.56224015283058,0.061848340355114,0.951281933777995,0.982334325824279,-5.85542372217293
PRSS8,0.00173117276368099,6.29240183355159,0.0618318750858225,0.951294886179891,0.982334325824279,-5.85542470425016
LRRC3,-0.00177867354427825,5.06254342523952,-0.0611516496156863,0.951829997497063,0.98276679849098,-5.85546504810364
TDP2,0.00323785199777738,6.20202224924388,0.0609952642372563,0.951953024111709,0.982773739003535,-5.85547426017664
CSDC2,0.0017215817162602,6.22962186667833,0.0604856928259582,0.952353906718338,0.982836623959297,-5.85550411351556
ARF6,-0.0020506159129374,7.35755495993853,-0.0604722646398715,0.952364470921202,0.982836623959297,-5.85550489682286
DBN1,-0.00133598081775604,6.64310904735833,-0.0603837772963707,0.952434085779142,0.982836623959297,-5.85551005421368
MLLT10,0.00137554284159379,6.42374932219473,0.0599912791171197,0.952742877062329,0.982836623959297,-5.8555328395441
IGSF3,0.00125985607056751,6.74576033881461,0.0597218291904855,0.952954866636917,0.982836623959297,-5.85554839568493
HPR,-0.00511026995719389,8.8501662350576,-0.05966188043409,0.95300203177349,0.982836623959297,-5.85555184718421
PCNX2,0.0016808428834507,5.45454558208153,0.0594348806014123,0.953180627206663,0.982836623959297,-5.85556488510738
PLAAT3,0.00307422244690608,8.03015939379104,0.0591374957624264,0.95341460289294,0.982836623959297,-5.85558189047363
SUGP2,-0.00158873453680138,7.31775968150372,-0.0590917798209794,0.953450571548086,0.982836623959297,-5.8555844970881
TCTN1,0.00101618855561704,6.96507177629784,0.0590493255204927,0.953483974081568,0.982836623959297,-5.855586915927
CYLD,-0.00156086540156669,7.02619962656436,-0.0589963911121387,0.953525622360971,0.982836623959297,-5.8555899294371
DCTN1,-0.00133835001008382,7.81909641573547,-0.0589253624798467,0.953581507214632,0.982836623959297,-5.85559396879098
EFNA1,0.00256659857440131,8.85477726838501,0.0588817661576316,0.953615808631362,0.982836623959297,-5.85559644567744
CD53,-0.00194335470221814,7.54702988124549,-0.0587506311219836,0.953718985723552,0.982836623959297,-5.85560388495217
KCTD15,0.00146679473645677,6.92632802329713,0.0587002607987242,0.953758617333282,0.982836623959297,-5.85560673804703
ITPR3,0.00134928861591966,6.93251121657114,0.0580362953685341,0.954281039933973,0.983255064924043,-5.85564411797438
TMEM39B,0.00151674200457363,6.32368963548444,0.057689349750859,0.95455403278721,0.983416432217987,-5.85566348123401
RBFA,0.00215669722946395,7.2573368026616,0.0574233613653497,0.95476332862883,0.983512145180253,-5.85567824761999
NDUFAF1,-0.00127182504513198,7.06491251906563,-0.0566327718981553,0.955385432240678,0.983675903568701,-5.85572173460602
NOS1AP,0.0010724864588143,6.79051823274573,0.0565016375458749,0.955488622833089,0.983675903568701,-5.85572888948068
LMBRD1,-0.0024255072082504,8.74318146714833,-0.0564640962547431,0.955518164500635,0.983675903568701,-5.85573093473345
LEPROTL1,0.00146819016754526,6.78971736815474,0.0564549220597587,0.955525383788649,0.983675903568701,-5.85573143433777
SPAG5,-0.00126251470016507,5.51783584604267,-0.0563358568839221,0.955619078010186,0.983675903568701,-5.85573791097597
MAP3K9,0.00147430013737022,5.9631271398246,0.056276172657564,0.955666044695626,0.983675903568701,-5.85574115240017
ST3GAL5,-0.00120674092437158,7.16686824706059,-0.0561857762905519,0.955737179680359,0.983675903568701,-5.85574605524659
GRAMD2B,0.00318741150215892,5.05682307013404,0.055775117874493,0.956060341013806,0.98377935944835,-5.85576822901129
SSRP1,0.00121363111486812,7.45918997681054,0.0557621521047972,0.956070544353828,0.98377935944835,-5.85576892645828
STEEP1,0.00125127134158712,5.19460683835792,0.0549980924081563,0.956671830460906,0.984278213490157,-5.85580974007404
MEST,-0.0015875162439052,8.09506671289543,-0.0547092963788609,0.956899108941842,0.984374002031275,-5.85582502003691
LARS1,-0.00193084561833484,7.74688234413643,-0.0544831198267519,0.957077109390516,0.984374002031275,-5.85583693069897
GRK4,0.00157108713017115,5.59340590928643,0.0544357186772068,0.957114414282716,0.984374002031275,-5.85583942063428
THPO,-0.00129104488978285,5.87131106552582,-0.0542067582189345,0.957294608488756,0.984416361047088,-5.85585141719276
PLEKHG3,0.00116914188836957,7.45262167152712,0.0540873330575362,0.957388598234908,0.984416361047088,-5.8558576545061
PRR34,-0.00144731151041849,6.07085435809419,-0.0535921629987092,0.957778312737632,0.984697255460882,-5.85588336942218
IL7R,-0.00194036122500603,5.95914253624993,-0.0532984930893198,0.958009445376907,0.984815062461662,-5.85589850844629
SLC66A1,-0.00122188901273916,6.55458195782784,-0.0529504250356956,0.958283396937846,0.984943233260038,-5.85591634406382
DPP4,0.00133276670494503,7.06041915125689,0.0526980579767506,0.958482029079281,0.984943233260038,-5.85592920273613
HSPA6,0.00117156495180299,6.34630064888932,0.0526185869017455,0.958544579456349,0.984943233260038,-5.85593323925233
INCENP,-0.00131864033993695,5.60309948839706,-0.0524416066804378,0.958683878664863,0.984943233260038,-5.85594220659644
PIK3R5,0.000948436494420076,6.67446777190509,0.0523996098032981,0.958716934149564,0.984943233260038,-5.85594433008643
SLC6A13,-0.00104521245666815,8.42238629679953,-0.052064397198296,0.95898078066638,0.985045808817046,-5.8559612184916
MEAF6,-0.00176325549139787,6.1019006558102,-0.0519372416831041,0.95908086629347,0.985045808817046,-5.85596759638938
NID1,0.00315334985188755,6.97913520202545,0.0515843373322562,0.959358645155487,0.985045808817046,-5.85598521577004
ZDHHC7,0.00150817227023986,7.81081029732307,0.0515563998335219,0.959380635608957,0.985045808817046,-5.85598660546967
NOTCH3,-0.000875709064949411,7.14842211834851,-0.0515322486732233,0.959399645747253,0.985045808817046,-5.85598780621829
PMP22,0.00247598196579609,6.21981973026291,0.0513626244521088,0.959533163008042,0.985063203428253,-5.85599622375618
CNN2,-0.00131146068303888,7.27239237987467,-0.050573536884394,0.960154297884905,0.985505603695162,-5.85603501717652
UBE2L6,-0.0017796200468572,8.32681576332292,-0.0504025649691659,0.960288882864169,0.985505603695162,-5.85604334341969
SIRT4,0.00122262377302381,5.38550076976727,0.0503706811646618,0.960313981162836,0.985505603695162,-5.85604489302584
CRTC3,-0.0014588713492932,7.33734994326191,-0.0500957731083155,0.960530385084022,0.985607984694595,-5.85605821335145
COPZ2,0.00126038885787301,7.99724606477692,0.0494886428535178,0.961008320895156,0.98583526344796,-5.85608737288424
OTUD3,-0.00205447976472302,5.35374067564556,-0.0493647472274345,0.961105853974599,0.98583526344796,-5.85609327973065
RPL30,0.00193292956766243,11.4867888444863,0.0490238405737679,0.961374225637056,0.98583526344796,-5.85610945639088
CELA3B,-0.00108424308245985,5.84235589499575,-0.0488482401523125,0.961512465248618,0.98583526344796,-5.85611774522816
RUNX2,-0.000988763940999999,5.99814349259279,-0.0487631175586628,0.961579477575853,0.98583526344796,-5.85612175255469
PFDN1,0.0014758195587727,6.86424772109291,0.048699187039348,0.961629806742591,0.98583526344796,-5.85612475762477
CPS1-IT1,0.00103252764851089,5.45384232800953,0.0486457031955517,0.961671911912257,0.98583526344796,-5.85612726861833
CRYZ,-0.00241679892130211,8.56759354131277,-0.0486288035761076,0.961685216165862,0.98583526344796,-5.8561280614589
HTR1B,-0.00138245460401322,6.60433122672924,-0.0482455301090267,0.961986951913158,0.985922741943719,-5.85614596866499
MDC1,0.00113972107175538,6.54911294513798,0.0482239945145592,0.962003906192421,0.985922741943719,-5.8561469706421
KLF6,0.00321109276269456,7.16637696275992,0.0476723438309931,0.962438209262559,0.986248225596486,-5.85617248458678
GID8,0.00114432036311776,7.18275941195946,0.046936434133457,0.963017594230483,0.986656247225892,-5.85620606366601
HAX1,-0.00130253798367947,8.6878359956117,-0.0467678923378958,0.963150290898822,0.986656247225892,-5.85621368061522
CYB5R2,-0.00093915898156647,5.77110194129369,-0.0465925774934312,0.963288321301514,0.986656247225892,-5.85622157459277
CLCF1,-0.0011578244711291,7.23142243976673,-0.0463858550083844,0.963451081358623,0.986656247225892,-5.85623084469475
CHMP1B,0.0012044319192838,7.25035690059612,0.0463128083615383,0.963508594005986,0.986656247225892,-5.85623411048756
LOC220077,0.00103078397854034,7.12254951128796,0.0462456065901048,0.963561504921302,0.986656247225892,-5.85623711042121
HSD11B2,-0.00105421753338269,5.36978203091149,-0.0460327662720014,0.963729084617409,0.986656247225892,-5.85624658301999
PER3,-0.00260038038925689,6.82346501459736,-0.0459801746658617,0.963770492852368,0.986656247225892,-5.85624891691299
SIK2,-0.00121824345750003,6.9293297025402,-0.0456066064935919,0.964064626428799,0.986685062525938,-5.85626541823369
SNX10,0.0022818662396375,5.9574184405798,0.0453558460957817,0.964262068717024,0.986685062525938,-5.85627641937655
LHPP,0.00177495004803181,7.79113421677104,0.0452214638104557,0.964367878842394,0.986685062525938,-5.85628228992306
NR2F1,-0.00135242502583483,6.65821706261698,-0.0452152109135044,0.964372802274207,0.986685062525938,-5.85628256265946
ALDH7A1,-0.00212940416166909,7.88009983589811,-0.0451784072433165,0.96440178092953,0.986685062525938,-5.85628416718333
HBQ1,-0.00118271957665507,5.4291729287037,-0.0450546262969508,0.964499244551982,0.986685062525938,-5.85628955405718
NUDT1,0.00134053883445854,5.00186836486724,0.0448654541372308,0.964648197526833,0.986696037591433,-5.85629775817103
MFSD11,0.00152513091857186,6.86509255011322,0.0447444065130727,0.964743510364547,0.986696037591433,-5.85630298971838
ZFAND1,-0.00193767142238541,4.79189282302613,-0.043844595236576,0.965452038176289,0.987184220033237,-5.85634143564766
SETDB1,0.0010952394405838,6.75321824523578,0.0438414884865957,0.965454484539014,0.987184220033237,-5.85634156703605
IRAK4,-0.000837080270190911,5.1812983824797,-0.0430903585264679,0.966045960526801,0.987669493823529,-5.8563730600901
SLCO3A1,-0.000853157112935438,5.76367917768377,-0.0428478230374153,0.966236948982563,0.987728403466507,-5.85638311280177
KPNA3,-0.00144881744457449,6.87233855395881,-0.0426217610866898,0.966414966960991,0.987728403466507,-5.85639243162967
RND3,-0.00207198473593302,7.35401484586746,-0.0425718724313263,0.966454253237998,0.987728403466507,-5.85639448152383
P2RY4,0.00112299191815172,5.11840150538161,0.042098575953971,0.966826968694136,0.987989827725898,-5.85641380957814
QTMAN,0.000866909420753514,6.03105233543058,0.0414883753435408,0.967307506038365,0.988109600305121,-5.85643840958166
ITGB5,0.00112107648302726,8.09566595041518,0.041439020872498,0.967346373597396,0.988109600305121,-5.85644038359102
TLE3,0.0011580441933581,6.63308010856277,0.0414376665981787,0.967347440114653,0.988109600305121,-5.85644043772422
ZDHHC14,0.00123756754961875,7.42598720668311,0.0413557896419662,0.967411919920031,0.988109600305121,-5.85644370723298
AP4M1,-0.000743075077456465,5.50778225071452,-0.0410732484293195,0.967634428754892,0.988217418779168,-5.85645494001115
SIGLEC1,-0.000965147851817962,6.492398472812,-0.0403803449396001,0.968180120389466,0.988361116989381,-5.8564821613232
ISG15,0.00275265905593452,7.96421086964333,0.040216768714717,0.968308946127223,0.988361116989381,-5.85648851999665
NMI,-0.00105776319058439,5.86411478992642,-0.0401537162297518,0.968358603843363,0.988361116989381,-5.85649096413541
SPSB1,-0.00135821612242343,6.12124578553174,-0.0399172477483705,0.968544838512338,0.988361116989381,-5.85650009634047
CORO1C,0.000836714435269752,6.72410793828776,0.0397252818965491,0.968696025754512,0.988361116989381,-5.85650747023213
HOOK1,-0.00132041576606337,5.06755690376886,-0.0396449077356392,0.968759326683345,0.988361116989381,-5.85651054705039
GJA4,0.00120395208667647,6.70106402245057,0.0396102744518745,0.968786603164356,0.988361116989381,-5.85651187093282
PFDN5,-0.0026038717811632,9.34589159133983,-0.0395733380085334,0.968815693610985,0.988361116989381,-5.8565132815804
PTGER4P2-CDK2AP2P2,0.000911220461905976,6.15547819916371,0.0394190040376839,0.968937244619591,0.988361116989381,-5.85651916154669
THOC1,-0.000793729049773268,6.97949904289894,-0.0394012367059678,0.968951237940498,0.988361116989381,-5.85651983698928
TLN1,-0.00141303607463365,5.94695760483929,-0.0392283941534089,0.969087367037134,0.988361116989381,-5.85652639188143
CEP170,-0.000723263580630225,6.74892731373593,-0.0390533121919971,0.969225260856961,0.988361116989381,-5.8565330023256
LGALS3,-0.0022498557467579,7.70745602805594,-0.0389184520434196,0.969331476819719,0.988361116989381,-5.8565380739867
PDE8A,-0.00132190180385373,7.20481434196292,-0.0388153819057956,0.969412655338224,0.988361116989381,-5.85654193830051
SPTLC2,-0.000793050289983982,6.39251427460033,-0.0386512253250316,0.969541946525492,0.988373681763833,-5.8565480717178
CIAPIN1,-0.000934279943491405,7.43963656722674,-0.0380813233288042,0.969990813075217,0.988588305545702,-5.85656916334694
ENTR1,0.00126578331120986,6.10596090450522,0.0380582573111868,0.970008980561879,0.988588305545702,-5.85657001040649
SLC5A2,-0.000711261009542661,6.05037608510405,-0.0379383046743775,0.970103459122481,0.988588305545702,-5.85657440718627
ACTR10,-0.00138959597129688,7.56182072576108,-0.0376084352475764,0.970363277229125,0.988733834871109,-5.85658642676237
TSPAN13,0.002928961734791,6.6137867954308,0.0366955664797214,0.971082306026257,0.98919757199907,-5.85661914221776
FOXF2,-0.00117359804836471,5.04458997788516,-0.0365529060062817,0.971194676051434,0.98919757199907,-5.85662418227589
NUDT9,0.00104181388755927,7.36134915918317,0.0364816134147577,0.971250831642277,0.98919757199907,-5.85662669361909
PPP1CC,0.00139201164750902,8.18108025940951,0.0362393795212505,0.971441635042369,0.98919757199907,-5.85663518989215
HSPD1,-0.00117361523858413,10.3157367058973,-0.036056690441913,0.971585537196571,0.98919757199907,-5.85664156021409
MASP1,-0.000827386532688246,6.57771234825703,-0.0357593070416091,0.971819784914459,0.98919757199907,-5.8566518610488
MORC2,-0.0011673583075366,6.80658593036044,-0.0356417377880875,0.971912394468094,0.98919757199907,-5.85665590991259
LMCD1,-0.000927872960798677,6.3030581157797,-0.0356372570158089,0.971915923990105,0.98919757199907,-5.85665606395822
CD63,-0.0012565789013317,10.5161822436808,-0.0354757404140085,0.972043151648959,0.98919757199907,-5.8566616038493
DDX50,-0.00098341268173642,6.59969418634702,-0.0353380735409443,0.972151593327779,0.98919757199907,-5.85666630585065
ITPKA,0.000627883570676549,5.46339775598499,0.0350379436982904,0.972388010752584,0.98919757199907,-5.85667649339552
MEGF9,-0.00174679560362474,7.46093367779326,-0.0350211394263991,0.972401247843056,0.98919757199907,-5.85667706122779
USP1,0.00148137741593206,6.22878490233272,0.034927292347961,0.972475173378068,0.98919757199907,-5.8566802274016
MTSS1,0.0012580962224462,9.90206411255667,0.0347571533974836,0.972609196449558,0.98919757199907,-5.8566859458186
PAPOLA,-0.00152806758422437,8.11389707685954,-0.0347204450767866,0.972638112699744,0.98919757199907,-5.85668717593356
EXPH5,-0.00154758881945601,7.43845202076382,-0.0346297397501279,0.972709564184036,0.98919757199907,-5.85669020994283
CSAD,0.00158917354921365,7.49905697071244,0.0345041447083378,0.972808499800269,0.98919757199907,-5.85669439787957
NDUFS1,-0.00151269780953957,7.33612311121046,-0.0343198901072558,0.972953644420407,0.989226121447773,-5.85670051427246
CD300A,-0.000762581525919496,6.91364230452439,-0.0340292552023105,0.973182590958231,0.989339857266247,-5.85671009543338
MAP4K4,-0.000776773687540896,6.2489133243625,-0.0337666129907102,0.973389488401663,0.989344200691497,-5.85671868369883
WASHC4,-0.00155116127048658,7.24425944079765,-0.0334974772806023,0.973601503120286,0.989344200691497,-5.85672741527635
CCNL1,0.00123975840537434,6.98726208161047,0.0334844132560833,0.97361179450542,0.989344200691497,-5.85672783733492
ZC3HAV1,0.00101934109828683,7.56558661900483,0.0331723959009516,0.973857592348028,0.989344200691497,-5.85673786874193
PARP4,0.00101053717443482,7.62988846844208,0.0331505309408429,0.973874817003121,0.989344200691497,-5.85673856818313
AKR7A2,0.00146530498219009,8.27031078716501,0.0330939187250127,0.973919414716383,0.989344200691497,-5.85674037701643
TM9SF3,-0.0011781963303125,7.27588838125187,-0.0329834512568586,0.97400643852693,0.989344200691497,-5.85674389769332
KIAA0586,-0.000850656949914034,6.67670080631052,-0.0324416015999498,0.974433300410528,0.989575641213869,-5.8567609963658
SLBP,0.00106924137327924,5.64284852191212,0.0323166185717258,0.974531761483472,0.989575641213869,-5.85676490015136
ADRA1A,-0.000571837405509836,5.71296116681236,-0.0322482531097185,0.974585619666487,0.989575641213869,-5.85676702913927
PDS5A,-0.00121519123884772,6.76365160639387,-0.0312235026315331,0.97539293094948,0.990276374687385,-5.85679840094987
NYX,-0.00073680556337323,5.64848129204415,-0.0309910659693245,0.975576051268906,0.990343300483212,-5.85680537585935
MTTP,-0.00135579741941593,8.76558123692255,-0.0303846268246723,0.976053828038485,0.990690848031688,-5.8568233284065
FEZ1,-0.00114263057634295,6.66694994027135,-0.0302530980138863,0.97615745286806,0.990690848031688,-5.85682717526976
IMMT,0.00118694212047411,7.76591953793758,0.0299367185026614,0.976406713887005,0.990690848031688,-5.8568363601741
CROCCP3,-0.000961767968703345,5.13312185023681,-0.0299363851527912,0.976406976519508,0.990690848031688,-5.85683636980075
KDELR3,-0.000959901810585094,6.88819578919621,-0.0298124449352425,0.976504624053956,0.990690848031688,-5.8568399415851
HLA-DQB1,0.00186033425648342,7.81431954350968,0.0284254339104844,0.977597419945984,0.99159321856238,-5.85687890258008
DNPH1,-0.001032289559928,8.17520932162382,-0.0283856446913996,0.977628769685584,0.99159321856238,-5.85687999287497
KIF5B,0.00106578900412788,7.61172951621041,0.0281438590502035,0.977819272257795,0.991667408854821,-5.85688658539393
PHF7,-0.000656357704060784,6.40312965822929,-0.0279535227907676,0.977969238890181,0.991700476253694,-5.85689173542808
PPIA,-0.00105630033155094,11.3684163846029,-0.0275801715598734,0.978263406110593,0.991787436162324,-5.85690173590009
GART,-0.000864818767399096,7.13307692383498,-0.0275467526970645,0.978289737326979,0.991787436162324,-5.85690262449134
PLCB3,0.00100205141372037,6.11479643321986,0.0271272578679858,0.978620265660723,0.991994346257649,-5.85691368702056
ID2,0.00158809608623526,9.70355876296341,0.0269897356124049,0.97872862304734,0.991994346257649,-5.85691727668524
ADPGK,0.00052005921201287,6.98687957753234,0.0267318900749049,0.978931787433869,0.991998821428886,-5.85692395791248
ALX4,-0.000533145120697761,5.34329407668094,-0.0266861456827621,0.978967830993548,0.991998821428886,-5.85692513653148
TAGLN2,0.00104354144540817,8.68713930686,0.0263998509294252,0.979193413394889,0.992108434434869,-5.85693246716029
ZNF318,0.000614744333061057,5.97832206138748,0.0261403306946508,0.979397900691802,0.992196650383135,-5.85693904390508
IPCEF1,0.000739411884880592,5.65537311709233,0.0259128957741883,0.979577107768623,0.992259074133666,-5.85694475413094
ACTG2,-0.000599441276982944,6.37618428335469,-0.0255681354071942,0.979848763401206,0.992259074133666,-5.8569533149121
ACP6,-0.000934426864733881,7.00308159994736,-0.0254474148120607,0.979943886385247,0.992259074133666,-5.85695628543592
ETNK2,-0.00100780417573796,7.87670359784375,-0.0253102720567919,0.980051949744134,0.992259074133666,-5.85695964299713
PRODH,-0.000646667622847109,6.6010433204957,-0.0252900775222488,0.980067862314896,0.992259074133666,-5.85696013587203
MYO10,-0.000917954452108603,6.14635650908092,-0.0251452960540923,0.980181945181425,0.992259074133666,-5.85696365793934
SMAD9,0.000481080812115081,5.83473013516035,0.0247998665245796,0.980454133642008,0.992259074133666,-5.85697197945828
FOXG1,-0.000508458374866631,6.05280018494463,-0.0247947795406522,0.980458142056303,0.992259074133666,-5.85697210114553
LAT2,0.000549286782518129,6.77149290228079,0.0247208925414061,0.980516363197173,0.992259074133666,-5.856973865804
TMEM165,0.000523784403730286,5.13412943800156,0.0243876924530172,0.980778918064605,0.992405922362102,-5.85698175826992
MAP3K2,-0.000742512547185318,5.06780491276027,-0.0241980857929946,0.980928325242726,0.992438260093515,-5.85698620164763
CXCL10,0.000577834546278996,6.34922957506026,0.0235299729786451,0.981454793719268,0.992735936612908,-5.85700158229167
SRPK3,-0.000668833843000515,6.90550792827754,-0.0235265176671376,0.981457516504643,0.992735936612908,-5.85700166071731
RNF43,0.000505305490858617,6.61703401322176,0.0224898009509833,0.982274459578375,0.993321350890328,-5.85702467109964
ZBTB40,0.000682461818242175,7.70403352707633,0.0224381392852765,0.98231517001442,0.993321350890328,-5.85702579063379
HFE,0.000649136388524486,7.25779306852272,0.0222603510352948,0.982455271123898,0.993321350890328,-5.8570296237189
NOL6,0.000689561127428168,6.79474791379216,0.0221953529491885,0.982506491211996,0.993321350890328,-5.8570310174556
GSTT1,0.00238532652487702,7.60795206149566,0.0214301065364942,0.98310952994394,0.993433673820881,-5.85704711999632
DUSP5,0.000619888303173198,6.27003917891484,0.0214295181250016,0.983109993635118,0.993433673820881,-5.8570471321605
PSMC3IP,-0.000459635084513408,6.79907389043127,-0.0214265989457279,0.983112294062192,0.993433673820881,-5.85704719250352
CAV2,-0.000904260248374735,6.12927708955174,-0.0213719967190835,0.983155322773284,0.993433673820881,-5.85704831968378
CTBP2,0.000684133026333688,7.62668839206873,0.0213084225514477,0.98320542179456,0.993433673820881,-5.85704962845254
FBXL18,0.000493668101673924,6.91691042507692,0.0208509839851076,0.983565904014086,0.993679087627813,-5.85705893055408
PDCD4,0.000782871817830178,7.8768132502211,0.0204197349628382,0.983905750995197,0.993840706453752,-5.85706751523963
GH1,-0.000507121901100037,5.27885042748054,-0.0203494919024455,0.983961106531608,0.993840706453752,-5.85706889654713
COQ9,-0.000680688892691109,8.34245804980989,-0.0200760776885227,0.984176573308023,0.993893894388054,-5.85707422783171
PGLS,0.000819061923148459,7.27567499797692,0.0199841642370799,0.984249006892217,0.993893894388054,-5.85707600385002
CNOT7,-0.000723996156876395,8.02638617934088,-0.019668581379082,0.984497707103122,0.994026242683879,-5.85708203974468
SLC35E1,0.00101007650403935,9.36476478264251,0.0195183200204019,0.984616123584532,0.994027030381038,-5.85708487990875
BEST1,0.000519752368783925,6.24129456544938,0.0192410520238949,0.984834631151567,0.994128853569555,-5.85709006351326
ARID5B,0.000966871334473058,5.69786993472516,0.0184544644870528,0.985454526558278,0.994583145900557,-5.85710436537595
PRSS23,0.000357148467824169,5.70050590831099,0.01837128350077,0.98552008054738,0.994583145900557,-5.85710584289082
PACS1,0.000403439879134031,5.70621921868423,0.0181093958365608,0.985726471920391,0.994585589351209,-5.85711045112267
CCL16,-0.00081440544865305,8.21307430395287,-0.0180135754173127,0.985801987410328,0.994585589351209,-5.85711212066734
H1-3,0.000354328391999434,6.41699781139698,0.0177556889473743,0.986005226846619,0.994585589351209,-5.85711657000354
ADAM28,-0.000361870547890577,6.61236500731422,-0.0177129776455824,0.986038887570633,0.994585589351209,-5.85711730071252
BTF3,0.000596547771291959,9.97568725092077,0.0174283203370203,0.986263226321768,0.994585589351209,-5.85712212570953
SLC35D1,0.000699861856815853,8.84121876649588,0.0173755954770182,0.986304778973049,0.994585589351209,-5.85712301082634
SEPTIN7,-0.00103121308248827,8.14887892059643,-0.0173227600678944,0.986346418788536,0.994585589351209,-5.85712389510889
TRIM66,0.000822539568766218,6.42065584070949,0.0170566645736853,0.986556130408667,0.994678356037852,-5.85712830769647
TIMP2,0.00039689139470698,7.01538346296405,0.0166653368371491,0.98686454019677,0.994804390024508,-5.8571346728875
SEC23A,-0.00101452577679845,6.35530937261611,-0.0165747512411054,0.986935932025744,0.994804390024508,-5.85713612526317
MDH1,0.000647967573101347,9.62380564080637,0.0164499114966327,0.9870343202326,0.994804390024508,-5.85713811387032
MED27,-0.000288800375813706,6.85660913677356,-0.0161021334572692,0.987308410801127,0.99484488293358,-5.85714357444491
RRAGC,0.000419925672047592,7.82131252795487,0.0159992957757956,0.987389459467735,0.99484488293358,-5.85714516678095
PRDM11,0.000379577852675875,6.96643423817984,0.0159128973039787,0.987457552135306,0.99484488293358,-5.85714649668668
ORC5,0.000531807958224515,5.40689126993769,0.0158013956518954,0.987545429354659,0.99484488293358,-5.8571482023549
GSS,-0.000618302495315501,7.4946379440613,-0.0153611308855946,0.987892414519161,0.995075801965301,-5.85715482002342
GYS2,-0.00105621789946997,7.98246980533402,-0.0150736773219326,0.98811896616783,0.995185371170222,-5.85715903987271
PSMG1,0.000436120401966856,5.19986991849954,0.0147863930850191,0.988345385393052,0.995294780904695,-5.8571631775965
POLDIP2,-0.000460499569594446,8.4080926973305,-0.0144195234975436,0.988634530210718,0.99546652301952,-5.85716834582426
FNBP4,0.000522514438284543,6.43480099592606,0.0142710587811166,0.98875154173998,0.99546652301952,-5.85717040039869
UBE2H,-0.000366405707384034,7.383972282584,-0.0133960701037645,0.989441163735724,0.99604215315307,-5.85718207725982
BLTP1,0.000369693293784685,5.94739853004392,0.0129871955923028,0.98976342096747,0.996141616773457,-5.85718728055637
CENPT,0.000420492713836933,6.01880884400756,0.0129715637421286,0.989775741352656,0.996141616773457,-5.85718747628503
IPO8,-0.000324298864527612,5.24287686161035,-0.012324624829914,0.990285634413225,0.996460194795041,-5.85719536994969
TTLL12,-0.000322880698649451,7.47047712565506,-0.0122707051836539,0.99032813205784,0.996460194795041,-5.8571960096259
KRT33A,-0.000316868991690461,5.34879304432768,-0.0116403758413902,0.990824938515687,0.996669050111332,-5.8572032795091
GLRX5,-0.000371473880437718,9.57303604888967,-0.0115946785778748,0.990860955863038,0.996669050111332,-5.85720379165626
SLC17A3,-0.000673570775684798,6.34378315732444,-0.0114735878819588,0.99095639637158,0.996669050111332,-5.8572051390256
NFATC3,-0.000337196594978958,7.72457098504382,-0.0114087523282293,0.991007498110699,0.996669050111332,-5.85720585463269
RAB11FIP3,0.000286946320865816,7.16270823727783,0.0110746312626171,0.991270844484362,0.996793041896773,-5.85720947811885
TMEM254,0.000272946217565314,6.04612117768203,0.0109529983910326,0.991366712911299,0.996793041896773,-5.85721077046817
PPP2R5D,0.000280688243965969,7.89749733325769,0.0106156315660056,0.991632618920885,0.996883472954722,-5.85721428029946
CEBPD,0.000698418580980435,9.54001595318263,0.0105395305206756,0.991692600432827,0.996883472954722,-5.85721505684761
CZIB,-0.00023308742283825,7.78422300579837,-0.0103331951233951,0.991855230634302,0.996914282502232,-5.85721713422012
NDUFA6,-0.000367590500734704,8.5310924120927,-0.0100934454867335,0.992044197851594,0.996914282502232,-5.85721949641916
RPS24,0.000368179003610253,11.540287598984,0.0100515952999488,0.992077183616718,0.996914282502232,-5.85721990307518
GET1,0.000316293003322107,7.38985333229878,0.00983537521482574,0.992247605665839,0.996966975966271,-5.85722197715932
METTL5,0.000339528569761742,6.96381229373271,0.00939031097609986,0.992598401088851,0.997150581307536,-5.85722610446279
B3GAT1,0.000327609937760031,6.50375644292785,0.00930409759379218,0.992666353841301,0.997150581307536,-5.85722688186968
DSP,0.000334838751575644,8.70682575022478,0.00869380372295097,0.99314738457565,0.997385694032522,-5.85723218000429
XRCC5,-0.000595406740657119,8.05166788139547,-0.00861072413906866,0.993212867720784,0.997385694032522,-5.85723287345616
GLI2,0.000216192382245243,5.44335780232344,0.00827143231538311,0.993480297294274,0.997385694032522,-5.85723563634653
EXOSC2,-0.000184404998847645,5.74873416298276,-0.00820730847281819,0.993530839750673,0.997385694032522,-5.85723614603637
SOCS5,0.000249337951909036,5.27585177188429,0.00816188166378666,0.993566645209396,0.997385694032522,-5.85723650471199
DNAJC15,-0.000320974690943039,7.53354544338376,-0.00803519811887726,0.993666497386225,0.997385694032522,-5.85723749444806
MYOM2,-0.000205327140090924,5.53376653623415,-0.00778520261252932,0.993863544563418,0.997385694032522,-5.85723940215746
NDE1,-0.000170157393628313,6.15371718801465,-0.0077115030614644,0.993921634838898,0.997385694032522,-5.85723995304991
COX5A,0.000317382155760697,9.25512412421276,0.00734675492391788,0.994209131256133,0.997385694032522,-5.85724260234593
CDK4,-0.000201186411035345,7.66576817782731,-0.00733425666880472,0.99421898246167,0.997385694032522,-5.85724269085099
G6PC3,-0.000121518954427946,7.03125553839149,-0.00727474123617974,0.99426589292366,0.997385694032522,-5.85724311023587
ENTPD1,0.000195994316807538,6.5412726669615,0.00721013632097207,0.994316814973961,0.997385694032522,-5.85724356161675
PIK3R1,-0.000587180183781521,7.92988522154043,-0.00684362697833995,0.994605700689798,0.997557052917364,-5.85724604612545
TTR,0.000141647745164091,13.04504149822,0.00665821008105993,0.994751848124239,0.997585226281725,-5.85724725367538
KLF5,0.000135548483124776,5.26955324083207,0.00613414343489568,0.99516492364992,0.997881049583698,-5.85725048737744
POLR2G,0.000167070547729552,8.05955131734143,0.00569797568229695,0.995508717295517,0.998055687402011,-5.85725297668898
PPL,0.000191830884366498,7.14443808503521,0.00561348733642467,0.995575312320894,0.998055687402011,-5.85725343766552
FAAP24,0.000180941758402554,5.62891490832399,0.00501800635012024,0.996044680586391,0.998407775913998,-5.85725649135943
WDTC1,-0.000107930641602629,8.25145638136414,-0.00483994916887077,0.99618502858585,0.99843001916148,-5.85725733802083
DUSP22,-7.6803091196105e-05,6.87369344926226,-0.00440915446912649,0.996524589538463,0.998507199613129,-5.85725925993273
NDUFS3,-0.000139703768532721,8.74712968962425,-0.00423278496407832,0.996663607689957,0.998507199613129,-5.85725999512046
PRPF40A,-0.00018753538389113,7.68708983200155,-0.0041895658817636,0.996697673895959,0.998507199613129,-5.85726017069941
BPNT2,-7.14608520155503e-05,6.51245726958693,-0.00409028419352902,0.99677592987264,0.998507199613129,-5.85726056721037
ANP32CP,-8.53949148241444e-05,6.13345404979045,-0.00399267427320132,0.996852868158148,0.998507199613129,-5.85726094777454
TACR2,-9.76963762816842e-05,7.35595642332507,-0.00376326231394442,0.997033695831325,0.9985699573041,-5.85726180602477
FMO5,0.000243044255328227,8.58735130536249,0.00330050198001707,0.997398454436878,0.998756394939583,-5.85726338274996
B9D1,8.77886010687783e-05,6.34723093386348,0.00322719258541189,0.997456238685815,0.998756394939583,-5.85726361357514
HPX,-7.10413853460442e-05,13.1761549699223,-0.00284785553140353,0.997755241605392,0.998793643219522,-5.85726472515007
PDE1B,5.47203475406955e-05,6.60610636390647,0.0027548741616172,0.997828531891708,0.998793643219522,-5.85726497643092
CD2,-9.13550412082293e-05,6.46013264563164,-0.00263314135698342,0.997924484821674,0.998793643219522,-5.85726529280454
APOA2,-6.48138823619805e-05,13.0470219374821,-0.00258016748473065,0.99796624020147,0.998793643219522,-5.85726542601521
ST3GAL1,9.3617598610576e-05,6.10999966072226,0.00241315867464845,0.99809788091495,0.998807093052029,-5.85726582826251
GORASP1,2.83822085404125e-05,6.74939283093226,0.00151094831938829,0.998809027585509,0.999263322281546,-5.85726753596622
A2M,-5.88019131644668e-05,11.6183734239924,-0.00136108383486138,0.998927154951444,0.999263322281546,-5.85726774357797
ZNF146,-4.66370925054782e-05,6.1320076332331,-0.00129390088578285,0.99898011043379,0.999263322281546,-5.85726782961493
OLFML3,5.81681761529329e-05,7.41732888274252,0.00123465430468017,0.999026810252603,0.999263322281546,-5.85726790187521
TNK1,1.33560284582012e-05,7.64789694452508,0.000644586094610169,0.999491918751837,0.99959472691139,-5.85726843674554
PF4,-1.55345642645735e-05,7.08114205612694,-0.000514156724896803,0.99959472691139,0.99959472691139,-5.85726850964535
