gene,module,GS_T2D,GS_p,MM_green,MM_magenta,kME_own,hub
A1CF,blue,-0.297098722830117,0.0662491053258458,-0.235623433392313,0.612458575134776,0.452171785673806,FALSE
A2M,lightyellow,0.107105280952506,0.51635059983166,-0.196605059271454,0.122496036151797,0.606957416562248,FALSE
A4GALT,turquoise,0.140685903820091,0.392961876635521,0.213806518381674,-0.246614173773501,0.572035934099987,FALSE
AAAS,turquoise,0.0890673876951177,0.589747338480304,0.557478378840938,-0.274704500526981,0.630950413439437,FALSE
AACS,green,0.207053100829827,0.205966482053152,0.343464636088168,-0.262005791188174,0.343464636088168,FALSE
AADAC,darkgreen,-0.254577907880303,0.117816074657081,0.0346636891210715,0.424944708488019,0.654950001052299,FALSE
AAGAB,red,0.309902637117494,0.0548655663053308,0.324824941468828,-0.338038307569861,0.545426077587886,FALSE
AAK1,midnightblue,0.10349967410889,0.530650536081085,0.0492776955771356,-0.293207457484309,0.535248240398044,FALSE
AAMDC,magenta,-0.317875833368946,0.0486061620787081,-0.246155525506481,0.481989594509538,0.481989594509538,FALSE
AAMP,brown,0.190193372655014,0.246156122570745,0.667356440312075,-0.312300109116926,0.794165462103551,FALSE
AAR2,green,0.272835069570321,0.092865916767061,0.61452870623546,-0.535340334342766,0.61452870623546,FALSE
AARS1,green,0.214857467593103,0.189004119366545,0.695217306640145,-0.407410359528275,0.695217306640145,FALSE
AASDHPPT,blue,-0.0987559800470465,0.549752953617828,-0.151466616154082,0.251104169426469,0.514188783409557,FALSE
AASS,magenta,-0.237610635691626,0.145239803915348,-0.460418396304793,0.644134362203393,0.644134362203393,FALSE
AATF,brown,0.156524782878701,0.341311848927949,0.535862565595443,-0.359286550297056,0.819322787314139,FALSE
AATK,grey,0.03055761196115,0.853490708758499,-0.0630323873285143,-0.133560675507485,,FALSE
ABAT,magenta,-0.310015873643424,0.0547723670231996,-0.148516372986875,0.55600834283086,0.55600834283086,FALSE
ABCA1,blue,-0.106648511927691,0.518151500403461,-0.469324145212246,0.477601757157935,0.557247566349028,FALSE
ABCA2,green,0.356744519614594,0.0257935132231207,0.724211296097543,-0.663628040233205,0.724211296097543,FALSE
ABCA3,turquoise,0.308834318306165,0.0557510989876107,0.37743505485238,-0.473234005208208,0.492326522171071,FALSE
ABCA5,royalblue,-0.18669499912801,0.255113388752512,-0.262151454082794,0.312393408768979,0.641502504708159,FALSE
ABCA6,magenta,-0.294109795186256,0.0691577769662846,-0.472315030880933,0.735273847193662,0.735273847193662,FALSE
ABCA7,turquoise,0.39278483430685,0.0133817198089453,0.667982277155469,-0.603563991145092,0.638446197255985,FALSE
ABCA8,magenta,-0.235159336634392,0.149559967299678,-0.635382880494715,0.679859655060224,0.679859655060224,FALSE
ABCB1,brown,0.0684528286310225,0.678826094782648,0.39724607178545,0.0566512489021155,0.587298915431955,FALSE
ABCB11,pink,-0.00411678103009711,0.980156343899467,0.00131716602154694,0.302655775673865,0.473115844927106,FALSE
ABCB4,green,0.277877300560777,0.0867495885369232,0.839726409680377,-0.429752937939294,0.839726409680377,TRUE
ABCB6,turquoise,-0.00286404837608622,0.986194045837972,0.215764900740838,0.0557107776737744,0.526644188309116,FALSE
ABCB7,blue,-0.389602741366017,0.0142202614408827,-0.391044898094138,0.657926547126295,0.542143492177927,FALSE
ABCB9,turquoise,-0.0859956396958789,0.602690284432854,0.138384798796394,-0.199403912560089,0.380772398090703,FALSE
ABCC1,tan,0.249967383568819,0.124848625735422,0.105020299999967,-0.176291382273326,0.317399892199374,FALSE
ABCC10,turquoise,0.349693523665373,0.0290948047911457,0.391585128217975,-0.397262712887563,0.463758089088551,FALSE
ABCC2,magenta,0.0167315898303343,0.919474160657684,0.0610521431426192,0.396967394352883,0.396967394352883,FALSE
ABCC3,turquoise,0.118215094077161,0.47352661674035,0.189513075518227,0.121267967672018,0.294538696484439,FALSE
ABCC5,turquoise,0.354853888588609,0.026646641818165,0.622452628096784,-0.573239373726511,0.520972961590926,FALSE
ABCC6,turquoise,0.132573391328711,0.421082721774622,0.597631905230381,-0.285436731653101,0.79719264336458,FALSE
ABCD1,green,0.140454239393397,0.393749437237659,0.606303986335089,-0.436004901493511,0.606303986335089,FALSE
ABCD3,pink,0.186927695428431,0.25451093482321,0.401334683146209,-0.0181768972647984,0.628999026061682,FALSE
ABCD4,turquoise,0.0198321703989984,0.904614692913526,0.362568686422492,-0.10379554074516,0.654903292478426,FALSE
ABCE1,blue,-0.170243025272633,0.300125256777035,-0.110657245831606,0.394924244597403,0.783290441383512,FALSE
ABCF1,green,0.267218622902801,0.100063707148079,0.74743709487415,-0.573522249545753,0.74743709487415,FALSE
ABCF3,turquoise,0.262532383533609,0.106389361483996,0.668378398051619,-0.576793084592824,0.835348263122892,FALSE
ABCG1,grey,0.00370112183167891,0.982159560978156,0.0299361360342879,-0.0476920134476003,,FALSE
ABCG2,magenta,-0.352233278126898,0.0278676791760312,-0.654369430834443,0.726024351036722,0.726024351036722,FALSE
ABCG4,lightcyan,0.150422673438784,0.360695006182631,-0.0089402645997751,-0.209245585602793,0.479972702444296,FALSE
ABCG5,grey,-0.0732567216154961,0.65762120426904,0.0101793905521835,0.105449624562779,,FALSE
ABHD10,blue,-0.40527935469669,0.0104822065703127,-0.393700124063405,0.466597517177428,0.775109368873922,FALSE
ABHD11,brown,0.307295094464022,0.0570469950312494,0.477881198930245,-0.487456578133589,0.518659564865762,FALSE
ABHD17A,turquoise,0.272396461822253,0.0934132528435103,0.554333277447033,-0.317808156215978,0.878211483876308,FALSE
ABHD17B,yellow,-0.220032784020732,0.178315329168336,-0.28850952635782,0.321249252612915,0.129084381757147,FALSE
ABHD18,magenta,-0.36068860055836,0.0240865384076287,-0.274045903053888,0.511148561755365,0.511148561755365,FALSE
ABHD2,turquoise,0.118410152886896,0.472791874866189,0.609786539373203,-0.29537515026254,0.697385432637005,FALSE
ABHD3,blue,-0.063315028460459,0.701777430137335,-0.166986162659284,0.344360110301574,0.46057325641021,FALSE
ABHD4,cyan,0.0782110843680719,0.636025623615815,0.430969928598554,-0.141945667359324,0.554589843414577,FALSE
ABHD5,brown,0.318352018270658,0.0482513353070711,0.410703617562856,-0.196556389315197,0.242948331020676,FALSE
ABHD6,green,0.410933887914169,0.00935754354002278,0.673666854365763,-0.26159949495671,0.673666854365763,FALSE
ABHD8,green,0.38017084097168,0.0169712106476793,0.71456910537814,-0.463586064628199,0.71456910537814,FALSE
ABI2,black,0.0262859612378835,0.873793206290732,-0.00261538196042948,-0.224005679618672,0.666743797616809,FALSE
ABITRAM,blue,-0.23520436618988,0.149479769299532,-0.244443936436928,0.328700722502793,0.648016887978439,FALSE
ABL1,turquoise,0.289247568110603,0.0741032749726,0.605701858144511,-0.404435079174401,0.725848429049979,FALSE
ABL2,grey,-0.090535030800271,0.583607057365868,-0.161305938994114,0.137660472942025,,FALSE
ABLIM1,turquoise,0.158100484145766,0.336412582257218,0.492389823135645,-0.217703022324384,0.571606673785364,FALSE
ABLIM3,grey,0.051907907052514,0.753650487317111,0.0197076610493532,0.12808210157641,,FALSE
ABO,grey,0.032001649146582,0.846647745479831,0.0683526312104117,-0.211269695869953,,FALSE
ABR,midnightblue,0.474543406976847,0.00227140668056839,0.601464234399429,-0.799977280603083,0.694796522045954,FALSE
ABRAXAS2,blue,-0.245780869438548,0.131502062745464,-0.239139898412113,0.302636800157771,0.740113523303984,FALSE
ABT1,brown,0.355644702205874,0.0262869956172284,0.520762323727535,-0.322317484052307,0.568158770695083,FALSE
ABTB2,grey,0.0451226918463628,0.785036323683322,0.131820051769061,-0.0395267573334141,,FALSE
ACAA1,brown,0.19276846520326,0.239699510240111,0.65690537024886,-0.313574308285172,0.734100200163055,FALSE
ACAA2,blue,-0.112362684489631,0.495848681268788,-0.0399346298100965,0.470899091743599,0.412175797750266,FALSE
ACACA,darkturquoise,0.00319337914420932,0.984606707961478,0.256098738374367,-0.18057261820445,0.824428558654189,FALSE
ACACB,turquoise,0.00111417082400575,0.994628995761282,0.421107900742196,-0.303866309761168,0.434440067186632,FALSE
ACAD10,turquoise,0.155483117702751,0.344574571824733,0.401925421266837,-0.292764174971781,0.638233018134512,FALSE
ACAD8,darkgreen,-0.153610553266636,0.350487636152939,0.14586745938313,0.279189858736218,0.737752509319337,FALSE
ACADL,blue,0.144352029352939,0.38062087487123,0.0682390754581115,0.362278295373983,0.244144273688921,FALSE
ACADM,blue,-0.0932922741124796,0.57214932420664,-0.134187525275764,0.446081009181493,0.770973837725508,FALSE
ACADS,brown,0.0860332431691356,0.602531101623588,0.473821137711061,-0.162249666869277,0.696170236469143,FALSE
ACADSB,magenta,-0.388890571489013,0.0144138963007627,-0.665798535342638,0.818099488965826,0.818099488965826,TRUE
ACADVL,turquoise,0.176659699660361,0.282001263933132,0.620167014471409,-0.26351415687397,0.777223260288555,FALSE
ACAT1,brown,0.226672409424064,0.165243271309247,0.736516369755313,-0.361208748131172,0.755680795784666,FALSE
ACAT2,darkturquoise,-0.0533511265950013,0.747022869725501,0.0587572369075912,0.103540999572951,0.879557056023189,FALSE
ACBD3,blue,-0.0832731844454432,0.61426281452783,0.0127840337419241,0.108193037869445,0.783514943613852,FALSE
ACBD4,turquoise,0.320337846828437,0.0467940272264691,0.546773454158372,-0.444966271320153,0.820455077982211,FALSE
ACD,brown,0.172515798502506,0.293622525323596,0.392493827212802,-0.43683276980643,0.540715418587354,FALSE
ACE2,red,-0.239211797521826,0.142467833634061,-0.00873436109409392,0.0668153555674084,0.542207595372967,FALSE
ACIN1,turquoise,0.0564665212792475,0.732777770875752,0.296528476080919,-0.166275493630312,0.530415064994678,FALSE
ACKR1,black,-0.0644474222621567,0.696695538598779,-0.23810893673745,-0.101506780886965,0.43767713982055,FALSE
ACKR2,magenta,-0.520855603902121,0.00067502760446064,-0.464859995247453,0.451260014973031,0.451260014973031,FALSE
ACKR5,grey60,0.137151442750049,0.405076857054021,0.0463904334011097,-0.197120420233513,0.54853119102979,FALSE
ACLY,green,0.33493550059216,0.037138068693337,0.624808316014112,-0.453089548085533,0.624808316014112,FALSE
ACO1,pink,0.134727439692884,0.413507824209932,0.243117103865318,0.223304689347049,0.686149526172647,FALSE
ACO2,brown,0.172963980281828,0.292350993521047,0.701004756418674,-0.315225400488088,0.917187397986902,FALSE
ACOT11,turquoise,-0.02657040806064,0.872438647929159,0.150601859684676,-0.385325406372772,0.426864613815747,FALSE
ACOT13,pink,-0.154463554436286,0.347786474700499,0.132416582375464,0.300075619610408,0.681061687574628,FALSE
ACOT7,turquoise,0.286415592249308,0.0771089260645701,0.506215616392602,-0.415487344080162,0.740288685249827,FALSE
ACOT8,turquoise,0.0901701916033436,0.585130791082911,0.558812466072455,-0.359928676413947,0.674996310616144,FALSE
ACOT9,grey,0.248864886581022,0.126575839533397,0.402969182582425,-0.290040236997069,,FALSE
ACOX1,blue,-0.0581224912914733,0.725241300244963,0.189791685134765,0.236649270249724,0.24061241575755,FALSE
ACOX2,turquoise,-0.0119526292602286,0.942428376103049,0.14770257821062,0.146313684112126,0.434677948812131,FALSE
ACOX3,green,0.263214159506945,0.105450648560844,0.660951901923371,-0.469547792337526,0.660951901923371,FALSE
ACP1,darkgreen,-0.0984447917508169,0.551017339344505,0.153404705990518,0.35434750111513,0.821708738585394,FALSE
ACP2,green,0.223370252678787,0.171655286900031,0.669157032266588,-0.41063664311374,0.669157032266588,FALSE
ACP5,brown,0.307096493611537,0.0572159353419846,0.504382733760467,-0.256721366695264,0.653568785547899,FALSE
ACP6,grey,-0.334976662053865,0.0371133428859556,0.0451273156006576,0.0618985646241971,,FALSE
ACR,black,-0.259066400108854,0.111260048180647,-0.397282043789731,0.0954408774204452,0.483558345322343,FALSE
ACSF2,turquoise,0.0733495894976576,0.657213801499386,0.51750140060194,-0.146715975222035,0.527542294826748,FALSE
ACSL1,turquoise,0.198832350688307,0.224950596331921,0.530786234013961,-0.109376101399802,0.445220483886252,FALSE
ACSL3,yellow,-0.0644111603224678,0.696858072130504,-0.0615837340588048,0.0931565751280915,0.601547531543038,FALSE
ACSL5,magenta,-0.260946209093068,0.108597871752619,-0.370659996538657,0.706089141003271,0.706089141003271,FALSE
ACSM1,grey,-0.178706680919164,0.27637260791941,-0.487348070271506,0.30385782591965,,FALSE
ACSM3,magenta,0.0131592470319405,0.936627716407152,-0.286461756046587,0.628045935437717,0.628045935437717,FALSE
ACSM5,turquoise,0.0362133118807487,0.826754617787583,0.0885514960950259,0.309858804712152,0.338820091961527,FALSE
ACSS3,blue,0.0660183688532795,0.689667133952378,0.0734858932155359,0.0822252740003276,0.381821626307691,FALSE
ACTA1,turquoise,0.216380823793481,0.185811932600904,0.291157725977364,-0.271067320562659,0.490836117739805,FALSE
ACTA2,tan,0.034784267992673,0.833493187163503,-0.285967536409525,0.185843689067244,0.765178492387208,FALSE
ACTB,brown,0.0260646725405297,0.874847246191841,0.409028093254862,-0.415833578012128,0.331053662617243,FALSE
ACTG1,salmon,0.143214511080381,0.384425355252604,0.350459435419891,-0.266813420991145,0.638033062875914,FALSE
ACTG2,tan,0.155476750010661,0.344594575305805,-0.173976874426521,-0.064175291640924,0.594393449159584,FALSE
ACTL7B,turquoise,-0.0525055422087629,0.750903858511864,0.0184496577542348,-0.0589640063304309,0.362482321753473,FALSE
ACTMAP,yellow,0.0290511789299974,0.860640626740442,-0.0631441420065447,-0.00622222908198904,0.486034670606503,FALSE
ACTN1,brown,0.362937380503271,0.0231560445357303,0.666152600255119,-0.47824726546609,0.809836453622269,FALSE
ACTN3,turquoise,0.184911450462874,0.259762578648937,0.0589463946828604,-0.206997662438098,0.391571784679518,FALSE
ACTN4,brown,0.101958270307697,0.536822023140508,0.593030006224605,-0.422032928502075,0.621942528209474,FALSE
ACTR10,blue,-0.0799107594861789,0.628683588088235,0.0276212088255571,0.300003202016698,0.748588502763935,FALSE
ACTR1A,green,0.253004706702947,0.120181398032716,0.706695216012619,-0.528607724376865,0.706695216012619,FALSE
ACTR1B,brown,0.218481936086692,0.18147203871297,0.52900865300273,-0.340682403002542,0.746119712282463,FALSE
ACTR2,red,-0.117665878555491,0.475598615945042,-0.0950527106166889,-0.0376761256242179,0.777015174502595,FALSE
ACTR3,blue,-0.0414765388010785,0.80204502938138,-0.0954080666709803,0.207294533151256,0.68026110727343,FALSE
ACTR5,grey,0.156504937778789,0.341373830356077,-0.11573640438658,0.0588933403218901,,FALSE
ACVR1B,blue,0.198549612159357,0.225624145137184,0.14981689629031,-0.0735803289410934,0.278008474319902,FALSE
ACVR2A,blue,-0.146514189872439,0.373450855407134,-0.401574010352401,0.355902002157749,0.524555337112154,FALSE
ACVR2B,grey,-0.263809680187199,0.10463586415572,-0.352276544839184,0.247824761165957,,FALSE
ACVRL1,greenyellow,0.344256326744377,0.0318720915451913,0.252402794497065,-0.413288449761183,0.53919457515581,FALSE
ACYP2,pink,-0.113777018063194,0.490405345456583,0.432528976608917,-0.0269809946183145,0.696645883193135,FALSE
ADA,red,0.117057781273317,0.477898305303254,-0.0881691127931989,-0.156749417753557,0.592052435851413,FALSE
ADA2,greenyellow,0.201347771853732,0.219018878977372,0.325346628505718,-0.277419545233956,0.825733440711819,FALSE
ADAM10,blue,-0.182448466794234,0.266274770405071,-0.446836389815004,0.466434000457229,0.882904235361436,FALSE
ADAM11,grey,0.322975805999654,0.0449132750455964,0.0503353636741705,-0.16087881754885,,FALSE
ADAM12,black,-0.215758829198324,0.187110671248763,-0.244379667804056,0.0133583930513789,0.365811342984256,FALSE
ADAM15,turquoise,0.139285350337645,0.397737115668122,0.469426299029026,-0.434499252084934,0.569289808046754,FALSE
ADAM17,blue,-0.239268429729402,0.142370508718003,-0.238523836761587,0.31597347002972,0.78480471632743,FALSE
ADAM19,greenyellow,-0.145967292178674,0.375256823497581,0.0803414475490739,-0.159599303139362,0.501561165113146,FALSE
ADAM20,grey,-0.423317265504175,0.0072496262621456,-0.354074967429988,0.261035005193454,,FALSE
ADAM28,black,0.0383865861865265,0.816530232781001,0.0178221479721587,-0.130482751147249,0.508251702019747,FALSE
ADAM8,turquoise,0.154137233615684,0.348818317747169,0.413475678556503,-0.336355525724491,0.734245780491772,FALSE
ADAMTS1,salmon,0.0844723008911267,0.609154069159732,-0.0417949648053524,0.0312536091255922,0.429886663970459,FALSE
ADAMTS12,black,-0.182619061634223,0.265820272600983,-0.0926332850792265,-0.257172792683425,0.662529194561373,FALSE
ADAMTS13,turquoise,0.287154792445942,0.07631536239931,0.433831946046636,-0.550580125467691,0.779214224961377,FALSE
ADAMTS2,black,-0.0437739108465884,0.791317154745232,-0.226102057971462,-0.035418834939381,0.600437000182366,FALSE
ADAMTS5,blue,-0.0952904922649095,0.5639103366803,-0.317240769492054,0.132760288739955,0.475558949830336,FALSE
ADAMTS7,turquoise,0.188998178525417,0.249192214672818,0.171432559256165,-0.310561697474199,0.677444565630719,FALSE
ADAMTS9,red,-0.0558172211823482,0.735739594938749,-0.276180750153113,0.0284226953277117,0.536510227582442,FALSE
ADAMTSL2,turquoise,0.240764401450159,0.139817304345781,0.369411380105485,-0.479935758585309,0.632246547883298,FALSE
ADAMTSL3,yellow,-0.33565529882866,0.0367076169569737,-0.701569364396038,0.494685087385798,0.789747435361457,FALSE
ADAMTSL4,grey,0.0892220917840362,0.589098747958234,0.216083455102739,-0.22602259799581,,FALSE
ADAP1,black,0.204225608678251,0.212365680218663,-0.0720397520525104,-0.309048826047663,0.607581423196555,FALSE
ADAP2,greenyellow,0.0866281093890767,0.600015336894308,0.225911113068733,-0.146557333031309,0.616359438087743,FALSE
ADAR,turquoise,-0.00269936025995548,0.986987844373757,0.275297879046472,0.15423786346813,0.322956177942458,FALSE
ADARB1,turquoise,0.0804121874171256,0.626524252556861,0.323101073627482,-0.275051354662075,0.714803532320985,FALSE
ADAT1,blue,0.00369713033717139,0.982178798024737,0.308822959175938,-0.0681842844682057,0.292327412983713,FALSE
ADCK2,turquoise,0.165987564354424,0.312546294041712,0.623585419864005,-0.566637244155866,0.485768833241195,FALSE
ADCY1,grey,-0.0719270172969285,0.663465140944037,0.027865664544909,-0.0242739645238987,,FALSE
ADCY3,brown,0.210218796964049,0.198962639760339,0.244790698364845,-0.340801505317454,0.409860659503312,FALSE
ADCY6,turquoise,0.0437380421590563,0.791484362822267,0.23855686963476,-0.229270655755182,0.0256413284116474,FALSE
ADCY9,grey,0.0913723404504924,0.580116793158198,0.147741949078349,-0.0483171716479864,,FALSE
ADD1,turquoise,0.273847571176841,0.0916118476959199,0.565372244435739,-0.31067056795646,0.892806399664269,FALSE
ADD3,tan,-0.119748040950783,0.467768613604205,-0.536158009889341,0.434537045466678,0.765924559516547,FALSE
ADGRA2,black,0.00537331193317467,0.974101430860116,-0.200827651429917,-0.129553101608959,0.72941995617132,FALSE
ADGRA3,blue,-0.380209574413834,0.0169590586683617,-0.496115180887345,0.721102016340048,0.525122923056507,FALSE
ADGRB1,turquoise,0.131141616187813,0.426160568696398,0.208704002819184,-0.35774095993409,0.454270876000392,FALSE
ADGRB2,lightcyan,0.253200796042255,0.119884646562323,-0.061238837438077,-0.146898199613993,0.506555609990358,FALSE
ADGRD2,turquoise,0.231720252975255,0.155778396536886,0.316135704053423,-0.22262796965463,0.789576646225855,FALSE
ADGRE1,lightgreen,-0.0756208669771724,0.647280561171979,-0.141209731940013,0.0360650112425119,0.656524701131589,FALSE
ADGRE5,midnightblue,0.378374456580375,0.0175428993252978,0.452546077437849,-0.440102513221221,0.729834173218094,FALSE
ADGRF5,tan,-0.259604307753699,0.110493273904619,-0.401729572149692,0.366400384157022,0.618408893983935,FALSE
ADGRG1,grey,0.113330727543547,0.492119646505021,0.115734084637602,-0.265435899702033,,FALSE
ADGRG3,turquoise,0.166756550009567,0.310278053792858,0.357154328721977,-0.279679881939421,0.467556569210702,FALSE
ADGRG6,magenta,-0.435541908270207,0.00558294499005195,-0.670036982086408,0.721832170305954,0.721832170305954,FALSE
ADGRL1,turquoise,-0.00797771166166188,0.96155640615736,0.00413459719105325,-0.221105641898059,0.436138707456664,FALSE
ADGRL2,blue,-0.239907403721064,0.141275793063662,-0.426020736837304,0.401828485319736,0.373485984289699,FALSE
ADH1A,blue,0.127991295094524,0.43745302699495,-0.07355354998453,0.416223639586449,0.341720242006353,FALSE
ADH1B,magenta,-0.151394785627417,0.357563594579498,-0.488136883024268,0.701963456736323,0.701963456736323,FALSE
ADH1C,magenta,-0.0201022526504072,0.903321771429393,-0.179951734693449,0.578817953749322,0.578817953749322,FALSE
ADH5,blue,-0.343612432030886,0.0322149511030182,-0.483420028176915,0.599220677838259,0.641177301200932,FALSE
ADH6,magenta,-0.0725763802421449,0.660608766903767,-0.403121237734392,0.58486845555965,0.58486845555965,FALSE
ADI1,pink,0.0267675543452912,0.871500031792797,-0.0434789554215306,0.317519875590363,0.557111090077632,FALSE
ADIPOR1,pink,0.0350845473395093,0.832076247763522,0.235243262095158,0.120639580696125,0.544009190615362,FALSE
ADIPOR2,darkturquoise,0.0908517179820066,0.582285867204963,0.316425659319016,0.0580981787902058,0.71898255853873,FALSE
ADISSP,turquoise,0.373319781763249,0.0192390084380842,0.508995770479492,-0.421449869484654,0.72034389691515,FALSE
ADK,pink,-0.178817086223293,0.276071125155801,0.164088715215433,0.231086146042664,0.734806242795971,FALSE
ADM,grey,0.131490158637151,0.424921305965872,0.345615697036602,-0.184969055122284,,FALSE
ADNP,blue,-0.0207906774456602,0.900027304916519,-0.274141768716029,0.339766488070975,0.569364376602234,FALSE
ADNP2,turquoise,0.151642349486002,0.356768760218361,0.592051200638587,-0.430683339520821,0.550047873372323,FALSE
ADO,blue,-0.0431189480403859,0.794371820483898,-0.141433420487796,0.125733189735107,0.662850198475185,FALSE
ADORA1,turquoise,0.269132259002084,0.0975649118821546,0.225477604523974,-0.332345038280083,0.442962666058737,FALSE
ADORA2B,yellow,-0.137898474886364,0.402498596847017,-0.549328488502311,0.268431173712305,0.667328220986894,FALSE
ADPGK,grey,0.0861085563010808,0.602212341108776,-0.057065838158004,-0.140277689593082,,FALSE
ADPRM,blue,-0.29796672721438,0.0654227682669808,-0.264196413718967,0.411547234789211,0.413511415003032,FALSE
ADRA1A,grey,-0.0537053700749639,0.745398814187005,0.303505105678097,-0.00628649426595668,,FALSE
ADRA2B,midnightblue,0.280814625340299,0.0833331082038023,0.326664183104927,-0.543211332696199,0.615772704387,FALSE
ADRA2C,lightcyan,0.27896766608916,0.0854689257520134,0.200736266437608,-0.289606224549651,0.830709330697909,FALSE
ADRB2,yellow,-0.215527289668242,0.187595768546502,-0.539261428561114,0.417757895814741,0.452849049008242,FALSE
ADRM1,brown,0.220270809762657,0.177834323986329,0.633293524456036,-0.220144704988836,0.804737377462505,FALSE
ADSL,brown,-0.116377075638065,0.480479482158171,0.315479216058168,-0.219234631363731,0.381050571338435,FALSE
ADSS2,blue,-0.367037260445323,0.0215365825658961,-0.210279015003168,0.332786968969684,0.440752593754619,FALSE
ADTRP,yellow,-0.217421402404347,0.183653490673557,-0.518893193389076,0.35931179696809,0.517672070557851,FALSE
AEBP1,salmon,0.175527998978558,0.285144910025719,0.334624748107337,-0.544987106906809,0.887718999995222,FALSE
AEN,turquoise,0.530181653542811,0.000517510419792891,0.603660473932428,-0.52663300652993,0.580399592391163,FALSE
AFDN,darkred,-0.0331830850504085,0.841057401631741,0.133578556998935,-0.0886826887451611,0.660933272305447,FALSE
AFDN-DT,yellow,-0.256538027678156,0.114918218490361,-0.63512761017242,0.435103692610726,0.528282756958611,FALSE
AFF1,blue,-0.236186360956873,0.147738643752914,-0.310505480320539,0.384151555465944,0.632732010061852,FALSE
AFG2B,yellow,0.23029269348522,0.158414151959364,-0.0411976518972926,-0.0560893924256908,0.113910528926862,FALSE
AFG3L2,turquoise,0.0592498432170558,0.720125129345018,0.591162421202433,-0.287257048856745,0.59790714855058,FALSE
AFM,blue,0.0636243523406306,0.700387983247999,0.0380367650281393,0.0451978629950479,0.176157156498435,FALSE
AFP,grey,-0.00121020162650116,0.994166074481383,-0.0163785836197264,0.170842690270146,,FALSE
AFTPH,blue,-0.271070624158512,0.0950828502462166,-0.331464351161197,0.277480733550903,0.71106013700718,FALSE
AGA,blue,-0.0911214583459607,0.581161592186798,0.224999284230411,-0.0689428884778783,0.240964445105867,FALSE
AGAP2,lightcyan,-0.0468617764406679,0.776957795236921,0.221434824559533,-0.321922229252731,0.688573636813112,FALSE
AGBL5,brown,0.157140187793292,0.33939320778583,0.327425778204255,-0.223900994305762,0.463198362765087,FALSE
AGER,turquoise,0.249534978810646,0.125523935155264,0.348825356423955,-0.439364177577814,0.720143182816437,FALSE
AGFG1,blue,-0.139872222358362,0.395732085866229,-0.272090081280122,0.186317108432396,0.823136870059513,FALSE
AGFG2,turquoise,0.339003444693436,0.0347585848378024,0.506458380882622,-0.375380302602197,0.770441969713046,FALSE
AGGF1,red,-0.0106073623476198,0.948899013825496,0.270333856273577,-0.226362768716642,0.440714487303429,FALSE
AGK,red,-0.179570512886255,0.274019492287027,-0.249279714991876,0.234337716635189,0.80985141203823,FALSE
AGL,magenta,-0.347410009234288,0.0302358578589456,-0.652433740686604,0.81978683861614,0.81978683861614,TRUE
AGMAT,blue,-0.12707829153481,0.440756306240159,-0.12115795077361,0.328086802414169,0.486344270852629,FALSE
AGO3,yellow,-0.207942971525848,0.203980603567097,-0.0402543073804477,0.125350162736655,0.361062035106509,FALSE
AGPAT2,green,0.388018284971419,0.0146540983752497,0.783775440946594,-0.581069548520895,0.783775440946594,FALSE
AGPAT3,turquoise,0.205853911532578,0.208663892102375,0.495017160261762,-0.264219938830717,0.540070441354804,FALSE
AGPAT4,black,0.0578840303146378,0.72632500566109,-0.319108639081772,-0.0741991988186856,0.385959994359657,FALSE
AGPAT5,magenta,-0.414674471235383,0.0086716698695159,-0.469918363454536,0.523686464813635,0.523686464813635,FALSE
AGRN,turquoise,0.351914046204607,0.0280195303718597,0.566894936070534,-0.644404148565254,0.545317947561864,FALSE
AGRP,turquoise,0.237160057326896,0.146026948170225,0.421310054239439,-0.43872717870991,0.522518428004931,FALSE
AGT,turquoise,-0.0889574418782839,0.590208473521595,0.348265489957575,-0.0590792779693552,0.602257189838243,FALSE
AGTPBP1,grey,-0.042375200555653,0.797844234335622,0.142134097640137,-0.349100627185174,,FALSE
AGTR1,blue,0.00375278233307473,0.981910583590799,-0.506245356270004,0.578564602808155,0.649579526502089,FALSE
AGXT,darkred,0.154752348668723,0.346874846689452,0.301874364700163,0.0548570472551845,0.761535884843884,FALSE
AHCY,darkred,-0.172831837533346,0.292725525136214,-0.100918308960618,0.434672891351746,0.809364002692904,FALSE
AHCYL1,blue,0.0414983270391538,0.801943114814951,0.154674889179454,0.130042450018516,0.46448692457788,FALSE
AHCYL2,grey,0.0352832640484087,0.831138843105509,-0.11015362126629,0.152752952630732,,FALSE
AHDC1,turquoise,0.304090643284338,0.0598219073332464,0.110174126891483,0.0243663444526186,0.391582840921415,FALSE
AHI1,blue,-0.273357421595021,0.0922173001595451,-0.337320426975081,0.117868846174527,0.518735685881358,FALSE
AHNAK,tan,-0.0648295821393546,0.694983431728686,-0.366857732334714,0.108725231741103,0.62685122606992,FALSE
AHR,magenta,-0.237548933993167,0.145347410079135,-0.407448146465251,0.598632205729439,0.598632205729439,FALSE
AHSA1,brown,0.243748227734188,0.134825889586069,0.675157314135233,-0.256550421028523,0.720865510664205,FALSE
AHSG,turquoise,0.115775091592471,0.482768207751564,0.390626777173277,-0.355241842755621,0.640557598777721,FALSE
AIF1,lightyellow,-0.0876772977890167,0.595589333108162,-0.25394924866206,0.202762679362417,0.812572702121911,FALSE
AIFM1,brown,0.160972861962769,0.327593880085298,0.581085322775611,-0.0741244086150772,0.682699272875897,FALSE
AIMP1,blue,-0.335663575660478,0.0367026910652301,-0.306310990561185,0.372508704369233,0.743828657045121,FALSE
AIMP2,pink,-0.0456574494115984,0.782549819504887,0.482975110307213,-0.0848951207760109,0.555877638741934,FALSE
AIP,brown,0.258712097500272,0.111767292851079,0.447316134383668,-0.218950526822661,0.687127647349977,FALSE
AIPL1,grey,0.144718495046466,0.379399953390996,-0.0971525043485162,-0.0486286710385183,,FALSE
AIRE,turquoise,0.14503215607598,0.378356793232943,-0.0177940277746375,-0.13816141232665,0.268172581550613,FALSE
AJAP1,turquoise,0.0755212716772159,0.647714888252284,0.182471296992355,-0.331444505878542,0.453340458549613,FALSE
AK1,red,0.0603818890753744,0.714999720426694,0.218636010941744,-0.466245433278849,0.399058305711497,FALSE
AK2,grey,-0.0212884326927626,0.897646315309056,0.0441763627062947,0.251037325252618,,FALSE
AK4,darkturquoise,0.00598784581124073,0.971140643650911,0.040270096984057,0.1163172516011,0.448263734364453,FALSE
AKAP1,turquoise,0.108191392149944,0.512080927112371,0.540699626213056,-0.422626022429705,0.714848259750005,FALSE
AKAP10,red,-0.277807209211869,0.0868324179062252,-0.171344633145765,-0.00567884775615164,0.470377404741904,FALSE
AKAP11,yellow,-0.19175902695313,0.242216725134231,-0.411895611022454,0.48392299094787,0.736049213359038,FALSE
AKAP12,blue,0.118733792996986,0.471574125327119,-0.00612466316541917,0.0700356006927417,0.318146984230657,FALSE
AKAP13,darkred,-0.353663404434349,0.027195724953941,-0.162931490527708,0.343123921696391,0.2931709961697,FALSE
AKAP3,blue,-0.503436442012648,0.00108701704001606,-0.4757063847964,0.376186584459622,0.32948300625695,FALSE
AKAP6,yellow,-0.478520827230274,0.00205998599383447,-0.555884234824332,0.467765193670834,0.694888468096431,FALSE
AKAP7,lightgreen,-0.0153274370481255,0.926212717714657,-0.198583576069144,0.0892224683570585,0.430776865938027,FALSE
AKAP8,turquoise,0.00601915811578709,0.970989792731997,-0.0402402878992867,-0.0819508510626911,0.1500392632923,FALSE
AKAP8L,turquoise,0.327786351593738,0.0416411015635248,0.413881770817414,-0.408362264664408,0.806180099005636,FALSE
AKAP9,magenta,-0.179109365977647,0.275274038033048,-0.350995749024881,0.640349517716975,0.640349517716975,FALSE
AKIP1,brown,0.297662231201146,0.0657117145423194,0.637992258294065,-0.410180618594344,0.695130044841642,FALSE
AKIRIN1,cyan,0.111303112368608,0.499946809211353,0.505311141905803,-0.296248769114926,0.640356318070314,FALSE
AKR1A1,green,0.143602179336058,0.383126283887868,0.710591343885878,-0.47236578559133,0.710591343885878,FALSE
AKR1B1,lightyellow,0.0645006520490766,0.69645697584009,0.143066244430048,-0.170685572148711,0.812327780756601,FALSE
AKR1C1,darkgreen,-0.09810500961652,0.552399468551941,0.0351293441508705,0.366282140100247,0.627425932631598,FALSE
AKR1C2,darkgreen,0.0309273003039662,0.851737812395615,0.128140348296501,0.31627942724919,0.612838060639396,FALSE
AKR1C3,darkturquoise,0.0360593706100021,0.827479939833683,0.286273121516776,0.0816959185988159,0.734821836774473,FALSE
AKR1C4,magenta,-0.0534553648643921,0.746544869446647,-0.126812079113081,0.594189721848558,0.594189721848558,FALSE
AKR1D1,grey,-0.165254714490184,0.314717666017031,0.0463751729663544,0.256970691418814,,FALSE
AKR7A2,brown,0.141261585415391,0.391008771218807,0.471708397466701,-0.247018186617171,0.664443623127691,FALSE
AKR7A3,brown,0.130414548310023,0.428752196068326,0.383081849294929,0.00342352430415668,0.640397441096786,FALSE
AKT1,turquoise,0.240628084285002,0.140048550860277,0.683129610895543,-0.429830254834766,0.865161125660978,FALSE
AKT2,turquoise,0.250459687054271,0.124083079655948,0.451527740713511,-0.126478015421687,0.678772191779097,FALSE
AKT3,black,-0.180153439852265,0.272439013403104,-0.50341747653445,0.126042935304375,0.834488207453322,FALSE
AKTIP,green,0.312344319190661,0.0528838399337372,0.58138730437455,-0.332537278495022,0.58138730437455,FALSE
ALAD,turquoise,0.0632818397343999,0.701926566930271,0.295749375822571,-0.0131309983485582,0.338925474863611,FALSE
ALAS1,turquoise,0.0905089254524595,0.583716026220901,0.214972291019339,0.107795912998218,0.32419463348475,FALSE
ALB,grey,-0.153789906676444,0.349918629259443,-0.359021510310979,0.177988219748264,,FALSE
ALCAM,blue,-0.144779512269907,0.379196892212867,-0.306081120777488,0.280795131061556,0.806492825264395,FALSE
ALDH18A1,green,0.324702137478882,0.0437159011056067,0.760974194959714,-0.623380753799564,0.760974194959714,FALSE
ALDH1A1,magenta,-0.101325975418721,0.539363580120484,-0.347870586966041,0.696524097063939,0.696524097063939,FALSE
ALDH1A2,black,0.0889662330633917,0.590171595653732,0.150368597356767,-0.190228122576378,0.356030400948646,FALSE
ALDH1A3,purple,0.0566777527642725,0.731815044439928,-0.252086531752722,0.0203635936524591,0.411129755273843,FALSE
ALDH1B1,turquoise,0.264238189443977,0.104052553987777,0.54659298555994,-0.119589502821422,0.561337642656445,FALSE
ALDH1L1,darkred,-0.0739376081418184,0.654636489005729,0.095295517354108,0.260251642314594,0.745688882797016,FALSE
ALDH2,brown,0.244374092424648,0.133795896178593,0.526565516511278,-0.203439309818235,0.698339404042484,FALSE
ALDH3A1,turquoise,0.297616310332027,0.0657553777344866,0.216375260899317,-0.0334993708354167,0.411361332223262,FALSE
ALDH3A2,magenta,-0.191239845858139,0.243518313679569,-0.500416852871059,0.611150652402505,0.611150652402505,FALSE
ALDH3B1,brown,0.0341649451240906,0.836417242575348,0.247526972202994,-0.335051004687227,0.335646200969115,FALSE
ALDH4A1,turquoise,0.181192039951072,0.269637925350629,0.622628673160742,-0.322264591430719,0.825245619063595,FALSE
ALDH5A1,blue,-0.268308801314246,0.0986342436630619,-0.226459477972371,0.59606953652788,0.615987644565999,FALSE
ALDH6A1,magenta,-0.25921010770512,0.111054803497572,-0.393555221203664,0.712251994763827,0.712251994763827,FALSE
ALDH7A1,magenta,-0.287410609764379,0.0760422235540363,-0.364094333325091,0.768293289855992,0.768293289855992,FALSE
ALDH8A1,brown,-0.0228178440012454,0.890336060211735,0.366897514465891,0.059700610296882,0.488910109171389,FALSE
ALDH9A1,blue,-0.254281606947018,0.118258867858891,-0.335481063531862,0.457393242717286,0.774830763689798,FALSE
ALDOB,cyan,-0.0706348338015956,0.669163050778454,0.141865523341725,0.237783910908026,0.552332869189304,FALSE
ALDOC,green,0.0260650911159802,0.874845252236261,0.432016000878263,-0.201092555526,0.432016000878263,FALSE
ALG12,green,0.338064403408063,0.035296471008849,0.705479988403783,-0.568981059724364,0.705479988403783,FALSE
ALG3,brown,0.288942113990783,0.074422974768365,0.701127573698781,-0.539275023197106,0.718690949645548,FALSE
ALG5,pink,-0.00991145692046538,0.952247563732575,0.313877095083024,-0.091165843556011,0.584312291706778,FALSE
ALG6,blue,-0.310790895884577,0.054137877707649,-0.36164684403913,0.326667103697854,0.698137014723416,FALSE
ALG8,blue,-0.383927508430474,0.0158261911338621,-0.602398758624981,0.646044487039617,0.729463303489008,FALSE
ALG9,blue,-0.403838890595707,0.0107864663958313,-0.140768592189649,0.249812181198246,0.47141793157722,FALSE
ALKBH1,yellow,-0.163588509930394,0.319689773480725,-0.489480570977188,0.243109861459166,0.620452159697546,FALSE
ALKBH4,turquoise,0.483843063407465,0.0018042329435687,0.530967276552522,-0.351143384393999,0.780187853929185,FALSE
ALLC,grey,-0.0241527668194842,0.883962694898573,0.144929600043476,-0.140399187848905,,FALSE
ALMS1,turquoise,0.00823519295525279,0.960316602133564,0.0535517417551044,-0.0650894104801877,0.285585934159047,FALSE
ALOX12P2,yellow,-0.159318456365863,0.332655472856788,-0.170683178130718,0.114420280126918,0.458189197443787,FALSE
ALOX15B,purple,-0.200524675687633,0.220947877522719,-0.527151683976696,0.423983108953339,0.541240608927863,FALSE
ALOX5,greenyellow,0.0816387641779652,0.621255105066172,0.140507319700759,-0.264615141555089,0.713621206639643,FALSE
ALOX5AP,tan,0.0283475462998677,0.863984039937742,-0.107514012221324,0.0177613878438451,0.534195929352887,FALSE
ALPG,turquoise,0.338480401776425,0.0350573515850437,0.310403233021585,-0.309820912571492,0.402368841301596,FALSE
ALPI,turquoise,0.251843472078239,0.121950062338972,0.320333755613312,-0.302890843813721,0.584355252031543,FALSE
ALPK1,grey,-0.141082772171878,0.391614821882591,-0.0755243691973569,0.120224812536624,,FALSE
ALPK3,green,0.0257729991105118,0.876236866913746,0.316048771126535,-0.401748312145093,0.316048771126535,FALSE
ALPL,turquoise,0.0731078457739439,0.658274512232018,0.177705794722608,0.0291315747986609,0.421051152082851,FALSE
ALPP,purple,0.26709850794369,0.100222167682779,-0.281141076106148,0.0717041370423429,0.515196585257724,FALSE
ALS2CL,grey,0.177425170993686,0.279887759546776,0.0331866567111282,-0.238778074711966,,FALSE
ALX3,turquoise,0.0126825664011173,0.938918928381169,0.0224184483319039,-0.28325986815697,0.37809258381858,FALSE
ALX4,turquoise,0.0991199129663963,0.548276003335767,0.165470690088599,-0.254862010685553,0.256697672396876,FALSE
AMBP,turquoise,0.130141471671454,0.429727840672398,0.546155226816325,-0.298591787217276,0.79901799396446,FALSE
AMBRA1,turquoise,0.0665730718880981,0.687191479622147,0.51765843036663,-0.278390482524582,0.568206590659599,FALSE
AMDHD2,turquoise,0.25347968054568,0.119463545258273,0.446137760675574,-0.322112379014519,0.801204500548077,FALSE
AMFR,green,0.0764383906675553,0.643719768628006,0.726034897405006,-0.371053354535158,0.726034897405006,FALSE
AMHR2,purple,0.0542960188744036,0.742693354984586,-0.362213355261813,0.0867688289087387,0.554492043371051,FALSE
AMN,turquoise,-0.117314159212541,0.47692803055338,-0.0520524263044749,0.227881731709714,0.36271749631728,FALSE
AMOT,purple,-0.116303765831962,0.480757900360051,-0.306002369924248,-0.0449858837442401,0.409374613854784,FALSE
AMPD2,turquoise,0.256625470720722,0.114790206238363,0.59819658187989,-0.49057741877169,0.78679516081275,FALSE
AMPD3,grey,0.00255695583426639,0.987674245260688,0.244563688292022,-0.23670866965294,,FALSE
AMZ2,blue,-0.202272906806503,0.216864620718036,-0.323847449158559,0.555609067903595,0.52857513574905,FALSE
ANAPC13,blue,-0.109231990212302,0.508006804474176,-0.264783953973214,0.234174751155667,0.814172518539589,FALSE
ANAPC15,blue,-0.261873701211674,0.107302296230922,0.106754430968613,-0.188551466761418,0.248571127354872,FALSE
ANAPC2,turquoise,0.0917062611834412,0.578727490674049,0.518758573455873,-0.343556056137603,0.817921964050458,FALSE
ANAPC5,brown,0.0925793098388792,0.575102207472348,0.44866644322608,-0.0775079275014496,0.826309357483202,FALSE
ANGEL1,grey,-0.161373083105996,0.326376656898626,-0.152174409506808,0.233065280618763,,FALSE
ANGEL2,blue,-0.326337736370024,0.0426054272110605,-0.363207093882648,0.559111245396557,0.821535967543771,FALSE
ANGPTL2,black,0.0437887447120672,0.791248006811834,0.0681057702422685,-0.327532526036794,0.595670302729774,FALSE
ANGPTL3,blue,-0.123518458147996,0.45376597104497,-0.251003158593938,0.45910107741548,0.568245930853448,FALSE
ANGPTL4,turquoise,-0.0213448348137669,0.89737657366125,0.146256125479234,0.0652472072532298,0.388883010020978,FALSE
ANGPTL8,green,0.443996820848751,0.0046341988743139,0.752327523928398,-0.643611607669958,0.752327523928398,FALSE
ANK2,black,-0.4152679430231,0.00856691040285175,-0.397338684217827,0.129498283434691,0.673361290435695,FALSE
ANK3,tan,-0.178257893520613,0.277600322370646,-0.392131231795422,0.120119732114626,0.780898173622352,FALSE
ANKFY1,brown,0.205178689245745,0.210193464839644,0.557189857257693,-0.326475348268859,0.683829014028061,FALSE
ANKLE2,turquoise,0.332282607195532,0.0387602551621708,0.601045095339335,-0.400181611304397,0.877121400577766,FALSE
ANKMY2,blue,-0.141478153287553,0.390275490748391,-0.179113326973383,0.382462686255983,0.712393883691557,FALSE
ANKRA2,blue,-0.273926136478284,0.0915150861345219,-0.452362666493241,0.570133593548037,0.71563072362193,FALSE
ANKRD11,turquoise,-0.0651845011097752,0.693394700831905,0.105714437401285,-0.223704955975443,0.0633572225819728,FALSE
ANKRD12,blue,-0.147337482682937,0.370741922488303,-0.177946669791199,0.163455121940906,0.656967762336174,FALSE
ANKRD17,yellow,-0.201514809035613,0.218628832368247,-0.372661079042916,0.509249465080154,0.589417756670091,FALSE
ANKRD2,grey,0.161857266882864,0.324907843670357,0.130514904381776,0.0523997206037657,,FALSE
ANKRD28,yellow,-0.402984481088936,0.010970468571222,-0.511864345004176,0.523750298315219,0.814854678393642,FALSE
ANKRD40,red,0.044358940331751,0.788591243538433,0.0941027857886926,-0.3169080044013,0.447403476878163,FALSE
ANKRD46,blue,-0.303025889305315,0.0607673269675061,-0.465859601557081,0.555040179240175,0.870627605865579,FALSE
ANKRD49,yellow,-0.27078499759839,0.0954455149633006,-0.563815911718123,0.615074235316692,0.825531266487018,FALSE
ANKRD55,blue,-0.332888966739191,0.0383844836291931,-0.317719380094358,0.343797253546384,0.527814120711277,FALSE
ANKS1A,turquoise,0.021341314736076,0.897393408007069,-0.0217839044155673,0.0967379631452152,0.310609913596418,FALSE
ANKZF1,turquoise,-0.116221639110646,0.481069903750831,-0.116423802855988,0.212772284066739,0.396130543033542,FALSE
ANO1,pink,-0.0608495426244831,0.712885965829773,0.283040619372257,0.0396345666067538,0.510149203270881,FALSE
ANO10,blue,0.131108229995097,0.426279381216533,0.420038156730047,-0.209347994131688,0.325177453276235,FALSE
ANP32A,blue,-0.012927284287258,0.937742606262243,0.196537578814605,-0.0777769962062638,0.280349313267982,FALSE
ANP32B,tan,-0.13899036100824,0.39874715040045,-0.238060305149456,0.145809196186618,0.467072454186802,FALSE
ANP32CP,blue,0.0474145612421364,0.774394749308719,0.0352627623008084,-0.202629597026587,0.272429649239979,FALSE
ANP32E,yellow,-0.172535225652737,0.293567335126121,-0.400776526658081,0.455806404464161,0.796599003187082,FALSE
ANPEP,turquoise,0.0490230922873976,0.76695011382285,0.405131066609697,-0.0463879173355338,0.648343347951777,FALSE
ANTKMT,turquoise,0.202124088581742,0.21721016683823,0.584352224587438,-0.456863211114089,0.863304219055926,FALSE
ANTXR1,black,0.0680280467872506,0.680713208074953,-0.157781038392261,-0.231247565303886,0.851901281756621,FALSE
ANXA1,tan,-0.0799979594545022,0.628307853027031,-0.303568013501093,0.0723048769982284,0.871683853803703,FALSE
ANXA10,yellow,-0.246590399458695,0.130195394179125,-0.4841395314113,0.595044522262923,0.703516843381673,FALSE
ANXA11,brown,0.176625664313975,0.282095477538286,0.553289366589204,-0.36826533695095,0.687307156662298,FALSE
ANXA13,black,-0.173168444922619,0.291772088685354,-0.274751239208414,0.0996192964830521,0.365303429260198,FALSE
ANXA2,tan,0.0733265736652293,0.657314760720493,0.115125024086268,-0.233346504848238,0.637703514389075,FALSE
ANXA2P2,tan,0.0619359237656801,0.707983790868161,0.0284388632949915,-0.168314789418756,0.702193720014921,FALSE
ANXA4,blue,-0.00999190223227997,0.951860435479253,-0.165130834025486,0.230276516073929,0.602780129434777,FALSE
ANXA5,greenyellow,0.515517954398131,0.000783245620723148,0.558379221140742,-0.455851883999076,0.636589275227083,FALSE
ANXA6,brown,-0.0126403432918052,0.93912190152194,0.63049111373077,-0.325558761092313,0.663695115831241,FALSE
ANXA7,blue,-0.208459148857747,0.202834818597125,-0.302487546151855,0.502587416500026,0.923067977678858,FALSE
ANXA9,grey,0.0504210293477033,0.760496836338879,0.0662840784869684,-0.0759036425691065,,FALSE
AOAH,greenyellow,0.23728566036213,0.145807210208568,0.553625928025136,-0.451293154239638,0.857050952725392,FALSE
AOC1,magenta,-0.206868806498873,0.206379439397754,-0.418979172075264,0.386134896916003,0.386134896916003,FALSE
AOC2,grey,0.153474705265576,0.350918994346104,-0.335036834924613,0.207588996069396,,FALSE
AOC3,greenyellow,0.348060778794365,0.0299069812484232,0.411312527742837,-0.183712358294005,0.667451336605336,FALSE
AOPEP,turquoise,0.0362267327958375,0.826691389433666,0.0596924275487325,0.115675626586529,0.296127818303269,FALSE
AOX1,magenta,-0.085192169776407,0.606095856449693,-0.394456410134071,0.616829413675954,0.616829413675954,FALSE
AP1B1,turquoise,0.196322337162307,0.230978308731564,0.635894960881412,-0.545206218114485,0.763094067784778,FALSE
AP1G1,red,-0.104930881514513,0.524951345931569,-0.239533377818969,0.163774008008492,0.766757804564152,FALSE
AP1G2,turquoise,0.334902105772835,0.0371581389330586,0.53338956279047,-0.500683559382456,0.58242358378229,FALSE
AP1S1,turquoise,0.308578342557555,0.0559649638799798,0.445821258696801,-0.226975115288207,0.604586175539696,FALSE
AP2A2,turquoise,0.214000209568926,0.190817449044836,0.561211668166278,-0.253328483777468,0.717484002291804,FALSE
AP2B1,blue,-0.249267344856776,0.125943278262468,-0.306482208547052,0.295026567595438,0.58636136660166,FALSE
AP2M1,brown,0.249371278529342,0.125780305384706,0.612309997648659,-0.351737073219955,0.874236855360313,FALSE
AP2S1,turquoise,0.167459730541646,0.308213060218542,0.614020927871343,-0.381091194981957,0.872908741862177,FALSE
AP3B1,red,-0.20232035920588,0.21675451914689,-0.272450408124119,0.0734039416699035,0.783658205437852,FALSE
AP3D1,green,0.332283105553138,0.0387599450956606,0.813891172581394,-0.634040067571405,0.813891172581394,TRUE
AP3M2,red,-0.0995065666777299,0.54670890723405,-0.172734839933721,0.0131847271989155,0.534909089977797,FALSE
AP3S1,blue,-0.0744244502341134,0.652505618560903,-0.305458814570637,0.367884391628577,0.730860548170811,FALSE
AP4M1,grey,0.16025743363643,0.329776794872386,0.24360717036063,-0.272939136240386,,FALSE
AP4S1,red,0.0143580359526227,0.930867884262247,-0.135603580296059,0.00313069927777802,0.311933474465885,FALSE
AP5M1,yellow,-0.163085671055961,0.321199913744228,-0.265799898018856,0.41215198419113,0.715276935513663,FALSE
AP5S1,grey,0.0126833294480063,0.938915260329482,0.281160106278406,-0.302678822190359,,FALSE
AP5Z1,turquoise,-0.0997877724454123,0.545570526048445,0.314950211359403,-0.464794851349772,0.424879285297887,FALSE
APAF1,red,-0.029071568658062,0.860543777377612,0.178522061882863,-0.336131347370043,0.483020675837929,FALSE
APBA3,turquoise,0.286204920127584,0.077336268118539,0.450840571788632,-0.309182801222782,0.71305556422963,FALSE
APBB1,turquoise,0.0657246128515415,0.690979467816444,-0.0358860229054277,-0.0777206836933068,0.208122137024918,FALSE
APBB2,yellow,-0.285668824489615,0.0779171448969333,-0.595863796854201,0.193746359996283,0.475297635164781,FALSE
APBB3,turquoise,0.00734841868856177,0.964586898399635,0.377000278795141,-0.427738375697968,0.245159696079702,FALSE
APC,red,-0.419297049219167,0.00788395355856806,-0.2659717108423,0.208886088087995,0.741717481953737,FALSE
APC2,turquoise,0.169112002626896,0.303395308304605,0.0743998059628089,-0.291387274638901,0.29031290356248,FALSE
APCS,blue,-0.101839581329449,0.537298661855756,-0.0868693295052095,0.202508983445622,0.281310746270653,FALSE
APEH,turquoise,0.0183585741290557,0.911673189981056,0.543961945078642,-0.130181073999142,0.587630386279862,FALSE
APEX1,blue,-0.204274189896357,0.212254581672684,-0.198697584766525,0.550447091877993,0.613254485253682,FALSE
APEX2,brown,0.473038578418695,0.00235622853700507,0.460959041125255,-0.216033375974499,0.612927942044635,FALSE
APH1A,turquoise,0.118971131049861,0.470682156537153,0.388436949816719,-0.148591178201697,0.794186778033622,FALSE
APH1B,lightgreen,-0.33651390234608,0.0361994944086472,-0.378797015827943,0.333009088897977,0.780238482923434,FALSE
API5,blue,-0.0962178685642236,0.560105322570706,0.0359547257848954,0.0278917635696272,0.354716139490097,FALSE
APLNR,tan,-0.0760560214001514,0.645384239873256,-0.191344451241017,-0.0652520929976608,0.565476613908109,FALSE
APLP2,pink,-0.0697027287969585,0.673284578768835,0.183901639303493,0.291650208072504,0.544298424621811,FALSE
APMAP,green,0.236053272062655,0.147973742548896,0.611502203083689,-0.463514605038012,0.611502203083689,FALSE
APOA1,turquoise,0.301734039924879,0.0619302817784632,0.60033721181173,-0.52506881321714,0.751722958127565,FALSE
APOA2,grey,-0.0401285525211778,0.808356456887069,-0.197052708189173,0.041656650404583,,FALSE
APOA4,turquoise,0.265269456288963,0.102658891632763,0.574345285863701,-0.346864532124535,0.636844702365214,FALSE
APOB,blue,-0.0471783584958076,0.775489641913317,-0.109680214036774,0.369179027033546,0.309298336189583,FALSE
APOBEC3C,greenyellow,0.197167904828761,0.228935543105508,0.304885741378753,-0.284370786856245,0.682111883793136,FALSE
APOBEC3G,greenyellow,0.0475654722394461,0.77369544253104,0.206292160307779,-0.226487226779487,0.728688486827799,FALSE
APOC1,turquoise,-0.225800169907995,0.166919900981413,0.137929657038514,0.17607434922235,0.292885874631811,FALSE
APOC3,turquoise,0.192615846282674,0.240078953731431,0.446681199437182,-0.0681995806242098,0.541567167073078,FALSE
APOD,black,-0.142752641849079,0.385976440632718,-0.204880789231755,-0.0389205845035201,0.701550636562897,FALSE
APOE,turquoise,0.240782045754656,0.139787393398967,0.711196356278362,-0.502831395046338,0.857112725425361,FALSE
APOF,darkred,-0.218360153395876,0.181721596877144,-0.222607691638463,0.407312394248274,0.654344294994455,FALSE
APOH,blue,-0.313123512578497,0.0522636402570995,-0.26084343375895,0.45990227846597,0.416562160814595,FALSE
APOL1,turquoise,0.114651144782084,0.4870565722582,0.529004014348846,-0.196378716933785,0.394110026276523,FALSE
APOL2,turquoise,0.28641685728001,0.0771075625139926,0.619289013427954,-0.469114694240404,0.626717378525257,FALSE
APOL3,green,0.406275689109198,0.0102760650982609,0.613809893060676,-0.588156759975007,0.613809893060676,FALSE
APOL6,blue,-0.267527868726313,0.0996566187615595,-0.390626561654646,0.419218167582929,0.608037811545053,FALSE
APOLD1,magenta,-0.249324822041662,0.125853131859485,-0.464736313332092,0.540296538342446,0.540296538342446,FALSE
APOM,blue,-0.259027761647087,0.111315280960868,-0.31829180155286,0.624029843134476,0.64104836934853,FALSE
APOO,red,-0.309929718766725,0.0548432652390293,-0.13500561833115,0.205658855246183,0.642797244131435,FALSE
APOOL,blue,-0.0350316103958155,0.832326005450105,-0.104012393339373,0.0182640969569122,0.545115913353786,FALSE
APP,blue,-0.122727575210681,0.456684230053462,-0.119191237216992,0.325679740186928,0.669100718253787,FALSE
APPBP2,red,-0.393728721088301,0.0131411939126941,-0.408967566555623,0.398263536676718,0.706154325063824,FALSE
APRT,turquoise,0.176216124580848,0.283230733447147,0.501602706417218,-0.312331065471335,0.802872989077892,FALSE
APTX,purple,-0.13881065090776,0.399363197527969,-0.191436125814337,0.014608728592319,0.500853799724364,FALSE
AQP1,salmon,0.130307696981017,0.429133805906352,-0.0739780248352907,-0.0985662877199422,0.753288532767789,FALSE
AQP2,lightcyan,-0.0342186936887927,0.836163388968268,-0.304113733278911,-0.0905044687351041,0.483624213625294,FALSE
AQP3,turquoise,0.184156695213559,0.261746832177068,0.266185882399674,-0.197827041766647,0.454500961166243,FALSE
AQP6,purple,0.0219727100794375,0.894374551455378,-0.367051639871667,0.0798273632310904,0.789292712299997,FALSE
AQP7,turquoise,-0.202975354986055,0.215238702022398,-0.0722506287036589,0.31392677230204,0.218468036590478,FALSE
AQP9,magenta,-0.175887048214967,0.284145089721667,-0.505239824170512,0.721028426622231,0.721028426622231,FALSE
AQR,yellow,-0.209021915898216,0.201590746056277,-0.427966392880373,0.447665421642022,0.772550391499086,FALSE
AR,magenta,-0.248731311164159,0.126786309090798,-0.276919693233095,0.388088202973828,0.388088202973828,FALSE
ARAF,brown,0.210784143401672,0.197729640118626,0.571687588335451,-0.316642237613669,0.812395779362471,FALSE
ARAP1,turquoise,0.33489115589066,0.0371647217236202,0.564233994263554,-0.52891488657059,0.889228866794561,FALSE
ARAP3,black,0.145328364572736,0.377373232275631,-0.178817850324058,-0.239367728860198,0.588915529044426,FALSE
ARB2A,blue,-0.388570306280868,0.0145016983551052,-0.423226348274975,0.413655769864671,0.800194976848917,FALSE
ARC,grey,0.187120140423509,0.254013409535572,0.0751630852484222,-0.127507889590661,,FALSE
ARCN1,green,0.257431278862865,0.113615600804882,0.67726255782001,-0.167819930955184,0.67726255782001,FALSE
ARF1,brown,0.243679798345817,0.134938859992088,0.847527225325112,-0.517621526654801,0.916430377688407,FALSE
ARF3,blue,-0.224306073844049,0.169820291423102,0.102024243716046,-0.11213715746251,0.366702222278358,FALSE
ARF4,green,0.418016878612097,0.00809569456820367,0.536735074003649,-0.243792339827489,0.536735074003649,FALSE
ARF5,brown,0.105862107713762,0.52125932996768,0.729353534591827,-0.4234743882714,0.789561035281663,FALSE
ARF6,blue,0.159200695351808,0.333017594322708,0.0213138461499394,-0.0322039335551364,0.527941118273928,FALSE
ARFGAP1,turquoise,0.300838670113344,0.0627466241619167,0.698567874602964,-0.67739395191521,0.827298848894222,FALSE
ARFGAP2,turquoise,0.063237287580038,0.70212678370663,0.441614936704833,-0.208407555555131,0.780726975732514,FALSE
ARFGAP3,pink,0.173457872758405,0.290953889460014,0.36913522137662,-0.112019386670445,0.531871436129594,FALSE
ARFGEF1,blue,-0.242927504990228,0.136185451956764,-0.221618374124708,0.47631135830293,0.675043264245013,FALSE
ARFGEF2,red,-0.081106126227053,0.623540952550142,-0.148342137602553,-0.025801148757515,0.716878471694246,FALSE
ARFIP1,blue,-0.292953522529431,0.0703096112322865,-0.424786082805643,0.379894337618324,0.814401742232994,FALSE
ARFIP2,turquoise,0.431345481823008,0.00611320954525105,0.427416086761665,-0.370964244269979,0.21733283313434,FALSE
ARFRP1,turquoise,0.33280084927148,0.0384389064781221,0.49525193699509,-0.530150420782512,0.721408710856561,FALSE
ARG1,magenta,-0.269970644259788,0.0964853435283415,-0.353066893275839,0.71078840836939,0.71078840836939,FALSE
ARG2,blue,-0.297566757286842,0.0658025202415476,-0.544885562062674,0.351213592907447,0.552853753451581,FALSE
ARGLU1,yellow,-0.171167854862392,0.297468165365433,-0.444658178090415,0.374988982056823,0.823666682440587,FALSE
ARHGAP1,turquoise,0.208235397288785,0.203330938141417,0.358059218883676,-0.296408969184085,0.534112078151647,FALSE
ARHGAP10,turquoise,0.00766268154292888,0.96307343580095,0.161249233015935,0.0938245853116725,0.38377083284225,FALSE
ARHGAP15,tan,-0.0213156194802153,0.897516293801463,-0.412028874198796,0.133786696696875,0.856364881750683,FALSE
ARHGAP17,greenyellow,0.152135876767847,0.355187417714057,0.347187501468224,-0.348858878314846,0.665701553046914,FALSE
ARHGAP25,greenyellow,0.218919115571161,0.180578175632389,0.304296290881919,-0.360734131791237,0.716294513495527,FALSE
ARHGAP26,grey,-0.157493490500608,0.338294722870636,0.10458798118955,-0.0605191715470714,,FALSE
ARHGAP29,magenta,-0.359087708594859,0.0247677148707983,-0.575940823805925,0.647216516535784,0.647216516535784,FALSE
ARHGAP32,yellow,-0.259772341454553,0.110254568047053,-0.359229393072486,0.306904322591019,0.493498386998764,FALSE
ARHGAP33,turquoise,0.0329036236621705,0.842379079935043,0.233171407181763,-0.264425817332009,0.480969545090876,FALSE
ARHGAP35,darkred,0.105957124659975,0.520883339838249,0.404516724171315,-0.0052387522075495,0.816428110329632,FALSE
ARHGAP4,turquoise,0.258282372328075,0.11238486262648,0.355152805050913,-0.415579413575055,0.525876227701995,FALSE
ARHGAP44,black,-0.113774558017288,0.490414786593221,-0.169179627711738,-0.160024890131071,0.602818977970892,FALSE
ARHGAP45,turquoise,0.317679845927048,0.0487528098834189,0.38278403129646,-0.427924488986913,0.633875230570986,FALSE
ARHGDIA,turquoise,0.241240388972281,0.139012054736277,0.653859160406931,-0.533272285033641,0.767949790995195,FALSE
ARHGDIB,lightyellow,0.0363791360012139,0.825973466091353,-0.10634373972774,0.0703724292122754,0.897635708069069,FALSE
ARHGEF1,turquoise,0.117759740967555,0.475244168294,0.33318939036828,-0.355676079641537,0.725229465446985,FALSE
ARHGEF10,black,-0.124087201152059,0.45167363104634,-0.461416031194674,0.112563177538433,0.608041275861132,FALSE
ARHGEF10L,turquoise,0.155381709637446,0.344893219746864,0.287450614182194,-0.155772411305373,0.694504800603037,FALSE
ARHGEF11,turquoise,0.125160146135911,0.447740673270039,0.338324362454113,-0.3557511455105,0.134724435593285,FALSE
ARHGEF12,blue,-0.173505071608395,0.290820600920636,-0.318650792346759,0.499077241249335,0.849545156661589,FALSE
ARHGEF15,grey,0.138586661787353,0.400131801451615,0.0494583462319972,-0.183528007743057,,FALSE
ARHGEF16,turquoise,0.521955746027902,0.000654455076554934,0.480471442454574,-0.588441579438671,0.467603531214321,FALSE
ARHGEF17,salmon,0.0849699704761935,0.607039121031337,0.0282321016336,-0.408838991162051,0.5820336866484,FALSE
ARHGEF18,turquoise,0.228631498463662,0.161521852520438,0.647306861459162,-0.534633103264889,0.6823875281481,FALSE
ARHGEF2,salmon,0.146320832052893,0.37408877212612,-0.0945316776536979,-0.248822880003764,0.466550048263653,FALSE
ARHGEF28,yellow,-0.386332005987334,0.0151280463947798,-0.473729468398825,0.488188884230044,0.526226957740754,FALSE
ARHGEF4,grey,-0.127190538846911,0.440349453990188,-0.193210561819216,0.0419245219553898,,FALSE
ARHGEF40,turquoise,0.215228306743426,0.188223481919774,0.213128252859907,-0.15034836934405,0.52424270153732,FALSE
ARHGEF6,lightyellow,-0.0411056553115928,0.803780332311615,-0.0385904079345892,-0.0206623971012091,0.718811298257748,FALSE
ARHGEF7,grey,0.266715439277752,0.100728808764802,0.247915639495784,-0.16215560761583,,FALSE
ARHGEF9,blue,-0.318178008424504,0.0483807552312069,-0.50930908599064,0.39479014996262,0.505641766576407,FALSE
ARID1A,turquoise,0.167220793449444,0.308913754318138,0.315380106054164,-0.317138602102909,0.580328493553432,FALSE
ARID3B,grey,0.0678411159474059,0.681544265595884,-0.0462313262689023,-0.164357386609733,,FALSE
ARID4A,grey,-0.206433814065669,0.207356433243807,-0.238871456193314,0.342093970238717,,FALSE
ARID4B,blue,-0.325054815482569,0.0434744937693437,-0.343451683506231,0.43710855121865,0.674627778197491,FALSE
ARID5A,turquoise,0.129596546978086,0.431678431154697,0.466515209164287,-0.388637043467068,0.611524808042661,FALSE
ARID5B,tan,-0.212472823657838,0.194078636124374,-0.541717472635927,0.319880355667303,0.832110739451955,FALSE
ARIH1,red,-0.289999169464653,0.0733212015797299,-0.368906267879998,0.298576870234193,0.864213687436383,FALSE
ARIH2,turquoise,0.292980201254655,0.070282865943212,0.607297886303686,-0.40372722538002,0.439726605848931,FALSE
ARL1,blue,-0.192435903177379,0.240526852142945,0.165737334206526,0.0188764963717276,0.676273855060934,FALSE
ARL2BP,brown,0.146112648173961,0.374776324262444,0.420326095595702,-0.398687566790888,0.440275998843821,FALSE
ARL3,magenta,-0.34206941634104,0.0330489142800063,-0.184620005949558,0.393354973450956,0.393354973450956,FALSE
ARL4A,lightgreen,-0.0986759676587129,0.550077920092773,-0.096251200787187,-0.00405519550027527,0.55374640376715,FALSE
ARL4C,midnightblue,0.30616316724578,0.0580152209795699,0.321838516992294,-0.2822184815725,0.678827143688778,FALSE
ARL4D,brown,0.250205313137522,0.124478198778104,0.345259777280763,-0.110935874428446,0.638140020910523,FALSE
ARL5A,blue,-0.256327242198857,0.115227240450056,-0.218947402777169,0.183448741067823,0.609635911754421,FALSE
ARL6IP1,blue,-0.167407305533229,0.308366712595428,-0.308840407791984,0.664035604314752,0.714374853660491,FALSE
ARL6IP4,brown,0.139683332787996,0.396376781277735,0.431225331408173,-0.232822280081897,0.781965991653732,FALSE
ARL6IP5,blue,-0.213690532744811,0.191475506921502,-0.356132232375143,0.405685846211755,0.830673090763951,FALSE
ARL8B,darkgreen,0.00485104362365277,0.976617958658952,0.100083191508999,0.202840028645697,0.573526701097634,FALSE
ARMC1,blue,-0.118237103994725,0.473443680297415,0.0902423768404194,0.207578660468362,0.558859734203909,FALSE
ARMC6,green,0.167897435972002,0.306932085624795,0.720002639818999,-0.516336550228694,0.720002639818999,FALSE
ARMC7,turquoise,0.599853177389106,5.43722005841981e-05,0.600309826305561,-0.512052751921077,0.503916020052352,FALSE
ARMC8,blue,-0.203852128089044,0.213221123791985,-0.224392274478915,0.37655231354364,0.691882402364006,FALSE
ARMC9,midnightblue,0.254830109311508,0.117440167407929,0.351626144718883,-0.417032614051792,0.772779165792642,FALSE
ARMCX2,black,-0.0641036730436714,0.698236829484376,-0.41214750627472,-0.00422580329276104,0.770692779489708,FALSE
ARMCX4,yellow,-0.295088072251632,0.0681949042250775,-0.35561189637863,0.246309419374547,0.391530931826225,FALSE
ARMCX6,grey,-0.0538811645382386,0.744593273522804,0.206973827530571,-0.361617567393281,,FALSE
ARMH3,yellow,-0.143467265072251,0.383578087050929,-0.153940509413531,0.115817696922575,0.621582531247883,FALSE
ARNT,blue,-0.148656409692496,0.366426629381443,-0.408742291145733,0.296599348901438,0.51738519945056,FALSE
ARPC1A,turquoise,0.198300378141699,0.226219022062685,0.644775043534019,-0.410104950140351,0.792377400116204,FALSE
ARPC1B,greenyellow,0.231371057653316,0.156420160926468,0.531956249661035,-0.457421932177064,0.876235046559076,FALSE
ARPC2,brown,0.214811228912464,0.189101614627895,0.432157335246903,-0.192512805925811,0.74624835541694,FALSE
ARPC3,blue,-0.0902679739007054,0.584722234100169,0.0687846509083721,0.275170122375659,0.680638137502905,FALSE
ARPC5,pink,0.320914659419425,0.0463774512094365,0.343075875755564,-0.314618657245857,0.547181284822187,FALSE
ARPC5L,green,0.217415079633069,0.183666551811787,0.649503790735245,-0.446249373478819,0.649503790735245,FALSE
ARPP19,blue,-0.197871085466718,0.227246180705447,-0.192974893346097,0.320623087063669,0.814941424376143,FALSE
ARRB1,grey60,-0.133016281244464,0.419518918472211,-0.0184335274054523,-0.207604973095398,0.674970933024445,FALSE
ARRB2,tan,-0.0563821499768931,0.733162421424428,-0.273501181344321,0.248782435854741,0.31261481054674,FALSE
ARSA,turquoise,0.309823146034051,0.0549310671064773,0.565895712393934,-0.334588166637582,0.663503139705877,FALSE
ARSD,turquoise,-0.0850780740751568,0.60658012883496,0.0164743438464134,0.141246815779108,0.324042248921948,FALSE
ARSL,turquoise,-0.13314342911418,0.419070576731124,0.31111445074176,-0.107384293213219,0.491178988293625,FALSE
ART1,lightcyan,-0.189639177932801,0.247560810156694,-0.156531931504538,-0.0466854869184142,0.548987059237989,FALSE
ART4,magenta,-0.352349131858652,0.0278127387236278,-0.634836504984413,0.703279758775013,0.703279758775013,FALSE
ARTN,grey,-0.118283671632748,0.473268232186421,-0.0901265678338492,0.163473304867035,,FALSE
ARVCF,turquoise,0.183037164220295,0.264708532687782,0.405115901983804,-0.492351243360252,0.667937527328034,FALSE
ASAH1,blue,-0.0744761603532786,0.652279446624175,-0.211472387966285,0.203175693796179,0.631323575176434,FALSE
ASAP3,turquoise,0.207270810111962,0.205479392071557,0.195584496034378,-0.186061813887376,0.339195684087662,FALSE
ASB1,turquoise,0.283169504272733,0.0806703135785968,0.168390108684308,-0.284749919494919,0.209765311901902,FALSE
ASB13,turquoise,0.259059964023046,0.111269246975586,0.43759563123653,-0.213274700861864,0.453768786215778,FALSE
ASB6,turquoise,0.235517316970708,0.148923270326996,0.482177244500597,-0.446084590700027,0.589520058034565,FALSE
ASB8,blue,-0.176105812461154,0.283537028378566,-0.351888514619884,0.324549604122665,0.770639618971368,FALSE
ASB9,grey,-0.346062244287532,0.0309264486191868,-0.358756545545333,0.378078393836883,,FALSE
ASCC1,blue,-0.288048009920559,0.0753649899042245,-0.101853435067972,0.297756757242057,0.333784971439405,FALSE
ASCC2,brown,0.087948924016996,0.594445808452852,0.613387434280826,-0.234559785962931,0.832529818067515,FALSE
ASCC3,blue,-0.182478088097121,0.26619581673505,-0.236246810089894,0.32312691476685,0.782880190947497,FALSE
ASF1B,red,-0.069210445218431,0.675465141372257,-0.109389396202877,-0.0272813297515958,0.610427446564596,FALSE
ASGR1,turquoise,0.223818291390534,0.170774987507584,0.576491796726251,-0.321786018284523,0.906686458610111,FALSE
ASGR2,brown,-0.13232181416188,0.421972476094174,0.512644618983977,-0.233652242036388,0.591751949953858,FALSE
ASH2L,blue,-0.385596352523077,0.0153388276783814,-0.166832200436426,0.446284159277367,0.774723429125035,FALSE
ASIC1,black,-0.189188226553257,0.248707774795763,-0.302938292354945,-0.0183573514630498,0.517074766606493,FALSE
ASL,turquoise,0.0733258222033266,0.657318057118103,0.37798051928638,-0.0299606979180717,0.766470777507023,FALSE
ASMTL,turquoise,-0.0419155697848797,0.799992085468187,0.44366912087126,-0.207920627209361,0.632036242999055,FALSE
ASMTL-AS1,turquoise,0.250149266556718,0.124565382298745,0.024830320520169,-0.216056842742246,0.296275121872385,FALSE
ASNSD1,grey,-0.0186259452770172,0.910391975220636,0.256197857456177,0.0117959545996683,,FALSE
ASPA,royalblue,-0.166925942361363,0.309779809305603,-0.555620494617087,0.589724099080189,0.6748839624172,FALSE
ASPH,blue,-0.478394853244938,0.00206640709102598,-0.332916582744295,0.43421224052802,0.506334484178398,FALSE
ASPN,tan,0.0555078136745738,0.737152306244992,-0.142804341110086,0.0425939626608273,0.824486526906058,FALSE
ASPSCR1,turquoise,0.193900208468326,0.236898401901926,0.53551134815734,-0.28214555318362,0.873184763722034,FALSE
ASRGL1,blue,-0.277660121919802,0.0870064350210157,-0.324576688111877,0.118251467563007,0.32430004887106,FALSE
ASS1,magenta,-0.201727117974581,0.218133763036765,-0.367377132438876,0.617480733110484,0.617480733110484,FALSE
ASTE1,grey,-0.230746779740938,0.15757226935271,-0.0609680921759743,0.151125679045597,,FALSE
ASXL1,turquoise,-0.0923427894280731,0.576083327344189,-0.02122832408442,0.0927349824761944,0.538868723714464,FALSE
ASXL2,brown,0.269205225072099,0.0974705891774355,0.376356269205038,-0.173124404236127,0.520086048126772,FALSE
ATAD3A,turquoise,0.421127882796663,0.00758940304516118,0.611270968498736,-0.51718118800139,0.770068281772443,FALSE
ATAD5,red,-0.0998644998378798,0.545260113040944,-0.253294951847519,0.203683387574567,0.396252584019821,FALSE
ATAT1,yellow,-0.283611889025836,0.0801775591719596,-0.323924361850516,0.233729022995377,0.640111778526061,FALSE
ATF3,grey,0.141503634107502,0.39018926757334,0.00342029733881847,0.117846531336083,,FALSE
ATF4,green,0.459625198533014,0.00324368151272587,0.721550969663469,-0.40854625531767,0.721550969663469,FALSE
ATF6,blue,-0.238586265841875,0.143546096675105,-0.3879836172339,0.377202807388987,0.500996437392322,FALSE
ATF6B,black,-0.245190056149416,0.132461832768666,-0.159110111453389,-0.10993510647781,0.611472684075442,FALSE
ATF7IP,black,-0.208709355941095,0.202281041732144,-0.515973155004228,0.155291829816061,0.589691216277951,FALSE
ATF7IP2,magenta,-0.341189696407128,0.0335322564187691,-0.287202677370414,0.356372729385021,0.356372729385021,FALSE
ATG10,blue,-0.268864609172033,0.0979114996993679,-0.387368509681927,0.127892002640319,0.172223278268005,FALSE
ATG101,brown,0.352817086697851,0.0275917342167639,0.656925307206162,-0.422156667639546,0.719629683620592,FALSE
ATG12,blue,-0.0789624369271259,0.632775744743275,-0.133331026224118,0.265762333673521,0.316550519069796,FALSE
ATG13,green,0.290051004271995,0.0732675047509363,0.722585273515647,-0.468544595369638,0.722585273515647,FALSE
ATG14,yellow,-0.373380104133074,0.0192179854004186,-0.522932128544476,0.438782747473641,0.798143848261623,FALSE
ATG16L1,grey,0.0564519417467478,0.732844234676304,0.317904610960033,-0.225699627569276,,FALSE
ATG2A,greenyellow,0.0375287944615526,0.82056232237344,0.393064060485802,-0.335340986076545,0.690032886975749,FALSE
ATG3,pink,0.0386958255066109,0.815077774514281,0.367067438361646,0.0290776430199102,0.825806669071625,FALSE
ATG4A,blue,-0.2231759915967,0.172037978215442,0.132134009069841,-0.0266537517043755,0.515432960986325,FALSE
ATG4B,turquoise,0.376707324969261,0.0180878461933842,0.638595452310387,-0.507696688492603,0.779775271754919,FALSE
ATG5,pink,-0.0145572686718162,0.929910957463057,0.0605325342791556,0.1761539677932,0.748275480032766,FALSE
ATG7,turquoise,0.0700695606759587,0.671661411759756,0.171017663124455,-0.288055038178427,0.289379387953061,FALSE
ATG9A,brown,0.257749702397907,0.113153953186836,0.482295490314178,-0.168732001007431,0.764943641250833,FALSE
ATIC,darkturquoise,-0.0449023836381894,0.786061321637906,0.11618184302664,0.0928552639247448,0.551255214892064,FALSE
ATM,grey,-0.202138896029259,0.217175767920629,0.0063231823119682,0.165593672060666,,FALSE
ATMIN,red,-0.0625509382615225,0.705213725864085,0.0931664860263197,-0.00976448615984853,0.538546626157145,FALSE
ATN1,black,-0.0146622127163691,0.929406943851844,-0.06752762789267,-0.392853323913098,0.643358076029192,FALSE
ATOSB,yellow,-0.133407564044281,0.418140063156311,-0.119344931283851,-0.100457152942501,0.294498305319116,FALSE
ATOX1,brown,-0.0598211778982063,0.717536851834952,0.19237331673656,0.192448148660761,0.484150445083178,FALSE
ATP10A,black,-0.263022556698203,0.105713820747481,-0.412376630248936,0.0607817902179408,0.756711287420401,FALSE
ATP10B,purple,-0.247981544902741,0.127972536115709,-0.558427243952122,0.311668085414329,0.789685448388491,FALSE
ATP11A,turquoise,0.176253896027018,0.283125905872955,0.558759027340758,-0.483052565447356,0.46599517194308,FALSE
ATP11B,blue,-0.104307572407267,0.527429718070005,-0.131900278506034,0.256947404530379,0.69006593203295,FALSE
ATP13A1,brown,0.247197679636821,0.129221537967382,0.51476450336241,-0.333869323070605,0.657103960616297,FALSE
ATP13A2,brown,0.192661298892659,0.239965906345511,0.661613818493825,-0.501341458006371,0.785165376926481,FALSE
ATP13A3,blue,-0.132445666061852,0.421534316421706,-0.258573152297935,0.558275371402338,0.618231523284725,FALSE
ATP1A1,cyan,-0.0100913892964268,0.951381687372367,0.35438112747176,-0.142197029971065,0.731764196178086,FALSE
ATP1A2,black,-0.325705166680844,0.0430321609513008,-0.49341679408041,0.256878385091193,0.496144808298268,FALSE
ATP1B1,blue,-0.305952248195485,0.0581970749931987,-0.385473630387064,0.471955502722638,0.45566716954859,FALSE
ATP1B2,black,-0.212264804799373,0.194525801976807,-0.610868653496066,0.263553587274425,0.743481580129045,FALSE
ATP1B3,salmon,0.211262698246098,0.196690126708123,0.178116009517545,-0.0242677904785859,0.475286813512306,FALSE
ATP2A1,turquoise,0.257855713855458,0.113000573529361,0.142169923012544,-0.229348205194468,0.302732050482337,FALSE
ATP2A2,green,0.225926938545159,0.166675466471721,0.665402364835084,-0.245362400080225,0.665402364835084,FALSE
ATP2A3,black,0.203895238937,0.213122258423023,-0.175931472704906,-0.0962789201737569,0.614300904740408,FALSE
ATP2B2,grey,-0.0928591894717418,0.573942206908789,-0.222166429977884,0.149902488300994,,FALSE
ATP2B4,black,-0.109857181038942,0.505566939960388,-0.319379877117364,0.134122305410098,0.68450182966516,FALSE
ATP2C1,blue,-0.221034270285832,0.176297764344665,-0.0947695826750923,0.14300999513418,0.48100530060987,FALSE
ATP5F1A,brown,0.153570099011964,0.350616056837187,0.596273194276892,-0.157078052505394,0.753577726514748,FALSE
ATP5F1B,brown,0.0882790093665184,0.593057472214905,0.415540721288045,-0.00735204910863085,0.80415093781615,FALSE
ATP5F1C,blue,-0.407269924057343,0.0100738154329037,-0.297413979768262,0.624502926814824,0.770911972724084,FALSE
ATP5F1D,brown,0.0728294830573045,0.659496715147126,0.566865598436185,-0.253563749268896,0.859828866153015,FALSE
ATP5IF1,turquoise,0.114213615328628,0.488731262422426,0.399465229090462,-0.33151257098874,0.612918039611798,FALSE
ATP5MC1,darkgreen,-0.303531751124596,0.0603166915608967,0.0224203865788868,0.297840191567083,0.718155793233753,FALSE
ATP5MC2,cyan,-0.14057740476416,0.393330613308415,-0.0415861748558183,0.240505551183885,0.687859476679704,FALSE
ATP5MC3,turquoise,0.202955979526564,0.215283436096652,0.421548678636734,-0.050976993420813,0.44076660043883,FALSE
ATP5ME,grey,-0.147003954565581,0.371837938822914,0.0976597495674602,0.0793624418530787,,FALSE
ATP5MG,blue,-0.212562321196226,0.193886471286044,-0.174648936526007,0.423901948471307,0.555089438086277,FALSE
ATP5MJ,blue,-0.315087632832895,0.0507261449026008,-0.409184344725162,0.583661702503776,0.750027413931338,FALSE
ATP5PB,blue,-0.0967282100617129,0.558016500653408,-0.104307133150762,0.462759803770569,0.734758016306803,FALSE
ATP5PD,blue,-0.162242897189018,0.323740956397896,-0.157093088202127,0.506483661552743,0.582380676909623,FALSE
ATP5PF,blue,-0.276611871399507,0.0882544327317516,-0.265496628817831,0.54289480497953,0.839420866520272,FALSE
ATP5PO,royalblue,-0.180562286068874,0.271334091950662,-0.133461346722609,0.338410321244931,0.604346916014846,FALSE
ATP6AP1,brown,-0.0255504507382347,0.877297401207908,0.45358132204064,-0.225733697840573,0.76656677832521,FALSE
ATP6AP2,blue,-0.169667049189972,0.301787712656701,-0.168414880233801,0.243112990622292,0.748495256776594,FALSE
ATP6V0A1,brown,0.0465332928261691,0.778481949974076,0.494032897322706,-0.368196180445205,0.480252767937571,FALSE
ATP6V0B,brown,0.290198625182196,0.0731147499273539,0.648162706869749,-0.341262937750685,0.820896628005268,FALSE
ATP6V0C,brown,0.237006179368457,0.14629648314899,0.767026027380623,-0.496692109922975,0.819269552284136,FALSE
ATP6V0D1,brown,0.294022383695369,0.0692443303733034,0.781968500679585,-0.45974612419027,0.901389472042233,FALSE
ATP6V0E1,blue,-0.203717899096894,0.213529152072812,-0.162259991141849,0.428788558458792,0.661932506131271,FALSE
ATP6V0E2,turquoise,0.094582803302746,0.566821982614157,0.402532177883757,-0.255124842621685,0.553797582333483,FALSE
ATP6V1A,blue,-0.222337285528576,0.173697241753794,-0.289496771006328,0.336125588396488,0.880704179298726,FALSE
ATP6V1B2,blue,-0.0525452252626205,0.750721588684882,0.100087844964466,-0.0519864077952862,0.34928762852051,FALSE
ATP6V1C1,brown,0.0449420271491969,0.785876851391549,0.205769129184521,-0.106982253450908,0.427906552899521,FALSE
ATP6V1D,blue,-0.315186259175133,0.0506499093864751,-0.139758339143798,0.288711036139602,0.786805412780862,FALSE
ATP6V1E1,lightyellow,0.0274584077633783,0.868212246548416,0.125437866452558,-0.0359304160487995,0.523256359518734,FALSE
ATP6V1F,brown,-0.00736411446070174,0.964511305979005,0.332036617071376,-0.153598837705828,0.549867263236908,FALSE
ATP6V1G1,turquoise,0.193454461364288,0.237998983367954,0.479801281202781,-0.0118376189908573,0.447460547594671,FALSE
ATP6V1H,grey,-0.290170091536428,0.0731442564162964,0.117080394831206,0.116380640874513,,FALSE
ATP7A,brown,-0.127743876749202,0.438346843253248,0.0541392260938952,0.0808508719170906,0.376077998302999,FALSE
ATP7B,royalblue,-0.282375827984601,0.0815602630342005,-0.276090483355419,0.191420416845697,0.464996862473653,FALSE
ATP8B1,cyan,0.196021904102231,0.23170709060853,0.477851810721808,-0.1549110881823,0.53627548312037,FALSE
ATP8B2,black,-0.0604996196046336,0.714467390225533,-0.169074231100528,-0.318960762876081,0.636507966864632,FALSE
ATP9A,green,0.169670861028032,0.30177669116231,0.581656943528946,-0.319498177245833,0.581656943528946,FALSE
ATP9B,yellow,-0.293294568459489,0.0699683166994923,-0.196781808088191,0.00638607588925531,0.220420282703982,FALSE
ATPAF2,brown,0.126846656764355,0.441596543637423,0.543438549135092,-0.413046632891654,0.803163721544807,FALSE
ATR,yellow,-0.109918019894265,0.505329827010105,-0.196623480070236,0.271241643249133,0.689346402627259,FALSE
ATRAID,greenyellow,0.0824244097310726,0.617889853393162,0.170402654901118,0.0235499037927519,0.522444178880085,FALSE
ATRN,blue,-0.289565239249284,0.0737719308879084,-0.0914361869123117,0.33233120876018,0.506607963647477,FALSE
ATRNL1,red,-0.0864415569274852,0.600803800428547,-0.019995289288063,0.0386010704675668,0.583890925347712,FALSE
ATRX,yellow,-0.207148091617945,0.205753856440931,-0.558651108896272,0.381022684727854,0.851258121632105,FALSE
ATXN1,turquoise,0.146897591355561,0.37218786671094,0.316659822106469,-0.287758623443228,0.572565092079047,FALSE
ATXN10,blue,-0.244808300168179,0.133084751480447,-0.147619964136011,0.250208890256884,0.769178216695577,FALSE
ATXN2,turquoise,-0.0732959451775114,0.657449122242485,0.169773074856444,-0.0159926991270444,0.398848624041335,FALSE
ATXN2L,turquoise,0.180971406972594,0.270231378262709,0.494671519996084,-0.4210550794167,0.717705387354492,FALSE
ATXN7,turquoise,0.150089986101263,0.361770450893639,0.328546672445077,-0.146675086614559,0.668986933719076,FALSE
ATXN7L1,yellow,-0.158829618592066,0.334160270235708,-0.397984144519935,0.216804954263825,0.418504589515835,FALSE
ATXN7L3B,blue,-0.0670200080050585,0.685199127345884,0.0127562732568999,0.142123228318842,0.519810446213295,FALSE
AUH,blue,-0.392128123161475,0.0135512573129558,-0.3449716900235,0.5433837656474,0.634930825830416,FALSE
AUP1,turquoise,0.103168687640315,0.531972825682765,0.462940608289617,-0.235434176722283,0.800405694541093,FALSE
AURKAIP1,turquoise,0.120822055181018,0.463756709981217,0.406003451964362,-0.194238016206454,0.724413165024863,FALSE
AURKC,purple,-0.223177352857161,0.172035294425999,-0.562918012136182,0.353960881149284,0.580411991338857,FALSE
AUTS2,grey,0.202430856206301,0.216498287616742,0.223238933514469,-0.169787250564985,,FALSE
AVEN,brown,0.210538794905173,0.198264076106166,0.61940074025814,-0.295252854274072,0.523529798592953,FALSE
AVL9,blue,-0.226255232438413,0.166043651460874,-0.105612111926204,0.0941874572913735,0.447422389643137,FALSE
AVP,turquoise,0.246823186823681,0.129821444727876,0.452626908573562,-0.522826193433902,0.556615089194557,FALSE
AVPI1,blue,-0.28829818049489,0.075100478698469,-0.424050042443532,0.547910405041798,0.435678745298549,FALSE
AVPR1A,brown,0.244149339389141,0.134165101366963,0.647630471686556,-0.521415108903467,0.521840434028789,FALSE
AVPR2,grey,0.116977207254165,0.478203455165985,0.196054902842842,-0.296635466738806,,FALSE
AXIN1,yellow,0.263620156063316,0.104894647236422,0.268629583311625,-0.351140849993681,0.172789325705719,FALSE
AXL,greenyellow,0.0880805274185796,0.593892114919388,0.220454922883375,-0.172582956122501,0.807618205016637,FALSE
AZGP1,turquoise,-0.00662565660442608,0.968068113437252,0.234373686020403,0.132168331230391,0.571633891147674,FALSE
AZIN1,blue,-0.0942327861025567,0.568264608175015,-0.193496286970928,0.370262633815142,0.66136475246054,FALSE
B2M,lightyellow,0.0270956441312298,0.869938377042462,-0.00163835981860716,0.0246417547360798,0.51034679517956,FALSE
B3GALT4,turquoise,0.114951433359902,0.485908908275782,0.224199619027964,-0.254227885099676,0.550805470843795,FALSE
B3GAT1,magenta,-0.254415156756572,0.118059135895304,-0.602932470457721,0.524409279501256,0.524409279501256,FALSE
B3GAT3,green,0.255173316937238,0.116930065716799,0.738959622595353,-0.583823382263773,0.738959622595353,FALSE
B3GNT2,blue,-0.268262845980032,0.0986941838948098,-0.46974853820856,0.576211494758629,0.490668818096025,FALSE
B3GNT3,grey,0.0837008143467053,0.612438852950446,-0.266372577683229,0.0990453654952771,,FALSE
B3GNT4,red,-0.0288041630533507,0.861814089037857,-0.316167632876101,-0.053158229220833,0.399052096750993,FALSE
B4GALNT1,black,-0.00883704673272983,0.957418966243813,-0.315993470243867,-0.126844987725766,0.403220578107798,FALSE
B4GALT1,turquoise,0.11178632583396,0.498075740342538,0.560735462638223,-0.303429419821486,0.587599354296844,FALSE
B4GALT2,turquoise,0.14926136735051,0.364457406866887,0.550740502489936,-0.461518532558708,0.691534715046975,FALSE
B4GALT3,salmon,0.0207944232678552,0.900009383698182,0.299090397263706,-0.323565548083532,0.476350711717966,FALSE
B4GALT4,turquoise,0.0384938289457443,0.816026458302847,0.383934217595599,-0.184344833432687,0.410163046646964,FALSE
B4GALT5,grey,-0.137616438328974,0.403470889839141,-0.236660676206115,0.0176667780205275,,FALSE
B4GALT7,turquoise,0.289965519667964,0.0733560766673297,0.693913628620421,-0.58416456272013,0.627302880614271,FALSE
B4GAT1,brown,0.0387339066594082,0.814898954148728,0.377704807650763,-0.382738725085061,0.374589459805184,FALSE
B9D1,turquoise,0.073947639353935,0.654592555856965,0.532287722866339,-0.530185190279417,0.41055503848447,FALSE
B9D2,turquoise,0.154556039753469,0.347494370241256,0.223050144959985,-0.232454686293242,0.690414119454962,FALSE
BAAT,magenta,-0.258114211954146,0.112627231392975,-0.529585893995879,0.837863775376644,0.837863775376644,TRUE
BABAM1,turquoise,0.232297328992756,0.154722026554133,0.582422897715442,-0.3772255580121,0.828775663252006,FALSE
BABAM2,grey,-0.131818099994625,0.423757137055958,-0.0169587709486395,0.0380048110347956,,FALSE
BACE1,blue,-0.370354085973383,0.0202966092520741,-0.431046069894882,0.479888428252917,0.679264449792237,FALSE
BACE2,greenyellow,0.36789978019369,0.0212082083129364,0.314380987913964,-0.341001977066119,0.72201963291973,FALSE
BAD,turquoise,0.201832947806225,0.217887274080763,0.583230643894558,-0.34307922486793,0.774904507012368,FALSE
BAG1,brown,0.237896283368811,0.144742403895906,0.427987215672677,-0.322879865538008,0.612762127672339,FALSE
BAG3,green,0.304557739435448,0.0594108698804625,0.663491641985977,-0.462263694181511,0.663491641985977,FALSE
BAG5,turquoise,0.235183091403953,0.149517655942881,0.622180976634099,-0.354171822072745,0.531796093250142,FALSE
BAG6,turquoise,0.224746768970224,0.168961059107209,0.637890486716785,-0.296755683964198,0.839951132361417,FALSE
BAHCC1,turquoise,0.275168051879538,0.0899959730195801,0.437454685120526,-0.416747501737244,0.738366909886427,FALSE
BAHD1,turquoise,0.18904873185314,0.249063290567086,0.300148007059341,-0.313176524526784,0.466656141103186,FALSE
BAIAP2,turquoise,0.0563849903617383,0.733149471004342,0.509685543615758,-0.24776722089977,0.664601194600467,FALSE
BAIAP3,turquoise,0.104792647959117,0.525500489940131,-0.0681387173779025,-0.344878492495529,0.269682671310858,FALSE
BAK1,grey,0.0514777010966133,0.755629494032127,0.296496480699341,-0.391602869171007,,FALSE
BAMBI,tan,-0.181835289615161,0.267912625259904,-0.355550797367776,0.156467566611547,0.301443832965358,FALSE
BANF1,cyan,0.117904923318637,0.474696197720682,0.368498038184644,-0.0148847152122879,0.716619405899765,FALSE
BANP,turquoise,0.100506329005011,0.542666787210151,0.516736002591585,-0.358662909595519,0.794253575508957,FALSE
BAP1,turquoise,0.169192070870722,0.303163068429839,0.557720354615592,-0.240370934803762,0.619052266723938,FALSE
BARX1,lightcyan,0.206370338475739,0.207499268061805,0.234197049864364,-0.232626886301594,0.815573979067224,FALSE
BASP1,lightyellow,0.0208602875314622,0.89969427586743,-0.174569404167138,0.130109026773649,0.599688726235254,FALSE
BATF,grey,0.366779100858681,0.0216356888273571,0.0738765415407817,-0.178690842161917,,FALSE
BATF3,turquoise,0.178131004623916,0.277948087655608,0.206440836532693,-0.391234141121599,0.427139430238706,FALSE
BAX,turquoise,0.346980804520398,0.0304543889428974,0.515168941023886,-0.477351689128259,0.788815328850999,FALSE
BAZ1B,blue,0.104798916706165,0.525475580737166,0.189320785274541,0.147811397611406,0.320355524089541,FALSE
BAZ2A,turquoise,0.13695836386366,0.405744773516084,0.289189850340521,-0.27358969269624,0.610813664100212,FALSE
BAZ2B,yellow,-0.350270642270959,0.028812117610417,-0.704240120950575,0.595210553810982,0.906609104800313,FALSE
BBC3,turquoise,0.0666519298637762,0.686839794622617,0.212899570980055,-0.144694013925229,0.425840925180012,FALSE
BBLN,brown,0.322412544532153,0.0453096369794799,0.448993903661263,-0.44919915757165,0.575690107424741,FALSE
BBOF1,yellow,-0.121102490104479,0.462712199330609,-0.426239651634942,0.187446398176897,0.71987019667177,FALSE
BBOX1,blue,-0.176363060641962,0.282823081624047,-0.318294788026537,0.475134147501427,0.499066861822479,FALSE
BBS4,blue,-0.206704222498066,0.206748717782979,-0.233426364379432,0.300656509894912,0.332503144675189,FALSE
BBS9,yellow,-0.239649212096957,0.141717388059981,-0.413173949952365,0.168821264693009,0.502085536719131,FALSE
BBX,red,-0.14763918149667,0.36975215970725,-0.134726737543935,-0.0106591109201446,0.539369886806133,FALSE
BCAM,tan,-0.0159397433071149,0.923273596161963,-0.169628532959948,0.0704127606563649,0.457657209295464,FALSE
BCAN,purple,-0.113579469175126,0.491163794626238,-0.164978451403863,0.0782270473176052,0.382689658219074,FALSE
BCAP31,turquoise,0.114140590088396,0.489011063668893,0.60290080713479,-0.140023042047407,0.57580216434249,FALSE
BCAS1,lightcyan,0.073625310696999,0.656004813915,0.238381930757836,-0.336868615984449,0.770236129721361,FALSE
BCAS2,blue,-0.113956212808326,0.489717885944705,-0.0420693233412525,0.274955960174491,0.731636530385811,FALSE
BCAS3,turquoise,-0.00221145018350101,0.989339645929567,0.292757933498771,-0.0767672789953473,0.425154914683223,FALSE
BCAS4,turquoise,0.309445149433607,0.0552433927286785,0.150707262810228,-0.33431281680844,0.419391719724739,FALSE
BCAT2,turquoise,0.083374083741198,0.613832243896924,0.0577759156888016,-0.0066830609618064,0.527002746316194,FALSE
BCCIP,brown,-0.124907389798999,0.448665485946879,0.152071921864255,0.229330827071959,0.388961035905103,FALSE
BCHE,blue,-0.448116880585631,0.00422494593649308,-0.523608982015428,0.572739493632894,0.604734449835048,FALSE
BCKDHA,brown,0.164324780397133,0.317486632611053,0.387847943124445,-0.178415435350706,0.683902853828958,FALSE
BCKDHB,magenta,-0.299612677244035,0.063878216925452,-0.34582456720919,0.666124751234336,0.666124751234336,FALSE
BCKDK,brown,0.169564598294487,0.30208403395347,0.808500946643044,-0.468071081997925,0.856323362304834,FALSE
BCL10,blue,-0.142752223798095,0.385977846221832,-0.263877359791908,0.227455359401706,0.700837021580829,FALSE
BCL2,greenyellow,0.262671937279251,0.1061966998753,0.316260730177115,-0.220303926065512,0.666845495092284,FALSE
BCL2L1,turquoise,0.289658150690144,0.0736752402397725,0.52607899759589,-0.323436485919538,0.758190243369058,FALSE
BCL2L10,brown,0.283652549253339,0.0801323872973132,0.534577697448828,-0.347980901065867,0.475848949667773,FALSE
BCL2L13,cyan,0.0541447433533527,0.743385981775532,0.320665739834206,0.185597051373653,0.621664092493003,FALSE
BCL3,turquoise,0.332733837603392,0.0384803360971106,0.699196784390273,-0.535254081948915,0.717274710293309,FALSE
BCL6,salmon,-0.0248520537027571,0.880626912777401,0.069298489809016,0.0986221919395743,0.404713282134554,FALSE
BCL7A,grey,0.0882160768541272,0.593322055914471,0.209501210470208,-0.104834760875498,,FALSE
BCL7B,brown,0.349707607680077,0.0290878789514386,0.662535327002486,-0.287033796820474,0.743127216576969,FALSE
BCL7C,brown,0.300399406904135,0.0631502235204818,0.268691159652485,-0.388518095064598,0.424053094351505,FALSE
BCL9,red,0.0433760108097914,0.793172548230257,-0.129610689892622,-0.14979251116142,0.754657447410153,FALSE
BCLAF1,yellow,-0.236972881853215,0.146354855582927,-0.452679781961116,0.509480186284088,0.821755528309486,FALSE
BCORL1,black,0.0861056955975814,0.602224447617025,-0.194920395113439,-0.0940436772552299,0.493343231708473,FALSE
BCS1L,turquoise,-0.0253224052462038,0.878384350631686,0.465293143991676,-0.115712488759994,0.628006701631027,FALSE
BDH1,turquoise,0.191800969952336,0.242111779143141,0.4562787279461,-0.112368682778262,0.506962470896538,FALSE
BDH2,blue,-0.256066728313529,0.115610031887059,-0.337140117209676,0.606237186067452,0.523566161954133,FALSE
BDKRB1,black,-0.139370167835514,0.397446976993534,-0.0382851158483445,-0.116585507271331,0.493427280981694,FALSE
BEAN1,turquoise,0.169241518611534,0.303019700670648,0.073744482645769,-0.171668018227796,0.128737720443323,FALSE
BECN1,brown,0.17458526651585,0.287780917750474,0.562554994776127,-0.256211027514233,0.664619142771736,FALSE
BEST1,brown,0.314706057612203,0.0510219605755831,0.434062680466222,-0.553523646437417,0.306839874216906,FALSE
BET1,blue,-0.206331835259459,0.207585942576123,-0.191857818599824,0.416847320879409,0.77896745460626,FALSE
BET1L,turquoise,0.362235235463067,0.0234433075940311,0.586837457747743,-0.525145750136486,0.526333988791897,FALSE
BEX1,red,0.22450630960281,0.16942949921165,-0.226237519159628,-0.20700144716625,0.434449790380332,FALSE
BEX3,salmon,0.0928157056573818,0.574122361956719,-0.0638868560151173,-0.11320189705076,0.354191458607307,FALSE
BEX4,salmon,0.108871137964165,0.509417754462421,0.0835674868481747,-0.188517487797349,0.626030671253491,FALSE
BFAR,cyan,-0.0941638719412417,0.568548841970308,0.0238440798195645,0.033855407458279,0.703682023994661,FALSE
BGN,salmon,0.0712657174702993,0.666378849789899,0.157093320386691,-0.402872959268223,0.743758336092226,FALSE
BHLHE40,green,0.354872513017546,0.0266381252051337,0.3544675950156,-0.221147902994471,0.3544675950156,FALSE
BHMT,grey,-0.13834011166863,0.400978806852724,-0.162324443282828,0.406194940175493,,FALSE
BHMT2,turquoise,0.113989050372364,0.489591962438756,0.352985601977038,0.0560829104672576,0.49174502798177,FALSE
BICC1,black,-0.167536035173618,0.30798950587838,-0.429804774884856,0.147165880028711,0.781530689215402,FALSE
BICD1,grey,0.178399278994173,0.277213161011274,0.0828195016553623,-0.387648657237017,,FALSE
BICDL1,brown,0.099288602485161,0.547592048124887,0.344767240605209,-0.336830622595221,0.257801692585731,FALSE
BICRA,turquoise,0.263321555975071,0.105303354414468,0.192819861113575,-0.232995135294419,0.359954514436783,FALSE
BID,brown,0.00637862422917233,0.969258092633957,0.563133564558769,-0.232331569186416,0.707208874541696,FALSE
BIN1,turquoise,0.136155601677364,0.408528517513477,0.575505797737501,-0.408597341620321,0.800262713193958,FALSE
BIN2,lightyellow,-0.0857997155550856,0.60351996292457,-0.247821767078272,0.150581534322693,0.610175227767888,FALSE
BIN3,turquoise,0.181021828293771,0.270095680655541,0.587129558937447,-0.348969599032826,0.733064997490178,FALSE
BIN3-IT1,grey,-0.0423841802534589,0.797802286829952,0.106908924394793,-0.157397424936991,,FALSE
BIRC2,yellow,-0.134227700886986,0.415258271688303,-0.32100316934658,0.325330133083421,0.679719202902195,FALSE
BIRC5,turquoise,0.276758732521785,0.0880787581898453,0.406050113861551,-0.338690359372251,0.459710281069837,FALSE
BIRC7,turquoise,0.0425143197856556,0.7971944196098,-0.0173532216433445,-0.135102550520126,0.294186603233632,FALSE
BLCAP,grey,0.211515831527178,0.196141826735403,0.199173638703494,0.151713962689983,,FALSE
BLK,grey,0.27839326797907,0.0861417326422237,0.15440814718829,-0.285359942362363,,FALSE
BLMH,yellow,-0.360436295109929,0.0241928484951509,-0.662224368223432,0.551520481719469,0.556041722510242,FALSE
BLNK,blue,-0.184720960054883,0.260262433752406,-0.394575330823169,0.504325422855684,0.495244645263663,FALSE
BLTP1,red,0.0380486942206844,0.81811795984294,-0.039725077024812,-0.159105003412786,0.409885312838432,FALSE
BLTP2,cyan,0.141954943461163,0.388663946558284,0.519126043261364,-0.192651744489045,0.746008346466237,FALSE
BLTP3B,blue,-0.107080786251005,0.516447095934044,-0.105621293369638,0.301347739917276,0.487283823732317,FALSE
BLVRA,greenyellow,0.158345756990932,0.335653886374794,0.163378970491389,-0.33668568777643,0.476595301518092,FALSE
BLVRB,turquoise,-0.0200000115679085,0.903811185048677,0.19876747264587,0.178869578757109,0.524355094082476,FALSE
BMAL1,grey,-0.0146323638946551,0.929550295706001,-0.0875867031135661,0.177925221900857,,FALSE
BMERB1,turquoise,-0.153778677654036,0.349954237346217,0.109266124075549,0.124098530792975,0.392385586426151,FALSE
BMP1,turquoise,-0.0142025980969838,0.93161452829986,0.0343781368983795,-0.0664162733220907,0.529138659894211,FALSE
BMP10,grey,0.0179694724237728,0.913538117476303,0.0150214568209668,-0.0881800251577873,,FALSE
BMP2,blue,-0.266157303005149,0.101470490894344,-0.202284543374637,0.143006781312064,0.262161990373958,FALSE
BMP3,salmon,-0.205472794267738,0.209526278844692,-0.0327583364240424,-0.0800800889226393,0.428105193636621,FALSE
BMP4,black,-0.114036792552897,0.489408913424736,-0.247803604903389,0.0717788774359762,0.4939489524175,FALSE
BMP5,lightgreen,-0.234954805761743,0.149924634598972,-0.396000894227713,0.0543038399129332,0.793788805968545,FALSE
BMP6,grey,-0.0679093290564669,0.681240960616372,-0.0323054968952186,-0.189268792984727,,FALSE
BMP8B,brown,0.120246373843067,0.465904837854216,0.240008449244131,-0.198671560261715,0.26177135362797,FALSE
BMPR1B,red,-0.282010189160971,0.0819728147340648,-0.241459931995923,0.0762262551799662,0.629917288832887,FALSE
BMS1,cyan,-0.114436174794871,0.487879020983254,0.249204977276284,0.151385147337171,0.581308652922309,FALSE
BNC2,black,-0.191451474953352,0.242987191248806,-0.337018430118217,0.10622016325219,0.752598601703274,FALSE
BNIP1,green,-0.0167553694856837,0.919360088027081,0.310655684885444,-0.435827133153041,0.310655684885444,FALSE
BNIP3,blue,-0.093560374261175,0.571040724144893,-0.130017809679698,0.599601414686599,0.564180959058913,FALSE
BNIP3L,darkgreen,-0.0559750999278438,0.735019072409505,0.0874739544291086,0.0197416631560341,0.490609356764266,FALSE
BOLA1,brown,0.0593523700007121,0.719660431968983,0.59495257133283,-0.193308076888885,0.822100033257155,FALSE
BOP1,turquoise,0.431578821327288,0.00608262286782329,0.615162964971309,-0.565977120799117,0.710813402869773,FALSE
BORA,blue,-0.0475711756995259,0.773669016705349,-0.171815967195347,-0.0222411786178136,0.433517397163149,FALSE
BORCS6,turquoise,0.47905554743318,0.00203292526937608,0.429281510653389,-0.434571165161062,0.547744905612808,FALSE
BPHL,turquoise,0.0185406386400564,0.910800731647515,0.32432182902116,0.103547902826755,0.390712599436999,FALSE
BPNT2,pink,-0.176262435324495,0.283102210145624,-0.116253539785176,0.277782452978018,0.32651870143361,FALSE
BPTF,tan,-0.258543366070766,0.112009474623023,-0.197555485535605,0.168823463853074,0.388626567632088,FALSE
BRAP,turquoise,0.177420667156717,0.279900164598983,0.547213717250632,-0.351466549791256,0.575316544857397,FALSE
BRCA1,green,0.249060995321906,0.126267311286096,0.464305016556589,-0.386295210891919,0.464305016556589,FALSE
BRCC3,cyan,0.0425379684895243,0.797083971805696,0.382500744505083,-0.0963745503318834,0.661845184868357,FALSE
BRD1,turquoise,0.26159578865263,0.107689263044939,0.447374389494405,-0.380309692398671,0.711106554192292,FALSE
BRD2,green,0.131453580772028,0.425051265783111,0.40476507015459,-0.195169221574402,0.40476507015459,FALSE
BRD3,turquoise,0.164072375573234,0.318240825587708,0.482216811829894,-0.500371194393137,0.303899114488242,FALSE
BRD4,turquoise,-0.0287516292797893,0.862063691375269,0.132098754376934,0.0344016181781506,0.269272007518267,FALSE
BRD7,blue,0.0516844055611903,0.754678432237292,0.250500046625145,0.0572800107947979,0.44974761958082,FALSE
BRD8,darkred,-0.0820985989548336,0.619284510847463,-0.205120762761142,0.281460464592611,0.318015778622084,FALSE
BRD9,turquoise,0.167504963509253,0.308080526012816,0.360118604181113,-0.469190813021318,0.577851696767107,FALSE
BRF1,turquoise,0.303735093141133,0.0601362989919386,0.480337614235214,-0.255556129843296,0.62926395870427,FALSE
BRF2,turquoise,0.294969396147869,0.0683111452730999,0.497334386214642,-0.530610873275718,0.441306014361724,FALSE
BRINP1,red,-0.00323825578867881,0.98439041188778,-0.117947697830111,-0.124278625004732,0.677359169742055,FALSE
BRME1,turquoise,0.182581154411605,0.265921220527911,0.312764772809257,-0.174706239432708,0.571539100279778,FALSE
BRMS1,turquoise,0.177790727753024,0.278882090113125,0.549980033824161,-0.584111552551671,0.466290898927534,FALSE
BRPF1,red,0.114623662213739,0.487161677137462,0.036963424972388,-0.161012446093899,0.468392691113467,FALSE
BSDC1,turquoise,0.199318696696371,0.223795231647289,0.667134257337016,-0.345348273485442,0.738521918559064,FALSE
BSG,green,0.395919018856789,0.01259713156801,0.785901365797492,-0.554698857805364,0.785901365797492,FALSE
BSN,yellow,-0.143445730876567,0.383650230062202,-0.22915487044596,0.0478207001702797,0.339078129443937,FALSE
BSPRY,purple,-0.0131328242309894,0.936754707175899,-0.279926832838071,-0.131404622107715,0.735007448274763,FALSE
BST1,grey,0.00226861116441967,0.989064116245969,-0.0519909647124469,0.0987302747190371,,FALSE
BST2,turquoise,0.188980715274557,0.249236760886424,0.543696608625831,-0.427856022119877,0.571873533189384,FALSE
BTAF1,yellow,-0.289861825499438,0.0734636284584692,-0.489694080487905,0.529023929281827,0.789698943748676,FALSE
BTBD1,blue,-0.171840283865487,0.295545731248855,-0.232661106951516,0.318482620356776,0.867192824747677,FALSE
BTBD2,brown,0.301846690378449,0.0618281736289643,0.487235726586198,-0.306396964292033,0.76027072212158,FALSE
BTD,cyan,-0.127974260022649,0.43751453513904,0.152800964599917,0.353583739528261,0.676303874829494,FALSE
BTF3,blue,-0.219652337724205,0.1790860656481,-0.16729089864438,0.534963246308769,0.53187899548531,FALSE
BTG1,turquoise,0.064061393092077,0.698426485450226,0.294405122368157,-0.0788107531029154,0.577117976069771,FALSE
BTG2,tan,0.208195509940853,0.203419468383191,-0.208368944725553,-0.125856197405452,0.631148447333465,FALSE
BTG3,blue,-0.25409556570999,0.118537527340171,-0.336228449802321,0.497014747716339,0.64931903943175,FALSE
BTK,lightgreen,0.1154500608282,0.484006321602604,-0.211521734332414,-0.0520440601268663,0.625207605674235,FALSE
BTN2A1,turquoise,0.183985149424768,0.26219922336794,0.295022052916844,-0.298993167015127,0.451053756873567,FALSE
BTN2A2,turquoise,0.151604902500835,0.356888919830958,0.476140605704857,-0.604103114463907,0.519390946897672,FALSE
BTN3A1,greenyellow,-0.0733126808497774,0.657375704621814,0.18159044806924,-0.377978473048653,0.460893641657235,FALSE
BTN3A2,turquoise,-0.0727222716987418,0.65996767921013,0.172626557603792,0.100785938752595,0.325303150322946,FALSE
BTN3A3,salmon,0.0670070312657221,0.685256945565255,0.203635224478309,-0.131081417240839,0.389180882525879,FALSE
BTRC,red,-0.0735355878054897,0.656398137931,-0.0825703939983216,-0.0785000320617063,0.775877730857056,FALSE
BUB3,yellow,-0.114968727016557,0.485842856908693,-0.322606397143391,0.378362547120741,0.661385565055127,FALSE
BUD23,brown,0.156143309790104,0.342504498572528,0.547617252797502,-0.36570197177853,0.808131555890844,FALSE
BUD31,turquoise,0.178573235124696,0.276737294307541,0.555814959437115,-0.234134911288334,0.716167401989233,FALSE
BYSL,grey,0.327598900584685,0.0417648784424644,0.238103973680211,-0.113494406457132,,FALSE
BZW1,blue,0.0663855144872896,0.688028195001294,0.151595415870504,0.357247725029856,0.396915438647055,FALSE
BZW2,blue,-0.193614079773439,0.237604476993252,-0.307471361456407,0.336472621037382,0.772543122369882,FALSE
C10orf95,red,-0.0522667530131361,0.752000931850536,-0.132117979827178,-0.126188273409221,0.402067469499377,FALSE
C11orf21,purple,-0.140946626061955,0.39207662737196,-0.226885916817816,0.124120617200109,0.477550485559194,FALSE
C11orf24,turquoise,0.271409547989055,0.0946538870300109,0.465170498311969,-0.254823017127095,0.755307385857923,FALSE
C11orf58,blue,-0.0235330688053126,0.886920468470927,0.0143592926191763,0.286144783938371,0.743292022173141,FALSE
C11orf68,brown,0.296664462245298,0.0666656019167281,0.417288949273829,-0.359381190109977,0.293489447404749,FALSE
C11orf71,blue,-0.309552769633425,0.0551543257264446,-0.548561690681883,0.758826704039267,0.644943758322477,FALSE
C14orf132,red,0.00258424827548696,0.987542692786813,-0.0228961266608402,-0.170787197113657,0.476221961364832,FALSE
C15orf39,midnightblue,0.42130781118276,0.00756097264929525,0.392283081179842,-0.497415698479495,0.718086239662502,FALSE
C19orf53,brown,0.072772036434,0.659749053813757,0.468632192782111,-0.18744900030978,0.503175809335004,FALSE
C19orf73,green,0.0843656537792123,0.609607696324787,0.351244668805196,-0.366197734968799,0.351244668805196,FALSE
C1GALT1C1,blue,-0.365768022954528,0.0220275079537106,-0.367330943578987,0.467829245883412,0.826926418689101,FALSE
C1orf115,grey,-0.0515602341772198,0.755249710845651,0.00228730994791347,0.223743361225196,,FALSE
C1orf116,black,0.043604585063648,0.792106576835937,-0.319667335619558,0.00934108330293228,0.497445013717471,FALSE
C1orf159,grey,0.0474008216997137,0.774458425729054,-0.0483471601637989,-0.233278766819233,,FALSE
C1orf174,pink,0.0768749436166949,0.641821526566309,0.16462315073185,-0.0274528115702558,0.227482413791118,FALSE
C1orf21,blue,-0.20199102647248,0.217519449642622,-0.410306436574348,0.296366921432052,0.367064007478583,FALSE
C1orf216,midnightblue,0.166020021570555,0.312450345406347,0.07322940857241,-0.371456157594944,0.447372490174315,FALSE
C1orf35,turquoise,0.212907343365571,0.193146909523677,0.542555437925051,-0.347808084175694,0.717307959303164,FALSE
C1orf50,brown,0.168349351535613,0.305613076720139,0.186803627108509,-0.0499088502688443,0.287542415856864,FALSE
C1orf54,grey,-0.152610090999831,0.353671959607683,-0.214430986895609,0.128760423556091,,FALSE
C1QA,greenyellow,0.146196146445216,0.374500471342717,0.419037318490555,-0.294465562749622,0.876261218883325,FALSE
C1QB,greenyellow,0.088033159747737,0.594091378336168,0.416339663344958,-0.264466549341956,0.897978742733866,FALSE
C1QBP,turquoise,0.306622016558888,0.057621165509961,0.587066212834739,-0.189255409673418,0.588006682705595,FALSE
C1QL1,purple,0.113530937916114,0.491350213007401,-0.136064855561513,-0.164010668430281,0.448757496142165,FALSE
C1QTNF1,greenyellow,0.264317528395398,0.10394482574106,0.340398364194939,-0.251341070540924,0.725477625491554,FALSE
C1R,turquoise,0.0826680321424081,0.616847871182329,0.464406146084046,-0.225526380810685,0.774417766593127,FALSE
C1RL,blue,-0.0643465343733747,0.697147772108398,-0.0289816707585906,0.245761905370977,0.447353873821562,FALSE
C1S,brown,-0.0177723404352851,0.914483127234962,0.250576490872411,0.109608068392731,0.337523819937176,FALSE
C2,turquoise,-0.0173522641857505,0.916497270528817,0.427162648200104,-0.101865056415534,0.687324221446312,FALSE
C22orf46P,turquoise,0.202342285312689,0.216703658060317,0.436754993093717,-0.354389499077641,0.420618765723373,FALSE
C2CD2,salmon,0.135469852073884,0.410915107164695,0.0927861717195996,-0.15947969439475,0.452777120704032,FALSE
C2CD2L,turquoise,0.330330152143924,0.0399906290429263,0.253753427276592,-0.527563176871188,0.0696485588991642,FALSE
C2CD3,red,-0.239346212501892,0.142236915415051,0.0130695153039158,-0.126452276919826,0.391068562457582,FALSE
C2CD5,tan,-0.304267986537392,0.0596655825513839,-0.375926327766528,0.397134110182259,0.674831970319336,FALSE
C2orf42,blue,-0.325107056969586,0.043438826557052,-0.217832787888149,0.406231149953401,0.691726749602805,FALSE
C2orf68,cyan,-0.111227959603321,0.50023813203016,0.11519981544318,0.146500254490054,0.591563411344624,FALSE
C3,cyan,-0.113033926146839,0.493261430642467,0.153407254790405,-0.110208696140575,0.465621344532816,FALSE
C3AR1,lightyellow,-0.0768981482629275,0.641720689577768,0.0317669774417269,-0.140969554542513,0.769221474199441,FALSE
C3orf18,grey,0.137043438469411,0.405450397823493,0.0961554902874933,-0.0846279863009701,,FALSE
C4BPA,blue,-0.182285940645296,0.266708248316128,-0.267378284186634,0.450639146678381,0.545578172307594,FALSE
C4BPB,magenta,-0.156467584747457,0.341490512360811,-0.171601378591967,0.435298575695994,0.435298575695994,FALSE
C5,blue,-0.287566919118138,0.0758757070653896,-0.483770934791785,0.576059625405372,0.779414139616,FALSE
C5orf15,blue,-0.120396933997398,0.465342518593215,0.0409277608671591,0.239013447320973,0.374762254500282,FALSE
C6,blue,-0.277271997588264,0.0874669155902035,-0.525225758125844,0.566391914049208,0.615722527119072,FALSE
C6orf120,blue,-0.164837024989894,0.315959487423792,-0.366475963629168,0.51028494480972,0.766660434686688,FALSE
C6orf15,purple,-0.0460267045195935,0.780834105913991,-0.156680441616952,0.160084266084488,0.426532933886397,FALSE
C6orf47,turquoise,0.143255327459227,0.384288458543229,0.510136482754794,-0.414541027670278,0.505693153237204,FALSE
C6orf62,grey,-0.0584276816679446,0.723855107238023,-0.0317780817661397,0.182824260021334,,FALSE
C7,tan,-0.205861625601046,0.208646462320474,-0.234850640750289,-0.000574365588091357,0.843554344322519,FALSE
C7orf25,red,0.0762966206099759,0.644336700981434,0.137207422785544,-0.158866485978009,0.464721741147631,FALSE
C8A,brown,-0.0385693771104217,0.815671613410057,0.235215554151496,0.13374176839466,0.486690528164289,FALSE
C8B,grey,-0.157047025221312,0.339683232869325,-0.0305156168848025,0.357182526794276,,FALSE
C8G,green,0.281841731186605,0.0821634316419072,0.771157918942308,-0.536743356185773,0.771157918942308,FALSE
C9,blue,-0.0831826871070945,0.614649105054848,-0.129031953263876,0.23272670169868,0.377500770291955,FALSE
C9orf78,pink,-0.100533121828745,0.542558658466676,0.16843422306806,0.194560330782574,0.689584233639424,FALSE
CA11,black,0.0940257574786239,0.569118685800034,-0.21060124631121,-0.0171186044261519,0.607097275172276,FALSE
CA12,grey,-0.00789013973499089,0.961978096189078,0.0619638243067593,-0.180910117186202,,FALSE
CA14,blue,-0.45313055907124,0.00376959818363331,-0.63653875979994,0.538475022920457,0.337599161174432,FALSE
CA2,pink,-0.0626214748522869,0.704896263088409,-0.0841020749606518,0.37197835270092,0.612450916893726,FALSE
CA5A,turquoise,0.127971708065349,0.437523749843799,0.434156592839878,-0.192810244349212,0.474020057488299,FALSE
CA5B,red,-0.264166385372803,0.104150124486036,-0.358306870694761,0.156313753920934,0.479050741293019,FALSE
CA5BP1,grey,-0.0920091903691296,0.577468429142614,0.0354610376173358,0.0143795466946859,,FALSE
CA9,black,-0.211184490241882,0.196859746743484,-0.389466951132591,0.109795164010505,0.54389511361511,FALSE
CAAP1,blue,-0.154311839070615,0.348265974708833,-0.336633813224164,0.485634028722841,0.833436394822283,FALSE
CAB39,brown,-0.0232475472906728,0.888283752713753,0.376423981132084,-0.0114799419230806,0.69920768351076,FALSE
CAB39L,midnightblue,-0.0240852983327247,0.884284642592391,-0.00367248705226236,-0.179372719988509,0.483763221507899,FALSE
CABIN1,turquoise,0.334494427690905,0.0374038672721787,0.545454792736991,-0.511765603178608,0.714206632630343,FALSE
CABP2,turquoise,-0.0089048455884624,0.957092580551887,0.248708128634858,-0.100129579023184,0.540123505510257,FALSE
CACFD1,turquoise,0.167411453331466,0.308354554050677,0.419869596494738,-0.640943489335099,0.596902520432199,FALSE
CACNA1C,midnightblue,0.177052040954513,0.280916697289281,0.204024619993112,-0.39586498789933,0.784594023629981,FALSE
CACNA1D,red,0.101465807779419,0.538801016104085,0.205073896222799,-0.284467174116318,0.607161593738825,FALSE
CACNA1H,green,0.320528950478321,0.0466556785091482,0.567865446394982,-0.5153050023956,0.567865446394982,FALSE
CACNA1I,turquoise,0.123146445799891,0.455137392048959,0.0823161512630954,-0.177808291159431,0.468665122259845,FALSE
CACNB1,yellow,-0.0597927974728674,0.717665348607164,-0.451766120515781,0.120841865056171,0.580284530998577,FALSE
CACNB2,magenta,-0.153224825329687,0.351713280273015,-0.67267384052126,0.459514822985002,0.459514822985002,FALSE
CACNB3,black,-0.00220334158284141,0.989378731435508,-0.215297914678092,-0.0640846955926381,0.440940252288514,FALSE
CACTIN,turquoise,0.0581385120775921,0.725168511355642,0.326220115539908,-0.288257708153958,0.579754090737884,FALSE
CACYBP,blue,-0.127540183059089,0.439083455968213,-0.346710714190373,0.394963940109814,0.802419384945662,FALSE
CAD,turquoise,0.435182490313492,0.00562674838340199,0.591361296945695,-0.443955320381912,0.749986476710402,FALSE
CADM1,turquoise,-0.0784591621657636,0.634951848026958,0.209397397874061,0.0633318811611383,0.449841883721879,FALSE
CADM3,lightcyan,-0.0374435885102183,0.820963087041587,-0.314588312689088,-0.131671993601476,0.504249348614857,FALSE
CADM4,turquoise,0.148103101811124,0.368233283412854,0.400873781766775,-0.280826151828903,0.745134766096316,FALSE
CADPS2,red,-0.233815701525602,0.151967495887729,-0.16051457404302,0.0726879689400687,0.69168911433585,FALSE
CALB2,black,-0.0459847814387758,0.781028846763347,-0.172860423889316,-0.0240508380839691,0.551397943476952,FALSE
CALCOCO1,yellow,-0.252958181295337,0.120251888040458,-0.696425069935909,0.447653640994175,0.651102646858473,FALSE
CALCOCO2,magenta,-0.260794486777075,0.108810930730958,-0.65388260017466,0.676167790138486,0.676167790138486,FALSE
CALCRL,lightgreen,-0.148802167403117,0.365951586688934,-0.421867673476601,0.159531061561595,0.802846025057403,FALSE
CALD1,blue,0.0565512708714502,0.732391460467633,-0.220645621938402,0.227288208708059,0.518552587761433,FALSE
CALHM2,black,0.112549212484795,0.495129027139238,0.0176524794653639,-0.46333137614087,0.622543579156526,FALSE
CALM1,yellow,-0.242177493778782,0.13743672615253,-0.599394814934504,0.497791694590163,0.812385798145905,FALSE
CALM2,blue,-0.154383778465184,0.348038558345127,-0.0167798169487598,0.104670445061773,0.599957657352526,FALSE
CALML4,grey,0.0597326138979128,0.717937864405354,-0.098151443619081,0.149073099470257,,FALSE
CALR,green,0.194509364680736,0.235399936577947,0.673720469715839,-0.612775684457872,0.673720469715839,FALSE
CALU,blue,0.0719192319272633,0.663499415272256,0.145956526863161,-0.173323033103572,0.477974802906278,FALSE
CAMK1,turquoise,0.238907456299575,0.142991696101155,0.453536326711966,-0.298103129444455,0.783059048010954,FALSE
CAMK1D,green,0.385000198528681,0.0155114519113031,0.73656866214505,-0.564496063583137,0.73656866214505,FALSE
CAMK1G,black,-0.212391989820703,0.19425231383757,-0.488716544092614,0.122906139877217,0.762964762092599,FALSE
CAMK2A,grey,-0.394149872666696,0.0130350620626209,-0.288904319510054,0.0728956631037112,,FALSE
CAMK2B,turquoise,0.194305045715477,0.235901822869902,0.565204736575728,-0.464758275552057,0.473820360348697,FALSE
CAMK2G,green,-0.0135601374255775,0.934701186303039,0.498829930791576,-0.354538017671884,0.498829930791576,FALSE
CAMK2N1,brown,0.157745149282313,0.337513604570555,0.068396643655274,-0.0512678430984349,0.298196334209947,FALSE
CAMKK2,turquoise,0.269504822217082,0.0970840344149379,0.529580135827862,-0.378874192175239,0.655541214180982,FALSE
CAMKMT,blue,-0.24275760938343,0.136468154348064,-0.299510584031921,0.328976619370628,0.429911312128164,FALSE
CAMLG,brown,-0.0762547477980162,0.644518961379326,0.319855162729409,-0.0605368207040481,0.507269565667231,FALSE
CAMP,grey,0.0589130577976686,0.721652288975008,-0.0557386309821821,0.0379336537361684,,FALSE
CAMSAP1,red,-0.144187747085034,0.381168949894461,0.0829728289622473,-0.225520975880534,0.433089428658431,FALSE
CAMSAP2,yellow,-0.0607275572639311,0.713437126343389,-0.34311526215456,0.302407708342412,0.694256024927051,FALSE
CAMTA2,turquoise,0.198866220729324,0.224870002499089,0.618820701004603,-0.609925525107928,0.758730722483393,FALSE
CAND1,blue,-0.142789866159709,0.385851295458737,-0.130941806551114,0.30635711517793,0.722001648750077,FALSE
CANT1,blue,0.0716169857750219,0.664830545705175,0.0844838153898399,-0.174137357293553,0.453964468995223,FALSE
CANX,blue,-0.24709274040501,0.129389433431782,-0.181613295787943,0.166115155097239,0.755135425002196,FALSE
CAP1,brown,0.200841199837444,0.220204698176393,0.377011050165924,-0.0887500811877758,0.471185522045788,FALSE
CAP2,yellow,-0.247992775393663,0.127954707212551,-0.437073409887581,0.306521838623023,0.70774973745369,FALSE
CAPG,turquoise,0.367792607281292,0.0212487818002313,0.510649868909965,-0.452455740001767,0.628200537535971,FALSE
CAPN1,green,0.142037911203916,0.388383914110053,0.735352233533357,-0.503712534670861,0.735352233533357,FALSE
CAPN15,turquoise,0.195437092744765,0.233130194776743,0.532529067891214,-0.400997109942167,0.835292527296762,FALSE
CAPN2,blue,0.126009673489284,0.444639954630997,0.0338956841676023,-0.152068484129756,0.330571924163873,FALSE
CAPN5,brown,0.13972343125534,0.396239871157462,0.453253771558007,-0.240078436372635,0.624699513160666,FALSE
CAPNS1,brown,0.305281211307209,0.0587786633777104,0.677990525982794,-0.364312451212926,0.894552476754246,FALSE
CAPRIN1,pink,0.129646117157024,0.431500788601936,0.316772480146202,-0.0150589461513601,0.730766954687377,FALSE
CAPRIN2,yellow,-0.329302753551054,0.0406507046900644,-0.462857068905105,0.415971345515886,0.767057078091264,FALSE
CAPZA1,blue,-0.171125216584173,0.297590335184664,-0.377373296552852,0.398113982580453,0.771700304563765,FALSE
CAPZA2,blue,-0.105222152740367,0.523795170171903,-0.128384967528358,0.363553268968859,0.689980802346397,FALSE
CAPZB,brown,0.238132978436345,0.14433119426897,0.570585256110273,-0.422076594562587,0.732042705381857,FALSE
CARD10,turquoise,0.19190836033106,0.241843216423497,0.321170872764875,-0.235163527056837,0.760336643241179,FALSE
CARD14,turquoise,0.314120881569122,0.0514783061905333,0.174150254846262,-0.148786591465286,0.515526905285818,FALSE
CARD8,yellow,-0.192507998247834,0.240347331773695,-0.346070418047199,0.154613703091008,0.642692408092984,FALSE
CARHSP1,brown,0.0398231398099051,0.809788112734681,0.162994916386278,-0.00991536665598725,0.531932806718735,FALSE
CARM1,brown,0.308696993451843,0.0558657510843235,0.609234437502613,-0.410215523146617,0.484160156617655,FALSE
CARS1,turquoise,0.169845096426381,0.301273183632882,0.502793679340654,-0.285679111430426,0.280255135353429,FALSE
CARS2,turquoise,0.217354528466533,0.183791667579805,0.495639094350897,-0.225358137076596,0.596460153326309,FALSE
CASC3,blue,0.0151930912108872,0.926857719570536,-0.180170946338595,0.140475175702522,0.397960886129578,FALSE
CASK,grey,-0.0520122450371382,0.753170751354567,0.0885812949412496,-0.0542566086787234,,FALSE
CASKIN2,turquoise,0.415155515254711,0.00858667244299437,0.60801912526722,-0.60108607663358,0.557039608709334,FALSE
CASP1,lightyellow,0.198405785510837,0.225967302764576,0.0981749540005962,-0.231178778364108,0.686074581341985,FALSE
CASP10,blue,-0.195007063045455,0.234180430781718,-0.0325686873033644,0.133516854223322,0.368334221125834,FALSE
CASP2,midnightblue,0.272920444034395,0.0927596659960817,0.0883372462451259,-0.399389924697065,0.583098086861744,FALSE
CASP3,brown,0.15471194513336,0.347002299489216,0.348818427100309,-0.00312549014757309,0.602759338699574,FALSE
CASP4,turquoise,0.438285941569348,0.00525813214378798,0.462072497410261,-0.474494610685938,0.576283245930624,FALSE
CASP6,brown,0.00480935138172643,0.976818860902435,0.312764528576728,0.0425413781777065,0.46176915315533,FALSE
CASP8,blue,-0.190881565315247,0.24441926662388,-0.375197394896015,0.30181226153731,0.427567596132776,FALSE
CASP9,turquoise,0.276799712129492,0.08802978685655,0.596457726789437,-0.475961608626393,0.718721621622009,FALSE
CAST,blue,-0.333668738572259,0.0379056141847877,-0.443319772903597,0.507182912264206,0.877801588059096,FALSE
CASZ1,grey,0.0340119111417348,0.837140108996696,-0.0532717582767791,0.00720833083017253,,FALSE
CAT,brown,0.0604733363973523,0.714586220800894,0.385950117476482,0.112240833363631,0.501093983620106,FALSE
CATSPERG,black,-0.16391853322499,0.318701062463011,-0.377410515851989,0.0526155841513756,0.452169578701658,FALSE
CATSPERH,turquoise,0.145653495333604,0.376295376378519,0.480590655839143,-0.409573826077632,0.744680032338346,FALSE
CAV1,tan,-0.0956975446693018,0.562238735955976,-0.252337130783233,0.107167931551076,0.675774873387888,FALSE
CAV2,blue,0.0968802592735541,0.557394868143878,0.0174316245173313,0.0243729203180122,0.437577883249906,FALSE
CAVIN1,salmon,0.00731612592568416,0.964742424559605,-0.0180490710938862,-0.227862647623583,0.763301198691629,FALSE
CAVIN3,yellow,0.0669608520441568,0.685462712693443,-0.324660235623761,0.136208816623303,0.547142452827507,FALSE
CBFA2T2,yellow,-0.183058287770393,0.264652446565922,-0.469008389205032,0.387821876992739,0.456882904646889,FALSE
CBFA2T3,turquoise,0.0789871886980116,0.632668799277785,0.303106206549442,-0.238951719073461,0.53438877805972,FALSE
CBFB,blue,0.0185545404982004,0.910734117770828,-0.246698255957796,0.071999660811764,0.457473499965173,FALSE
CBL,grey60,-0.0673476352019535,0.683739961890088,-0.136930034672473,-0.205274382528944,0.708240600660943,FALSE
CBLC,turquoise,0.286238184437173,0.077300336928621,0.381379919043333,-0.134884078503556,0.688503608332217,FALSE
CBR1,turquoise,0.155156915885888,0.34560021661884,0.34180468714255,-0.0812912856189357,0.553465623099105,FALSE
CBR3,turquoise,0.0770146149110024,0.641214673465748,0.248511226358589,-0.23002377338774,0.432532922587657,FALSE
CBR4,magenta,-0.346606862314368,0.0306458414748847,-0.401879882103311,0.635759778233709,0.635759778233709,FALSE
CBX1,blue,-0.12984311230016,0.430795227137028,-0.213147804782224,0.203018474114037,0.506185960903287,FALSE
CBX2,blue,-0.0833787409352759,0.613812373191967,-0.323446244698531,0.186890794217913,0.312544449443483,FALSE
CBX3,blue,-0.0277440359092716,0.866853571510343,-0.344572217319837,0.439315708040287,0.628706134534285,FALSE
CBX4,brown,0.325245156181281,0.0433446551765504,0.359593135053114,-0.158563480113184,0.447433707787931,FALSE
CBX5,blue,-0.185019674073529,0.259478879243617,0.0974339786333207,0.100996904177832,0.344470944813959,FALSE
CBX6,green,0.155040971977507,0.345965216722828,0.371933734278264,-0.670414969791046,0.371933734278264,FALSE
CBX7,turquoise,0.0923247887838008,0.576158027549402,0.163571965475091,-0.0524342713394626,0.604244938109001,FALSE
CBX8,lightcyan,0.081526482775392,0.621736676885562,-0.0331470368288053,-0.079127703699039,0.475455253579376,FALSE
CBY1,blue,-0.431175977532382,0.00613551171971804,-0.224425103234223,0.330521380818988,0.401039668282914,FALSE
CC2D1A,turquoise,0.293097152405654,0.0701657174088922,0.659705480997587,-0.510907864257585,0.844559616351882,FALSE
CCDC134,turquoise,0.30069245822681,0.0628807374349474,0.354344035157579,-0.414454862470411,0.573174898509243,FALSE
CCDC177,purple,-0.133309477279962,0.418485474033981,-0.36498193805807,0.0187372018097019,0.50349579961769,FALSE
CCDC22,turquoise,0.35764491155025,0.0253952513992023,0.577723401955912,-0.402888679911991,0.741007047049587,FALSE
CCDC25,blue,-0.445209628574472,0.00451030040698628,-0.242143775747584,0.501258602392279,0.573512043066548,FALSE
CCDC28A,blue,-0.18048262020733,0.271549160569686,-0.157675548055763,0.506991545853682,0.535616873680995,FALSE
CCDC30,yellow,-0.309241434179294,0.0554123030990875,-0.452796932964254,0.252474119102501,0.673959000366269,FALSE
CCDC47,blue,-0.230053600633693,0.15885874351574,-0.108868654051991,0.30381939222081,0.747928042302724,FALSE
CCDC51,green,0.00922837295322977,0.955535206163472,0.6200331768025,-0.31970459776046,0.6200331768025,FALSE
CCDC57,turquoise,0.125802708433892,0.445394279228118,-0.00289572934967644,-0.306481852202485,0.0494061602399624,FALSE
CCDC68,blue,-0.167935109001557,0.306821991200204,-0.40992812905764,0.421889503080168,0.31381763281847,FALSE
CCDC69,turquoise,0.218195858901724,0.18205865728403,0.592758101177866,-0.358352394875235,0.62729636763568,FALSE
CCDC7,yellow,-0.307752640231063,0.0566592963161961,-0.503426049298813,0.307484375410438,0.708268207728869,FALSE
CCDC71,brown,0.112666290641153,0.494677594776687,0.26816691443079,-0.229483542987649,0.499576478899671,FALSE
CCDC82,grey,-0.0938116417320038,0.570002618474467,0.131115169154311,-0.0442780998983135,,FALSE
CCDC85B,turquoise,0.234179236104496,0.151313340453584,0.445092619093947,-0.437299106218997,0.617027671840638,FALSE
CCDC86,blue,0.129960858421693,0.430373812049302,0.00284216257799806,-0.064541930727578,0.368469608687004,FALSE
CCDC9,turquoise,0.263449523436069,0.105128051590828,0.247596416269528,-0.423970733197938,0.601311583945722,FALSE
CCDC90B,blue,0.00726979859811439,0.964965545259117,-0.168771347995712,0.328253017647666,0.604865151995173,FALSE
CCDC92,turquoise,0.102029475951421,0.536536168881208,0.475884900504099,-0.204871363016254,0.581575021409962,FALSE
CCDC93,grey,-0.117692622861107,0.475497608682228,0.0499840384689932,0.0294020924303038,,FALSE
CCHCR1,turquoise,0.164248359354574,0.317714862242617,0.328249204890827,-0.501789714100953,0.383404098985841,FALSE
CCL11,yellow,-0.240355548542544,0.140511722221458,-0.467531524585083,0.24181592430525,0.718812609777269,FALSE
CCL16,blue,-0.126849964446265,0.441584539088773,-0.365854036437388,0.335105108333728,0.268938367895133,FALSE
CCL18,lightyellow,-0.0989216171850485,0.549080514759334,-0.259387532599698,0.178091146741836,0.623317305791752,FALSE
CCL19,salmon,0.0205750751095789,0.901058897928982,0.0280294432894207,0.0376134083363482,0.575535681081619,FALSE
CCL2,lightyellow,-0.00659433867653395,0.968218971249,-0.245936277236977,0.160594832295823,0.638021990015278,FALSE
CCL21,salmon,-0.0392165953790153,0.812633162754069,0.0309231165011395,-0.106470435457364,0.750657863494235,FALSE
CCL22,grey,0.275355363721392,0.0897685515995938,0.0672631739703328,-0.185363346363675,,FALSE
CCL24,grey,0.0786198667052789,0.634256649900111,0.111149115222808,-0.0838697054876355,,FALSE
CCL25,purple,-0.18114688237614,0.269759319203426,-0.475923980222548,0.287766769016159,0.718697506043701,FALSE
CCL4,grey,0.0468162190406396,0.777169131272888,-0.238468851492258,0.308210587785564,,FALSE
CCL5,grey60,0.231965376303994,0.155329045345361,0.0819209645262187,-0.302300881781762,0.702958119996292,FALSE
CCN1,grey,0.412061345393882,0.00914609283059609,0.0735522474058517,0.0211502942356625,,FALSE
CCN2,salmon,0.109672201166956,0.506288224115361,-0.170002759049569,0.158557855341842,0.466531429396168,FALSE
CCN3,black,-0.0467186305046072,0.777621887524115,-0.233965956375896,-0.0857801218070915,0.64504163200045,FALSE
CCN4,black,-0.238302241737854,0.144037660530629,-0.534698244827471,0.162682781664815,0.646193942591702,FALSE
CCN5,turquoise,0.331827158928542,0.0390444702220457,0.147698168092905,-0.313246174163099,0.547976559900002,FALSE
CCNA2,blue,-0.172310936764704,0.294204919082017,-0.164118632895337,0.0877593867400559,0.343443893971836,FALSE
CCNB1IP1,magenta,-0.304566201741274,0.0594034439529817,-0.519169338424242,0.65889236065627,0.65889236065627,FALSE
CCNC,blue,-0.0797900889254382,0.629203696367959,-0.0594093211312259,0.294384972859721,0.726500839499229,FALSE
CCND1,turquoise,0.480514108617954,0.00196069408122369,0.729207691353844,-0.60834792258036,0.682324495773465,FALSE
CCND2,black,-0.101453662942458,0.538849865197034,-0.487618188426462,0.094840504786522,0.82415199287751,FALSE
CCND3,greenyellow,0.291862146045711,0.0714105892094672,0.403016986634631,-0.546308550784307,0.640738169285289,FALSE
CCNF,turquoise,0.14581588034071,0.375757729196347,0.568094177335884,-0.408825127246176,0.487017772957814,FALSE
CCNG1,blue,-0.290059397330173,0.0732588130970932,-0.744524251896821,0.785764832934878,0.744224875934691,FALSE
CCNG2,brown,0.00348796370630806,0.983186892281373,0.137302516920023,-0.244214841144956,0.266891829347049,FALSE
CCNH,blue,0.0126888065969159,0.938888931098924,-0.0470734419546051,0.162023753276773,0.357864546310625,FALSE
CCNI,salmon,0.149851827811421,0.362541503149575,-0.0291562941220991,0.161225971770349,0.57824750207705,FALSE
CCNJL,grey,-0.0860745206919532,0.602356386754312,-0.20242992188331,0.11167102787106,,FALSE
CCNL1,grey,-0.0583861345301908,0.724043765891908,0.0727281614953125,0.226613217037761,,FALSE
CCNL2,turquoise,0.296799598237175,0.06653577290361,0.56868677526852,-0.337330467709472,0.850286665453666,FALSE
CCNP,grey,0.0932802162010633,0.572199206968502,0.225908810218836,-0.260493993221903,,FALSE
CCNT1,yellow,-0.352667869406035,0.0276620479512125,-0.434041516138465,0.363000203778317,0.719318443624756,FALSE
CCP110,red,-0.195940289606798,0.231905338793991,-0.106309531188064,0.226481924023297,0.53704090110001,FALSE
CCR1,lightyellow,-0.0467763111829418,0.777354272662322,0.0413003326976803,0.0422775046624308,0.687179151639316,FALSE
CCR2,grey60,-0.0198095547513847,0.904722968227924,-0.144480282133197,-0.205736725994592,0.687432864700361,FALSE
CCR4,red,-0.226771244247268,0.165054059111062,-0.30103035613953,0.059214769599439,0.612337106701994,FALSE
CCR5,grey60,-0.193922677544539,0.236843015606959,-0.427630752019255,0.0585002143565619,0.633202539836149,FALSE
CCS,turquoise,0.185710342557959,0.257673194557405,0.37027301529646,-0.0515807151188283,0.767586364838818,FALSE
CCSER2,blue,-0.168972531115507,0.303800119432403,-0.426527030848585,0.329366378635152,0.63131747385874,FALSE
CCT2,blue,0.0466600996093928,0.777893472904921,0.241167211540681,0.235969679202884,0.481004705683633,FALSE
CCT3,turquoise,0.10308500223657,0.53230740180547,0.589332313350071,-0.234853036756265,0.489000961905924,FALSE
CCT4,brown,0.197445939771145,0.22826655414719,0.387083086530311,0.0505604285958487,0.583993452963581,FALSE
CCT5,blue,0.119189866842766,0.469860890513862,0.466272234098287,-0.224817732589223,0.396968809338416,FALSE
CCT6A,blue,-0.01014182763692,0.951138976203123,0.118310716580622,0.0732719627517902,0.551817509010539,FALSE
CCT6B,magenta,-0.560732709930738,0.000204893363290053,-0.367741565905055,0.569481091613927,0.569481091613927,FALSE
CCT7,brown,0.191879803349333,0.241914612327866,0.776227666416584,-0.410649089355998,0.910096463591599,FALSE
CCT8,blue,-0.163161054940774,0.320973234489069,-0.179650058953118,0.478003696695957,0.608088255209323,FALSE
CCT8L2,grey,-0.134163356806595,0.415483955896231,-0.121316594973014,0.258070233005611,,FALSE
CD101,grey,0.0761807827307605,0.644840960259135,0.168871631504264,-0.220375522277119,,FALSE
CD14,brown,0.157698566100552,0.337658109235215,0.491793843791964,-0.0896153495478029,0.748207878531938,FALSE
CD151,green,0.406893012715851,0.0101500841336126,0.863753035192149,-0.72941029985944,0.863753035192149,TRUE
CD160,blue,-0.0202766692735594,0.90248694507607,-0.165611234312603,0.119220464918091,0.373948180415206,FALSE
CD163,greenyellow,-0.000388131815456438,0.998128948591261,0.125541188003645,0.105550202504446,0.573848713431229,FALSE
CD164,blue,0.0304875296877532,0.853823085959171,-0.168231517823199,0.414109748709863,0.597948578985433,FALSE
CD177,purple,-0.154537413762136,0.347553186301326,-0.364318448093289,0.0709515455211493,0.72836164959634,FALSE
CD180,grey60,-0.050597602120378,0.759682851419667,-0.206819042397716,-0.0357321850397283,0.682581218131277,FALSE
CD19,magenta,0.189632737365574,0.247577166275612,-0.208494326930265,0.262562130988582,0.262562130988582,FALSE
CD1C,black,-0.0648488045217553,0.694897353216411,-0.14508969709403,-0.133858773012555,0.618440731092266,FALSE
CD1D,grey,0.0422180967428732,0.798578215082506,0.0543053178090539,-0.0541668778892429,,FALSE
CD2,tan,-0.0499863132272049,0.762501921491066,-0.300965601826081,-0.0516672316318359,0.703190807552324,FALSE
CD200,black,-0.270415125792855,0.0959167240282392,-0.384364768288787,0.115024659808014,0.75007125152929,FALSE
CD22,grey,0.177502081613871,0.279675977625412,0.15632820389087,-0.202827828813012,,FALSE
CD24,grey,0.252298731946195,0.121254350733112,-0.019535894176023,-0.106490302511417,,FALSE
CD244,grey60,-0.000862918600510923,0.995840177474414,-0.0146149952413674,0.0152421126859898,0.468024234140231,FALSE
CD247,grey,0.395618497832621,0.0126706292155874,0.112547221631245,-0.200451654242222,,FALSE
CD248,midnightblue,0.222958427904034,0.172467301406834,0.12036223471968,-0.516080335873207,0.603117891432754,FALSE
CD27,brown,0.0992017036288643,0.54794433084371,0.12925561399143,-0.221315381632924,0.296690765756652,FALSE
CD28,purple,0.14129715223672,0.390888289952042,0.0560455110873355,-0.216685730985328,0.340349634172563,FALSE
CD2BP2,turquoise,0.32840886606775,0.0412321797229329,0.529799033461698,-0.362518593904412,0.685102462842796,FALSE
CD300A,grey,0.128102844594315,0.437050375711353,0.170578240145974,-0.214161076955804,,FALSE
CD300C,turquoise,0.339603649482197,0.0344183141310107,0.285145353602127,-0.315537538976532,0.329738137395547,FALSE
CD320,turquoise,0.39040782284466,0.0140040178410149,0.697035477533025,-0.551507682705223,0.768350920399593,FALSE
CD33,lightgreen,-0.118154289616077,0.473755776250124,-0.395486491022151,0.121679327549517,0.760416434420606,FALSE
CD34,black,-0.29435704953914,0.0689134110534341,-0.420298135223985,0.0336837278097681,0.761917154624993,FALSE
CD36,blue,0.11212812880433,0.496754392823883,0.208815442249235,-0.153587349748977,0.21304197482922,FALSE
CD37,salmon,0.20822939665212,0.203344254876562,0.284493657871463,-0.285744155201023,0.619454375822038,FALSE
CD38,brown,0.0361709176748579,0.826954351617377,0.173768496117258,-0.0852332400713567,0.33361293892536,FALSE
CD3D,tan,0.0539445805850048,0.744302748686344,-0.0458756397786932,-0.168602234840188,0.701310154445172,FALSE
CD3E,grey60,0.150182724783674,0.361470470424222,-0.213547477430884,-0.114223636757659,0.825597911423411,FALSE
CD3G,grey60,-0.220719344941352,0.176930437049054,-0.366178403498435,0.0442616773590996,0.696211177805302,FALSE
CD4,lightyellow,-0.289409349242302,0.0739343851822916,-0.485016485410895,0.348703895151582,0.729684371453112,FALSE
CD40,grey,0.230323922000009,0.158356149499551,0.0985901043821969,-0.294186191533973,,FALSE
CD44,black,-0.0311018999368863,0.850910182787916,-0.134946522412487,-0.163737983422087,0.758019646121579,FALSE
CD46,pink,0.0141000559865818,0.932107119833771,-0.0725176356525364,0.371324085233322,0.483173179795279,FALSE
CD47,blue,-0.294102073885468,0.0691654190382215,-0.28878515746113,0.398156274978682,0.686173481780454,FALSE
CD48,grey60,0.0900572859765582,0.585602694963611,0.0453084240705834,-0.176557136433108,0.773162614685536,FALSE
CD5,black,-0.172517810183569,0.29361681006991,-0.439468364131842,-0.056453179766026,0.695125218145066,FALSE
CD52,grey60,0.295288021591863,0.0679994102208574,0.200362355154134,-0.286669179894782,0.594158906007547,FALSE
CD53,lightyellow,0.0017566324723851,0.991532017582605,-0.210795758053823,0.043657884129604,0.917453786830302,FALSE
CD58,blue,-0.0968940178628234,0.557338633977111,0.091895877791412,-0.0700255684468852,0.349268664098529,FALSE
CD59,blue,-0.0335932656891463,0.839118281292428,-0.153997985451367,0.242258374636439,0.581767957695751,FALSE
CD5L,greenyellow,-0.162783867132807,0.322108441608327,0.0190981893966923,-0.050415344130214,0.581541496669284,FALSE
CD6,turquoise,0.292818677744642,0.0704449149567202,0.373955818163467,-0.425872311056344,0.631080124743631,FALSE
CD63,grey,0.0561318879118234,0.734303749081039,0.266021774304252,-0.0957995349089448,,FALSE
CD68,grey60,-0.00131386447389983,0.993666364665661,0.045826409183522,-0.208068314269688,0.564573285919995,FALSE
CD7,turquoise,0.232738173559819,0.153918557589264,0.405742520644455,-0.436259910849181,0.655535725822621,FALSE
CD72,greenyellow,0.365309069087147,0.0222073071000659,0.498139210629817,-0.443684138807712,0.819348496729773,FALSE
CD74,salmon,0.184045171342862,0.262040877983318,0.398452875649034,-0.414638963535396,0.800697845109058,FALSE
CD79A,greenyellow,0.203083578802842,0.214988952900223,0.0854718946990959,-0.0875669462600855,0.419600710312164,FALSE
CD79B,grey,0.204871474672657,0.210891962861865,0.0586666592329024,-0.131257169319035,,FALSE
CD80,red,-0.0585544261690529,0.723279680915418,-0.191819736817798,0.0101656111690308,0.666684235543349,FALSE
CD81,turquoise,0.20632193927533,0.207608223473218,0.628866908942356,-0.389107906263947,0.790651554839441,FALSE
CD82,turquoise,0.15615507235244,0.342467685596032,0.222092457230326,-0.165349364616595,0.582330740462214,FALSE
CD83,red,-0.027805854337348,0.866559563318713,-0.246301326469539,-0.0192874337103672,0.701104732326562,FALSE
CD84,lightgreen,-0.0946430367704807,0.56657389514967,-0.235106814184138,0.106258863081964,0.837883862255906,FALSE
CD86,lightgreen,-0.215637105949668,0.187365582170116,-0.226406165939561,0.168089289266978,0.765344859882584,FALSE
CD8A,grey60,0.115958645490043,0.482069740089181,-0.0843530799829012,-0.0832295306553794,0.736348828935426,FALSE
CD8B,turquoise,0.124912130686302,0.448648129905518,-0.0266627599857403,-0.207020171461205,0.170611934727267,FALSE
CD9,salmon,-0.00939861583603627,0.954715767351781,0.0398241441591093,0.137519676484098,0.509857066094485,FALSE
CD93,tan,-0.10270633561782,0.533822595141854,-0.364933903993479,0.175366833361206,0.812804000118497,FALSE
CD99,brown,0.127706064173715,0.438483532473048,0.553589911259694,-0.382409631407399,0.776987917847622,FALSE
CDA,brown,-0.0659064017066945,0.690167233852983,0.0777216069634823,0.31482681628361,0.496673723046771,FALSE
CDC123,pink,0.0185893716366277,0.910567219188288,0.451524800724628,-0.0968195831308885,0.817158215341791,FALSE
CDC14A,blue,-0.0541549316753715,0.743339327486265,-0.398026155937614,0.173325914959751,0.453137178625374,FALSE
CDC14B,blue,-0.436590512880865,0.00545682916368716,-0.435620863824296,0.585254362183575,0.397811044694386,FALSE
CDC16,yellow,-0.336390081022853,0.0362724153561456,-0.525631242103261,0.394318265227005,0.766197049284253,FALSE
CDC23,blue,-0.202947146683167,0.215303831502668,-0.229428671577506,0.32732537225866,0.807672975789003,FALSE
CDC25B,turquoise,0.126137549392719,0.44417423539918,0.354017364904673,-0.497725919606556,0.385118378318738,FALSE
CDC27,blue,-0.129409038183191,0.432350765949607,-0.170246566756793,-0.00847587341556688,0.580375407697454,FALSE
CDC34,turquoise,0.225172703096915,0.168133582417236,0.66426708475124,-0.321442685181867,0.891768295514645,FALSE
CDC37L1,pink,0.0918041113257078,0.5783206619154,0.119712442073826,0.176981143029649,0.474077482732638,FALSE
CDC42,red,-0.166458599777267,0.311155663759169,-0.223828512971133,0.183248279056209,0.393442298779193,FALSE
CDC42BPA,yellow,-0.0194241324747944,0.906568486373171,-0.0853735550248789,0.191015241874705,0.346013683503184,FALSE
CDC42BPB,turquoise,0.0753326281932563,0.648537862414739,0.45181561745297,-0.207137346370786,0.52527839016054,FALSE
CDC42EP1,turquoise,0.279688694751264,0.084630139327354,0.514131778180323,-0.510307675142498,0.581211744311804,FALSE
CDC42EP2,turquoise,0.0724871540276708,0.661000969492746,0.103926079350037,-0.258371295730907,0.364046360513237,FALSE
CDC42EP3,midnightblue,-0.119275008228396,0.469541423831473,-0.0195934307712761,-0.150684645215403,0.556663518676952,FALSE
CDC42EP4,turquoise,0.227927655079131,0.162851800301467,0.476582365331001,-0.373361587724929,0.534438975792296,FALSE
CDC42SE1,blue,0.134809130427875,0.413222082919452,-0.194594348765471,-0.00961779238873004,0.533831281389492,FALSE
CDC50B,blue,-0.234519385936745,0.150703128892422,-0.225917697048682,0.204981838266611,0.695672959665218,FALSE
CDC5L,grey,-0.207575637730934,0.204798738099285,-0.147879787253773,-0.121819407203324,,FALSE
CDCA3,purple,-0.273150343921683,0.0924740146881461,-0.401588149458356,0.164487286895369,0.73500139482709,FALSE
CDCA4,turquoise,0.3257537645057,0.0429992543690911,0.441667897529779,-0.398495442948591,0.548914723819275,FALSE
CDCA8,red,-0.15867206174954,0.334646175351736,-0.217821600547116,0.147114263108783,0.547108564702196,FALSE
CDCP1,greenyellow,-0.0434638885845081,0.792762680362696,0.164680628055526,-0.34619393549933,0.447668098796517,FALSE
CDH1,brown,0.280049489971237,0.0842128230383127,0.554509604710971,-0.144757789405259,0.536541596017691,FALSE
CDH11,black,-0.127870706882906,0.43788853474105,-0.190090637705114,0.00326825708100573,0.608010558588122,FALSE
CDH15,turquoise,0.339574514777861,0.0344347680645965,0.483566842243926,-0.423443765784858,0.483220310505513,FALSE
CDH2,tan,-0.370224408668438,0.020343941231781,-0.587142786496959,0.480696287486249,0.710279826160717,FALSE
CDH4,turquoise,0.247882915236422,0.128129194648382,0.251455448573447,-0.130344098272504,0.459512584155596,FALSE
CDH5,greenyellow,-0.0142366575132859,0.93145091930797,0.107387661841452,-0.0387719491016484,0.62695774921397,FALSE
CDH6,black,-0.103259195584065,0.531611087902232,-0.29606407729103,-0.0710845946574056,0.760654625956892,FALSE
CDHR2,green,0.296173143406654,0.0671393120705217,0.763379137264203,-0.673726882350152,0.763379137264203,FALSE
CDHR5,turquoise,0.219711907060767,0.178965229078296,0.643118045472542,-0.529836878910371,0.720449944893775,FALSE
CDIP1,green,0.295573238896088,0.0677213131209591,0.690674807688725,-0.653265996603356,0.690674807688725,FALSE
CDIPT,salmon,0.211612878798471,0.195931902246034,0.143015460245806,0.0840972939505907,0.491652683500923,FALSE
CDK10,turquoise,0.25196095593677,0.121770242059719,0.466642898311751,-0.397347258111411,0.810017114592653,FALSE
CDK11B,turquoise,0.196897900064819,0.229586489855871,0.56098150733263,-0.347538041234205,0.696122621451579,FALSE
CDK12,royalblue,-0.166271639434684,0.311707154689759,-0.374186524059351,0.223486493353355,0.763300750079483,FALSE
CDK13,blue,0.0506981736991871,0.759219339301144,-0.122321593943432,0.207664942679288,0.444371394658609,FALSE
CDK14,royalblue,-0.269782333943369,0.0967270246855149,-0.590930267767588,0.401085740778196,0.801022537891659,FALSE
CDK16,turquoise,0.323758625250749,0.0443670718559741,0.601977106074571,-0.679724844988672,0.50887671681251,FALSE
CDK17,blue,-0.15281773370035,0.353009626142277,-0.327897174636209,0.335960711740068,0.580374691737153,FALSE
CDK18,turquoise,0.321822230955302,0.0457280635656753,-0.0356636003745181,-0.0881315144555219,0.382660146689872,FALSE
CDK19,blue,-0.370035740515034,0.0204129695548382,-0.459501549427169,0.391455529281288,0.477118895090498,FALSE
CDK2,pink,0.152950453128348,0.352586675367198,0.0635329270413047,0.0273476811040292,0.410922988656285,FALSE
CDK20,turquoise,0.315656870834768,0.0502874052579917,0.419498243312425,-0.576415909940747,0.458841936370041,FALSE
CDK2AP1,blue,0.0885801034035823,0.591792317018136,0.0537679201086748,-0.0474675416706962,0.567067384330072,FALSE
CDK2AP2,brown,0.316240392226052,0.0498408263559801,0.740882445601012,-0.470514449849408,0.771121590942692,FALSE
CDK4,brown,0.0906894960777574,0.582962474966126,0.365411361552177,-0.149281012253441,0.545792702362594,FALSE
CDK5,brown,0.0483342244839041,0.770135863759361,0.550755893114722,-0.301454649112967,0.829858306103193,FALSE
CDK5R1,purple,0.277408015228324,0.0873053267568214,-0.117147486233984,-0.11036952242766,0.465133612331672,FALSE
CDK5RAP1,brown,-0.000380845781190811,0.998164072023159,0.250294263397764,0.0137718902667814,0.38992309332651,FALSE
CDK5RAP2,turquoise,0.296130146125493,0.0671808944057138,0.629194228855464,-0.6446544194455,0.610804982672966,FALSE
CDK5RAP3,turquoise,0.152240504690956,0.354852718353014,0.197578053817818,-0.00222395626115639,0.636023144116879,FALSE
CDK6,red,-0.155194161322888,0.345483015150403,-0.0222157609119009,-0.158093046485018,0.524782828410422,FALSE
CDK9,turquoise,0.309512438614544,0.0551876904213549,0.423362244626993,-0.33676932214189,0.717287398329068,FALSE
CDKN1A,turquoise,0.575570238194338,0.000126354552036342,0.715020893579468,-0.635045644658384,0.56458382965874,FALSE
CDKN1B,blue,-0.0779297485700761,0.637244240556168,-0.31967404143397,0.482676001023152,0.779397225830802,FALSE
CDKN1C,tan,-0.0516166750508492,0.754990025877984,-0.496749537228453,0.231014923537759,0.612503656843809,FALSE
CDKN2D,lightcyan,0.301324192530194,0.0623029031150179,0.22113628043017,-0.346799143909143,0.753939558130813,FALSE
CDO1,pink,0.181817484249454,0.267960284038084,0.25521461776249,0.233777537380294,0.682897942872884,FALSE
CDON,grey,-0.17873349637856,0.27629936340719,-0.0748730253482543,0.0225844212770205,,FALSE
CDR2,blue,-0.0744765688387496,0.652277660094914,-0.241132891883282,0.396921716886491,0.672796575693448,FALSE
CDR2L,turquoise,0.130262464757548,0.429295405703475,0.442532197336542,-0.46087717883982,0.495593605293387,FALSE
CDS2,blue,-0.512438242997599,0.000852472618970676,-0.535235681442573,0.553253315556487,0.731335378201742,FALSE
CDSN,purple,0.0171930577686328,0.917260753942233,-0.473567085446259,0.169777280954924,0.73838027070022,FALSE
CDV3,blue,-0.116206994410114,0.481125550780566,-0.105460082192199,0.44208951920713,0.472715073818309,FALSE
CDX1,purple,0.0141082986190568,0.932067522972527,-0.337866185254299,0.166682983805371,0.524612932117706,FALSE
CDX2,grey,0.185244553442345,0.258890034317076,-0.158377071544937,-0.0391001971934731,,FALSE
CDYL,blue,-0.0494938304573291,0.764775296654831,-0.344358859385392,0.22677569200325,0.43226830933678,FALSE
CEACAM1,blue,-0.333621897763002,0.0379342416384285,-0.372604186559312,0.535790966918422,0.624445547280175,FALSE
CEACAM21,grey,0.129944915589809,0.43043085824485,-0.117820532076046,0.132134202242385,,FALSE
CEACAM3,purple,0.233626847131887,0.152308139979011,0.00747462284617615,-0.205102739280815,0.41240640970585,FALSE
CEACAM4,purple,-0.0870831181297315,0.59809412900435,-0.340710106583573,0.0823559673038027,0.628113028744745,FALSE
CEBPA,turquoise,0.332314607831088,0.0387403492105992,0.658029001203111,-0.46853442593327,0.826783334897259,FALSE
CEBPA-DT,turquoise,0.269002600713232,0.0977326927291883,0.28294031960605,-0.218969846295694,0.318697612083049,FALSE
CEBPB,brown,0.108404634854063,0.51124471572291,0.353474927220541,0.0455645720364938,0.567386522799685,FALSE
CEBPD,grey,-0.0709293800978627,0.667862620440031,-0.0322377210465237,0.3227788018705,,FALSE
CEBPG,brown,0.212350648113708,0.194341181927231,0.488399572837322,-0.0931892299246497,0.489054980195452,FALSE
CELA3A,grey,-0.297712151531403,0.0656642745144213,-0.244443147044584,0.351146826331931,,FALSE
CELA3B,turquoise,-0.0821759080826835,0.618953464170151,0.313498201158859,-0.124055175122917,0.309558192539496,FALSE
CELF1,magenta,-0.476842927320899,0.00214696688790508,-0.415453205384162,0.659516484025199,0.659516484025199,FALSE
CELF2,tan,-0.0615051606900751,0.709926186627257,-0.21801779236744,-0.0414299806725027,0.649985991626279,FALSE
CELF3,lightcyan,-0.0274451951272781,0.868275105435356,-0.280740558777098,-0.0212009775042338,0.533329588443198,FALSE
CELP,grey,0.264636345146958,0.103512785473237,0.169171010974403,-0.275578121532357,,FALSE
CELSR2,grey,0.100317498545838,0.543429148827534,0.204405386532193,-0.193869788385036,,FALSE
CEMIP2,blue,0.0755952993125325,0.64739204871842,0.122356945392947,0.104487524110367,0.292913488558385,FALSE
CEMP1,turquoise,0.0739258126539328,0.654688150523178,0.160145616235127,-0.149242774783827,0.461097474042967,FALSE
CEND1,lightcyan,0.190256895151853,0.245995458379132,0.37090896094909,-0.415753861470757,0.793306688200142,FALSE
CENPA,grey60,0.0588282164322637,0.722037171778287,-0.0589943430976892,0.0141372483047349,0.488283530321468,FALSE
CENPB,turquoise,0.341686128469536,0.0332587956336485,0.449923487501899,-0.46193048487475,0.704834424641084,FALSE
CENPBD2P,turquoise,0.252736443254102,0.120588266756984,0.622605855844991,-0.535037209117149,0.580058751631193,FALSE
CENPM,turquoise,0.262154107163116,0.106912928686236,0.413088427286649,-0.462314053561674,0.521956744203634,FALSE
CENPN,grey,-0.0114519107661067,0.944836392681589,0.182171897970256,-0.00655530013282718,,FALSE
CENPO,brown,0.153830019044951,0.349791447879909,0.462150292439317,-0.269626650649267,0.426787755348821,FALSE
CENPT,turquoise,0.118684232093466,0.471760498853258,0.338416511310724,-0.25199792525202,0.529499770381955,FALSE
CENPX,brown,0.239650549120151,0.141715098682674,0.602406745000422,-0.404784560784405,0.672638882125837,FALSE
CEP104,grey,0.0036818577275862,0.982252404606751,0.221839994621377,-0.274265188263859,,FALSE
CEP162,yellow,-0.31934369169407,0.0475190895189631,-0.328437545094582,0.147729655379338,0.644095066955333,FALSE
CEP164,turquoise,0.0777616361460365,0.637972875464307,-0.0699167034126976,-0.228260472058188,0.192082702202816,FALSE
CEP170,blue,-0.234475318505168,0.150782082076312,-0.261703217148244,0.16980022882372,0.314659206022599,FALSE
CEP170B,turquoise,0.447192991306199,0.00431387700811862,0.656194701196035,-0.686875673572884,0.640744219779948,FALSE
CEP192,grey,0.132302604420893,0.422040458684631,0.244201205372243,-0.0601718063638796,,FALSE
CEP250,turquoise,0.0939842203554177,0.569290114161634,0.121221135626216,-0.280039878542036,0.37206369602988,FALSE
CEP350,yellow,-0.248851678270939,0.126596639725088,-0.329999294145462,0.342500074289829,0.809348818438772,FALSE
CEP41,red,-0.0989287729060343,0.549051473372259,-0.166125250582372,0.0604219005523751,0.778329269906649,FALSE
CEP43,yellow,-0.356913729448025,0.0257182757390861,-0.431249704947905,0.298539007621553,0.64345189130022,FALSE
CEP57,blue,-0.311073539309506,0.0539079538347635,-0.556318992114027,0.615703793344541,0.707645876487571,FALSE
CEP63,blue,-0.134717781683637,0.413541613813433,-0.160079487930019,0.0606391250794408,0.388750290252112,FALSE
CEP68,tan,-0.124847618253435,0.448884336543912,-0.362719783596861,0.170123836063282,0.492443707384283,FALSE
CEP70,blue,-0.335439932524582,0.0368359804208841,-0.451275105491741,0.439214084774613,0.644018260122675,FALSE
CEP72,purple,-0.0399852118928831,0.809028305616821,-0.163798461691647,-0.210986346797626,0.478150794911168,FALSE
CEP85,yellow,-0.0791506817695726,0.631962576578535,-0.148870708164614,0.0451742882481706,0.504167464335898,FALSE
CEPT1,yellow,-0.374207718416715,0.0189314902227534,-0.528812298501357,0.51594834447658,0.772700112542014,FALSE
CERK,turquoise,0.190895807803201,0.24438340887876,0.366900654106866,-0.341465252045694,0.338945225420003,FALSE
CERS2,brown,0.116752972444176,0.479053214278896,0.419935542820541,-0.0935747590724227,0.744506701270139,FALSE
CERS4,turquoise,0.0244594042276628,0.882499707633389,0.414602311219004,-0.263221238675437,0.694469705987558,FALSE
CERS6,cyan,-0.117596622711371,0.475860232215193,-0.286261617166537,0.33640351945064,0.506514364327955,FALSE
CERT1,grey,-0.443291725640614,0.00470757936555642,-0.0926018062013387,0.28003759584859,,FALSE
CES1P1,brown,0.192346732202245,0.240749017634221,0.579532325620962,-0.281315049991602,0.696654566253215,FALSE
CES2,brown,0.20220599974867,0.217019927554401,0.678517366865206,-0.337327878760033,0.788186189244244,FALSE
CES3,green,0.321649541230112,0.0458510578806958,0.71032673169529,-0.514719307859062,0.71032673169529,FALSE
CETN2,blue,-0.267475814439636,0.0997250537571385,-0.254298382315281,0.281446477320084,0.755078431410751,FALSE
CETP,greenyellow,0.000852431577901427,0.995890731235517,0.183267136397933,-0.177015207396866,0.612734721982447,FALSE
CFAP20,pink,-0.136709502033704,0.406606589230946,0.238326399783824,0.126217198703461,0.722857539820985,FALSE
CFAP298,turquoise,0.0752756055319007,0.648786709988263,0.457180409685446,-0.155390036437461,0.717690471494049,FALSE
CFAP410,turquoise,0.0517985407324437,0.754153440967522,0.180689558843841,-0.422283395864076,0.4576181840863,FALSE
CFAP69,yellow,-0.168895464534753,0.304023949955265,-0.326241231971581,0.168588164735327,0.273151270328242,FALSE
CFAP70,yellow,-0.179652993392707,0.273795500397228,-0.42537785748044,0.237637533375456,0.352151511006898,FALSE
CFAP74,yellow,-0.215599519159566,0.187444345486191,-0.312000271006999,0.190853121642214,0.302217404961909,FALSE
CFB,turquoise,0.107030430059795,0.516645500705545,0.415695910793558,-0.261429604590047,0.479042080963431,FALSE
CFD,greenyellow,0.317271378600841,0.0490595904019136,0.333347840685069,-0.336154873235525,0.689030173764486,FALSE
CFDP1,royalblue,-0.287792497240952,0.0756359014495788,-0.344821107617191,0.453116627116449,0.819460296898972,FALSE
CFH,blue,-0.139956503416037,0.395444623859766,-0.297851411205456,0.227163664792936,0.466350333000311,FALSE
CFHR2,blue,-0.241709511238565,0.138221774517131,-0.319668479879125,0.564135563096194,0.601130979122476,FALSE
CFHR4,grey,-0.0611848205132397,0.711371837104299,-0.278415539010645,0.282398846080111,,FALSE
CFHR5,magenta,-0.258139174361159,0.112591228247046,-0.361843978697345,0.633199911226814,0.633199911226814,FALSE
CFI,blue,-0.18986475027902,0.246988416217267,0.0482917892270113,0.186529026840592,0.276965175031769,FALSE
CFL1,green,0.296577871347138,0.0667488973416464,0.740949125247199,-0.504665632273808,0.740949125247199,FALSE
CFLAR,turquoise,0.0415710563299584,0.801602946680602,0.212939596401426,0.0444077469867633,0.286763624189513,FALSE
CFP,brown,0.0942632782604911,0.568138865244495,0.296008410818034,-0.146938191046289,0.674252074777984,FALSE
CFTR,grey,0.193963366901094,0.236742738638987,0.254269033428032,-0.457532138347412,,FALSE
CGGBP1,blue,-0.204364666265195,0.212047782004901,-0.490277551885145,0.4454296863278,0.524334197028061,FALSE
CGREF1,turquoise,0.215029431124871,0.188641842316125,0.530248319028306,-0.4217273105173,0.642595400442424,FALSE
CHAC1,purple,0.0254885303187707,0.877592515047041,-0.211057020812124,-0.154219311663809,0.601993001431888,FALSE
CHAD,magenta,-0.237369456420721,0.145660747048507,-0.547153068475282,0.388089573818269,0.388089573818269,FALSE
CHAF1A,turquoise,0.0499947422994673,0.762463028649186,0.158631803338717,-0.225471718762457,0.259755724083533,FALSE
CHAF1B,grey,-0.0925301559402112,0.575306042385263,0.24612458043998,-0.319902547352072,,FALSE
CHAT,grey,0.134178638606075,0.415430349325974,-0.0360165175579856,-0.00708598673572377,,FALSE
CHCHD2,turquoise,0.252571783856766,0.120838513080551,0.312738391868177,-0.115804834033505,0.615397068657796,FALSE
CHCHD3,blue,-0.154893776861583,0.34642893705373,0.0689890471461291,0.0456199898560842,0.629427241967965,FALSE
CHCHD7,blue,-0.301056071962859,0.0625476309838563,-0.359603825834768,0.334524246256137,0.465510548810474,FALSE
CHD1L,blue,-0.0703068435785983,0.670612257197552,0.158830239315113,0.154053906593017,0.56774535552868,FALSE
CHD2,yellow,-0.22712089432217,0.164385934130255,-0.539054266606334,0.218700524744964,0.604277841931671,FALSE
CHD3,midnightblue,0.138413770215395,0.400725650074457,0.209050789163697,-0.486198085928548,0.736160041446086,FALSE
CHD4,turquoise,0.0717655538040311,0.664176106298675,0.483433578408967,-0.492175882008483,0.417937775129926,FALSE
CHD7,yellow,-0.177342639557998,0.280115135199078,-0.320392848995337,0.161342063342509,0.686232491078365,FALSE
CHD8,cyan,0.0235494300795343,0.88684235770759,0.230567035480085,0.0109398761413101,0.710647325967298,FALSE
CHD9,yellow,-0.172918332815361,0.292480337033012,-0.371265385993026,0.454966970601357,0.78982683228943,FALSE
CHEK2,grey,-0.0735075700750933,0.656520979777024,0.256205735838803,-0.237335348193612,,FALSE
CHERP,turquoise,0.00140558589752485,0.993224220815993,0.36910352866691,-0.223509969937349,0.416922004521536,FALSE
CHFR,turquoise,0.2801456809031,0.0841018331531001,0.643392907202085,-0.548527953624724,0.666256074600065,FALSE
CHGA,red,-0.200999031944772,0.219834761172342,-0.388314126061587,0.252233612799596,0.47933899055112,FALSE
CHI3L1,brown,0.284765375959751,0.0789037599101308,0.461359444675503,-0.416834982334855,0.408682730093809,FALSE
CHIC2,pink,-0.0902655472735462,0.584732371568761,-0.0497507946905404,0.270427159416586,0.627860441141777,FALSE
CHKA,turquoise,-0.0138117789995723,0.933492077096897,0.223450927273194,-0.0225551347498387,0.524973228600581,FALSE
CHMP1A,green,0.221528180591246,0.175308776919792,0.789771427775437,-0.55187132532432,0.789771427775437,FALSE
CHMP1B,blue,0.0275910136131416,0.867581420819577,0.14790888532681,-0.0296075389290307,0.374108751778241,FALSE
CHMP2A,brown,0.0643542928677722,0.697112990719912,0.520046466405188,-0.10103286144455,0.817686463346537,FALSE
CHMP2B,red,-0.160950842372594,0.327660931829488,-0.0783808292697836,0.0424776516603811,0.649258059323764,FALSE
CHMP5,blue,-0.276984023929413,0.0878097912758829,-0.198286076828686,0.310330085606928,0.651040229126268,FALSE
CHMP6,green,0.283963206973631,0.0797879130873767,0.788237055388483,-0.583170042845405,0.788237055388483,FALSE
CHMP7,brown,0.0691250912971473,0.675843481645433,0.419816144034475,-0.206028071668819,0.566714170041313,FALSE
CHN1,red,-0.0855878184960786,0.60441783549202,0.0455080047195094,-0.318682528707106,0.509603695058567,FALSE
CHN2,blue,-0.251307761590712,0.12277254192138,-0.522734316447473,0.633278385565348,0.317624921454576,FALSE
CHP1,cyan,-0.0839779713639748,0.611257928127158,-0.101023610657034,0.393258732743115,0.6125477559974,FALSE
CHPF,green,0.278017704950529,0.0865838517716017,0.760087329618582,-0.54385768507651,0.760087329618582,FALSE
CHPT1,pink,-0.0565381706583797,0.732451170358208,0.018259969635566,0.296606083575131,0.771696804736058,FALSE
CHRD,turquoise,0.104357533340612,0.527230855051604,0.305854524030245,-0.351257791688972,0.598299025966792,FALSE
CHRM2,black,-0.211268416878776,0.196677727980818,-0.434851078080858,0.0794867590709046,0.743661951564481,FALSE
CHRM3,red,0.0687611005024642,0.677457789607677,-0.0761878004284014,-0.113096715360494,0.330058640570783,FALSE
CHRM4,grey,0.146079163897171,0.374886979959364,-0.0952514661331068,-0.0518186823716685,,FALSE
CHRNA10,turquoise,0.370087265787933,0.0203940985120879,0.334469122263049,-0.470796127888622,0.551427034447924,FALSE
CHRNA2,yellow,-0.114255570457362,0.488570545876532,-0.134900130774274,-0.0986589520917939,0.138266856424182,FALSE
CHRNA4,turquoise,0.12004158134857,0.466670287132246,0.250806013168028,-0.276305554079475,0.547442188359312,FALSE
CHRNB2,grey,0.102903878203403,0.533031889383613,0.197386816172905,-0.262999865406651,,FALSE
CHRND,grey,-0.0837660041215122,0.612161002041493,-0.223772362472078,0.283522787013328,,FALSE
CHRNE,lightcyan,0.301014904983271,0.0625852736669226,0.0537562400890396,-0.013643881198217,0.625675175097694,FALSE
CHRNG,turquoise,0.111154766423068,0.500521941662863,0.180151293360661,-0.115342562949514,0.654235926378157,FALSE
CHST10,black,0.035398656890386,0.830594607036925,-0.00576783435359319,-0.213255530725743,0.382818519776921,FALSE
CHST11,black,0.263841741777614,0.104592134205887,0.050140081090995,-0.380824941407202,0.398034776538112,FALSE
CHST12,turquoise,0.181327315267331,0.269274489552336,-0.0245143010381277,-0.109518227516194,0.337109693746366,FALSE
CHST15,yellow,-0.0813551530604319,0.622471804594297,-0.426230296976693,0.317826088571001,0.51620126852101,FALSE
CHST3,purple,-0.00338005871596535,0.983706958633625,-0.316759944831976,0.0486213881183842,0.513285878826387,FALSE
CHST4,tan,0.196792999360825,0.229839732135527,-0.286097958356495,0.104155531511408,0.470456330413801,FALSE
CHST7,grey,-0.294537796919977,0.06873520585128,-0.331600843497282,0.275456848271346,,FALSE
CHST8,turquoise,-0.0519900787589045,0.753272662120957,0.122056560100964,-0.159736830323131,0.37615257465434,FALSE
CHTOP,grey,0.33917878933632,0.0346588941710176,0.0357925938756133,0.0327548840988641,,FALSE
CIAO1,blue,-0.207601988680541,0.204739972588554,-0.26873271572344,0.414589139751411,0.776440397268728,FALSE
CIAO2B,turquoise,0.0818169569901717,0.62049116034867,0.409893922129987,-0.0441360640792175,0.537484583669757,FALSE
CIAO3,turquoise,0.201436300183274,0.218812097860747,0.649324605730259,-0.5434924169397,0.695866489379232,FALSE
CIAPIN1,blue,0.169579881015875,0.302039819579055,0.112459950795364,-0.00904789851666627,0.351054492291317,FALSE
CIB1,green,0.200257457739313,0.221576629501438,0.706051436659092,-0.339438652773056,0.706051436659092,FALSE
CIC,turquoise,0.265839158646424,0.101895120025725,0.48532367326137,-0.509725038358589,0.721018572982814,FALSE
CIDEA,turquoise,0.0756025749039979,0.647360322802218,0.27805941342329,-0.124373925512043,0.564961598452121,FALSE
CIDEB,darkgreen,-0.139716544060531,0.396263384489669,-0.142732102473343,0.552574534742592,0.664555634242544,FALSE
CIITA,black,-0.0738013328379465,0.655233440024682,-0.177096700704359,-0.258930756870238,0.718211698534354,FALSE
CILP,purple,-0.15153226165372,0.357122078937236,-0.426353335211846,0.109058733976469,0.726652204825899,FALSE
CINP,darkgreen,-0.181799641256186,0.268008049134878,0.164016310935769,0.0765356031842833,0.481323713285299,FALSE
CIRBP,grey,-0.185938871104464,0.257077573754371,-0.043324721334509,-0.032177450849132,,FALSE
CIRSR,blue,-0.0610454812387898,0.712000966828326,0.0314564309797316,0.132646329407944,0.251397588041732,FALSE
CISD1,blue,-0.16478183004418,0.316123816428958,-0.222691846561279,0.312359466237396,0.583601676870018,FALSE
CISH,black,0.118303028925462,0.473195311793189,-0.0146355508916929,-0.247308016863016,0.304136442201306,FALSE
CITED2,magenta,-0.0600975234488529,0.716286055596923,-0.252750183000929,0.578901731516465,0.578901731516465,FALSE
CIZ1,turquoise,0.293098214623722,0.0701646541023966,0.587642413180219,-0.455171500535752,0.809919524321127,FALSE
CKAP4,green,0.1258596501383,0.445186674353933,0.317296466557343,-0.267469632833167,0.317296466557343,FALSE
CKAP5,blue,-0.21878142010293,0.180859370769815,-0.376460046570738,0.37619337563736,0.773987160342796,FALSE
CKB,black,-0.14717030526321,0.371291048435211,-0.499615357925496,0.132306350356766,0.601371719430445,FALSE
CKS1B,blue,-0.237487575368954,0.145454475962429,-0.333832873060455,0.484188941446517,0.730439788814162,FALSE
CLASP1,grey,-0.118809842603614,0.471288216871273,-0.133509038682518,0.240699080204497,,FALSE
CLASP2,red,-0.208383759777338,0.203001882661175,-0.406840057688821,0.160658481573549,0.762606257622318,FALSE
CLASRP,turquoise,0.0482627364045267,0.770466682852811,-0.0820296329968856,-0.0037177184396995,0.194653397991268,FALSE
CLBA1,turquoise,0.00367371271098128,0.982291659701604,0.384633725798533,-0.449758124078765,0.407381064854501,FALSE
CLCC1,blue,-0.280373712775852,0.0838391721104462,-0.281551059810175,0.368672216392681,0.849605796837997,FALSE
CLCF1,turquoise,0.128816655483479,0.434478638934294,-0.0860969829602798,-0.293667620479166,0.258604567261053,FALSE
CLCN2,turquoise,0.38345757920045,0.0159657598179945,0.0595649017431122,-0.140710915186066,0.171881951872435,FALSE
CLCN3,blue,-0.312250453167466,0.0529589488891547,-0.347261760197188,0.341536581585371,0.858181856725629,FALSE
CLCN4,blue,-0.143274460414424,0.384224297124862,-0.387760802251583,0.285013855725285,0.495896342426658,FALSE
CLCN7,green,0.468936585436227,0.00260171478881239,0.654076154519624,-0.632894888056303,0.654076154519624,FALSE
CLDN1,pink,0.143659447288059,0.382934598538472,0.185585479007675,-0.137176911980949,0.581439278342214,FALSE
CLDN10,tan,0.0938375229238853,0.569895739971771,-0.273800908395648,0.00875037951334105,0.663214400079677,FALSE
CLDN11,midnightblue,0.20015259235731,0.221823708574175,0.276244290468471,-0.319958104963922,0.717747484036495,FALSE
CLDN14,grey,-0.0911069177957294,0.581222172208181,-0.0611915932142157,0.161757500902056,,FALSE
CLDN15,grey,-0.34134135299075,0.0334485211548808,-0.248165235594192,0.129608596644783,,FALSE
CLDN16,purple,0.162283914694772,0.323616994848197,-0.256254092104265,0.0398517689378244,0.522520471604081,FALSE
CLDN3,brown,0.179316847920669,0.274709121091218,0.599725520051387,-0.355238626985088,0.748259681975613,FALSE
CLDN4,grey,0.118846069113095,0.471152055569415,0.229804052398702,-0.311921617268046,,FALSE
CLDN5,turquoise,0.0919379000318408,0.577764621161155,0.41967500443579,-0.39523135125467,0.766491501643248,FALSE
CLDN7,turquoise,0.330733186562506,0.0397340824313345,0.517490487178165,-0.472729139456213,0.555030246341554,FALSE
CLDN9,turquoise,0.394482065993253,0.0129518614804719,0.478131190415079,-0.484753101390547,0.609613059747944,FALSE
CLEC10A,midnightblue,0.389711947133014,0.0141907644406601,0.442367381073058,-0.473675287506274,0.699908057420767,FALSE
CLEC11A,brown,0.286246099089241,0.0772917896603135,0.462740579225445,-0.460554299669191,0.585935073524284,FALSE
CLEC16A,turquoise,-0.045270810412641,0.78434739339141,0.391481030770625,-0.290695389254101,0.602750981823707,FALSE
CLEC1B,grey,-0.0303493098087111,0.854478690311064,0.123181085225991,0.101653172820399,,FALSE
CLEC2B,blue,-0.20445040392567,0.211851942330045,-0.344057935436641,0.411420022701186,0.678127651039322,FALSE
CLEC4A,lightgreen,-0.265226422505724,0.102716761740073,-0.232908104683393,0.261476597537722,0.568999939929019,FALSE
CLEC4M,grey,0.150852851482414,0.359307267899655,-0.134244659978084,0.104511442934573,,FALSE
CLIC1,salmon,0.117610505852408,0.47580778212342,0.328934305804975,-0.292870532353051,0.57679792067916,FALSE
CLIC4,blue,0.00639222640851341,0.969192567870414,-0.474996957385284,0.397024970381108,0.546340420719449,FALSE
CLIC5,salmon,-0.00246151954606434,0.98813426083954,-0.0145331975225369,-0.211294004821575,0.599586528023712,FALSE
CLINT1,red,-0.113376543143894,0.49194351676191,-0.263198094858551,0.305908789936782,0.400285379103931,FALSE
CLIP1,yellow,-0.224449985686414,0.169539358955562,-0.491688409447613,0.56584000817636,0.75813814731004,FALSE
CLIP3,black,0.111973611233137,0.497351507405566,-0.201234288308704,-0.146864819324162,0.608066352004822,FALSE
CLIP4,yellow,-0.232245583815788,0.154816535534046,-0.298242764188374,0.152115526343025,0.2189872444696,FALSE
CLK2,turquoise,0.260828858562567,0.108762635741918,0.455259826653824,-0.186265516980814,0.426253412232581,FALSE
CLK3,turquoise,0.329538971160862,0.0404981630242258,0.236551212886103,-0.0727192039799601,0.613850775527808,FALSE
CLK4,yellow,-0.251107181599238,0.123081560114961,-0.583534100761252,0.594814161192798,0.767625685506394,FALSE
CLMN,grey,-0.383382519511096,0.0159881482800947,-0.505331911026035,0.587233776282409,,FALSE
CLN3,turquoise,0.249574903411164,0.125461468685216,0.550814934830649,-0.287499426973742,0.772128351236977,FALSE
CLN5,blue,-0.216358653247028,0.185858115092287,-0.429235255357719,0.475153445490177,0.642234906808559,FALSE
CLN6,brown,0.192490816934967,0.240390105893574,0.548339670379897,-0.231294336966248,0.843669058251778,FALSE
CLN8,turquoise,0.0665738034768401,0.687188216638068,0.212768704684896,-0.0738428296811846,0.594961756969912,FALSE
CLNS1A,brown,0.240251558759099,0.140688749009884,0.391900815196989,-0.207978491848744,0.685636783250229,FALSE
CLOCK,blue,0.0181038961959376,0.912893784993534,-0.017886525400623,0.132919461385457,0.456789584649699,FALSE
CLP1,blue,-0.256753162977106,0.114603464392862,-0.318810986022096,0.377752719418733,0.658020977166522,FALSE
CLPB,brown,0.127707645054147,0.438477817255298,0.45917896481881,-0.322540129550013,0.406886566868574,FALSE
CLPP,brown,0.0337529894677307,0.838363443091741,0.382041610229903,-0.0476049110526691,0.804737829470922,FALSE
CLPTM1,brown,0.1513494701613,0.357709201115606,0.680043042700705,-0.357907061203284,0.847211961599333,FALSE
CLPX,blue,-0.0528290490689416,0.749418335582851,-0.226880858437571,0.535049902044298,0.400138009524643,FALSE
CLSTN1,salmon,0.0842882591856771,0.609936987008531,0.29845771545711,-0.357542268690631,0.741562035151935,FALSE
CLSTN2,black,0.0524440596677709,0.751186282758639,-0.419415418265709,0.0293789150598291,0.755203730626169,FALSE
CLSTN3,turquoise,0.259701938869111,0.110354533196969,0.533133294366073,-0.59804171684812,0.767542822014567,FALSE
CLTA,grey,0.115111569239133,0.485297463691153,0.26780199037605,-0.116724523475742,,FALSE
CLTB,turquoise,0.247964245293533,0.128000003637087,0.594395173624456,-0.530944147037721,0.50312624715428,FALSE
CLTC,pink,0.133023847182419,0.419492232319562,0.388589412025476,0.00160443873754553,0.604803391564655,FALSE
CLTCL1,grey,0.00046784216827308,0.997744693001818,-0.292538711162871,0.270390661935517,,FALSE
CLU,brown,0.196353225171067,0.230903470114885,0.500704990629082,-0.131806166162273,0.828359288076716,FALSE
CLUAP1,blue,-0.293811871923643,0.0694531256802277,-0.220534148543584,0.31140644520716,0.287842961536824,FALSE
CLUH,turquoise,0.10112018825307,0.540192001715711,0.648844604064802,-0.315453921999467,0.776417844928961,FALSE
CLUHP3,turquoise,0.247097002513926,0.129382611191622,0.309805626742619,-0.434988854340391,0.576558526479711,FALSE
CMAHP,yellow,-0.10372278110216,0.529760128001867,-0.478446150737484,0.199695898998772,0.673800230426022,FALSE
CMC2,blue,-0.391833423087348,0.0136279267089968,-0.436088952130351,0.534988502478153,0.681047750550155,FALSE
CMKLR1,lightgreen,0.0391171247150283,0.813099966095201,-0.0572005570130556,-0.0792871047912974,0.760728523000341,FALSE
CMPK1,blue,-0.0130454613466181,0.937174593379329,-0.0434168711422441,0.241838119952486,0.603419479398713,FALSE
CMTM6,brown,0.127193279544989,0.440339522623596,0.380016036444537,-0.282387513148829,0.489234442621255,FALSE
CMTR1,turquoise,-0.0588313310347861,0.722023041192245,0.505374326811459,-0.33524611799469,0.458683112425023,FALSE
CNBP,pink,0.13153870820184,0.424748845518941,0.160068447038644,0.251579250643611,0.656684336159605,FALSE
CNDP2,brown,0.0902831773683701,0.584658721933672,0.602187254340835,-0.226447243869389,0.567723860789414,FALSE
CNGA1,blue,-0.279661094436492,0.0846621293403177,-0.522144355026379,0.557187165368073,0.544558448518827,FALSE
CNIH1,pink,0.117129682340318,0.477626087857429,0.143844508657706,0.251278344252914,0.680104710299982,FALSE
CNIH4,blue,-0.233528917642774,0.152484998467946,-0.34113383146209,0.390802441371135,0.573794165256312,FALSE
CNKSR1,turquoise,0.216339514189883,0.185897989363948,0.0386990717961074,-0.10827903645022,0.403121736515526,FALSE
CNN2,midnightblue,0.0969430701671597,0.557138168738907,0.0490550819304761,-0.306358804749065,0.594455490886824,FALSE
CNN3,pink,0.0576426808764409,0.727422372937577,0.122366430681897,0.18022131650673,0.633081257935004,FALSE
CNNM1,blue,-0.276742007725582,0.0880987506579469,-0.430404092746517,0.304219920057096,0.408526186208918,FALSE
CNNM2,turquoise,0.00304125985322442,0.985339899222523,0.173294734745217,-0.195250764501422,0.397024702260419,FALSE
CNNM3,turquoise,0.0831427316005612,0.614819688922039,0.427508113799641,-0.205079757669294,0.713611002078316,FALSE
CNOT1,blue,-0.104046119228182,0.528470996434642,-0.174208966385203,0.42821951302235,0.524526179277695,FALSE
CNOT2,blue,-0.179477576075743,0.27427202411076,-0.408374152126989,0.602925324270476,0.713036125140429,FALSE
CNOT4,blue,-0.492126764622631,0.0014616349203728,-0.272540163403409,0.409494565121034,0.332867631093141,FALSE
CNOT6,blue,-0.161025369943041,0.327434022756219,-0.110104326142888,0.0276848874796884,0.477220141937615,FALSE
CNOT7,blue,-0.199738656202368,0.222800853560105,-0.15168004053561,0.355694216095493,0.614823012425378,FALSE
CNOT8,blue,-0.11842069854992,0.472752168921076,-0.227733891830655,0.302758523940001,0.546554391998187,FALSE
CNOT9,yellow,-0.156574410746085,0.341156878377383,-0.180012524232994,0.00564194019646752,0.628316680829526,FALSE
CNP,brown,0.152087606055941,0.355341897614255,0.660923368467577,-0.47563106128436,0.773247429723028,FALSE
CNPPD1,turquoise,0.247283260203276,0.129084735159118,0.495008696482758,-0.13979119155749,0.563615963294599,FALSE
CNPY3,darkred,-0.0311844679089824,0.850518852445944,-0.0122407016865871,0.331497093359916,0.811666960195808,FALSE
CNPY4,green,0.375723819155494,0.0184159448091968,0.621145545038113,-0.596970830889614,0.621145545038113,FALSE
CNR2,purple,0.0205793263329965,0.90103855553599,-0.32123051939048,0.125836602740888,0.715365059637878,FALSE
CNTFR,black,0.0441059799216299,0.789769595506078,-0.164790596829384,0.0944537793142618,0.25541867830006,FALSE
CNTLN,yellow,-0.364713583890521,0.0224424154070014,-0.571164524325228,0.402377568135751,0.644389220795077,FALSE
CNTN1,red,-0.0670934150293289,0.684872093622686,-0.171186219731622,-0.149749383707589,0.54693644428976,FALSE
CNTN2,lightcyan,0.054471270207121,0.741891202752883,0.0354039657245849,-0.336369235179117,0.347725624465658,FALSE
CNTNAP1,black,-0.141488194960319,0.390241509946913,-0.383749105560637,-0.0197034896796386,0.593073793585506,FALSE
CNTRL,yellow,-0.216596936753769,0.18536218321589,-0.542397211261556,0.233312656152254,0.706542280490987,FALSE
COA1,red,-0.227955936390795,0.162798209120297,-0.339623824841069,0.104956860252281,0.496949041290852,FALSE
COA3,turquoise,-0.0600536967403114,0.716484375609868,0.3954085980721,-0.168322933165131,0.390914640109519,FALSE
COA4,brown,0.136708855494786,0.406608829577016,0.4649582630334,-0.260563390347042,0.450674263385789,FALSE
COA7,red,0.0622008996630276,0.70678986558724,0.224156879085272,-0.190664609406156,0.583208705679157,FALSE
COASY,turquoise,0.0603697744638194,0.715054505385898,0.666137904652503,-0.444997049316363,0.836807467209103,FALSE
COBL,grey,-0.0243956779747156,0.882803718311065,0.0656579979666309,0.273197452316062,,FALSE
COBLL1,magenta,-0.291887572436184,0.0713847859467234,-0.672152090003106,0.764141480095853,0.764141480095853,FALSE
COG2,yellow,-0.142444353664437,0.387013794126176,-0.393395562961489,0.389594377846263,0.632795467656145,FALSE
COG4,turquoise,0.235675174999528,0.148643138213132,0.557694472990713,-0.390660817863556,0.730640826373222,FALSE
COG5,blue,-0.328567132817576,0.0411287378583424,-0.279512167510878,0.291239261110275,0.675659664303135,FALSE
COG7,brown,0.100894479148851,0.541101322726224,0.438021263688299,-0.2366041480102,0.673615542961052,FALSE
COIL,yellow,-0.404337330605694,0.010680343768838,-0.582283205327699,0.477678656370316,0.82520985742688,FALSE
COL11A2,turquoise,0.292498804069759,0.0707666963127436,0.10861274791265,-0.153222816787859,0.404696174396638,FALSE
COL13A1,turquoise,0.22993838977178,0.159073300282043,0.398652216093531,-0.171493193159084,0.53213508303748,FALSE
COL16A1,turquoise,0.161162363067698,0.327017184194962,0.352081450639109,-0.323476549805841,0.659799642573347,FALSE
COL17A1,turquoise,-0.0936946064562333,0.57048603961825,0.213396519771185,-0.249700187128738,0.442498952967131,FALSE
COL18A1,turquoise,0.174147932721435,0.289009096082708,0.437618027606119,-0.289405347100331,0.790891845981325,FALSE
COL1A1,midnightblue,0.326811132029736,0.0422883222751714,0.412436110794658,-0.669775566530533,0.781807668052299,FALSE
COL1A2,salmon,0.214586181775248,0.189576638906113,0.270368053455712,-0.481650570673776,0.874569153076319,FALSE
COL3A1,salmon,0.222837118397924,0.172707017440653,0.324922833945517,-0.389838220936281,0.809238201688105,FALSE
COL4A1,salmon,0.244102671233979,0.134241858457266,0.124194323854126,-0.293796098501865,0.82413625480536,FALSE
COL4A2,salmon,0.248450389790673,0.127229797912729,0.286221782166401,-0.381744341880068,0.859341574894413,FALSE
COL4A3,black,0.0251538292533895,0.879187987793338,-0.145358706806858,-0.342026747894789,0.618389925438516,FALSE
COL5A1,salmon,0.234604037011401,0.150551548998653,-0.0518698819497873,-0.222047495022315,0.504386499167764,FALSE
COL5A3,turquoise,0.327942622666909,0.0415381409841557,0.499060288495087,-0.666158092987466,0.428532604204651,FALSE
COL6A1,salmon,-0.00824163475429391,0.960285585248579,-0.0482607893216673,-0.26726383858966,0.702262616540418,FALSE
COL6A2,salmon,0.215967217894892,0.186674837087309,0.373604612350287,-0.336194336591801,0.800014215477288,FALSE
COL6A3,tan,0.0385845459345399,0.815600370780917,-0.119584716797411,-0.055570722510856,0.851624644548224,FALSE
COL8A2,black,-0.0580711853044332,0.725474420040213,-0.250784676751493,-0.0271272643923325,0.369362302047681,FALSE
COL9A2,purple,-0.0423538050635257,0.797944182885949,-0.285069689250768,-0.0907828787390778,0.604492443815017,FALSE
COL9A3,grey,-0.190111041847624,0.246364462563838,0.0896321231922899,-0.0771412949779438,,FALSE
COLEC10,blue,-0.115077584679593,0.485427193061307,-0.33182069777489,0.228780091210509,0.57240736872544,FALSE
COLEC11,salmon,0.1753217942698,0.285720144284198,0.0619661371679819,-0.22172553885683,0.589004188471082,FALSE
COLGALT1,turquoise,0.3229883269794,0.0449044960981815,0.673238220744478,-0.560642811728377,0.857661703584627,FALSE
COLQ,turquoise,0.27175376407317,0.0942197489355828,0.446725390085468,-0.328984089186785,0.579652277236525,FALSE
COMMD10,yellow,-0.277173388575332,0.0875842075764044,-0.549994862168015,0.416404326547959,0.804998476107343,FALSE
COMMD4,brown,0.0603570990687475,0.715111827839227,0.593583782252187,-0.252272695301456,0.798156409810057,FALSE
COMMD8,red,-0.388354317768852,0.014561167381796,-0.232660310490716,0.116230748510452,0.618537967663011,FALSE
COMMD9,grey,-0.102179516455031,0.53593407341823,0.191667538431184,0.0411279655342682,,FALSE
COMT,green,-0.0069463626658877,0.966523342938211,0.608918276681292,-0.372584437109898,0.608918276681292,FALSE
COPA,blue,-0.0276634776488991,0.867236732768159,0.083338495457465,0.168512389629441,0.412466128408736,FALSE
COPB1,blue,-0.100147011244257,0.544117892727186,0.0380855234025806,0.156001633747478,0.757037755881276,FALSE
COPB2,pink,0.0924396701481165,0.575681360935103,0.340387066119348,0.0272681702236613,0.61909168514571,FALSE
COPE,brown,0.0872959306424372,0.597196479487078,0.543937756171515,-0.242406990282624,0.83540866999949,FALSE
COPG1,green,0.224534786316769,0.169373974892718,0.781004071246716,-0.391542379685088,0.781004071246716,FALSE
COPS2,blue,-0.211539700109149,0.19609018158348,-0.392708937294955,0.512116024538591,0.743073710247097,FALSE
COPS3,darkgreen,-0.151646068140223,0.3567568291619,0.314308902299799,0.0169031472439075,0.6539380360206,FALSE
COPS4,blue,-0.101952564044879,0.536844934046223,-0.110448098176322,0.210696429207768,0.824946302681218,FALSE
COPS5,blue,-0.101781143591344,0.537533414708972,0.0371134729944256,0.466508641380678,0.533441555588117,FALSE
COPS6,brown,0.0871530919417053,0.597798912568225,0.42211755933804,-0.109183845335668,0.763291970010419,FALSE
COPS7A,brown,-0.00210436985739635,0.989855802125972,0.469245924892747,-0.134438728453951,0.647077473763885,FALSE
COPS7B,turquoise,0.269737561730007,0.0967845544650103,0.440502931870702,-0.47776549670314,0.706248784329714,FALSE
COPS8,red,-0.156935996935155,0.340029074762847,-0.257549377601584,0.112843045850662,0.748054317709316,FALSE
COPZ1,blue,0.0738694656702261,0.654934959192857,0.038728793748561,0.20984237514045,0.532287504551916,FALSE
COPZ2,green,0.282794626072743,0.0810897178023543,0.444367226612481,-0.44195075637821,0.444367226612481,FALSE
COQ10B,blue,-0.0546981065299206,0.740853337295257,-0.0852240754119563,0.12156112540813,0.778467665649274,FALSE
COQ2,brown,-0.217967302753061,0.182528293559805,0.370916183913679,-0.164674757411964,0.307619679363384,FALSE
COQ3,blue,-0.065639082205611,0.691361737464124,-0.130422492178595,0.141424532900306,0.436039039923461,FALSE
COQ4,brown,0.0803672138565434,0.626717800568678,0.535673820585221,-0.307489286001715,0.756381532876412,FALSE
COQ6,green,0.114861748651977,0.486251524615852,0.734057064944941,-0.328605755933734,0.734057064944941,FALSE
COQ7,grey,0.0246974053276232,0.881364453314876,0.294499781697394,-0.132744184636502,,FALSE
COQ8A,turquoise,0.0650105610514196,0.694173151211538,0.359872913242823,-0.00996674608281224,0.670651104936831,FALSE
COQ9,pink,-0.105451997446443,0.522883706312905,0.215274943615804,0.320112029375104,0.718589185912272,FALSE
CORO1A,greenyellow,0.376681687374017,0.0180963362091014,0.399358794764444,-0.338214856444666,0.792257965174194,FALSE
CORO1C,blue,0.0821253006661669,0.619170162640221,0.24763599412145,-0.0621174399044847,0.492870664645624,FALSE
CORO2A,turquoise,0.130827903933459,0.427277717085053,0.171088641779592,-0.0348325893606874,0.324672843633183,FALSE
CORO2B,yellow,-0.383338686778905,0.0160012347393199,-0.596808273316132,0.220028839169259,0.512813540042599,FALSE
COX10,purple,-0.172419576583071,0.293895978599907,-0.479507797808715,0.288868187443663,0.701707930030003,FALSE
COX11,blue,-0.227294714013444,0.164054520413346,-0.347581204380384,0.368779780500812,0.805903716146726,FALSE
COX15,blue,-0.167515744432709,0.308048942858878,-0.321937004119604,0.434773907932995,0.827941079478299,FALSE
COX17,grey,-0.133985602088186,0.416107784137623,0.125185417211364,0.178882530210138,,FALSE
COX4I1,brown,-0.116743513643563,0.479089076667893,0.185178934861014,0.149452947784517,0.142257415211121,FALSE
COX5A,brown,0.121986762392365,0.459426882816307,0.431458212242093,-0.179847305842679,0.646437816469121,FALSE
COX5B,brown,0.022594844201898,0.891401409001141,0.217435469260678,0.0726215094194915,0.733102766831648,FALSE
COX6A1,brown,0.0235116389856222,0.887022778695421,0.502524824113825,-0.178579110018127,0.681910301697308,FALSE
COX6A2,midnightblue,-0.141794092364284,0.389207186292475,0.0503781967164101,-0.270384934894188,0.378551024456539,FALSE
COX6B1,darkgreen,-0.122985897309955,0.455729943466708,-0.0273753540556978,0.173566683849779,0.488348205382629,FALSE
COX6C,blue,-0.386389149375034,0.0151117763676522,-0.296174652696291,0.476509010351553,0.718691817608075,FALSE
COX7A1,salmon,-0.0440705015261303,0.789934899550422,0.0672754797227021,-0.180972173681395,0.509781965604839,FALSE
COX7A2,blue,-0.249182180018543,0.12607693823484,-0.0552451766681742,0.146040966350936,0.419267265050771,FALSE
COX7A2L,blue,-0.148757132227964,0.366098322633985,-0.346089317359096,0.431820478653907,0.7845074331429,FALSE
COX7B,blue,-0.266178561591725,0.101442165159978,-0.325506177247147,0.436521353179188,0.612082481774834,FALSE
COX7C,blue,-0.310426071369003,0.0544358130505846,-0.425997789141607,0.59512257637074,0.729471276855854,FALSE
COX8A,brown,0.0899212555014662,0.586171477090598,0.284853682612526,-0.126428889035526,0.684126984180594,FALSE
COXFA4,blue,-0.138870079309534,0.39915941593478,-0.137420342225737,0.427104741311123,0.579453399931556,FALSE
COXFA4L2,turquoise,0.194820513486783,0.234637027635195,0.347622748246852,-0.281802204912422,0.533813677454179,FALSE
CP,blue,-0.146405950062289,0.373807875338669,-0.278737698259661,0.537687124716547,0.5882629603978,FALSE
CPA3,lightgreen,-0.237346468527068,0.145700915745806,-0.382786933799929,0.0536846025317746,0.742484905894552,FALSE
CPB2,blue,-0.221769549415381,0.174826915294967,-0.330805123210722,0.546788367195509,0.554312045973082,FALSE
CPD,blue,-0.293416576130917,0.0698465371482866,-0.512387023968396,0.514184514682249,0.805102645864417,FALSE
CPE,grey,-0.22172299226733,0.174919786759959,-0.237183474918297,0.194533264597528,,FALSE
CPED1,yellow,-0.389224634088965,0.0143227908773118,-0.451624933872203,0.408355089773454,0.477942013984787,FALSE
CPLANE2,grey,0.219772112260412,0.178843161739524,0.184541636546476,-0.298687397535299,,FALSE
CPM,grey,-0.0668127453315547,0.686122803071102,-0.0568803427395902,0.0321804537987764,,FALSE
CPN1,pink,-0.100403843693465,0.543080485790166,0.0997467007777401,0.244860744564648,0.673276019059429,FALSE
CPN2,pink,-0.0912240531945305,0.580734233721193,0.117086668378628,0.361529093968417,0.708109282417579,FALSE
CPNE3,blue,-0.365002227880059,0.0223281958397692,-0.327976449172554,0.608188510303781,0.878272243946629,FALSE
CPNE7,lightcyan,0.277099347777713,0.087672356453898,-0.0222076933175592,-0.214853814421287,0.649299577951579,FALSE
CPOX,blue,-0.00646840067449387,0.968825622960365,-0.124555451084894,0.269761103075791,0.363659411033556,FALSE
CPQ,pink,-0.0780775383218039,0.636603965985265,0.114700886136053,0.326022334575826,0.465909357120953,FALSE
CPS1,magenta,-0.293748048477322,0.0695165265348176,-0.710511731370659,0.700917703423451,0.700917703423451,FALSE
CPS1-IT1,grey,-0.312849890698042,0.052480762122648,-0.439620667874182,0.509777355606327,,FALSE
CPSF1,turquoise,0.0360281120843979,0.827627237266809,0.370934317392433,-0.15313145678655,0.567296087909249,FALSE
CPSF4,brown,0.411904384269724,0.00917528314081306,0.468361409161017,-0.415645024817694,0.5114998393176,FALSE
CPSF6,yellow,-0.397133372058687,0.0123038133676571,-0.62486809793242,0.465817952043497,0.655910409608541,FALSE
CPSF7,royalblue,-0.152076801849386,0.355376479690217,-0.446812594119424,0.421680481587971,0.813645213011576,FALSE
CPT1A,green,0.247469921525891,0.128786726296754,0.557521233497156,-0.249103003534918,0.557521233497156,FALSE
CPT2,brown,0.236599625043884,0.147010365512216,0.733008863186065,-0.330796788246422,0.824942281155422,FALSE
CPTP,turquoise,0.421615987952381,0.0075124903722811,0.661495899565274,-0.418636516680963,0.816441754961731,FALSE
CPVL,greenyellow,0.163250671439193,0.320703888183106,0.351772308336287,-0.17698929861642,0.770941499603722,FALSE
CR1,green,0.0757992632605473,0.646502877243285,0.234771537820583,-0.308586855951065,0.234771537820583,FALSE
CRADD,turquoise,-0.0779878651648278,0.636992429047584,0.210169071105746,0.153611396071339,0.319879241074647,FALSE
CRAT,green,0.290653467492233,0.0726456592960415,0.78669762672098,-0.468999443218489,0.78669762672098,FALSE
CRBN,cyan,-0.226318888393156,0.165921343141892,-0.0166981642116611,0.27599083077138,0.614031766194365,FALSE
CRCP,red,-0.00272918101207191,0.986844107081975,-0.0626050328348684,-0.0422909932802207,0.432626859825312,FALSE
CREB1,blue,0.0060325515447359,0.970925268526946,-0.120747413839408,-0.0187447705538219,0.438795055507631,FALSE
CREB3,brown,0.350525254730566,0.028688124677631,0.5773526921298,-0.453773168512401,0.567917546388165,FALSE
CREB3L1,black,-0.00585549845496463,0.971778254362523,-0.368139524903317,-0.0309304315337334,0.592698884070092,FALSE
CREB3L2,grey,0.15337676301135,0.351230190479509,0.294696713697715,-0.244228407080985,,FALSE
CREBBP,yellow,-0.145559501630808,0.376606791862544,-0.480635854645866,0.397097935459201,0.820055809776283,FALSE
CREBL2,blue,-0.32732663367251,0.0419451921757092,-0.383663328213369,0.498539147103211,0.739377849262471,FALSE
CREBZF,turquoise,0.350404366350715,0.0287469407060924,0.217033024501978,-0.150831084090714,0.311699881111994,FALSE
CREG1,blue,-0.184761459286136,0.260156108632746,-0.15540681300985,0.40263590330402,0.49923975121214,FALSE
CRELD1,turquoise,0.349645352262448,0.0291185034500525,0.646566705471622,-0.526291025918467,0.835824215817787,FALSE
CRELD2,green,0.389238386098406,0.0143190508922182,0.738494302035966,-0.59046031051396,0.738494302035966,FALSE
CREM,blue,0.00347140265196292,0.983266710644217,-0.131208499277249,0.301858652141607,0.489846297853514,FALSE
CRHBP,brown,0.121843220104122,0.459959328988288,0.222673145689493,-0.101435549134999,0.571395123168434,FALSE
CRIM1,tan,-0.2325425363162,0.154274743578178,-0.32002482843883,0.208782848696452,0.821340207210784,FALSE
CRIP1,salmon,-0.0393886253812317,0.811825998281085,-0.00164414689635847,-0.203096877016906,0.798041983661819,FALSE
CRIP2,salmon,0.282496130940417,0.0814248784320934,0.512454772018555,-0.478921338531854,0.805552391647966,FALSE
CRISPLD2,tan,-0.322461820840552,0.0452748492709485,-0.363565835757492,0.155637811342991,0.810222017762002,FALSE
CRK,turquoise,0.400682504825895,0.0114795688114566,0.560505976580008,-0.306605743355743,0.505901054743683,FALSE
CRKL,turquoise,0.133259207164851,0.418662561787392,0.343205852703137,0.0534312005259502,0.430474234104537,FALSE
CRLF1,grey,0.0256236884004502,0.876948370295848,-0.138750871044263,-0.0303276265006271,,FALSE
CRLF3,blue,0.0403800283121823,0.807178097771443,-0.158336093264913,-0.0477283286753804,0.558464596349714,FALSE
CRMP1,black,-0.0223863698575227,0.892397534619441,-0.542505445920071,0.232493545578493,0.460839631183405,FALSE
CRNN,grey,-0.0339423045034445,0.837468944345052,-0.172906295132934,-0.0236731460056974,,FALSE
CROCC,turquoise,0.249803457551207,0.125104317313047,0.196977136551098,-0.382987440493207,0.428386520477024,FALSE
CROCCP2,grey,-0.0467344346674963,0.777548560125971,0.186892149639214,0.0177056040597406,,FALSE
CROCCP3,turquoise,0.241049948936082,0.139333818858353,0.252957323070564,-0.291298658904469,0.446304447085767,FALSE
CROT,blue,-0.124267180127553,0.451012600563485,-0.332152163659802,0.37765243942308,0.475821291883987,FALSE
CRP,green,0.23395342105766,0.151719436631113,0.512061696073939,-0.363296656348043,0.512061696073939,FALSE
CRTAP,tan,-0.177046143837308,0.280932978828547,-0.451726918195825,0.227199380568195,0.783082757588887,FALSE
CRTC1,black,-0.0289500264567562,0.861121121520301,-0.153527911507048,-0.0371541844905117,0.403010965215765,FALSE
CRTC3,tan,0.0378694798883773,0.818960364342208,0.0843519002762725,-0.0945405874901656,0.48781358175136,FALSE
CRY2,grey,-0.0629760245269186,0.703301294893385,0.119163245964615,0.140403068760743,,FALSE
CRYAB,black,-0.251999887607132,0.121710697280301,-0.526479502851506,0.0846284060567417,0.797061105334082,FALSE
CRYBB1,lightcyan,0.0267408586649064,0.871627120162528,-0.166536903175216,-0.000821498346238583,0.4026738098464,FALSE
CRYBB2,turquoise,0.381727587610832,0.016488537853867,0.235142144301222,-0.484356524467115,0.475705586286039,FALSE
CRYBB2P1,grey,0.0893611441782497,0.588516045980138,-0.0915925871553763,0.0945494657241939,,FALSE
CRYBB3,turquoise,0.389812661408051,0.0141636069141108,0.106026415053718,-0.153854422253504,0.432036915586398,FALSE
CRYBG1,blue,-0.352931567173243,0.0275378892880341,-0.431330071601835,0.363094085948579,0.713337690932293,FALSE
CRYBG2,turquoise,0.100462076380524,0.542845401631781,0.0771532097799733,-0.130898166346556,0.36416315599507,FALSE
CRYBG3,blue,-0.189598672147526,0.247663688538365,-0.117022554342786,-0.0135669450450472,0.638932869080959,FALSE
CRYGC,grey,0.0304505219219382,0.853998611676846,0.0169476657763257,-0.100689122601834,,FALSE
CRYL1,brown,-0.1540226991323,0.349180923205172,0.158371674096793,0.305974454145218,0.639511811935956,FALSE
CRYM,turquoise,0.195282573960213,0.233507197566953,0.312296156363131,-0.120453896522086,0.287640775438727,FALSE
CRYZ,blue,0.0149677460226777,0.927939717673462,-0.183339546557028,0.442045309867386,0.678849170658551,FALSE
CS,blue,-0.0896518467443416,0.587298676223486,-0.0163605248588057,0.132746267991619,0.546098755856566,FALSE
CSAD,turquoise,0.105079527431849,0.524361152435979,0.3601475749349,-0.215627307623737,0.346101251533061,FALSE
CSDC2,purple,0.0416043673414307,0.801447157050956,-0.201759441452413,-0.0355898191972614,0.446228606189454,FALSE
CSE1L,blue,-0.12896688314298,0.433938464320522,-0.15490945887866,0.458707581849405,0.74590540796233,FALSE
CSF1,greenyellow,0.3537209575068,0.0271689663369516,0.220299155025021,-0.40338328630728,0.488128043787236,FALSE
CSF1R,greenyellow,0.114453123949365,0.487814149525504,0.382746255390817,-0.325073761815687,0.917864631932181,FALSE
CSF2RA,salmon,0.0849741149434283,0.607021521483444,0.148198384883683,-0.16435219557192,0.596602039459014,FALSE
CSF2RB,grey60,0.0188617783367965,0.909262073005173,-0.0651688547871449,-0.230415000949546,0.65396927787767,FALSE
CSF3,turquoise,0.235989601358791,0.148086312398522,0.000974842252278736,-0.273668120549077,0.366230840519468,FALSE
CSF3R,turquoise,0.0722977922670009,0.661833623336596,0.255497316416194,-0.274369832496381,0.431245382770568,FALSE
CSH2,red,-0.0154137710249512,0.925798247992427,0.0980299267310235,-0.254779667062872,0.242434677422056,FALSE
CSHL1,black,0.0818388870683596,0.620397169249759,-0.237194342268457,-0.111289894119618,0.311283873143279,FALSE
CSK,turquoise,0.228338612464663,0.162074317020517,0.663259084339742,-0.506439417166602,0.785097023941139,FALSE
CSNK1A1,blue,0.10341797909378,0.530976758591736,-0.0507048578247969,0.359724737536764,0.5534566308678,FALSE
CSNK1D,turquoise,0.344121806411052,0.0319434717084292,0.715019793540697,-0.596087723645547,0.850426748303212,FALSE
CSNK1G1,brown,-0.021850516575408,0.894958675542112,0.2132929961773,-0.0722865430579016,0.391628951834365,FALSE
CSNK1G2,turquoise,0.197448286556827,0.228260913157144,0.390744892379566,-0.407918077724903,0.653025970556661,FALSE
CSNK1G3,blue,-0.397969894232705,0.0121051482193934,-0.51678660345793,0.405310993790152,0.568689908829401,FALSE
CSNK2A2,brown,0.108412935688102,0.511212178608309,0.360011453546906,-0.0521936576166335,0.665370359306981,FALSE
CSNK2B,brown,0.117973467400697,0.474437603273224,0.344026371445473,-0.0443183570483103,0.649751067230546,FALSE
CSRNP2,blue,-0.158187972897038,0.336141834392161,-0.310079846284066,0.161668062277794,0.552852046916913,FALSE
CSRNP3,grey,0.152274524964633,0.354743930382823,0.0343944395707201,-0.189109891115578,,FALSE
CSRP1,brown,0.100137403131372,0.544156720489238,0.0365199783103763,0.201299558991271,0.548601813296169,FALSE
CSRP2,green,0.0759351389531195,0.645910801823732,0.358994762825691,-0.263760414268238,0.358994762825691,FALSE
CST2,brown,0.0244897974340849,0.882354720496029,0.24353974557714,-0.252658245950109,0.396434704789129,FALSE
CST3,brown,0.161537076334986,0.325878706709861,0.547095990048033,-0.360374184661157,0.79467648925422,FALSE
CST4,turquoise,0.248504928268493,0.127143607965678,0.435485750977967,-0.509945278022595,0.536684959358761,FALSE
CST5,grey,0.227766532609349,0.163157359899439,0.0073324333884118,-0.161849130550798,,FALSE
CST7,grey60,0.286450873733989,0.0770709039407073,0.0815234632186779,-0.170766229108621,0.735831655646538,FALSE
CSTA,darkturquoise,-0.0358411906456501,0.828508175661253,0.240231850727707,-0.0682116032098423,0.508875972452462,FALSE
CSTB,brown,0.212837004268452,0.193297521277442,0.598114996746588,-0.575781118744834,0.477198716612931,FALSE
CSTF1,turquoise,0.235028942995902,0.14979237693857,0.396914120000386,-0.0281451787729252,0.491673020945804,FALSE
CSTF2,blue,-0.114918800256291,0.486033559790159,-0.00109363325790069,-0.034686734248659,0.36092860179454,FALSE
CSTF2T,blue,-0.261988175817987,0.107143208629179,-0.137903917652477,0.235993327969095,0.249194215188972,FALSE
CSTF3,yellow,-0.167261441929962,0.308794479551996,-0.378876258499513,0.382764662261801,0.663499643366262,FALSE
CSTPP1,black,0.132108139792342,0.422729008577726,0.0867811626686602,-0.111881025414809,0.373781410444913,FALSE
CTBP1,turquoise,0.351991512275375,0.0279826188908502,0.509709872673643,-0.327675621099715,0.652859044833279,FALSE
CTBP2,salmon,0.0772680430275868,0.640114149153443,0.0107252174781046,-0.153987498473019,0.61560629139501,FALSE
CTBS,darkgreen,-0.180922749940991,0.270362370170365,-0.0868485729214067,0.38758837101051,0.588222256066214,FALSE
CTC-338M12.4,yellow,-0.221841410600289,0.174683637008109,-0.369308973287313,0.151724593898617,0.625952792156137,FALSE
CTC1,yellow,0.0778788965605161,0.637464608526276,-0.0575420741638622,-0.0805267804207675,0.346493083013239,FALSE
CTCF,brown,0.329427140878885,0.0405703213036762,0.356352521228968,-0.0784167539114847,0.357185383964511,FALSE
CTDNEP1,turquoise,0.116962687416113,0.478258455541437,0.354246580295097,-0.279228789849526,0.601189397301979,FALSE
CTDP1,turquoise,0.158913912868182,0.333900485981048,0.50417106756054,-0.268079230906484,0.81953179056921,FALSE
CTDSP1,turquoise,0.381485363363602,0.0165628718202887,0.552862629360529,-0.513220415728167,0.734383106942855,FALSE
CTDSP2,blue,-0.0537822775856744,0.745046369009634,-0.270132996129635,0.415956390235,0.246591479391073,FALSE
CTDSPL,brown,0.0396824291594689,0.810447915174434,0.247842490812898,-0.156940769476506,0.562467565006479,FALSE
CTF1,grey,0.0990098383357238,0.54872252128708,-0.00909243434478017,-0.00466421430880619,,FALSE
CTH,magenta,-0.259008689850419,0.111342551295555,-0.40444950881799,0.760421688811085,0.760421688811085,FALSE
CTIF,turquoise,0.0749699524693742,0.650121223974312,0.0949537384656543,-0.00315983060749645,0.592964367860451,FALSE
CTNNA1,brown,0.205113451128491,0.21034165898126,0.684646818314664,-0.271041378515884,0.83408636813725,FALSE
CTNNA3,blue,-0.354242141994797,0.026927638031852,-0.664538105314485,0.4772276892405,0.336969623462121,FALSE
CTNNAL1,blue,-0.117532416023114,0.476102842690794,-0.195917140001046,0.251545700265449,0.433211019716799,FALSE
CTNNB1,blue,0.0382453675169172,0.817193720473421,-0.121588202940264,0.255788021172901,0.580371858282661,FALSE
CTNNBIP1,magenta,-0.108524815709663,0.510773739165934,-0.322624382595439,0.284915231008352,0.284915231008352,FALSE
CTNNBL1,darkred,-0.0714297407510843,0.665655705499376,0.0585483810967579,0.218386710751085,0.826811800897688,FALSE
CTNS,green,0.299841377229797,0.0636659097905904,0.702123736065234,-0.35722772944743,0.702123736065234,FALSE
CTPS1,grey,-0.169044549203874,0.303591046541163,-0.0342853415207536,0.252559697912921,,FALSE
CTPS2,grey,0.0129263320486568,0.937747183279302,-0.0384502495457757,-0.0441343325117602,,FALSE
CTR9,blue,-0.00544144850818049,0.973773135363994,-0.00480242218373263,0.146683521528482,0.753942492465584,FALSE
CTRL,grey,-0.240437534579427,0.140372269286891,-0.132923399936811,0.128808441084229,,FALSE
CTSA,brown,0.187369675096473,0.253369258033794,0.716395955049649,-0.432149677495271,0.87727356586922,FALSE
CTSB,brown,-0.0356517162986758,0.829401356713365,0.209708478148861,0.0624061985638674,0.625201339340987,FALSE
CTSC,brown,0.0847949360516735,0.607782606954568,0.206348927063712,-0.109889294192064,0.525531433172626,FALSE
CTSD,brown,0.233795804349396,0.152003358974276,0.718916564236863,-0.427759408940334,0.895154059739094,FALSE
CTSE,black,-0.265301873599686,0.102615314553933,-0.239592249150165,0.0837662039085213,0.567541724638464,FALSE
CTSF,turquoise,0.0565467500957024,0.732412065684108,0.405220477957721,-0.171922654060571,0.371557323551977,FALSE
CTSH,brown,-0.0642200743066471,0.697714779529715,0.124717631526583,0.147356195754867,0.425124136145711,FALSE
CTSK,tan,0.146012405424141,0.375107654870391,-0.166981788861258,-0.104188926328881,0.644823052693616,FALSE
CTSL,grey,-0.108000429832736,0.512830348178944,0.0323150026261264,0.149013066159984,,FALSE
CTSO,blue,-0.173433851588301,0.29102173985125,-0.0293854124852083,0.335001937423655,0.334486223189413,FALSE
CTSS,greenyellow,0.114895195162128,0.48612373656389,0.246547609794453,-0.115882211510299,0.650160009947497,FALSE
CTSW,grey60,0.381381059639696,0.0165949674062427,0.112989179802115,-0.320171629750071,0.621357281595179,FALSE
CTSZ,turquoise,0.319680933879159,0.0472721224493614,0.448654540887302,-0.235926663310649,0.50681040051794,FALSE
CTTN,turquoise,0.296077744881396,0.0672315987093575,0.654334146929565,-0.485843405623711,0.747981711851994,FALSE
CUEDC1,turquoise,0.261270752790663,0.108143187533367,0.383251316629962,-0.402002657937199,0.305260595561139,FALSE
CUEDC2,brown,0.0345496507895801,0.834600645343412,0.349804079292872,-0.0622162865098711,0.477790708181018,FALSE
CUL1,pink,0.00246008011108476,0.988141199136557,0.324698564600558,0.0991977371000618,0.578718367947939,FALSE
CUL2,brown,0.0398114005198338,0.809843154167793,0.272535094680654,0.0421891508984066,0.435623107755195,FALSE
CUL3,pink,-0.0776146135901767,0.638610377426915,-0.00312704726066747,0.344693218468583,0.688982899682105,FALSE
CUL4A,turquoise,0.132854154143634,0.420090994023545,0.460036754009871,0.0814398365510629,0.560276537309403,FALSE
CUL4B,blue,-0.240257426821435,0.140678755151461,-0.494358130738685,0.40739598959392,0.683482956357234,FALSE
CUL5,blue,-0.254929866958794,0.11729172758293,-0.258375333340484,0.483562133184608,0.886834763634192,FALSE
CUL7,turquoise,0.307167371491414,0.0571555971807691,0.665310849872314,-0.65758374374037,0.635247359753878,FALSE
CUL9,turquoise,0.369688915834132,0.0205403737245685,0.50292299319621,-0.432624665021287,0.758888324108556,FALSE
CUTA,brown,0.217578136386475,0.183329931387383,0.47955097521175,-0.311320168924018,0.653006577049106,FALSE
CUTC,yellow,-0.224285730253807,0.169860031425255,-0.424184178948826,0.532633981264497,0.601206710846797,FALSE
CUX1,turquoise,0.240819434957916,0.139724026140635,0.375071246500105,-0.208974764808745,0.419022264514427,FALSE
CUX2,magenta,-0.15062322414686,0.360047636374802,-0.316081372859186,0.356403331063238,0.356403331063238,FALSE
CWC25,grey,0.195730904355135,0.232414480401292,-0.0761563238814687,-0.0992797546444355,,FALSE
CWF19L1,lightgreen,-0.280565518275184,0.0836187321967242,-0.380112050409501,0.203781670984569,0.781432680307383,FALSE
CX3CL1,turquoise,0.225984137033938,0.166565261192796,0.173295094978327,-0.231242569899577,0.381527039962704,FALSE
CX3CR1,tan,-0.142753704962956,0.38597286619872,-0.398340683212348,0.121297870390676,0.752709250650315,FALSE
CXADR,blue,-0.303723876483342,0.0601462385354864,-0.327455556287372,0.564250622490063,0.713230455378019,FALSE
CXCL10,grey,-0.0608748137062999,0.712771802691974,0.2294010748623,-0.0867359445223967,,FALSE
CXCL12,salmon,0.0720709543065355,0.662831594049698,0.00311407142926154,-0.133980047694694,0.739819867944912,FALSE
CXCL14,brown,0.270974840527877,0.0952043501615726,0.21749881638645,-0.0418515402222909,0.455199057360698,FALSE
CXCL2,grey,-0.132666885505161,0.420752329669713,-0.212088465266464,0.327552708307442,,FALSE
CXCL8,blue,0.0854202822489088,0.605128144353699,-0.108548352818421,-0.00733981655317809,0.305902832420834,FALSE
CXCL9,blue,-0.147879152301571,0.368966029186763,-0.196764664250875,0.206703166914112,0.240318122751237,FALSE
CXCR3,midnightblue,0.443459852896951,0.00468999115958929,0.0971429442758917,-0.274383718631186,0.444363611240534,FALSE
CXCR4,lightyellow,-0.194241703317057,0.236057563528586,-0.27369667744593,0.273105222256571,0.448956854878075,FALSE
CXCR6,midnightblue,0.340947201251923,0.033666504135296,0.350118073415946,-0.427942582153105,0.70707599051429,FALSE
CXXC1,turquoise,0.286196089404298,0.0773458090131339,0.548305464353939,-0.576948545248598,0.598131571731812,FALSE
CXXC4,turquoise,0.0661991469153472,0.688859965263834,-0.166279724526462,0.102677625517833,0.381970351590628,FALSE
CYB561,brown,0.291872844705064,0.0713997310807974,0.615317463850591,-0.437854435174919,0.420764459666323,FALSE
CYB561D2,turquoise,0.125006509159602,0.448302693280848,0.570264495377311,-0.312313717641404,0.65932847412457,FALSE
CYB5A,pink,0.0165834760263131,0.920184708373308,0.196239471753887,0.228392549582685,0.524552867542775,FALSE
CYB5B,brown,0.329638287418929,0.0404341668741829,0.369415390866277,-0.0990416944669123,0.437286692194089,FALSE
CYB5R1,brown,0.24753954017717,0.128675709924144,0.628882036438243,-0.253309545904044,0.68008559378965,FALSE
CYB5R2,red,-0.0482351616780563,0.770594298692783,0.327913460499895,-0.241330831700514,0.442560047015914,FALSE
CYB5R3,green,0.249547925020715,0.125503676827216,0.656925888980376,-0.518162915495959,0.656925888980376,FALSE
CYBA,turquoise,0.207716294670317,0.204485193790102,0.431287265198669,-0.399351067031303,0.657315990365063,FALSE
CYBB,lightyellow,-0.0524525390580217,0.751147330200158,-0.127736917388262,0.0207294556699448,0.740421430492289,FALSE
CYBC1,turquoise,0.524806380665298,0.000603723672832211,0.719942077326831,-0.685728586265282,0.702678463104092,FALSE
CYBRD1,black,-0.0654114152941948,0.692379636704692,-0.279929509609804,-0.0329880322388103,0.753136424690055,FALSE
CYC1,turquoise,0.252389884461916,0.121115413113978,0.458493183548111,-0.0945646742888627,0.753431498688199,FALSE
CYCS,pink,0.0418981215631878,0.800073649564569,0.37883772131722,-0.00404749922202685,0.589431377781194,FALSE
CYFIP1,pink,-0.00609344677609689,0.970631901868362,0.348511546076349,-0.0772203301300146,0.803000490685349,FALSE
CYFIP2,grey,-0.0983894964274257,0.551242152561817,-0.195507106487718,0.233788884722794,,FALSE
CYLD,grey,-0.0637566442038098,0.699794036628883,0.17279502937699,-0.226493866610718,,FALSE
CYP1A1,magenta,-0.0351386909242401,0.831820813932493,-0.365942697142981,0.483344335103373,0.483344335103373,FALSE
CYP1A2,magenta,-0.0131380095320937,0.936729785950032,-0.30176816312967,0.444129457748077,0.444129457748077,FALSE
CYP1B1,grey,0.127804227622826,0.438128728683641,0.29918297929513,-0.190961643813573,,FALSE
CYP26A1,magenta,-0.396166952587062,0.0125367676991731,-0.433521037740436,0.423314198489166,0.423314198489166,FALSE
CYP27A1,turquoise,0.0644702421158572,0.696593262126651,0.513994925604255,-0.187156572263428,0.839832652491897,FALSE
CYP2B6,blue,-0.225195095093373,0.16809016157574,0.00246934618472548,0.231993703868776,0.330006127266842,FALSE
CYP2B7P,blue,-0.209481720950034,0.20057825239959,-0.171367102840979,0.381094768861214,0.338127633705293,FALSE
CYP2C18,blue,-0.0853336185737363,0.60549571586466,-0.151973866614661,0.413777067385539,0.308714691656228,FALSE
CYP2C19,magenta,-0.469860787867453,0.00254453149322511,-0.602691161122628,0.646023541861169,0.646023541861169,FALSE
CYP2C8,magenta,-0.174354363820189,0.288428947823992,-0.191858040413508,0.536248747231354,0.536248747231354,FALSE
CYP2C9,grey,0.165687236289188,0.313434993629489,0.123090062631765,0.107145846036795,,FALSE
CYP2D6,turquoise,0.17998907551857,0.272884044595948,0.050257396834712,-0.117029964965256,0.450785752843771,FALSE
CYP2D7,grey,-0.0336197549208666,0.838993086064568,-0.230447529339219,0.07187389109808,,FALSE
CYP2E1,magenta,0.0934659209022432,0.571431179007517,-0.0882394004767427,0.238325429680413,0.238325429680413,FALSE
CYP2J2,magenta,-0.17402109844103,0.289365921236968,-0.0988567265278169,0.574079454539282,0.574079454539282,FALSE
CYP2W1,turquoise,0.270196873557802,0.0961956091157643,0.354811828402474,-0.301674331631539,0.649589957526494,FALSE
CYP39A1,blue,-0.225265687567371,0.167953326899927,-0.466968805885577,0.684172058891262,0.468258491208659,FALSE
CYP3A4,magenta,-0.162230324138423,0.32377896013307,-0.440914173272899,0.752319714852526,0.752319714852526,FALSE
CYP3A43,magenta,-0.178885167989745,0.275885322123687,-0.366540273598004,0.616807176846507,0.616807176846507,FALSE
CYP3A5,yellow,-0.448728069603658,0.00416699421276525,-0.253370938782532,0.217744985765413,0.318489139934526,FALSE
CYP46A1,grey,-0.197478694881038,0.228187829000246,-0.124063392154988,-0.00765845833246182,,FALSE
CYP4A11,magenta,-0.102085972113932,0.536309417919376,-0.201947835666085,0.430989620984405,0.430989620984405,FALSE
CYP4F11,brown,-0.0102491368590949,0.950622614722787,0.307394979630943,0.190757600217968,0.573561043998433,FALSE
CYP4F12,turquoise,0.0189329441890374,0.908921144014954,0.248424058561428,0.049863422627031,0.591261003410701,FALSE
CYP4F2,brown,0.217976307786876,0.182509773771733,0.60098525003403,-0.281044176144072,0.728178030894893,FALSE
CYP4F3,royalblue,-0.149580404606135,0.363421454656143,-0.4897074622958,0.58801921967741,0.644780964710395,FALSE
CYP7A1,turquoise,0.0672061486822532,0.68436996713086,0.233012030721574,-0.152591691021496,0.240885864732987,FALSE
CYREN,red,0.150205756707799,0.361395992578406,0.118178012315858,-0.158685354382807,0.581590846072121,FALSE
CYRIA,lightgreen,-0.211491872087074,0.196193678088358,-0.5023417995665,0.26851407989288,0.789334341764169,FALSE
CYRIB,lightyellow,0.214298782338127,0.190184499869473,-0.00908445459904193,0.0187031523313645,0.597462914376142,FALSE
CYTH1,turquoise,-0.0632085680131817,0.702255859558595,0.0594318653632384,-0.0684194557000526,0.452661100772941,FALSE
CYTH2,greenyellow,0.392001318003971,0.013584202151425,0.658709019339321,-0.542549330389787,0.74755885388239,FALSE
CYTH4,greenyellow,0.239368567199401,0.142198537900181,0.385102728030384,-0.550059304244786,0.75858916611377,FALSE
CYTL1,purple,-0.254953263368547,0.117256934070674,-0.556162076131303,0.142270158052798,0.658724919566597,FALSE
CZIB,blue,-0.220481492847587,0.177409346392718,-0.0941816707907001,0.266154194320412,0.458836620509766,FALSE
DAAM1,blue,-0.276671979911756,0.0881824985218623,-0.1560995078731,0.398689716014323,0.517818807510337,FALSE
DAAM2,yellow,-0.262831330514481,0.105976973327931,-0.618322181237417,0.353802395141258,0.662660843628901,FALSE
DAB1,grey,-0.214715906208246,0.189302716775909,-0.157610380913952,0.330856132726776,,FALSE
DAB2,lightyellow,0.0505131102002289,0.76007231994077,-0.162817604750392,0.120791369904334,0.759379526870242,FALSE
DAD1,blue,-0.0465225080536635,0.778532004903526,-0.108370929070357,0.382277257389802,0.471835662613971,FALSE
DAG1,brown,-0.0394783025813417,0.811405308975824,0.447600152002246,-0.190344550166903,0.639934375519933,FALSE
DAGLA,turquoise,0.203400840351384,0.214257959552954,0.373969999896682,-0.364845866939458,0.496337311579312,FALSE
DALRD3,brown,0.0176656927949712,0.914994422247064,0.170505322578306,-0.177602494362804,0.496944693922075,FALSE
DAO,brown,-0.00287300314897189,0.986150884102757,0.617147458265814,-0.314523875146616,0.555291540302933,FALSE
DAP,brown,0.182354205716249,0.266526120032647,0.51942886115308,-0.286345237669251,0.717790347816819,FALSE
DAP3,brown,-0.126075142889879,0.444401484175938,0.20000659834981,0.249337382898217,0.293003162709908,FALSE
DAPK1,magenta,-0.503072550223705,0.00109759722463401,-0.778024193863755,0.633823812947275,0.633823812947275,FALSE
DAPK2,grey,0.0605219280582059,0.714366535353803,-0.0313687739110563,-0.0154394500661626,,FALSE
DAPK3,turquoise,0.399989701928008,0.0116366672139362,0.690003982510141,-0.527989031143663,0.816631032067155,FALSE
DAPP1,greenyellow,0.188621023036736,0.250155470536809,0.266234194960468,-0.0934189063366007,0.58141955388969,FALSE
DARS1,blue,-0.438905166498075,0.00518713969154781,-0.471760626218311,0.478810392993986,0.800509523588122,FALSE
DARS2,blue,-0.27510900183277,0.0900677596957947,-0.302744032868804,0.366171840306356,0.766575985319473,FALSE
DAXX,green,0.15585082270502,0.343420667557067,0.349028570522512,-0.555008296442291,0.349028570522512,FALSE
DAZAP1,turquoise,0.145719031287201,0.3760783359432,0.141941748339609,-0.096558294645691,0.515641403084503,FALSE
DAZAP2,blue,-0.282167338972997,0.0817953036254035,-0.490609998179835,0.485730207578795,0.834335320486229,FALSE
DBH,salmon,-0.16279409755596,0.32207761840935,-0.0477526038198782,-0.0944325710699797,0.390109376190682,FALSE
DBI,blue,-0.111476491114679,0.499275051804963,0.156502918481901,-0.0720465829714267,0.17348929129892,FALSE
DBN1,black,0.122388465680218,0.457938592135687,-0.253263711820988,0.114578333135632,0.41321968414857,FALSE
DBNDD1,turquoise,0.128176617272172,0.436784196836705,0.256499782338292,-0.467499087274368,0.464804660445556,FALSE
DBP,grey,-0.0430572323945214,0.794659811340762,0.00812280086800109,-0.00504431833594467,,FALSE
DBT,cyan,-0.173307581718204,0.291378570496464,-0.058109535013494,0.450446262667649,0.65354518253001,FALSE
DCAF1,brown,0.219752662565116,0.17888258992169,0.42614620315288,-0.280272124526492,0.327705903794871,FALSE
DCAF10,cyan,0.0553584420925508,0.737834621182293,0.381380845387939,-0.0240784281121154,0.641899658031216,FALSE
DCAF11,turquoise,0.0452193846566492,0.78458656695668,0.135192787313592,0.134609560341084,0.475192848363221,FALSE
DCAF15,turquoise,0.332526405957967,0.0386088102986296,0.506949120369194,-0.564229671718066,0.514403489016899,FALSE
DCAF16,yellow,-0.377003322809698,0.0179900669574132,-0.526570275472818,0.360574985028459,0.756584981576394,FALSE
DCAF4,red,-0.128692002783893,0.434927136024226,-0.00431590501258765,0.0159286166288399,0.554516550555376,FALSE
DCAF6,magenta,-0.0346185681073432,0.834275303789189,-0.254148497479034,0.513470512956213,0.513470512956213,FALSE
DCAF7,brown,0.219014115774041,0.180384352299639,0.508520697131033,-0.29300715391875,0.710752836119205,FALSE
DCAF8,yellow,-0.0408407417436013,0.805020387848383,-0.0259893188855368,0.111110579959864,0.164804603825839,FALSE
DCAKD,brown,-0.0261844228683194,0.874276826190204,0.232659853613459,-0.114253701271649,0.601930184583105,FALSE
DCBLD2,yellow,-0.196920491970737,0.229531975332326,-0.434913167322425,0.283760510401014,0.776234218057991,FALSE
DCHS1,tan,0.0920820055292186,0.577165972686578,-0.0532682600329263,0.00929132085932412,0.48897388085019,FALSE
DCLK2,turquoise,0.216568149105616,0.185422048146722,0.237354381828495,-0.366081995748961,0.248972521083954,FALSE
DCLRE1A,yellow,-0.406226857868192,0.0102860870654855,-0.19541540054548,0.224974368218594,0.624225528637945,FALSE
DCLRE1C,blue,-0.182230938776355,0.266855050644026,-0.146104674319029,0.280190205434989,0.246078518141682,FALSE
DCN,tan,0.0940180698798386,0.569150411599023,-0.128101921971344,-0.0883321467516546,0.81428924713247,FALSE
DCP1A,blue,-0.224216045052971,0.16999620800665,0.0546845999645935,-0.143324146339564,0.282577131614985,FALSE
DCP2,blue,-0.0859225548298018,0.602999718790236,-0.113078913171376,0.219695403538998,0.71804705756436,FALSE
DCPS,turquoise,-0.0989761112734557,0.548859369618906,0.0728381907209824,0.235995292697044,0.363308282676365,FALSE
DCT,yellow,-0.256015284354829,0.11568573531227,-0.666633936703557,0.452032358192232,0.656479978802923,FALSE
DCTD,brown,-0.00297216972710196,0.98567290681277,0.299426975572136,0.146665932022884,0.648110667259521,FALSE
DCTN1,turquoise,0.221791422810206,0.174783294777007,0.399699572264381,-0.542587743306507,0.388290394342059,FALSE
DCTN2,brown,0.209835881597465,0.199800818191611,0.719472564171252,-0.466518927329288,0.744950776534284,FALSE
DCTN3,brown,-0.0394801820544175,0.811396492641587,0.210844350054484,0.112414171966613,0.533095480167026,FALSE
DCTN5,green,0.118701636361073,0.471695045758682,0.325536396704623,-0.379172103610087,0.325536396704623,FALSE
DCTN6,blue,-0.458961746242026,0.00329429237504567,-0.433069993470894,0.583026439575126,0.85700828573172,FALSE
DCTPP1,blue,0.0063837686114035,0.969233310961889,-0.0280499052294251,-0.0282783061516012,0.426701590379338,FALSE
DCUN1D1,blue,-0.401564171102077,0.0112822561538122,-0.552181572287871,0.540691537072839,0.819550992915735,FALSE
DCUN1D2,turquoise,0.0709244509089165,0.667884375099592,0.395497457208003,-0.20824843499851,0.632120958370444,FALSE
DCUN1D4,yellow,-0.200318934699413,0.221431868203069,-0.632307129141635,0.443272374885108,0.489774257629004,FALSE
DCXR,brown,0.0454743712485668,0.783400853963787,0.294119556542747,0.0931945785418721,0.727088107177367,FALSE
DDA1,turquoise,0.235198566859666,0.149490096187987,0.508433043047689,-0.442411750277068,0.601057175194296,FALSE
DDAH1,blue,-0.0153498602815191,0.926105067037672,-0.031441893300155,0.192811819282121,0.706838706797121,FALSE
DDAH2,turquoise,0.196704035822058,0.230054649498582,0.492927794902659,-0.516612897420761,0.752089954955823,FALSE
DDB1,cyan,-0.0597887049759282,0.717683878652998,0.362847981731624,0.0031460495970842,0.700697515539174,FALSE
DDB2,brown,0.342020087283892,0.0330758648754417,0.231529147339918,-0.221780498811475,0.390374679937109,FALSE
DDC,turquoise,0.235890379865556,0.148261861079601,0.225209523213756,0.0455002075774468,0.38991916639817,FALSE
DDHD2,yellow,-0.224180597051174,0.17006550944922,-0.30891796699233,0.433533523241896,0.75302096465983,FALSE
DDIT3,purple,0.213979861107685,0.190860640115892,-0.0724053002721084,-0.0379585754724836,0.493647816541367,FALSE
DDIT4,brown,0.188831250239129,0.249618242757782,0.434788081657696,-0.139372639428686,0.436337932185546,FALSE
DDO,grey,0.274605677869806,0.0906814411975201,0.279091297169825,-0.269237137537069,,FALSE
DDR1,black,-0.0244397895872021,0.882593278922026,-0.139489813518458,-0.124405587225058,0.55358458871459,FALSE
DDR2,black,-0.215582826105928,0.18747933338186,-0.283047373424459,-0.0597879537756727,0.790261944639156,FALSE
DDRGK1,brown,0.019086856963231,0.908183860543785,0.509024952849942,-0.225295602834837,0.416113478416218,FALSE
DDX1,blue,-0.198439673413028,0.225886417094144,-0.226835057576455,0.412392737505944,0.75336102231791,FALSE
DDX10,blue,-0.0956283874731718,0.562522574886159,-0.127150697472809,0.010134450633132,0.429865512627073,FALSE
DDX17,yellow,-0.140812228156713,0.392532813463432,-0.50905073873497,0.355487797155466,0.800723963168257,FALSE
DDX18,blue,-0.244953477420449,0.13284760727036,0.0417535938690759,0.272505022421334,0.67081850525503,FALSE
DDX19A,turquoise,0.374721364551613,0.0187554882588981,0.515392643471227,-0.24231474538675,0.570084462636225,FALSE
DDX21,blue,-0.0929251573867011,0.573668948435589,-0.10407092718587,0.20800432254203,0.58062634851136,FALSE
DDX23,brown,0.130412178029638,0.428760659257185,0.684948282604257,-0.289720370293237,0.740848814972576,FALSE
DDX24,blue,0.0734646592232278,0.656709136766977,0.0224209646346252,0.204699045142775,0.565119320093252,FALSE
DDX27,blue,-0.00556506124997721,0.973177555635119,-0.282350968990859,0.0762596016274013,0.23508602964717,FALSE
DDX28,grey,0.199050271591812,0.224432398833276,0.137958224536606,0.0500693009507865,,FALSE
DDX31,turquoise,0.180033272211441,0.27276433124726,0.141942532512922,-0.0263151007440782,0.482365775976146,FALSE
DDX39A,turquoise,0.129277436355312,0.4328229867435,0.465280403720161,-0.329790484442247,0.717779548267571,FALSE
DDX3X,blue,0.0655635137016025,0.691699545213395,-0.134264455057826,0.300827494451085,0.691605142621717,FALSE
DDX41,brown,0.152514411588075,0.353977408673457,0.621112480436819,-0.173842867375623,0.860985074184779,FALSE
DDX42,grey,0.000626913337712814,0.996977868397925,0.024543322269631,0.0504822882329264,,FALSE
DDX46,blue,-0.160001368175721,0.330560291367326,-0.284800483792215,0.488479823638509,0.338698180437145,FALSE
DDX49,turquoise,0.237220766513723,0.145920709327468,0.615232770393756,-0.423802888220912,0.678818838432131,FALSE
DDX5,turquoise,0.297977158046805,0.0654128879272751,0.477085280645024,-0.178302562436093,0.353735311138652,FALSE
DDX50,grey,-0.153527447244605,0.350751484426323,0.240907998309631,-0.0601373607939452,,FALSE
DDX51,turquoise,0.259243626129577,0.11100697337173,0.230338767797959,-0.339296634111501,0.388364688336675,FALSE
DDX54,turquoise,0.13714031654471,0.40511532873991,0.514731301345813,-0.461641248010207,0.712462059253371,FALSE
DDX56,brown,0.164385216758008,0.317306213841058,0.55978615129366,-0.18799906331054,0.805235861285027,FALSE
DEAF1,turquoise,0.313266243845954,0.0521506675950435,0.493058785909757,-0.376378382053751,0.807144278582729,FALSE
DECR1,blue,-0.0308824856253997,0.85195026627868,0.0941808260220194,0.306527186448206,0.462553057355285,FALSE
DEDD,blue,0.00603092654366421,0.970933097125029,-0.269760503700617,0.186814961629695,0.416620274249575,FALSE
DEF6,midnightblue,0.38764288583514,0.0147585083685044,0.361001167001212,-0.514486911872572,0.744116727394597,FALSE
DEF8,turquoise,0.228750574440457,0.161297632330277,0.634751458915961,-0.541159411617037,0.620784816311557,FALSE
DEFB1,brown,0.0726925754400123,0.660098153459123,0.212792873467674,0.0390878462139363,0.283684609543511,FALSE
DEGS1,brown,0.129621660678275,0.431588427171844,0.353187368848998,-0.159284427345909,0.434242516727091,FALSE
DEK,blue,-0.157614138789274,0.337920106459805,-0.281803089331967,0.347004480707655,0.789126035134309,FALSE
DELE1,brown,-0.193372149687602,0.238202594757309,0.167158437854103,-0.175865026023874,0.359067372227912,FALSE
DENND1B,pink,0.0669098354502799,0.685690060377189,0.0870695075412594,0.229831757720881,0.608440646551384,FALSE
DENND1C,purple,-0.243935405792485,0.134517234460687,-0.486528086525527,0.194757673901116,0.716446867624706,FALSE
DENND2A,tan,0.200525713093818,0.220945438944144,0.0186288336332774,-0.292407865214866,0.172061826225379,FALSE
DENND2B,turquoise,0.259576799465423,0.110532388962743,0.427585849561855,-0.344623178278827,0.657514224295769,FALSE
DENND2D,grey,-0.0569628514356726,0.730516296536577,-0.0526638673558762,-0.184226001881106,,FALSE
DENND3,blue,-0.108134167480331,0.512305444676827,-0.204168600867141,-0.0486007649176587,0.129192314220697,FALSE
DENND4B,yellow,-0.037616812257699,0.820148379406158,-0.199339867732783,-0.0193952575529229,0.518368230414054,FALSE
DENND4C,blue,-0.205263612659104,0.210000662366093,-0.206561764556022,0.438459735232548,0.282753265716299,FALSE
DENND5A,grey,-0.0524617772350631,0.751104892624774,-0.00818747597271875,-0.0834985381443682,,FALSE
DENND6B,turquoise,0.483589321914652,0.00181575917383264,0.385150993352306,-0.493588918179788,0.46429991295968,FALSE
DENR,blue,0.0327904322339125,0.842914526270891,0.063658779363828,-0.0436610109851256,0.321216997309227,FALSE
DEPDC5,turquoise,-0.160658178066645,0.328552933357834,-0.0226642393319375,0.0996486521356724,0.395451392571934,FALSE
DEPP1,magenta,-0.220853423232007,0.176660881052197,-0.229115269429517,0.394082917174965,0.394082917174965,FALSE
DEPTOR,blue,-0.338260587792616,0.0351835368382585,-0.484570543986334,0.471401316375946,0.493833876159898,FALSE
DERA,magenta,-0.166923804584819,0.309786094124981,-0.06579035413403,0.561250696671415,0.561250696671415,FALSE
DERL1,brown,0.111894738031269,0.497656444640584,0.764759633520222,-0.396368924536259,0.856342139337744,FALSE
DERL2,brown,0.126916392227084,0.441343491105749,0.550988616430458,-0.0607713990296367,0.461351981497006,FALSE
DES,turquoise,0.260984185459288,0.108544592256687,0.241527969599227,-0.428198514649264,0.360043085674127,FALSE
DESI1,brown,0.141139918348203,0.391421077286442,0.600795835400809,-0.126780383192665,0.800563320435995,FALSE
DESI2,blue,-0.216500516767762,0.185562745913667,-0.420215734659905,0.341434671747828,0.562865718284314,FALSE
DET1,blue,-0.257970071736482,0.112835294243467,-0.584437871055503,0.500624138933239,0.643246653440489,FALSE
DEXI,brown,0.320368271888191,0.0467719790060636,0.661674324747447,-0.348453559891428,0.595140774990926,FALSE
DFFA,brown,0.0134922432374996,0.935027435025509,0.426812594182414,-0.0967917543451269,0.568180511712294,FALSE
DGAT1,brown,0.237929761902534,0.14468418954638,0.677635967162493,-0.361249869305624,0.731541262033048,FALSE
DGCR2,turquoise,0.16207093453693,0.324260978190055,0.452691109655959,-0.284116059732911,0.703514217737249,FALSE
DGCR5,grey,-0.0219052410380202,0.894697068312548,0.25829609026216,-0.124920741074358,,FALSE
DGKA,grey60,0.166073372424693,0.312292672320125,-0.0684773398069107,-0.0803184381558052,0.617281491983683,FALSE
DGKD,yellow,0.0482391702331405,0.770575746729018,0.0184046165067168,-0.102374991550558,0.240555379350165,FALSE
DGKG,yellow,0.038572291104789,0.815657927290526,-0.263956294540943,0.13050183626425,0.419212023426592,FALSE
DGKQ,turquoise,0.380427004278551,0.016890979407547,0.278019792626846,-0.291469500108108,0.50059421592431,FALSE
DGKZ,turquoise,0.282659876210901,0.0812408864150006,0.502944505180291,-0.564610772635939,0.804584814072703,FALSE
DGLUCY,turquoise,0.118953203676306,0.470749500371845,0.175057036827999,0.015708798857253,0.605589206066813,FALSE
DGUOK,blue,-0.142988857352864,0.385182705990009,-0.104016655841998,0.0776773712963321,0.477974293247292,FALSE
DHCR24,brown,-0.00772245102972462,0.962785605424245,0.433241064316131,-0.150986675260742,0.400384325945875,FALSE
DHCR7,turquoise,0.19114759504786,0.243750078742634,0.542920873287905,-0.341406762044516,0.537392050775428,FALSE
DHDDS,brown,0.171417421535746,0.296753736269662,0.554716958067651,-0.42855922326055,0.469638501181789,FALSE
DHFR,blue,-0.157591049784936,0.33799177870766,-0.196881408201497,0.418997808896555,0.643637888768107,FALSE
DHODH,green,0.380834394843296,0.0167640405998555,0.787001031780833,-0.551234246351663,0.787001031780833,FALSE
DHPS,brown,0.110955885001336,0.501293525944273,0.476187914981844,-0.109328855125515,0.819267999982697,FALSE
DHRS1,turquoise,0.124506663925895,0.45013383421644,0.312482619749391,0.0465961136309145,0.487087622740532,FALSE
DHRS12,brown,-0.0291457465625084,0.860191456021208,0.238274140079845,0.0594226102848527,0.597832169134525,FALSE
DHRS2,grey,0.180944423337393,0.270304017035334,0.234733372677151,-0.166016312182149,,FALSE
DHRS3,brown,0.222275230019687,0.173820463793736,0.586114293561879,-0.31550284006382,0.874628961344849,FALSE
DHRS7,brown,0.168227540838393,0.305968251052379,0.647994898037546,-0.322679461136411,0.627014840412927,FALSE
DHRS7B,brown,0.0942370023259141,0.568247220640056,0.590834009901795,-0.237391166769261,0.73669785821225,FALSE
DHRS9,red,0.0793990745046024,0.630890238350337,0.154394160858711,-0.315665955816824,0.326920449464079,FALSE
DHTKD1,turquoise,0.051041393390509,0.75763814109328,0.355397365994348,-0.0284779229474073,0.540678319409909,FALSE
DHX15,yellow,-0.0650824459143606,0.693851400531971,-0.279741998931351,0.259389950079906,0.714452678928256,FALSE
DHX16,turquoise,0.136699028474438,0.406642882420507,0.547402278289856,-0.273187695474864,0.839773422322898,FALSE
DHX29,blue,-0.155250187938106,0.345306760075085,-0.100836723100392,0.487676702915129,0.753255373778708,FALSE
DHX30,turquoise,0.216378462064911,0.185816851826822,0.669369049226003,-0.28476886481938,0.732834139990338,FALSE
DHX32,red,-0.15905301756447,0.333472056151607,-0.273286041796741,0.194512582523252,0.765452935665155,FALSE
DHX34,turquoise,0.246087178207488,0.131006506211017,0.202036589690456,-0.278121457836415,0.400589997437582,FALSE
DHX35,darkred,-0.295565535607419,0.0677288123006006,-0.221964617080926,0.363869113477102,0.441925927926453,FALSE
DHX38,turquoise,0.294981470437267,0.0682993115994587,0.529232251132318,-0.363704808591641,0.737260691290597,FALSE
DHX40,blue,-0.303029180404234,0.0607643865497188,-0.461278849211933,0.541318120566109,0.77488187985166,FALSE
DHX58,green,0.130718620589342,0.427667265522251,0.738787752160324,-0.527237545980763,0.738787752160324,FALSE
DHX9,brown,0.0286139662356025,0.862717828765559,0.51433045745621,-0.304528499650303,0.609555978259824,FALSE
DIABLO,green,0.210484063393041,0.198383434312128,0.544717092883574,-0.20068617981812,0.544717092883574,FALSE
DIAPH1,yellow,-0.16032078703451,0.329583127348621,-0.446859950033432,0.192690926893987,0.734717832518185,FALSE
DIAPH2,yellow,-0.357243370786063,0.025572226396858,-0.545150112322242,0.54977323489518,0.835100742576849,FALSE
DIAPH2-AS1,red,-0.193952917096156,0.236768488935733,-0.329901294937913,0.164812492466057,0.713770590473544,FALSE
DICER1,grey,-0.256881409650326,0.114416142509221,-0.277362589851094,0.409532566574401,,FALSE
DIDO1,yellow,0.0146544511162372,0.929444219476293,-0.234619694845486,-0.0619751033008323,0.518328066111795,FALSE
DIMT1,blue,-0.211761405881979,0.195610926706843,-0.277652097450235,0.41853887523527,0.741223876288954,FALSE
DIO1,blue,-0.265640108839353,0.102161481746688,0.00658048153497353,0.233725022633537,0.399090165733659,FALSE
DIP2A,turquoise,0.337066788894243,0.0358753481329908,0.321885689570575,-0.189164020845518,0.398438581396856,FALSE
DIP2C,turquoise,0.0334966249767487,0.839575064348508,0.256365597391491,-0.271124763960723,0.464206666762501,FALSE
DIPK1A,blue,-0.203716208825856,0.213533032863325,-0.356465107870963,0.457269075373402,0.830269091277255,FALSE
DIPK2B,black,-0.105347513223084,0.523297948346963,-0.291110225051962,-0.16628495880915,0.702376543796583,FALSE
DIS3,yellow,-0.329930693768696,0.0402462268669067,-0.593031360802455,0.400988465307587,0.851193657727527,FALSE
DIXDC1,grey,0.107513899491329,0.51474218288063,0.206085122258294,-0.0168363278688483,,FALSE
DKC1,red,0.382890779724139,0.0161354775555554,0.246350369442957,-0.151796041902984,0.333439006536251,FALSE
DKK3,salmon,0.13012675600286,0.42978045170488,0.0490705711017338,-0.341544118746658,0.850972695531173,FALSE
DLAT,red,-0.36283166573817,0.0231991064964236,-0.258730286721653,0.199080779250844,0.744452280279026,FALSE
DLC1,turquoise,0.204444268182723,0.211865953265603,0.360301534502472,-0.259712696679519,0.739583782024525,FALSE
DLD,blue,-0.109903756319611,0.505385412731102,0.119478791915051,0.28843124399288,0.776356577997911,FALSE
DLEC1,black,-0.126985520814653,0.441092719394061,-0.0956907725150701,0.0816903211036983,0.16349331674316,FALSE
DLEU1,blue,-0.366080319094614,0.0219058585275804,-0.564910240685123,0.610391933000974,0.768882339595123,FALSE
DLG1,yellow,-0.21357247532206,0.191726797812883,-0.531067903329728,0.394239640520387,0.872135955088464,FALSE
DLG4,turquoise,0.162484975411065,0.323009785790594,0.333713813347591,-0.192238251463185,0.664613812072078,FALSE
DLG5,turquoise,0.139072756146253,0.398464882973695,0.297470510255645,-0.139175104455565,0.263675512315539,FALSE
DLGAP2,grey,-0.0731489204832757,0.658094240143251,0.105528437283725,-0.247403196738159,,FALSE
DLGAP4,black,0.144135587152582,0.381343061860379,-0.18189150883498,-0.205133042216395,0.432146936118856,FALSE
DLK1,grey,-0.0739732410605652,0.654480434667586,0.226271988227954,-0.362142585595007,,FALSE
DLK2,purple,-0.0582554956301163,0.724637080124274,-0.260695429683666,-0.0382572436689348,0.538332941708973,FALSE
DLX4,grey,-0.184237927652687,0.261532790963334,-0.194553985875732,-0.00279939615588821,,FALSE
DMAC2,brown,0.0479753128189855,0.771797171290123,0.294581324267435,-0.0598277228822991,0.490278944239904,FALSE
DMAC2L,brown,0.0510042857381,0.757809047691357,0.176125460763681,0.158199769271841,0.510698277227846,FALSE
DMD,yellow,-0.250877719919606,0.123435787830059,-0.652860039741282,0.615121937594895,0.855364873197609,FALSE
DMPK,turquoise,0.214412105505935,0.189944652843568,0.307100486502314,-0.344636442060098,0.693012901739907,FALSE
DMTF1,blue,-0.148464489463593,0.367052683614049,-0.319902749014972,0.332419676339387,0.572647822784081,FALSE
DMTN,turquoise,0.446460950358277,0.00438549187378986,0.58425780241524,-0.580603993935777,0.437615757628988,FALSE
DMWD,purple,0.127011128773312,0.440999843522851,-0.0749533782252466,-0.275852965711401,0.538159909436546,FALSE
DMXL2,red,-0.197930860099853,0.227102968624667,-0.453391633097668,0.16268174912762,0.664133548210513,FALSE
DNAAF5,grey,-0.0104038575502463,0.949878148937995,0.259723414374866,-0.244344105861732,,FALSE
DNAAF8,grey,0.139945740909098,0.395481325390005,0.176066022419516,-0.127372120686276,,FALSE
DNAH6,blue,-0.208127224844762,0.203571090070903,-0.414165948113193,0.234237473853176,0.173313113263157,FALSE
DNAI2,red,-0.0428405484529323,0.795671160956277,-0.200887430777908,-0.0171357407572595,0.394043844368855,FALSE
DNAJA1,brown,0.297285790509843,0.0660703244070327,0.559301743669517,-0.0808817581214701,0.536155983063472,FALSE
DNAJA2,turquoise,0.117629428985437,0.47573629598735,0.357389310774667,0.102055196363146,0.34312282580536,FALSE
DNAJA3,brown,0.372370798272118,0.0195722839411415,0.529500857733401,-0.172124375678216,0.621742429203021,FALSE
DNAJA4,black,-0.128832966736149,0.434419970438286,-0.227430900631376,-0.0189264792989205,0.487030670218004,FALSE
DNAJB1,green,0.475943740336108,0.00219489489509851,0.52345118801216,-0.273728809007927,0.52345118801216,FALSE
DNAJB12,green,0.306172292308652,0.0580073635949922,0.400011761950218,-0.372015128041621,0.400011761950218,FALSE
DNAJB2,turquoise,0.412899300520622,0.00899159758779286,0.711120605837084,-0.59269362391285,0.81021556336955,FALSE
DNAJB5,grey,0.274347307578098,0.0909977108872503,0.27700163624136,-0.42198865874341,,FALSE
DNAJB6,grey,0.0270775043432703,0.870024706878903,0.414179218504902,-0.215536403614487,,FALSE
DNAJB9,pink,0.0760517847486364,0.64540269177746,0.301311261191844,0.00337523488317104,0.666517113021269,FALSE
DNAJC1,brown,0.135981714184176,0.40913294171424,0.607947513004897,-0.367612506098726,0.775095797786938,FALSE
DNAJC11,green,0.0916609668133682,0.578915853432436,0.730907273697741,-0.547427285513029,0.730907273697741,FALSE
DNAJC12,yellow,-0.427790302950843,0.0065959179784113,-0.71242303714594,0.656621569687432,0.666765108935489,FALSE
DNAJC15,pink,-0.131173271798965,0.426047931961334,0.321096052664441,-0.0739891214217508,0.524249102333334,FALSE
DNAJC16,red,-0.216584152840651,0.185388766122709,-0.309748821343479,0.155733582579905,0.835104173112403,FALSE
DNAJC2,blue,0.122880659483193,0.456118580310376,0.0286759068549339,0.200654714893835,0.541189195879192,FALSE
DNAJC22,green,0.199378823031835,0.223652678490673,0.60654518824595,-0.5002757948573,0.60654518824595,FALSE
DNAJC24,blue,-0.273520244364727,0.0920158341531438,-0.372415052913908,0.397888009752365,0.847374948454393,FALSE
DNAJC4,lightcyan,0.156795210783281,0.340467920434444,0.383542309964615,-0.429599586933324,0.741159510428672,FALSE
DNAJC7,cyan,0.119675689224226,0.468039539491138,0.188371201946818,0.236595281063741,0.673644972105466,FALSE
DNAJC8,blue,-0.154686694356094,0.347081967478615,-0.167222807156045,0.329356062855161,0.518694921557307,FALSE
DNAJC9,red,-0.210959853111865,0.19734751796657,-0.129732015861073,-0.180086045595716,0.494118601610962,FALSE
DNAL4,midnightblue,0.0841467711235679,0.610539171830186,-0.0288479442805027,-0.0784228183719252,0.52324224712885,FALSE
DNALI1,midnightblue,0.12583990434316,0.445258659943218,0.0936278686210308,-0.319609746872923,0.367397832624275,FALSE
DNASE1,turquoise,0.305477580595502,0.0586079931573987,0.300765000369538,-0.207690704181163,0.641112480625873,FALSE
DNASE1L1,turquoise,-0.0203644111415414,0.902067017115274,0.361526771006868,-0.170628026754828,0.354900604702605,FALSE
DNASE1L3,grey,0.105637231662332,0.522149716898941,-0.0308116811963146,0.261419380553842,,FALSE
DNASE2,brown,0.188686403530665,0.249988310241001,0.430190100599929,-0.23468720128949,0.613813697493181,FALSE
DND1,purple,-0.335172576635868,0.0369958405263115,-0.438902693146033,0.205579718241344,0.681030832369537,FALSE
DNM1,turquoise,-0.228829162462679,0.161149774504731,-0.0964007831129836,0.161221107366281,0.305006440608731,FALSE
DNMBP,yellow,-0.297832358053392,0.0655501515271791,-0.434686578557836,0.513531241720162,0.775423875193066,FALSE
DNMT1,green,0.344892527897296,0.0315362794572942,0.751021106994053,-0.682733784802949,0.751021106994053,FALSE
DNPEP,turquoise,0.0954279814870872,0.563345467024076,0.509032351990672,-0.338349671511035,0.450197278763979,FALSE
DNPH1,brown,-0.0944059116171585,0.567550846281879,0.334471759594713,-0.0172250558812822,0.748701182135844,FALSE
DNTTIP2,blue,-0.141266015958187,0.390993761743197,-0.251847872546548,0.397790015633406,0.847812690476372,FALSE
DOC2A,grey,0.130654650007717,0.427895385291879,0.264014222526324,-0.345870161533901,,FALSE
DOC2B,brown,0.148447002403902,0.367109759109043,0.059655521597551,-0.0700822990801758,0.282284921103201,FALSE
DOCK1,yellow,-0.291133728860757,0.0721529199173422,-0.280388861525292,0.19416765295822,0.667880895581087,FALSE
DOCK2,lightyellow,0.0115975349677545,0.944136017273167,0.172920961186242,-0.225492321176997,0.695912158668324,FALSE
DOCK4,blue,-0.302769969950616,0.0609963232918188,-0.404806759091577,0.530138951881429,0.697823719900871,FALSE
DOCK6,turquoise,0.287684805615078,0.0757503112460851,0.645906678268878,-0.626232625067055,0.765736867803368,FALSE
DOCK9,brown,0.335441322065406,0.0368351510482967,0.665779616514832,-0.356073396022779,0.592436300568062,FALSE
DOHH,turquoise,0.219849940454194,0.178685451400818,0.583533193920602,-0.445763274451383,0.844860732321455,FALSE
DOK1,turquoise,0.368140622848845,0.0211172661435981,0.372443037654505,-0.490718772219786,0.522035472035121,FALSE
DOK2,greenyellow,0.175624578641465,0.28487574715538,0.450869658957379,-0.404243938889077,0.736052765293517,FALSE
DOK3,turquoise,0.272210151381808,0.0936464979786139,0.297985136466755,-0.327534206115797,0.343302933958763,FALSE
DOK4,turquoise,0.0680725263621316,0.680515515373932,0.054619559221552,0.115322974917102,0.418930706013096,FALSE
DOK5,blue,-0.117957285415745,0.474498645929352,-0.293597766474858,0.00274648236328961,0.253577313857978,FALSE
DOLK,brown,0.230751738793206,0.157563093173174,0.585709028419351,-0.37053593446657,0.697445177244974,FALSE
DOLPP1,red,0.176271796252892,0.283076235951885,0.332350348193059,-0.215624687792268,0.402751777354369,FALSE
DOP1A,blue,-0.0619011069972819,0.708140719095429,-0.165076154975753,0.307820926058608,0.623019926088442,FALSE
DPAGT1,red,0.00216562926268207,0.989560514676308,0.0649846179610444,-0.12010737395905,0.38336240639694,FALSE
DPEP1,turquoise,0.0837050015580473,0.61242100467281,0.197813403219691,-0.188288186556088,0.443739281155367,FALSE
DPEP2,grey,-0.0418814163159631,0.800151742484308,-0.274903027923765,0.201040400406831,,FALSE
DPF2,turquoise,0.237417186229031,0.145577370663714,0.33090193693937,-0.233729660226161,0.619409594452158,FALSE
DPF3,yellow,-0.0640359298320238,0.698540715181165,-0.211482447558496,0.0682735253184979,0.348116875757321,FALSE
DPH2,turquoise,0.0675956832431616,0.682635973502828,0.517009802360513,-0.476281713175955,0.260683255388154,FALSE
DPH5,red,-0.150838316702598,0.359354103981514,-0.248131712753471,-0.0298224914069811,0.704907470808001,FALSE
DPM1,blue,-0.21420894205773,0.190374797578147,-0.234012359837497,0.519847885972255,0.757384775845064,FALSE
DPM2,green,0.221698831605404,0.17496799597815,0.650018910469273,-0.5389073199523,0.650018910469273,FALSE
DPM3,brown,0.150435728914534,0.360652842324368,0.517598651136163,-0.2902929223718,0.791450778528165,FALSE
DPP3,brown,0.0236138549969185,0.886534795370933,0.605741219971035,-0.262910438579698,0.685167316018181,FALSE
DPP4,magenta,-0.242549112664064,0.136815681216054,-0.357204717733339,0.563639337530982,0.563639337530982,FALSE
DPP8,blue,-0.204046313328341,0.212776052517799,-0.130244878500188,0.342864169142209,0.562141804551794,FALSE
DPT,salmon,0.0669955900848456,0.685307923527858,-0.0129628028361431,-0.202770120594828,0.816347928984976,FALSE
DPYD,yellow,-0.189844698899576,0.247039260938092,-0.651252689616695,0.709339952700581,0.816878993348206,FALSE
DPYS,brown,0.148435431665911,0.367147527412452,0.471107449128818,-0.00271336525258819,0.522353918785362,FALSE
DPYSL2,salmon,0.232205827390421,0.154889176439228,0.23067976611777,-0.270472071866809,0.578079682295452,FALSE
DPYSL3,tan,0.11521548078157,0.484900913492007,-0.204384959346021,-0.0991526305855288,0.839449385156859,FALSE
DR1,green,0.275469603161372,0.0896300676688442,0.392018505545824,-0.387371775582977,0.392018505545824,FALSE
DRAM1,greenyellow,0.192505089627096,0.240354572633632,0.21854225903551,-0.295327092914047,0.415368484312666,FALSE
DRAP1,turquoise,0.240355983904535,0.140510981429276,0.633993546918354,-0.448015274106255,0.812142054653251,FALSE
DRC4,turquoise,0.0620356170389014,0.707534513147014,0.295644747156895,-0.393064415037443,0.332571087934516,FALSE
DRD2,turquoise,0.222395916890374,0.173580876453937,0.103500913495136,-0.23905665589049,0.506491992640664,FALSE
DRD4,turquoise,0.106427675720639,0.519023305284393,0.198087331891121,-0.0149869601871213,0.623501188275518,FALSE
DRD5,grey,-0.293049561393579,0.0702133701936703,-0.509724320362128,0.284185850337639,,FALSE
DRG1,blue,-0.135854584029317,0.409575162409594,-0.283295306853632,0.352283366847667,0.563649452884293,FALSE
DRG2,turquoise,0.0656002919478032,0.69153513105185,0.156862323652733,-0.0958041194969006,0.619596003233195,FALSE
DRICH1,yellow,0.265290838314334,0.10263014718934,-0.23486548937429,-0.0152743658383566,0.319329763610261,FALSE
DROSHA,blue,-0.263966261542614,0.10442242917585,-0.392263243719261,0.40366348396346,0.673415997434623,FALSE
DSCAM,yellow,-0.264597779853131,0.103564973846814,-0.440735146015735,0.157625611644337,0.430574885826546,FALSE
DSE,tan,-0.115205588858135,0.484938656083428,-0.318370935906416,0.25227785627506,0.582016688050324,FALSE
DSG2,blue,-0.0936307664349081,0.570749813533749,0.0610117106959361,0.105738270374904,0.662930893954592,FALSE
DSP,grey,0.0442003212738327,0.78933007617203,0.101681713822714,0.0855610541923339,,FALSE
DST,yellow,-0.0835564649088266,0.613054287161367,-0.274139046117932,0.232326882240208,0.536268422397284,FALSE
DSTN,blue,-0.0818973008910893,0.620146839849725,0.0253998113687244,0.289252947949485,0.585139703506461,FALSE
DSTNP2,brown,0.0973159340436758,0.555615463526783,0.267604795022386,-0.173124532426843,0.239836511545149,FALSE
DSTYK,grey,-0.0599938512693703,0.716755211653063,-0.0879098012997277,0.161145669508417,,FALSE
DTNA,red,0.128428891913959,0.435874642658174,-0.0595960906847257,-0.202723683748002,0.516717606581682,FALSE
DTNB,turquoise,0.2121916275599,0.194683278948732,0.438053858783267,-0.514132692249121,0.507540783128068,FALSE
DTX2,turquoise,0.310898806776582,0.054050002296208,0.337975686119222,-0.175973658212741,0.382818958918381,FALSE
DTX3,midnightblue,0.187280791832148,0.253598577081858,0.288287876517445,-0.442798836992249,0.6816048938845,FALSE
DTX4,blue,0.282668725062382,0.0812309526432005,0.157771893422766,-0.232015395446647,0.0806404987154084,FALSE
DTYMK,greenyellow,0.23146441125324,0.156248404186905,0.560255941855075,-0.491578296279704,0.634975014439152,FALSE
DUS1L,brown,0.049838471504555,0.763184175941596,0.485024859791536,-0.230352846599572,0.747411407993985,FALSE
DUS2,red,-0.145905277511301,0.375461934646901,0.175350983581804,-0.146709219006587,0.53863808132799,FALSE
DUSP1,brown,0.0198669019948663,0.904448414253929,-0.00480429687649613,0.236368921011547,0.260311928788569,FALSE
DUSP10,magenta,-0.0199747202829681,0.903932256270159,-0.0959834318774039,0.409709804266562,0.409709804266562,FALSE
DUSP11,blue,-0.169677831545152,0.30175653737255,-0.488219681414746,0.422597967665136,0.658471604134726,FALSE
DUSP12,grey,-0.148316668626944,0.367535318688245,0.0368715477506541,-0.157543850967379,,FALSE
DUSP14,blue,0.0713789497109213,0.665879600732667,0.0583978417992274,-0.0073299997070791,0.36761073548478,FALSE
DUSP22,turquoise,0.100838528301577,0.541326846916387,0.364802117422861,-0.463924423689894,0.274359476248391,FALSE
DUSP3,brown,0.210565456987564,0.198205949813439,0.680421365341329,-0.419302943419328,0.677410818195368,FALSE
DUSP5,greenyellow,0.156854936216835,0.340281707322107,0.0846211627030027,-0.043656584680128,0.50995842909724,FALSE
DUSP6,grey,0.167523218224054,0.308027049288499,0.105733738909183,0.056017085473727,,FALSE
DUSP8,turquoise,0.432592662811979,0.00595125517966513,0.524221618551761,-0.451802690838145,0.612473345110308,FALSE
DUSP9,turquoise,0.340335932460893,0.0340068647308088,0.386780396537699,-0.371242674676965,0.724479446496943,FALSE
DUT,grey,0.216653616581563,0.185244355570931,0.313686987475611,-0.223026302166778,,FALSE
DVL2,turquoise,0.242807874903033,0.136384468487025,0.304878186218744,-0.420092962404788,0.630544031989961,FALSE
DVL3,yellow,-0.249703243033258,0.125260824418702,-0.415522041527436,0.229684334831503,0.7819301097651,FALSE
DXO,turquoise,-0.0439167127541444,0.79065155036428,0.0849218471934458,2.71297462828696e-05,0.413051049859091,FALSE
DYNC1H1,green,0.341889631227026,0.0331472255648879,0.836417260606735,-0.575509542786327,0.836417260606735,TRUE
DYNC1I1,lightgreen,-0.18132198862242,0.269288794219448,-0.189444292501761,0.0880004243721283,0.4265377443363,FALSE
DYNC1I2,blue,-0.254680394266722,0.117663209270401,-0.284988123657122,0.421384679538933,0.778443572107184,FALSE
DYNC1LI2,turquoise,-0.00434362862204764,0.979063130374587,0.0416538751992371,0.0563466182146706,0.200848074090953,FALSE
DYNC2I1,turquoise,0.197507780934079,0.22811793777897,0.218101470925215,-0.294457985365722,0.690322069758056,FALSE
DYNLL1,blue,0.155384998625323,0.344882882149176,0.54087334353986,-0.254608153483407,0.255761318370476,FALSE
DYNLRB1,grey,-0.150718243578721,0.359741161746252,0.0789862459262864,-0.201017364956491,,FALSE
DYNLT1,blue,-0.0186064994675456,0.910485150025142,0.271916134324635,-0.0101028147793265,0.411848164299442,FALSE
DYNLT3,blue,-0.127592356116515,0.438894718852855,-0.273895917812538,0.490092774976453,0.808897527072422,FALSE
DYRK1A,yellow,-0.307294546079578,0.0570474609675601,-0.473754021537948,0.443116811906399,0.877589019403683,FALSE
DYRK1B,turquoise,0.136219467374759,0.408306651621981,0.40355724613161,-0.311130620335619,0.500320786523421,FALSE
DYRK2,lightcyan,0.162138115231486,0.32405775910094,-0.016567869448801,-0.246641928959726,0.458461490842431,FALSE
DYRK3,red,-0.067219462757361,0.684310673790926,-0.297523370033765,0.0540045380542429,0.677333875248619,FALSE
DYRK4,grey,0.0415704191057259,0.801605926937864,0.162188671520338,0.0691301126992903,,FALSE
DYSF,grey,-0.0875078288325975,0.596303270781814,0.00182169133570485,0.276158346801768,,FALSE
DZANK1,purple,-0.263612067588007,0.104905702359731,-0.239872825433652,-0.0126218439678956,0.508918944403001,FALSE
DZIP1,turquoise,0.128240320710643,0.436554420789963,0.0539305623283478,-0.341848618423972,0.08334244293296,FALSE
DZIP3,brown,-0.134886657174072,0.412951010327933,-0.0272534344363734,0.221119577644086,0.286694451765888,FALSE
E2F1,lightcyan,0.214362399026703,0.190049829652365,0.0803627039294993,-0.41190226340087,0.482341125121304,FALSE
E2F3,red,-0.176762637681552,0.281716444633902,0.00725599617784778,-0.0965229545134772,0.399052309649742,FALSE
E2F4,grey,0.267758970445925,0.099353226328325,0.293482560630839,-0.472423397019404,,FALSE
E2F6,yellow,-0.222606916674918,0.173162568621583,-0.288192884712331,0.194557302774571,0.592928257697262,FALSE
E4F1,turquoise,0.186645397883953,0.255241929865207,0.491594961245043,-0.474955286894723,0.775120505976032,FALSE
EAF2,red,-0.161114956259432,0.327161394804358,-0.177657473502039,0.034530831689064,0.717418579800905,FALSE
EAPP,blue,-0.214423837432708,0.18991983458,-0.262603794382981,0.460897966500714,0.823735784187763,FALSE
EBAG9,blue,-0.23234412724939,0.154636588967386,-0.470911940940721,0.545478073490987,0.849453630551535,FALSE
EBI3,greenyellow,0.040441631550066,0.806889502685143,0.347006378857366,-0.429607725905186,0.730876115771998,FALSE
EBLN2,royalblue,-0.0848162033636041,0.607692249962094,-0.365441021425019,0.249306804863911,0.572399881716826,FALSE
EBP,turquoise,0.00622766334262248,0.969985318511347,0.303138719866161,-0.019090009036582,0.445533042355314,FALSE
ECD,blue,-0.357193699437584,0.0255941894412572,-0.556039733920028,0.424211437588469,0.671869598713048,FALSE
ECE1,salmon,-0.0978517278942119,0.553430800737776,-0.180252532588183,0.155466776263691,0.402616728519609,FALSE
ECEL1,purple,0.288327537324546,0.0750694867363692,-0.152026018172243,-0.187183940332592,0.450385752752397,FALSE
ECH1,brown,0.153243230184572,0.351654740092746,0.599096582738012,-0.221257187881174,0.859677917644319,FALSE
ECHDC1,blue,-0.426781482105044,0.00673873529836879,-0.0893464681546661,0.327984808889544,0.515641399123896,FALSE
ECHDC2,turquoise,0.165017546478205,0.315422405905096,0.444683853616143,-0.125352405267964,0.682575153262019,FALSE
ECHDC3,turquoise,0.240621520078093,0.140059693402881,0.677457108546344,-0.367885520279335,0.543227254041911,FALSE
ECHS1,brown,0.1215345462918,0.461105423761842,0.650069213823504,-0.348160605887406,0.676882911729482,FALSE
ECI1,brown,0.202156519821913,0.21713483129856,0.626346717432394,-0.246520683912764,0.677027751477585,FALSE
ECI2,blue,-0.264905256494374,0.103149438823262,-0.208218272615791,0.491574225357883,0.728291904317133,FALSE
ECM1,salmon,0.108079051518005,0.512521735374518,0.231300349994991,-0.186213248714332,0.604006593568267,FALSE
ECM2,blue,-0.279795488366036,0.0845064490015667,-0.64946080309761,0.613056008348575,0.600693678767406,FALSE
ECPAS,darkturquoise,0.0438129818107512,0.791135029178957,0.107837964910016,0.00149615980843579,0.434590539509183,FALSE
ECSIT,turquoise,0.235606069978272,0.148765723272016,0.368909775954319,-0.184512127767643,0.798099549317652,FALSE
EDA,red,0.0260547599721505,0.87489446662536,-0.157001189223247,0.0158658206490693,0.289656549061849,FALSE
EDAR,red,0.159195752945553,0.333032797820973,0.0397881009837184,-0.235047871684484,0.565059327608177,FALSE
EDEM1,turquoise,0.161351377508374,0.326442599432348,0.375730734459299,-0.0980914140830175,0.279265841241605,FALSE
EDEM2,brown,0.00122254455643492,0.994106574904559,0.518263396736127,-0.272101896121695,0.607790844127776,FALSE
EDF1,green,0.148687695415983,0.366324634211728,0.770691829802094,-0.46373874662646,0.770691829802094,FALSE
EDN1,black,-0.109849901574063,0.505595314659999,-0.178906852503834,-0.0605604897430474,0.525642159074087,FALSE
EDN2,turquoise,0.316353697947861,0.0497544822730534,0.292041993318892,-0.277506460338251,0.542921778069887,FALSE
EDN3,grey,0.4168798925219,0.00828782538975747,0.0503203857322252,-0.221136930688972,,FALSE
EDNRA,blue,-0.0921059029550077,0.577066724193474,-0.250686173227602,0.0426797687685345,0.35152280908676,FALSE
EDNRB,tan,-0.0172072286723067,0.917192793592584,-0.377315897204118,0.204114085249326,0.686848802018814,FALSE
EEF1A1,blue,-0.0455344043268413,0.783121764204596,-0.379104096858101,0.396979687643182,0.490051575765395,FALSE
EEF1AKMT2,brown,-0.101085150125391,0.54033311279318,0.250827663513797,-0.199155114762397,0.539094693897641,FALSE
EEF1AKMT3,red,-0.102289639860081,0.535492368405567,-0.258146785702567,0.145733095342891,0.696520237872247,FALSE
EEF1B2,blue,-0.0792185061335777,0.631669697684759,0.0387853251812954,0.232101315960106,0.176984107525142,FALSE
EEF1D,brown,0.165480722812642,0.314047011091447,0.434479183009713,-0.226223323594076,0.722874833169286,FALSE
EEF1G,grey,-0.128900984858437,0.43417536939578,-0.228209316052631,0.201845092890074,,FALSE
EEF2,brown,0.285436390848609,0.0781700501349561,0.559614608971777,-0.307699671253018,0.766998190124132,FALSE
EEF2KMT,red,-0.00760963099677253,0.96332891381484,-0.19200517377096,0.0785863933309934,0.68829178287747,FALSE
EEIG1,turquoise,0.205045397456663,0.210496326134444,0.620554326847765,-0.44641146769874,0.63277672910632,FALSE
EFCAB14,blue,-0.278709554128204,0.0857707531714889,-0.259621281998202,0.352148608613098,0.811430228799381,FALSE
EFCC1,purple,0.139408270711176,0.397316676772637,-0.338696258705052,0.00991849638202128,0.514777831595364,FALSE
EFEMP1,salmon,-0.0443923114110471,0.78843582738266,-0.105598930891876,-0.0785004081757723,0.764465763092733,FALSE
EFEMP2,salmon,0.230973522766593,0.157153103157967,0.250885685345896,-0.391329619889175,0.841613088446697,FALSE
EFHD1,yellow,-0.180856263820494,0.270541428087736,-0.450536710403873,0.38682777688892,0.406454975869842,FALSE
EFHD2,turquoise,0.280397045370247,0.0838123321497531,0.370419328564943,-0.0698185458818578,0.611162242840229,FALSE
EFL1,grey,-0.308900149393971,0.0556962034836663,6.82923708639771e-05,-0.0210840433923086,,FALSE
EFNA1,darkred,-0.0135389213265438,0.934803133890673,0.155103393894218,0.181121095603122,0.645187092048583,FALSE
EFNA3,black,-0.0820898546404179,0.619321959681205,-0.437892649194158,-0.00233502712904072,0.613976674554891,FALSE
EFNA5,grey60,0.0171596611240035,0.91742091875454,-0.0471156615294777,-0.159846297890745,0.564586983494067,FALSE
EFNB1,grey,0.159894699666013,0.330887010889054,-0.0206547004664268,-0.125836808293581,,FALSE
EFNB2,lightgreen,0.0616516044408106,0.709265639342744,-0.238072074213824,0.132595866996124,0.631326742845933,FALSE
EFR3A,blue,-0.0955995538714385,0.562640934997507,-0.327966674598368,0.414898274925388,0.829504271119272,FALSE
EFR3B,purple,-0.129688725247066,0.431348128267872,-0.300093446723949,-0.00778483246866794,0.665411928969888,FALSE
EFS,black,-0.234415195714167,0.150889849503207,-0.519234017083413,0.221067774688067,0.647741763058783,FALSE
EGFL7,midnightblue,0.481581779065417,0.00190926145761922,0.41737703786529,-0.615690181844653,0.730236804308424,FALSE
EGFR,cyan,-0.101322253256738,0.539378558722192,0.115570434737804,0.184324046942794,0.672602570845291,FALSE
EGR1,grey,0.133132827516347,0.419107949165228,0.0585960260644055,-0.0723444935406682,,FALSE
EGR4,purple,-0.239256763893308,0.142390552962238,-0.543312844564314,0.286821183954242,0.724202804195896,FALSE
EHBP1,blue,-0.0239423347145815,0.884966900192144,-0.267518673615996,0.139717410724922,0.390900696381961,FALSE
EHD1,green,0.291708942323231,0.0715662188589278,0.767955804060152,-0.65318011109018,0.767955804060152,FALSE
EHD2,black,-0.0493571110933459,0.765406759672916,-0.235624418503526,-0.183523432919184,0.846050999324743,FALSE
EHD3,grey,-0.0324246647449462,0.844645245816016,-0.097677803773759,0.238700236616311,,FALSE
EHD4,green,0.447552578822301,0.00427907262440992,0.822695730829526,-0.583209239452021,0.822695730829526,TRUE
EHHADH,blue,-0.029712877471338,0.85749865197693,0.122964929980724,0.275799197115313,0.332642033006026,FALSE
EHMT1,turquoise,0.0359954548382872,0.827781132005409,0.170031361072342,0.00287660176098073,0.541405930729462,FALSE
EHMT2,turquoise,0.341436092859144,0.0333962988069333,0.191627002444217,-0.203365829379134,0.276211453022281,FALSE
EI24,pink,0.202401935305803,0.21656533209972,0.456880156029001,-0.136503182221981,0.626541345895597,FALSE
EID1,pink,0.223606738123288,0.171190239169009,0.466634614626625,-0.147961646990538,0.753486733435944,FALSE
EIF1,brown,0.24133792693756,0.138847468895132,0.363853045728599,-0.183353021230331,0.665249711509786,FALSE
EIF1AX,blue,-0.204175635931566,0.212480003010932,-0.0896064250803257,0.182432925703484,0.502508072950065,FALSE
EIF1B,blue,0.203181016227678,0.214764266989804,0.067598520250028,0.160023731567996,0.420342970149205,FALSE
EIF2AK1,blue,0.114339720413468,0.488248276929301,0.133291770996845,0.263011664257695,0.487377507801526,FALSE
EIF2AK2,blue,-0.283426750462067,0.0803834914598368,-0.0364901712389606,0.0983690130693695,0.297633991045816,FALSE
EIF2B1,green,0.14076110177134,0.392706432454276,0.668635669365012,-0.315733258824042,0.668635669365012,FALSE
EIF2B2,blue,0.0975899376355882,0.55449772833416,0.397963775178215,-0.130630940480344,0.27387769355844,FALSE
EIF2B3,red,-0.210022761746818,0.199391440572587,0.126787051760108,0.0343717850554798,0.419050674685739,FALSE
EIF2B4,cyan,0.152725711229056,0.353303064241855,0.560228692644713,-0.289488533270263,0.663005661324608,FALSE
EIF2B5,brown,0.236641882734084,0.146936045117703,0.595764681508288,-0.250733413612684,0.627100419115602,FALSE
EIF2D,grey,-0.0671836253107027,0.684470277701294,0.000101903459523048,0.180720002190067,,FALSE
EIF2S1,blue,-0.171386721998985,0.296841559765625,-0.175484798478767,0.328413596126592,0.864867769540576,FALSE
EIF2S2,turquoise,0.1424312554587,0.387057904125445,0.612305011169351,-0.177366128549247,0.379231422351779,FALSE
EIF2S3,turquoise,0.0264212731202312,0.873148795888417,-0.0222928868616937,0.0668859310673062,0.362700331634475,FALSE
EIF3A,turquoise,0.101697050971806,0.537871313597351,0.370132015664372,-0.132663796655498,0.606253617890983,FALSE
EIF3B,turquoise,0.0410328057738541,0.804121292594541,0.53407595056338,-0.285308830239708,0.76984192381398,FALSE
EIF3D,cyan,-0.0434625993346797,0.79276869311434,0.090294386778267,0.149904428387759,0.751187176677197,FALSE
EIF3E,blue,-0.299042970728151,0.0644095253896059,-0.401880034780882,0.693352813441634,0.552506357859782,FALSE
EIF3F,brown,0.0345845212558749,0.834436027129588,0.208910882400654,-0.0955318428252567,0.654563962745228,FALSE
EIF3G,brown,0.23473599909214,0.150315474248999,0.479023085429335,-0.221820628785465,0.847741017351843,FALSE
EIF3H,blue,-0.217319558125691,0.183863953717435,-0.146999877219106,0.44156884493148,0.533312931776841,FALSE
EIF3I,cyan,0.00444404835283574,0.978579204129566,0.239430788772092,0.0631664330805386,0.786251644568054,FALSE
EIF3J,blue,0.0775894771828017,0.63871939662531,0.144541533351137,0.0494993816141288,0.260009650667501,FALSE
EIF3K,cyan,-0.040248194458209,0.807795789475924,0.0815390744038293,0.183205089805965,0.697548429900258,FALSE
EIF3L,blue,-0.0674440587884466,0.683310731882345,-0.225468408307903,0.325110789964868,0.383131904111655,FALSE
EIF3M,blue,-0.152590627830111,0.353734081315317,-0.311681230857008,0.470036282291019,0.783854952510786,FALSE
EIF4A2,royalblue,-0.0315781790043258,0.848653348407073,-0.270447398400233,0.408068932616611,0.676145725648394,FALSE
EIF4A3,brown,0.276855569705966,0.0879630699967817,0.584760944000725,-0.211325990264416,0.727023226331886,FALSE
EIF4B,blue,-0.00873234728326839,0.95792300591093,-0.314495363034076,0.465584763404784,0.379900946881952,FALSE
EIF4E,blue,-0.295794238539523,0.0675064478771517,-0.39362247193739,0.402653648844252,0.637348699277683,FALSE
EIF4E2,brown,0.209468135982835,0.20060811547448,0.320672526513365,-0.0595206011106522,0.636225056344773,FALSE
EIF4EBP1,brown,0.0441229275463811,0.78969063485109,0.347171471088415,0.0138109917071882,0.422648328787118,FALSE
EIF4EBP2,magenta,-0.125647065566562,0.445962010455732,-0.461449447003392,0.606687170850345,0.606687170850345,FALSE
EIF4ENIF1,brown,0.0520612004819057,0.75294569043325,0.415500652100783,-0.355387592017137,0.472301383148224,FALSE
EIF4G1,turquoise,0.288265666118626,0.0751348157659692,0.76934146798682,-0.41902780482829,0.90323287001808,FALSE
EIF4G2,blue,0.105124498389943,0.524182661047325,-0.000686013604012065,0.308724576454913,0.651508694052335,FALSE
EIF4G3,green,0.0813961180849642,0.622296002303424,0.572955192975944,-0.393226225552133,0.572955192975944,FALSE
EIF4H,brown,0.130875131358807,0.427109432842623,0.46676239640121,-0.0712818635524781,0.824435201674119,FALSE
EIF5,darkgreen,-0.293945254620947,0.069320773112408,-0.171550505390579,0.343980547618058,0.475740191392409,FALSE
EIF5A,turquoise,-0.127332864928627,0.43983387511663,0.345794148775385,-0.220743965145639,0.367064712066589,FALSE
EIF5B,blue,-0.238410322740345,0.143850457851688,-0.355299477756249,0.305714689435555,0.854764655920241,FALSE
EIF6,brown,0.123924720130763,0.452270845602218,0.663311944654842,-0.296151052048011,0.86270275554192,FALSE
EIPR1,turquoise,-0.146413052870799,0.373784441114849,0.27315293566815,-0.179067262413771,0.460534587983177,FALSE
ELAC2,green,0.161431228487148,0.326200049641636,0.780652376245981,-0.462019405323569,0.780652376245981,FALSE
ELAVL1,pink,0.110368886101837,0.503574375839548,0.311347808587682,0.0661858050351036,0.668387794974542,FALSE
ELF1,blue,-0.208519243205944,0.202701716827901,-0.218386894896086,0.169219443354664,0.385990761293701,FALSE
ELF2,blue,-0.482557871438547,0.00186328317678221,-0.623500914364512,0.497352731697966,0.674850074744349,FALSE
ELF3,greenyellow,0.343188041660941,0.0324425815282548,0.414300246638617,-0.501749163956952,0.736610043411341,FALSE
ELF4,grey60,-0.0276154382282103,0.867465238101555,-0.298757022084649,-0.110220712238067,0.703049877025006,FALSE
ELK1,grey,0.043115666106572,0.794387134675085,0.0853098467168868,-0.130564413543295,,FALSE
ELK3,black,-0.0405799688844976,0.806241520296062,-0.325714169094254,0.025364553203465,0.689595839135162,FALSE
ELK4,grey,-0.0146070490499727,0.929671874414703,-0.00078684416389574,-0.0225103554620767,,FALSE
ELL,turquoise,0.0343784568020112,0.835408927033875,0.114279465034461,-0.108842505252358,0.565808765460269,FALSE
ELL2,yellow,-0.249722343010886,0.125230984305561,-0.57586655856244,0.531369281315218,0.555219266779451,FALSE
ELL3,blue,-0.0880759255714546,0.593911472402226,-0.176391243977753,0.151318809580071,0.319923683006652,FALSE
ELMO1,yellow,-0.193255586867849,0.238491133597471,-0.571467590292919,0.480846001334542,0.611065867364947,FALSE
ELMO2,blue,0.17397396578818,0.289498592846505,0.106877200031863,0.0513450500005234,0.420157390595747,FALSE
ELMO3,turquoise,0.0607355834422022,0.713400857641509,0.450686307438446,-0.444250986894993,0.523998763390098,FALSE
ELN,tan,-0.185422977031514,0.258423465563106,-0.541365630854207,0.347935607163743,0.415425661701095,FALSE
ELOA,blue,-0.328644239263948,0.0410784181102983,-0.289634194880388,0.602428447290174,0.779387573070015,FALSE
ELOB,brown,0.261847558647345,0.107338652210599,0.656983147174388,-0.367276943666691,0.691268718551937,FALSE
ELOC,pink,0.0251511449555963,0.879200785372131,0.354517357200458,0.133792828438442,0.726152999288394,FALSE
ELOVL1,brown,0.269533192942728,0.0970474901245524,0.710449175170557,-0.399131515088317,0.838497574153232,FALSE
ELOVL2,green,0.00948394173829485,0.954305081017068,0.460308767666298,-0.402943574222104,0.460308767666298,FALSE
ELOVL5,pink,0.0357796473948718,0.828798266960109,0.347531253287034,-0.230983940991737,0.510045824294015,FALSE
ELOVL6,darkturquoise,-0.124322300511899,0.450810258351019,0.0256831647216526,0.14944918526053,0.670153982783286,FALSE
ELP1,pink,0.0178201089697144,0.914254124124417,0.338738851257559,0.0164933585137293,0.451477497399589,FALSE
ELP3,darkgreen,-0.0271398260134488,0.869728115387693,-0.00389791253453725,0.340319049328615,0.595064265386081,FALSE
ELP4,blue,-0.310144750457277,0.0546664490401978,-0.421051248052062,0.338092208855633,0.274777801562096,FALSE
ELP5,brown,0.135770777204709,0.409866832424996,0.225964653602118,-0.126549852869924,0.588500958175795,FALSE
EMC1,green,0.0243174123800465,0.883177112608582,0.521247984654692,-0.45610257840394,0.521247984654692,FALSE
EMC10,brown,0.165805810294866,0.313083931448706,0.396747822758842,-0.366043701020343,0.503659868789171,FALSE
EMC2,blue,-0.242075446801683,0.137607629957935,-0.340445738990983,0.592674808867301,0.87082884689353,FALSE
EMC3,blue,-0.175915426263847,0.28406616440993,-0.0853615139332915,0.500654651233955,0.618452134324603,FALSE
EMC6,brown,0.186903516931804,0.254573489070111,0.67778569712795,-0.35924678694303,0.712829694629316,FALSE
EMC7,pink,-0.381590143347733,0.0165306823100309,0.110542817958878,0.221199176449682,0.674592570515092,FALSE
EMC8,green,0.296909970284874,0.0664298834923882,0.690160491478619,-0.439168744778788,0.690160491478619,FALSE
EMC9,green,0.261265781031134,0.108150142033132,0.697398297483743,-0.364884002512226,0.697398297483743,FALSE
EMCN,black,-0.396738464334104,0.0123985574657929,-0.523404628796873,0.183351147949509,0.59645413103141,FALSE
EMD,brown,-0.0546314277091396,0.741158372319284,0.430426333527825,-0.246491274036223,0.762459157893201,FALSE
EMG1,blue,-0.234373454178206,0.150964702439654,-0.394675676424926,0.602880794456877,0.557859296927962,FALSE
EMID1,lightcyan,0.272593999132621,0.0931664408952023,0.155971787152359,-0.430477021168298,0.802054816688504,FALSE
EMILIN1,brown,0.301610990061114,0.0620419689387726,0.561276057873219,-0.431310807579129,0.760276637332147,FALSE
EML2,turquoise,0.306591240649212,0.0576475286572714,0.535185987282269,-0.540343299574678,0.729905418201938,FALSE
EML3,turquoise,0.286841646040633,0.0766507555820518,0.429101231578627,-0.203315642795465,0.797610130751133,FALSE
EML4,blue,-0.0862204703617853,0.601738802924409,-0.417989384204568,0.305873567054894,0.369820445947811,FALSE
EMP2,darkred,-0.192605626465503,0.24010437688775,-0.233698406281883,0.360773327580466,0.405166422159202,FALSE
EMP3,salmon,0.297422884938919,0.0659395451682646,0.432583013576383,-0.438702464286157,0.828666622116234,FALSE
EMX1,black,0.236773550649643,0.14670465179478,-0.136889221903924,-0.138491630906441,0.264597858215851,FALSE
EN2,purple,0.0416505416346731,0.80123122067806,-0.195948080302175,-0.0914516237127494,0.570442894314616,FALSE
ENAH,blue,-0.16312545875913,0.321080259676719,-0.417846069210635,0.393271319587703,0.478202750748371,FALSE
ENC1,yellow,-0.142150238164202,0.388004976324468,-0.412276751190642,0.150516329870848,0.64896312605437,FALSE
ENDOD1,tan,-0.236708393646328,0.146819125354997,-0.422580829638414,0.151128167654682,0.754078995310522,FALSE
ENDOG,turquoise,0.0857877780743883,0.603570530392282,0.353007168412509,-0.0727007422488543,0.742491796628779,FALSE
ENG,greenyellow,0.309866957759753,0.0548949584363129,0.581759625270277,-0.542609100809457,0.833510578512451,FALSE
ENGASE,turquoise,0.160861766590761,0.327932263186209,0.161226566595788,-0.344055127475345,0.169103863662885,FALSE
ENO1,brown,0.208061935522626,0.203716133619491,0.700913078615116,-0.295434202351227,0.936302870302219,FALSE
ENO2,black,0.133942163754507,0.416260311050156,-0.140693862187352,-0.241546862402265,0.585100382032554,FALSE
ENO3,turquoise,0.211172212987646,0.196886383369778,0.520432922588789,-0.448012082137178,0.393298941949428,FALSE
ENOPH1,blue,-0.10370605918919,0.529826839012529,-0.0960250904443837,0.118211237539845,0.728107822351295,FALSE
ENOSF1,magenta,-0.278081289477811,0.0865088757300498,-0.29579457253716,0.569804833388893,0.569804833388893,FALSE
ENOX2,red,-0.168544035401695,0.305045964119487,0.0323404643835152,0.0382784419090606,0.48095104050865,FALSE
ENPEP,blue,-0.349365781161765,0.0292563573223493,-0.347353295577342,0.48998680511899,0.628372297133746,FALSE
ENPP1,blue,-0.491134135193305,0.00149940216611161,-0.516130736389461,0.601827501176175,0.589200999486188,FALSE
ENPP2,blue,0.0591387248614025,0.720628879546948,-0.0733060601669018,-0.160776240163513,0.392139836239744,FALSE
ENPP3,grey,-0.364961543789062,0.0223442655858511,-0.191344073127091,0.175701591223579,,FALSE
ENSA,pink,-0.0558408031167066,0.735631958199153,0.176221615402867,0.147312370109984,0.717511669790831,FALSE
ENTPD1,lightgreen,-0.0817393958298879,0.620823630846515,-0.233053448685836,-0.0692659084387307,0.760165034754411,FALSE
ENTPD2,lightcyan,0.175838049897078,0.28428139782584,0.269998781666551,-0.293082948385131,0.653697324422938,FALSE
ENTPD4,blue,-0.0443340722313693,0.788707064774547,0.191978537378133,-0.0425630336110144,0.381696797509853,FALSE
ENTPD5,blue,-0.436594075165848,0.00545640496332468,-0.33170188897828,0.540960537268448,0.406829256236321,FALSE
ENTPD6,turquoise,0.204410390993772,0.211943323199808,0.637851582077872,-0.576575850237087,0.809561422121623,FALSE
ENTPD7,red,0.336434302444993,0.0362463586781632,0.359991848195655,-0.486815533904308,0.525735245983696,FALSE
ENTR1,turquoise,0.144942886956262,0.378653508044449,0.592830024609131,-0.389155904229321,0.531569302441278,FALSE
ENTREP1,black,0.0532910325086499,0.747298482622146,-0.391234762679452,0.000137634383611225,0.646098438919454,FALSE
ENTREP3,black,0.12800009904145,0.437421240655611,-0.0289229731233171,-0.260330746516397,0.383033751750942,FALSE
ENY2,blue,-0.363953068557033,0.0227456930064194,-0.249177439485374,0.481790329077451,0.732022435365462,FALSE
EOLA1,brown,0.0923351586628487,0.576114993438252,0.248243467212076,-0.035317131693988,0.352362872233662,FALSE
EOLA2,grey,-0.0266367791192282,0.872122635126207,0.178048837585472,-0.260295983514609,,FALSE
EP300,blue,-0.16011999842557,0.330197168894481,-0.25133409829004,0.255074655363011,0.499479342517797,FALSE
EP400,turquoise,0.371039790593761,0.0200478564776401,0.4648509959177,-0.544534252898149,0.482865551307883,FALSE
EPAS1,salmon,0.193106356202666,0.238860883297833,0.298926293161996,-0.204529946445785,0.645382999050568,FALSE
EPB41,grey,-0.00323618142113486,0.984400409882893,0.0244163770712156,-0.28567049155427,,FALSE
EPB41L1,black,-0.137717341028817,0.403122882983748,-0.31657930141654,0.153038231635889,0.320331441155976,FALSE
EPB41L2,tan,-0.316768132479934,0.0494396881698016,-0.480052487913296,0.1844748309827,0.864749166481482,FALSE
EPB41L4A,red,0.236735621392463,0.146771281289984,0.053409463138917,-0.0841387189105509,0.344270197643355,FALSE
EPB41L4B,blue,-0.244796766206604,0.133103605443339,-0.220278951931883,0.565549014400037,0.605703212856934,FALSE
EPB41L5,yellow,-0.412229330509481,0.00911494042106485,-0.571452187756473,0.363245761218368,0.568932816883322,FALSE
EPHA1,green,0.192076518859267,0.241423088108131,0.698042279747915,-0.602432630624737,0.698042279747915,FALSE
EPHA2,turquoise,0.244312856609528,0.13389641440545,0.278061352436876,-0.172021526997468,0.453555210168707,FALSE
EPHA4,purple,0.145296884225249,0.377477691013123,-0.212892136082657,-0.170175414416895,0.509169621889815,FALSE
EPHB1,blue,-0.342279633602935,0.0329342654224977,-0.45263153781941,0.235537027961001,0.093598251800949,FALSE
EPHB2,black,0.00466603144333358,0.97750948680869,-0.296416880342125,-0.093439432810852,0.354303078122258,FALSE
EPHB3,midnightblue,0.0470791261679387,0.775949750583107,0.12662573552834,-0.326688910739927,0.828519648162996,FALSE
EPHB4,turquoise,0.159903714668678,0.330859390707738,0.311886100743817,-0.255634777171261,0.718566046657939,FALSE
EPHB6,grey,-0.200604440689931,0.220760431909013,0.178370978353207,-0.0150617479307196,,FALSE
EPHX1,turquoise,0.149227157257539,0.364568596079291,0.470887304983462,-0.133672086514964,0.68313019251682,FALSE
EPHX2,darkred,0.0125778886434506,0.939422137808753,0.20213864084254,0.211978396210972,0.780328138837211,FALSE
EPM2A,red,-0.331136090432741,0.0394789586442701,-0.18226136509447,0.162298006317145,0.524707756854241,FALSE
EPN1,turquoise,0.211397718789302,0.196397531361595,0.417136667582987,-0.265268064172638,0.783338760095873,FALSE
EPN2,turquoise,0.355711924905684,0.0262566104043947,0.181926976011386,-0.0817644512676021,0.455291025043449,FALSE
EPO,lightcyan,0.38139031199843,0.0165921182231477,0.394857972126577,-0.466720742349704,0.614342543660092,FALSE
EPOR,yellow,-0.0130620638676695,0.937094796535223,-0.250006736115704,0.0955021361077602,0.367854428543141,FALSE
EPPK1,grey,0.279536215601729,0.0848069867745214,-0.000823792544827444,-0.336771026504588,,FALSE
EPRS1,blue,-0.211956384760223,0.195190127393714,0.0766761065607965,0.139904330715385,0.602858274572261,FALSE
EPS15,blue,-0.23504811781287,0.149758183776332,-0.412430983709596,0.414768716451683,0.769965220576851,FALSE
EPS15L1,yellow,-0.233165632986959,0.153142391477168,-0.37869994984883,0.112504601557695,0.480360453525307,FALSE
EPS8,blue,-0.315734670312064,0.0502276789254191,-0.51111717277639,0.565123486565923,0.754249202884205,FALSE
EPS8L2,turquoise,0.324170947572415,0.0440815464752329,0.566621747911756,-0.384568196713598,0.785256524278463,FALSE
EPS8L3,purple,0.0178406341997319,0.914155727941882,-0.334784858519282,-0.0183811357847403,0.60929044282625,FALSE
ERAL1,blue,-0.0608580924991271,0.712847340733623,0.265120617127177,-0.0276907757551035,0.388567187668163,FALSE
ERAP1,blue,-0.321403864040469,0.046026496059562,-0.265388934559794,0.341618802666984,0.505334426045811,FALSE
ERBB2,green,0.189169074036069,0.24875656668158,0.642492163508531,-0.549332369219951,0.642492163508531,FALSE
ERBB3,magenta,-0.29542704595895,0.0678637442245358,-0.627535133513459,0.613748641029959,0.613748641029959,FALSE
ERBIN,blue,-0.0520723038207948,0.752894648294406,-0.210729101116002,0.469586212262531,0.687200283986187,FALSE
ERC1,turquoise,0.029037990442778,0.860703271931442,0.375802619843715,-0.366532392854785,0.358059400617671,FALSE
ERCC1,brown,0.180672676051619,0.271036264420959,0.533047140361129,-0.435454321050068,0.607231030993701,FALSE
ERCC2,brown,0.178153634131725,0.27788604597978,0.638489088098799,-0.392741719973169,0.703717868061789,FALSE
ERCC3,turquoise,0.111706333997597,0.498385232775916,0.521757652889967,-0.231749453401857,0.605137506180355,FALSE
ERCC4,blue,-0.30303707566378,0.0607573330257121,-0.344101195729081,0.382537308754954,0.830274365282468,FALSE
ERCC8,blue,-0.236868374885892,0.146538173182595,-0.241370133587246,0.206877033626648,0.456747323631629,FALSE
ERF,brown,0.00850878243375419,0.958999336117121,0.208708121759473,-0.0387674352649974,0.505359258547836,FALSE
ERG,greenyellow,0.0190524401003523,0.908348719987196,0.122119633596881,-0.304214937230217,0.610618569166213,FALSE
ERG28,darkturquoise,-0.256448037669827,0.115050071754694,-0.161672176717612,0.298412728612511,0.681797959515152,FALSE
ERGIC2,blue,-0.334085256427596,0.0376518270405638,-0.443401337491527,0.46233875566669,0.820155806413927,FALSE
ERGIC3,cyan,-0.0511472991654276,0.757150433694134,0.0407508700656139,0.305855443815256,0.765486581935123,FALSE
ERH,blue,-0.0824359333141814,0.61784054996251,-0.118265037192077,0.274543717247761,0.798392464223717,FALSE
ERI2,yellow,-0.347564710306256,0.0301574086172328,-0.55789174714461,0.561737804670946,0.872964329987975,FALSE
ERI3,turquoise,0.173045322764755,0.292120598386794,0.608374148065449,-0.326192658501619,0.846276266050587,FALSE
ERICH1,grey,0.0175814828501359,0.915398169268966,-0.167869801166799,0.18721037534973,,FALSE
ERLIN1,blue,-0.195176158410779,0.233767076469545,-0.143785818523346,0.546415185242809,0.729174840052651,FALSE
ERLIN2,blue,-0.206668179885745,0.206829648209631,-0.204614179107796,0.473673134727365,0.759892759091255,FALSE
ERMAP,pink,-0.122675998738915,0.456874891337433,-0.0304296211209661,0.274474854979346,0.28538287980235,FALSE
ERMP1,red,0.0398659794331516,0.809587260349965,0.0106968930679845,-0.160225239166983,0.601824720137694,FALSE
ERN1,turquoise,-0.0629105185712531,0.703595884301961,0.195999558334305,-0.160971127671651,0.169196310004733,FALSE
ERN2,magenta,-0.0672011796696098,0.684392096773202,-0.31164479270976,0.413934360050792,0.413934360050792,FALSE
ERO1A,blue,-0.0820933486174142,0.619306996088743,-0.0492319635551743,0.156511830150542,0.504218583441488,FALSE
ERP29,turquoise,0.0406643648103347,0.805846266086316,0.16576387673007,0.113746585016428,0.53533899274892,FALSE
ERP44,pink,-0.162123223878664,0.324102798024169,0.264586108470494,0.134627384781648,0.843379514090721,FALSE
ERVH-4,purple,-0.0746934555419491,0.651329366866689,-0.461385240494034,0.213904339212073,0.648815306018949,FALSE
ESD,blue,-0.151067165028404,0.358617102574499,0.105890008186259,0.312712835659236,0.409078901870307,FALSE
ESPL1,red,0.101710798510363,0.537816066586756,0.166399304149555,-0.0809670465526432,0.256154898109041,FALSE
ESR1,blue,-0.0157232728213967,0.924312559935093,-0.169167046772009,0.263247390574102,0.392726031146476,FALSE
ESRP2,turquoise,0.218057426838848,0.182343004217698,0.44866846212473,-0.278242349746157,0.597032193708928,FALSE
ESRRA,turquoise,0.209985144716278,0.199473796762289,0.394892544448552,-0.248549628586769,0.680158799046105,FALSE
ESS2,turquoise,0.113978326617104,0.489633083409639,0.335635011275712,-0.272823755869839,0.503623972726254,FALSE
ESYT1,brown,0.0343426408991607,0.835578050690089,0.595751371652617,-0.252017952516091,0.521351550134465,FALSE
ETF1,blue,-0.125405991178495,0.446842145820698,-0.0418531462044945,0.14634051956964,0.742740717408656,FALSE
ETFA,brown,0.135994784469658,0.409087492333273,0.351258299821139,0.142229700706961,0.595288184654978,FALSE
ETFB,brown,0.138831765337454,0.399290788706385,0.578283791147029,-0.192578177216252,0.683712418314582,FALSE
ETFDH,pink,0.130750941618778,0.427552034214776,0.289902410302465,0.203515078001093,0.657192444389414,FALSE
ETHE1,brown,0.0829151980211448,0.615791488920801,0.159790673061858,-0.0074855570808002,0.404956724652654,FALSE
ETNK2,turquoise,-0.211648553890233,0.195854772584133,-0.0300355160760581,0.331468043597363,0.290495821144212,FALSE
ETNPPL,brown,-0.0288771647367241,0.861467260029668,0.281744157496355,0.0088146289966423,0.277330414618593,FALSE
ETS1,salmon,0.0419439038087285,0.799859638658365,0.0990658111416205,-0.313573772840775,0.529891788572225,FALSE
ETS2,turquoise,0.329570842119628,0.0404776174572169,0.472008905521335,-0.274819770692971,0.531789172160687,FALSE
ETV1,grey,0.0553033792907462,0.738086192734303,-0.252164210408268,0.196851400176633,,FALSE
ETV2,lightcyan,0.335444226191176,0.0368334177175023,0.415739596267385,-0.433523543442188,0.751000267044279,FALSE
ETV3,red,0.320837441821677,0.0464330438902608,0.385903319835128,-0.364478788996718,0.470553487269265,FALSE
ETV4,grey,0.179181516563885,0.275077505450657,0.00181942084270241,-0.32634398219547,,FALSE
ETV5,tan,-0.185061642604156,0.259368917527886,-0.389223245375065,0.264422129438569,0.516063829642079,FALSE
EVA1B,turquoise,0.278287157826769,0.0862664697159113,0.413549059927465,-0.531240671007147,0.706582406333808,FALSE
EVC,turquoise,0.0779504005657372,0.637154753592473,-0.0781900032488209,-0.0798531054404878,0.28822857115389,FALSE
EVL,turquoise,0.169459164707727,0.302389175906615,0.40942965253171,-0.278342977372186,0.719685149443842,FALSE
EVPL,darkred,0.176462174322363,0.282548321164919,-0.180362845409039,0.342081263427509,0.40278451750751,FALSE
EVX1,turquoise,0.226088865767192,0.166363614733127,0.389590202713259,-0.348306049902461,0.832449449564729,FALSE
EWSR1,turquoise,0.251069478964951,0.123139710627751,0.271005343016558,-0.161547479418853,0.405113788881154,FALSE
EXD2,red,-0.00744103301912908,0.964140862882767,-0.310431802043902,0.0727039099408374,0.759117973770755,FALSE
EXD3,turquoise,0.0699335126345503,0.672263229808722,0.0606017810342125,-0.184463067734533,0.487396416268573,FALSE
EXOC1,blue,-0.207384007841416,0.205226447503965,-0.324909906118863,0.427745906708282,0.700901612183061,FALSE
EXOC3,turquoise,0.217731098630268,0.183014549042633,0.54601564830877,-0.50292445393728,0.815240625394282,FALSE
EXOC7,turquoise,0.106214459718561,0.519865716098061,0.667629910994318,-0.47907130283588,0.733087750803895,FALSE
EXOG,red,-0.0836209162045667,0.612779466534373,-0.0343840399665261,-0.0965570657606912,0.790344459692117,FALSE
EXOSC10,brown,0.0233151567838722,0.887960907781469,0.196714377887752,0.0560362813531854,0.580848617412276,FALSE
EXOSC2,grey,0.159322527645084,0.332642957815419,0.134338008571588,-0.239775777360299,,FALSE
EXOSC4,brown,0.323542894224936,0.0445170565381637,0.732785020021963,-0.442280853085691,0.75457391083508,FALSE
EXOSC5,brown,0.162787454377467,0.322097633403836,0.20700446679812,0.0145596732109899,0.631087493683774,FALSE
EXOSC7,grey,0.173215014374033,0.291640339006278,0.266875641808753,-0.403441586822172,,FALSE
EXOSC9,blue,-0.0447573884675762,0.786736115065269,0.0163305006131084,-0.162505060623093,0.302050175092177,FALSE
EXPH5,blue,-0.0411324658490667,0.803654859006805,-0.0931323899246093,0.156729115622807,0.391754918044856,FALSE
EXT1,cyan,0.0140820875564817,0.932193439105816,0.378615569416096,-0.118108388580145,0.619465034753459,FALSE
EXT2,blue,-0.0963568163648184,0.559536250969252,0.107279903040338,-0.12341877328603,0.39178774112703,FALSE
EXTL2,yellow,-0.370427802848802,0.0202697438034081,-0.564893569200805,0.455999836004113,0.786943756631106,FALSE
EXTL3,turquoise,0.442584084130852,0.00478223624336203,0.631412830301147,-0.508956931363101,0.733272960646801,FALSE
EYA2,black,0.0893494818282991,0.588564907494445,-0.0611397707671544,0.0225538551111262,0.274400288757394,FALSE
EYA3,yellow,-0.164618449028685,0.316610557321635,-0.54484721078291,0.184122356616991,0.539440303338592,FALSE
EZH1,yellow,-0.306973568720653,0.0573207014012257,-0.524281421416071,0.397285438292202,0.582420155625578,FALSE
EZR,brown,0.120617397843656,0.464519772678276,0.506591806483452,-0.370959275811251,0.639745204552441,FALSE
F10,brown,0.0366241054702956,0.824819784860195,0.441467711578618,-0.0775088319004302,0.829093255471657,FALSE
F11,magenta,-0.134876390934396,0.412986900474563,-0.144978486041883,0.489687553721567,0.489687553721567,FALSE
F12,turquoise,0.08819252999113,0.593421066018144,0.239760566096339,-0.341226913979204,0.533999580276408,FALSE
F13A1,lightgreen,0.0606875243282411,0.713618036482812,-0.207206365584001,-0.0754747345455904,0.612657910658102,FALSE
F13B,magenta,-0.154645734953014,0.347211221025682,-0.497393288226503,0.784355579844482,0.784355579844482,FALSE
F2,turquoise,0.107156470168339,0.516148970472636,0.522501766447528,-0.354789477847109,0.811614759979058,FALSE
F2RL1,purple,-0.0177966369536479,0.914366648489429,-0.106677661806693,-0.0615678493877824,0.556673328644484,FALSE
F5,magenta,-0.424407444579894,0.00708537452055847,-0.53939251839019,0.696376149362925,0.696376149362925,FALSE
F7,pink,-0.338590422361219,0.03499433295502,0.0490238182552338,0.410034763522268,0.533401699095413,FALSE
F8,tan,-0.139071945826019,0.398467658388777,-0.519606884574731,0.453299396630317,0.59895394212315,FALSE
F9,blue,-0.287238856443188,0.0762255219012335,-0.383524035084624,0.439118633930163,0.760467188484375,FALSE
FAAH,turquoise,-0.0932036112567212,0.572516162691923,0.540612652805428,-0.262411469344678,0.73650014906999,FALSE
FAAP100,turquoise,0.248844679632646,0.12660766207949,0.568453827227666,-0.376035849722189,0.84115106742842,FALSE
FAAP24,turquoise,0.0700882575300954,0.671578720675834,0.35320498175819,-0.292492816211359,0.334756550236211,FALSE
FABP3,greenyellow,0.229479280550479,0.159930385817547,0.3268617108208,-0.264197097526288,0.802357658620473,FALSE
FABP4,grey,0.433113141196894,0.00588477164766706,0.229985063608392,-0.322856190624884,,FALSE
FADD,turquoise,0.162287588851576,0.323605892398176,0.497406357581199,-0.442180402873097,0.718101374255545,FALSE
FADS1,brown,0.0700419388173794,0.671783582675578,0.316709548517727,-0.260994908096077,0.399956117698906,FALSE
FADS2,brown,0.213721450836395,0.191409734682506,0.43164696901548,-0.357676130203257,0.402224914975055,FALSE
FADS3,turquoise,0.130565355145158,0.428213925254151,0.328660013792787,-0.2899408943374,0.651024722751422,FALSE
FAF1,blue,-0.47719314567788,0.00212855002878833,-0.268109365592121,0.290167583348009,0.389354324465601,FALSE
FAF2,blue,-0.169999680773624,0.300826913274172,-0.154126461189768,0.412155648298931,0.787573789347887,FALSE
FAH,brown,0.150880268997322,0.359218929206993,0.612533020941992,-0.212576322344722,0.782030496544919,FALSE
FAHD2A,turquoise,0.0328122305040572,0.842811405233489,0.357698870518031,-0.0593501014911726,0.467090588483642,FALSE
FAM107A,yellow,-0.0309183107598505,0.851780428488608,-0.484858209475253,0.35704203457281,0.230234771511844,FALSE
FAM110B,magenta,-0.454779606771404,0.00362947975174519,-0.538469018179825,0.54241272110208,0.54241272110208,FALSE
FAM110D,lightcyan,0.291649424163703,0.0716267512752614,0.288331726989147,-0.27160353678363,0.720289667243321,FALSE
FAM111A,blue,-0.347616341619819,0.0301312636150885,-0.235861659332125,0.216768187720061,0.610849203919759,FALSE
FAM114A1,grey,-0.116861468992205,0.478641957635416,0.319761083325245,-0.0861438958551983,,FALSE
FAM114A2,blue,-0.316080400712471,0.0499629521869719,-0.355759263056751,0.288563077608867,0.660014325278631,FALSE
FAM117A,blue,-0.298854005459317,0.0645865246437872,-0.325615172522589,0.412147773759971,0.46701220435668,FALSE
FAM120A,brown,0.129115122714662,0.433405803289158,0.347784978124253,0.0920283250684923,0.428680778010153,FALSE
FAM120C,turquoise,0.00468022025434388,0.977441113454202,0.163739336423127,-0.18038407555911,0.429366468053246,FALSE
FAM124B,blue,-0.37228371661688,0.0196031069716589,-0.559314445351249,0.388345735425303,0.348943186725083,FALSE
FAM13A,blue,-0.200726260532013,0.220474369567949,-0.143926529729316,0.39095377241874,0.511581495170106,FALSE
FAM149A,blue,-0.166411395613919,0.31129484714826,-0.0792812010437824,0.243911175255438,0.279290425542203,FALSE
FAM162A,magenta,-0.465228111702014,0.00284264926894011,-0.575416011492599,0.745964968846597,0.745964968846597,FALSE
FAM168A,grey,-0.100618499213606,0.542214166641044,0.107518303124206,-0.00564964042949451,,FALSE
FAM168B,turquoise,0.146167666114848,0.374594548171877,0.452549577992565,-0.213653003189836,0.567153600074328,FALSE
FAM171A1,yellow,-0.38013808991827,0.0169814914649637,-0.718426677235959,0.610872627996722,0.585458720346205,FALSE
FAM174B,midnightblue,0.0204908202139858,0.901462076167904,-0.0680446972648652,-0.155693532836462,0.437770754252786,FALSE
FAM174C,turquoise,0.273741895387941,0.0917421230087789,0.529266720542337,-0.453661592183403,0.816221370708027,FALSE
FAM184A,yellow,-0.290133518881346,0.0731820896567944,-0.471189189413883,0.276573637462071,0.610169563094785,FALSE
FAM193A,turquoise,0.0840778260994025,0.610832699136614,0.221324586294233,-0.137559412775861,0.37296322944027,FALSE
FAM193B,turquoise,0.152711318071432,0.353348974018441,0.256896300200008,-0.212290498891624,0.534625955612389,FALSE
FAM20B,blue,-0.323882859039724,0.0442808852905475,0.173334089888363,0.00868684945311155,0.199055242636733,FALSE
FAM215A,turquoise,0.103964078253078,0.528797944275733,0.0919771128147153,-0.0689503614517739,0.393966441876878,FALSE
FAM216A,blue,-0.214058678071552,0.190693383832293,-0.0750412908647422,0.00951778902307548,0.495014999719448,FALSE
FAM222B,black,-0.138335069195503,0.400996140676602,-0.299667733211003,-0.0313649055308782,0.716184674954036,FALSE
FAM234B,red,-0.145550167952963,0.376637724079885,-0.299149987335187,0.071556416826434,0.735120218510124,FALSE
FAM30A,yellow,-0.0100233180278969,0.95170925569896,-0.252351011021469,0.139347694146082,0.198363254101135,FALSE
FAM32A,brown,0.271638566807153,0.0943648692850078,0.688414719817843,-0.284181581566981,0.800359177122719,FALSE
FAM3A,turquoise,0.268041171250351,0.0989837092364431,0.521301830770229,-0.328467470460376,0.788533345010947,FALSE
FAM3C,blue,-0.0764965311792361,0.64346683003307,-0.166309060851412,0.194122442763887,0.679213242922703,FALSE
FAM50A,green,0.191088633156349,0.243898288638668,0.611993340386874,-0.464822997411694,0.611993340386874,FALSE
FAM50B,grey,-0.177101022504058,0.28078148630294,-0.0274057724465091,0.0365388455799003,,FALSE
FAM53B,turquoise,0.198198312856752,0.226462942997449,0.475500276135175,-0.589801348624167,0.377748106712872,FALSE
FAM53C,grey,0.0731363069268183,0.658149597538036,0.361750049688851,-0.267215834826857,,FALSE
FAM76A,red,-0.211358896642612,0.196481629300617,-0.140141669193726,0.0634393943599326,0.583454447754283,FALSE
FAM86C1P,red,0.251887508692887,0.121882636787036,0.0477156974575043,-0.0288487648234325,0.342214602252282,FALSE
FAM89B,turquoise,0.24328986658148,0.135583938976513,0.518746716285854,-0.430386139693088,0.502542554013697,FALSE
FAM8A1,blue,-0.165262363806209,0.314694952763503,-0.470991645844209,0.661179630514001,0.827229239754585,FALSE
FAM90A1,grey,0.285719228281094,0.0778623861551618,-0.0299505428309916,-0.159858308415286,,FALSE
FAM98A,blue,0.161075405701861,0.327281737136619,0.426940477351303,-0.235449183845124,0.479749192408117,FALSE
FAN1,yellow,-0.242556356775561,0.136803595607183,-0.309476446396357,0.280904924264597,0.308046531497269,FALSE
FANCA,turquoise,0.279796980850751,0.0845047213724093,0.401291283957923,-0.407902393894157,0.190445420815595,FALSE
FANCC,turquoise,0.120239609710702,0.465930109349821,0.338062073345251,-0.22449119108989,0.337376109008985,FALSE
FANCE,brown,0.246534944338979,0.130284595317678,0.371033642389835,-0.508074216317297,0.36734543350748,FALSE
FANCI,red,-0.133516669097085,0.417756040737696,-0.0673905655031011,0.0183451934289541,0.733311011150597,FALSE
FANCL,yellow,-0.39340800534132,0.0132225059374822,-0.702361928197497,0.71548242531955,0.833091405239143,FALSE
FAR2,blue,-0.180974804811065,0.270222232339109,-0.446200989388636,0.24446882425679,0.509710076588627,FALSE
FARP1,grey,0.160679388391402,0.328488236442454,0.289522414836136,-0.343549620072482,,FALSE
FARP2,turquoise,-0.123561890242953,0.453606004748879,0.125684678830118,0.0305766125767802,0.566245518864096,FALSE
FARS2,turquoise,-0.138428337066219,0.400675596225893,0.314446132358084,-0.066175639222801,0.49456347197912,FALSE
FARSA,green,0.302229733897629,0.0614819758299756,0.705986724036096,-0.520240630698805,0.705986724036096,FALSE
FAS,blue,-0.188138322007813,0.251391922911715,-0.444923489872137,0.219332789193544,0.551169896257504,FALSE
FASLG,greenyellow,0.170156887592558,0.300373505383798,0.292811422672689,-0.308337106378732,0.393508193683985,FALSE
FASN,turquoise,0.289418821368397,0.073924506206738,0.695904036576937,-0.495392248817339,0.508045979931343,FALSE
FASTK,turquoise,0.496589827647461,0.00130200665356712,0.674006865725579,-0.558180730392744,0.852323429340783,FALSE
FASTKD1,blue,-0.356224931187944,0.0260256842414013,-0.365077541936696,0.450980565063281,0.786609660982376,FALSE
FASTKD2,blue,-0.177563421127632,0.27950714734908,-0.0367541478404319,0.411447680226081,0.315620315724236,FALSE
FASTKD3,yellow,-0.320475598584947,0.0466942691523015,-0.427922909768894,0.430150643127976,0.769728863915482,FALSE
FAT1,green,0.317988770502794,0.0485218181398296,0.522478674250805,-0.489582571145225,0.522478674250805,FALSE
FAU,brown,0.0961266984773689,0.560478862887246,0.553766139318193,-0.303750056724145,0.82966896435655,FALSE
FAXDC2,yellow,-0.289428875432198,0.0739140214296905,-0.496590387255353,0.278575008382903,0.162329628280486,FALSE
FBL,cyan,-0.157124148832585,0.339443127937061,-0.158008401547001,0.336236014908703,0.635121163124398,FALSE
FBLN1,salmon,-0.00417881119735352,0.979857407325935,-0.0168641115479373,-0.166114952793101,0.74958876638335,FALSE
FBLN2,midnightblue,0.200918175761051,0.220024223624184,0.397372849205273,-0.491814560127234,0.839852440062095,FALSE
FBLN5,salmon,0.0396708347620259,0.810502287910292,-0.0812947771805716,-0.0881319480562589,0.856515921299401,FALSE
FBN1,salmon,-0.0418267889799297,0.800407125207777,-0.0719495317207158,-0.16155559007165,0.742650297738885,FALSE
FBP1,turquoise,0.246792036898561,0.129871437566227,0.654758539832683,-0.260886552649141,0.794001188316874,FALSE
FBRS,turquoise,0.140033483323846,0.395182170035163,0.347070002081335,-0.466919754048291,0.679112283263963,FALSE
FBXL12,brown,0.241912253893809,0.137881264684461,0.317061637106786,-0.238937628980304,0.476972511978379,FALSE
FBXL15,brown,0.0490424646439893,0.766860578393282,0.492808640918274,-0.251576495686327,0.705154070717968,FALSE
FBXL18,turquoise,0.138486886636158,0.4004744475964,0.281391922409831,-0.466891996883228,0.239630237665683,FALSE
FBXL5,blue,-0.0362757050369202,0.826460681505613,-0.241465769601395,0.516772022105101,0.654902496950651,FALSE
FBXL7,black,-0.0217176176689321,0.895594036873086,-0.107800305882567,-0.207679211993942,0.519875855146319,FALSE
FBXO11,yellow,-0.210358416548995,0.19865763486523,-0.436798185937438,0.353125997929332,0.797702171725012,FALSE
FBXO17,green,0.235161839125205,0.149555509517644,0.752668214576236,-0.607414124814057,0.752668214576236,FALSE
FBXO2,green,0.251049150900679,0.123171072072539,0.719510668728924,-0.533215539564327,0.719510668728924,FALSE
FBXO21,grey,-0.172031183475111,0.295001417748428,-0.315241834409018,0.319634866517345,,FALSE
FBXO28,yellow,-0.154357305803102,0.348122233766435,-0.541437539413146,0.517747166688226,0.668686302192858,FALSE
FBXO31,turquoise,0.144170897520192,0.381225189307215,0.1643102083873,-0.28733759631727,0.533252873725348,FALSE
FBXO34,blue,-0.149608583768257,0.36333003852099,-0.17955302199616,0.304026595858067,0.494854242358709,FALSE
FBXO38,yellow,-0.447822194893057,0.00425313688045062,-0.689860579526469,0.589749459779117,0.846871492591907,FALSE
FBXO41,turquoise,0.272375280625436,0.0934397474017089,0.194380956003831,-0.28751409272145,0.356042766788824,FALSE
FBXO42,yellow,-0.162672390856479,0.322444427631653,-0.341306551490887,0.33258687585353,0.641985173217294,FALSE
FBXO46,purple,0.0680662189800576,0.680543547711272,-0.516476921932616,0.209742828747114,0.670571735056772,FALSE
FBXO7,pink,-0.244121331576312,0.134211163097168,0.0374452922364572,0.326782672135871,0.50659657831144,FALSE
FBXO9,blue,0.126508095616261,0.442826228774261,0.420391136049741,-0.257522426258124,0.125237219021834,FALSE
FBXW11,blue,-0.0605633646927758,0.714179216082884,0.0901618308576068,0.131735319374151,0.613605046526233,FALSE
FBXW2,blue,-0.303724993312705,0.0601452488083509,-0.425835987079189,0.55279356609585,0.867149234110478,FALSE
FBXW4,turquoise,0.0807181250119027,0.625208275815177,0.354858894039891,-0.0767908330807795,0.4696927435883,FALSE
FBXW4P1,turquoise,0.309300981905335,0.0553628865243433,-0.0268628899554127,-0.189327131674884,0.134467950938516,FALSE
FBXW7,grey,-0.156450966762862,0.341542430865565,-0.133660071258978,0.0591898832378956,,FALSE
FCER1G,lightyellow,-0.0523467786458413,0.751633215052133,-0.218001737628433,0.127270827726037,0.840626184791448,FALSE
FCGBP,blue,0.0649273298166101,0.694545753333557,-0.246144085195576,0.0432816980965167,0.326511451879345,FALSE
FCGR2B,blue,0.236788308891444,0.146678732309899,-0.0579507822484697,0.198143100473776,0.2546041108155,FALSE
FCGRT,turquoise,0.159520513040483,0.332034705971248,0.420298653154123,-0.182865076666099,0.834024409018827,FALSE
FCHO1,lightcyan,0.369092997117768,0.0207608332449089,0.540571105059985,-0.50317801386983,0.688795990817345,FALSE
FCHSD2,tan,-0.300516041937272,0.0630428580905161,-0.401104386584108,0.341602178350395,0.601913117110948,FALSE
FCMR,grey60,0.0586177530841368,0.722992229743589,-0.223718823963344,-0.0286663422413244,0.632084813138243,FALSE
FCN1,turquoise,0.305356678139732,0.0587130262331844,0.334896326978336,-0.379388518535925,0.427218882306045,FALSE
FCN2,turquoise,0.219913379865561,0.178556971755311,0.269024134039173,-0.183831314011339,0.612283789178231,FALSE
FCN3,brown,0.0978449655370913,0.55345834862126,0.201446007236283,-0.116931944671724,0.532243021563496,FALSE
FDFT1,darkturquoise,0.105924324378988,0.521013118199876,0.185012605761661,-0.111769082709089,0.897581116826299,FALSE
FDPS,darkturquoise,0.0948388795280885,0.565767610252151,0.140117018642537,-0.0139061644626984,0.805544346141329,FALSE
FDX1,turquoise,0.205127373948126,0.210310025985031,0.458470200585845,-0.0909205142594364,0.479075285174328,FALSE
FDXR,brown,0.269509895168419,0.0970774991794056,0.578825924204062,-0.423432920995414,0.748855680860975,FALSE
FECH,pink,-0.269630238863831,0.0969225651347129,0.244220015542529,0.00726078072934173,0.528120920608094,FALSE
FEM1B,lightgreen,-0.20070501682081,0.220524236562778,-0.322587512063237,0.20156099085796,0.810051745086209,FALSE
FEN1,grey,0.261448242730072,0.10789513673921,0.376996256819111,-0.381293059465994,,FALSE
FER,red,-0.289105849165412,0.0742514692910345,-0.151996721447411,0.0814171141147171,0.34411633666235,FALSE
FERMT2,blue,-0.228427689725862,0.161906148037325,-0.592583834405056,0.635657428106034,0.695769423525411,FALSE
FES,turquoise,0.075189529394036,0.649162418491275,0.382483678069475,-0.320397918690254,0.508724608197162,FALSE
FETUB,grey,-0.0733500849364658,0.65721162831713,0.0115531203037493,0.396095135258524,,FALSE
FEV,purple,-0.128269609947918,0.436448797960375,-0.565688706791445,0.234515463152561,0.779564915705549,FALSE
FEZ1,salmon,0.38506743521265,0.015491901028663,0.162332722730739,-0.410531748411444,0.545751724495111,FALSE
FEZ2,blue,-0.0230036324812614,0.889448627903251,0.0590872126317423,0.0412324120797206,0.485926869419113,FALSE
FGA,cyan,0.023107238425754,0.888953804118712,-0.10626856771017,0.192420036769544,0.5239041685071,FALSE
FGB,lightgreen,-0.0794058280297337,0.630861093043871,-0.26396296628719,0.155041208000025,0.637999663689946,FALSE
FGD1,yellow,0.0921413307666661,0.576919602999299,-0.0649826581815759,-0.172958332084312,0.328424232363618,FALSE
FGF17,lightcyan,0.114885927653627,0.486159142904213,-0.0584822762427384,-0.285548696224759,0.611253160412522,FALSE
FGF18,turquoise,0.185065834579338,0.259357935836806,0.173499648675371,-0.209829838282975,0.423682127576031,FALSE
FGF21,turquoise,0.103009939527593,0.532607591082047,0.549668544875742,-0.399283328752001,0.420149630694358,FALSE
FGF4,grey,-0.264490633811312,0.103710074149774,-0.198352787554211,0.205084635902436,,FALSE
FGF6,grey,0.0629625104724497,0.703362065984358,-0.18470362055962,0.175182580730473,,FALSE
FGFR1,black,0.133976795115546,0.416138705887528,-0.225147769693246,-0.0766565297689851,0.72333244633336,FALSE
FGFR2,tan,0.00723323648195407,0.965141636810929,-0.181276626847729,0.0169190917576858,0.678388354014611,FALSE
FGFR3,turquoise,0.217174638120513,0.184163728645042,0.430065334895958,-0.424403632690479,0.668557813396336,FALSE
FGFR4,turquoise,0.235889763358627,0.148262952317215,0.418554791662118,-0.222245977126385,0.842851321730329,FALSE
FGG,red,-0.0057557946051398,0.972258609686283,-0.271262701925649,0.196939953883857,0.404832463711264,FALSE
FGGY,magenta,-0.241323899311013,0.138871130289891,-0.255570586263133,0.500778165512845,0.500778165512845,FALSE
FGL1,grey,-0.259985483524532,0.109952344136232,-0.0698455621201661,0.222876766010754,,FALSE
FGL2,lightyellow,-0.127915170891957,0.437727923888965,-0.0815451888525247,-0.0262948673269191,0.819830260942989,FALSE
FGR,grey60,0.256880308332665,0.114417750150937,-0.113724848831906,-0.117343082127002,0.737850221051358,FALSE
FH,pink,-0.220756659550646,0.176855388881077,0.124983599446631,0.371252495993265,0.529167526197526,FALSE
FHIP2B,turquoise,0.342597226507225,0.0327616749203076,0.608727475040768,-0.510982799264261,0.708137484703991,FALSE
FHIT,grey,0.0387096088732266,0.81501304991669,-0.170321135103941,0.19056170325109,,FALSE
FHL1,tan,-0.157907002784781,0.33701181861815,-0.437798147476971,0.267859126194148,0.88650127272635,FALSE
FHL2,salmon,0.174653218640002,0.287590389102484,0.00565247807206736,-0.20880306253335,0.599833449297491,FALSE
FHL3,black,0.155518768750238,0.344462590672148,-0.21907778891141,-0.269882422353589,0.609359161026439,FALSE
FHOD1,turquoise,0.0987740539641565,0.549679559833512,0.296810452476653,-0.421732959408561,0.394156611910555,FALSE
FHOD3,grey,0.151407118485521,0.357523973138154,-0.196070089477117,0.137552710774829,,FALSE
FIBP,brown,0.0498792500119679,0.762995975172687,0.590966681693464,-0.336971433980589,0.774012947661976,FALSE
FICD,grey,0.253272591845051,0.119776132211039,0.47428056571126,-0.366375841579756,,FALSE
FIG4,blue,-0.151775791308169,0.356340771813749,-0.107533403604953,0.146835906840137,0.650844666905427,FALSE
FJX1,green,-0.169125727320502,0.303355491451144,0.321630184500274,-0.376935130441805,0.321630184500274,FALSE
FKBP10,salmon,-0.0131092192188317,0.936868156659163,0.00930089229192951,-0.331795479376405,0.603000222470911,FALSE
FKBP11,turquoise,0.156334010337695,0.341907967318087,0.491925507388282,-0.510086456696186,0.525538251059061,FALSE
FKBP15,yellow,-0.047754764486754,0.772818529792633,-0.295948661104868,0.365827396074891,0.603893527244118,FALSE
FKBP1A,blue,0.160197852835884,0.329958994254249,-0.098916363899855,0.0382353305992521,0.539036701396985,FALSE
FKBP1B,green,0.0217442337899785,0.895466785719279,0.468699380509869,-0.608945406563521,0.468699380509869,FALSE
FKBP2,brown,0.0454193459385171,0.783656686417243,0.478317039527279,-0.102769448724842,0.736941990185631,FALSE
FKBP3,grey,0.053794106493323,0.744992165039577,0.270923088219305,0.0693058568358232,,FALSE
FKBP4,brown,0.129131694152794,0.433346280598684,0.30720276861366,-0.117812191422432,0.106062247387385,FALSE
FKBP8,turquoise,-0.0373538757274646,0.82138509794385,0.0932216798015135,0.0497058795705879,0.418878061758578,FALSE
FKBP9,blue,-0.210219172049812,0.198961819930277,-0.210362677612703,0.20757955855673,0.57238705905656,FALSE
FKBPL,turquoise,0.233286907316574,0.152922706366802,0.483153128536911,-0.404030390012712,0.707287469873976,FALSE
FLAD1,brown,0.29445333427226,0.0688184353101296,0.68086102275701,-0.430263922595841,0.854352066430359,FALSE
FLCN,grey,-0.141117647996873,0.391496574569824,-0.244322689756406,0.104901100920634,,FALSE
FLI1,black,0.108003789432744,0.512817158880783,-0.214723155400046,0.119379535258455,0.437702032644595,FALSE
FLII,green,0.395555705812108,0.0126860319585141,0.85262692190425,-0.59509163882676,0.85262692190425,TRUE
FLJ20712,lightgreen,-0.242607687314814,0.136717981663771,-0.303830280611573,0.083535463118964,0.379821326261953,FALSE
FLJ42627,turquoise,-0.0246112576341053,0.88177534698988,0.050199995292025,0.0666499502402812,0.248011922797395,FALSE
FLNA,salmon,0.296660602559908,0.0666693129622533,0.369879064219129,-0.404856476004763,0.854979818021366,FALSE
FLNB,turquoise,0.176631405497848,0.282079583871233,0.367797279027632,-0.278517888270233,0.744087115819281,FALSE
FLNC,midnightblue,0.0771165585923568,0.640771886848987,0.217065403302843,-0.279594356497676,0.794832586952117,FALSE
FLOT1,green,0.385516529823869,0.0153618469775415,0.398410588695471,-0.605884695119224,0.398410588695471,FALSE
FLOT2,greenyellow,0.280420813206013,0.0837849983793026,0.499096454946246,-0.442947334458232,0.757083222972563,FALSE
FLRT1,purple,-0.193203240175378,0.238620789179342,-0.575754997896206,0.198983836120618,0.735669288214144,FALSE
FLRT2,tan,-0.114965942208424,0.485853492886204,-0.260682179841704,-0.00160638931122694,0.831418665669919,FALSE
FLT1,tan,-0.167726161574325,0.307432928535368,-0.452821991560914,0.317780062953067,0.64349626042119,FALSE
FLVCR2,yellow,-0.0270229869312533,0.870284171948851,-0.0894225670803928,0.0516315222797263,0.292982220865005,FALSE
FMNL1,midnightblue,0.343239422212423,0.0324149524497466,0.441258510724924,-0.512936622596995,0.601690605887791,FALSE
FMO1,blue,0.120076312913748,0.466540424484847,0.155230667859939,-0.18719138593246,0.33014730732285,FALSE
FMO2,grey,0.217926159313143,0.182612926315126,-0.0210771116124266,-0.0530912598286218,,FALSE
FMO3,cyan,0.0040910313331677,0.980280437954554,0.119236264912794,0.277972140388401,0.63141525303203,FALSE
FMO4,blue,-0.356484480904165,0.0259094924503064,-0.629303805490703,0.625922656468578,0.653027631709946,FALSE
FMO5,magenta,-0.33003679586439,0.0401782071048778,-0.651755938294773,0.717775483079161,0.717775483079161,FALSE
FMOD,black,0.116510148027191,0.479974311135396,-0.0942877832312784,-0.176209510570577,0.694269514575236,FALSE
FMR1,blue,-0.218455668874786,0.181525845079497,-0.315341849771691,0.599222525209312,0.710179198966683,FALSE
FN1,grey,-0.0961189923271471,0.560510441679413,0.150178004282917,-0.102537652884396,,FALSE
FN3KRP,grey,0.0903404501449474,0.584419493738366,0.212212444857781,0.0458648448534666,,FALSE
FNBP1,tan,-0.0423873741210009,0.797787367222645,-0.137050189115444,0.120481684556536,0.430337277891483,FALSE
FNBP4,royalblue,-0.147313370406801,0.37082109398564,-0.418708021276106,0.449098099979503,0.768109289095135,FALSE
FNDC11,grey,0.127564109513749,0.438996895974918,0.231917724702023,-0.251244905499432,,FALSE
FNDC3A,blue,-0.207555936098451,0.204842682584646,-0.343775666982384,0.509501584714184,0.839047739718824,FALSE
FNDC3B,brown,0.00899935376001004,0.956637626945297,0.160663131498067,0.0521153127601864,0.342140801116471,FALSE
FNDC4,red,0.126390733360771,0.44325293696054,0.0194602784548605,0.0271834420804837,0.345387844334132,FALSE
FNTA,blue,0.0108398198150264,0.94778066755674,-0.13110035195873,0.306274284524157,0.664884084958041,FALSE
FOCAD,brown,0.00260208328761813,0.987456726303788,0.342058936464206,-0.314677918428346,0.214384369234531,FALSE
FOLR2,lightyellow,-0.053975250859111,0.744162252971539,-0.0684771172772955,0.0567027325300696,0.846269227777831,FALSE
FOS,pink,0.0442623739022587,0.789041019204729,-0.0455854785783171,0.111609359717657,0.447029586431122,FALSE
FOSL1,purple,-0.299002790507446,0.0644471290768756,-0.454963295572585,0.126392501259369,0.776664512335447,FALSE
FOSL2,grey,0.0403457410432179,0.807338735579755,0.10110473667551,-0.0256568793846293,,FALSE
FOXA1,brown,0.176247675205996,0.28314316886273,0.361940855702329,-0.130656366555994,0.396675640099405,FALSE
FOXA2,cyan,0.26179143025128,0.107416740529463,0.450383076406519,-0.0597586361350333,0.557818424723339,FALSE
FOXB1,grey,0.20891206371171,0.201833169124539,-0.0342055377784205,0.0339900427466866,,FALSE
FOXC1,lightcyan,0.158991038982667,0.333662902530629,-0.13205942646418,-0.0856606464693686,0.460490499277834,FALSE
FOXC2,turquoise,0.263035705879426,0.105695744007039,-0.082379300110653,-0.0393093130809386,0.444614248777363,FALSE
FOXE3,purple,-0.0638102634466209,0.69955335411351,-0.293485626269208,-0.153803116121448,0.62620971762457,FALSE
FOXF1,black,-0.0775953967669378,0.63869372210265,-0.35425957200027,-0.0141369911356388,0.786904270551379,FALSE
FOXF2,yellow,-0.0363494088539267,0.826113490355996,-0.533736081609879,0.136511643432438,0.396408281300718,FALSE
FOXG1,grey,0.166624856224851,0.310665763354014,-0.15644303491581,-0.111877970020454,,FALSE
FOXH1,grey,-0.206522127495435,0.207157821310919,0.0194520900727062,-0.246593140417311,,FALSE
FOXJ2,purple,-0.0339965988743313,0.837212444798822,-0.36162082691932,-0.0482066629168172,0.64673330816899,FALSE
FOXJ3,yellow,-0.268964761905058,0.0977816986687,-0.669442890950622,0.576585590223059,0.722991417350219,FALSE
FOXK2,turquoise,0.309387507628415,0.0552911446057709,0.592115923181991,-0.41691345521707,0.618428426225701,FALSE
FOXN3,yellow,-0.162555261545104,0.322797687791337,-0.654819632253024,0.454289352688806,0.716551803444572,FALSE
FOXO1,blue,-0.0588047341699666,0.722143710972847,-0.425971125042919,0.478184579920061,0.286487601325806,FALSE
FOXO3,grey,-0.299724448834058,0.0637743870257724,-0.150840747778172,0.260942135316161,,FALSE
FOXO4,midnightblue,0.141684039001395,0.38957912277693,0.307380802221298,-0.140189684329046,0.643654168195747,FALSE
FOXP3,turquoise,0.168085491024905,0.306382769617328,0.361725893819252,-0.268977590395439,0.510314940468685,FALSE
FOXRED2,blue,-0.0481872665280429,0.770815971609495,-0.0434588062803891,0.123112240386998,0.389943467323357,FALSE
FPGS,turquoise,-0.0537950025945927,0.744988058856291,0.209734315155245,-0.0882461549237726,0.701137614586879,FALSE
FPR1,brown,0.34601460853851,0.0309510925175581,0.340513896934881,-0.310935277028164,0.366914509570315,FALSE
FPR3,grey60,0.16784880958269,0.307074226870391,0.0661971358791122,-0.261551471691915,0.66146212149007,FALSE
FRAS1,black,-0.320974447800255,0.046334443570385,-0.403185729025331,0.0915906199527664,0.743390134649793,FALSE
FRAT1,turquoise,0.25536566191165,0.116644918046179,0.669983044234844,-0.606958893987865,0.605618223877583,FALSE
FRAT2,turquoise,0.202769145086164,0.215715129147174,0.625146550592941,-0.518350028317515,0.531746816794869,FALSE
FRG1,grey,0.146266044166781,0.374269643090941,0.0902688734873476,-0.0547220319750479,,FALSE
FRMD4A,grey,0.0821293590677817,0.619152783593225,0.0671635397004439,-0.206230245024153,,FALSE
FRMD4B,lightgreen,-0.191840761502567,0.242012244667202,-0.338063452309651,0.233614633079218,0.546954414837828,FALSE
FRMD8,purple,0.184012147471918,0.262127991277074,-0.178461625010183,-0.00252904475174199,0.547302466849935,FALSE
FRS2,red,-0.324517823494343,0.0438424947182482,-0.242996660813352,0.0773548635649646,0.303917341909119,FALSE
FRS3,turquoise,0.0938076559391136,0.570019078947129,0.244068449715555,-0.408455176374145,0.331815929931596,FALSE
FRY,yellow,-0.20311436526252,0.214917943293635,-0.275278124465307,0.14406736790931,0.560354599888822,FALSE
FRYL,yellow,-0.324521440738271,0.0438400074109272,-0.564788884699075,0.6333430389936,0.851762573191324,FALSE
FRZB,tan,-0.263823794034416,0.104616612060223,-0.413838804370907,0.239543985126228,0.762050757506617,FALSE
FSCN1,greenyellow,0.21124093962678,0.196737307195112,0.58386098693832,-0.488430142296701,0.815688872202221,FALSE
FSD1,grey,0.300608641847252,0.0629577206300851,-0.164511135161911,-0.194236685433099,,FALSE
FST,magenta,-0.158911153068915,0.33390898935393,-0.303787859303223,0.439876863509671,0.439876863509671,FALSE
FSTL3,midnightblue,0.196377724867753,0.23084412150137,0.365068031683589,-0.457978366577665,0.697879699720926,FALSE
FTCD,turquoise,0.177197506500677,0.280515271257971,0.300926166384234,-0.104020280145545,0.659697254559975,FALSE
FTH1,turquoise,0.236951862193518,0.146391713034616,0.572681922572617,-0.167431367590428,0.795500049977232,FALSE
FTL,darkturquoise,0.0446594445502845,0.787192023481618,0.0413388205532498,-0.0710581746935739,0.416670206651015,FALSE
FTO,yellow,-0.345328152097556,0.0313080219293694,-0.4617379029296,0.363773258661202,0.820558634402272,FALSE
FTSJ1,brown,0.302688237294932,0.0610696017672272,0.617759150815427,-0.329079046369577,0.593764478423053,FALSE
FTSJ3,turquoise,0.207187945579578,0.20566469362283,0.511336655517001,-0.382784720915852,0.436886226940289,FALSE
FUBP1,black,0.0830482317818314,0.615223220779065,-0.0088698578250733,-0.382956900246685,0.385272819484723,FALSE
FUCA1,darkgreen,-0.115070220992516,0.485455304860381,0.206966571231194,0.201599476273546,0.715296868598601,FALSE
FURIN,green,0.191376039822643,0.243176420068809,0.805961861407979,-0.570378578171102,0.805961861407979,FALSE
FUS,turquoise,0.161471839810653,0.326076734597259,0.524328797920498,-0.345775789248345,0.767567401178401,FALSE
FUT5,turquoise,0.0954051591365383,0.563439213743357,0.105975670136608,-0.260646284783403,0.53531026530003,FALSE
FUT6,turquoise,0.173696483377356,0.290280461910816,0.265429753608863,-0.231415123626149,0.402361906697285,FALSE
FUZ,turquoise,-0.106537662684758,0.518589014106081,0.0406481709067275,0.0986660481592508,0.484998915125341,FALSE
FXN,magenta,0.241006162646445,0.139407877056084,0.197774040570242,0.192504472778009,0.192504472778009,FALSE
FXR1,blue,-0.115987663474899,0.481959367780761,-0.315402071344365,0.588797611713278,0.505537850654465,FALSE
FXR2,turquoise,0.0773049110292595,0.639954111160031,0.188360860831885,-0.107167233180376,0.366644361904897,FALSE
FXYD1,turquoise,0.148158341157243,0.368052678094532,0.312635557204627,-0.110097629158184,0.714635040963454,FALSE
FXYD3,blue,-0.295455587709835,0.0678359183706586,-0.386796746271497,0.247228179480456,0.411035755942966,FALSE
FXYD5,salmon,0.249550932852129,0.125498970499418,0.288004547475925,-0.454294169952238,0.844035382094381,FALSE
FXYD7,yellow,-0.351752352562163,0.0280967047174717,-0.336084316705478,0.0719995379905544,0.309753989968384,FALSE
FYB1,greenyellow,0.0806237009125093,0.625614314876582,0.0347822157861967,-0.159946802335999,0.651225928893914,FALSE
FYCO1,blue,-0.0852024721936212,0.60605213662072,0.221690100635174,-0.0838548618291819,0.313705189529192,FALSE
FYN,lightyellow,-0.108055120199491,0.512615662877729,-0.130896445707153,0.280025825365992,0.465474485898646,FALSE
FZD1,grey60,0.304380484290382,0.0595665863818812,-0.123734797362284,-0.179366826924003,0.599520247781415,FALSE
FZD4,yellow,-0.231552732064319,0.156086033330828,-0.710584042365736,0.53395619919917,0.679594154867285,FALSE
FZD5,yellow,-0.286124782615726,0.0774228840169517,-0.446557667180209,0.560443273822268,0.63003613814441,FALSE
FZD9,turquoise,0.312165318372032,0.0530271452326805,0.045728680888606,-0.0311825875968928,0.26041824985746,FALSE
FZR1,turquoise,0.309499054120229,0.0551987665930054,0.514479842017125,-0.396485376511874,0.847264083121595,FALSE
G0S2,turquoise,0.31615243582385,0.0499079361151707,0.581105510819963,-0.315551841666714,0.457816837529321,FALSE
G3BP1,blue,-0.112189450211334,0.49651752521058,0.213137482762014,-0.0181838709307228,0.147309857350876,FALSE
G3BP2,blue,0.0265445226656491,0.872561901463771,-0.128652189059642,0.280565846262761,0.820000324287138,FALSE
G6PC1,magenta,-0.125743276255593,0.44561102058478,-0.244253046878964,0.436064118908987,0.436064118908987,FALSE
G6PC3,blue,0.0135919788926217,0.93454818363005,0.105751550011993,-0.14964667736668,0.241483242633394,FALSE
G6PD,cyan,0.180986776505869,0.270190009884477,0.410312104523111,-0.298697223269172,0.516373201362061,FALSE
GAA,turquoise,0.171287261275776,0.297126205818465,0.44981080035952,-0.171813401693424,0.777039645247067,FALSE
GAB1,yellow,-0.529758048791541,0.000523881599524693,-0.446295961873906,0.215415108645017,0.297852632779791,FALSE
GAB2,black,0.239690256459667,0.141647120444151,-0.146462798537962,-0.0991020740957063,0.38666893494896,FALSE
GABARAP,blue,-0.173040609328155,0.292133945571488,-0.14400520152751,0.190674227147891,0.35229161787206,FALSE
GABARAPL1,magenta,-0.0111882676066943,0.946104480533877,0.0160278904859227,0.487956209418544,0.487956209418544,FALSE
GABARAPL2,pink,0.051221446880805,0.756809030708107,0.28300339378762,0.0735201304130039,0.866979094216312,FALSE
GABARAPL3,darkred,-0.0329740990512348,0.842045734944435,-0.145959245863758,0.338802580204364,0.376228341919952,FALSE
GABBR1,black,-0.200590644046487,0.2207928458292,-0.462275246533009,0.00998298058459526,0.776976659691831,FALSE
GABRD,grey,0.0691505125771327,0.675730790923073,-0.0876992779478846,-0.0484332796811139,,FALSE
GABRE,turquoise,0.3581626098967,0.0251685814540494,0.359493450359716,-0.57993977267886,0.195164596233119,FALSE
GABRR2,purple,0.156633961629525,0.340970978722928,0.0221768430735412,-0.112481450033827,0.492483523482184,FALSE
GADD45A,green,0.264419008331417,0.103807157807769,0.680240906660521,-0.449336690306811,0.680240906660521,FALSE
GADD45B,turquoise,-0.149705485735967,0.363015783751,-0.0339310746620987,0.1855031299035,0.260401548132429,FALSE
GADD45G,grey,-0.146420474473076,0.37375995602919,0.00988634019644847,0.221307214458841,,FALSE
GADD45GIP1,turquoise,0.174174950227651,0.288933123987257,0.30344646320252,-0.155048332275721,0.417005796764975,FALSE
GAK,turquoise,0.117218424580464,0.477290221885154,0.641695283579186,-0.527026730776902,0.423722292134564,FALSE
GAL3ST1,turquoise,0.198887338164249,0.224819763529594,0.393207561121105,-0.219189113145233,0.55861507206007,FALSE
GAL3ST4,black,-0.170739726548872,0.298696323999766,-0.0523696757366039,-0.232233980276969,0.588197180516762,FALSE
GALC,blue,-0.347612609189775,0.0301331530121941,-0.361584921677548,0.41620157190756,0.683199885546738,FALSE
GALE,turquoise,-0.0289606200959172,0.861070797270299,0.461823944463353,-0.23521375720783,0.774409859459226,FALSE
GALK1,turquoise,0.194443307314531,0.235562119660368,0.462424950310016,-0.180598949328398,0.672340500645388,FALSE
GALNS,turquoise,-0.291672471248875,0.0716033066722167,0.356323841844053,-0.366170998078235,0.336631935319044,FALSE
GALNT1,blue,-0.180032456244926,0.272766541102375,-0.112167455277809,0.324664431962815,0.801699744057793,FALSE
GALNT10,grey,0.0205295876131793,0.901276562588052,0.232363916761793,-0.42382962029791,,FALSE
GALNT11,green,0.0907214055454643,0.582829356696431,0.500546879892288,-0.235128823583595,0.500546879892288,FALSE
GALNT14,blue,-0.193609014890748,0.237616988344166,-0.33766005635821,0.0929050217062284,0.355002052284593,FALSE
GALNT2,green,0.369254250726624,0.02070098342882,0.859489871756947,-0.505508011814302,0.859489871756947,TRUE
GALNT3,grey,-0.0036269903599401,0.982516839938542,-0.407932272437232,0.346815497839935,,FALSE
GALNT6,black,-0.0188486047457907,0.90932518451362,-0.219180027942547,-0.121993917719994,0.428589346716366,FALSE
GALR3,turquoise,0.33907158528954,0.0347198162474575,0.238333114263293,-0.297786369392765,0.493571278943487,FALSE
GALT,green,0.263523813588923,0.105026383317101,0.651622227824585,-0.472523674184177,0.651622227824585,FALSE
GAMT,turquoise,0.277100125199127,0.0876714305427169,0.419956022637578,-0.187392168940067,0.779316507677627,FALSE
GANAB,blue,-0.000985379135204481,0.995249845224803,-0.0612603244660086,0.264426043756033,0.58015943592361,FALSE
GAPDH,brown,0.249728881748322,0.125220769982041,0.774659441662821,-0.441776371698926,0.880544720460144,FALSE
GAPVD1,blue,-0.0774299404336648,0.639411498484045,-0.0248818076392711,0.393224107528115,0.548822388329744,FALSE
GAR1,royalblue,-0.0588634139228566,0.721877490188733,-0.208241134774971,0.228118958823596,0.635332055990861,FALSE
GAREM1,grey,-0.0992178245792124,0.547878969370879,-0.2569106900909,0.374170878246297,,FALSE
GARRE1,blue,-0.191596186241857,0.242624461228289,-0.220247832445461,0.291600861207152,0.496168813079062,FALSE
GARS1,green,0.170329819199809,0.29987524955291,0.54165955532005,-0.222008792549708,0.54165955532005,FALSE
GART,red,0.112351637018854,0.495891320918065,-0.010696458467632,0.0247020827205878,0.58712497244459,FALSE
GAS1,tan,-0.160998387367153,0.327516163490449,-0.418101536558606,0.125551494529729,0.690445600435967,FALSE
GAS2,yellow,-0.248917443661213,0.126493098925848,-0.604620358416108,0.621540001727133,0.768734275414697,FALSE
GAS2L1,turquoise,0.31907981255602,0.0477130560857946,0.576077258395505,-0.404398956645712,0.819657298785249,FALSE
GAS6,green,0.549561715344128,0.000290508167031858,0.703416857286579,-0.746738005158857,0.703416857286579,FALSE
GAS7,black,0.063700334050847,0.700046829053896,-0.318752265151414,-0.0561001923797206,0.620314810101889,FALSE
GAS8-AS1,grey,0.00117789951453416,0.994321788222785,-0.466872873316736,0.180087316085771,,FALSE
GAST,grey,-0.0189441137416654,0.908867636323134,-0.0349662808381023,-0.335125802393318,,FALSE
GATA1,turquoise,0.198214348967511,0.226424607157993,0.111812597448355,-0.0438855581718545,0.43405250312661,FALSE
GATA3,black,-0.113981393531129,0.489621322936673,-0.300813351640244,-0.0394108898532492,0.445985933137188,FALSE
GATA4,brown,0.184685269056129,0.260356159420577,0.372967336934735,-0.292403113228321,0.496587402477885,FALSE
GATAD1,turquoise,0.0629325594116193,0.70349675880796,0.228504398359432,0.0547526885155813,0.465734422249621,FALSE
GATAD2A,turquoise,0.494355240766846,0.00137989130391138,0.664902894147329,-0.651218025779499,0.524421841047976,FALSE
GATB,brown,0.041172744940006,0.803466361996679,0.44021752552192,-0.220379586740731,0.541342391278974,FALSE
GATC,grey,0.0124279946650403,0.940142752073526,0.0893605771711615,0.00208268882230048,,FALSE
GATM,brown,0.141520788644839,0.390131225511271,0.460101872019998,-0.17065587960949,0.738461401002292,FALSE
GBA1LP,green,0.278432706248861,0.0860954068718615,0.753903692867458,-0.534180019934647,0.753903692867458,FALSE
GBA3,blue,-0.452048489664086,0.00386408020616518,-0.441000524896319,0.635141552254016,0.418164124072452,FALSE
GBE1,yellow,-0.238087765635116,0.144409675928891,-0.219429083972988,0.337214414227225,0.623273404681252,FALSE
GBF1,green,0.280802562772847,0.0833469215612398,0.797121456705935,-0.554918610366722,0.797121456705935,FALSE
GBP2,yellow,-0.298436859152058,0.064978617940928,-0.183083484445118,0.172261926160777,0.468062198506995,FALSE
GC,blue,-0.262625943854384,0.106260167002042,-0.352331309228054,0.443071614219288,0.273785470995553,FALSE
GCAT,darkred,-0.0102198419147476,0.950763577165516,-0.104156518190948,0.288788163989722,0.830195194521653,FALSE
GCC1,grey,0.0593146057404893,0.719831584991892,0.0805836464058827,-0.181320342120385,,FALSE
GCC2,yellow,-0.130337689859405,0.429026669953396,-0.29060060323498,0.277565014498298,0.710387611675666,FALSE
GCDH,darkred,-0.0215350805816427,0.896466812356591,-0.0911634565872916,0.34113237574353,0.808115885393877,FALSE
GCFC2,yellow,-0.259088138346547,0.111228982993104,-0.460305762439625,0.515271020126091,0.736617809090101,FALSE
GCGR,turquoise,0.277968633761571,0.0866417487131748,0.500589787553056,-0.208218528084692,0.792506193487894,FALSE
GCH1,blue,-0.205877862817495,0.20860977796347,-0.381949220257507,0.691254658942006,0.607614667385135,FALSE
GCHFR,darkred,0.0110094455426684,0.946964665131378,0.0224051603977898,0.159541264635536,0.81731950893845,FALSE
GCK,green,-0.0109857623555563,0.947078592411842,0.463817315597499,-0.46323264318972,0.463817315597499,FALSE
GCKR,turquoise,0.147258565064738,0.371001082111115,0.373675912679332,-0.0515269578527123,0.675378820392358,FALSE
GCLC,blue,-0.261029446013707,0.108481119201977,-0.283970660410811,0.552345583261483,0.63863783474355,FALSE
GCLM,pink,-0.109863641529967,0.50554175822054,-0.204606590686978,0.543889603385797,0.568897418721778,FALSE
GCN1,turquoise,0.287809370962213,0.0756179873451909,0.718533191631585,-0.573500166833073,0.719461597250078,FALSE
GCNT1,greenyellow,0.0232055997728402,0.888484067005184,0.0839741920419217,-0.0384342857288091,0.485585550597312,FALSE
GCNT3,grey,-0.131240550676721,0.425808596129581,-0.17743311661793,0.101212422119783,,FALSE
GCNT4,grey,0.0262933918090614,0.873757816791536,-0.168158197637728,0.0847876864120696,,FALSE
GDAP1L1,turquoise,0.311548569225734,0.0535232887006555,0.354398961434006,-0.212314655928723,0.573321193607156,FALSE
GDAP2,red,-0.164762815968336,0.316180438490052,-0.325403657706393,0.24258411064439,0.609178290388151,FALSE
GDE1,brown,0.158332708261695,0.335694223036099,0.474308359158766,-0.111114317319384,0.766739016818634,FALSE
GDF11,turquoise,0.27749183291027,0.0872058664854584,0.413170055231514,-0.383892159137822,0.480113373437729,FALSE
GDF15,turquoise,0.386203586803632,0.0151646642275687,0.32328510908995,-0.210079172921365,0.497871355419169,FALSE
GDF2,turquoise,0.492872244792963,0.00143382600458633,0.613736572280078,-0.546760034555773,0.612810452711272,FALSE
GDF7,black,0.0147764410864962,0.928858371376241,-0.622051089872344,0.137069046168148,0.544303468125057,FALSE
GDI1,tan,-0.182274844831066,0.266737859226532,-0.00256956890615181,-0.11477597640942,0.45625988766181,FALSE
GDI2,blue,-0.311279052723761,0.0537412645680811,-0.25252259541005,0.386094498416708,0.746139202426288,FALSE
GDPD3,grey,0.42291686821938,0.00731076891927561,-0.107909549494165,-0.119503700125892,,FALSE
GDPD5,green,0.315613110949909,0.0503210246024961,0.378435785152877,-0.55038875328029,0.378435785152877,FALSE
GEM,tan,0.146939073079726,0.372051371323876,-0.0834155856434418,-0.241291484681299,0.751979791287084,FALSE
GEMIN2,yellow,-0.357216958447266,0.0255839031220531,-0.412267895449206,0.210341748689062,0.580794453536023,FALSE
GEMIN4,yellow,-0.106375714271962,0.51922854129359,-0.318440163394065,0.129517648842431,0.126127226784861,FALSE
GEMIN6,blue,-0.216576023821868,0.185405671034318,-0.372443912057334,0.445076034087507,0.588270346494352,FALSE
GEMIN7,blue,-0.0956428395947637,0.56246325417786,0.00554741281856221,-0.0403531841847694,0.312160351602259,FALSE
GET1,blue,-0.155467593298645,0.344623341464962,-0.404892384553093,0.487014001875029,0.628409849741773,FALSE
GET3,brown,0.256820025704822,0.114505773348803,0.656168510818164,-0.332283989360257,0.80048800981103,FALSE
GFAP,purple,-0.173136255810064,0.291863177344448,-0.410825634548043,0.113428847516716,0.598918901780077,FALSE
GFER,turquoise,0.193383419272757,0.238174710632064,0.555909829437827,-0.592947300942716,0.643402193589563,FALSE
GFI1,grey60,0.0990783144672992,0.54844472749622,-0.400564176047924,0.123850536230807,0.599783962769886,FALSE
GFOD1,turquoise,0.170666346169998,0.298907153392795,0.299133308436537,-0.35678796505055,0.512874215591948,FALSE
GFOD2,purple,-0.149283127225954,0.364386693768559,-0.176671014959495,0.0661347191116306,0.618588640532893,FALSE
GFOD3P,grey,0.0388109101857987,0.814537391495698,0.0324795815758562,-0.103592457542813,,FALSE
GFPT1,green,0.288763821809165,0.0746100808111235,0.49430335531905,-0.352774935911083,0.49430335531905,FALSE
GFPT2,black,-0.206455192927639,0.207308341239936,-0.113253965350528,-0.0531712893089724,0.606566603959563,FALSE
GFRA2,grey,-0.143495197603266,0.383484520455127,-0.230289783561704,0.0572145874922635,,FALSE
GFRA3,black,-0.33000839329086,0.0401964062137985,-0.451840377018865,0.0488663915896248,0.492308507602779,FALSE
GFRA4,purple,-0.138060048223258,0.401942196198603,-0.641167721818741,0.265429885210502,0.844801023814702,FALSE
GFUS,brown,0.190502325002923,0.245375367577859,0.84017926468464,-0.493988216111154,0.871664488563548,FALSE
GGA1,turquoise,0.190832771631447,0.244542139387008,0.589153853264594,-0.708346641787447,0.614144651964788,FALSE
GGA2,blue,-0.1325567648531,0.421141492122218,-0.321424704813166,0.127614213791588,0.410301062016774,FALSE
GGA3,turquoise,0.360105121381961,0.02433298160028,0.560756045051361,-0.474374161106789,0.653660813821254,FALSE
GGCT,brown,0.0390194624797094,0.813558344656061,0.35744041053652,-0.128153669375989,0.406190004685078,FALSE
GGCX,turquoise,-0.0446381570875281,0.787291121418757,0.234098417305514,0.247677899456287,0.334490530297227,FALSE
GGH,pink,-0.0782748651771541,0.635749485716563,0.213383918454756,0.0237573164139141,0.501954123135426,FALSE
GGNBP2,yellow,-0.186631171509483,0.255278805332797,-0.470518898936469,0.333278322960108,0.865936849193855,FALSE
GGPS1,blue,-0.198783042111526,0.225067961553313,-0.329976725546,0.539355218891507,0.780311139428224,FALSE
GGT5,greenyellow,0.341105724601398,0.033578694271217,0.491090815658405,-0.466281585414228,0.733717485208736,FALSE
GGTLC1,turquoise,0.0110841837174021,0.946605146151639,0.351352311079482,-0.313952778754996,0.664603639599937,FALSE
GH1,purple,0.0818172191300121,0.620490036796757,-0.277561813711509,0.086577310606284,0.590831791272442,FALSE
GHITM,blue,-0.0257320175302396,0.876432145007778,-0.0631691013319583,0.368534705510715,0.779212048827712,FALSE
GHR,brown,0.0862276609849281,0.601708382989775,0.380244603581463,-0.118902495870314,0.289936075224194,FALSE
GID4,blue,-0.16957404067408,0.302056715758895,-0.18969446669591,0.160602973323875,0.419529174414426,FALSE
GID8,turquoise,0.120325378183264,0.465609723556731,0.258855448485792,-0.209488398563503,0.515946945012587,FALSE
GIGYF2,yellow,-0.162026545362728,0.324395297427285,-0.511673211741532,0.250354387788364,0.767099908866879,FALSE
GIMAP4,tan,-0.12744181395135,0.439439429804234,-0.385874299565475,0.135540363633642,0.679301975054796,FALSE
GINS3,blue,-0.287675500286281,0.0757602034236748,-0.220182749860188,0.162735334991011,0.547302503708598,FALSE
GIPC1,turquoise,0.278792129394981,0.0856741027481935,0.676208650257699,-0.637312113377873,0.670781229951122,FALSE
GIPR,turquoise,0.336570491778724,0.0361662076219949,0.10243202264471,-0.414865472889195,0.380930097091343,FALSE
GIT1,midnightblue,0.202594966025557,0.216118119156046,0.475982392212617,-0.702425991555466,0.684959284351629,FALSE
GIT2,yellow,-0.101211808971451,0.53982309586239,-0.369529653233162,0.164963196736759,0.59377528235701,FALSE
GJA3,turquoise,0.314739725242617,0.0509958042174267,0.272813171217582,-0.272534341322922,0.590260374759933,FALSE
GJA4,turquoise,0.165260769014368,0.314699688122749,0.201342462864439,-0.101118368772718,0.312599243037623,FALSE
GJB1,brown,0.122060722629497,0.459152668908958,0.537914926301542,-0.127154901216263,0.803037742474966,FALSE
GJB4,purple,-0.0490499466013492,0.766825998976591,-0.474651349218592,0.0852131864219484,0.820631418509009,FALSE
GJC1,lightgreen,0.0973469474084565,0.555488898658473,-0.363346044244451,0.0796124797913216,0.618072320637647,FALSE
GJC2,lightcyan,0.411458043100424,0.00925872583800131,0.324751656273589,-0.433040965287975,0.699224956875672,FALSE
GJD2,black,0.00977586517642999,0.952900098446867,-0.196447552773031,0.113218896537406,0.249757205788501,FALSE
GLA,cyan,0.163853687779541,0.318895180100151,0.180418200066635,0.00715360051819508,0.430305356875718,FALSE
GLB1,brown,-0.0508129434198811,0.75869049241124,0.485703545886576,-0.0118571085122942,0.765523372765707,FALSE
GLB1L,black,0.0813141534003557,0.622647776194855,-0.277856154685456,-0.00855034746904243,0.536958705562468,FALSE
GLDC,turquoise,0.237313866860823,0.145757897344108,0.566512766406002,-0.464936683369904,0.556402550281573,FALSE
GLE1,grey,-0.193446141495209,0.238019558569861,-0.422285267666539,0.188948929788398,,FALSE
GLG1,brown,-0.0951970916989643,0.564294218788183,0.204476186508491,-0.124195581702285,0.277753219517102,FALSE
GLI1,grey,-0.0986937751992437,0.550005587773472,-0.233005529308047,-0.0217882270960194,,FALSE
GLI2,midnightblue,0.0374721983263107,0.820828516280766,0.0428343854751266,-0.182050359701795,0.644095628247812,FALSE
GLIPR1,tan,0.0414795474875708,0.802030956046674,-0.312928059496494,0.111937345873171,0.823197694022448,FALSE
GLO1,blue,-0.0714679426431154,0.665487324122597,-0.111084414433186,0.35315800165773,0.506035698712191,FALSE
GLOD4,blue,-0.000277304077438735,0.998663210828671,0.148674583012024,0.196022988059451,0.512268447977579,FALSE
GLRX,blue,-0.0109735020685264,0.947137570572549,-0.169638806263233,0.338402855649055,0.699490618649678,FALSE
GLRX2,pink,0.0159438555507195,0.923253860398278,0.220755676035956,-0.0737226403569476,0.529533783971112,FALSE
GLRX3,grey,-0.045246530780747,0.784460311926832,0.0512224423670949,0.14865881140482,,FALSE
GLRX5,grey,-0.0845381492097264,0.608874052981585,0.179986442628779,-0.0375490623208495,,FALSE
GLS,tan,-0.0295555946402856,0.858245291310664,-0.212657773552749,-0.00714933244631216,0.738565387762948,FALSE
GLS2,magenta,-0.24763325744718,0.128526377642093,-0.326979938382648,0.598467353653615,0.598467353653615,FALSE
GLT8D1,grey,-0.0494288089644308,0.765075591466172,-0.140158754329587,0.18205027937695,,FALSE
GLT8D2,black,-0.0726198196017495,0.660417857266447,-0.273548545875268,-0.0322947658771396,0.756676815364472,FALSE
GLUD2,turquoise,0.13370342317648,0.417099175787946,0.289480478311524,-0.0067808181555614,0.620288598714745,FALSE
GLUL,blue,-0.0955268033377287,0.562939622555055,0.0589837100020092,0.0601416068713159,0.152883554836051,FALSE
GLYAT,magenta,-0.23109801495608,0.156923306790142,-0.342254253149077,0.751180410829429,0.751180410829429,FALSE
GLYR1,brown,0.0824048900624918,0.617973371688206,0.673469447775602,-0.315648239494117,0.803084289701225,FALSE
GM2A,green,0.149857920612377,0.36252176503827,0.500630145263829,-0.437702023743957,0.500630145263829,FALSE
GMDS,turquoise,0.142473500199791,0.386915649732205,0.442142501837858,-0.258164753508481,0.53318030363898,FALSE
GMEB1,brown,0.0589792491427653,0.721352058888593,0.338196676978121,-0.221878829271166,0.31208275751028,FALSE
GMEB2,turquoise,0.249021103557405,0.126330025505792,0.351040526308904,-0.27008899387651,0.400136946261214,FALSE
GMFB,blue,-0.0130790489461724,0.937013161628728,-0.00333737036853424,0.0262350443539924,0.670497163326429,FALSE
GMFG,greenyellow,0.0203694666152395,0.902042822683707,0.192186151191186,-0.20257005297984,0.777743249981677,FALSE
GMIP,greenyellow,0.233998399985316,0.151638485045196,0.137279168988861,-0.233207845115264,0.300497801671901,FALSE
GMNN,blue,-0.110152278612702,0.504417353332434,-0.191962295091623,0.215213927487585,0.514085347374254,FALSE
GMPPA,green,0.306165265368407,0.0580134142587299,0.790549067467643,-0.499808163791607,0.790549067467643,FALSE
GMPPB,green,0.366847910448029,0.0216092360263092,0.721356398108316,-0.463236814488113,0.721356398108316,FALSE
GMPR,greenyellow,0.0931261757480316,0.572836636119248,0.153066690820878,-0.11392896933735,0.586625735211724,FALSE
GMPR2,cyan,-0.0417647237726765,0.800697304796028,0.160913665055703,0.215978076420007,0.746189975361588,FALSE
GMPS,blue,0.121081684832513,0.4627896476209,0.0475990951992383,0.145002963542914,0.444243242524354,FALSE
GNA11,turquoise,0.350611701567693,0.0286461264924321,0.692504501272298,-0.385753654912904,0.799474638416223,FALSE
GNA12,green,0.368185478829395,0.0211003645534884,0.731689580618921,-0.512272675592818,0.731689580618921,FALSE
GNA14,yellow,-0.0794532696407738,0.630656370997015,-0.461685606438943,0.183964747266483,0.627782271447207,FALSE
GNAI2,brown,0.240704888105248,0.139918227274781,0.613368800495808,-0.437485058744688,0.735631319159933,FALSE
GNAI3,blue,-0.241406983627055,0.138731029463999,-0.12340870674571,0.253704197829215,0.823266273376386,FALSE
GNAO1,red,-0.0834465563468929,0.613523058104224,-0.228822100798751,-0.025534650116154,0.300677355886247,FALSE
GNAQ,blue,0.0196665235173681,0.905407787870926,0.029919355750215,0.128883793518732,0.557257378315805,FALSE
GNAS,brown,0.220512738625339,0.177346381036236,0.569207148297398,-0.22818929242316,0.757181140924702,FALSE
GNAT1,turquoise,0.193294261405573,0.238395372695035,0.373150350542374,-0.225931117726244,0.608924824228239,FALSE
GNAZ,lightcyan,0.0473831278594083,0.774540430632948,-0.096277917413993,-0.0450028236036341,0.549099480686788,FALSE
GNB1,green,0.126326309668155,0.443487265734295,0.570134758387759,-0.205747610605421,0.570134758387759,FALSE
GNB2,turquoise,0.283210413030684,0.080624648287487,0.650605827663199,-0.369654607683748,0.888580574640126,FALSE
GNB5,turquoise,0.358782853377553,0.024899225886131,0.2736661169581,-0.0101613691461951,0.397645905533113,FALSE
GNE,blue,-0.396838806774371,0.012374425361455,-0.457059375863917,0.60174428222701,0.632707281300522,FALSE
GNG11,greenyellow,0.168122864298772,0.306273675304669,0.190922475502105,-0.27145365265277,0.679051372963911,FALSE
GNG12,tan,0.0400180469683338,0.808874393114224,-0.18828025453248,0.100289126919062,0.661610346368676,FALSE
GNG5,pink,0.0131483166196568,0.936680248934376,0.144308869364007,0.175710814168494,0.785764787896845,FALSE
GNG7,turquoise,0.178031452203016,0.278221130658619,0.207349733617196,-0.0175319101715492,0.445784675389857,FALSE
GNL1,turquoise,0.347905705047283,0.0299850814394741,0.389883495874467,-0.530798091423192,0.480847104912456,FALSE
GNL3,blue,-0.165806749751485,0.313081150989979,-0.190792299745434,0.0956325875849656,0.487964707726363,FALSE
GNL3L,turquoise,0.127262686940001,0.440088054662783,0.25073246403926,-0.297053583532567,0.344523126734563,FALSE
GNLY,grey,0.299071607416444,0.0643827356099415,0.295150123649089,-0.225104012084697,,FALSE
GNMT,magenta,-0.190304079732583,0.245876162471905,-0.338509109576841,0.608959279842375,0.608959279842375,FALSE
GNPAT,yellow,-0.288407944593216,0.074984652162107,-0.482581760270164,0.586362175526489,0.649374304653463,FALSE
GNPDA1,brown,0.0800229473337819,0.628200200020732,0.244538116109684,-0.146007628909621,0.281868208161539,FALSE
GNPTAB,red,-0.167154145705349,0.309109381857301,-0.171978892857826,0.0675563351517824,0.844021575235229,FALSE
GNRH2,turquoise,0.200465351757609,0.2210873580801,0.264016766168289,-0.203563062551728,0.619865842428325,FALSE
GNS,blue,-0.203735141012139,0.213489568155217,-0.00816913212356212,0.178445880427457,0.616057137738471,FALSE
GOLGA1,red,0.000506580146041283,0.997557951004809,0.00569877103308933,-0.166693691427585,0.409773427624347,FALSE
GOLGA2,green,0.143878161003377,0.382203046016564,0.670987277362746,-0.480872799803933,0.670987277362746,FALSE
GOLGA2P5,turquoise,0.121019811519211,0.46302001395909,0.129642675694222,-0.0458393932564458,0.537131878113716,FALSE
GOLGA3,turquoise,0.301639102925926,0.0620164380090503,0.665772958150778,-0.587485985511857,0.563781638439867,FALSE
GOLGA4,blue,-0.029179014422212,0.860033452974728,-0.0919322342398491,0.353999027562701,0.326500056263847,FALSE
GOLGA5,brown,0.156372268431131,0.341788368797871,0.534778083700677,-0.154379615227895,0.534920792168828,FALSE
GOLGA7,pink,0.0734903715782403,0.656596389834695,0.191927898804438,0.13473487284397,0.715464258164445,FALSE
GOLGB1,blue,0.045380582784922,0.78383692372244,0.0497379108809273,0.214929255544331,0.340587492832494,FALSE
GOLIM4,blue,-0.216405480625896,0.185760580590363,0.0211202364637426,0.133102217410847,0.269998320534854,FALSE
GOLM1,green,0.545802701953227,0.000325830082701355,0.526254491317914,-0.673804234599708,0.526254491317914,FALSE
GOLPH3,pink,0.259808021648361,0.110203931669808,0.292159696973159,0.133196927013072,0.761706869235532,FALSE
GOLPH3L,blue,-0.195799938430368,0.232246533038279,-0.34743954526982,0.364149673762598,0.766606529191308,FALSE
GON4L,yellow,-0.238930359202516,0.142952224101173,-0.208693776696273,0.0802183383644732,0.347472419836171,FALSE
GORASP1,turquoise,0.335160913311364,0.0370028272480282,0.571500332176357,-0.349863886135578,0.419954691430271,FALSE
GORASP2,brown,0.169789396199685,0.301434088447855,0.651124418462383,-0.385074308144968,0.865909861820735,FALSE
GOSR1,blue,-0.0875734249430511,0.596026883593172,-0.0970343697775507,0.365712248942857,0.275076925429659,FALSE
GOSR2,turquoise,0.22045261517027,0.177467553830542,0.690462520157958,-0.498117163729591,0.445858678825353,FALSE
GOT1,magenta,-0.187730579426176,0.252439546616081,-0.302041912057807,0.647414312382784,0.647414312382784,FALSE
GOT2,blue,0.205535736769289,0.209383683127596,0.381684030029062,-0.0013498602377867,0.30446879229669,FALSE
GP1BA,purple,0.338613582826508,0.0349810787039017,0.16990400166278,-0.356641685436115,0.402143506931613,FALSE
GP9,turquoise,0.27406843788537,0.0913400272552288,0.527259473451756,-0.493199050700102,0.816517069998453,FALSE
GPAA1,brown,0.238368880572672,0.143922216979444,0.66204239039781,-0.345082314449839,0.902391079826172,FALSE
GPATCH2,yellow,-0.37879557627585,0.0174074489191584,-0.510341739239822,0.319819100695155,0.87714762591698,FALSE
GPATCH3,turquoise,0.333440941242121,0.0380450015226018,0.568963088460058,-0.463959458759305,0.473405585615273,FALSE
GPATCH4,red,0.039148869600705,0.81295098440603,0.05815668025799,-0.204420066067513,0.557625582474305,FALSE
GPATCH8,yellow,-0.264189674640821,0.104118470383148,-0.579713927694475,0.215495869414791,0.45348058458607,FALSE
GPBP1L1,grey,-0.260818976482299,0.108776519155681,-0.252913796328778,0.36487760719122,,FALSE
GPC1,turquoise,0.404686223945174,0.0106065915869651,0.787985640669947,-0.655292928865735,0.598891563656384,FALSE
GPC3,black,0.000780595653274619,0.996237024045232,-0.140641940452777,-0.170727019873789,0.694796694449613,FALSE
GPD1,green,0.292942403480634,0.0703207603863288,0.686134259432327,-0.267024982344786,0.686134259432327,FALSE
GPD1L,black,-0.03350097933306,0.839554481884197,-0.486646227431679,0.192671419812029,0.560713423564236,FALSE
GPER1,turquoise,0.202990205339517,0.215204419863175,0.496280660791354,-0.337210819458251,0.722573234380319,FALSE
GPHN,pink,-0.129768015952203,0.431064117892422,-0.25603156192128,0.48153012094344,0.271077720972198,FALSE
GPI,brown,0.214127616385864,0.190547175716468,0.794864843087282,-0.408099757126903,0.879257418097195,FALSE
GPKOW,turquoise,0.0627095348404787,0.70450000222499,0.407020817477657,-0.114665047913787,0.531444676584144,FALSE
GPLD1,pink,-0.191651935847655,0.242484817994124,0.203602836637616,0.142445845773533,0.428098336552782,FALSE
GPM6A,tan,-0.312016932177666,0.0531461765734745,-0.540671280645205,0.360680729037497,0.805498465018912,FALSE
GPN1,red,-0.222324039742061,0.173723538320021,-0.430244335589255,0.338048368523714,0.777300479345689,FALSE
GPN2,turquoise,0.0865177231577011,0.600481829821797,0.573378289776997,-0.413899615160788,0.514516015394245,FALSE
GPN3,blue,-0.372745510954815,0.0194401148857255,-0.386780673294397,0.565432898672338,0.680784730834669,FALSE
GPNMB,lightyellow,0.171400252073319,0.29680285164159,0.116130990327387,-0.070647812193636,0.670922476585123,FALSE
GPR107,brown,0.126414584112412,0.443166201655099,0.5399785112695,-0.313079656488336,0.627399827442783,FALSE
GPR12,purple,-0.14595277131125,0.375304844761054,-0.457392534407251,0.195697420350393,0.643331481064596,FALSE
GPR132,greenyellow,0.461935290097719,0.00307271664862082,0.307364088667745,-0.43065044505048,0.605558947041132,FALSE
GPR135,grey,-0.237479522367692,0.145468532101209,-0.335705105296874,0.341486499485365,,FALSE
GPR137,turquoise,0.299693251218812,0.0638033545083237,0.597251707117243,-0.456775775390017,0.424356525490501,FALSE
GPR143,red,-0.162140498002822,0.324050552767521,-0.379303704932631,-0.0105417036490118,0.408866404083272,FALSE
GPR153,purple,0.130667680560228,0.427848912696621,-0.0937716151950476,0.118162634817074,0.36500778619551,FALSE
GPR157,turquoise,0.298352149149489,0.0650584698776779,0.546596238376008,-0.450537148245775,0.522038504720932,FALSE
GPR162,darkred,0.0739630466624849,0.654525079547518,0.088139046200001,0.118378397157806,0.753531367641461,FALSE
GPR173,grey,0.224749940832862,0.168954886217011,0.183674550287841,-0.210853567953377,,FALSE
GPR27,purple,0.0923480106810796,0.576061660680276,-0.114748675876516,-0.00929338054860301,0.392624899757124,FALSE
GPR3,purple,0.106312557106663,0.519478051934712,-0.519876873716642,0.145366036868518,0.645615053634597,FALSE
GPR35,yellow,-0.129064023177301,0.4335893754616,-0.33313195123924,0.107348777130705,0.3970010096474,FALSE
GPR37L1,black,0.0621500157619832,0.707019084126948,-0.0864678749111758,-0.20196610853464,0.329650249362365,FALSE
GPR52,yellow,-0.42560069127826,0.00690927452666185,-0.548356951531261,0.532799660728893,0.705221203571636,FALSE
GPR88,blue,-0.353451291600301,0.0272945325987851,-0.555513459206272,0.553745191777559,0.484525216898383,FALSE
GPRASP1,purple,-0.150818375692963,0.359418366787562,-0.600387405066122,0.265231205382272,0.680605483480769,FALSE
GPRC5B,tan,0.00787382444094844,0.962056661274005,-0.125007027460259,-0.030019491125643,0.695839616679147,FALSE
GPRC5C,turquoise,0.0964988406079374,0.558954857664076,0.366834216472702,0.000156674900379634,0.51402806276531,FALSE
GPRC5D,red,-0.0119404297802449,0.942487038986898,-0.0547430100067714,-0.165507989868843,0.539892147685485,FALSE
GPRIN2,black,-0.317420872250956,0.0489471330996994,-0.340454007195981,-0.0690385421481165,0.420513277127696,FALSE
GPS1,turquoise,0.187038866101321,0.254223447653532,0.567450221978245,-0.377542788554106,0.910847054937625,FALSE
GPSM3,grey60,0.00650823210989346,0.968633750407147,0.11068698590547,-0.37773957095175,0.641454278016214,FALSE
GPT,darkred,0.0806227995296529,0.62561819149516,0.192325609459261,0.0863178555837136,0.88588183624631,FALSE
GPX1,brown,0.288451555412169,0.074938671489681,0.652974980436556,-0.364598165947743,0.855570114296534,FALSE
GPX2,green,0.188924454578755,0.249380310030074,0.42186472663175,-0.256676012572881,0.42186472663175,FALSE
GPX3,brown,0.194484542074706,0.235460871789589,0.531552335347541,-0.311129613694957,0.760496748231725,FALSE
GPX4,brown,0.15311347878478,0.352067565553921,0.41649557019475,-0.199477520899406,0.788360986506049,FALSE
GRAMD1B,greenyellow,0.0496110745400762,0.764233903112074,-0.0403235055786244,-0.0129840536399786,0.302097762973595,FALSE
GRAMD1C,magenta,-0.364733306539317,0.0224345954744652,-0.654660294243693,0.698125309902221,0.698125309902221,FALSE
GRAMD2B,magenta,-0.315613259072261,0.0503209107742994,-0.620281534427539,0.681752255292014,0.681752255292014,FALSE
GRAMD4,turquoise,0.100172158821186,0.544016274015422,0.189541192659025,-0.0180099064994013,0.485787428642145,FALSE
GRAP2,grey,0.405930945468337,0.0103469977073861,0.143632295844544,-0.266919576546781,,FALSE
GRAPL-AS1,turquoise,0.00408551217969735,0.980307036157727,0.209280988974488,-0.154525846646786,0.559917575409493,FALSE
GRB10,yellow,-0.187688687380405,0.252547345957652,-0.386153277241491,0.276020436914492,0.320042411288164,FALSE
GRB14,royalblue,-0.390916882223226,0.0138687261356882,-0.544342017607847,0.666340619053958,0.887860482679146,FALSE
GRB2,brown,0.0921535094222424,0.576869032569873,0.532875136835017,-0.120346975644548,0.593972249801874,FALSE
GRB7,turquoise,0.0967009128732274,0.558128135713151,-0.0186949160714684,0.0697821356434746,0.439451317701637,FALSE
GREB1,turquoise,-0.0978654017350294,0.553375099440538,-0.0557014689366004,0.114130887496997,0.273775720865541,FALSE
GREB1L,yellow,-0.128021056481603,0.437345579686668,-0.154905932818633,0.164742815355884,0.466157549231988,FALSE
GRHPR,turquoise,-0.242966429109739,0.13612074418383,-0.00727494245836001,0.331956710694183,0.281204925330457,FALSE
GRIK5,lightcyan,0.329705520237027,0.0403908909157307,0.113813639087222,-0.466872893276243,0.693925857036058,FALSE
GRINA,turquoise,0.0164625200798685,0.920765016798661,0.429903755171956,-0.0735729125510521,0.514303464194663,FALSE
GRK2,red,0.0733261334107357,0.657316691960484,-0.15460068063161,-0.308717046052477,0.457916224841802,FALSE
GRK4,grey,0.0732923913182678,0.657464713054328,-0.224560332431362,0.160486531725209,,FALSE
GRK5,salmon,0.211435175100325,0.196316416109343,0.0926708951547934,-0.379607228194808,0.557074828300053,FALSE
GRK6,grey60,0.245161453705283,0.132508428776063,0.162758279657729,-0.316614415884157,0.551946343408897,FALSE
GRM4,turquoise,0.123257875282545,0.454726373436458,0.379883058982074,-0.346997123671594,0.705732313850616,FALSE
GRM8,brown,0.124773436202908,0.449156031261721,0.337846761252342,-0.21554338565368,0.2620482337884,FALSE
GRN,brown,0.203897475777821,0.213117129580213,0.618407017273153,-0.455259056999807,0.793969127696992,FALSE
GRP,purple,0.024512859463379,0.882244708379403,-0.224193340959393,-0.0699205649013372,0.534038511750313,FALSE
GRPEL1,darkgreen,-0.0208494639451657,0.899746057032784,0.25868293593381,0.27125937499715,0.80308281414262,FALSE
GRSF1,brown,0.140216757997963,0.394557723312512,0.433399775032752,0.0464239340710113,0.611014871350851,FALSE
GRTP1,turquoise,-0.0111837880211259,0.946126027873133,0.100925437494805,-0.0983812787819666,0.563798719954236,FALSE
GRWD1,brown,0.28026222932807,0.0839675058968772,0.653170509217311,-0.471453191914304,0.694707097349997,FALSE
GSAP,darkgreen,-0.386201969304755,0.0151651259227105,-0.159038308903101,0.408260159455294,0.508171754250742,FALSE
GSDMB,royalblue,-0.0290705514682946,0.860548608889294,-0.197508093448643,0.470131674968796,0.624540019799614,FALSE
GSDMD,brown,0.137022677934147,0.405522222271085,0.599462942584338,-0.330515209096453,0.611946258245264,FALSE
GSDME,blue,-0.221111881969502,0.176142094153155,-0.0641021597368055,0.0140504643139789,0.524486279076255,FALSE
GSE1,grey,0.376804487899661,0.0180557005524405,0.18747996457539,-0.0705351957021371,,FALSE
GSK3A,brown,0.105546977904174,0.522507283400536,0.43533799753421,-0.43857121394085,0.430844262991017,FALSE
GSK3B,blue,-0.161204994011644,0.3268875354787,0.0621554138210342,0.222045159820184,0.490719064492719,FALSE
GSN,salmon,0.109447346484211,0.507165688669145,0.23162458655245,-0.346194607563627,0.885191901133852,FALSE
GSPT1,blue,-0.205915363317409,0.208525071103879,-0.330663101984966,0.458677847964795,0.836220241027872,FALSE
GSPT2,blue,-0.109969201458472,0.505130395824289,-0.201970719193033,0.354234684538621,0.731237074370543,FALSE
GSR,grey,0.251507011680287,0.122466148229607,0.233334831853533,0.0616990591057051,,FALSE
GSS,green,0.103664874895954,0.529991158591066,0.682343980668151,-0.449184173382099,0.682343980668151,FALSE
GSTA3,magenta,-0.181742673798552,0.268160586655076,-0.570818974212668,0.673410852037836,0.673410852037836,FALSE
GSTA4,yellow,-0.306640062252804,0.0576057117427562,-0.56960874078124,0.62128844187295,0.727966150441859,FALSE
GSTK1,turquoise,-0.0185537196149808,0.910738051200497,0.290190209138402,0.229126246424493,0.445420427745836,FALSE
GSTM1,grey,0.0127362329502339,0.938660950314725,-0.0180422144770217,-0.189961078595841,,FALSE
GSTM3,black,-0.177256688156799,0.2803520607931,-0.361321253350559,0.109843715891926,0.452196747478419,FALSE
GSTM5,black,-0.0791670180822185,0.631892028114842,-0.237599593925108,-0.167955227220025,0.744149261600069,FALSE
GSTO1,pink,-0.0918847511700553,0.577985484863436,0.0517252795308023,0.250585397090521,0.575772883140771,FALSE
GSTP1,salmon,0.221718175051539,0.174929398080935,0.184472004527182,-0.215705761886516,0.848609897319763,FALSE
GSTT1,brown,0.286908034479666,0.0765795546742612,0.0877229346495849,-0.0751785457083662,0.141864145991087,FALSE
GSTZ1,turquoise,-0.0457617527996298,0.782065079189975,0.167216989017507,0.220788536833984,0.329478824126073,FALSE
GTF2A2,blue,-0.285777619890768,0.0777989870030466,-0.195406446174604,0.367437769581786,0.602610569698529,FALSE
GTF2B,blue,-0.39806169825197,0.0120835126100687,-0.393264074559829,0.497481002030256,0.825924795957364,FALSE
GTF2E1,red,-0.201745461183155,0.218091025990254,-0.246605299156298,0.221447741181717,0.70068870183239,FALSE
GTF2E2,grey,-0.0399985017140481,0.808966009500937,0.062768871895633,0.204980191357199,,FALSE
GTF2F1,turquoise,0.197448685739517,0.228259953647561,0.460086518641347,-0.275734165143732,0.813897753952636,FALSE
GTF2H1,blue,-0.245830463974545,0.131421732681405,-0.306460612875091,0.319654080837144,0.586985866315409,FALSE
GTF2H3,brown,0.0226884063722723,0.89095440647804,0.270458289585048,0.104989452550697,0.501719889163513,FALSE
GTF2H4,turquoise,0.0854023345968133,0.605204258864806,0.29193990435388,-0.108715972964817,0.659685575478324,FALSE
GTF2H5,blue,-0.0907353094543177,0.582771357340871,0.0243334309404123,0.309178920434532,0.557048849247076,FALSE
GTF2IRD1,yellow,-0.0353168541625062,0.830980411463164,-0.516495994465878,0.432851944296923,0.401707267383115,FALSE
GTF3A,pink,-0.185856371044189,0.257292490375625,0.0517953978967227,0.113371650403086,0.421229022440682,FALSE
GTF3C1,turquoise,0.163913990890028,0.318714657721956,0.665148388102227,-0.453912447559969,0.793311007817303,FALSE
GTF3C2,yellow,-0.3274200087038,0.0418832818378655,-0.58146629005972,0.577022802614363,0.728780041200204,FALSE
GTF3C4,yellow,-0.188008713948812,0.251724612537049,-0.500833039025623,0.2701772956724,0.64802984289884,FALSE
GTF3C5,grey,0.244632304812749,0.133372657541942,0.149840453458395,-0.0862416447810911,,FALSE
GTPBP1,turquoise,0.300687497561797,0.0628852916005487,0.317946700400846,-0.289193616954048,0.42634960275174,FALSE
GTPBP2,turquoise,0.0661054954621614,0.689278073893508,0.428125632383124,-0.534192008764556,0.38336392671614,FALSE
GTPBP3,purple,-0.132274182933973,0.422141052606781,-0.287021767644828,-0.107762883653375,0.515472917044863,FALSE
GTPBP4,turquoise,0.0958423725348193,0.561644540122625,0.430111839545964,-0.112894865054979,0.311692886059302,FALSE
GTPBP6,turquoise,0.231486177355239,0.156208377521356,0.165727707637152,-0.241504963193396,0.340573465151,FALSE
GTPBP8,blue,-0.381686652513658,0.0165010802902019,-0.046869816730998,0.182610350809722,0.30346434017741,FALSE
GUCA1B,turquoise,0.0548597770832111,0.74011390663449,0.113884688044433,-0.0775917069665616,0.295922127935218,FALSE
GUCA2B,brown,0.017159473848184,0.917421816907621,0.177582415621491,-0.255646522292557,0.180349483282454,FALSE
GUCY1A1,tan,0.00795117231139673,0.961684201501945,-0.276586782841413,0.145445607359745,0.705045763316982,FALSE
GUCY1A2,red,0.117525822836301,0.476127759291872,-0.234589657678099,-0.0136245230465261,0.4906400673601,FALSE
GUCY1B1,tan,-0.189904496789779,0.246887650893873,-0.412418971853209,0.16000797078745,0.787106275305579,FALSE
GUK1,turquoise,0.159938819453631,0.330751850231623,0.586652233142551,-0.323636196528973,0.816815326591746,FALSE
GUSB,brown,-0.0732465582705987,0.657665795842138,0.291556199611409,0.0316479362447497,0.528767960808102,FALSE
GUSBP11,turquoise,0.147100449115559,0.371520647452873,0.357253397935601,-0.285068866432157,0.778463369511821,FALSE
GVINP1,yellow,-0.033556414460997,0.839292456592369,-0.496761938284609,0.221571988868839,0.575342889269099,FALSE
GYG1,tan,0.19842071224879,0.225931672292339,0.249405885110121,-0.290743690952532,0.432785538911635,FALSE
GYG2,blue,-0.143216773379115,0.384417766833028,-0.139295372787713,0.154399269029376,0.310339974765981,FALSE
GYPC,greenyellow,0.266073990422587,0.101581557893493,0.191240373801934,-0.424607980206288,0.697511932945693,FALSE
GYS1,grey,-0.156782240087221,0.340508368993139,-0.197500395506656,0.098054944533369,,FALSE
GYS2,blue,-0.258023464048864,0.112758189919806,-0.567231385796891,0.819891976055439,0.774234646501344,FALSE
GZMA,grey60,0.219714122001333,0.1789607371863,0.235427268819315,-0.314637405951431,0.611637822914714,FALSE
GZMH,grey60,0.0098138310896011,0.95271738457489,-0.115379564263988,-0.179434416956323,0.522935029617777,FALSE
GZMK,grey60,0.0399896582071689,0.809007463362917,-0.18497094658066,-0.0179764881801479,0.785970213156567,FALSE
GZMM,turquoise,0.372912048926823,0.0193816138033996,0.322920031178344,-0.204479130936068,0.655032189960455,FALSE
H1-0,turquoise,0.0225909538831289,0.891419996101374,0.52776054643436,-0.464062331903165,0.404447738576288,FALSE
H1-10,turquoise,0.128251720869906,0.436513307864312,0.422703681809763,-0.279203216389157,0.5487000371888,FALSE
H1-2,turquoise,0.30553244719343,0.0585603775943132,0.429903229555501,-0.226317484910764,0.694570479048101,FALSE
H1-3,grey,0.0862665818045339,0.601543739987534,0.133209279836809,-0.240086250486051,,FALSE
H2AC15,grey,0.271671507776047,0.0943233542054943,0.273968384871164,-0.15333634606126,,FALSE
H2AC6,green,0.270699271715301,0.0955545694396207,0.446772626176379,-0.398663938042929,0.446772626176379,FALSE
H2AX,turquoise,0.340724631592343,0.0337901083894005,0.482136233178339,-0.325250558746995,0.480096151185658,FALSE
H2AZ1,lightyellow,0.0896252234848541,0.587410119449985,0.236016004327983,0.0589106762256325,0.558188822931817,FALSE
H2AZ2,brown,0.146438995007066,0.373698857894272,0.485902691253229,-0.0981290518894075,0.704568663109123,FALSE
H2BC12,brown,0.216231429131502,0.186123287355558,0.365671987575355,-0.326820913088682,0.360901219300724,FALSE
H2BC21,blue,-0.0916844446638193,0.578818214172268,-0.129253568565688,0.0255392524868177,0.50477744693557,FALSE
H2BC5,brown,0.198921028740692,0.22473962862208,0.518949519662111,-0.320045575442549,0.307396839499445,FALSE
H2BC7,brown,0.0450052814808235,0.785582538514164,0.254663089847839,-0.232166135772308,0.45776528261267,FALSE
H3-3B,brown,0.165306622471858,0.314563554983154,0.627879926940265,-0.334053392293922,0.750819354341781,FALSE
H3C6,red,0.160571413528448,0.328817669864896,-0.0596164597617294,-0.187397517105265,0.562960281485577,FALSE
H4C3,blue,-0.160710044539321,0.328394741348743,-0.0706674834301906,0.0825880059923794,0.317453283918809,FALSE
H4C5,grey,-0.0340735264652408,0.836849048938024,0.0213226537724305,0.00140006677369398,,FALSE
H6PD,brown,0.244553633659244,0.133501502902209,0.565030072999771,-0.261013451829182,0.758762896450706,FALSE
HAAO,turquoise,0.0482561287476953,0.770497262547362,0.155387008404714,0.135567016298263,0.634388942531377,FALSE
HABP2,brown,-0.140787635614832,0.392616321176755,0.229091579887364,-0.0679282672603338,0.380085340924955,FALSE
HABP4,green,0.227149503901664,0.164331352397653,0.325120413426823,-0.429760632786957,0.325120413426823,FALSE
HACD2,blue,-0.0330814514045556,0.841538015974686,0.0522308708131862,0.304855629600141,0.443611959192167,FALSE
HACD3,pink,0.0796292483896593,0.629897217545011,0.0770588843407519,0.02554691594962,0.475272115846716,FALSE
HACL2,turquoise,0.16579674644455,0.313110758034815,0.563517991892326,-0.334529297870887,0.771539910364706,FALSE
HADH,brown,0.201981264591714,0.217542151609593,0.550908301486131,-0.112006567087836,0.662483156776261,FALSE
HADHA,cyan,-0.00904770916764957,0.956404853709079,0.252106189392391,0.286107860260978,0.833963416513612,FALSE
HADHB,brown,0.0588092011484842,0.722123443860849,0.436659390965914,0.0418685197760116,0.456515469312883,FALSE
HAGH,brown,0.113040445501213,0.493236336320768,0.685159624541989,-0.27982937008691,0.677127653882005,FALSE
HAL,magenta,-0.326640409484687,0.0424024596906606,-0.675480053142599,0.670103398485242,0.670103398485242,FALSE
HAMP,grey,0.232772917333354,0.153855364222073,0.180508776549799,-0.105546026388589,,FALSE
HAND2,turquoise,0.127544000496009,0.439069644795755,0.331260816852425,-0.27516840670039,0.641725960985776,FALSE
HAND2-AS1,tan,-0.242623475091184,0.136691657283964,-0.198740227315214,0.0291358283079332,0.577773250341175,FALSE
HAO1,blue,-0.168094123232648,0.306357569611752,-0.186938363260176,0.554868292664157,0.577227313196899,FALSE
HAO2,magenta,-0.120723194731196,0.464125226509654,-0.303173929808983,0.465041648660558,0.465041648660558,FALSE
HAPSTR1,red,0.0266491245726633,0.872063856823252,-0.233669219530395,0.0513897268889711,0.716320928260262,FALSE
HARS1,green,-0.00208819523619347,0.98993376854336,0.478771254579617,0.00463347913233152,0.478771254579617,FALSE
HARS2,turquoise,0.229366648987631,0.160141161828721,0.607428843234401,-0.304389403352019,0.524371698497748,FALSE
HAUS2,brown,0.160404793221459,0.329326434444908,0.371746276694894,0.0279141914857096,0.606981891081917,FALSE
HAUS4,magenta,-0.147201408609009,0.371188846978467,-0.47195895527711,0.489735634062955,0.489735634062955,FALSE
HAUS5,turquoise,0.14969260296201,0.363057553407325,0.477656064841814,-0.424123345737451,0.642070318132137,FALSE
HAX1,blue,-0.259673447813202,0.110395007359818,-0.254806280038289,0.495484596671999,0.586160602483703,FALSE
HBB,turquoise,0.44441656301047,0.00459098859189875,0.483667681015327,-0.432444155368423,0.4793426608601,FALSE
HBD,grey,0.340850570641586,0.033720122421358,0.393186999007725,-0.375268449026896,,FALSE
HBEGF,brown,0.252221219478824,0.121372591751405,0.231334403516455,-0.355232425903783,0.257592670903566,FALSE
HBP1,blue,-0.37871137103652,0.0174344624513561,-0.34234378502155,0.625720027317991,0.578439842624669,FALSE
HBQ1,turquoise,0.0570366449668797,0.730180255537078,0.0911449375260715,-0.233607302689273,0.3190031649027,FALSE
HBS1L,blue,-0.203223916580805,0.214665392357539,-0.202233238341587,0.421318339525772,0.476838552047932,FALSE
HCCS,brown,0.00590698349956059,0.971530212454379,0.339437560980788,-0.225685561685769,0.517767372220065,FALSE
HCFC1,turquoise,0.348509065556036,0.0296821515886997,0.593722210707018,-0.477125111323683,0.53963523680259,FALSE
HCFC1R1,turquoise,0.239660683904256,0.141697745834528,0.186170226922305,-0.347434007511584,0.353127996013774,FALSE
HCFC2,blue,0.059144208475465,0.720604017093391,0.180768881132023,0.0153370265383413,0.223702751663759,FALSE
HCK,greenyellow,0.238761478084433,0.143243470646423,0.40795983893789,-0.2256028198009,0.84598943112066,FALSE
HCLS1,lightyellow,-0.0561348604490849,0.734290189426963,-0.00325373553823707,0.0300394592679545,0.651461416714397,FALSE
HCN2,turquoise,0.207487473921576,0.204995438557757,0.296754485431647,-0.24901168512008,0.678734213488967,FALSE
HCP5,blue,-0.278598620710824,0.0859007283969235,-0.130021555921437,-0.117255815519726,0.213920674006722,FALSE
HDAC1,brown,0.160317169483678,0.329594184081831,0.215148606602625,-0.0419558656707422,0.416993680295622,FALSE
HDAC11,red,-0.0998512493932811,0.545313713841134,-0.0697762249628216,-0.0701777434432916,0.397524197509022,FALSE
HDAC3,grey,0.0254486633876039,0.877782530197054,0.0744168229963372,-0.0798588319764185,,FALSE
HDAC5,turquoise,0.369847799790018,0.02048192630781,0.465697662980156,-0.47012971947468,0.743788120014631,FALSE
HDAC6,turquoise,0.12100105659822,0.463089854268476,0.30233763112338,-0.135661759015713,0.314430531490891,FALSE
HDAC7,midnightblue,0.0582286631748037,0.724758962992123,0.259193413540267,-0.262116380058577,0.740478044580147,FALSE
HDAC9,black,0.0310584495495024,0.851116129748212,-0.190296222029849,-0.103804213805918,0.548022229562516,FALSE
HDDC2,blue,-0.0381643317098625,0.817574507767132,-0.125380814423688,0.314853522978617,0.497162629415346,FALSE
HDGF,grey,0.142639761518538,0.386356080604585,0.0386367334459265,0.246021877104267,,FALSE
HDHD3,turquoise,0.242568345153322,0.136783596704947,0.591694278627134,-0.373607808181707,0.920624235019246,FALSE
HDHD5,brown,0.0691512179359362,0.675727664217091,0.534679448274405,-0.306169108243131,0.77689974225999,FALSE
HDLBP,brown,0.211988542841871,0.195120785683472,0.542493403120494,-0.322831657179123,0.709235119159415,FALSE
HEATR1,blue,-0.0904642643873579,0.583902471356839,-0.296084709655126,0.256422407670184,0.609822496692506,FALSE
HEATR6,brown,0.166067462550092,0.312310135884358,0.273240695259018,-0.220803309202214,0.523097060093831,FALSE
HEBP1,brown,0.229630339248717,0.159648014011888,0.582375744692144,-0.293603297584519,0.823287140617737,FALSE
HEBP2,pink,-0.135418449242125,0.411094321787006,0.157295648682231,0.234281294946639,0.666538991024605,FALSE
HECA,blue,0.00216510747754,0.989563029820748,-0.428794339396895,0.382048643780224,0.546771652630062,FALSE
HECTD3,yellow,-0.0956122457643341,0.56258883415982,-0.0631019408846214,0.0228351171842899,0.574488382587121,FALSE
HECTD4,royalblue,-0.318932951769669,0.0478212833491412,-0.465743704929114,0.367464001200286,0.70447282857238,FALSE
HEG1,salmon,0.121661613505453,0.460633442564888,0.194269731791833,-0.487264359889913,0.649846592229367,FALSE
HELZ,turquoise,0.112964288916031,0.493529519414107,0.159398337255913,0.0598194245937663,0.440730911699405,FALSE
HEMK1,turquoise,0.149917884440783,0.362327541892088,0.41569264388809,-0.315483121005857,0.776988847873961,FALSE
HERC1,blue,-0.108763453918862,0.509839185173699,-0.0564449844634874,0.158775860646246,0.569945745357079,FALSE
HERC2,grey,-0.12024443011371,0.465912099752666,0.0919688223415496,0.107691921684046,,FALSE
HERC5,blue,-0.430741724970288,0.00619296826585201,-0.493003667192635,0.627122121581332,0.689614374750577,FALSE
HERC6,red,-0.42972320342557,0.00632955487598256,-0.114194892172848,0.0298041467164426,0.456718798317068,FALSE
HERPUD1,brown,0.211357059627003,0.196485609336825,0.495371685640569,-0.161915755249197,0.557674700088827,FALSE
HES1,brown,0.208541752042791,0.202651878162991,0.327493688073351,-0.362378353850142,0.369778474193105,FALSE
HEXA,turquoise,0.158862122616732,0.334060082161884,0.442197988146459,-0.246564419519284,0.625723374431686,FALSE
HEXB,turquoise,0.111240959193322,0.500187734134218,0.571249167080646,-0.264612017588388,0.516836553846199,FALSE
HEXIM1,blue,-0.030917065444345,0.851786332100059,0.287642952524594,-0.113931188271875,0.226537415492895,FALSE
HEY1,red,-0.104435039643603,0.526922423864262,-0.111754764264861,-0.181489550808012,0.693985618793685,FALSE
HEYL,midnightblue,0.0205574957021103,0.901143017249867,0.120566602187608,-0.278344722067231,0.781809087484042,FALSE
HFE,red,-0.0720555305497447,0.662899471535678,0.00292367520034711,0.0107186530450506,0.61733780245181,FALSE
HGD,magenta,-0.140475567081678,0.393676893891765,-0.314036375880389,0.683030585873097,0.683030585873097,FALSE
HGF,red,0.00641597156417515,0.969078182582065,0.0127513529938056,-0.165688358782318,0.45861241421064,FALSE
HGFAC,turquoise,0.225388087914145,0.16771625923658,0.459346763864184,-0.307630439884012,0.886984769416852,FALSE
HGH1,purple,0.106640100634746,0.518184692732705,0.114131691408566,-0.29749028096106,0.641913705457187,FALSE
HGS,turquoise,0.310979092598107,0.0539846969582875,0.591575996587287,-0.460828487798454,0.724354062317616,FALSE
HGSNAT,blue,0.0718111266590651,0.663975407890396,-0.0591669619805149,0.0470134258707954,0.331990358526723,FALSE
HHEX,grey,0.0636492634114329,0.700276127358713,0.0597776357399871,0.0829109583488686,,FALSE
HIBCH,blue,-0.0401180922113504,0.808405480600455,-0.183456443619219,0.394110859362969,0.581910538685702,FALSE
HIC2,turquoise,0.286459428155927,0.077061687224311,0.424515552724758,-0.375227020968864,0.757869063790922,FALSE
HIF1A,blue,-0.123900065479653,0.452361503504689,-0.321662728331465,0.319810996094852,0.783480429080113,FALSE
HIF1AN,brown,-0.0185092462559499,0.910951157519764,0.411352057906688,-0.182152953076382,0.391510711143856,FALSE
HIF3A,turquoise,0.254346465094605,0.118161836796165,0.20353911804042,-0.256458961804359,0.409593974268389,FALSE
HIGD1A,blue,-0.26777133437049,0.0993370147886117,-0.24210514581486,0.538869007010358,0.81342328861436,FALSE
HIGD2A,brown,-0.00126285725514839,0.993912246183237,0.257414094402329,-0.0785100185947108,0.692996972647564,FALSE
HILPDA,purple,-0.0513945905833604,0.756011991549482,-0.168775084240009,-0.0449784857396129,0.66974698692323,FALSE
HINFP,yellow,-0.204032720919821,0.212807185276962,-0.281007931244709,0.0516270027051835,0.337610926120178,FALSE
HINT1,yellow,0.0269803328046312,0.870487185345219,-0.237914632927252,0.275839057068831,0.271139601716295,FALSE
HIP1,blue,-0.165843530403278,0.312972305543905,-0.309482817352475,0.155219020548151,0.585839483776303,FALSE
HIP1R,turquoise,0.447448451145406,0.00428912592523292,0.590593540298217,-0.520361982827557,0.677299431661681,FALSE
HIPK1,brown,-0.0061054747339239,0.970573956864265,0.277349824705602,-0.140169298673432,0.387571416609475,FALSE
HIPK2,turquoise,0.0260991600731971,0.87468296150117,0.442975560844832,-0.319226707088033,0.37091935881742,FALSE
HIRA,turquoise,0.314205054891827,0.0514124632715831,0.635721362184688,-0.264041217060487,0.698343825990318,FALSE
HIRIP3,turquoise,0.0574757218651743,0.728181815837597,0.281299113511461,0.165035232833376,0.465694129762805,FALSE
HIVEP2,turquoise,0.229019717565418,0.160791666072439,0.502993001918588,-0.469134140563565,0.636902531306295,FALSE
HIVEP3,red,0.0615417315390855,0.709761211027615,0.139134068402163,-0.390747948214691,0.25602955284962,FALSE
HK1,salmon,0.206564594301491,0.207062362992746,0.318576043501773,-0.395982750205968,0.559728899082289,FALSE
HK2,turquoise,0.144966751535497,0.378574172945669,0.308994303510866,-0.186336873206844,0.32134726789077,FALSE
HK3,turquoise,0.21820203970907,0.182045968929751,0.479661503795031,-0.333781234836519,0.460701893214782,FALSE
HLA-DMA,lightyellow,0.0342417345328884,0.836054572440254,-0.171545338384927,0.0869701364266983,0.832743751022704,FALSE
HLA-DMB,greenyellow,0.167323771422915,0.308611642936884,0.279340646425368,-0.235981558967679,0.890321223277214,FALSE
HLA-DOA,greenyellow,0.0427784332399648,0.795961137998488,0.196464260852614,-0.348715575728483,0.699273039610501,FALSE
HLA-DOB,purple,-0.301307530804257,0.0623180889953678,-0.518535678881344,0.356199231830037,0.519434390432505,FALSE
HLA-DPA1,salmon,-0.032162499685148,0.845886187798002,0.11313998015178,-0.270903373167878,0.643117111189256,FALSE
HLA-DPB1,greenyellow,0.0634315548649602,0.701253894560916,0.223492680604661,-0.220181772869527,0.721227259529956,FALSE
HLA-DQA1,grey,-0.0682754902685036,0.67961369486035,-0.0248723574492971,-0.0179850303788448,,FALSE
HLA-DQB1,grey,0.183259510535792,0.264118564336444,0.210018563036849,-0.338865992438683,,FALSE
HLA-DQB2,greenyellow,0.229640114139934,0.159629754412357,0.313779281639878,-0.524960480654595,0.6890615399368,FALSE
HLA-F,greenyellow,0.297415952564714,0.0659461532930309,0.557277960298015,-0.395212512591241,0.783196537998654,FALSE
HLA-F-AS1,blue,0.104460128663102,0.526822602698928,-0.0853472119653521,0.07650862580938,0.448561086679803,FALSE
HLCS,turquoise,0.162690321150407,0.322390371496641,0.511758932852942,-0.252481241870709,0.607978027433605,FALSE
HLF,yellow,-0.19978526637084,0.222690677451724,-0.319839067685339,0.379440022232915,0.438693599329389,FALSE
HLTF,blue,-0.174648442097002,0.287603779221972,-0.0927676229714371,0.298687451805891,0.829395523011003,FALSE
HLX,turquoise,0.108398467263204,0.511268891749482,0.40773888152232,-0.386288741038553,0.646959377543869,FALSE
HMBOX1,lightgreen,-0.329296173894013,0.0406549602927109,-0.342364680768177,0.286534583963674,0.624089113325539,FALSE
HMBS,brown,0.174502393327443,0.288013393528457,0.399191603578248,-0.289842121995416,0.565861742208695,FALSE
HMCES,turquoise,0.406070392981149,0.0103182555961285,0.577815140544039,-0.300979945267567,0.567812330085717,FALSE
HMG20B,brown,0.165648000683604,0.313551213201617,0.539701976614396,-0.212578511718776,0.751460015161306,FALSE
HMGA1,turquoise,0.081104312694082,0.623548741392556,0.112782812187631,-0.15211560151357,0.272805232861677,FALSE
HMGB1,royalblue,-0.380023955380999,0.0170173601540719,-0.503675744120099,0.561029509470198,0.763999284771193,FALSE
HMGB3,grey,-0.129823014545884,0.430867180217731,0.202697911776386,-0.0179952439146639,,FALSE
HMGCL,turquoise,0.196783473508393,0.229862738061592,0.526012730254834,-0.070667616026181,0.686566268251364,FALSE
HMGCR,darkturquoise,0.176158636939835,0.283390328003172,0.0910885263180816,0.0585855841883727,0.81014680162662,FALSE
HMGCS1,darkturquoise,0.0434438032799854,0.792856354741945,0.112697984167394,-0.0517014440836851,0.887892064831419,FALSE
HMGCS2,darkgreen,-0.0709773415479919,0.667650959622418,-0.0137934008941514,0.491647926332088,0.659771933765334,FALSE
HMGN1,green,0.292708773929078,0.0705553442099964,0.542020406195326,-0.524606300086976,0.542020406195326,FALSE
HMGN2,blue,-0.151924493951223,0.355864203037892,-0.112685040955721,0.103752078355653,0.338466033200436,FALSE
HMGN3,royalblue,-0.311210066418264,0.053797172410514,-0.542767677541708,0.570403502480808,0.794425201906517,FALSE
HMGN4,black,-0.171581112335675,0.296285740208661,-0.342640027063627,-0.0729298837647145,0.85410826795389,FALSE
HMGXB3,yellow,-0.0635448204837204,0.700745139516064,0.0286220994171123,-0.182166199691291,0.106477625590511,FALSE
HMGXB4,brown,-0.208410530920876,0.202942546148033,0.0206282550709943,0.205347282040793,0.397081820564003,FALSE
HMOX1,greenyellow,0.455043889792901,0.00360745113048748,0.597305743556993,-0.465658454015131,0.747970164243157,FALSE
HMOX2,brown,0.336925022505177,0.0359582358573222,0.714298558888593,-0.431962969092525,0.747534273169967,FALSE
HMX1,lightcyan,0.140357722479489,0.394077823917521,-0.0174730431060215,0.00608038905195418,0.634923467076438,FALSE
HNF1A,turquoise,0.121849953465467,0.459934345308169,0.438949237321054,-0.285395273511209,0.871867764377008,FALSE
HNF1B,yellow,-0.152952992150748,0.35257858699929,-0.472677865289954,0.340654819094259,0.580980356766555,FALSE
HNF4A,turquoise,0.345442359415183,0.031248405132044,0.545292592044918,-0.395068365261078,0.714271448574907,FALSE
HNMT,magenta,-0.333507497488637,0.0380042331600772,-0.64972543282998,0.814963582706139,0.814963582706139,TRUE
HNRNPA0,brown,0.305170391928491,0.0588751541765512,0.441397876953757,-0.289735329052898,0.686832991801209,FALSE
HNRNPA1,royalblue,-0.146289662999437,0.374191664002902,-0.569280435768768,0.358906713752735,0.835048178996092,FALSE
HNRNPA2B1,blue,-0.0162580529435615,0.92174607737695,0.0268595323773036,0.324552327586888,0.259096136181968,FALSE
HNRNPAB,green,0.388264681032261,0.0145859078818312,0.827929359332854,-0.467059715321825,0.827929359332854,TRUE
HNRNPD,blue,-0.0521972747804879,0.752320227257352,-0.246278125394227,0.264471201983472,0.378027739431177,FALSE
HNRNPDL,grey,0.053083719348377,0.748249532264242,-0.0226518888631266,0.104818389546034,,FALSE
HNRNPF,turquoise,0.297882700195641,0.0655024037479919,0.578349826128953,-0.261419986998445,0.84828575935242,FALSE
HNRNPH1,yellow,0.327345443335213,0.0419327148594141,0.02510564284637,-0.0571351441704843,0.16823727000404,FALSE
HNRNPH3,grey,0.243457316300031,0.135306641350129,0.319618143352526,-0.243228147059618,,FALSE
HNRNPK,blue,-0.126933089084334,0.441282914210854,-0.152618015406246,0.462804886177009,0.675695312707212,FALSE
HNRNPL,purple,-0.00270491399925346,0.986961075083635,-0.281872928942194,0.127195975477097,0.702294324188558,FALSE
HNRNPM,turquoise,0.199961098610407,0.222275385599339,0.57960084790459,-0.275042936321881,0.847340593522747,FALSE
HNRNPR,turquoise,0.0226370019154527,0.891199992250674,0.442579485454508,-0.236384703229482,0.565456369236158,FALSE
HNRNPU,yellow,-0.111691476084451,0.498442729584846,-0.433861601121848,0.43520860300763,0.718022585649957,FALSE
HNRNPUL1,tan,-0.260607055564241,0.109074572102046,-0.280133673217374,0.138958103974974,0.698366198220572,FALSE
HOMER2,turquoise,0.00333652490374681,0.983916779096485,0.0999515184134922,0.0194658900298156,0.343503080691672,FALSE
HOMER3,turquoise,0.136874962149736,0.406033479441477,0.0256534106106525,-0.282130552771058,0.367577300620281,FALSE
HOOK1,grey,-0.022711507021269,0.890844045952042,0.25631693036645,-0.0892622469862482,,FALSE
HOOK2,turquoise,0.297213235969601,0.0661396196165254,0.558744908488512,-0.53254767536397,0.692460181016871,FALSE
HOXA3,turquoise,0.0868454798842343,0.599097187727315,0.271973367577125,-0.26418594638221,0.375815534700977,FALSE
HOXA4,turquoise,0.210810333408871,0.197672650888294,0.44605947809805,-0.460081664774532,0.515598237660503,FALSE
HOXA5,grey,0.00768538910199121,0.962964083048723,-0.109848599825741,-0.0260419092608256,,FALSE
HOXA6,red,-0.217420707988756,0.183654925116424,-0.206523223751582,0.0291858167743313,0.290495528531376,FALSE
HOXB2,tan,0.0212084687709914,0.898028760074569,-0.230686254177121,-0.0585070603638653,0.721230619763758,FALSE
HOXB3,midnightblue,0.131087541892342,0.426353013929539,0.0401336148687577,-0.266068493844396,0.680803016001057,FALSE
HOXD13,turquoise,0.323528815890884,0.0445268585846586,0.069381407978249,-0.212753188411691,0.366483149396846,FALSE
HOXD4,purple,0.0552626316358518,0.738272378399029,-0.356854103043028,-0.061308222118562,0.73269333593484,FALSE
HOXD9,black,0.226326567550887,0.165906592829056,-0.25634582139621,-0.166241127867665,0.343511252021334,FALSE
HP,lightgreen,-0.0253733867112448,0.87814133490494,-0.139135691060348,0.162358498532554,0.522501386849914,FALSE
HP1BP3,grey,0.115310803761317,0.484537287275852,-0.0385059478221594,0.093898712786063,,FALSE
HPCAL1,turquoise,0.137889031510846,0.402531130135159,0.37573966214322,-0.115601958286255,0.559947288301787,FALSE
HPD,brown,0.19699903825588,0.229342510976995,0.40925111678734,-0.0674391693771598,0.742121170152625,FALSE
HPF1,yellow,0.200773075024317,0.220364505686727,-0.0115875565102222,-0.159764939725603,0.395508934316179,FALSE
HPGD,blue,0.150065189718174,0.361850684733396,0.183039501149343,-0.0174960154580559,0.406462420197442,FALSE
HPN,turquoise,0.185712121269154,0.257668555108292,0.431470710831735,-0.180404090308318,0.885219541611001,FALSE
HPR,grey,-0.120719876449203,0.464137598593059,-0.208276145507114,0.476037123229228,,FALSE
HPRT1,magenta,-0.291810258397393,0.0714632686755963,-0.568462623891515,0.758418281645601,0.758418281645601,FALSE
HPS1,turquoise,0.349238072521839,0.0293195081071607,0.594725705854691,-0.530808657366319,0.676088897083705,FALSE
HPS4,turquoise,0.00211691080411712,0.989795351149049,0.450510406581014,-0.258866614341455,0.733933329428068,FALSE
HPS5,green,0.507048613285333,0.000986793593037062,0.707273782747267,-0.482676905197265,0.707273782747267,FALSE
HPS6,turquoise,0.20750288062997,0.204961055476242,0.306804011751208,-0.318048387646786,0.33110709893438,FALSE
HPX,grey,-0.062389921658966,0.705938594757189,0.160562030113985,-0.0294143940191823,,FALSE
HR,turquoise,0.222001936882791,0.17436388003341,-0.064028264021084,-0.125565560481231,0.274512550520364,FALSE
HRAS,turquoise,0.324170066343317,0.0440821551202636,0.413060039688918,-0.5737549183125,0.651879921536663,FALSE
HRC,grey,0.133668324264258,0.417222583645488,-0.0352884885793696,-0.054832860904863,,FALSE
HRG,blue,-0.102093317088678,0.536279941790355,-0.336392452317569,0.396362752349718,0.492816722321663,FALSE
HRK,purple,-0.430598073727511,0.00621207687591409,-0.631058667258916,0.186214846078143,0.549721351672643,FALSE
HROB,grey,-0.0286025227756518,0.862772209048049,0.114334074817852,-0.226526258290058,,FALSE
HS1BP3,turquoise,0.139624315363834,0.396578337097237,0.464394041948104,-0.500705317759527,0.450152852156631,FALSE
HS3ST1,turquoise,0.30191197751105,0.0617690575065432,0.229092069598265,-0.27329740758355,0.516764237920967,FALSE
HS3ST2,yellow,0.00326420668225435,0.984265334490174,-0.258589233513842,-0.129747042307663,0.262459224872203,FALSE
HS6ST1,turquoise,0.336153687167301,0.0364119658796576,0.481954014144859,-0.296942697184202,0.624636037090504,FALSE
HSBP1,blue,-0.078370648816821,0.63533488332257,-0.152208152486673,0.468023729033496,0.601245310268631,FALSE
HSD11B1,magenta,-0.375766529585256,0.018401593577799,-0.396730187601496,0.776798988929446,0.776798988929446,FALSE
HSD11B2,turquoise,0.181644965004751,0.268422347347667,0.540978522189489,-0.555807254699214,0.399196042466124,FALSE
HSD17B10,brown,0.204040824911297,0.212788623093981,0.614934641874853,-0.185407710387387,0.755433167200314,FALSE
HSD17B11,magenta,-0.319856675330513,0.0471438352900427,-0.700164848033486,0.778442498125209,0.778442498125209,FALSE
HSD17B12,brown,-0.148127206251624,0.368154467320662,0.152622675926492,0.00360589737185159,0.311608004046165,FALSE
HSD17B14,darkred,-0.0283426271617202,0.864007422232234,0.109502086235539,0.195720448057232,0.737106873824395,FALSE
HSD17B2,magenta,-0.166472137189815,0.311115755412479,-0.379504514488332,0.645254151666023,0.645254151666023,FALSE
HSD17B3,grey,0.304562998495393,0.0594062548105882,0.124197004937685,0.00968164467787257,,FALSE
HSD17B4,blue,-0.00146895321329032,0.992918759325482,0.362142809420995,0.231310716299321,0.270559563543701,FALSE
HSD17B6,brown,0.175187313034261,0.286095701625508,0.456348784363336,-0.103821846217973,0.495603877565389,FALSE
HSD17B8,brown,0.0604047698092784,0.714896252515862,0.497770178985158,-0.245800720718008,0.733608862485446,FALSE
HSD3B2,purple,-0.226344128998013,0.165872863928702,-0.499947968027385,0.26698998590588,0.406133231844415,FALSE
HSDL2,blue,-0.114406334875194,0.487993241600087,0.0329703502725376,0.313123908204007,0.550723486206526,FALSE
HSF1,turquoise,0.313911315131081,0.0516425293276834,0.526248834687197,-0.29926985863648,0.887203391313754,FALSE
HSP90AA1,blue,0.10241848764767,0.534975783268269,-0.027814859582455,0.232553394465611,0.462569838308662,FALSE
HSP90AB1,cyan,0.213951637427747,0.190920558324497,0.219198038707608,0.0858233021698736,0.557607353868897,FALSE
HSPA12A,black,-0.258288723057507,0.112375717081508,-0.383082598073526,0.0142820889498924,0.716156398827161,FALSE
HSPA14,turquoise,0.180073509826982,0.272655371611305,0.497702819149101,-0.29466750352402,0.403232327815458,FALSE
HSPA1L,blue,-0.300200461291289,0.0633336921243115,-0.483387802149654,0.342010362494808,0.549695764645589,FALSE
HSPA4,pink,0.05525379883246,0.738312739506626,0.3845965965053,-0.0511607358248569,0.501191083065726,FALSE
HSPA5,green,0.427114607047554,0.00669128353599899,0.82759283975223,-0.466853022940863,0.82759283975223,TRUE
HSPA6,grey,0.038759882550515,0.814776982621224,0.247633139507323,-0.280821812699852,,FALSE
HSPA8,turquoise,0.305525223132424,0.0585666451799807,0.553045921385445,-0.246549432746681,0.389857912862222,FALSE
HSPA9,brown,0.12049105950546,0.464991157973432,0.599094629631607,-0.0989790959152698,0.689927073993371,FALSE
HSPB1,brown,0.16015810776014,0.330080570300451,0.40327583439549,-0.277085461739341,0.706209063669359,FALSE
HSPB6,black,-0.0919694258529889,0.577633631469075,-0.491667895380825,0.051567042546572,0.862334640902781,FALSE
HSPB8,black,0.0776302971476706,0.638542360010037,-0.203225805971595,-0.156579597762682,0.513117497823921,FALSE
HSPBP1,turquoise,0.195865214242865,0.232087804824426,0.526973740193563,-0.414969948526368,0.80080221062732,FALSE
HSPD1,blue,-0.0197367567690464,0.905071509431141,0.0252602467591496,0.376253707452944,0.571168402547228,FALSE
HSPG2,greenyellow,0.268899187085156,0.0978666707496943,0.432704923251562,-0.470990931317398,0.71421373679015,FALSE
HSPH1,blue,0.19555372705601,0.232845898692639,0.23907966898284,-0.107333673379012,0.388337760157653,FALSE
HTATIP2,pink,-0.04002619060736,0.808836221377892,0.223533662918051,0.165803413564352,0.588065795571976,FALSE
HTATSF1,blue,-0.0634310929175111,0.701255969752896,-0.0828110650317072,0.098300107690073,0.448395598827638,FALSE
HTR1B,grey,0.197687873540811,0.227685516636752,-0.055299733051339,-0.0735299007342145,,FALSE
HTR1D,yellow,-0.235382438091252,0.149162929990099,-0.372413733619752,0.30044462020549,0.490866519013458,FALSE
HTR7,turquoise,0.335132028088911,0.0370201350995947,0.47167819947286,-0.597990383531033,0.483507893213479,FALSE
HTRA1,green,0.304678878185979,0.0593046373347181,0.698682275848459,-0.686305760458391,0.698682275848459,FALSE
HTRA2,brown,0.183115800759712,0.264499780948075,0.324140725467588,-0.0554933571459532,0.599264672166835,FALSE
HTT,green,0.297654642928399,0.0657189281607963,0.765078984385902,-0.613229430541629,0.765078984385902,FALSE
HUS1,blue,-0.238320509189085,0.144006007658186,-0.368476552530979,0.103877974482405,0.401370149272193,FALSE
HUWE1,yellow,-0.102023743393987,0.536559179450994,-0.0183129063313093,-0.112786113466019,0.403285457976665,FALSE
HYAL1,turquoise,0.220218382969271,0.177940189050107,0.554910428400773,-0.212404415022424,0.598350992614476,FALSE
HYAL2,turquoise,0.290520566728274,0.0727824784128604,0.556501503266857,-0.315614324471512,0.77272552358119,FALSE
HYDIN,green,0.128045382428031,0.43725776672684,0.380459682899633,-0.389455238615643,0.380459682899633,FALSE
HYI,turquoise,0.0226052114087905,0.891351877012097,0.372448470195252,-0.23008181860387,0.503106917520633,FALSE
HYOU1,green,0.242698607766774,0.136566433193178,0.74442474436745,-0.576785764127068,0.74442474436745,FALSE
IARS1,blue,0.0338945555730641,0.837694535360491,0.128824364305395,0.0194581443032353,0.537850826852499,FALSE
IARS2,blue,-0.194425425974908,0.235606034699582,-0.0749333105732526,0.455942562047316,0.786414736293123,FALSE
IBA57,blue,0.16346324354269,0.320065559964385,0.260831950040835,-0.0911346485561281,0.433826762539161,FALSE
IBTK,pink,-0.0420697764653177,0.799271316287228,0.245098152693566,0.150528906778792,0.36883044245082,FALSE
ICA1,grey,-0.123302636864113,0.454561322402952,0.0928004760327885,-0.131229255442078,,FALSE
ICAM1,greenyellow,0.242198725277526,0.137401188297217,0.407328368612153,-0.373665948599323,0.683172809460767,FALSE
ICAM2,greenyellow,0.280511717097116,0.0836805198337637,0.448959684056857,-0.393010773478074,0.807155735509614,FALSE
ICAM3,turquoise,-0.129200051922762,0.433100795313298,0.307607136725874,0.0786921381734422,0.479429942612217,FALSE
ICE1,yellow,-0.188366787540634,0.250806193433858,-0.344348052223617,0.318363147107382,0.774400324301741,FALSE
ICMT,blue,0.0269144822143534,0.870800618962336,0.3967746940745,-0.109881666464123,0.280190049152942,FALSE
ID1,turquoise,0.344481891908059,0.0317526947064576,0.490251267613181,-0.393115591720787,0.514851480633453,FALSE
ID2,brown,0.0538964440126795,0.744523271225092,0.410205486336662,0.0275380048629478,0.669387250022296,FALSE
ID3,salmon,0.131245303134813,0.425791692725099,0.181520582466127,-0.137663947466075,0.740928677920556,FALSE
IDE,red,-0.181120607072146,0.269829969748608,-0.220379589599418,0.272410077052047,0.795054569060944,FALSE
IDH1,blue,-0.0160154208927045,0.922910406327778,-0.161572810325223,0.535160799048741,0.671662838181409,FALSE
IDH2,greenyellow,0.323797276683816,0.0443402430900877,0.794161562045389,-0.616035660724121,0.747526220726094,FALSE
IDH3A,lightgreen,-0.254185193876741,0.118403217386837,-0.330074391886782,0.290313961170154,0.749726763154212,FALSE
IDH3B,brown,0.121587208859981,0.46090978134806,0.470472949643154,-0.0598164453243406,0.820679549664673,FALSE
IDH3G,brown,0.213391809132261,0.19211180457553,0.604906058293997,-0.481341884380311,0.704017115910197,FALSE
IDI1,darkturquoise,0.0581942812725138,0.72491514799599,0.332250232548534,-0.13180034105641,0.946144976989876,FALSE
IDS,black,-0.110611230099079,0.502632084878631,-0.229897573965025,0.0148001024808177,0.572983680179213,FALSE
IDUA,turquoise,0.460724935984325,0.00316128360125404,0.559866598619016,-0.589711112498843,0.612709641267962,FALSE
IER2,turquoise,0.286540240622061,0.0769746606370691,0.425392513020888,-0.435518212162665,0.551565462555014,FALSE
IER3,brown,0.334508411300025,0.0373954167378264,0.391780616724467,-0.511142715842518,0.384272125254951,FALSE
IER3IP1,yellow,-0.23021558562215,0.158557434732176,-0.455652097327706,0.288736493055425,0.770429412993827,FALSE
IFFO1,turquoise,0.135886783937853,0.409463129653697,0.330429342620909,-0.499210396024569,0.563530066619082,FALSE
IFI16,tan,-0.00985406551438494,0.952523755917567,-0.127622956296724,0.0116741127326835,0.771876729046275,FALSE
IFI27,turquoise,0.274762877476691,0.0904894291606609,0.536242212452863,-0.404429308451521,0.459827198591054,FALSE
IFI30,greenyellow,0.348327453576053,0.0297730671481655,0.559225115346044,-0.396270802981295,0.832394763822532,FALSE
IFI35,brown,0.150361339044581,0.36089313093127,0.691099234196082,-0.523610209261847,0.790773310201734,FALSE
IFI44,grey,-0.131280643776284,0.425666005939276,0.0674683747178766,0.0041013128619473,,FALSE
IFI44L,blue,-0.194465709250206,0.235507110261542,-0.346279644428826,0.301683211555894,0.397647471083086,FALSE
IFI6,brown,-0.0349989771213969,0.832479978058598,0.270461529530903,-0.218599389508233,0.391767353104243,FALSE
IFIT1,blue,-0.372479952800606,0.0195337054130778,-0.155018005296815,0.380136474806515,0.604787589538477,FALSE
IFIT2,blue,-0.129162699578592,0.433234924869202,-0.333858879879947,0.259154827989242,0.452778927285006,FALSE
IFIT3,grey,-0.197891263304173,0.227197830387437,0.126362031841076,0.0318766912912299,,FALSE
IFIT5,blue,-0.246526662462688,0.130297920852442,-0.0402872790876733,-0.0933446927641915,0.350503875705743,FALSE
IFITM1,green,0.259660143844066,0.110413910719959,0.385869826058575,-0.477784994182959,0.385869826058575,FALSE
IFITM2,brown,-0.113480498802382,0.491543998442618,0.161165157009429,-0.126217357766821,0.50985174112906,FALSE
IFITM3,salmon,0.209973630359812,0.199499010279629,0.404652028587195,-0.404634406111459,0.641425266426538,FALSE
IFNAR1,blue,-0.0659417299205984,0.690009426795262,-0.103098407935039,0.289378148959915,0.368495263353857,FALSE
IFNAR2,yellow,-0.045218171373001,0.784592209994637,-0.212600429786152,-0.0011701167148854,0.533408128898778,FALSE
IFNGR1,blue,-0.0461785508162523,0.780128860786463,-0.18566286628439,0.226816177464826,0.608327471715547,FALSE
IFNGR2,salmon,0.394125365653061,0.0130412179524409,0.538341577339705,-0.483683094634663,0.484796096552682,FALSE
IFRD2,turquoise,0.297911672547288,0.0654749369404614,0.651678010440794,-0.378048302626693,0.769588847931608,FALSE
IFT122,black,-0.0365990760008119,0.824937644296033,-0.206523672713967,-0.046911669699864,0.566947073575572,FALSE
IFT20,turquoise,0.225264293664693,0.167956028029522,0.594087767243293,-0.244500895405006,0.450832540425234,FALSE
IFT25,yellow,-0.228249538801233,0.162242605554736,-0.410524209112534,0.437258991020411,0.812844045126739,FALSE
IFT27,purple,0.128428124195968,0.43587740900884,-0.0851357401879568,-0.222323863245041,0.493646694567953,FALSE
IFT46,grey,-0.0579613432732497,0.72597359294185,-0.0712871291810771,0.162261110425238,,FALSE
IFT52,blue,-0.136702403559693,0.406631186804376,-0.225373989247015,0.131625964136322,0.554475873314622,FALSE
IFT88,yellow,-0.503212833845831,0.00109350770682209,-0.54779369213598,0.408174193283648,0.567423394373504,FALSE
IGBP1,lightyellow,-0.161670590856827,0.32547365220205,-0.548404345281807,0.354056379811855,0.615061480240462,FALSE
IGF1,magenta,-0.339606520552491,0.0344166930318783,-0.308093460300103,0.519684360351963,0.519684360351963,FALSE
IGF1R,salmon,-0.204937127088481,0.210742557270529,-0.133993774566809,-0.0615560508612303,0.636578598914381,FALSE
IGF2-AS,turquoise,0.117720203112473,0.475393456057024,0.0789319844807404,-0.30208041469613,0.294221699557126,FALSE
IGF2BP2,black,0.000811489463161223,0.996088097021185,-0.404231027879587,-0.0814012346670932,0.682977698849479,FALSE
IGF2R,brown,0.212402508886985,0.194229706627731,0.56508344296462,-0.197347122909805,0.789194575315077,FALSE
IGFALS,turquoise,-0.0956602001110075,0.562391999395437,0.20418135845243,0.118330849737545,0.470448344885766,FALSE
IGFBP1,magenta,-0.291881873586583,0.0713905686281797,-0.575675178798084,0.709199645835863,0.709199645835863,FALSE
IGFBP2,magenta,-0.308359697417884,0.0561481576766875,-0.349857568776007,0.401634878978958,0.401634878978958,FALSE
IGFBP3,greenyellow,0.341950770538169,0.0331137660770903,0.447478417372816,-0.38844581220447,0.721968876155948,FALSE
IGFBP4,brown,0.0200148447520271,0.903740178514294,0.367645862513011,-0.178417412158345,0.52314776716019,FALSE
IGFBP5,tan,-0.118964693542916,0.470706338321691,-0.366374937672026,0.190269550197033,0.78353225941333,FALSE
IGFBP6,salmon,0.179387576978875,0.274516718687666,0.176845346997127,-0.25149077053522,0.707904986185032,FALSE
IGFBP7,salmon,0.168422140457863,0.305400964737373,0.180287594966879,-0.282525409797465,0.841738080906812,FALSE
IGFLR1,brown,0.285504255523035,0.078096142153722,0.553562809681441,-0.299781477854695,0.648618877217477,FALSE
IGHMBP2,red,-0.0882793272548869,0.593056135865909,-0.116359740602324,-0.20465840222254,0.234762714958736,FALSE
IGKC,greenyellow,0.217820193466985,0.182831028278833,0.307351263479511,-0.348302465943015,0.597992037142612,FALSE
IGLL1,turquoise,0.179125975268778,0.275228787477441,0.472286419732279,-0.367995760854495,0.642231952706057,FALSE
IGSF3,grey,0.107405817895862,0.515167374055091,0.16763187220986,-0.271040948607565,,FALSE
IGSF9B,lightcyan,0.10638274271418,0.51920077818201,0.0828618843427484,-0.24486502631628,0.654720896523572,FALSE
IHH,blue,-0.205829916566597,0.208718114710815,-0.529357525067096,0.333679438761172,0.323451989131965,FALSE
IKBKB,turquoise,0.120084017423715,0.466511619634226,0.438841104968251,-0.19061360696249,0.562458885517567,FALSE
IKBKE,black,-0.104684964312796,0.525928467082968,-0.251299433754556,-0.127182819173794,0.57690218043096,FALSE
IKBKG,green,0.444473394843897,0.00458516501312319,0.589038778362146,-0.501772534635082,0.589038778362146,FALSE
IKZF1,grey60,0.0858136594253624,0.60346089865263,0.107580886651431,-0.195548780986618,0.629538193417229,FALSE
IKZF2,red,-0.0797915338298806,0.629197467568306,0.116397333646854,-0.379306358090671,0.591011703973611,FALSE
IKZF4,grey,-0.158292761157108,0.335817727440329,-0.128375149891378,0.0796486725783265,,FALSE
IL10RA,greenyellow,0.296498550199773,0.0668252717626102,0.335178560328657,-0.41795070719638,0.737920603210017,FALSE
IL10RB,turquoise,0.183073756595321,0.264611379549506,0.573307975020698,-0.213696582307221,0.618242427786916,FALSE
IL11,purple,-0.00365955708847234,0.982359883147609,-0.189523657688848,-0.134740273053843,0.456352078099227,FALSE
IL11RA,turquoise,0.122807083550054,0.456390397831615,0.287352099363265,-0.309719674746916,0.406560799594067,FALSE
IL12RB1,green,0.0797726815925268,0.629278739158586,0.349458818049494,-0.401741296158345,0.349458818049494,FALSE
IL13RA1,blue,-0.0702068870774011,0.671054143401962,0.027077651858301,0.0403398564926184,0.598994659397607,FALSE
IL13RA2,blue,-0.0100451282194303,0.951604301196864,-0.0703059803145258,0.188338588256654,0.552445860591296,FALSE
IL15RA,black,0.18564456747377,0.257844796078919,-0.228024767601946,0.111716741843709,0.465730770457781,FALSE
IL16,black,-0.202423423202324,0.216515517452181,-0.190794939513606,-0.104417940523091,0.689815890109201,FALSE
IL17RA,turquoise,0.347023394997069,0.0304326458976464,0.621744043813555,-0.462095164995195,0.777943139059193,FALSE
IL17RB,magenta,-0.120752317229006,0.464016651978431,-0.50496741882817,0.495216782980517,0.495216782980517,FALSE
IL17RC,turquoise,0.311837316421424,0.0532905455771921,0.471285922585186,-0.405255289836982,0.666954137969156,FALSE
IL18BP,turquoise,0.506040312692494,0.0010139098994213,0.0828828720919405,-0.341364794177009,0.211836007394023,FALSE
IL1B,red,0.052602907772705,0.750456668621401,-0.0890019245549935,-0.11232568932954,0.615926436353337,FALSE
IL1R1,grey,0.0141898257143379,0.931675882874197,0.00441432767103152,0.0910076054746357,,FALSE
IL1R2,blue,-0.35328493748294,0.0273722322321458,-0.0482011169479686,0.273252348350052,0.455559737054638,FALSE
IL1RAP,yellow,-0.260830169130027,0.108760794616119,-0.580772062862284,0.50043279592584,0.521455131485449,FALSE
IL1RAPL2,yellow,-0.197767495346443,0.227494515026968,-0.450399894077389,0.169934516802428,0.42590516490521,FALSE
IL1RL2,turquoise,0.143818631347111,0.382402079076642,0.323827930491386,-0.178891091268377,0.359084452827106,FALSE
IL1RN,blue,-0.210360509306415,0.198653065642384,0.0572548128064451,0.109068618613192,0.306962008785935,FALSE
IL22RA1,turquoise,0.32359264802423,0.0444824294137532,0.573530969304815,-0.45783850364526,0.435031818086149,FALSE
IL23A,turquoise,0.275453254614868,0.0896498756723769,0.283492707220398,-0.239560910500788,0.467835225843848,FALSE
IL2RA,yellow,-0.195867505709786,0.232082234110587,-0.50043167766,0.211561649103773,0.67870578514252,FALSE
IL2RB,brown,0.242597992020836,0.136734149358117,0.375860274604434,-0.268048648360169,0.312075932333123,FALSE
IL2RG,grey60,0.0424388071233641,0.79754711648384,-0.185609743400279,-0.106346376499952,0.867361358046838,FALSE
IL32,green,0.373887045275426,0.0190420698792536,0.821993319246236,-0.63331008867169,0.821993319246236,TRUE
IL36A,turquoise,0.301675252000282,0.0619836211780838,-0.0568392487436873,-0.078269640283321,0.151175051818106,FALSE
IL4R,green,0.365203668945884,0.0222487707890582,0.654951983963362,-0.500034635993679,0.654951983963362,FALSE
IL6R,royalblue,-0.181314546324425,0.269308781295242,-0.204690056427934,0.349495434426581,0.512687631938091,FALSE
IL6ST,blue,-0.127907410889603,0.437755951872223,-0.358807867975482,0.507275904260497,0.857452624384709,FALSE
IL7R,tan,-0.308793027244261,0.0557855529951839,-0.296998668967904,0.115622697341364,0.473896483809457,FALSE
IL9R,lightcyan,0.117052938071586,0.477916644588895,-0.137098765309851,-0.207617626897135,0.421033648831571,FALSE
ILF2,brown,0.190729679402531,0.244801883997453,0.356669078664747,-0.0337703235411438,0.409032578454049,FALSE
ILF3,turquoise,0.0654966946481971,0.691998290018597,0.484343346765488,-0.386060033849372,0.500511821330197,FALSE
ILK,brown,0.225708382690344,0.167097045669844,0.590629864190855,-0.337588563065161,0.611895362458469,FALSE
ILKAP,turquoise,0.26440833421241,0.103821631804108,0.589021528371842,-0.371552154869205,0.832791676339142,FALSE
ILRUN,blue,-0.0654552083811587,0.69218379627172,0.0109807685882444,0.247899761433887,0.41884677922736,FALSE
IMMT,blue,0.0227853285245018,0.890491386349169,0.332947137586934,0.119450243149174,0.560450343429431,FALSE
IMP3,turquoise,0.170275930242157,0.300030459354005,0.367136271114616,-0.00159331813648329,0.593118125561014,FALSE
IMP4,brown,0.209818182634946,0.199839619831694,0.62039310491691,-0.200834816565531,0.777388039569795,FALSE
IMPA1,yellow,-0.306067355208186,0.0580977737486508,-0.634827251051378,0.669401819290864,0.772345824166952,FALSE
IMPA2,turquoise,0.17966839580959,0.273753685430426,0.472200731862516,-0.0789141459569006,0.5511155982806,FALSE
IMPDH1,midnightblue,0.255584004057811,0.116321864977322,0.377342406888304,-0.593274065369944,0.730361054444226,FALSE
IMPDH2,cyan,-0.0883392153323397,0.592804400110437,0.0843565672262833,0.0844083025846621,0.671125986369825,FALSE
INCENP,turquoise,0.00868461061330489,0.958152823136584,0.214650961869391,-0.176779827386052,0.348682227629223,FALSE
INE1,turquoise,0.15026978495177,0.361188994274009,0.193841313590739,-0.310623451775337,0.219005636380984,FALSE
INF2,turquoise,0.321356601600569,0.0460603082613952,0.592479730444676,-0.458961225378462,0.77466909367621,FALSE
ING1,grey,-0.086699780701148,0.599712537669718,-0.323488386225838,0.413199990003336,,FALSE
ING2,pink,-0.0175857531520543,0.915377694678039,0.0979337670056528,0.161868529367741,0.493972021129417,FALSE
ING3,blue,-0.287723783606572,0.0757088860529713,-0.192258771309865,0.274149354556878,0.554785300764982,FALSE
ING4,turquoise,0.202285211539725,0.216836066920001,0.343227628989909,-0.269596098492436,0.472019207936929,FALSE
INHA,grey,0.174070793279755,0.289226079974436,-0.0709356959570699,0.025020544612037,,FALSE
INHBA,brown,0.165856907681845,0.312932723920097,0.470688806159307,-0.18877897753631,0.426033641219578,FALSE
INHBB,turquoise,0.0982709875894775,0.551724117437066,0.201460318350932,-0.176292043827168,0.37405824177758,FALSE
INHBC,brown,0.23548396647873,0.148982502936071,0.603628821346766,-0.487457246481659,0.54411927770841,FALSE
INHBE,green,0.435229548763413,0.00562099637047819,0.793187350213556,-0.631017808472801,0.793187350213556,FALSE
INO80D,yellow,-0.206067269295605,0.208182187431335,-0.288093092072987,0.106581480000408,0.407427692888997,FALSE
INPP1,magenta,-0.273668783232078,0.0918323379185811,-0.199486895125349,0.572716867083902,0.572716867083902,FALSE
INPP4A,grey60,0.159193626673197,0.333039338649385,0.280550230775394,-0.45473379973586,0.563020296276591,FALSE
INPP5A,brown,0.219771974956572,0.178843440058452,0.664405767291722,-0.362818092617154,0.73502210327057,FALSE
INPP5B,yellow,-0.248405706088603,0.127300446329486,-0.438201071355473,0.316790008070004,0.50299900851435,FALSE
INPP5D,salmon,0.34201288592297,0.0330798007979606,0.132103806324517,-0.435089668385325,0.551858639336255,FALSE
INPP5E,yellow,-0.0930127144691712,0.573306352624211,-0.276570293565693,0.237362064347073,0.458370130875717,FALSE
INPP5K,turquoise,0.260153628849368,0.109714366333809,0.599186827159779,-0.533824600096865,0.578675986367588,FALSE
INPPL1,turquoise,0.309906321020939,0.0548625322763594,0.541525117192974,-0.503090264899506,0.825178896324448,FALSE
INSIG1,pink,0.194109582860581,0.236382633918605,0.184405136233283,0.156502135656886,0.482607647242477,FALSE
INSIG2,magenta,-0.390243728286905,0.0140478661944131,-0.576888205035094,0.675609630124195,0.675609630124195,FALSE
INSL3,purple,-0.197887512876155,0.227206816665174,-0.52229995894071,0.225137988308328,0.589532530175111,FALSE
INSR,turquoise,0.131475028275235,0.424975060889122,0.0787138328229951,-0.154125730444789,0.528767705797583,FALSE
INSRR,turquoise,0.294827481276255,0.0684503532138265,0.254147832564131,-0.19674387476224,0.474836819823908,FALSE
INTS1,turquoise,0.238640405373036,0.1434525369027,0.579594569543836,-0.501012590428095,0.854504480266964,FALSE
INTS11,turquoise,0.389784554429238,0.014171181513872,0.523303232066071,-0.526005820488836,0.775017629535069,FALSE
INTS12,blue,-0.288648175056813,0.0747316413879874,-0.169907202200005,0.425271286512947,0.777944269476369,FALSE
INTS14,blue,-0.354387896165642,0.026860466609573,-0.217464230428643,0.440678638151418,0.619326538264597,FALSE
INTS15,turquoise,0.1384520216303,0.400594220257832,0.497785831446103,-0.383931702364877,0.770420956397624,FALSE
INTS3,turquoise,0.124692783358502,0.449451526984441,0.375804815929076,-0.380504083624768,0.714189190632025,FALSE
INTS5,turquoise,0.349630918752132,0.0291256073359548,0.498344528275972,-0.436661850528885,0.590548083593384,FALSE
INTS6,yellow,-0.339423421047039,0.0345202021796501,-0.408867889466657,0.222565008967914,0.725939215000984,FALSE
INTS8,blue,0.063877273999962,0.699252602251857,-0.0107540048529966,0.139952995286492,0.211709560268218,FALSE
INTS9,red,-0.0438275808590818,0.791066979915253,-0.0470526496495135,-0.115742488680595,0.701232160600205,FALSE
IP6K1,brown,0.362614390706838,0.0232878208053187,0.690869118585575,-0.655842484549757,0.662629576132381,FALSE
IP6K2,green,0.36400532908393,0.0227247439571053,0.758475854233164,-0.661181894615292,0.758475854233164,FALSE
IPCEF1,grey60,-0.147339615637524,0.370734919519056,-0.0821556801734043,-0.197011946352497,0.686232283523946,FALSE
IPO13,green,0.276409291328793,0.0884972022609225,0.703929575355748,-0.47443606942664,0.703929575355748,FALSE
IPO4,brown,0.272520126845515,0.0932586814404555,0.463588802475296,-0.26856958406755,0.475207929351402,FALSE
IPO5,magenta,-0.305102958732538,0.0589339301492963,-0.545351040215624,0.69788152030949,0.69788152030949,FALSE
IPO7,blue,-0.0483697889489688,0.769971300147531,-0.177865809960891,0.405221503310357,0.618699145678101,FALSE
IPO8,grey,-0.26968502093348,0.0968520998912192,0.145963061549711,0.069931884821119,,FALSE
IPO9,cyan,-0.00997632083824097,0.95193541722176,0.365027286154811,-0.00332635791853191,0.732698538715798,FALSE
IPPK,turquoise,0.434602817438923,0.0056980210460812,0.606094339826003,-0.592332820410873,0.697809949079239,FALSE
IQCB1,purple,-0.0650700541706257,0.693906861175822,-0.483305294786097,0.278997082974542,0.700477190262757,FALSE
IQCC,lightcyan,0.117478460431483,0.476306768770224,0.14968780123738,-0.208860720269857,0.706145982959118,FALSE
IQGAP1,tan,-0.18954625097962,0.247796872723227,-0.383410371484211,0.252301255081174,0.835982843981925,FALSE
IQGAP2,blue,-0.301065995647906,0.0625385595489059,-0.438461178762936,0.651048972403679,0.835202533426655,FALSE
IQSEC1,grey,-0.15861038107825,0.33483651731891,-0.10548201175806,0.0457068656102489,,FALSE
IQSEC2,turquoise,0.150081466292797,0.361798017295149,0.244289379007738,-0.473180784390371,0.280435337160084,FALSE
IQSEC3,lightcyan,-0.118040422016785,0.47418507701115,-0.0739682637789164,-0.120524314745221,0.419619627857427,FALSE
IRAG2,purple,-0.261857884424226,0.107324291226619,-0.37736629106914,0.0974996735030683,0.3844142335483,FALSE
IRAK1,turquoise,0.0468584043233811,0.776973437595792,0.485808011852904,-0.406876361149915,0.365025613545378,FALSE
IRAK4,green,0.0363301349800371,0.826204279231073,0.315062050419468,-0.174475067886667,0.315062050419468,FALSE
IRF1,turquoise,0.170674288708581,0.298884329065931,0.397669365153256,-0.33085602128593,0.213757795817632,FALSE
IRF2,blue,-0.230540371437714,0.157954549577705,-0.229736764347042,0.39467293990972,0.5229720811254,FALSE
IRF2BP1,grey,0.027173979659449,0.86956558417747,-0.125904949043176,0.030894876782222,,FALSE
IRF3,turquoise,0.162452657870685,0.323107337608298,0.492873050167603,-0.172745827093699,0.782541394959425,FALSE
IRF4,black,0.0628722490557199,0.703768007389656,0.00173345046213289,-0.317526986039165,0.649028886650863,FALSE
IRF5,turquoise,0.0236166014005624,0.886521684498354,0.204298856935719,-0.359558231564408,0.452589216678828,FALSE
IRF6,yellow,-0.472774725927342,0.00237138391666515,-0.622344274638086,0.520084071795713,0.617813171163985,FALSE
IRF7,green,0.293600246163767,0.0696635251194603,0.700707917440503,-0.496210933444105,0.700707917440503,FALSE
IRF8,greenyellow,-0.0396975972393836,0.810376784729352,0.0456693874794479,-0.220323608056484,0.648110099949597,FALSE
IRF9,turquoise,0.117861796863816,0.474858937781606,0.434936885756989,-0.24420062140371,0.417905137026325,FALSE
IRGQ,grey,0.306663661973121,0.0575855066659007,0.212386739873227,-0.290437601282689,,FALSE
IRS1,blue,-0.217554608258918,0.183378476653985,-0.406583588169645,0.429329380943855,0.37060080355313,FALSE
IRS2,magenta,-0.200474894433176,0.221064917558553,-0.573689293532441,0.618523987169604,0.618523987169604,FALSE
ISCA1,pink,0.0282928065393727,0.864244242599178,0.439570836440421,-0.0728347888284421,0.688878065503967,FALSE
ISCU,blue,-0.10355944623593,0.530411917311685,-0.0500662237319146,0.33365727060128,0.457136054518212,FALSE
ISG15,turquoise,0.0569655482045533,0.730504015116221,0.562791578580165,-0.359651740567285,0.648196881130374,FALSE
ISG20,turquoise,0.24986977551065,0.125000827555514,0.215211452898848,-0.0786765918188974,0.598171996477438,FALSE
ISG20L2,grey,0.0583755603208045,0.724091784187301,0.299455201271745,-0.315082146251511,,FALSE
ISLR,salmon,0.104308148637732,0.527427424250264,0.104480084488175,-0.310856247915808,0.851668136188555,FALSE
ISOC1,blue,-0.00601433455060754,0.971013030792052,0.0183342027362605,0.127134206040891,0.5429272161218,FALSE
ISOC2,brown,0.256657292098029,0.11474364803121,0.585304480442131,-0.366431836391499,0.777815842747511,FALSE
IST1,blue,-0.0992859685470732,0.547602724372534,-0.235870832068355,0.331969231173336,0.554823517547882,FALSE
ISYNA1,midnightblue,0.255044462920583,0.117121382592281,0.332016007750589,-0.451703734626261,0.780878453995595,FALSE
ITCH,magenta,-0.185612957992799,0.257927289516217,-0.56494978517116,0.731309205330588,0.731309205330588,FALSE
ITFG1,pink,-0.215245716448453,0.188186889634937,-0.0135735947639706,0.348949966608219,0.775164469509899,FALSE
ITGA3,midnightblue,0.124424527360935,0.450435122813086,0.222222626922648,-0.349107948418869,0.826134842533917,FALSE
ITGA5,turquoise,-0.00915558741106458,0.955885562352076,0.313161834958115,-0.314380692075138,0.57756686152078,FALSE
ITGA6,blue,0.179562557192801,0.274041103869362,0.121172062995655,-0.174023974026842,0.35816947978867,FALSE
ITGA7,grey,0.0450768981719369,0.785249352305722,-0.0282714372118948,-0.122255601415936,,FALSE
ITGA9,salmon,0.0933778090206805,0.571795528975934,0.0656717328874061,-0.222840935310396,0.558536006118129,FALSE
ITGAE,blue,-0.299081979673647,0.0643730344815825,-0.3202355967999,0.275562450895136,0.33965000128273,FALSE
ITGAL,turquoise,0.181089424966905,0.269913829771347,0.393077398972692,-0.236282799794354,0.566485204109389,FALSE
ITGAM,black,0.0844839220957563,0.609104646665822,0.0682407724726816,-0.352106457769322,0.454849450019878,FALSE
ITGAV,tan,0.0843395297358223,0.609718837790407,-0.145533142612687,0.191366671901948,0.694788230791404,FALSE
ITGAX,salmon,0.244631426858323,0.133374094921304,0.172768426464202,-0.320761174808143,0.424943331048574,FALSE
ITGB1,yellow,-0.101211746932586,0.539823345617604,-0.33819590450852,0.386625758933435,0.581757684714011,FALSE
ITGB1BP1,turquoise,0.294946191648335,0.0683338918913028,0.520942042302221,-0.36432925530856,0.372820184507753,FALSE
ITGB2,greenyellow,0.268711759925944,0.0981098513829375,0.563476867796976,-0.511221375162026,0.764658659617454,FALSE
ITGB3,grey,0.0352776801399769,0.83116518089085,0.11979029370475,0.0452176353486042,,FALSE
ITGB3BP,blue,-0.24525182200098,0.132361252030824,-0.225272700796964,0.26650166911971,0.474840548136378,FALSE
ITGB4,midnightblue,-0.00945297795535449,0.954454112998144,0.0529752213625398,-0.258211317708312,0.770167917780952,FALSE
ITGB5,salmon,0.120480860730862,0.465029222091936,0.12329355858661,-0.16803617872866,0.678784777011719,FALSE
ITGB7,greenyellow,0.282923308205685,0.0809455606661999,0.307186392360503,-0.349287912371296,0.538934152527029,FALSE
ITGBL1,black,0.0840828807755685,0.610811177264487,-0.0627630214531219,-0.207792690369194,0.622999387944605,FALSE
ITIH1,turquoise,0.173826661756022,0.289913485573785,0.456652032161601,-0.211570324643276,0.85742275533549,FALSE
ITIH2,blue,-0.319183972244923,0.0476364165671724,-0.227003764494869,0.403971492262407,0.514314056414319,FALSE
ITIH3,grey,-0.0667205500626745,0.686533820177412,0.0993801571421418,0.0557520789925081,,FALSE
ITIH4,turquoise,0.0418089937255415,0.800490322417696,0.350787392284975,-0.175208925036472,0.763157965910838,FALSE
ITIH5,midnightblue,0.016637430884301,0.919925863132631,0.0211288543393934,-0.256104146013283,0.427697377612022,FALSE
ITM2A,blue,-0.251247740903336,0.122864950203466,-0.432937205189571,0.146437975948749,0.344814396901855,FALSE
ITM2B,pink,0.0427143804975643,0.796260188448624,0.0485909737476831,0.242257617768048,0.770550641435617,FALSE
ITM2C,greenyellow,0.206658911845021,0.206850462319866,0.397841106827117,-0.482072243473567,0.79111962879898,FALSE
ITPA,red,-0.142256563126479,0.38764648549431,0.155844024931742,-0.263753183058144,0.392834536414089,FALSE
ITPK1,green,0.209300606684187,0.200976641541524,0.804851875539468,-0.711224885269619,0.804851875539468,TRUE
ITPKA,turquoise,0.210168151814457,0.199073357292199,-0.0808740894925873,0.0136632409720662,0.235864585531156,FALSE
ITPKB,salmon,0.201383797512929,0.21893471537932,0.315749277326945,-0.535008709714121,0.508676202144487,FALSE
ITPKC,green,0.415669275855687,0.00849668347097589,0.417598235225897,-0.324503957176574,0.417598235225897,FALSE
ITPR1,black,-0.0286472882499069,0.862559483309168,-0.170332560209948,-0.188298395916963,0.689723654608695,FALSE
ITPR2,yellow,-0.102788499393031,0.533493648351568,-0.42986563913398,0.267027572506024,0.245064979494663,FALSE
ITPR3,black,-0.199026232357824,0.224489521928058,-0.305381414205781,0.000942315344793292,0.615873141642308,FALSE
ITPRID2,blue,-0.208205189089792,0.203397982974018,-0.368047290662967,0.559456107679385,0.535970662162685,FALSE
ITSN1,blue,-0.0628464318835501,0.70388413235074,-0.129235786971044,0.297094933114926,0.60156902240725,FALSE
ITSN2,yellow,-0.23420602172186,0.15126522305899,-0.228688521752181,0.241725756458546,0.671433917942406,FALSE
IVD,turquoise,0.157022966002196,0.339758156547099,0.469779195217868,-0.0905028512665269,0.688911752573113,FALSE
IVNS1ABP,blue,-0.0738143349319821,0.655176475508996,-0.259786542885833,0.486980341369128,0.476252735904097,FALSE
IZUMO4,grey,-0.184111943429183,0.26186479924815,-0.275628316192588,0.076013103288314,,FALSE
JADE1,yellow,-0.0210073241687484,0.898990877906016,-0.234130869013005,0.219780564534514,0.662326194516411,FALSE
JADE2,greenyellow,0.254223253554168,0.118346218669117,0.041181391322703,-0.131023929552785,0.38247210387851,FALSE
JADE3,blue,-0.310054840622129,0.0547403245503491,-0.621025415482833,0.66009874235995,0.499004321646805,FALSE
JAG1,brown,0.153890855178158,0.349598612845346,0.123298594268382,-0.219257784369954,0.399774381876944,FALSE
JAG2,turquoise,0.0722710224079466,0.661951367059081,-0.0402745803133721,-0.0735222876585917,0.332501620374366,FALSE
JAK1,blue,-0.181078590574032,0.269942971406231,-0.385103651208133,0.526181828874013,0.719673451712274,FALSE
JAK3,grey60,0.273764328751684,0.0917144556150446,0.0920785509646599,-0.380994570653861,0.487932475218124,FALSE
JAM2,black,-0.0827830544333016,0.616356173332456,-0.385088516593105,0.117555454039972,0.707975294286888,FALSE
JAM3,tan,-0.0374716822109485,0.820830943865611,-0.252526196903521,-0.0157484346680124,0.851925114654387,FALSE
JARID2,yellow,-0.113710289659819,0.490661468172259,-0.387714645283799,0.206357987850394,0.398514873897724,FALSE
JCHAIN,tan,-0.0384490981825882,0.816236572887262,-0.100547209835304,0.0696405146924848,0.621861010466766,FALSE
JMJD1C,magenta,-0.341197774391248,0.0335277919325042,-0.56242348473068,0.677165954188365,0.677165954188365,FALSE
JMJD4,turquoise,0.333802659889423,0.037823863348339,0.36675822986352,-0.272886292631942,0.205151594813451,FALSE
JMJD6,turquoise,0.492783307906168,0.00143711891017356,0.585635017634782,-0.518493241742497,0.665776983388408,FALSE
JOSD1,turquoise,0.04204462095142,0.799388883151957,0.30907729039831,-0.0680309802001897,0.272206727510695,FALSE
JPT1,green,0.335600339181067,0.0367403394565973,0.767937309338213,-0.596163872883867,0.767937309338213,FALSE
JPT2,blue,0.120563565973435,0.464720595433118,0.134269145868002,0.186365972449201,0.486880037969055,FALSE
JRK,grey,-0.141008934831685,0.391865237701354,-0.0421984811013695,-0.0499431468893163,,FALSE
JTB,grey,0.210012070288452,0.199414845307421,0.0451642714949883,0.155970286082971,,FALSE
JUN,grey,0.195965659299944,0.231843701402729,0.0810320140878599,-0.00486444863343095,,FALSE
JUNB,greenyellow,0.462241178367214,0.00305067971135772,0.480343894514512,-0.488396929706199,0.637864362336758,FALSE
JUND,darkturquoise,0.119604355444742,0.46830673516876,0.213610059826883,-0.116744904268305,0.517628684133962,FALSE
JUP,turquoise,0.100880473868316,0.541157770366136,0.223685475070048,-0.111665047636102,0.679633312535786,FALSE
KALRN,yellow,-0.167156699905121,0.309101883205738,-0.470879053350262,0.269946458542508,0.406276850533664,FALSE
KANK1,blue,-0.0414020344322443,0.802393548239769,-0.259478377153195,0.40377835412164,0.416240480597564,FALSE
KANK2,grey,0.179535983786225,0.274113298425066,0.0461656282131442,-0.213071195848987,,FALSE
KANK3,turquoise,0.0552154972344207,0.738487764978392,-0.0116431775929509,-0.120636907035941,0.364967061407266,FALSE
KANSL2,purple,0.11956134664115,0.468467872812844,-0.255912659948041,0.08562593171223,0.446094447331851,FALSE
KANSL3,grey,-0.0540118859807613,0.743994443926035,-0.0171594016657472,-0.0692246372256307,,FALSE
KARS1,blue,-0.104420864088905,0.526978827944084,-0.0414790374392251,0.223434097698849,0.552384323924054,FALSE
KAT2A,turquoise,0.24097654660364,0.139457984790279,0.330309498418556,-0.230267112766148,0.744723187114937,FALSE
KAT2B,blue,-0.116281268220795,0.480843359362534,-0.156186971697453,0.56008835212756,0.624813468172055,FALSE
KAT5,pink,-0.107942413211638,0.513058139676531,0.217127267229276,-0.0783489693514007,0.446442462241592,FALSE
KAT6A,blue,-0.0912560055037254,0.580601165312616,-0.312475798046852,0.258044085383156,0.700202059166211,FALSE
KAT6B,grey,-0.198411574046263,0.22595348493888,-0.333181039728633,0.32778437956387,,FALSE
KAT7,yellow,-0.247957923784889,0.128010041733137,-0.608386988613363,0.26154820130422,0.80221377573481,FALSE
KAT8,brown,0.381501515395259,0.0165579063095915,0.388287377714914,-0.103803580043697,0.361687159392222,FALSE
KATNA1,grey,-0.000853662600853854,0.995884796963112,0.300019845759871,-0.14879338764843,,FALSE
KATNB1,grey,0.323145794872549,0.0447942075923789,0.172741924726942,-0.359943119213776,,FALSE
KATNIP,grey,-0.0134176073059196,0.935386091598336,0.165134654455963,-0.145048558615602,,FALSE
KAZALD1,black,-0.202268277069987,0.216875364943193,-0.334842487463191,-0.0503985209940312,0.435884691795822,FALSE
KAZN,lightyellow,0.00947101940176092,0.954367277411458,0.154974867980954,-0.146370363066035,0.391362829550957,FALSE
KBTBD11,royalblue,0.0678653272935417,0.681436605829063,-0.241679640356243,0.231126364312125,0.34563904856436,FALSE
KBTBD2,blue,-0.0150028747648606,0.927771038067146,-0.188278009609328,0.213280136711824,0.5994125357822,FALSE
KCMF1,pink,-0.0954611159377968,0.563209374420092,-0.086143561801861,0.251874255977383,0.618434095550746,FALSE
KCNA1,purple,-0.327468147554239,0.0418513933667109,-0.550765081070144,0.244228234647801,0.537051909929089,FALSE
KCNA10,turquoise,-0.0439489438387936,0.790501340450131,0.00890169201601719,-0.343792879221479,0.251744451173955,FALSE
KCNAB1,lightgreen,-0.204192324621063,0.212441819510686,-0.177306144090743,0.0563991118862897,0.637686369351674,FALSE
KCNAB2,greenyellow,0.294210246210279,0.069058417255757,0.396567410538293,-0.346513062301032,0.52422267092558,FALSE
KCNB1,grey,-0.21220629541531,0.194651706630705,-0.0997252404408209,0.200953104351111,,FALSE
KCNC1,yellow,-0.144970893827766,0.37856040336213,-0.374262123512447,0.393098265972005,0.276539783846794,FALSE
KCNC3,red,-0.144305094907571,0.380777409196135,-0.124199077717399,-0.20038530933907,0.524520930294209,FALSE
KCNC4,turquoise,0.336355268757156,0.036292938622021,0.0445381433416505,-0.194852330304854,0.29094414288443,FALSE
KCND1,turquoise,0.34549960168367,0.0312185595240381,0.113550451466922,-0.426095416695179,0.212244082861754,FALSE
KCND3,blue,-0.35062467359394,0.0286398287168109,-0.535121217298133,0.644091719346607,0.383734449009358,FALSE
KCNF1,grey,-0.107350350345456,0.515385650345748,-0.131826673358662,-0.106698294859617,,FALSE
KCNH2,grey,-0.0697207590035773,0.673204764075194,-0.116044158206123,-0.0471085318781901,,FALSE
KCNH4,turquoise,-0.0236896277342187,0.886173079904698,0.311131249928746,-0.408409130370151,0.387513635328913,FALSE
KCNIP2,turquoise,0.339849960784549,0.0342794660678665,0.182170464944767,-0.437650394135282,0.358587262397461,FALSE
KCNJ10,lightgreen,-0.135933557978283,0.409300420431206,-0.180058598978859,0.0627344392281597,0.725201131501383,FALSE
KCNJ14,grey,-0.101939571345973,0.536897102084125,-0.0866457597382952,-0.175672780376082,,FALSE
KCNJ15,grey,-0.025857688064055,0.875833345165267,-0.330431517252152,0.135081884507879,,FALSE
KCNJ2,lightgreen,-0.174813195777759,0.287142156897315,-0.328164058104869,0.214047266383578,0.749713618726177,FALSE
KCNJ3,purple,-0.240777789764656,0.139794607798796,-0.4388354744181,0.206891970105823,0.666789267643774,FALSE
KCNJ4,turquoise,0.183317445888563,0.263964982950171,0.239451750399969,-0.214229787531964,0.542426463411239,FALSE
KCNJ5,grey,-0.0591658536004046,0.720505881859486,-0.00729209125132252,0.00798433569197178,,FALSE
KCNJ8,blue,-0.396231075275147,0.0125211959058914,-0.3704863495084,0.58164161355171,0.482247831827083,FALSE
KCNK1,midnightblue,0.00111635505103441,0.994618466565962,-0.0370103569414997,-0.158876417341966,0.436674039541673,FALSE
KCNK5,turquoise,0.179141158469162,0.275187426439783,0.315362200251176,-0.146879162391177,0.511053446440278,FALSE
KCNK7,turquoise,0.397929440587596,0.0121146924384906,0.399612773114102,-0.453075985969121,0.589645597931222,FALSE
KCNMA1,magenta,-0.266548182240411,0.1009506331657,-0.584596720470874,0.655768173308023,0.655768173308023,FALSE
KCNMB1,black,0.0659340110815747,0.690043904856026,-0.227100794502894,-0.0943342542180104,0.690881361382011,FALSE
KCNMB3,yellow,-0.213754191618033,0.191340102398805,-0.234666197585946,0.119493906961412,0.238293933648149,FALSE
KCNMB4,yellow,-0.279393343711813,0.0849729515005049,-0.586625878616659,0.205529893163483,0.640341393933626,FALSE
KCNN2,grey,-0.351184466451261,0.0283691423242809,-0.318887384662622,0.581551326404405,,FALSE
KCNN3,black,-0.106132787089354,0.520188581515401,-0.181627507717836,-0.0312667335534618,0.643524462743749,FALSE
KCNN4,lightcyan,0.0743251129910652,0.652940189997029,-0.046063413466874,-0.0759514557901227,0.310073300552216,FALSE
KCNQ1,black,0.159109589285064,0.333297917710336,-0.15403471603624,0.018725995817579,0.45753465106292,FALSE
KCNQ1DN,midnightblue,0.089810470117129,0.586634883741527,0.335072388034574,-0.396244823472009,0.656096371277449,FALSE
KCNQ4,turquoise,0.236963917833204,0.146370572937036,0.306150189250796,-0.184395824836794,0.384892868532417,FALSE
KCNS3,purple,-0.0256704340681155,0.876725605062032,-0.364865505006401,0.0276555066979436,0.621830205337178,FALSE
KCTD12,tan,-0.247296933974056,0.129062887270414,-0.287306337038762,0.0166325600118829,0.844968870576808,FALSE
KCTD13,turquoise,0.210264044430452,0.198863758836799,0.350724479517619,-0.334388862525302,0.297663012032988,FALSE
KCTD15,turquoise,0.354077753478835,0.0270035639128,0.540793881665869,-0.563829299660777,0.398425287276858,FALSE
KCTD17,lightcyan,0.198301464081511,0.226216427793874,0.365466272043693,-0.45921725322721,0.867851101992956,FALSE
KCTD2,turquoise,0.23967347944021,0.141675839463739,0.716091542397949,-0.615337243282198,0.668091589663051,FALSE
KCTD20,red,0.158482677078774,0.335230814907958,-0.199708202030904,0.0403512719363656,0.683709084412666,FALSE
KCTD5,green,0.335727322962838,0.0366647704416041,0.690520658026187,-0.492486718731062,0.690520658026187,FALSE
KCTD7,red,0.00594705169151934,0.971337175877142,0.10125135323205,-0.350662700471743,0.350815608873888,FALSE
KDELR1,brown,0.251983121302389,0.121736338145769,0.514246908625154,-0.173857465105029,0.802994490584716,FALSE
KDELR2,brown,-0.0849980550766155,0.606919863593169,0.516553610231678,-0.244577173944672,0.523361166228943,FALSE
KDELR3,green,0.309995659261463,0.0547889951767872,0.371316382289117,-0.490610132588312,0.371316382289117,FALSE
KDM1A,brown,-0.0615644811499334,0.709658591314637,0.102332383159885,0.221481082385152,0.336838060092555,FALSE
KDM2A,turquoise,-0.107703457474466,0.513996887440027,0.353060791770756,-0.468084019691392,0.426907641215454,FALSE
KDM3A,yellow,-0.259261112304246,0.110982027136904,-0.461538531419008,0.542476953395351,0.737060011412198,FALSE
KDM3B,blue,-0.152818718583649,0.3530064863798,-0.147303676125252,0.139084803916119,0.550524909097981,FALSE
KDM4A,turquoise,0.220042007327292,0.17829667333473,0.394939497402429,-0.468927381199493,0.29735020976034,FALSE
KDM4B,turquoise,0.141821543108213,0.389114446016227,0.310506807245828,-0.201287149371543,0.724081492276425,FALSE
KDM4C,turquoise,-0.0272120339072007,0.869384496910926,0.25708384288144,-0.0416156190339872,0.507587794310461,FALSE
KDM5A,grey,-0.128880122707935,0.434250383991159,0.0721186797990712,-0.0982712189230293,,FALSE
KDM5B,blue,0.0254685735831734,0.877687632687767,-0.278666383986051,0.164122654948991,0.408467384903311,FALSE
KDM5C,red,0.0984495787665698,0.550997878893136,0.18034981953375,-0.341276821177797,0.3735372193284,FALSE
KDM5D,grey,0.101682980195027,0.537927862428972,-0.0446161439779545,-0.115331849548657,,FALSE
KDM6A,magenta,-0.221198305335711,0.175968865510562,-0.203766114435215,0.556652006531316,0.556652006531316,FALSE
KDM6B,turquoise,0.261238360279054,0.108188504292382,0.489257677299428,-0.392986267285524,0.691919296932197,FALSE
KDM7A,grey,-0.04763744000831,0.773362012911609,-0.0789424481923533,0.106654278096243,,FALSE
KDM8,turquoise,0.455095236818368,0.00360318477978884,0.728304204802693,-0.538987079823895,0.724242169262127,FALSE
KDR,blue,-0.106077026736773,0.520409068334661,-0.317690739582627,0.368720231084039,0.365734829677548,FALSE
KDSR,blue,-0.287501719882637,0.0759451291618833,-0.353939892060835,0.426728021568797,0.803091440740923,FALSE
KEAP1,brown,0.0772313285322219,0.640273536754104,0.637995052543169,-0.237185229183137,0.701460605867907,FALSE
KHDC4,yellow,-0.135878303684901,0.40949263320079,-0.325782579648855,0.314254718728075,0.742594139195065,FALSE
KHDRBS1,blue,-0.0998510761287027,0.545314414748943,-0.31456977590439,0.208957613923122,0.683592993918322,FALSE
KHDRBS3,magenta,-0.194790139750783,0.23471142727455,-0.0260237794682375,0.39367187483099,0.39367187483099,FALSE
KHK,turquoise,0.215633670862603,0.187372779440284,0.623864597366301,-0.419233862295438,0.922199255698792,FALSE
KHNYN,turquoise,0.31048054479087,0.0543912440331695,0.196134003347158,-0.329796582887414,0.40755352225121,FALSE
KHSRP,cyan,-0.148297784813242,0.367597001635928,-0.0221618661776212,0.140591254676417,0.498502542230156,FALSE
KIAA0040,blue,0.0112763434102076,0.94568083314321,-0.189824968077531,0.0615250597471087,0.312374305660912,FALSE
KIAA0232,darkturquoise,0.0911605689660054,0.580998660402831,0.366112272045327,-0.0908651709208355,0.561511253771518,FALSE
KIAA0319L,turquoise,0.240902980451502,0.139582509745375,0.44634089939204,-0.199880003477949,0.617081704848575,FALSE
KIAA0513,green,0.259189562593305,0.111084128672825,0.567965895561982,-0.550661526394642,0.567965895561982,FALSE
KIAA0586,yellow,-0.135265334311488,0.41162841654265,-0.294700337782625,0.230219095408393,0.428920617987155,FALSE
KIAA0753,yellow,-0.0144838851418588,0.930263411763492,-0.125608593052397,0.00615842833202013,0.284907436379759,FALSE
KIAA0930,green,0.247596803969511,0.128584448499245,0.724079814171766,-0.599050726160904,0.724079814171766,FALSE
KIAA1614,lightcyan,0.0847023211607958,0.608176160554286,0.214054393950612,-0.209054823865557,0.751198640618403,FALSE
KIDINS220,yellow,-0.30989614475072,0.0548709136853103,-0.554416562403613,0.520407652876239,0.839198612355135,FALSE
KIF13A,yellow,-0.185969374425502,0.256998141394616,-0.417582003706587,0.317843770507787,0.778953302932829,FALSE
KIF13B,turquoise,0.102648633536842,0.53405366701898,0.51008399472445,-0.0808110962415438,0.49892697985121,FALSE
KIF17,grey,0.085436479317276,0.605059457455401,0.20851622580697,-0.265955856741825,,FALSE
KIF1B,yellow,-0.248279077364053,0.127500815172993,-0.450335843521343,0.405435688351026,0.679794748524818,FALSE
KIF1C,turquoise,0.237372773147616,0.145654952121189,0.717176148107969,-0.535879901815652,0.751647851921744,FALSE
KIF21B,black,-0.0772749128690091,0.640084327073049,-0.496571353518743,0.106735320504921,0.566060437943663,FALSE
KIF22,turquoise,0.143609011480943,0.383103412603806,0.567853594491881,-0.233241860610374,0.683837414377952,FALSE
KIF25-AS1,turquoise,0.222408394668898,0.173556119093227,0.129673313974572,-0.293450712570451,0.504971202151913,FALSE
KIF3B,cyan,0.0750241191851795,0.649884647689727,0.319747050336714,-0.00492958787428881,0.57204131344194,FALSE
KIF3C,red,0.0253947337891204,0.878039582062208,-0.348939113725947,-0.123462223237122,0.441087958036594,FALSE
KIF5B,brown,0.256835663614129,0.114482934355586,0.449259719030419,-0.250887646982093,0.419031666134282,FALSE
KIFAP3,blue,-0.363693428306917,0.0228500104747008,-0.35369084960004,0.272483087097634,0.650517966975112,FALSE
KIFBP,blue,-0.118772368098349,0.47142909079634,-0.0678015654077284,0.371380789397274,0.775136793402759,FALSE
KIFC1,brown,0.016439970700446,0.920873206081473,0.409461151315398,-0.211641785591738,0.284106453327556,FALSE
KIFC3,turquoise,0.403183738900034,0.0109273199238795,0.645262292910334,-0.627769878038563,0.69099969569137,FALSE
KIRREL1,black,0.000749640699455473,0.996386245946433,-0.118955566082905,-0.37488248781305,0.799539036121782,FALSE
KISS1,turquoise,0.307815142564019,0.056606498910358,0.166010220385272,-0.32241909322879,0.471296733201462,FALSE
KIT,lightgreen,-0.200012254947306,0.222154661196604,-0.255081008733691,-0.0162179583041275,0.651732076176407,FALSE
KIZ,red,-0.425952472353386,0.00685808318212838,-0.390518491437082,0.133418150129863,0.412290424060019,FALSE
KLC1,turquoise,0.0969433923276198,0.557136852256137,0.322843917614948,-0.0850372368509978,0.445010116078256,FALSE
KLC2,turquoise,0.275987515900191,0.0890043081841032,0.425415978656679,-0.60567430777368,0.413665944813182,FALSE
KLF1,purple,0.0346470491046075,0.83414086000884,-0.287108381822626,0.073112203851113,0.372955555497305,FALSE
KLF10,blue,0.0860753037743658,0.602353072422425,-0.0249903394018948,-0.0451071407653734,0.35047353746213,FALSE
KLF11,green,0.358892495877389,0.0248518607947205,0.436674225898929,-0.271359638888003,0.436674225898929,FALSE
KLF12,magenta,-0.475308021515964,0.00222934426257493,-0.531454433527968,0.521979040680551,0.521979040680551,FALSE
KLF15,turquoise,0.125803945171048,0.445389769621943,0.035240652230787,0.143874318895676,0.422618147184999,FALSE
KLF2,turquoise,0.235046008010419,0.149761945765711,0.293066558511179,-0.269847366286588,0.683876320268997,FALSE
KLF3,blue,-0.150988557238602,0.358870154554069,-0.295211372539803,0.356029658714787,0.293208778994623,FALSE
KLF5,grey,-0.0202125824086939,0.902793677975368,-0.167856896607593,0.0901077607813306,,FALSE
KLF6,grey,0.0571650712338809,0.72959554642681,0.169090593804175,0.0730949135927306,,FALSE
KLF7,blue,-0.138871349510278,0.399155061037154,-0.335940355050947,0.263002373219536,0.530770920346399,FALSE
KLF9,magenta,-0.336882283072628,0.0359832553592187,-0.406665961494195,0.45967315726641,0.45967315726641,FALSE
KLHDC10,blue,-0.43700059418704,0.00540818327954469,-0.433574208920303,0.533115418318317,0.630417097396203,FALSE
KLHDC2,pink,-0.105026012904706,0.524573592463581,-0.0640123325622875,0.519346597544237,0.801766559424562,FALSE
KLHDC3,brown,0.121008307991298,0.463062850579314,0.418298243660114,-0.094791529214682,0.796814992764622,FALSE
KLHDC4,turquoise,-0.0857185188435504,0.603863950254713,0.435150686904135,-0.502420140572253,0.472678622866946,FALSE
KLHL11,yellow,-0.284841372223544,0.0788203944212105,-0.426322312521421,0.293879218767214,0.656624218566042,FALSE
KLHL12,brown,0.257173531423452,0.113990321039468,0.346070556855718,-0.182432726902984,0.346532526843751,FALSE
KLHL18,green,0.421292918504828,0.00756332235509215,0.334162325345451,-0.367428834361377,0.334162325345451,FALSE
KLHL2,blue,-0.329019262569319,0.0408343899701145,-0.429494454309302,0.463071993173658,0.791517096599648,FALSE
KLHL20,grey,-0.144415421228656,0.380409512399867,-0.0414155778277361,0.316148717089758,,FALSE
KLHL21,turquoise,0.175707230789029,0.28464553048653,0.344112413019479,-0.0841406615859694,0.655714767128814,FALSE
KLHL22,grey,-0.211421710439917,0.19634557242007,0.143645975562425,-0.145433823929171,,FALSE
KLHL24,turquoise,-0.109145208358278,0.508345946135208,0.0591724424526259,0.24660062382542,0.270158869056353,FALSE
KLHL25,turquoise,0.347850285351365,0.0300130333292481,0.579978804530636,-0.454711320618512,0.652965775911947,FALSE
KLHL26,yellow,0.0392102663476504,0.812662862204135,-0.468725865789585,0.176820249388321,0.572137847715215,FALSE
KLHL3,blue,0.069331151955756,0.67493023019026,-0.0674556230074631,-0.0617321410837419,0.320812376958865,FALSE
KLHL35,grey,-0.0410365650179984,0.804103697195516,-0.0221895427500083,0.0856104615310552,,FALSE
KLHL36,turquoise,0.346409334763688,0.030747371683714,0.564946682171951,-0.469132958909531,0.52808921963445,FALSE
KLHL9,yellow,-0.16925386731461,0.302983903840921,-0.375502732199877,0.36147052052628,0.823563904707757,FALSE
KLK1,lightcyan,0.143695327254678,0.382814531041224,0.0818447883225037,-0.33744111017354,0.807304811052706,FALSE
KLK10,black,-0.41380114385293,0.00882782400647029,-0.549445134342262,0.344900647862923,0.473733653593518,FALSE
KLK11,black,-0.321446806330791,0.045995791930002,-0.207073272946593,0.117010618457603,0.422253435599386,FALSE
KLK12,turquoise,-0.173458514931038,0.290952075714006,0.157098440044983,-0.176179138217173,0.325034018149607,FALSE
KLK13,grey,0.0622426926156794,0.706601618434059,0.106313014240102,-0.174411473461975,,FALSE
KLK14,lightcyan,-0.0533929693027271,0.746830982469144,-0.141856120747259,-0.0419827564313801,0.624668027619275,FALSE
KLK2,purple,-0.0240182015618448,0.884604834694595,-0.382187117762544,0.050509747621984,0.594670997634513,FALSE
KLK5,turquoise,0.299951975885094,0.0635634393163594,0.350160975833744,-0.278414895774191,0.462406534556719,FALSE
KLKB1,magenta,-0.164275646600873,0.317633357697567,-0.100649088449067,0.469359278849038,0.469359278849038,FALSE
KLRB1,blue,0.0873331501062775,0.597039547056775,-0.112901747889557,0.0847985807847069,0.309504354871495,FALSE
KLRD1,red,0.0795708156694872,0.630149248522967,0.013399457916567,-0.0510659847724234,0.477793527955508,FALSE
KLRG1,lightgreen,-0.0615063149049948,0.709920979622454,-0.263757184046506,0.0862103680338331,0.437043242048769,FALSE
KMO,magenta,-0.491634619485547,0.00148025357656392,-0.561743370515509,0.746359573338263,0.746359573338263,FALSE
KMT2A,grey,-0.14456454363983,0.379912578146753,-0.0373075715016697,0.0696820091493699,,FALSE
KMT2B,turquoise,0.133768618517956,0.416870003583454,0.459315343072639,-0.365558860936726,0.834174665799388,FALSE
KMT2D,purple,0.0937135435331538,0.570407806199723,-0.0998824960026487,-0.048736263842282,0.456280529883112,FALSE
KMT5B,blue,0.0299662843349985,0.856295958385192,0.180712300140996,-0.0179128465653404,0.373340757112729,FALSE
KNG1,blue,-0.226814384944528,0.164971518371654,-0.1446975691117,0.431144868479593,0.52023997796779,FALSE
KNOP1,grey,0.287497467416901,0.075949658778852,0.372709187857825,-0.361628519247896,,FALSE
KPLCE,red,0.232927443834522,0.15357453427156,-0.00627412924514333,-0.0165644773587094,0.423690851116396,FALSE
KPNA1,blue,-0.257496529729126,0.113520885022437,-0.26861736094748,0.414626816720662,0.758213453086992,FALSE
KPNA2,green,0.251823735235059,0.121980290979071,0.514061323757355,-0.32527711030735,0.514061323757355,FALSE
KPNA3,blue,-0.000704697438614382,0.996602900298564,-0.0575664940000347,0.263728280291543,0.825885610690749,FALSE
KPNA4,blue,-0.116096237187031,0.481546515590616,0.00416289076364084,0.206276219023587,0.683439421523295,FALSE
KPNA6,blue,-0.120690027952673,0.464248895446813,-0.0840608150176895,0.134185979323434,0.646368599750223,FALSE
KPNB1,cyan,-0.240012118954532,0.141096983873015,0.0221744215298983,0.0721772659325393,0.468418816523499,FALSE
KPTN,yellow,0.0161213363246318,0.922402125726907,-0.0522553123407465,0.0027729583461499,0.281615871853052,FALSE
KRAS,blue,-0.380177844064518,0.0169690130004453,-0.1178769239755,0.247453707803833,0.46487454704108,FALSE
KRCC1,blue,-0.358941719564995,0.0248306207121393,-0.410307274170802,0.583366801413524,0.716115894965533,FALSE
KREMEN2,lightcyan,0.180197485189993,0.272319837640702,0.249455191352265,-0.357790992983483,0.754477070265197,FALSE
KRI1,turquoise,0.325035637884874,0.0434875929799624,0.423872708781605,-0.560920536919756,0.572289813356787,FALSE
KRIT1,turquoise,-0.185843140997857,0.257326966399846,0.0509482347913942,0.127275222487632,0.346709160629926,FALSE
KRT10,grey,-0.0745295241007241,0.652046074117342,-0.064649966456244,0.077752658974342,,FALSE
KRT16,turquoise,0.171300201505487,0.297089162354018,0.521263053282677,-0.43023139655377,0.634943123611123,FALSE
KRT17,grey,0.264016089531742,0.104354578554287,0.134039789408482,-0.333755732244179,,FALSE
KRT18,brown,0.364651394601007,0.0224670880256171,0.772890304295284,-0.525386107445798,0.828466927556947,FALSE
KRT33A,turquoise,0.261491666391205,0.107834515866332,0.234325652878606,-0.25947919182058,0.390433076761457,FALSE
KRT33B,yellow,-0.22474634714135,0.168961880057665,-0.408458554714934,0.214077608897317,0.414261659479081,FALSE
KRT38,red,-0.0923353299675881,0.576114282550447,-0.465249187505793,0.161813858038165,0.594112870446345,FALSE
KRT4,purple,-0.4134861472184,0.00888473430802167,-0.655099118611783,0.347375313009965,0.575875234753025,FALSE
KRT5,black,-0.208459253327817,0.20283458715551,-0.428323017425219,0.166085776279392,0.728451720401112,FALSE
KRT8,green,0.319347953548897,0.0475159620297492,0.884513237907929,-0.603064045789907,0.884513237907929,TRUE
KRT83,grey,0.0265856708320824,0.872365975500731,-0.0291099325795006,-0.145254501022822,,FALSE
KRTAP5-8,turquoise,0.167952430960572,0.306771378493927,0.0362044981458968,-0.181321606254157,0.380973018707211,FALSE
KRTAP5-9,yellow,-0.0193589971744936,0.906880421893528,-0.413515118988568,0.396271183663925,0.385869483138879,FALSE
KSR1,turquoise,0.151674537071941,0.356665496460727,0.222401736149562,-0.439702005017048,0.390752563463057,FALSE
KTN1,blue,-0.306275369871967,0.0579186647055914,-0.488834494444271,0.627514154212334,0.778813506767976,FALSE
KXD1,brown,0.133086335878923,0.419271862281843,0.609405954316008,-0.457491226197861,0.712579575416466,FALSE
KYAT1,purple,-0.0600315922398639,0.716584407527767,-0.360502392559181,0.0258379431075772,0.530159621325417,FALSE
KYNU,magenta,-0.425434922237207,0.00693351112911132,-0.578630542225615,0.748129781829531,0.748129781829531,FALSE
L2HGDH,cyan,0.138259076746521,0.401257421824012,0.249241155547332,0.113372295242971,0.583583906010578,FALSE
L3MBTL1,turquoise,0.102967350064357,0.532777950525574,0.360586919857443,-0.168714276552566,0.705241709782135,FALSE
LACTB2,blue,-0.290997421639753,0.0722925011946446,-0.333768277333951,0.475837466812827,0.660808205010288,FALSE
LAD1,greenyellow,0.308460236784549,0.0560638605083498,0.285914028594951,-0.305332301308332,0.597304876538009,FALSE
LAG3,turquoise,0.106241386942974,0.519759290051494,-0.00207597550914138,-0.343662564067443,0.143865701183767,FALSE
LAGE3,green,0.354254547840471,0.0269219153387196,0.752380228141308,-0.471513934383165,0.752380228141308,FALSE
LAIR1,greenyellow,0.216200413915916,0.186187972758961,0.433104022433293,-0.525282724093015,0.75235871851335,FALSE
LAIR2,purple,0.0795112607283839,0.630406162319753,-0.245358586327983,-0.00299234883849557,0.65947014602224,FALSE
LAMA2,greenyellow,0.194462885917274,0.235514042657716,0.394485329651205,-0.418662456539425,0.804009190246362,FALSE
LAMA3,red,0.244703036980358,0.13325689320821,0.146454614158081,-0.264136462610321,0.353594732465758,FALSE
LAMA4,black,-0.189312969847064,0.248390142730611,-0.276671466035623,0.00273529638284444,0.775343503683815,FALSE
LAMA5,turquoise,0.529150847208761,0.000533136301481503,0.648159140532861,-0.546620483136019,0.697557371434343,FALSE
LAMB2,turquoise,0.221798816503937,0.174768551833647,0.681564935542739,-0.603541356990882,0.785893171680498,FALSE
LAMC1,grey,-0.192481182730449,0.240414093191948,0.0224369478491303,-0.115161925942171,,FALSE
LAMC3,salmon,0.0298784329344263,0.856712873572963,0.163012597019111,-0.475097919700364,0.692970994937764,FALSE
LAMP1,brown,-0.0379292386805544,0.818679443312045,0.505196479652441,-0.346091728966458,0.465018831224862,FALSE
LAMP2,pink,0.0365889754043297,0.824985207326846,0.44893765726555,-0.0318744163659092,0.826809267830861,FALSE
LAMTOR2,brown,0.102486034269904,0.534705067150797,0.520247095205111,-0.163570743665622,0.532468407808329,FALSE
LAMTOR3,blue,-0.419475831104325,0.00785476467540586,-0.326220157084048,0.538257125241363,0.824310776299022,FALSE
LAMTOR5,blue,-0.378326685290289,0.0175583204253033,-0.23020063655495,0.536733777204159,0.663553525481594,FALSE
LANCL1,red,0.0143632047957585,0.930843056779487,0.0453126909383322,-0.047530980018904,0.732199463068545,FALSE
LANCL2,pink,-0.22878864546664,0.161225992115922,0.254907799655397,-0.0548516405159154,0.605391320874445,FALSE
LAP3,blue,-0.0792959411074501,0.631335386051548,0.246121857784845,0.240847159976763,0.325864080911862,FALSE
LAPTM4A,blue,-0.227075156870353,0.164473219834483,-0.250435620768599,0.426994742873728,0.648437804011607,FALSE
LAPTM4B,brown,0.158610574361693,0.334835920756125,0.228285137366289,-0.162140339416961,0.328535723972291,FALSE
LAPTM5,greenyellow,0.251995301784964,0.121717710018463,0.485884696067213,-0.391954214733235,0.946322664765899,FALSE
LARGE1,yellow,-0.370589825945431,0.0202108004446315,-0.784360661318022,0.593021783615237,0.672121438067816,FALSE
LARP1,turquoise,0.315040375848273,0.0507627059210903,0.431755227866415,-0.41256776615256,0.555173800791739,FALSE
LARP4,magenta,-0.156863804058175,0.340254064330902,-0.372440428619761,0.610700076091138,0.610700076091138,FALSE
LARP4B,turquoise,0.240835928736161,0.139696079206721,0.634013824283754,-0.354319061728106,0.874505739837021,FALSE
LARP6,red,-0.0195272162427681,0.90607484240251,-0.130908683683893,-0.0753292372270596,0.641011089274877,FALSE
LARP7,cyan,-0.219510728144202,0.179373554562139,0.248671491750573,0.0636565357406292,0.504662150798451,FALSE
LARS1,blue,-0.0907557938632705,0.582685912512485,-0.142671271531272,0.479677453409373,0.38369458655774,FALSE
LARS2,green,0.132521180166576,0.421267290413703,0.348814362808403,-0.302199052485861,0.348814362808403,FALSE
LAS1L,brown,-0.0242666861958468,0.883419133495948,0.504082027220112,-0.195114776685612,0.522179909183393,FALSE
LASP1,green,0.260815801885682,0.108780979457115,0.539791147556147,-0.279315400389898,0.539791147556147,FALSE
LAT,turquoise,0.374176894515851,0.01894209597917,0.351743125488073,-0.378505823140253,0.800908495838714,FALSE
LAT2,grey,-0.110010943831928,0.504967774294071,0.0213614917737001,-0.170369233093604,,FALSE
LAX1,black,-0.174599629539687,0.28774063895447,-0.0834054751418139,-0.108284593300858,0.470985701863384,FALSE
LBH,salmon,0.136448160296537,0.407512749637294,0.160801816426269,-0.335174518043822,0.799583630735596,FALSE
LBP,greenyellow,0.308996843847092,0.0556156497834837,0.661816927955257,-0.391056253232592,0.790780862837213,FALSE
LBR,yellow,-0.213067204783967,0.192804917859629,-0.574737798753914,0.577781703876334,0.737892112370097,FALSE
LCK,midnightblue,0.210675423129909,0.197966337720021,0.0494640161700172,-0.225798004972799,0.426951916932197,FALSE
LCMT1,brown,0.186311963724106,0.256107141439518,0.368186658669712,-0.130621415258845,0.557434772217999,FALSE
LCMT2,red,0.153522361021061,0.350767636288874,0.30214388747461,-0.27037740029092,0.487744231600605,FALSE
LCN2,salmon,0.0986156498475035,0.550322957947352,0.150879150491755,-0.113922900661038,0.463798657186519,FALSE
LCOR,lightgreen,-0.331872316127312,0.0390162150549213,-0.310844640248974,0.119065204551397,0.614685037908058,FALSE
LCP1,lightyellow,0.102819316648582,0.533370295260539,-0.124935001740939,0.0930104252335345,0.826244148939805,FALSE
LCP2,lightyellow,0.144481980236085,0.380187664438409,-0.181156171814094,0.0775271644082062,0.747849049192951,FALSE
LDAF1,black,0.00885212347650916,0.957346385760745,0.133737680922255,-0.388149814412321,0.486032245376425,FALSE
LDAH,grey,-0.047199259583424,0.775392739861022,0.0751854089700833,0.0298914076886365,,FALSE
LDB1,midnightblue,0.328567307297327,0.0411286239361938,0.387638781621391,-0.556280525185602,0.751439821218876,FALSE
LDB2,tan,-0.0467466626016307,0.777491826846248,-0.554940182058686,0.383584395584947,0.786540430014552,FALSE
LDHA,blue,-0.0406226319851379,0.806041708858907,0.125322703346562,0.156959738341051,0.515060846491161,FALSE
LDHB,tan,-0.142744519017579,0.386003752105009,-0.36186503671382,0.139496849790079,0.823411757696697,FALSE
LDLR,darkturquoise,0.307881616101998,0.0565503899997118,0.483932783832916,-0.267118434156882,0.707077313472007,FALSE
LDLRAD4,grey,0.146399357374484,0.373829627306407,0.108125374525161,-0.312436229507449,,FALSE
LDLRAP1,green,0.2151945500667,0.18829444714082,0.74937215175416,-0.671347027140105,0.74937215175416,FALSE
LDOC1,black,-0.0483852375924902,0.769899819399757,-0.414283142808815,-0.0247119469317084,0.746976156197402,FALSE
LECT2,blue,-0.0988164831351829,0.549507283479798,0.0327960385989236,0.0596505487060312,0.394666939374506,FALSE
LEFTY1,grey,0.0435378452102994,0.792417784205731,0.242551615539707,-0.28151216700935,,FALSE
LEFTY2,purple,-0.107950360516317,0.513026933072606,-0.370955520767723,0.158592032233068,0.6153344299259,FALSE
LEMD3,blue,-0.150757498217266,0.359614596137167,-0.356435940465651,0.425815058854298,0.732686630228939,FALSE
LENEP,blue,-0.194788767537209,0.234714788852456,-0.332667417446116,0.290840801397953,0.349180116258028,FALSE
LEPROTL1,brown,0.154902297614235,0.346402083114298,0.30871008458986,-0.203092302408246,0.356934526242841,FALSE
LETM1,turquoise,0.354327169257687,0.0268884359881625,0.725892905843043,-0.654688841843233,0.736596967983473,FALSE
LETMD1,magenta,-0.140194243711346,0.394634402313496,-0.580671390100616,0.789087402370665,0.789087402370665,FALSE
LFNG,turquoise,0.235388676894888,0.149151838344894,0.16662701520023,-0.216995444467452,0.491493114130827,FALSE
LGALS1,green,0.227082130271315,0.164459909580817,0.675874480268178,-0.627834141918064,0.675874480268178,FALSE
LGALS2,turquoise,0.0151090884936616,0.927261044745355,0.299768846790368,-0.215199476120688,0.416908223283985,FALSE
LGALS3,salmon,0.156081024610443,0.342699471260186,0.310874040532784,-0.475788748343389,0.644634344459802,FALSE
LGALS3BP,green,0.363805135055828,0.0228050805525438,0.769966160278352,-0.671206298608834,0.769966160278352,FALSE
LGALS4,turquoise,0.118617938220394,0.472009857476229,0.317764899702759,-0.235361157949305,0.32334405769388,FALSE
LGALS8,yellow,-0.256064456527865,0.115613374192189,-0.459457145731719,0.47962678478441,0.686657707281605,FALSE
LGALS9,greenyellow,0.425924975044869,0.00686207280245089,0.449052387801632,-0.423547185622498,0.698863966431652,FALSE
LGALSL,yellow,-0.0610440737820084,0.712007322585847,-0.418702477625245,0.356410955066666,0.699584309337543,FALSE
LGMN,brown,0.192900916495369,0.239370536544064,0.391196702217081,-0.178844051325598,0.761675811545631,FALSE
LGR4,blue,-0.313611508223294,0.0518781982437718,-0.530624097331937,0.654819832405093,0.83512257466011,FALSE
LGR5,yellow,-0.325463367354035,0.0431961916601406,-0.375900463056228,0.317189175047247,0.553229403456222,FALSE
LHB,turquoise,0.133624324674447,0.417377315453342,0.375857189417429,-0.243246460818556,0.428873887177039,FALSE
LHFPL2,lightgreen,-0.10593799780243,0.520959015671548,-0.242267881460392,0.127766665173906,0.606911350169927,FALSE
LHFPL6,tan,-0.0338621385505636,0.837847697686098,-0.305851452872919,0.0943696790603601,0.899823447437245,FALSE
LHPP,turquoise,0.174454799198364,0.288146959405903,0.478330846127913,-0.195119752000527,0.447687094283867,FALSE
LHX1,turquoise,0.0539827057359399,0.744128104583328,0.179135833135748,-0.154883842344158,0.531382930365831,FALSE
LHX5,turquoise,0.169158085601745,0.303261629680199,0.32721249804028,-0.432226386876834,0.525915293691754,FALSE
LHX6,grey,-0.0993182479139825,0.54747189191782,-0.28696133042537,-0.0437825424014587,,FALSE
LIG1,turquoise,0.0525114919651041,0.750876529597625,0.329085152422493,-0.575658262657398,0.336489991778088,FALSE
LIG3,blue,0.216466391601601,0.185633766336739,0.231271626883326,-0.168145381514784,0.312791360590142,FALSE
LILRA2,grey,-0.0186728232140485,0.910167363942781,0.12677603852794,-0.0972160076320002,,FALSE
LILRA3,turquoise,0.0552709674501355,0.738234288895727,0.140547097206108,-0.247890050151416,0.228510467348342,FALSE
LILRA4,lightcyan,-0.0133947574719874,0.935495897034192,0.0234328390695632,-0.276646792275821,0.496210816200099,FALSE
LILRB1,greenyellow,0.322142757055451,0.0455004824817403,0.469763541476705,-0.456225013553215,0.80035204422431,FALSE
LILRB2,greenyellow,0.211612646255461,0.195932405074757,0.439510537560741,-0.206056144872957,0.86480423705975,FALSE
LILRB5,greenyellow,0.148682735343625,0.366340803503379,0.472168712552526,-0.193653414441487,0.643710576792535,FALSE
LIMA1,black,-0.0937725091984078,0.570164236880162,-0.310780587604637,0.0414974637497263,0.736717327890766,FALSE
LIMCH1,blue,-0.0575981632625531,0.727624844197464,-0.323372548649623,0.25582449674635,0.6332903151558,FALSE
LIMD1,grey,-0.0561769696970691,0.734098110602165,-0.0902853946679139,0.0283268363154146,,FALSE
LIMD2,turquoise,0.317811330256964,0.0486543873471845,0.289038332152477,-0.390649864403687,0.549043560944236,FALSE
LIME1,turquoise,0.229230802816173,0.160395648868282,0.45242667714096,-0.193038802484963,0.82065422900232,FALSE
LIMK1,red,0.249884588588446,0.124977720362464,0.118124862323984,-0.31648495029839,0.479987876729434,FALSE
LIMK2,red,0.232928539787631,0.153572543867891,-0.0922562040529708,-0.278733150070204,0.400038131590989,FALSE
LIMS1,tan,-0.233752303762909,0.152081786857248,-0.436618858697625,0.316633733466754,0.739102130439378,FALSE
LIMS2,turquoise,-0.147266142591819,0.370976193395048,0.0411567644779532,0.127442426536506,0.412115630313078,FALSE
LIN7B,turquoise,0.392498676491734,0.0134553725290497,0.376344529658502,-0.383802460990414,0.447009688348531,FALSE
LINC00339,grey,-0.0992086339995249,0.547916231598714,-0.531568167004485,0.472721794993379,,FALSE
LINC00574,grey,0.203778490034822,0.213390070077001,0.0385706539392007,-0.19537300500693,,FALSE
LINC01140,blue,-0.0418137503752825,0.800468083692642,-0.11074600983385,0.142079637098262,0.519802345212661,FALSE
LINC01558,grey,-0.289633672086305,0.0737007048761922,-0.216073779395201,0.357586690213926,,FALSE
LINC01565,grey,0.270125062787523,0.0962875055793253,-0.105811882394126,0.0586914510460634,,FALSE
LINC01949,grey,0.0973466429427756,0.555490141110691,-0.170960168340127,0.167723722904147,,FALSE
LIPC,brown,0.1816567175898,0.268390853413542,0.639140859052388,-0.442221943068639,0.602297889074813,FALSE
LIPE,black,0.148777235940482,0.366032815326243,-0.344467931216503,0.0732926748021153,0.339305574240348,FALSE
LIPG,green,0.313813065432937,0.0517196655771195,0.405858352935436,-0.132960069265543,0.405858352935436,FALSE
LIPT1,blue,-0.0752244019205359,0.649010195200425,-0.104651764319152,0.313960936306189,0.617505094138904,FALSE
LITAF,brown,0.27731826745755,0.0874119210874586,0.491611137707897,-0.174368224496635,0.503638977146608,FALSE
LLGL1,grey60,-0.0580283389070228,0.725669120561487,-0.274434570464584,0.0411444677374121,0.65758773587272,FALSE
LLGL2,turquoise,0.235224920145429,0.149443172998397,0.576806138124919,-0.454123892955224,0.815123122994022,FALSE
LMAN2,brown,0.111599007788584,0.49880063726541,0.640559477740131,-0.372465495313567,0.928620330868598,FALSE
LMAN2L,blue,-0.186879819771833,0.254634807958807,-0.268964322570903,0.257666188063395,0.600199865642925,FALSE
LMBR1L,yellow,-0.0974167986427083,0.55520388674069,-0.238100640011777,0.0858087050645364,0.224773147117289,FALSE
LMBRD1,blue,-0.322601303248109,0.045176495549724,-0.445678390320004,0.690287657379662,0.773586175990282,FALSE
LMCD1,salmon,0.128390037438438,0.436014660816032,-0.223153866306216,-0.227549187533243,0.570097401973407,FALSE
LMF1,turquoise,0.172201797997651,0.294515488551126,0.417869762631055,-0.0983197174039383,0.661847133943576,FALSE
LMF2,green,0.251987476614569,0.121729677137166,0.676992310535904,-0.551062381537525,0.676992310535904,FALSE
LMNA,greenyellow,0.284541487355552,0.0791497583220099,0.507862865400376,-0.424319979901401,0.683497495513363,FALSE
LMNB2,turquoise,0.412627263582583,0.00904150678599484,0.572166675176756,-0.403348698736649,0.445915141961124,FALSE
LMO1,turquoise,0.31845675115142,0.0481735746547228,0.10381876081514,-0.293476366848752,0.262578723416297,FALSE
LMO2,turquoise,0.301431844530015,0.0622048573236205,0.31714591326292,-0.23196661601807,0.592452507161186,FALSE
LMO4,blue,-0.287528984877186,0.0759160922118232,-0.324206512913013,0.203428130981557,0.534852896653526,FALSE
LMOD1,black,0.259041955692791,0.111294988493287,-0.168455478805439,-0.129971633490644,0.639686792079572,FALSE
LMTK2,brown,0.0380015681174847,0.818339458599304,0.370924834822012,-0.248432744104141,0.46888388713913,FALSE
LMX1B,purple,0.0316481939633302,0.848321684393679,-0.111314220806284,-0.239488811578549,0.538288479793829,FALSE
LOC220077,grey,0.228916572025814,0.160985434892303,-0.0542833333224443,-0.136673309561806,,FALSE
LONP1,turquoise,0.200707075675049,0.220519403316751,0.739427633302238,-0.459909528160445,0.802274775490209,FALSE
LONP2,grey,0.0754648940014912,0.647960797740636,0.195800031585789,0.124514643162696,,FALSE
LONRF3,blue,-0.140510278160463,0.393558845282722,-0.32794130122089,0.294331349219118,0.419756432440792,FALSE
LOXL1,salmon,0.184675016441697,0.260383087243148,0.14324814944088,-0.328239749847229,0.770953625758852,FALSE
LOXL2,black,-0.00771049738515581,0.962843169911378,-0.194008257654614,-0.140446434244114,0.570884604196119,FALSE
LPA,magenta,-0.0451012183679464,0.785136214718439,-0.49085330438255,0.554775156215054,0.554775156215054,FALSE
LPAL2,magenta,-0.016616431590659,0.920026605036665,-0.290126600518123,0.436722270791904,0.436722270791904,FALSE
LPAR1,black,-0.193798403622759,0.237149460916977,-0.46746400226648,0.0541391086667915,0.882264172332618,FALSE
LPAR2,turquoise,0.351090296519307,0.0284145295634773,0.327561509890813,-0.457621116924653,0.554565369524784,FALSE
LPAR6,tan,-0.109747015072603,0.505996442948817,-0.514515995499855,0.268778472460185,0.648636724735546,FALSE
LPCAT1,turquoise,0.445095626942869,0.00452182285830687,0.613041839226323,-0.586227380587971,0.634109663500123,FALSE
LPCAT3,brown,0.286876465535422,0.0766134055882441,0.695051419117783,-0.481392114261715,0.824431105243662,FALSE
LPCAT4,black,0.155231182848201,0.345366542347406,-0.0264393237722717,-0.0878847489929103,0.33928868928288,FALSE
LPGAT1,blue,0.00212412033053927,0.989760599179643,0.193959816314865,-0.062575189476957,0.560202271592151,FALSE
LPIN1,blue,-0.02351258395218,0.887018267198934,-0.182166466691565,0.218979987977635,0.418923093817524,FALSE
LPIN2,darkred,-0.00209453859241301,0.989903191695174,0.0932176747713078,0.246143587885817,0.676255346914469,FALSE
LPP,yellow,-0.295805505544571,0.0674955080385727,-0.393061865199696,0.331250791814018,0.661673454589932,FALSE
LPXN,yellow,-0.318230249238794,0.0483418717710709,-0.562118741582044,0.411327213977551,0.737218801898968,FALSE
LRBA,blue,-0.42873696104447,0.00646428100069056,-0.247542971639741,0.362682748096044,0.596363393043884,FALSE
LRCH3,yellow,-0.348279084713705,0.029797319424677,-0.602575752096017,0.450776693795746,0.808348707100097,FALSE
LRFN3,turquoise,0.473258146970322,0.0023436816292205,0.616293761770259,-0.398606854187987,0.643722034664633,FALSE
LRFN4,turquoise,0.264197686937187,0.104107581994584,0.251806994060655,-0.453811783369849,0.42717323523324,FALSE
LRIG1,blue,-0.100836142927367,0.541336462776992,-0.280613627887432,0.432573077245856,0.340133153684393,FALSE
LRIG2,yellow,-0.12824254778836,0.436546389007687,-0.094462821541019,-0.0313252630541043,0.130323926298653,FALSE
LRP1,green,0.247235401664625,0.129161225004841,0.714439135315212,-0.548707347696845,0.714439135315212,FALSE
LRP10,salmon,0.290969273261214,0.0723213520749139,0.556377749652497,-0.481536137899682,0.682999087767208,FALSE
LRP3,turquoise,0.316455229540719,0.0496772127991639,0.574632475986619,-0.391911732664919,0.810925629758528,FALSE
LRP5,turquoise,0.0936432878666357,0.570698073147827,0.419017874400333,-0.0281615207741427,0.704231869890735,FALSE
LRP5L,turquoise,0.186607968580228,0.255338956093172,0.131818280978208,-0.0892192714604909,0.299482730393232,FALSE
LRP6,yellow,-0.23604038823044,0.147996516113399,-0.553505466701198,0.508034572951908,0.58558812457391,FALSE
LRP8,yellow,-0.0260855059285196,0.874748003718324,-0.295492129502832,0.0828119536906732,0.450016370922081,FALSE
LRPAP1,brown,0.0495660573644678,0.764441764159233,0.608745199344404,-0.293916929138456,0.894556423366673,FALSE
LRPPRC,blue,-0.266253368946638,0.101342537042611,-0.46600620895791,0.596872494617258,0.858355696267357,FALSE
LRRC15,yellow,-0.0121604812647748,0.941428937302657,-0.424357538375615,0.0792783448087892,0.597271029896918,FALSE
LRRC17,tan,-0.107284972243419,0.515642985802272,-0.378073636420651,0.140506842081144,0.796812321736987,FALSE
LRRC20,turquoise,0.0483763273870737,0.769941046618915,0.307892915345079,-0.364405216205796,0.342821599507336,FALSE
LRRC23,brown,-0.00885496721492233,0.957332695846132,-0.0940706957705875,0.0300973195259846,0.365380994589155,FALSE
LRRC3,turquoise,0.032701549410968,0.843335030798727,0.150345345697211,-0.17829869726286,0.560915250677967,FALSE
LRRC32,black,0.122437326675517,0.457757741692539,-0.11066000785332,-0.217560402447876,0.629380339795583,FALSE
LRRC40,blue,-0.201195669417458,0.219374468157967,-0.141910250614526,0.440461307375387,0.259603776549503,FALSE
LRRC41,brown,0.209676453840392,0.200150523803149,0.68589157226852,-0.351393880298261,0.871254408218269,FALSE
LRRC47,blue,0.112350957102734,0.495893945234755,0.169727864164954,0.0405024240965218,0.196900723640688,FALSE
LRRC49,black,-0.190107664390313,0.246373011825983,-0.39027029036645,0.0666238987070782,0.66091679893071,FALSE
LRRC59,green,0.398309550812739,0.0120252647685728,0.783596052249819,-0.505234292944444,0.783596052249819,FALSE
LRRC61,black,0.182326034505307,0.26660126967078,-0.156761538020878,-0.0724739444209982,0.460574818863493,FALSE
LRRC8D,blue,-0.392725758601226,0.01339689696809,-0.514420746032533,0.524813695465882,0.681366299491999,FALSE
LRRFIP1,grey,-0.149798122705805,0.36271551300251,-0.0498365673570031,0.402347103254103,,FALSE
LRRFIP2,blue,-0.272931394465424,0.0927460446683573,-0.44093460561263,0.48208335461756,0.668417576507304,FALSE
LRRK1,midnightblue,0.250189193582956,0.124503268950761,0.393362390797134,-0.540986485344623,0.715026694262939,FALSE
LRRN2,black,-0.0511313936002682,0.75722367460846,-0.378111457660783,0.138498344430581,0.411131009325462,FALSE
LRRN3,blue,-0.103437008188633,0.530900763367343,-0.247545846316477,0.0786966815171464,0.329538288264371,FALSE
LSG1,green,0.490705967783897,0.00151595712058261,0.347419576525975,-0.30315135860013,0.347419576525975,FALSE
LSM1,blue,-0.0304214426761797,0.854136537739279,0.0606626828656109,0.0729361065058588,0.633962652933351,FALSE
LSM12,brown,-0.0216418078917904,0.895956496039394,0.221689381968543,0.00362957960184733,0.393307446290215,FALSE
LSM14A,yellow,-0.026079757188775,0.87477538837713,-0.342415276013869,0.168148082607495,0.629698444302993,FALSE
LSM14B,turquoise,0.104342544684303,0.527290511603457,0.327086429875913,-0.110821848332554,0.646040133648941,FALSE
LSM2,brown,0.106188544270212,0.519968153418686,0.233959172021607,-0.0837678501150427,0.608712240482447,FALSE
LSM3,blue,-0.451952429687501,0.00387256655696723,-0.442542662642625,0.596315973007447,0.76879000405838,FALSE
LSM4,brown,0.216845278502542,0.184846316784613,0.51569306472296,-0.200090825445006,0.77288781637068,FALSE
LSM5,blue,-0.161705169183535,0.325368800160422,-0.0774792781803371,0.379220885490698,0.771124270706562,FALSE
LSM6,blue,-0.265417960099917,0.102459380587029,-0.333805831402055,0.638016141639379,0.53899997106984,FALSE
LSM7,turquoise,0.249235461509999,0.12599330444066,0.474210808920192,-0.351051194096063,0.669952577161583,FALSE
LSM8,grey,-0.0296232139994133,0.857924279650858,0.163309269715765,0.0348360417341067,,FALSE
LSP1,turquoise,0.324125832856305,0.0441127149289036,0.442797287676132,-0.514778897299823,0.526640724680611,FALSE
LSR,turquoise,0.0718711702258157,0.663711017157715,0.564345532067496,-0.355075226264956,0.604373529845704,FALSE
LSS,darkturquoise,0.0371573218522252,0.822309864807859,0.257273032514035,-0.151598698501841,0.815861627489112,FALSE
LST1,greenyellow,0.109256263105413,0.507911966892805,0.272057279848805,-0.245908291951459,0.84607204329996,FALSE
LTA,purple,-0.0516707181696699,0.754741397881824,-0.317469102286227,0.166822456126904,0.35079577809379,FALSE
LTA4H,blue,-0.188033672567917,0.251660523632436,-0.132767421829001,0.266489169927165,0.426572268701522,FALSE
LTB,lightcyan,0.396104554104104,0.012551936554405,0.389631469399988,-0.460606836400667,0.801133942977507,FALSE
LTBP1,tan,0.0867914712816518,0.599325257144687,-0.0640505528131949,-0.217238476778235,0.581631763996359,FALSE
LTBP2,black,0.0682110224608253,0.679900094249324,-0.180314866122,-0.194186663613673,0.77531770669589,FALSE
LTBP3,turquoise,0.187861059086301,0.252103984901648,0.470556072247307,-0.34278498424705,0.716852608482602,FALSE
LTBP4,salmon,0.275382259708401,0.0897359327529068,0.214949584023163,-0.357527355259497,0.873828934408483,FALSE
LTBR,brown,0.240125870995379,0.140902932690435,0.644824025412958,-0.350704199274365,0.721577673050452,FALSE
LTF,purple,0.0920399101311273,0.577340818000514,0.0943798862405698,-0.142313778763923,0.409404956466545,FALSE
LTK,turquoise,0.386875493531094,0.0149738999429051,0.342898649452888,-0.334460885005004,0.679956644550174,FALSE
LUC7L,turquoise,0.284971460859807,0.0786778507714605,0.309350550326825,-0.218511432407666,0.702545351521131,FALSE
LUC7L3,yellow,-0.0904664312863881,0.583893424658288,-0.409039973405245,0.40515555423974,0.712002475481608,FALSE
LUM,tan,-0.0204266401289011,0.901769208375095,-0.149764265536278,-0.0875564592160726,0.814434897155623,FALSE
LUZP1,red,-0.00665875723512102,0.96790866957402,-0.101414287875963,-0.0874355420938501,0.425783529907488,FALSE
LY6D,turquoise,0.0609700312045476,0.712341709214363,-0.102440005465116,-0.200112276664899,0.212264488451307,FALSE
LY6E,turquoise,0.162144910244912,0.324037208869371,0.412888206944701,-0.358115403564489,0.727671742597823,FALSE
LY6G5C,black,-0.16455580524305,0.316797309186875,-0.334981853407758,-0.0770715606082792,0.614739339802789,FALSE
LY6G6C,yellow,-0.0915819610197495,0.57924447576443,-0.430116392404583,0.120269696531684,0.385781736052828,FALSE
LY6G6D,grey,0.334298398039864,0.0375224954352326,-0.0372350890005644,0.024846324026284,,FALSE
LY86,lightgreen,-0.235647385179003,0.148692425547329,-0.223974555817637,0.132201063518191,0.770304598649265,FALSE
LY9,grey60,0.0823515735944686,0.618201519587564,-0.434676914932406,0.0707854846897172,0.757517134204106,FALSE
LY96,blue,-0.0214240460099875,0.896997767421124,-0.31264390788843,0.30715967002792,0.722587341599493,FALSE
LYL1,black,-0.0104282359194967,0.949760851941219,-0.333569273205892,0.0244551486770103,0.399476766435122,FALSE
LYN,cyan,-0.0762560224931912,0.644513412692677,0.208652488970708,-0.0258284361446616,0.739948202948445,FALSE
LYPD1,turquoise,0.295511190666139,0.0677817359067497,0.300231303162768,-0.416084814672627,0.410922004757954,FALSE
LYPD3,purple,-0.0698014221157666,0.672847734202977,-0.215092199650155,-0.13858860414838,0.57232340169716,FALSE
LYPLA1,blue,-0.244406962417921,0.133741963367944,-0.288932937130163,0.540214957812218,0.835261939812164,FALSE
LYPLA2,green,0.071055771385846,0.66730489201862,0.364807848042594,-0.518735808277341,0.364807848042594,FALSE
LYRM1,blue,0.0607025489607729,0.713550137868825,0.35389132093897,-0.00748504038842563,0.288844170875266,FALSE
LYRM4,brown,-0.196643735661666,0.230200399999826,-0.0855574573994657,0.281532670929545,0.290676388763451,FALSE
LYST,yellow,-0.323588968300316,0.0444849896429664,-0.45680765825371,0.354641459480999,0.533872905478641,FALSE
LYVE1,lightyellow,-0.153390615250091,0.351186166989444,-0.299332416173681,0.333924545146131,0.656731887622601,FALSE
LYZ,salmon,0.351001781270529,0.0284572460579973,0.0350949564302446,-0.0721690463751235,0.533869793417297,FALSE
LZTFL1,yellow,-0.431583674553865,0.0060819881007553,-0.561005009752854,0.527700364384435,0.768459960738174,FALSE
LZTR1,turquoise,0.277298187654346,0.0874357838468631,0.572620745275489,-0.607466758370506,0.461318036838827,FALSE
LZTS1,black,0.108448185289351,0.511074020874352,0.0125006612049205,-0.297412079421701,0.418576339789115,FALSE
LZTS3,yellow,-0.101617498053915,0.538191065253632,-0.215985031574544,0.206023775768021,0.38036882151895,FALSE
M6PR,brown,0.122543715311333,0.457364095710934,0.201004918144309,0.00351619711309047,0.323465093812913,FALSE
MAB21L4,purple,0.133281167764429,0.418585195450151,0.0535118695296232,-0.128101804265239,0.338441391839846,FALSE
MACF1,royalblue,-0.121697666916261,0.460499572187723,-0.26507698882449,0.180737371528998,0.676934731956503,FALSE
MACO1,cyan,-0.122770671718556,0.456524949296992,0.189306939805075,0.205294455637814,0.638815700224725,FALSE
MACROD1,turquoise,-0.0630303152514953,0.703057174300233,0.210061267486441,0.0545071317997015,0.634110465012172,FALSE
MACROH2A1,blue,0.20579701696396,0.208792475477509,0.414238878470063,-0.207268098442501,0.326820275199676,FALSE
MACROH2A2,green,0.505678647753786,0.00102379600931801,0.615633255423395,-0.618184222784308,0.615633255423395,FALSE
MAD1L1,turquoise,0.0631673918017069,0.702440934325235,0.340420335034138,-0.170060482490825,0.498257965056371,FALSE
MAD2L1BP,blue,-0.0794813042987849,0.630535407429634,0.262543463377147,-0.237222300497767,0.277710536619377,FALSE
MADCAM1,purple,-0.202690501971632,0.215897017773906,-0.557856155370274,0.238665474377303,0.680636502495303,FALSE
MADD,turquoise,0.302952726579278,0.0608327230689517,0.340455765474512,-0.337569468578768,0.537968053105392,FALSE
MAEA,brown,0.232017420796649,0.155233760806988,0.671324799068826,-0.362192665416297,0.82458993157349,FALSE
MAF,grey,-0.0528606136014969,0.74927344087546,-0.0119718256037121,0.231155845973953,,FALSE
MAFB,blue,-0.0245282479391914,0.882171302399514,0.201576527676788,-0.150204770980162,0.227557652607642,FALSE
MAFG,green,0.422664121627675,0.00734959244596464,0.494199350689071,-0.432732833543641,0.494199350689071,FALSE
MAGED1,brown,0.227689425354748,0.163303735957763,0.671005834576401,-0.603313000444208,0.614845210163488,FALSE
MAGED2,brown,0.267369247481881,0.099865267829132,0.476633029013681,-0.470590515452346,0.41260987937314,FALSE
MAGEF1,turquoise,0.374533023250666,0.0188198638456541,0.719014536031499,-0.593186130892176,0.712504946659234,FALSE
MAGEH1,blue,-0.0767191614216023,0.642498650045579,0.0255518733235509,-0.165348000355925,0.303560308213494,FALSE
MAGI1,yellow,-0.340930206499436,0.0336759290960807,-0.652718576534452,0.518170003058416,0.623414167147561,FALSE
MAGOH,turquoise,0.284243601383131,0.0794779881894216,0.383300259043205,0.00609608206746371,0.490036419684571,FALSE
MAGT1,blue,-0.26266787689206,0.106202301714296,-0.341451931742793,0.279622039533602,0.722442493830084,FALSE
MAK16,blue,-0.224316854404178,0.169799234944513,-0.231345858239488,0.278170815942915,0.659910745152166,FALSE
MAL,black,-0.170967675308035,0.298042010947356,-0.471554981794999,0.040104620083702,0.506475878194119,FALSE
MALL,black,-0.0744971129833983,0.652187811837851,-0.226934344968262,-0.135917716377766,0.656643167618517,FALSE
MALT1,yellow,-0.332337186030437,0.0387263094829363,-0.636113131829438,0.561128570640048,0.558174231639792,FALSE
MAML3,turquoise,0.183519790024658,0.263429050278725,0.0872400057665844,-0.0243648584086469,0.411589461449445,FALSE
MAMLD1,yellow,-0.130031638008879,0.43012060131947,-0.575715605768,0.33936797520771,0.3657977881927,FALSE
MAN1A1,blue,0.000311732881556301,0.998497241385835,-0.196304388330852,0.322286974256624,0.685418754812006,FALSE
MAN1A2,yellow,-0.328633480264836,0.0410854364415017,-0.350112897895329,0.372865460408526,0.747419369575786,FALSE
MAN1B1,turquoise,0.169613646458086,0.301942147565236,0.447474460788275,-0.321516108400548,0.836900511808874,FALSE
MAN1C1,yellow,-0.115717110791729,0.482988948437971,-0.540622072508589,0.545853087167274,0.458223752110392,FALSE
MAN2A1,yellow,-0.410230934954544,0.00949148421641429,-0.547529113419453,0.45491157314444,0.778217721656452,FALSE
MAN2A2,turquoise,0.37600371228698,0.0183220678800376,0.556089923898251,-0.373525474385053,0.450782464518251,FALSE
MAN2B1,greenyellow,0.188423194588284,0.250661720322399,0.494171530154617,-0.37171969571644,0.776745962833766,FALSE
MAN2B2,turquoise,0.187082172199942,0.254111516813992,0.526897142983832,-0.139902262748815,0.429386040912566,FALSE
MAN2C1,turquoise,0.302682968765438,0.0610743277329479,0.37436405071438,-0.312048787663261,0.851090656318812,FALSE
MANBA,turquoise,0.0642874965699392,0.697412459009122,0.260555344630059,-0.146956357092309,0.424067577302948,FALSE
MANF,green,0.393568349027563,0.0131818003891993,0.809702748346608,-0.615858905736227,0.809702748346608,TRUE
MAOA,magenta,-0.388547152774869,0.0145080634687099,-0.672122943599638,0.767949661085119,0.767949661085119,FALSE
MAOB,blue,-0.129262135378303,0.432877909101733,-0.111806646771154,0.600238788232391,0.656796057928468,FALSE
MAP1B,black,-0.13308450112034,0.419278331734828,-0.283184199166473,0.0392882987942082,0.713226284360708,FALSE
MAP1LC3B,grey,0.183409765008979,0.263720375345372,0.236622574207437,0.0105170370591885,,FALSE
MAP1LC3C,turquoise,0.225587468717272,0.167330610188188,0.136311660482944,-0.395086823296481,0.294898642848498,FALSE
MAP1S,turquoise,0.232086686891858,0.155107012469603,0.422266758753705,-0.356074147098948,0.762642881684535,FALSE
MAP2,black,-0.083159494589114,0.614748119497713,-0.319451110332774,0.0624968543130854,0.556821426547348,FALSE
MAP2K1,pink,-0.206897301303051,0.206315552049676,-0.0868810123870487,0.352176598792057,0.40306379225651,FALSE
MAP2K2,turquoise,0.173682866205019,0.290318866392169,0.498450908734149,-0.367789806060035,0.82043721497204,FALSE
MAP2K3,turquoise,0.226487054591106,0.165598541785399,0.61193574191777,-0.374657418963216,0.641489285997225,FALSE
MAP2K4,blue,-0.291809592994503,0.0714639444309018,-0.15286295271884,0.191640184877114,0.449173861674984,FALSE
MAP2K5,brown,-0.192720419479118,0.23981891850685,0.211557582317571,0.0110288128586948,0.445706199322393,FALSE
MAP2K6,blue,-0.406688555192275,0.010191662239635,-0.442668834132237,0.474584658463848,0.316778054500378,FALSE
MAP2K7,turquoise,0.290491126449646,0.0728128140227445,0.340421027204991,-0.146359059620107,0.599094248899359,FALSE
MAP3K10,grey,0.243775995901722,0.13478006697914,-0.0274845628588454,-0.0641108569949502,,FALSE
MAP3K11,turquoise,0.350595927840416,0.0286537860031333,0.654218172047409,-0.587926072000498,0.722150591087854,FALSE
MAP3K12,purple,-0.145114827593057,0.378082130152132,-0.491016737840636,0.253464192783679,0.543922248685328,FALSE
MAP3K13,grey,-0.349513922630248,0.0291832432723002,-0.0849776218328386,0.191281965651159,,FALSE
MAP3K14,midnightblue,0.0302895503329201,0.854762171238819,0.112643830704879,-0.35648402437785,0.480221093822565,FALSE
MAP3K2,blue,-0.221923604841847,0.174519859518685,-0.405904163106229,0.478316969101781,0.495883047420994,FALSE
MAP3K20,blue,-0.322265573994819,0.0454135223982949,-0.45665062981475,0.505711636129821,0.434689457385793,FALSE
MAP3K3,turquoise,0.31052040381623,0.0543586507030707,0.459666750788509,-0.31338183479278,0.423740344032149,FALSE
MAP3K4,yellow,-0.0642999775699318,0.697356499423361,-0.266493173522709,0.333361135181126,0.578463549919897,FALSE
MAP3K5,cyan,-0.0552601387261665,0.738283769570418,-0.0394033658844311,0.0972372679102791,0.499024666366208,FALSE
MAP3K6,turquoise,0.270397882054406,0.0959387356669684,0.473828341466198,-0.455123274561459,0.577181397586332,FALSE
MAP3K7,blue,0.00955472911630668,0.953964379598885,-0.0491177738506832,0.128991607179634,0.631662117209277,FALSE
MAP3K9,grey,0.354622567951947,0.0267526085455581,0.165316109803577,-0.29519527439617,,FALSE
MAP4,turquoise,0.249890373324323,0.124968697513246,0.591586713389189,-0.458904515254493,0.604170145964964,FALSE
MAP4K1,tan,-0.118277180064595,0.473292687744252,-0.198686000840176,0.0486544082979821,0.372639245110567,FALSE
MAP4K4,turquoise,-0.0601988345560759,0.715827683475632,0.231104682508992,-0.289304539587869,0.302880091844457,FALSE
MAP6D1,turquoise,0.151256203606908,0.358008995492072,0.404389142606295,-0.305006915863822,0.571059577842272,FALSE
MAP7,brown,0.139554133487083,0.396818098843819,0.130971913746366,0.133386946776437,0.293000615339347,FALSE
MAP7D1,turquoise,0.35279189420119,0.027603594972749,0.52774706956218,-0.539204835812503,0.744743076527133,FALSE
MAP7D3,red,-0.0455672383542647,0.782969132327335,0.00101931726018794,-0.133777867092203,0.530057258747862,FALSE
MAPK1,brown,0.0849239931494262,0.607234379156942,0.322251902634868,-0.146921208686659,0.458945434604649,FALSE
MAPK10,black,-0.119664366329399,0.468081946369265,-0.347435790141457,-0.00767620330990289,0.78588110934886,FALSE
MAPK11,turquoise,0.0822802795520802,0.618506650959468,0.093741315803142,-0.308013531683137,0.422639777491195,FALSE
MAPK13,black,-0.265066074512753,0.102932610345412,-0.589609711698374,0.270292350834156,0.39359122597676,FALSE
MAPK14,blue,0.0550643925989118,0.739178389228547,0.188350363023091,0.135829899582441,0.245119494458937,FALSE
MAPK1IP1L,blue,-0.295056037975226,0.0682262658330522,-0.140361384875403,0.24384064210253,0.691181908706807,FALSE
MAPK3,greenyellow,0.254619221520347,0.117754434602587,0.41580872070536,-0.509656553491154,0.6967384805581,FALSE
MAPK6,blue,-0.180544577216275,0.271381889687683,-0.20861268689788,0.268155715812394,0.77406088490912,FALSE
MAPK7,brown,0.285843015724548,0.0777280308091714,0.323467990628235,-0.279639550892741,0.297814369265227,FALSE
MAPK8,yellow,-0.431206890827242,0.00613143913954403,-0.583828578081663,0.463147419413596,0.791408810587696,FALSE
MAPK8IP2,lightcyan,-0.023285591469605,0.888102084166518,0.197834124606802,-0.133326381474618,0.654842937989396,FALSE
MAPK8IP3,turquoise,0.113980114144054,0.489626228891856,-0.0169859507569582,-0.175035126257692,0.21553474268746,FALSE
MAPK9,red,0.0621093415757807,0.707202328915385,0.161313491272222,-0.250823123609543,0.607642381583718,FALSE
MAPKAP1,brown,0.277095958978888,0.0876763926115448,0.736680325114063,-0.372667479084362,0.780865599119304,FALSE
MAPKAPK2,green,0.252950201491038,0.120263981249669,0.38779008767352,-0.536974225163674,0.38779008767352,FALSE
MAPKAPK3,grey60,0.0615499137065512,0.709724302048908,0.144829200240437,-0.239042245388953,0.642078529321194,FALSE
MAPKBP1,turquoise,0.379413373857009,0.0172103296646059,0.187002796688827,-0.305286495077095,0.231440838697992,FALSE
MAPRE1,lightyellow,0.108881201888888,0.509378377371532,-0.221614071184518,-0.0352990321383247,0.608149109717011,FALSE
MAPRE2,blue,-0.422137059674249,0.00743112320274171,-0.566655230185773,0.64446742698687,0.644339074703377,FALSE
MAPRE3,turquoise,0.189757873147476,0.247259508000504,0.559198962987828,-0.323587767930029,0.509739388312599,FALSE
MARCHF2,brown,0.151903160842648,0.355932548635589,0.59606716384694,-0.374632059651597,0.805702670504752,FALSE
MARCHF5,grey,0.105367452437087,0.523218884133036,0.0182394038015219,0.116970281139964,,FALSE
MARCHF6,blue,-0.248122137757961,0.127749472199897,-0.451879641853333,0.497317112287634,0.853352457180768,FALSE
MARCHF8,brown,0.0940465066896701,0.569033060334948,0.470340895398171,-0.289428037036787,0.557544364004152,FALSE
MARCKS,black,-0.239635197362589,0.141741387050149,-0.419548561783675,0.118577499857772,0.582631199068882,FALSE
MARCKSL1,turquoise,0.150867234876496,0.359260923255493,0.213618578949107,-0.253449994484756,0.492529548554495,FALSE
MARCO,turquoise,0.117690693600885,0.475504894689143,0.419975804517733,-0.333624120224402,0.640372588447869,FALSE
MARF1,blue,-0.277724929101015,0.0869297292391352,-0.218282954518962,0.271732617764418,0.40649800058133,FALSE
MARK2,brown,0.311909821397828,0.0532322308077829,0.312471992276068,-0.187191338630866,0.29771796696382,FALSE
MARK3,turquoise,0.0716602960268875,0.664639739529763,0.371570723513881,0.0447484975015535,0.44944137750222,FALSE
MARK4,turquoise,0.169200826581027,0.303137679154855,0.343375007148677,-0.5944931796592,0.262986821178315,FALSE
MARS1,green,0.379923631047551,0.017048941356849,0.721211362953002,-0.487965566358563,0.721211362953002,FALSE
MASP1,brown,-0.0942101758025717,0.568357856301403,0.0209728366073176,-0.0350491647420201,0.247037471543382,FALSE
MASP2,brown,0.168450067436836,0.305319608435593,0.577369271122621,-0.171227610179147,0.865934156376284,FALSE
MAST2,yellow,-0.269464636376349,0.0971358157886734,-0.434991871218394,0.213771330013198,0.276661792307608,FALSE
MAST3,turquoise,0.303585307725314,0.0602691377683394,0.479999897986467,-0.304171651060277,0.755293851275063,FALSE
MAST4,turquoise,0.137879528078676,0.402563871849857,0.181895688908939,-0.0198526026961183,0.402845742747489,FALSE
MAT1A,darkred,-0.0122108441280996,0.941186784981293,0.0710498980856156,0.296019117910348,0.841578568911747,FALSE
MAT2A,grey,0.0829944343570214,0.615452995689074,0.0349080478426946,0.0856600953097086,,FALSE
MAT2B,blue,-0.233889353364928,0.151834798017273,-0.522079886258656,0.58876152799711,0.76749119844753,FALSE
MATK,lightcyan,0.269025907678216,0.0977025166900827,0.27648003652893,-0.273849873298902,0.731383584714167,FALSE
MATN2,blue,-0.12214515083872,0.458839751590388,0.0345975707557203,0.0894109064160183,0.36388974758142,FALSE
MAU2,grey,-0.0163943491859787,0.921092097059543,-0.0095770074327055,0.0192118976945086,,FALSE
MAX,grey,-0.10354450101791,0.530471575833622,-0.226289495633187,-0.0137078334819368,,FALSE
MAZ,turquoise,0.156242527487558,0.342194055665879,0.38007064774158,-0.402685179760949,0.53369663103333,FALSE
MB,purple,-0.112578054911955,0.495017796330735,-0.171504732712198,-0.073803045613013,0.64967746020489,FALSE
MBD1,turquoise,0.42924992888934,0.0063939014321108,0.528190440799722,-0.688632484637042,0.632509461505315,FALSE
MBD2,blue,-0.0164074049641235,0.92102945514989,-0.0517051201426142,0.343003754674364,0.411295673224711,FALSE
MBD3,turquoise,0.322446822051031,0.0452854357152132,0.670775733090405,-0.548950639723036,0.836387555681878,FALSE
MBD4,cyan,-0.0554543912215057,0.737396312056419,0.293641033733009,-0.112449912594304,0.487114288120968,FALSE
MBD5,black,-0.236753960587686,0.146739062457365,-0.404200704234655,-0.0030699715559009,0.762354844343253,FALSE
MBL2,blue,-0.245591919874021,0.131808445536673,-0.187576725630261,0.195245867090804,0.391017289835186,FALSE
MBNL1,cyan,-0.0646799429670161,0.695653650109774,-0.0133823163963375,0.106299118917753,0.664821532476317,FALSE
MBNL2,blue,0.0792620680187678,0.631481618154254,-0.0839405707781438,0.224663402980056,0.521263082679104,FALSE
MBNL3,blue,-0.35537216898678,0.026410481437825,-0.594219360420817,0.598264036087102,0.530515134142831,FALSE
MBOAT2,black,-0.301644933451406,0.0620111440129117,-0.464667329322459,0.0971403656868818,0.7695196785521,FALSE
MBOAT7,turquoise,-0.0185741171816798,0.91064031271374,0.276912843585661,-0.260492467740586,0.303485279779971,FALSE
MBP,cyan,0.0411433899985415,0.80360373538239,-0.00473682132110556,0.0620970619236441,0.37943995422619,FALSE
MBTPS1,brown,0.2642412450174,0.104048403486391,0.738210048547168,-0.390622139292015,0.88234772885568,FALSE
MBTPS2,blue,-0.456413379283259,0.00349515740875197,-0.39887926091804,0.211149985260069,0.223113551874374,FALSE
MC1R,turquoise,0.157653513708339,0.33779790152016,0.179502007348094,-0.25086752587519,0.356118105357772,FALSE
MCAM,tan,-0.165267030695495,0.314681095791511,-0.435059008647028,0.264882918668878,0.626748163753777,FALSE
MCAT,brown,0.287613275070062,0.0758263789028458,0.683006924847065,-0.361456459085995,0.852813924101389,FALSE
MCC,blue,-0.123559958570644,0.453613118711725,-0.413351826025464,0.288421724104302,0.402538463582465,FALSE
MCCC1,blue,-0.342824181530127,0.0326387954095625,-0.501879677339666,0.634313997549672,0.675931360510672,FALSE
MCCC2,blue,-0.284762513607117,0.0789069011632643,-0.334680982737132,0.648628838260517,0.672322463975551,FALSE
MCF2L,turquoise,0.316062847211214,0.0499763658751847,0.369882920785463,-0.359156896395069,0.577015650542595,FALSE
MCFD2,blue,-0.0918108040466337,0.578292840491015,-0.0408624067522805,0.397808884417341,0.58823884939578,FALSE
MCHR1,grey,0.126487198331621,0.442902191083468,-0.119012410060133,-0.030585408155728,,FALSE
MCL1,blue,0.113973964957429,0.489649809001013,0.356560690491511,-0.059582931552004,0.30202475363926,FALSE
MCM2,turquoise,0.128740920967645,0.434751099162781,0.331893003533727,-0.519897450086895,0.22929091724717,FALSE
MCM3,green,0.217405985602719,0.183685338779616,0.670109296896598,-0.344424020612763,0.670109296896598,FALSE
MCM3AP,purple,-0.102912321694712,0.532998105194606,-0.259516772672999,-0.0167372174093841,0.516209127760611,FALSE
MCM4,brown,0.078537912727115,0.634611139245936,0.564757301210637,-0.352645955856752,0.568789058467152,FALSE
MCM5,turquoise,0.229599464952852,0.159705697467119,0.673764471190936,-0.539788343811237,0.612048196549598,FALSE
MCM6,red,-0.0193225769927171,0.907054845585698,-0.0930217418159557,0.000195484429217404,0.654754538899417,FALSE
MCM7,green,0.384858212094938,0.0155528066875671,0.702480755747945,-0.43749101654154,0.702480755747945,FALSE
MCM9,yellow,-0.0737419950707672,0.655493433887428,-0.292619429751866,0.125573518583049,0.646405353403898,FALSE
MCMBP,red,-0.150601432997439,0.360117943457782,-0.279239801672915,0.164697591394944,0.746827841863687,FALSE
MCOLN1,greenyellow,0.211517006377062,0.196139284454645,0.531512101287774,-0.303632863686339,0.750125250486468,FALSE
MCOLN3,black,-0.327185070518782,0.0420391942064004,-0.582160661828967,0.172099041843675,0.788546638608615,FALSE
MCRS1,turquoise,0.356920678204538,0.0257151899363774,0.668530781838923,-0.551698930523858,0.67836769118044,FALSE
MCTS1,blue,-0.0926819223052024,0.574676792275005,0.0104169582760978,0.224133575527076,0.68316951638617,FALSE
MCUB,grey,-0.261182890207504,0.108266139758805,-0.0089927463517744,-0.0721634245819751,,FALSE
MCUR1,pink,-0.112094618509506,0.496883858210237,0.465282048289114,-0.00619296935728441,0.752333081118408,FALSE
MDC1,yellow,-0.12199785053545,0.45938576697449,-0.339175851512975,0.14136959178733,0.480349944570592,FALSE
MDFI,lightcyan,0.321941444015886,0.0456433123503591,0.445851425323112,-0.546044097458303,0.784618508768013,FALSE
MDFIC,blue,-0.099392681505108,0.547170259448029,-0.294993761607103,0.158703014192947,0.689005668203788,FALSE
MDH1,blue,-0.225899197332103,0.166728934847139,-0.0477721721827101,0.336657826954638,0.733044377441126,FALSE
MDH2,brown,0.213185167470243,0.192552833880671,0.654628802672967,-0.240837797017237,0.891708570481074,FALSE
MDK,turquoise,0.206641931864628,0.206888599639472,0.219933487994175,-0.293327313062564,0.574839199201931,FALSE
MDN1,yellow,-0.29601569153113,0.0672916815910604,-0.522515449892325,0.314423644243847,0.382828131925677,FALSE
ME1,red,0.133838280144031,0.416625210364943,0.32907081180549,-0.228147265734656,0.466908490336624,FALSE
ME2,pink,0.0116970414473549,0.943657467502757,0.138391086278411,0.0849756826286178,0.65512357578001,FALSE
ME3,tan,-0.0636732835856958,0.700168277682331,-0.396778698690699,0.22183727562978,0.30610050045314,FALSE
MEA1,blue,-0.198261749341172,0.226311318033849,-0.0873928468395934,0.341146533029545,0.67639932488017,FALSE
MEAF6,blue,-0.0176987799744946,0.914835790554306,-0.0363076579840915,0.0268767173737416,0.505154763955942,FALSE
MEAK7,green,0.293943411196836,0.0693226009453606,0.663696457438074,-0.601261442354222,0.663696457438074,FALSE
MECOM,blue,0.0215267261502325,0.896506760781588,-0.47730406730639,0.183995210177753,0.321379210739531,FALSE
MECR,turquoise,-0.134628931720957,0.413852538664637,0.518048915423538,-0.361486035057794,0.415352153073478,FALSE
MED1,red,-0.251650170646583,0.122246361651823,-0.471273640117767,0.263177354598927,0.809126828641949,FALSE
MED12,midnightblue,-0.00582799278106691,0.97191077080867,0.344866974180413,-0.44062872752882,0.737106669578152,FALSE
MED13,yellow,-0.360497271167553,0.0241671202854433,-0.599955954156033,0.56421981702873,0.879368013684883,FALSE
MED13L,black,-0.291433013050915,0.0718471892999209,-0.342059390102608,0.102546741171079,0.444936816243189,FALSE
MED15,brown,0.132806662618121,0.420258654000836,0.506344040035188,-0.308733943757568,0.713287263248856,FALSE
MED16,turquoise,0.362315757871506,0.023410214338319,0.618838482971549,-0.386655274148115,0.7898764804578,FALSE
MED18,green,0.235536079913011,0.148889953717165,0.688703288273789,-0.344252033367765,0.688703288273789,FALSE
MED20,blue,-0.0829001724197243,0.615855686299602,-0.270510719451977,0.0420015208450749,0.505384354519925,FALSE
MED22,brown,0.320248559274935,0.0468587799146912,0.661957421436912,-0.572918025096525,0.635224465176222,FALSE
MED24,turquoise,0.149618243975985,0.363298702977081,0.342023826115181,-0.197277199375605,0.47366898295979,FALSE
MED25,yellow,-0.261856204545939,0.107326627484634,-0.289130160954545,0.348376589957592,0.517038920376425,FALSE
MED27,red,-0.0700110094402857,0.671920392544676,0.132836996994934,-0.236021140776771,0.349683096749392,FALSE
MED31,blue,-0.174149958449035,0.289003399374114,-0.330179307977021,0.446889543102199,0.813694659617131,FALSE
MED6,blue,-0.166537087714596,0.310924326032061,-0.188874210312416,0.382803094240614,0.575374800639959,FALSE
MED7,darkturquoise,-0.324658106490839,0.0437461162703208,-0.209764084404458,0.318062143892612,0.529953575161429,FALSE
MED8,blue,-0.151974549677899,0.355703868977263,0.31175126952952,-0.177472245802717,0.386331625505306,FALSE
MED9,turquoise,0.0203855025101884,0.90196607884773,0.341327898330487,-0.170067252050754,0.658939686278598,FALSE
MEF2A,yellow,-0.229335490716974,0.160199506206539,-0.57209530949886,0.588526811037186,0.698779449377018,FALSE
MEF2C,tan,-0.175937632536011,0.284004414028827,-0.38431711453025,0.16984716774036,0.765804393985227,FALSE
MEF2D,midnightblue,0.0684372501475844,0.678895268920976,0.224750995560831,-0.152281364871173,0.625736070006425,FALSE
MEFV,grey,-0.146562599243037,0.373291246678909,-0.201224562399517,-0.188454707915604,,FALSE
MEG3,turquoise,0.355912995286478,0.0261658985512929,0.523661088203923,-0.404941707832445,0.814601308338176,FALSE
MEGF6,turquoise,0.145488714989704,0.376841419407168,0.200833366293382,-0.286581597302048,0.418509263216803,FALSE
MEGF9,blue,0.0344609702824821,0.83501932394262,-0.0586122861598161,0.379672325386356,0.707865343281353,FALSE
MEIS1,yellow,-0.423783276650864,0.00717901832250096,-0.589586694079455,0.375230114570416,0.707198108417701,FALSE
MELTF,yellow,-0.312261959169314,0.0529497375172352,-0.446084404470754,0.359025998637623,0.504622532010068,FALSE
MEN1,turquoise,0.189978916667561,0.246699055927527,0.372621816275719,-0.0873084571555568,0.35107066109083,FALSE
MEP1B,grey,0.180824114097931,0.270628040460421,0.104530340542755,-0.144581782912308,,FALSE
MEPCE,turquoise,0.296566339363459,0.0667599966376251,0.564952474170534,-0.342942645650441,0.580893153533807,FALSE
MERTK,grey,-0.00392415664728666,0.981084658634104,0.266285613807967,-0.199747477348933,,FALSE
MEST,blue,-0.218596973635857,0.181236526795208,-0.354309263182586,0.468942277558257,0.563096958001454,FALSE
MET,magenta,-0.443900850507957,0.0046441279480385,-0.755263270533595,0.892694915812131,0.892694915812131,TRUE
METAP1,blue,-0.287949129095608,0.075469739721218,-0.332335572364203,0.47548028194716,0.587876890369378,FALSE
METAP2,blue,-0.176474349952663,0.282514580157036,-0.321240525883317,0.473109010951601,0.706343501227614,FALSE
METRN,turquoise,0.179168214182118,0.275113733196819,0.336686744775785,-0.197757203919912,0.766525482501993,FALSE
METTL1,grey,0.102544396029579,0.534471215874295,0.2277555834758,-0.177965368230048,,FALSE
METTL13,grey,-0.000679423079034845,0.996724738471487,-0.0584967127502715,0.0688464851961513,,FALSE
METTL17,turquoise,0.0453621758374934,0.783922514528592,0.432520143130094,-0.163865275662588,0.741267140443454,FALSE
METTL18,blue,0.0306616594332625,0.852997291785576,-0.0500548796521004,-0.0186489321215261,0.492652958209389,FALSE
METTL22,turquoise,0.030576377894621,0.853401712330785,0.145055069052929,0.0502333171574625,0.394031194351697,FALSE
METTL25B,grey,-0.0178441407814482,0.914138917817681,-0.0479906546253064,0.295996766402814,,FALSE
METTL3,yellow,-0.160127618772394,0.330173851781971,-0.340648290440364,0.449491686165671,0.642555225441801,FALSE
METTL5,pink,-0.128797991343778,0.434545775703143,0.0827650223347947,0.262396908229248,0.777864733146706,FALSE
METTL9,blue,-0.0543095805848185,0.742631271379281,-0.475551900705212,0.331623955436021,0.638984032618645,FALSE
MEX3D,turquoise,0.55167702863441,0.000272179619761479,0.628614670126384,-0.456348085930501,0.752658170231613,FALSE
MFAP1,blue,-0.0236882248795893,0.886179776489748,0.0482855998584443,-0.0494114013334275,0.423631966664576,FALSE
MFAP2,salmon,0.242222463517571,0.137361462635211,0.00544200594122969,-0.189274362223353,0.519307679143664,FALSE
MFAP3,blue,-0.241044889773449,0.139342374218797,-0.238725863702375,0.184720391649138,0.651767873987208,FALSE
MFAP3L,blue,-0.0187994060179333,0.909560888642516,0.014801291285958,0.317461807102688,0.548620335455273,FALSE
MFAP4,salmon,0.157212824507867,0.339167187580678,0.232849310727124,-0.409608044270206,0.901623534844896,FALSE
MFGE8,midnightblue,0.053423200533095,0.746692353866265,0.0470227090227841,-0.386103185561225,0.731073485464193,FALSE
MFN2,green,0.190652075230497,0.244997532944757,0.788474410832541,-0.472206828418464,0.788474410832541,FALSE
MFNG,green,0.369980654739173,0.0204331607702016,0.394498702603772,-0.236846311660651,0.394498702603772,FALSE
MFSD1,blue,-0.129739823857616,0.431165086884902,-0.0440180083173448,0.205583838447725,0.645813330463758,FALSE
MFSD11,brown,0.127473084913198,0.439326250591471,0.323645708427023,-0.119862378101889,0.290811885733065,FALSE
MFSD12,turquoise,0.350772678148548,0.0285680550156096,0.500154560901596,-0.350308698864764,0.652306039603391,FALSE
MGAT1,turquoise,0.302411513507513,0.061318221181134,0.509570923461052,-0.228078979568543,0.644944967446863,FALSE
MGAT2,pink,0.171396686285889,0.296813052671441,0.442193887388181,-0.140133447009425,0.72363156879149,FALSE
MGAT3,lightcyan,-0.104316713421134,0.527393330707828,0.263581414876897,-0.425442263170454,0.661510906146525,FALSE
MGAT4B,turquoise,0.272233453648755,0.0936173010045527,0.637507525616662,-0.294070149418078,0.84157168061713,FALSE
MGAT5,lightyellow,0.0367773965765708,0.824098046294257,0.0435570497522331,-0.0469833925112054,0.48225683402491,FALSE
MGLL,green,0.256615326412292,0.114805051482413,0.816773621950303,-0.570169444480787,0.816773621950303,TRUE
MGMT,turquoise,0.0340836739212522,0.836801116175387,0.284878369730576,0.00211647629328746,0.744733619213939,FALSE
MGP,tan,-0.0744193238312015,0.652528042311246,-0.236563172600559,-0.0200631024943905,0.836850567211918,FALSE
MGRN1,turquoise,0.20364767653815,0.213690421184169,0.599998010585995,-0.514597142771348,0.765856474966559,FALSE
MGST2,blue,-0.260185753483905,0.109668944447456,-0.406743958889711,0.646403644085337,0.506366937814982,FALSE
MGST3,blue,-0.15110422367405,0.358497841750537,-0.164182637046261,0.397684891135379,0.499823049346961,FALSE
MIA2,blue,-0.0756286007460552,0.64724683964454,-0.278046035010979,0.48806998488997,0.400401592204566,FALSE
MIA3,darkgreen,-0.129503124263382,0.432013336619956,0.112568234474099,0.388487862237626,0.848969828958965,FALSE
MICA,turquoise,0.0827212479587951,0.616620363456127,0.114687225188626,-0.123941022657427,0.400947046401024,FALSE
MICAL1,turquoise,0.208168181918279,0.203480138645564,0.572336991991027,-0.582472307639736,0.615179981024729,FALSE
MICAL2,grey,-0.0858160530010185,0.603450760053623,0.141098264873095,0.00985700512931717,,FALSE
MICAL3,turquoise,0.281300732748469,0.0827779238339461,0.327287444817379,-0.375025108012978,0.721174876439355,FALSE
MICALL1,red,-0.0242539023962489,0.883480128228957,-0.0648147566269258,-0.174952913793135,0.750518243487852,FALSE
MICALL2,turquoise,0.261816659851429,0.10738163465353,0.426921099890258,-0.436271925432333,0.795034297521969,FALSE
MICU1,blue,-0.327350458677841,0.0419293884599885,-0.121370654400647,0.512616857367956,0.545229972079659,FALSE
MICU2,blue,-0.193720172549584,0.237342507531561,-0.334657692764512,0.419247325447891,0.711576972403521,FALSE
MID1,lightgreen,-0.000566908003250549,0.997267132145769,-0.319203102624413,0.137371538801774,0.670867574277231,FALSE
MID1IP1,green,0.198917687944299,0.224747574017842,0.563317773147584,-0.52861519926082,0.563317773147584,FALSE
MID2,red,-0.0501267726657124,0.761853898379187,-0.077547495675106,-0.1411025252343,0.8353943370969,FALSE
MIEF1,blue,-0.282975553571007,0.0808870893608694,0.0234228266132086,0.193328757794932,0.632794184374034,FALSE
MIER2,grey,0.370086295615348,0.0203944537013527,0.0922984361900567,-0.230002842075491,,FALSE
MIF,brown,-0.0103215838398551,0.950274018165731,0.416443898482783,-0.175896557826374,0.307021132023545,FALSE
MIIP,turquoise,0.340800321462729,0.0337480322832233,0.389143350094493,-0.398545644036891,0.490505225195127,FALSE
MINDY1,grey,-0.115126791778232,0.48523936047977,-0.055415122312842,-0.144316732776614,,FALSE
MINK1,grey,0.153658729083168,0.350334740941015,0.196811390080449,-0.227424543663894,,FALSE
MINPP1,pink,0.0277853760219759,0.866656956144259,0.191276819948795,0.108193433041277,0.768238352174279,FALSE
MIOS,blue,-0.361599408477,0.0237059904395565,-0.156089249508484,0.473085810445703,0.516464519621335,FALSE
MIPEP,blue,-0.109465385340625,0.507095266259107,0.060331784477147,0.247491664610644,0.268789739651397,FALSE
MIS18A,grey,-0.148674949470013,0.366366185457851,-0.100453871234233,-0.00912267110733112,,FALSE
MISP,turquoise,0.112709633777514,0.494510524941191,-0.0196645615072348,-0.187763091963904,0.306043445886371,FALSE
MITF,red,-0.209182036332148,0.20123775516431,-0.168605749280914,-0.077662210054536,0.551938310904519,FALSE
MKI67,green,0.159429038322782,0.332315649426757,0.449959202727461,-0.417006799879465,0.449959202727461,FALSE
MKKS,blue,0.116236802797005,0.481012288216301,0.319376727267325,-0.120988134407157,0.319774664459339,FALSE
MKLN1,yellow,-0.396836590815853,0.0123749578630127,-0.601259434609916,0.481178773290295,0.754513433671991,FALSE
MKNK1,turquoise,0.165693106388431,0.313417608178686,0.262684918294155,-0.148664165823616,0.305025802783317,FALSE
MKNK2,grey,0.0172607925954867,0.916935918752059,0.15185331651556,-0.0249531021069202,,FALSE
MKRN1,blue,-0.150227092476689,0.361327007785409,-0.348051059699588,0.306922043468501,0.662380573888385,FALSE
MKRN2,red,-0.0650345064678881,0.694065967641823,0.043027254333503,-0.0675076502018409,0.515097604144668,FALSE
MKS1,yellow,-0.33802441504908,0.0353195267789867,-0.392127443848749,0.0987238436785279,0.393901994885622,FALSE
MLEC,green,0.141686280832218,0.38957154421509,0.63126005632381,-0.344250393264136,0.63126005632381,FALSE
MLF2,brown,0.0951566528335198,0.564460462437064,0.584450247332921,-0.143247861531658,0.860958918060222,FALSE
MLH1,blue,-0.164578640660672,0.316729224868934,-0.0220178882084408,0.236879304769292,0.734053904311213,FALSE
MLH3,red,0.104374859469201,0.527161899209394,0.185346312744623,-0.0897835206172416,0.330899503267462,FALSE
MLLT10,grey,-0.19268255386088,0.239913054431624,-0.320750647552173,0.051086715465047,,FALSE
MLLT11,blue,-0.169422539499988,0.302495221207031,-0.277043203474081,0.142245225452044,0.443638193558378,FALSE
MLLT3,red,-0.0455605870264038,0.783000050965812,0.34765009086542,-0.525502823931488,0.412198497828529,FALSE
MLN,turquoise,0.128780054491455,0.434610301759687,0.328708579744332,-0.428386100243071,0.20644912886855,FALSE
MLPH,magenta,-0.34751152458684,0.0301843602740214,-0.408718297330587,0.401154840520483,0.401154840520483,FALSE
MLST8,green,0.322163484254601,0.0454857972366631,0.758389788892292,-0.560120124547306,0.758389788892292,FALSE
MLX,blue,-0.246581669934857,0.130209432852543,-0.404411462927523,0.556532412815541,0.618475111257343,FALSE
MLXIP,turquoise,0.405671636301019,0.0104006265889898,0.688167499512885,-0.589384135050595,0.550424186367347,FALSE
MLXIPL,turquoise,0.14266476796575,0.386271959896065,0.336160856265309,-0.225870985264052,0.813732735954089,FALSE
MLYCD,turquoise,0.211543995269203,0.196080889033772,0.661886747311333,-0.310815852193217,0.775355794482821,FALSE
MMACHC,blue,-0.299264082441437,0.0642029028760583,-0.234281336733899,0.28871468973604,0.43196534644371,FALSE
MMADHC,blue,-0.0675964130216638,0.682632726433751,-0.184907829100752,0.591075995807839,0.521360185800777,FALSE
MMD,blue,0.0120339941268899,0.942037129580887,-0.103153007624392,0.035282785887716,0.519449336516951,FALSE
MME,blue,-0.430685478936388,0.00620044411041702,-0.434169634261386,0.45941938291849,0.27278164470229,FALSE
MMP11,lightcyan,-0.223092209277481,0.172203216837425,-0.113434651874243,-0.129055435124162,0.427956629317845,FALSE
MMP14,grey60,0.247402924963832,0.128893628745862,0.0726990911717688,-0.322085427092115,0.657773812318624,FALSE
MMP15,turquoise,0.323273384006373,0.0447050064917762,0.7692931242759,-0.661121950386763,0.694727237477539,FALSE
MMP19,grey,0.10120183505325,0.539863249437627,0.0896475402075525,-0.237319856929233,,FALSE
MMP2,black,-0.0611944677933236,0.711328285710983,-0.0114446229059545,-0.245648479001259,0.723263789348821,FALSE
MMP24,purple,0.124544811593967,0.449993940389135,-0.097695312700469,0.0587358235374065,0.3857868466665,FALSE
MMP25,turquoise,0.291346011493128,0.0719359597532397,-0.0961246639084352,-0.035700759260667,0.309807221991053,FALSE
MMP9,greenyellow,0.406133929310192,0.0103051824578295,0.431064953175742,-0.44292908997818,0.588988653240813,FALSE
MMRN2,salmon,0.0376885553970944,0.819811010803388,-0.189329440907363,0.101304066080147,0.555431379216451,FALSE
MMS19,turquoise,0.165509588407867,0.313961420557511,0.390211832589148,-0.241436195648734,0.72206301310183,FALSE
MMUT,blue,-0.386348444935208,0.0151233643367371,-0.398865209202799,0.674556194542472,0.443525537510967,FALSE
MNAT1,blue,-0.117160309838419,0.477510156849961,-0.0100720562491804,0.139239365817864,0.303387605256107,FALSE
MNT,grey,-0.0833385888989536,0.613983697568604,0.0680758359424935,0.0316207033611517,,FALSE
MNX1,lightcyan,-0.0494221316722948,0.765106431743884,-0.144343040169777,-0.0398509435094166,0.252736913609624,FALSE
MOAP1,blue,0.0282353557727274,0.86451734707189,-0.00109691859643527,0.31498648853284,0.567717679205814,FALSE
MOB1A,blue,-0.122348981911945,0.458084762486624,-0.254179836885657,0.298333819340662,0.776043003307686,FALSE
MOB3B,black,-0.294579606226867,0.0686940363280488,-0.554867540241057,0.204775682139526,0.585966637949713,FALSE
MOCOS,turquoise,-0.0037375395060431,0.981984046103257,0.26938863002057,0.101580325913312,0.356430964515296,FALSE
MOCS1,brown,-0.18609728259702,0.256665239183261,-0.122326920773182,0.239779929607372,0.334116461217898,FALSE
MOCS2,blue,-0.300817387976509,0.0627661311520856,-0.461903071028146,0.679069161797685,0.772243704994771,FALSE
MOCS3,grey,0.0258473431915445,0.875882634246266,-0.225972448891045,0.180513952246461,,FALSE
MOGAT2,brown,0.188072050060311,0.251561998946773,0.335308627484008,-0.121931788834302,0.260161966681486,FALSE
MOGS,turquoise,0.263094556847324,0.105614867873337,0.605353625392592,-0.430091505389743,0.849256346476589,FALSE
MOK,salmon,0.0519965544549844,0.753242889301546,0.143322416587695,-0.248679831271241,0.395780984030462,FALSE
MON2,royalblue,-0.195693941173027,0.232504439065424,-0.504115945047538,0.562543360543653,0.775904811768851,FALSE
MORC2,turquoise,0.0176973080623475,0.914842847354953,0.460552675902748,-0.292227778244039,0.621896042322263,FALSE
MORF4L1,blue,0.0333066341544366,0.840473227990435,-0.25243824764444,0.317143092378063,0.647957732606114,FALSE
MORF4L2,blue,0.0660469026588212,0.689539708824282,0.0944275449419691,0.0848677400492742,0.680367452480354,FALSE
MORN1,turquoise,0.0694710975098257,0.674310259367891,0.0978321713059185,-0.166000874003821,0.518304902943605,FALSE
MOSPD1,red,-0.231569881665257,0.156054519373939,-0.278245963965444,0.214713849163202,0.762290281222249,FALSE
MOSPD2,yellow,-0.189318121813677,0.248377030204679,-0.415997854897358,0.263665698346505,0.651547424697201,FALSE
MOSPD3,turquoise,0.0226911133800817,0.890941473974414,0.22280095109845,-0.0102275667554897,0.417822244248778,FALSE
MOXD1,black,-0.0379586436852509,0.818541221061135,-0.0177955172644403,-0.416503298372969,0.778265769655382,FALSE
MPC1,brown,0.0620360589635351,0.707532521786603,0.346340984376564,0.0549358513885961,0.408824265151046,FALSE
MPC2,pink,-0.0446561439046057,0.787207388514803,0.260343370175084,0.102447866449645,0.773206763192665,FALSE
MPDU1,brown,0.157019497975225,0.339768957292006,0.471761583794044,-0.205623990650778,0.826017282215659,FALSE
MPDZ,yellow,-0.264818462824148,0.103266605965777,-0.541138081083841,0.702133401606772,0.77215009622116,FALSE
MPG,turquoise,0.10791518948521,0.513165046003828,0.417979300970002,-0.289164557122416,0.829343096086905,FALSE
MPHOSPH10,blue,-0.316257617602639,0.0498276920823115,-0.209271470678168,0.455270774308655,0.523634523949738,FALSE
MPHOSPH6,red,-0.139554710977671,0.396816125625549,0.163375906680271,-0.122646294055383,0.328302850864937,FALSE
MPHOSPH8,blue,-0.159422973707234,0.332334280694376,-0.184676578259527,0.515970867965653,0.406883108209977,FALSE
MPHOSPH9,royalblue,-0.101534423671153,0.538525068524551,-0.296201952513569,0.310552762219838,0.652577979159653,FALSE
MPI,brown,0.0159990822505922,0.922988816997849,0.410847588691817,-0.151002581183792,0.536750279200494,FALSE
MPO,purple,-0.169579137486279,0.302041970585719,-0.206621985897349,-0.116290257492614,0.555429074987526,FALSE
MPP1,blue,-0.0391859752799289,0.812776852243112,-0.0716539542833239,0.169470362238942,0.383724289270931,FALSE
MPP3,yellow,-0.18363101274752,0.263134770384894,-0.354725813250538,0.0660572681982732,0.401834219516092,FALSE
MPPE1,grey,-0.152079032941005,0.355369338251223,0.0787044988343767,0.0676561218372587,,FALSE
MPPED1,turquoise,0.0799267493421128,0.628614682651387,0.197728112055704,-0.284027284876947,0.645006945613738,FALSE
MPRIP,royalblue,0.0143309964299061,0.930997764140154,-0.166934287001238,0.194597580268471,0.753746061498051,FALSE
MPST,turquoise,0.143603107323523,0.383123177310532,0.422627216999844,-0.347777576200774,0.86618631476113,FALSE
MPV17,brown,-0.0390210031736907,0.813551112919535,-0.113280012130982,0.0946412766676521,0.221014359073371,FALSE
MPZL1,grey,0.281380502374963,0.0826870938885074,0.418550109323474,-0.545368045998678,,FALSE
MR1,brown,0.139666110558352,0.396435592366705,0.299891932974689,-0.224536656579184,0.364958852256606,FALSE
MRAS,grey,0.381472326485491,0.016566880574344,0.337451774142958,-0.356682018734628,,FALSE
MRC1,blue,-0.0373541985577932,0.821383579253952,-0.286281742998291,0.302771216240479,0.583204713939059,FALSE
MRC2,midnightblue,0.265607276589737,0.102205467743062,0.402677961537831,-0.558612174410929,0.89383615834709,FALSE
MRFAP1L1,grey,0.129631792791007,0.431552118051971,0.398777694429994,-0.0986955064909107,,FALSE
MRGBP,green,0.294924340334443,0.0683553174822821,0.624716745024481,-0.470170717145527,0.624716745024481,FALSE
MRM1,darkred,0.0526388975764672,0.75029139154184,0.411729280890104,-0.138733625982044,0.698259867408204,FALSE
MRM2,darkturquoise,-0.0400598165573135,0.808678610846583,0.397431316888741,-0.177478724408627,0.602861203657064,FALSE
MRM3,brown,0.264996895472248,0.103025840759981,0.645248898509543,-0.24291743875301,0.68142357305859,FALSE
MRNIP,grey,-0.167790595731678,0.307244448469752,-0.214256177124123,-0.0168348959204427,,FALSE
MRPL11,turquoise,0.188442032659736,0.250613483534387,0.322842250464021,-0.152819310920935,0.493727276428045,FALSE
MRPL12,turquoise,0.316034038606858,0.0499983865386116,0.592584684324597,-0.443852837372842,0.869627961435866,FALSE
MRPL13,blue,-0.105401686746172,0.523083149829547,-0.137946255759199,0.43335274296671,0.736728888241558,FALSE
MRPL15,pink,-0.0186939529852059,0.910066124857982,0.347050294864022,0.111165246724993,0.84321458938534,FALSE
MRPL16,brown,0.0787071382150805,0.633879248167676,0.573129418395242,-0.135901824965002,0.714554004916941,FALSE
MRPL17,green,0.268565571803237,0.0982998467100344,0.708555131828169,-0.571490370462518,0.708555131828169,FALSE
MRPL18,pink,0.0483304969779508,0.770153112220176,0.162288059137996,0.154951202920606,0.708448176334131,FALSE
MRPL19,pink,-0.0540753008069528,0.743703996629523,0.247885302806432,0.140354798431927,0.642288385910271,FALSE
MRPL2,turquoise,0.0544377643055706,0.74204454364753,0.439909888191847,-0.152331638013071,0.527223664004758,FALSE
MRPL20,turquoise,0.117356375189083,0.476768361363138,0.471871442413926,-0.244023219224451,0.331715470784383,FALSE
MRPL22,blue,-0.254256352834868,0.118296665486776,-0.142835170791399,0.296370700151396,0.422593191584227,FALSE
MRPL23,turquoise,0.0174340084293443,0.916105290014612,0.261808882600153,-0.0546945159455322,0.655740790852447,FALSE
MRPL24,darkgreen,-0.246076842318003,0.131023205290631,-0.0865207912779141,0.516210247587293,0.626713176152514,FALSE
MRPL28,turquoise,0.0192952695668852,0.907185629247408,0.568992528071324,-0.340905891662794,0.799673758729944,FALSE
MRPL3,pink,0.102222529333455,0.535761527816283,0.0903462703227399,0.152595641449408,0.718753296042278,FALSE
MRPL33,royalblue,-0.340629590322936,0.033843002850253,-0.558163886402587,0.45674941656757,0.762914272566777,FALSE
MRPL34,brown,0.205090849335157,0.210393017852479,0.614163501272657,-0.16248667177276,0.895135896757474,FALSE
MRPL35,blue,-0.180599218742454,0.2712344252352,-0.195527951636027,0.266423611708549,0.705174811962105,FALSE
MRPL39,blue,-0.386499407012838,0.015080425243633,-0.166766514156824,0.475648162304624,0.603449640395758,FALSE
MRPL4,brown,0.304521856146465,0.0594423667483852,0.756972971861887,-0.373320772933243,0.818349596490404,FALSE
MRPL40,blue,-0.309843254846062,0.0549144915052768,-0.284024025609501,0.592700112249584,0.668983859291519,FALSE
MRPL41,grey,0.144704719761252,0.37944580547615,0.0470067427784869,-0.0909196874176424,,FALSE
MRPL42,blue,-0.132778831281567,0.420356924857411,-0.275459672691098,0.469549740575206,0.786172033669236,FALSE
MRPL46,pink,-0.164070800161007,0.318245536495983,0.198260696131963,0.193139666788618,0.616632735311591,FALSE
MRPL48,blue,-0.349750164734209,0.0290669597064865,-0.396122844122602,0.439458331328372,0.790643463939223,FALSE
MRPL49,darkgreen,-0.0806081699050426,0.625681111180131,0.0981046101372129,0.106378457694085,0.686020835769157,FALSE
MRPL52,blue,-0.0649498404518092,0.694444972756244,-0.348575350571317,0.243887680535351,0.537896895113893,FALSE
MRPL57,pink,-0.118376565792494,0.472918346859103,0.202155319361234,0.0169403828928478,0.585444618564143,FALSE
MRPL58,pink,-0.0235174746022486,0.886994918121223,0.403763812058811,0.0145160801313227,0.72945839114617,FALSE
MRPL9,pink,0.162463928139757,0.32307331574906,0.321249451331688,-0.161484409011523,0.655562772166212,FALSE
MRPS10,brown,-0.0568402188499962,0.731074850517196,0.41558627430619,-0.131702658071677,0.390174082209047,FALSE
MRPS11,brown,-0.0532371842617321,0.747545476193569,0.572830206825434,-0.320314793795771,0.760445215420918,FALSE
MRPS12,turquoise,0.255527519295996,0.116405373592929,0.624030853348667,-0.255266629813374,0.849915396622108,FALSE
MRPS14,blue,-0.225192221011111,0.168095734323994,0.018127184038729,0.138415588725733,0.623580605602856,FALSE
MRPS15,pink,0.122977748653976,0.455760029571489,0.424287123763797,-0.00264000674904772,0.751084685378708,FALSE
MRPS16,brown,0.222723979057108,0.172930803848351,0.575575115354464,-0.20366123057989,0.729836856909782,FALSE
MRPS17,blue,-0.126277382147383,0.443665275493717,-0.222277324974655,0.38183068434512,0.417550844943188,FALSE
MRPS18A,brown,0.105355562836696,0.523266028809874,0.584204330903038,-0.248688617393935,0.838175454037077,FALSE
MRPS18B,cyan,0.087425771283819,0.596649096519334,0.264511373995034,0.117004817291777,0.732147328378794,FALSE
MRPS2,brown,0.149017797526184,0.36524949711467,0.697328701534654,-0.295140833041262,0.903052727386313,FALSE
MRPS22,pink,0.175421797515456,0.285441078671339,0.432703842956433,-0.00122656710451261,0.730131138166352,FALSE
MRPS27,blue,-0.108515803851021,0.510809048182211,-0.0560539122226212,0.297866611016751,0.665824945928616,FALSE
MRPS28,pink,-0.130768829187456,0.427488268701585,0.323230801568379,0.113552270784102,0.726950891592767,FALSE
MRPS30,pink,-0.180584167085894,0.27127504081479,-0.139528904158993,0.486922501683769,0.632811084659349,FALSE
MRPS31,blue,-0.24159415972867,0.138415786458123,-0.203672900943267,0.427385518657539,0.77590925759475,FALSE
MRPS33,blue,-0.513316317026926,0.000832201316546342,-0.51148943079875,0.594843230114349,0.769917314309467,FALSE
MRPS34,brown,0.257571373734962,0.113412317618088,0.683644814646345,-0.342179377502282,0.815842494330227,FALSE
MRPS35,blue,-0.353892476812365,0.0270893496201881,-0.241464441464555,0.528751765916883,0.716117371362191,FALSE
MRPS7,green,-0.0848023200120032,0.607751234569729,0.631034078540459,-0.291130239427908,0.631034078540459,FALSE
MRS2,blue,-0.224841642715349,0.168776491602789,-0.319602938692819,0.610891215749179,0.545128843111951,FALSE
MRTFA,red,0.164051484747448,0.318303298362362,0.0298278356805457,-0.249013670712663,0.612005543419154,FALSE
MRTFB,yellow,-0.167121347537982,0.30920568137009,-0.477732135410156,0.528447197508885,0.770706749128958,FALSE
MRTO4,turquoise,0.239728153612185,0.141582263615404,0.460029996364897,-0.46995858654091,0.418344866165669,FALSE
MS4A1,red,-0.0543488569685939,0.742451478668611,-0.307845370428164,0.0846805969886452,0.430893574094845,FALSE
MS4A6A,lightyellow,-0.00943979161766575,0.954517580708017,-0.25239357529644,0.257334528341688,0.690735930242675,FALSE
MSC,brown,0.29707829385433,0.0662686524521166,0.416315769481257,-0.420137920087016,0.626398459179729,FALSE
MSH3,grey,0.0535305207114752,0.746200288981008,0.292356248650697,-0.119627410400666,,FALSE
MSH6,blue,-0.0122675264609881,0.940914253923357,0.142958150690337,0.169701746965222,0.264615157771834,FALSE
MSI1,lightcyan,0.117385318175803,0.476658909470545,0.0583616715568576,-0.0797285721585214,0.769116040079055,FALSE
MSL1,turquoise,0.0409225264075662,0.804637505007068,0.367877893540027,-0.276252637412977,0.270927421625377,FALSE
MSL2,yellow,-0.1137191422408,0.490627485466486,-0.368420192644736,0.199543935251464,0.510225503050415,FALSE
MSL3,grey,-0.228718869608234,0.161357310536353,0.0421617111981346,-0.103004783945049,,FALSE
MSMO1,darkturquoise,-0.03393826332876,0.837488036479892,0.000594045114463079,0.212113057247533,0.828427719970468,FALSE
MSN,brown,0.247006085588284,0.129528197490969,0.524023726550104,-0.352784241192305,0.303362254665,FALSE
MSRA,brown,-0.103405618113202,0.53102612664869,0.313644974820261,-0.0797607124240644,0.171729443525682,FALSE
MSRB1,brown,0.261281775769278,0.108127769795439,0.715582178717219,-0.359191501698714,0.695111525722936,FALSE
MSRB2,brown,0.0783372870337146,0.635479278382055,0.493251228230107,-0.205154843327125,0.658706868701365,FALSE
MST1,turquoise,0.166290157557632,0.31165250284495,0.588425870267058,-0.344189393157331,0.805654678300869,FALSE
MSX1,black,-0.0842059222878035,0.610287388846453,-0.333842328051997,0.00991866002741023,0.469824194962428,FALSE
MT1E,darkred,-0.139890247337975,0.395670596911291,-0.28124186293511,0.425127112770717,0.54067946590064,FALSE
MT1F,grey,0.0229819568279274,0.889552156428976,-0.0532986166178079,0.180094653957092,,FALSE
MT1G,grey,0.020767028079387,0.900140452220206,-0.0268542398090185,0.152551248327474,,FALSE
MT1H,grey,-0.0386595340685864,0.815248199385415,-0.0416916792333206,0.216113639309446,,FALSE
MT1HL1,grey,-0.0175814472838489,0.915398339796989,-0.123042551580919,0.225772261530314,,FALSE
MT1M,darkred,-0.0946087306745841,0.566715187756744,-0.129275511067379,0.376452671345519,0.512122272842089,FALSE
MT1X,darkred,-0.170543671619988,0.299259822641281,-0.199363206055838,0.405007964326399,0.615628798497226,FALSE
MT2A,darkred,0.0164845790209299,0.920659181942183,-0.0647289231876439,0.190723485301954,0.409975152516272,FALSE
MT3,turquoise,0.192802140136571,0.239615841727134,0.0040089710017637,-0.174686887973583,0.357744533040461,FALSE
MT4,grey,-0.0931545795506451,0.572719075091355,-0.233506117095985,0.175778575505969,,FALSE
MTA1,turquoise,0.0983104119245595,0.551563760150608,0.244025345180792,-0.0531783601324293,0.67264881428265,FALSE
MTARC1,blue,-0.28844043333769,0.074950395850853,-0.200917335955713,0.288860294739266,0.273028002088922,FALSE
MTARC2,pink,-0.159519122975773,0.332038974132403,0.109691136892277,0.376218018780843,0.549031357302293,FALSE
MTCH1,turquoise,0.157079460775382,0.339582240224982,0.642092422441974,-0.337047867003032,0.71108554439854,FALSE
MTCH2,green,0.186733705211281,0.25501311231674,0.706314470170558,-0.313525135033943,0.706314470170558,FALSE
MTDH,cyan,-0.098236728169691,0.551863484418847,0.311763643065813,-0.152708558692973,0.539223017455184,FALSE
MTERF4,magenta,0.0513446861240428,0.756241693200177,-0.146562216155148,0.255356395565975,0.255356395565975,FALSE
MTF1,red,0.233192479381875,0.153093740149872,0.246861977261686,-0.418769749433899,0.4889642745513,FALSE
MTF2,yellow,-0.2499377488235,0.12489482101964,-0.522099997680854,0.310186034723982,0.891579026610679,FALSE
MTFR1,blue,-0.24937086047799,0.125780960593187,-0.292726905858733,0.324071389266944,0.785922165206326,FALSE
MTG1,turquoise,0.145924976169395,0.375396774891638,0.447267606082158,-0.322347484454818,0.745599482431888,FALSE
MTHFD1,magenta,-0.0720817900185415,0.662783909402306,-0.121354926877296,0.591561042375801,0.591561042375801,FALSE
MTHFR,yellow,-0.0504152956291677,0.76052327254376,-0.345092001268043,0.194807257615398,0.55329158816136,FALSE
MTIF2,blue,-0.258017698287881,0.112766514389617,-0.233642548127939,0.620763539472511,0.735140790580208,FALSE
MTMR1,turquoise,0.0284727539776471,0.863388924837303,0.246645158410082,-0.105461063765366,0.35819926919533,FALSE
MTMR10,magenta,-0.297126817605088,0.0662222307444467,-0.462177113043071,0.374426436480516,0.374426436480516,FALSE
MTMR11,yellow,-0.0612899828952326,0.710897143947418,-0.512302839322703,0.309767670144241,0.72936132375234,FALSE
MTMR12,turquoise,0.07647914859217,0.643542448320517,0.254904932941395,-0.121785220969234,0.403865661492362,FALSE
MTMR14,brown,0.0498195056188842,0.763271711777986,0.35163217988844,-0.105685509526639,0.712752430764205,FALSE
MTMR2,tan,-0.190015563491946,0.246606221058402,-0.467225112820271,0.186687713364009,0.843023998740388,FALSE
MTMR3,grey,0.000333994188529135,0.998389927301539,-0.123891358791147,-0.0428216873824336,,FALSE
MTMR4,magenta,-0.303408088642072,0.0604266074347715,-0.494683959013298,0.687014966525111,0.687014966525111,FALSE
MTMR9,red,-0.126460230686917,0.443000229904313,-0.258820548283136,0.133779577100439,0.878100764109534,FALSE
MTO1,blue,-0.0832684973058692,0.614282819201459,-0.355933480737509,0.441018049711521,0.41826221925989,FALSE
MTOR,grey,-0.0401159855400727,0.808415353898986,0.383306694226971,-0.139140835718258,,FALSE
MTREX,blue,-0.202426343760659,0.216508747433167,-0.223665070524883,0.554901513467557,0.652879443326997,FALSE
MTRF1L,brown,0.140776938836435,0.392652646935579,0.323150587924981,-0.122786143770895,0.568978667500569,FALSE
MTRR,blue,-0.312230248803309,0.0529751270239284,-0.45425592733782,0.481472728789248,0.799569121359865,FALSE
MTSS1,royalblue,0.0119453576013171,0.942463342842875,-0.390772356888883,0.448484197289984,0.636762194558492,FALSE
MTSS2,midnightblue,0.213150014202365,0.192627931428921,0.19062362390156,-0.365657338639769,0.625375086917491,FALSE
MTTP,darkgreen,-0.101784694695077,0.537519148001688,0.113538701915764,0.375114071017144,0.736931342940402,FALSE
MTUS1,magenta,-0.303136815506188,0.0606682827143701,-0.664690725844879,0.703250685758755,0.703250685758755,FALSE
MTX1,brown,-0.0641632088609033,0.697969799190887,0.363457231573795,-0.17137268538919,0.670772223785012,FALSE
MTX2,blue,-0.193174905706,0.238690989666208,-0.132997660455868,0.280648249249659,0.681417742920952,FALSE
MUC1,turquoise,-0.0623892224953122,0.705941742829449,0.33537321480505,-0.235844176554333,0.437135259233002,FALSE
MUC5B,black,-0.122138407966541,0.458864738569659,-0.144471396938597,0.00414743674110905,0.142779196833573,FALSE
MUC6,midnightblue,0.397967612971192,0.0121056862669057,0.166529921783704,-0.364177456972055,0.648083373775255,FALSE
MUL1,brown,0.0949768307291694,0.56519998231406,0.475910759993835,-0.344837304944513,0.431045229751926,FALSE
MUS81,turquoise,0.487288527438248,0.00165397925521804,0.394462464592041,-0.4267624052972,0.728057547847244,FALSE
MUTYH,turquoise,0.289938842464343,0.0733837345110702,0.285148349345104,-0.42120328668636,0.516734902026908,FALSE
MVB12B,turquoise,0.292588464480978,0.0706763848546836,0.525438057533683,-0.497826001828419,0.543621908274068,FALSE
MVD,darkturquoise,0.327976230748366,0.0415160250224866,0.566730649931628,-0.437987910657368,0.772295940376324,FALSE
MVK,darkturquoise,0.379467571988575,0.0171931266964616,0.624118782440507,-0.457254206999926,0.721885627785017,FALSE
MVP,turquoise,0.318268540079021,0.0483133874264472,0.810382514103336,-0.767516616653805,0.771658401751796,FALSE
MX1,turquoise,0.0741737767559388,0.653602458888866,0.505128226179522,-0.321005100827256,0.24449362996788,FALSE
MX2,blue,-0.114783204448563,0.486551684493021,-0.166982077902483,-0.0305784162103275,0.39097939456319,FALSE
MXD1,grey,0.0838510328010672,0.611798674407064,0.280452547753101,-0.170254924277929,,FALSE
MXD3,purple,-0.0622065158633409,0.706764567649209,-0.193530059380568,-0.000537224080961626,0.672318132044852,FALSE
MXD4,green,0.376935047451893,0.0180125814134887,0.840469657741523,-0.617782985752953,0.840469657741523,TRUE
MXI1,magenta,-0.248364746257253,0.127365232717525,-0.643395044219573,0.667720378332057,0.667720378332057,FALSE
MXRA5,blue,-0.151445766428146,0.357399827098042,-0.15802148043956,0.136864333533814,0.606604333444464,FALSE
MXRA7,tan,-0.00801632306219844,0.961370481774113,-0.205703935046288,0.0135287153603735,0.823424848953808,FALSE
MXRA8,black,0.00252948065399947,0.987806678880778,-0.309020443483334,-0.0335835624897456,0.61555873575449,FALSE
MYBBP1A,green,0.125650383512642,0.445949903617671,0.509232720331297,-0.448161323773906,0.509232720331297,FALSE
MYBL2,turquoise,-0.0960379201527899,0.560842714875255,0.336144611903233,-0.303101327948098,0.416188905273702,FALSE
MYBPC3,lightcyan,0.222996050439984,0.172393005149545,-0.0165563635711937,-0.0918142154501511,0.35741784650017,FALSE
MYBPH,grey,0.0234223957956497,0.887448862841112,0.132683648662541,-0.181905555949011,,FALSE
MYC,brown,-0.0588287956652078,0.722034543859529,0.0169797636549503,0.0688440520603838,0.326082707850703,FALSE
MYCBP2,yellow,-0.341225084369295,0.0335127020454249,-0.475071684985614,0.461711588161918,0.660160561428306,FALSE
MYCL,grey,0.0510832022335305,0.757445595845259,-0.164482056147888,0.331013657741195,,FALSE
MYCN,turquoise,-0.0346121173734702,0.834305754949989,0.00899557642042055,-0.201377177736596,0.36767317309744,FALSE
MYCT1,greenyellow,0.00888304447053261,0.957197531027021,-0.124261890369038,-0.00900517040930594,0.449555842131686,FALSE
MYD88,grey,0.186132123938769,0.256574608585292,0.356849104270031,-0.222202211903798,,FALSE
MYDGF,green,0.224558771599544,0.16932721818419,0.75455937229617,-0.543841095599473,0.75455937229617,FALSE
MYG1,brown,0.151190925453398,0.358218914587433,0.546872657540535,-0.132458667317988,0.79714061456551,FALSE
MYH10,tan,-0.099623262504379,0.546236360654822,-0.46373379982208,0.217256179556941,0.838714407695737,FALSE
MYH11,tan,-0.113423126986483,0.491764466906796,-0.351662546417298,0.0877987851508819,0.686549566524162,FALSE
MYH14,purple,-0.0870819878583161,0.598098898090582,-0.0007402543112866,-0.052333149148384,0.607985005563929,FALSE
MYH9,turquoise,0.298035417381978,0.0653577249483896,0.646641505112578,-0.415153804054202,0.761654757164302,FALSE
MYL11,turquoise,0.107729213227823,0.513895663692997,0.293166211341497,-0.278409101756452,0.272763637364936,FALSE
MYL12A,blue,-0.174750210822693,0.287318577408624,-0.395968617153606,0.39799063457022,0.781202563480445,FALSE
MYL12B,blue,-0.00526742510811836,0.974611622857536,0.0185654454404298,0.10317881619124,0.667798845265998,FALSE
MYL3,turquoise,0.219475797296851,0.179444520027772,0.0812808026370026,-0.324420747685268,0.420454361768626,FALSE
MYL5,turquoise,0.0529254935312249,0.748975640893029,0.162175085103576,-0.151146025473773,0.394159374508343,FALSE
MYL6,turquoise,0.0409190689323181,0.804653690604148,0.168204778285175,-0.0289235204805179,0.19575847998199,FALSE
MYL6B,turquoise,0.129145272418573,0.433297512416489,0.360812966212185,-0.0912590533471108,0.428188630538975,FALSE
MYL9,salmon,0.119628895298381,0.468214806848302,0.0609387510868483,-0.138423313973638,0.89294947414466,FALSE
MYLIP,greenyellow,0.184410658488233,0.261078044180604,0.289959747964709,-0.331478700936727,0.808868570911806,FALSE
MYLK,turquoise,-0.138909459413945,0.399024413552049,0.0819832389719009,0.0765130909608278,0.365200623136178,FALSE
MYNN,yellow,-0.25182151733111,0.12198368823698,-0.493977561175713,0.451542393137168,0.760259530519108,FALSE
MYO10,tan,0.1235716665648,0.453570001436095,-0.00155201760850037,-0.072792020556285,0.556749328371469,FALSE
MYO15A,yellow,-0.135686106508453,0.410161629141997,-0.387304773582331,0.307212811590339,0.341478752968458,FALSE
MYO15B,turquoise,0.179044412775464,0.275451044072406,0.147120426309059,-0.245569774222222,0.58632820039157,FALSE
MYO16,yellow,-0.393022198973733,0.0133208851183884,-0.667196530034632,0.462435263679273,0.432608415524533,FALSE
MYO18A,turquoise,-0.0938709424590823,0.569757744821133,-0.117628403489616,0.270156218095817,0.460687661311711,FALSE
MYO19,yellow,0.198391778205344,0.226000742026906,-0.0232979785679693,-0.118348807974498,0.363678163211311,FALSE
MYO1B,magenta,-0.172743210454939,0.292976893444105,-0.547076693889986,0.742202950657269,0.742202950657269,FALSE
MYO1C,brown,0.362331035549881,0.0234039398771128,0.604924038274972,-0.306493617513777,0.569916139719638,FALSE
MYO1E,turquoise,0.153217600484101,0.351736261901106,0.632741395798517,-0.375717980761895,0.714172033182259,FALSE
MYO1F,turquoise,0.263357576315617,0.105253987621481,0.409677381492221,-0.466650654611665,0.391872123062192,FALSE
MYO5C,yellow,-0.185505815936425,0.258207036047972,-0.0978748597987639,-0.0216054722553021,0.63735411824223,FALSE
MYO6,grey,0.138704939433068,0.399725833313845,0.111974161650737,-0.0881466888810473,,FALSE
MYO7A,turquoise,0.252992496809555,0.120199894072441,0.570913421442184,-0.576154509504256,0.658732892896942,FALSE
MYO9A,grey,-0.42159439084508,0.00751587929554512,-0.212166902552481,0.205644107678321,,FALSE
MYO9B,turquoise,0.410191258556553,0.0094990927644816,0.668644720180231,-0.532628251780056,0.802160794671317,FALSE
MYOF,greenyellow,0.106671234714435,0.518061837863643,0.201128808692791,-0.326149074879103,0.71268959593922,FALSE
MYOG,turquoise,-0.0993124745216685,0.547495291135985,0.224545914785565,-0.219439150562999,0.398438745441268,FALSE
MYOM1,greenyellow,0.10273442906542,0.53371011056561,0.179232152699848,-0.185202499898907,0.495368884372622,FALSE
MYOM2,grey,-0.048578091718295,0.769007642863918,0.162356489495893,0.0933400438034878,,FALSE
MYOZ3,black,-0.0696305208681753,0.673604258469865,-0.324598450583969,-0.053406526835321,0.663966369711703,FALSE
MYRF,turquoise,0.351721180920075,0.0281116027219082,0.313728449165824,-0.463954753528545,0.335442893712939,FALSE
MYRIP,blue,-0.0419901417268586,0.79964351231715,-0.147187512014368,0.176053143576603,0.47013322713295,FALSE
MZB1,midnightblue,0.0437337762098137,0.791504249893097,0.368374853602897,-0.379127888835245,0.684635356579159,FALSE
MZF1,turquoise,0.402432142492745,0.0110908350959543,0.596667188081007,-0.497503247882685,0.661333428779123,FALSE
MZT2A,turquoise,-0.0907674595876952,0.58263725479886,0.341421169005796,-0.126100218820187,0.652291304248079,FALSE
MZT2B,turquoise,0.139529348109022,0.396902792952028,0.364851447218781,-0.300656762494746,0.652740581124522,FALSE
N4BP1,red,-0.0218914828775418,0.894762837396138,-0.111211086641477,-0.119617565568132,0.635689551581344,FALSE
N4BP2L1,pink,0.035959962415851,0.827948394481841,-0.0220167128573956,0.321602898406508,0.43265871164064,FALSE
N4BP2L2,yellow,-0.350948953499864,0.0284827654212369,-0.445849181380395,0.535692678341824,0.639516435339958,FALSE
NAA10,brown,0.267418918305936,0.0997998953541114,0.644921952363609,-0.341626892016087,0.794082381837583,FALSE
NAA40,turquoise,0.353566542246482,0.0272408090961883,0.574718203444753,-0.568005314458816,0.605853096402953,FALSE
NAA50,pink,0.269437206861561,0.0971711721816249,0.308019201236893,0.0801199230822099,0.690741898716583,FALSE
NAA60,brown,0.075853393884454,0.646266978462774,0.59451624406606,-0.233939046795715,0.744557305450797,FALSE
NAAA,blue,-0.352666046722689,0.0276629077455471,-0.646380898232178,0.497287925999303,0.459674671151394,FALSE
NAB1,yellow,-0.15159020834028,0.356936077022821,-0.353723071688706,0.402193563733179,0.73100824888151,FALSE
NAB2,turquoise,0.111592121560987,0.498827296328905,0.215363485054268,-0.28972662906043,0.450579993929777,FALSE
NABP2,green,0.15255942412403,0.353833689758526,0.5667571394952,-0.548386406557439,0.5667571394952,FALSE
NACA,royalblue,0.0908629040037452,0.582239224635203,-0.262576856492803,0.457330681687898,0.684727665630803,FALSE
NACC2,green,0.297415560056186,0.0659465274583212,0.426077473684701,-0.173781034638575,0.426077473684701,FALSE
NADK,green,0.396678114161271,0.0124130907609564,0.874276565544569,-0.548612931562938,0.874276565544569,TRUE
NADSYN1,turquoise,0.142589889822979,0.386523879044188,0.504801349943262,-0.312237828920841,0.875277679478237,FALSE
NAE1,brown,0.129896393345342,0.43060450507341,0.599977014328037,-0.150068242358254,0.713643985296138,FALSE
NAGA,blue,-0.348306675895697,0.0297834831385435,-0.373035409834887,0.564929504693506,0.452402163374572,FALSE
NAGK,greenyellow,0.12618037054888,0.444018342048105,0.439647754289867,-0.254231868930853,0.750891117477549,FALSE
NAGLU,turquoise,0.16699792952236,0.309568222396826,0.567809073309947,-0.380821757387449,0.835474075856859,FALSE
NAGPA,turquoise,0.161383305615045,0.326345603353928,0.393075346198127,-0.340085035950742,0.459543797588023,FALSE
NAIP,turquoise,-0.166788842064985,0.310183032008977,0.127612263659285,-0.0649054377360836,0.288978991269905,FALSE
NALF2,black,-0.180778527696517,0.270750882907148,-0.201514124273929,-0.267221897328022,0.460873391266355,FALSE
NAMPT,blue,-0.271519024618994,0.0945156447126964,-0.438521076345199,0.648962277690504,0.598587787986257,FALSE
NANS,green,0.317472695801988,0.0489081970387782,0.799013611996248,-0.496816449062024,0.799013611996248,FALSE
NAP1L1,tan,0.0928096561987373,0.574147427121508,-0.0193929863190663,0.000435070143335971,0.648914752246513,FALSE
NAP1L4,turquoise,0.134905393682791,0.412885513205637,0.657024309658023,-0.363313965250958,0.64889411526063,FALSE
NAPA,brown,0.23157710586725,0.15604124562891,0.719016687209877,-0.304322132317908,0.866791018365701,FALSE
NARF,turquoise,0.18130170321937,0.269343275103317,0.586658313229918,-0.36888119708256,0.756036250229727,FALSE
NARS1,blue,-0.0951654163604905,0.564424433773854,-0.205082037193153,0.38666583053449,0.825460922834197,FALSE
NARS2,red,-0.396852478748592,0.0123711403747829,-0.349888287944335,0.436754186674954,0.591232898460635,FALSE
NASP,turquoise,0.11769227855441,0.47549890897995,-0.0175661025030923,0.173940196060662,0.241582343780612,FALSE
NAT1,blue,-0.252030723930677,0.12166354957453,-0.482292646561422,0.626108604194015,0.783556432825935,FALSE
NAT10,brown,0.101311310424215,0.539422595665498,0.562948372255304,-0.203090280791639,0.508903762259942,FALSE
NAT2,blue,-0.0675542670363444,0.682820259581789,-0.0963503228942782,0.477518787198364,0.519983957137002,FALSE
NAT8,grey,-0.211501255189423,0.196173370684354,-0.155297283933037,0.230471702518046,,FALSE
NAT9,turquoise,0.479801661261823,0.00199568897433246,0.626025191911768,-0.571555681981763,0.510284978059025,FALSE
NAV2,blue,-0.104397970373989,0.527069927543888,-0.097649242549186,0.143298193092527,0.517257147959672,FALSE
NAV3,black,-0.235531745710138,0.148897649304121,-0.416293790212495,0.00117219599588762,0.835000557732319,FALSE
NAXD,turquoise,0.120721888821788,0.464130095520318,0.463256641743388,-0.0856841267851822,0.68390700814483,FALSE
NBAS,brown,0.0945285497281292,0.567045483039704,0.537878805181039,-0.250778158102591,0.772150689306075,FALSE
NBN,blue,-0.351455160309313,0.0282390088394431,-0.380177434693575,0.392189441344883,0.868341980084275,FALSE
NBR1,cyan,-0.179933375151512,0.27303496643534,-0.0371836053884774,0.428382998118144,0.663682585707411,FALSE
NBR2,turquoise,0.12386839871724,0.452477960164807,0.311390038986804,-0.0561198259457751,0.534998851582264,FALSE
NCALD,lightgreen,-0.349745197727299,0.0290694006367144,-0.441655275876242,0.263756647490452,0.745256804935627,FALSE
NCAM1,lightgreen,-0.191306781767893,0.243350241123352,-0.0476176577321077,0.0436081684863424,0.458310751453065,FALSE
NCAN,black,-0.11608270352943,0.481597967336231,-0.227676022197502,-0.25955657151282,0.426383110820128,FALSE
NCAPD2,black,0.0412517009796347,0.803096897445204,-0.111123966041279,-0.224965733119242,0.463351345468338,FALSE
NCAPD3,yellow,-0.302052658931379,0.0616418258841332,-0.127518286673485,0.27814682514217,0.515082496988919,FALSE
NCAPH2,turquoise,0.233856837659765,0.151893370844229,0.537717330993567,-0.504413266503898,0.801880685693907,FALSE
NCBP2,blue,-0.0436322493289096,0.791977587909173,-0.0687935746471269,0.309023757889019,0.72560916805152,FALSE
NCDN,midnightblue,0.42824004825151,0.00653309366404598,0.560394725854556,-0.643653361666079,0.759828194171678,FALSE
NCF2,lightyellow,0.0923526115921273,0.576042568558658,0.0138430447723802,0.0224455103679395,0.766992074994764,FALSE
NCF4,lightyellow,-0.00535579203910246,0.97418584585735,0.00848349598790795,-0.212075389195822,0.554484049475326,FALSE
NCK1,blue,-0.3384839105612,0.0350553403575423,-0.324962907344292,0.35385804177777,0.829018692344579,FALSE
NCK2,salmon,0.0886192229023542,0.591628029603434,-0.075515407603597,0.096008888092427,0.596409459692177,FALSE
NCKAP1,blue,-0.16860271753493,0.304875154919249,-0.314447148488409,0.4579320002375,0.853836444444307,FALSE
NCKAP1L,greenyellow,0.0613762094207064,0.710508005659161,0.296872589733255,-0.212552822340785,0.804516178086663,FALSE
NCKIPSD,grey,-0.0843847571337744,0.609526428964575,-0.0528854378706493,0.0524064164041341,,FALSE
NCL,turquoise,0.187040377849921,0.254219539767901,0.551398289990306,-0.340143850713111,0.704538928785657,FALSE
NCLN,green,0.0606017460218032,0.714005723417876,0.318936193695103,-0.378963537970052,0.318936193695103,FALSE
NCOA1,brown,0.0108903241269035,0.947537705718149,0.455270568163953,-0.0798374541734512,0.650533638519387,FALSE
NCOA2,blue,-0.300602902051152,0.0629629952168232,-0.207096814264435,0.390633784808968,0.576979380353911,FALSE
NCOA3,blue,-0.270908519047428,0.0952885476626954,-0.392885497818912,0.257708178842025,0.497432228575182,FALSE
NCOA4,blue,0.0991980119553862,0.547959299043031,0.141640568862712,0.153961649301086,0.562634269364281,FALSE
NCOA6,yellow,-0.264121371662372,0.10421132659692,-0.182440715625926,0.118841184626007,0.461871093864646,FALSE
NCOR1,yellow,-0.228268019727308,0.162207678807122,-0.591039994528617,0.651487803010004,0.814067611294866,FALSE
NCOR2,turquoise,0.252728255798543,0.120600700706918,0.525845537128357,-0.471171587841926,0.755346371527942,FALSE
NCR1,purple,-0.20569749314595,0.209017534537416,-0.337266616250717,0.250697063787143,0.653077540457756,FALSE
NCR2,grey,0.0464411274911063,0.778909741614755,0.228593123184008,-0.370425046263065,,FALSE
NCR3,turquoise,0.066197786247468,0.68886603933851,0.29558651521308,-0.310705417865599,0.399617735029114,FALSE
NCSTN,lightyellow,-0.226949393297049,0.164713400513977,-0.260284634224986,0.364153444216359,0.698311756471748,FALSE
NDE1,black,0.296153540160679,0.0671582676972693,-0.0511308514993118,-0.319835949403982,0.623600087605303,FALSE
NDEL1,turquoise,0.0908736861185851,0.582194267827308,0.442109906154828,-0.180870489992559,0.639557449012117,FALSE
NDFIP1,pink,0.0395526433054724,0.811056604970605,0.140187785194662,0.328801738408375,0.583819522479079,FALSE
NDNF,red,-0.127411582562191,0.439548861741188,0.0562802979599312,-0.139715529464472,0.561406310510889,FALSE
NDOR1,turquoise,0.312648995149909,0.0526406346167872,0.370932948139772,-0.246408851901707,0.610444506451248,FALSE
NDRG1,turquoise,0.156601840530004,0.341071243249481,0.214074671868294,-0.108719294560083,0.433863188749477,FALSE
NDRG2,brown,-0.0845797004861205,0.608697386846511,0.350877172917726,-0.0170073826317786,0.71532671345517,FALSE
NDRG3,blue,-0.296549171325449,0.0667765232182283,-0.335283160141907,0.243439797466844,0.716553621058219,FALSE
NDRG4,grey,-0.324160654533564,0.0440886560688087,-0.288648194028908,0.190783806424446,,FALSE
NDST1,turquoise,0.191583284293736,0.242656786126948,0.579219033194309,-0.481192382406345,0.694785691608624,FALSE
NDST2,black,0.0118269802618272,0.943032590944893,-0.0218833512137775,-0.0445382371434601,0.463482120923045,FALSE
NDUFA1,blue,-0.127453180555648,0.439398288716531,-0.0797928175530499,0.250279913293839,0.246028436596961,FALSE
NDUFA10,turquoise,0.0750396948503589,0.649816626328299,0.458911462806763,0.0254455083471407,0.571773494653285,FALSE
NDUFA13,turquoise,0.2138295702008,0.191179857025803,0.437416252251541,-0.284376200927744,0.777495878725104,FALSE
NDUFA2,brown,-0.0797608113059434,0.629329913917991,0.290426806832241,0.130465497174225,0.743745191474631,FALSE
NDUFA3,turquoise,0.211712814720664,0.195715894292536,0.539130579552931,-0.332437163376273,0.687779611387638,FALSE
NDUFA5,blue,-0.251133674841763,0.123040710665321,-0.406924205058353,0.609465543774404,0.909931685100043,FALSE
NDUFA6,darkgreen,-0.242925104921605,0.136189442595358,0.17202902223794,0.231014973154935,0.752223205480988,FALSE
NDUFA7,brown,-0.0079406350971396,0.961734941775005,0.493924836331543,-0.125835127034072,0.701637335313292,FALSE
NDUFA8,brown,0.0234986805743897,0.887084645605775,0.55272050860181,-0.112435831944708,0.761910183737576,FALSE
NDUFA9,blue,-0.194373727965477,0.23573303182592,0.0511756231620489,0.337167333507771,0.569041502819448,FALSE
NDUFAB1,brown,-0.148353854344322,0.367413871644055,0.435575665591713,-0.00592134358222205,0.723056657304162,FALSE
NDUFAF1,blue,-0.144919108037916,0.378732568131938,0.167047406984116,0.277845952713991,0.550212365849642,FALSE
NDUFAF3,brown,0.0472808035073815,0.775014716317593,0.400735234300206,-0.0639372566846124,0.809949022931258,FALSE
NDUFAF4,blue,-0.136094386184183,0.408741241329444,-0.0580740731580736,0.238424872162767,0.698102020086848,FALSE
NDUFB1,blue,-0.244101772957347,0.134243336210142,-0.199159041139608,0.356952582678861,0.520499203221103,FALSE
NDUFB11,brown,0.187372030998873,0.253363181683687,0.319123229500322,-0.0626227095915087,0.735459418355831,FALSE
NDUFB2,turquoise,0.00103121974346572,0.995028866989125,0.442278959201085,-0.129021832013679,0.50673202496884,FALSE
NDUFB3,blue,-0.26195342099016,0.10719148914504,-0.341356789341256,0.51593295134738,0.765178584995385,FALSE
NDUFB4,darkgreen,-0.205003510182036,0.210591563525067,0.0425722392072651,0.411670034606586,0.792419360682028,FALSE
NDUFB5,darkgreen,-0.279577255566002,0.0847593598918761,-0.0283691310218341,0.387974281927711,0.847801001104291,FALSE
NDUFB6,pink,-0.108721045138522,0.510005203556661,0.26037848440079,0.200517339056788,0.810058527354925,FALSE
NDUFB7,turquoise,0.0914465263128491,0.579808007783758,0.486920322394328,-0.246270679669752,0.779860454337089,FALSE
NDUFB8,brown,0.151976466374877,0.355697730452169,0.627611150160975,-0.196648942601118,0.753054380990613,FALSE
NDUFC1,pink,-0.180378815032617,0.271829564388699,0.066080161444974,0.168949966937205,0.565039057284803,FALSE
NDUFS1,blue,-0.263625420919661,0.104887451840423,0.00882106110117558,0.412698544644487,0.678645988969956,FALSE
NDUFS2,brown,0.11723811107969,0.477215730476384,0.515560866877049,-0.23389143084041,0.739561228103372,FALSE
NDUFS3,pink,-0.0330397086616831,0.841735429231945,0.215774726903479,0.11786464635791,0.700056396154888,FALSE
NDUFS4,blue,-0.292524491541003,0.0707408130507808,-0.445769704125428,0.651994382954503,0.58378239624997,FALSE
NDUFS5,blue,-0.371878850232102,0.019746945852842,-0.45064052719877,0.501123404754341,0.730093199958355,FALSE
NDUFS6,turquoise,0.180873397314896,0.270495277352662,0.592576009730432,-0.350845000030757,0.76026682177315,FALSE
NDUFS7,turquoise,0.239837256652477,0.141395667840549,0.627236059724862,-0.369289949143262,0.871850954226319,FALSE
NDUFS8,brown,0.159550637740333,0.331942217135585,0.49005991443692,-0.193387449144543,0.780111986869337,FALSE
NDUFV1,turquoise,0.179033231699431,0.275481521489529,0.64785610436928,-0.274268310284307,0.846629337048693,FALSE
NDUFV2,brown,0.174129427016975,0.289061140794132,0.64909325147698,-0.219580600617586,0.779675711026913,FALSE
NEB,yellow,-0.180390785963088,0.271797218210068,-0.152198687722879,-0.0221061639468569,0.285283490961403,FALSE
NEBL,black,-0.0263962071473637,0.873268164203327,0.09268935969136,-0.3552588169258,0.369911754236703,FALSE
NECAB2,turquoise,0.073089391673968,0.658355511317999,0.0856144499677009,-0.10441056136415,0.294599580441096,FALSE
NECAB3,grey,0.0836434412737449,0.612683431841895,0.144341085979169,-0.187606422830654,,FALSE
NECAP1,yellow,-0.226202438822503,0.166145138228203,-0.437811209269384,0.27870845762338,0.771101267374342,FALSE
NECAP2,greenyellow,-0.0021738354001277,0.98952095890427,0.363094273008677,-0.248156376586804,0.668091057501461,FALSE
NECTIN1,red,0.0281806571756511,0.864777382941032,-0.13495185060801,-0.0976725634036908,0.573367348293334,FALSE
NECTIN2,turquoise,0.141315219265468,0.390827096854138,0.550072377195632,-0.381539628227451,0.594370602652369,FALSE
NEDD4,blue,-0.353187381994613,0.0274178828626383,-0.368093073399446,0.57990156311156,0.552633245661823,FALSE
NEDD4L,blue,-0.0106861059881071,0.948520169492634,-0.330731411477781,0.170914305270919,0.356263952522399,FALSE
NEDD9,lightgreen,-0.124097926122704,0.451634225439972,-0.256228388338511,0.115592056974796,0.68681858583645,FALSE
NEIL1,grey,-0.154774006531375,0.34680653880647,-0.184580929087063,0.134667520248138,,FALSE
NEK1,yellow,-0.269071855537845,0.097643047894241,-0.312732010957437,0.0951447750016794,0.605385682978344,FALSE
NEK11,black,-0.175231517093812,0.285972220448856,-0.299991933062893,-0.00416221493711437,0.535475061019041,FALSE
NEK3,yellow,-0.34015755683716,0.0341067158042548,-0.325960590114841,0.315193203219631,0.53655896246674,FALSE
NEK7,blue,-0.292926183050055,0.070337027228045,-0.479567916723544,0.554095682815977,0.857577220513973,FALSE
NEK9,royalblue,-0.165672903457519,0.313477445679903,-0.432980078178352,0.387387303432335,0.799697643457472,FALSE
NELFB,brown,0.239002757006963,0.142827502851748,0.658841712145066,-0.444574015574246,0.813024515139129,FALSE
NELFCD,brown,0.153777625838238,0.349957572847268,0.53227816160792,-0.25289544614577,0.811326058335122,FALSE
NELFE,brown,0.102150008287582,0.536052460561668,0.126860842445287,0.00791204309108717,0.464426299779005,FALSE
NELL2,yellow,-0.338523779267812,0.0350324943357829,-0.522050888779996,0.266567065981322,0.460879198397598,FALSE
NEMP1,blue,-0.410334572545458,0.00947163471367356,-0.253366827198501,0.363088323954335,0.512502275137408,FALSE
NENF,brown,0.0598839184176202,0.71725281161281,0.322878187356023,-0.120752877344765,0.46024834541065,FALSE
NEO1,black,-0.0499867067671791,0.762500105633356,-0.0175340672939422,-0.303017087959305,0.694828473057418,FALSE
NES,yellow,-0.108774807502377,0.509794743706661,-0.392718704092795,0.133068054533357,0.52639303028577,FALSE
NET1,pink,-0.0058259044315049,0.971920832060026,0.105841627865223,0.234002470388931,0.393160728559042,FALSE
NEU1,brown,0.248609925125226,0.126977798719583,0.663286725696393,-0.279000953642577,0.725719898663375,FALSE
NEU2,turquoise,0.0124550161249679,0.940012843103189,0.156022412898714,-0.207656332140892,0.599698040511563,FALSE
NEU3,yellow,-0.282157063633062,0.0818069011599664,-0.195363128063546,0.155340719333029,0.345296347889239,FALSE
NEUROG1,turquoise,0.282004421407152,0.0819793354873503,0.356605330466124,-0.209539081514194,0.678071864604795,FALSE
NF1,blue,-0.0119309597740036,0.942532577025647,0.0719933355932902,0.0765677407056919,0.558873766373243,FALSE
NF2,green,0.227307857276118,0.164029480421962,0.737636505844813,-0.503197352380791,0.737636505844813,FALSE
NFASC,midnightblue,0.180171746115455,0.272389477039363,0.000411047453921285,-0.166049550755109,0.610286636157856,FALSE
NFAT5,yellow,-0.204017676987305,0.212841646358592,-0.194453154174901,-0.016092687387299,0.52841765559942,FALSE
NFATC1,turquoise,0.0982335318442469,0.551876487884758,-0.0732313544552293,-0.222584237117382,0.336757530066567,FALSE
NFATC2IP,blue,-0.123973801856382,0.452090395931838,-0.145299348038364,0.213041775926646,0.380541857651691,FALSE
NFATC3,magenta,-0.186164114173927,0.256491413155094,-0.461380294971619,0.602199851837291,0.602199851837291,FALSE
NFATC4,turquoise,0.215987792329762,0.18663184575555,0.276368312778258,-0.428534518694154,0.621708633269189,FALSE
NFE2L1,brown,-0.155173152724707,0.345549120625611,0.203729842326502,0.171299676307862,0.429808277334818,FALSE
NFE2L2,grey,-0.016271531366856,0.921681402574225,-0.136334181631787,0.306839003187731,,FALSE
NFIB,tan,-0.202238248685482,0.216945060700847,-0.521276666195648,0.437139080278423,0.732598383080058,FALSE
NFIC,grey,0.0286550746620337,0.862522483218235,0.149713659940623,-0.0601938885688153,,FALSE
NFIL3,grey,0.00916161616371573,0.955856542392933,-0.108457460254235,0.288305682769309,,FALSE
NFIX,turquoise,0.0812706156819661,0.622834663837254,0.349964492230696,-0.348649835680943,0.53777310649789,FALSE
NFKB1,pink,0.0325376569123232,0.84411051821839,0.346705317346215,-0.196495730881566,0.443083196339152,FALSE
NFKB2,greenyellow,0.297007298096622,0.0663366189860209,0.548784220753395,-0.482564858364131,0.638394640571384,FALSE
NFKBIA,turquoise,-0.221033401008003,0.176299508461524,0.126315060481971,0.228601417297222,0.262781317095755,FALSE
NFKBIB,green,0.258406778409457,0.112205810590808,0.510155098388497,-0.441741815335097,0.510155098388497,FALSE
NFKBIE,greenyellow,0.283113191686371,0.0807332066613297,0.554902625577429,-0.551388736294697,0.806411122175135,FALSE
NFKBIL1,lightcyan,0.294590183955352,0.0686836235441642,0.361232539122379,-0.281447415167402,0.616877545335344,FALSE
NFRKB,yellow,0.124661929653794,0.449564596669878,-0.326755535078143,-0.0530541974239254,0.262396079699457,FALSE
NFS1,blue,0.167722221624361,0.307444455890381,0.229872544837052,0.0912561574080803,0.252422066206595,FALSE
NFU1,pink,-0.000336151545004285,0.998379527431372,0.0456096196331854,0.267701863700686,0.58099266342951,FALSE
NFX1,magenta,-0.260079631012607,0.109819048101198,-0.662314419806867,0.69982822368561,0.69982822368561,FALSE
NFYA,blue,-0.0644499722492196,0.696684109530385,-0.275858573441697,0.135232852167491,0.406883649391806,FALSE
NFYB,blue,-0.326224059339114,0.0426818602599561,-0.470313941228992,0.379226468370272,0.508746275193796,FALSE
NFYC,tan,-0.363887685102077,0.0227719251331842,-0.296840821676216,0.343714953998511,0.288453095188671,FALSE
NGB,lightcyan,0.18801145389487,0.251717576352513,0.248781390159554,-0.314742325194434,0.805847800553974,FALSE
NGDN,blue,-0.204295848110314,0.212205065300101,-0.197541671856015,0.282489375169879,0.665315363922844,FALSE
NGF,turquoise,0.27455559973976,0.090742675251116,0.240410914393053,-0.201713582397648,0.553512550121667,FALSE
NGFR,greenyellow,0.156989613929618,0.339862036234149,0.271967061195317,-0.293149520704814,0.817917000289634,FALSE
NGLY1,blue,-0.0882859847974403,0.593028148985744,-0.191334711167279,0.303359125434939,0.590434562600822,FALSE
NGRN,turquoise,0.424486365580314,0.00707360920683184,0.588590969783055,-0.162438152505846,0.335324427375333,FALSE
NHEJ1,lightgreen,-0.100915821009942,0.54101531075894,-0.311452577908117,0.19507250596161,0.677512177403271,FALSE
NHP2,pink,0.20043905418044,0.221149207469396,0.421644012366815,-0.074770500139171,0.725534936943573,FALSE
NIBAN1,black,0.037979629450695,0.81844257790365,-0.192773695053304,-0.143007682915751,0.768899638609702,FALSE
NID1,lightyellow,-0.1159848052531,0.481970238678998,-0.384850322219467,0.345504434213686,0.583496701844154,FALSE
NID2,blue,-0.104647778102146,0.526076299374946,-0.253139851374581,0.0846024574790604,0.346564994480396,FALSE
NIF3L1,blue,-0.0951337546114789,0.564554606749807,-0.0130261668646025,0.274670108543685,0.764025560962916,FALSE
NINJ1,brown,0.287619377225614,0.0758198873633807,0.735494500367616,-0.437683609295305,0.860991512990092,FALSE
NINJ2,black,-0.224206870811318,0.170014141857388,-0.261818178693047,0.28401729746128,0.144145721493659,FALSE
NINL,royalblue,-0.0224284632439436,0.892196392145944,-0.107379479188218,-0.103072173454826,0.429324699763809,FALSE
NIPA2,blue,-0.0708068986088737,0.668403263877671,0.037855837607865,0.131317916413199,0.534876779408266,FALSE
NIPAL2,lightgreen,0.00919318457579394,0.955704585835099,-0.236811832703845,0.0564326408200794,0.753081552942146,FALSE
NIPAL3,brown,0.258315493844611,0.112337171247007,0.50600202223523,-0.319448999924438,0.654281151779111,FALSE
NIPBL,grey,-0.185832590400304,0.257354462282129,-0.146396451541983,0.247486938197166,,FALSE
NIPSNAP1,grey,0.113557566317565,0.491247923421708,0.129116712761601,-0.064078246326243,,FALSE
NISCH,turquoise,0.34532530045278,0.0313095116984733,0.358752005811895,-0.34651190195392,0.671516929796474,FALSE
NIT1,darkred,0.0620829685745464,0.70732115289363,0.18333517697144,0.144113273895199,0.804161309720791,FALSE
NIT2,darkgreen,-0.0430310368294697,0.794782058850769,0.204095337236179,0.299336307440565,0.735697827457571,FALSE
NKG7,turquoise,0.385836010558172,0.0152698897989358,0.496208010958978,-0.386189907465799,0.544195242173979,FALSE
NKIRAS2,brown,0.0933092982203274,0.572078900000123,0.63399489886752,-0.451650139683451,0.583442571993016,FALSE
NKTR,yellow,-0.265935596771164,0.101766260526341,-0.210203920407418,0.256035507724254,0.439843115573781,FALSE
NKX2-5,grey,0.308901274526516,0.0556952656287449,-0.173445124657276,0.0522163278622458,,FALSE
NKX3-1,red,-0.0110520042512791,0.946759940320212,-0.170131577888508,-0.119662911420575,0.700209241562421,FALSE
NLE1,grey,0.071905390840518,0.663560350969571,-0.218353788162546,-0.0860113084508522,,FALSE
NLGN3,lightcyan,-0.123795479844884,0.452746185992538,-0.220010177747246,-0.125095155867796,0.438668609935985,FALSE
NLRX1,turquoise,0.230631851728878,0.15778503972838,0.554778013913537,-0.55933287514955,0.587422345749363,FALSE
NMB,purple,0.0178306579013312,0.91420355329855,-0.401920786801794,0.182741159093442,0.708514497351316,FALSE
NME3,turquoise,0.179297569062288,0.274761580172636,0.490375821675702,-0.316248774106125,0.898027677585206,FALSE
NME4,brown,0.115389740521154,0.484236276458014,0.359800952963744,-0.0109838005083445,0.707632119283678,FALSE
NME6,green,0.287906814887044,0.0755146002469725,0.440334212666869,-0.284085018259299,0.440334212666869,FALSE
NME7,blue,-0.211701502714965,0.195740336389301,-0.0791986780483387,0.115691456285494,0.391894318715485,FALSE
NMI,blue,0.157023843652926,0.339755423244945,0.193159777628614,-0.0107539910533834,0.279024321828266,FALSE
NMRK1,blue,-0.29367230243083,0.0695918301537147,-0.343163418093736,0.581312767298675,0.480574173079951,FALSE
NMT1,brown,0.160530225545634,0.328943389291579,0.645045493963802,-0.257265772975811,0.811705981318401,FALSE
NMT2,grey,-0.302989792358652,0.060799585043161,-0.443141189947597,0.609946363469165,,FALSE
NNMT,brown,0.209585927242642,0.200349284967794,0.261742615448273,-0.0634954754833233,0.313411080717389,FALSE
NNT,darkgreen,-0.106136127977422,0.520175372488086,0.0428502316182684,0.265499771376912,0.666409462444908,FALSE
NOC2L,turquoise,0.259844450590806,0.110152250861987,0.527459344090575,-0.453049287816481,0.787636609835757,FALSE
NOC4L,turquoise,0.339879446186185,0.0342628756556985,0.450068753462315,-0.370796979293555,0.450501728763538,FALSE
NOCT,magenta,-0.177921076046481,0.278524064529078,-0.351686972742517,0.351305174921757,0.351305174921757,FALSE
NOD1,red,-0.285185562416363,0.0784436884788287,-0.16129794891089,-0.191605121020623,0.531668851849165,FALSE
NOL11,blue,-0.278104472291184,0.0864815520962869,-0.140653945232722,0.438129858191192,0.644005301205788,FALSE
NOL12,turquoise,0.182806411026789,0.265321727752127,0.392178776262122,-0.509176399766171,0.512170853557445,FALSE
NOL3,green,0.230296731888812,0.158406650339412,0.411475139796653,-0.297788471067028,0.411475139796653,FALSE
NOL6,grey,0.30622709857181,0.0579601889999792,0.278025686479663,-0.317607601229021,,FALSE
NOL7,pink,-0.0828796366778794,0.615943430493425,0.264975515966498,0.0363295904717279,0.789000484042922,FALSE
NOL8,blue,0.0894570650120499,0.588114236552376,-0.163804807393714,0.188403232158731,0.505119933514271,FALSE
NOL9,yellow,-0.412941070516938,0.00898395518509928,-0.479253587428114,0.241270573098887,0.61743782814996,FALSE
NOLC1,blue,-0.0401178829537084,0.808406461323188,0.0313090357631092,0.174875839175011,0.650914825117335,FALSE
NONO,blue,-0.250625113503217,0.123826626594656,-0.393689652012997,0.49859720990766,0.621742924032867,FALSE
NOP10,blue,-0.257280209663933,0.113835116330742,-0.272679991290001,0.445140862756767,0.733537336614456,FALSE
NOP14,blue,-0.0086287897667487,0.958421564000979,-0.218189184639015,0.369018667010255,0.588582679637016,FALSE
NOP16,turquoise,0.227997839244539,0.162718829480857,0.387937283398809,-0.058720037253314,0.36086921896508,FALSE
NOP2,grey,0.137890320074368,0.402526690827499,0.301039178763997,-0.282625395001668,,FALSE
NOP53,turquoise,0.141696098250766,0.389538357213388,0.127010132818103,-0.0859677412014035,0.606191514518562,FALSE
NOS1AP,grey,-0.0827304681540883,0.616580948955918,-0.181550263163145,0.150800495083672,,FALSE
NOS3,turquoise,0.393241287097172,0.0132649426605082,0.344011256761978,-0.345734101787433,0.671882023684382,FALSE
NOSIP,turquoise,0.293321569259052,0.069941352000269,0.37452123286927,-0.437704638460297,0.731293502647482,FALSE
NOTCH1,turquoise,0.351461293262615,0.0282360662024984,0.537009036910084,-0.425542431356445,0.732586428499131,FALSE
NOTCH2,yellow,-0.146935625675757,0.372062713854057,-0.352482707547468,0.307411059971453,0.659646562375675,FALSE
NOTCH3,black,0.0686507608729352,0.677947429581921,-0.283489337949833,-0.0508604067503815,0.617115544440798,FALSE
NOVA2,turquoise,0.162303533786457,0.323557713258974,0.278062613036939,-0.245910613105324,0.60032394402485,FALSE
NPAP1,purple,0.105778918509964,0.521588626647781,-0.290984218486698,0.049087052940762,0.515351453009487,FALSE
NPAS2,grey,0.13447777076595,0.414381821598982,0.192646631438078,-0.212962046242368,,FALSE
NPAT,yellow,-0.187948846500327,0.251878385041529,-0.545875600050691,0.266978176672654,0.586373193314056,FALSE
NPC1,grey,0.116941715984462,0.478337900061823,-0.088200160977525,-0.0190528900559217,,FALSE
NPC1L1,darkturquoise,0.312213377117073,0.0529886396337545,0.652540720338339,-0.456403748938167,0.771358592019867,FALSE
NPDC1,turquoise,0.311340490028972,0.053691513736147,0.396468743026072,-0.474381703263672,0.730937501126338,FALSE
NPEPPS,magenta,-0.354452680759167,0.0268306549069909,-0.716982305838295,0.600990709110964,0.600990709110964,FALSE
NPFF,turquoise,0.348972977288418,0.0294509542401119,-0.0387251518662823,-0.164586828777035,0.290283542801144,FALSE
NPFFR1,turquoise,0.0597816242344904,0.717715939276302,0.0894088233274271,-0.15730160315966,0.508746045034143,FALSE
NPHP4,turquoise,0.0867322652815976,0.59957531763523,0.418602529635025,-0.343786848366447,0.471544297593895,FALSE
NPLOC4,green,0.291822979512198,0.0714503506095475,0.771316185093891,-0.471432202321014,0.771316185093891,FALSE
NPM1,blue,-0.210818221078091,0.197655489645868,-0.43436764632105,0.41884415205185,0.792346465257757,FALSE
NPM3,turquoise,0.243311740766606,0.135547691333997,0.0975240913362031,-0.168277080440787,0.418597414752989,FALSE
NPR1,turquoise,-0.0212227519240265,0.897960446134832,0.0875331374982201,-0.0697055717924934,0.373902581266425,FALSE
NPR2,black,0.10950631128523,0.506935512553785,-0.151681166511085,-0.0351960369859124,0.328401658557274,FALSE
NPR3,black,0.107686997925679,0.514061580998475,0.00830587267608304,-0.277984122080756,0.542366685652078,FALSE
NPRL2,brown,0.0335095274192641,0.839514076521329,0.586173713268386,-0.148907221367667,0.623387830923903,FALSE
NPRL3,turquoise,0.0776997793033773,0.638241060604699,0.297729218478677,-0.147950433909295,0.507167150306764,FALSE
NPTN,blue,-0.155114414802953,0.345733985881159,-0.26477461707228,0.284514428265606,0.619102754520394,FALSE
NPTX1,grey,0.0812916680416754,0.622744292712857,-0.211546823866816,-0.051518895789465,,FALSE
NPTXR,grey,0.154575514555231,0.347432880349639,0.00643011145423744,-0.172035334066012,,FALSE
NPY,purple,-0.33285328150588,0.038406515867578,-0.33693859337467,0.10013016735079,0.435876961246766,FALSE
NPY1R,blue,-0.139693716591694,0.396341324731879,-0.421431779882464,0.440370373567104,0.712964402305611,FALSE
NPY6RP,purple,-0.0585835415568902,0.723147516781024,-0.385944309550749,0.113552080575596,0.632295190570234,FALSE
NQO1,red,-0.263912568447399,0.104495580492306,0.0198065210212101,-0.0478120826137268,0.430313014625822,FALSE
NQO2,grey,-0.0578327997143132,0.726557895948411,0.179985329968411,0.00863823478713126,,FALSE
NR0B2,brown,-0.239266304583577,0.142374159989685,-0.028597788782846,0.248547544033248,0.317359618201193,FALSE
NR1H2,brown,0.266734576304325,0.10070345207009,0.626793067957471,-0.279268087397927,0.92307916154327,FALSE
NR1H3,turquoise,0.186688645173023,0.255129852551095,0.388150980443194,-0.0607320432113856,0.806903151501713,FALSE
NR1H4,blue,-0.163799386529771,0.31905779031164,-0.309374145819112,0.47027215363565,0.5234205710247,FALSE
NR1I2,turquoise,0.0704660017212215,0.669908878715867,0.308187508009751,-0.0396445323904602,0.578763075030499,FALSE
NR1I3,darkred,-0.170547168263191,0.299249766680517,-0.0937139330741437,0.252845746202626,0.678737735701811,FALSE
NR2C1,yellow,-0.322234983995817,0.0454351689678887,-0.573300169999796,0.375554461025699,0.724361236412215,FALSE
NR2F1,salmon,-0.00304804712235301,0.985307185386285,0.249296036459744,-0.39946910024095,0.614579034537457,FALSE
NR2F2,salmon,0.0969437834638388,0.557135253911437,0.0158868167410055,-0.00931452627629456,0.697647907430338,FALSE
NR2F6,turquoise,0.311518078128959,0.0535479133098669,0.775023957786989,-0.575292038292476,0.852297837847535,FALSE
NR3C1,blue,-0.0622412791663028,0.706607984724517,-0.168930529396038,0.250306870154428,0.358814945447201,FALSE
NR3C2,royalblue,-0.356302459829398,0.0259909321068437,-0.645942019012847,0.71442809968922,0.784078391160155,FALSE
NR4A1,turquoise,0.21661441647703,0.185325840202043,0.238770827362934,-0.1614808481161,0.568588682205667,FALSE
NR5A2,magenta,-0.266028357095239,0.101642432645554,-0.56882601049511,0.671661434329178,0.671661434329178,FALSE
NR6A1,yellow,-0.0338598778115008,0.837858379332701,-0.27452475833776,-0.0285568580837807,0.226050693754152,FALSE
NRBP1,brown,0.346069585126118,0.0309226523428494,0.607515022644913,-0.35026398410246,0.83696650443383,FALSE
NRDC,blue,-0.227887469308649,0.162927971569119,-0.369624206461676,0.483566225532389,0.655646564724504,FALSE
NREP,yellow,-0.061550753735244,0.709720512796386,-0.447979437767058,0.188725503037883,0.667166941765994,FALSE
NRF1,turquoise,0.382211747615284,0.0163407999786906,0.321500441843945,-0.370564662819874,0.668460056630138,FALSE
NRG1,turquoise,0.0752107702817994,0.649069697472737,-0.0133338341951483,0.125815801216039,0.29349419876371,FALSE
NRGN,black,0.139336813828159,0.397561057806738,-0.48734946610831,0.0583102194637511,0.481259049263708,FALSE
NRIP1,blue,0.117239870426192,0.477209073612124,0.17132899060754,0.255558637842608,0.354176975412114,FALSE
NRIP2,grey,0.236939169355305,0.146413972908145,0.139893396329958,-0.218570059810886,,FALSE
NRL,lightcyan,-0.0356743828927223,0.829294495354231,0.0144784013274683,-0.17881955362918,0.386555565739606,FALSE
NRN1,salmon,-0.0745633227343182,0.651898281455627,-0.211433442592663,-0.0394855501179538,0.478999877894279,FALSE
NRP1,greenyellow,0.226727588273448,0.165137616061045,0.14557877385727,-0.256880284670232,0.511044428450443,FALSE
NRP2,brown,0.0882833270743839,0.593039321413534,0.162365254665751,-0.169255082506641,0.253471205353756,FALSE
NRSN2,black,-0.0809717609378691,0.624118139837545,-0.0796672508434643,-0.292808597030976,0.696200338147748,FALSE
NRXN1,black,-0.30704587396039,0.0572590588024215,-0.593615874931477,0.100684152551996,0.715130425985747,FALSE
NRXN2,turquoise,0.287008870022715,0.0764715085081382,0.301470780605753,-0.230100325601441,0.728886173940553,FALSE
NSA2,blue,-0.277689702895788,0.0869714164824259,-0.301085939599715,0.433722812509271,0.742139919139133,FALSE
NSD1,turquoise,-0.0563108904270036,0.733487345270854,0.288670755670188,-0.450214572760032,0.411468334843537,FALSE
NSD2,turquoise,0.27661416268488,0.0882516898296613,0.600355475903867,-0.398867389869246,0.553640192697043,FALSE
NSD3,yellow,-0.274371725238596,0.0909677850269637,-0.380132907546389,0.150839094815578,0.412352916690773,FALSE
NSDHL,darkturquoise,0.234857104974597,0.150099059020434,0.440523599915085,-0.233947285219952,0.891743231380944,FALSE
NSF,blue,0.0777515665616216,0.638016529834376,0.194230951135855,-0.0913394854504772,0.443559571858916,FALSE
NSFL1C,brown,-0.0730144129751333,0.6586846487796,0.386643385831055,-0.077925212806075,0.405083573269369,FALSE
NSL1,blue,0.0701453063797624,0.671326432740915,0.244804834494655,-0.0509736519454855,0.320122413727679,FALSE
NSMAF,red,-0.106609173437072,0.518306745544521,-0.0408131264437229,-0.0334805420051899,0.649372688509421,FALSE
NSMCE4A,pink,0.0174074405091364,0.916232686532896,0.139085717141061,0.166401575442072,0.53763864463005,FALSE
NSMF,turquoise,0.262067114017181,0.10703361106426,0.594354379153894,-0.422781302704741,0.651515290157809,FALSE
NSUN3,red,-0.141188915064079,0.391255006507581,-0.194628999359499,-0.0713482736525481,0.57276347714077,FALSE
NSUN5,brown,0.264207194569899,0.104094662629139,0.666065399791528,-0.424158558225617,0.733546654618027,FALSE
NT5C2,blue,-0.27565207070309,0.0894092180188739,-0.495228760817026,0.686446139806137,0.696090730392331,FALSE
NT5DC3,turquoise,0.163979153072996,0.318519661436043,0.175049045613989,-0.0523899915318381,0.469162410038519,FALSE
NT5E,blue,-0.296575986445503,0.0667507114209261,-0.361251485321299,0.457954020286474,0.292945178914372,FALSE
NT5M,lightcyan,-0.0398708316303736,0.809564511715828,0.0426539645100136,0.00216246866281132,0.579080979467792,FALSE
NTAN1,green,-0.00744901917913896,0.964102401615522,0.62718862614022,-0.456862564349272,0.62718862614022,FALSE
NTF3,grey,0.183221789854015,0.264218590203541,0.221286978640702,-0.227493589733983,,FALSE
NTHL1,darkred,0.114955781974237,0.485892298746175,0.388071023126499,-0.0214438959937664,0.691047498519441,FALSE
NTN1,grey,0.130372396463656,0.428902714963201,0.0174143975327055,-0.087381723362475,,FALSE
NTRK2,black,-0.13127757744907,0.425676910317976,-0.438907933369235,-0.00842434120893063,0.84111105780133,FALSE
NUAK1,grey,-0.0244238598898236,0.882669272412142,-0.0180331439380608,-0.0837217452492451,,FALSE
NUBP1,pink,-0.062801990183274,0.704084045455939,0.368391464132389,-0.0518306119803852,0.754299241162403,FALSE
NUBP2,turquoise,0.342144327185121,0.0330080217067194,0.56497215933738,-0.342735756144222,0.826840054305554,FALSE
NUCB1,brown,0.0791923292497481,0.631782728033487,0.472880697331912,-0.0986876520674261,0.724681007300482,FALSE
NUCB2,blue,-0.13352234549301,0.417736066701479,0.0342641789402384,0.0759378193091516,0.415161383669634,FALSE
NUCKS1,blue,-0.164586842755752,0.31670477238233,-0.303067257407656,0.297942679185847,0.569392032839894,FALSE
NUDC,turquoise,-0.0126408507252527,0.939119462186848,0.430000157911867,-0.188895974245793,0.687635527289986,FALSE
NUDCD3,green,-0.00806394489775249,0.961141172473622,0.34102358179953,-0.296722351092593,0.34102358179953,FALSE
NUDT1,turquoise,0.11970408517368,0.467933199022416,0.444255721131392,-0.400250087921809,0.543673818961035,FALSE
NUDT18,turquoise,0.26063175434273,0.109039803040318,0.458273898390822,-0.443916735871643,0.618801429049088,FALSE
NUDT2,grey,-0.0877879999413886,0.595123169777509,0.0591198897447345,0.00727172057538673,,FALSE
NUDT21,pink,0.115653282187647,0.483232013258194,0.096984102254919,-0.0201613312721765,0.569484647117605,FALSE
NUDT7,grey,0.0525192096494557,0.750841080536304,0.200004818527869,-0.257976214801579,,FALSE
NUDT9,grey,-0.212210492705167,0.194642672695937,-0.180599866367367,0.395857882312246,,FALSE
NUFIP1,yellow,-0.165589336091855,0.313725033979687,-0.208145060351996,-0.150577110629649,0.265368940530902,FALSE
NUMA1,turquoise,0.154882863804417,0.346463332418288,0.352732549900693,-0.266751441362993,0.775435537852519,FALSE
NUP107,yellow,-0.239254836432133,0.142393864926741,-0.542278799714308,0.558667570889097,0.798654347300539,FALSE
NUP133,yellow,-0.336794903537064,0.0360344512893579,-0.473956355084458,0.431872581741597,0.732275104355832,FALSE
NUP153,yellow,-0.283532205091586,0.0802661423310992,-0.568663354411744,0.644467891046861,0.806931766091903,FALSE
NUP155,blue,-0.29402758158292,0.0692391811274436,-0.198568359269548,0.117389134999972,0.289321174756844,FALSE
NUP160,blue,-0.400542628347738,0.0115111406981843,-0.56603770142646,0.48387624467929,0.6808299174259,FALSE
NUP188,turquoise,0.320509074906277,0.0466700519560967,0.618616669756277,-0.468341302235555,0.750507580638856,FALSE
NUP205,blue,-0.323775661657569,0.0443552449127503,-0.412521087329605,0.38411828138188,0.673062312465617,FALSE
NUP210,turquoise,0.307207974517076,0.0571210547906172,0.407029273536372,-0.249363920573326,0.597972402603229,FALSE
NUP214,grey,-0.0969450871590998,0.557129926487736,0.195631532382776,-0.207030416526054,,FALSE
NUP37,blue,-0.026439104029528,0.873063883829916,-0.0702234101775153,0.177660832762906,0.48893465935243,FALSE
NUP42,blue,0.00349073184354346,0.983173550864981,0.0401833872400853,0.199775950234418,0.498272947822728,FALSE
NUP43,yellow,-0.396575007155467,0.012437954049632,-0.485750461423943,0.493190596346641,0.788207364378711,FALSE
NUP50,blue,-0.308829516082659,0.0557551051761772,-0.49035262783367,0.620694296618578,0.737552561358405,FALSE
NUP54,blue,-0.302940656621111,0.0608435171041132,-0.180277728596214,0.346025243741999,0.752348043009565,FALSE
NUP85,turquoise,0.000281431345686319,0.998643314682568,0.199957419684067,0.070078802970944,0.273384577658511,FALSE
NUP88,blue,-0.40426067727794,0.0106966058600463,-0.533118631587871,0.382333052748008,0.444118517359471,FALSE
NUP93,green,0.177215772083115,0.280464892053149,0.589940100131259,-0.512818070111331,0.589940100131259,FALSE
NUP98,magenta,-0.187212213783368,0.253775603277354,-0.18918704755788,0.503915640159999,0.503915640159999,FALSE
NUPR1,turquoise,0.184918576836438,0.259743891109535,0.647609359243088,-0.445621667411523,0.791011656979248,FALSE
NUSAP1,blue,-0.288032089759189,0.0753818473051838,-0.22544325700415,0.215191775037823,0.617760710709453,FALSE
NUTF2,brown,0.128682966452997,0.434959658459836,0.152954958256224,-0.280962537743021,0.25525339663207,FALSE
NVL,yellow,-0.326770085949961,0.0423157410629824,-0.341410590647498,0.368729129117291,0.59732485032934,FALSE
NXF1,turquoise,0.331979728578503,0.0389490732431296,0.558706092917158,-0.317415567237012,0.775321956918537,FALSE
NXF3,grey,0.171793179347912,0.295680139828411,0.114082224315039,-0.195986087392552,,FALSE
NXPH3,black,0.164556992166787,0.316793770119934,-0.210228521408087,-0.0725503295307854,0.375678839118588,FALSE
NXPH4,turquoise,0.0486657149995516,0.76860237921407,0.210124604320039,-0.208391430370054,0.391244887783095,FALSE
NXT1,grey,0.134793688108032,0.413276089119855,0.0165344510513087,-0.0264798399040197,,FALSE
NYNRIN,grey,-0.291933893863455,0.071337796767911,0.098084069969712,-0.136516248164039,,FALSE
NYX,lightcyan,-0.264545793546227,0.103635355893082,-0.0469579726820468,-0.191826543913019,0.535626558630592,FALSE
OARD1,blue,-0.221454882254499,0.175455295434503,-0.269174941269859,0.535424470401683,0.375544082556797,FALSE
OAS1,blue,-0.142192068564062,0.387863915646799,-0.00832773686825675,-0.041370450800333,0.487726183708391,FALSE
OAS2,blue,-0.154418755655569,0.347928020409526,-0.22285593596952,0.126398299497178,0.603031927635435,FALSE
OASL,grey,-0.231985429989346,0.155292325447756,0.100232658905809,0.0728692573730309,,FALSE
OAT,magenta,-0.190844738870038,0.244511999515162,-0.494443925680139,0.722121699616391,0.722121699616391,FALSE
OAZ1,brown,0.264094575486981,0.10424777255409,0.594819219605174,-0.391537171625842,0.882695769756679,FALSE
OAZ2,grey,0.11479110181739,0.486521500034609,0.210892530459537,-0.0317019812279759,,FALSE
OBP2A,grey,-0.00978954802692257,0.952834248404301,-0.165439092747457,0.0930521497992346,,FALSE
OBSCN,turquoise,0.205562258016701,0.209323619643657,0.1668075682812,-0.295514394124985,0.554304416031997,FALSE
OBSL1,turquoise,0.0232436126631072,0.88830254166686,0.378356787741485,-0.262570534599651,0.622054279519779,FALSE
OCA2,purple,-0.0854618945362546,0.604951685906101,-0.328930304207384,0.120865298788899,0.661470433648489,FALSE
OCEL1,brown,0.0429564516358925,0.79513015392748,0.496356025433604,-0.175432641820882,0.726958085739503,FALSE
OCRL,royalblue,-0.184264450409315,0.261462930670934,-0.584099791977495,0.480351376744323,0.624135034175472,FALSE
ODC1,green,0.134915132220985,0.412851472575931,0.638599961550697,-0.395049216510105,0.638599961550697,FALSE
ODR4,blue,-0.386298858551861,0.0151374910008091,-0.188771945014532,0.392168580808396,0.630830773467258,FALSE
OFD1,blue,-0.295429331701902,0.0678615154821703,-0.425831581969444,0.367490432893262,0.559738844306841,FALSE
OGA,blue,-0.154072615422572,0.349022864696439,-0.434360496924203,0.516375870464398,0.615410994057729,FALSE
OGDH,brown,0.104797241086834,0.525482238843833,0.786374059073385,-0.425077459333597,0.844055938743284,FALSE
OGDHL,turquoise,0.16754076440969,0.307975653732731,0.520626319531281,-0.256866799310658,0.744298107255191,FALSE
OGFOD1,blue,0.00631367023136326,0.969570993417264,-0.119050382159375,0.212134020171407,0.626834009000467,FALSE
OGFOD2,turquoise,0.332419499692707,0.0386751597383043,0.536517290990018,-0.456301636783902,0.714921483485676,FALSE
OGFOD3,turquoise,0.273863346547324,0.09159241232024,0.480432277834769,-0.394249859438095,0.662116382753141,FALSE
OGFR,turquoise,0.153254433592193,0.351619108397708,0.611711480107672,-0.425309207088033,0.759713995004438,FALSE
OGG1,blue,-0.40999504491743,0.00953679637502136,-0.537441648580663,0.372848054397994,0.544942220202523,FALSE
OGT,yellow,-0.121979564394872,0.459453574702575,-0.465743299388283,0.42513456778497,0.671463737692801,FALSE
OLA1,blue,-0.10958741988453,0.506618981502613,-0.112247726172878,0.156235922163898,0.600217395992874,FALSE
OLFM1,black,-0.0238882753996013,0.885224905894996,-0.101477669439575,-0.155793088124534,0.487928869406172,FALSE
OLFML1,tan,0.0552116231606911,0.738505468921327,-0.242849887478227,0.107442058793618,0.762069714862481,FALSE
OLFML2A,black,-0.231591667265944,0.156014493018356,-0.548252573133708,0.125298670413768,0.634550555876473,FALSE
OLFML3,tan,-0.0423986494655801,0.797734696940529,-0.268794954847536,0.0409055909658961,0.855287995038009,FALSE
ONECUT1,grey,0.039290737997952,0.812285262258857,-0.155078608144895,-0.0415179343982676,,FALSE
ONECUT2,yellow,-0.157630207106649,0.337870233158048,-0.294741612050742,0.459607564960574,0.41335837420623,FALSE
OPA1,blue,-0.277435272535564,0.0872729728938665,-0.385823760829905,0.364618902221436,0.774859827195056,FALSE
OPHN1,grey,-0.169123622615133,0.303361597217934,-0.114334560113123,-0.182754815150049,,FALSE
OPLAH,turquoise,0.132403754630719,0.421682560821785,0.297859416558885,0.00655957307841398,0.724114694044416,FALSE
OPN3,blue,-0.372743168120573,0.0194409389248064,-0.566837649403753,0.647333268330248,0.753827339698638,FALSE
OPRD1,turquoise,0.403342756621628,0.0108929889289153,0.189774480187242,-0.231825780670927,0.483560122680333,FALSE
OPRL1,turquoise,0.0874065314250434,0.596730194211023,0.374684553233813,-0.342821260528136,0.695323880952178,FALSE
OPRPN,blue,0.0850804169450286,0.606570182996319,0.0237616032791615,-0.0122661378611366,0.284599591359648,FALSE
OPTN,green,0.138027181617769,0.402055341146786,0.612818509611659,-0.50980864345825,0.612818509611659,FALSE
OR10H3,yellow,-0.0255210774941353,0.877437392584355,-0.357743807813828,0.0737228406524921,0.531780126057721,FALSE
OR1F2P,grey,0.0881061888724289,0.593784176132082,-0.253351317106844,-0.123034954698861,,FALSE
OR2C1,blue,0.139380132613005,0.397412898106552,0.0283770595875869,0.116013515114071,0.284155275202145,FALSE
ORAI2,turquoise,0.349023836540382,0.0294256983385763,0.28691330498329,-0.299921762946461,0.537951739394583,FALSE
ORAI3,grey,-0.297356611200917,0.0660027404792299,-0.339547434815248,0.416557349451755,,FALSE
ORC3,blue,-0.429241090289646,0.00639510847682391,-0.326981029183673,0.601968335795057,0.664466510094462,FALSE
ORC4,blue,-0.281190247486649,0.08290385625147,-0.45588329325853,0.614531687715051,0.755587747558655,FALSE
ORC5,blue,-0.145368801916749,0.377239077317502,0.00338138018223374,0.404259646426834,0.488380980572093,FALSE
ORM1,red,-0.247526093162559,0.128697147453655,-0.0804133525172565,0.0531302395925745,0.400763244915747,FALSE
ORMDL2,blue,-0.102989665555932,0.532688684429239,0.225112732118644,-0.0486066269969339,0.44515635137366,FALSE
OS9,brown,-0.0346053514436317,0.834337694272379,0.567983165928082,-0.2846423113661,0.701160146403693,FALSE
OSBP,blue,0.145433302182348,0.377025149548465,0.480875464193355,-0.147006425593759,0.26745913276459,FALSE
OSBP2,grey,0.169026127598196,0.303644516856238,-0.0397579050720725,0.125080611746282,,FALSE
OSBPL10,lightgreen,-0.104897501095557,0.525083926551915,-0.360556024667069,0.00404470016448415,0.653743308509138,FALSE
OSBPL11,blue,-0.142140904911345,0.3880364540541,-0.141073854620667,0.270830650098047,0.767256817847306,FALSE
OSBPL1A,blue,-0.0476721515574662,0.773201207213857,-0.216100866044907,0.398848124013797,0.386920801844372,FALSE
OSBPL2,green,0.254100022064491,0.11853084668184,0.743726939111143,-0.477589460594251,0.743726939111143,FALSE
OSBPL7,turquoise,0.125347250937563,0.447056743276272,0.0144179802288563,-0.158856099912501,0.350796873754456,FALSE
OSBPL8,pink,-0.141231576284357,0.39111044283542,0.0848471229405688,0.0661626663970163,0.431095790537032,FALSE
OSBPL9,blue,-0.30825378315821,0.0562370708184752,-0.472113479433869,0.658956233114548,0.645471983845593,FALSE
OSER1,blue,-0.220230620735657,0.17791547338947,-0.413025161516569,0.411768620134775,0.7089679062249,FALSE
OSGEP,turquoise,0.185384027729673,0.258525268326211,0.554826418585616,-0.245376648280962,0.609600551820498,FALSE
OSGEPL1,brown,-0.231199079848366,0.156736933846066,0.0272804641039079,0.0815694478902257,0.32039391924593,FALSE
OSGIN1,turquoise,0.157159340462427,0.339333602348083,0.282221986085449,-0.134008612116471,0.663798067650066,FALSE
OSTF1,brown,0.109368622171796,0.507473080420539,0.400494040093377,-0.34565281149994,0.568691677621035,FALSE
OTC,blue,-0.134901023363199,0.412900789982836,-0.30613368881474,0.568547719319143,0.652940684885292,FALSE
OTUB1,turquoise,0.0541167856125748,0.743514010297082,0.359183472597857,-0.56464877017963,0.418215138325987,FALSE
OTUD3,red,-0.0943320458347429,0.567855329795466,-0.156205234645766,-0.0756834074506707,0.521408527925521,FALSE
OTUD4,blue,-0.141433017757936,0.390428249687379,-0.284583099817867,0.599512874036389,0.558935508889364,FALSE
OVGP1,blue,-0.270210464520619,0.0961782242934325,-0.423676176930001,0.443412530327463,0.525279455540828,FALSE
OVOL2,purple,-0.0515246466041968,0.755413463224595,-0.0989544803738658,-0.150074469828018,0.533990750673073,FALSE
OXA1L,pink,0.0746178897619169,0.651659701658799,0.0171118868624693,0.1590599070039,0.575189800679162,FALSE
OXCT1,black,-0.219498622413618,0.179398146283809,-0.274535563090982,-0.0219527511870998,0.743629989927266,FALSE
OXLD1,turquoise,0.2879395796708,0.075479861973677,0.359757938402451,-0.34966430333658,0.733312132484143,FALSE
OXSM,blue,-0.0871201411538071,0.597937922586802,-0.162262618005132,0.444609856784522,0.795614387153652,FALSE
OXSR1,blue,-0.230770028512175,0.157529253420312,-0.124212594728777,0.179811559722405,0.630630154420802,FALSE
OXT,brown,0.0855648456281008,0.604515213077959,0.549488976628487,-0.370383338139282,0.457964144607104,FALSE
OXTR,red,-0.207643039675134,0.204648447788386,-0.32921963714442,0.207967082328657,0.306995820457018,FALSE
P2RX1,grey,0.207440207403594,0.205100948119344,0.0549356532696588,-0.318480209919049,,FALSE
P2RX2,turquoise,0.0952650804169787,0.564014769003654,0.286862582129638,-0.48377077001436,0.356859023337913,FALSE
P2RX4,brown,0.300135797501937,0.0633934162206249,0.431399343942241,-0.379710497564412,0.453421141500767,FALSE
P2RX6,purple,-0.174378435990452,0.288361345102287,-0.262807231934118,0.0369453890119145,0.594989806151579,FALSE
P2RY13,lightgreen,-0.179051123403286,0.275432753278398,-0.31353184858593,0.22334370300864,0.749856050039808,FALSE
P2RY2,grey,0.354102921745879,0.0269919280114309,0.414353970236031,-0.290747461102282,,FALSE
P2RY4,yellow,-0.0885474276809867,0.591929558352422,-0.376802300796757,0.273221654520299,0.190476062613294,FALSE
P2RY6,grey,0.114044815267821,0.489378156880245,-0.134032009106844,-0.0660945663915999,,FALSE
P3H1,brown,0.0412793526434239,0.80296751503992,0.440180838622977,-0.473009338234897,0.578493479783584,FALSE
P3H2,blue,-0.277732046351763,0.0869213084510599,-0.240321754747687,0.0910298743600645,0.265927841844672,FALSE
P3H4,grey,0.113440958319127,0.491695939196848,0.306198993618825,-0.303707232172157,,FALSE
P4HA1,magenta,-0.373950247928888,0.0190202326035385,-0.694342533298336,0.58137539631576,0.58137539631576,FALSE
P4HA2,brown,0.00680193613601168,0.967218999163822,0.41224494941508,-0.110091160522881,0.373970102887114,FALSE
P4HB,brown,0.261941143024461,0.107208549329132,0.846596911911958,-0.530318618329399,0.891568326025602,FALSE
P4HTM,turquoise,-0.0180773032537863,0.913021248405296,0.347788826862129,-0.196983862929441,0.434286395327318,FALSE
PA2G4,brown,0.12332218786861,0.454489241419176,0.628998976141121,-0.30697195593957,0.668614573649429,FALSE
PAAF1,blue,-0.201297773564792,0.219135722515569,-0.268065922231775,0.525818005873199,0.594867129569409,FALSE
PABPC1,brown,0.159954325473201,0.330704355784953,0.245398195903511,-0.00849533129966383,0.667839497835854,FALSE
PABPC3,turquoise,0.144833706704644,0.379016590577526,0.255524759912246,0.0370876032617765,0.600215130788934,FALSE
PABPC4,brown,0.16085538605761,0.327951704120494,0.363684385267874,0.0414445619369931,0.757499152352462,FALSE
PACC1,purple,0.103437349206618,0.530899401514874,0.190492126571293,-0.192417555149796,0.444746620154535,FALSE
PACRG,grey,-0.0942022509346941,0.568390541255608,-0.316626170948126,0.294527064926921,,FALSE
PACS1,tan,0.0213901179384031,0.897160016546637,0.0579324324741061,-0.158600566536127,0.496121121068611,FALSE
PACS2,turquoise,0.442425226794115,0.00479913627332825,0.617982169785996,-0.522719638089431,0.905962181340212,FALSE
PACSIN2,green,0.250623787906622,0.123828680029056,0.73400302836729,-0.567897099046962,0.73400302836729,FALSE
PACSIN3,darkred,-0.0795185927052926,0.630374530623331,-0.0909319274890043,0.225804922242914,0.760160165634489,FALSE
PADI2,red,-0.0553958825802228,0.737663578032702,-0.35482246990479,0.116142168049862,0.637093273944391,FALSE
PADI3,purple,0.0504882820831926,0.760186777125072,-0.192267323775782,-0.115738705624641,0.467098936695909,FALSE
PAF1,turquoise,0.310702738182277,0.0542097522341215,0.721574293755251,-0.628217045816044,0.774515286241905,FALSE
PAFAH1B1,grey,0.106943981410811,0.516986199040019,0.195053509994726,0.11840300763208,,FALSE
PAFAH1B3,brown,-0.0186133156070674,0.910452490285148,0.147780053279945,-0.409925382778527,0.276106088202125,FALSE
PAFAH2,brown,0.0568483900510272,0.731037628937108,0.35036861566918,0.0861187419941765,0.286433780343336,FALSE
PAGR1,turquoise,0.272264951224416,0.0935778467046932,0.519293843442795,-0.601321032021227,0.273121976001292,FALSE
PAH,magenta,-0.160798306321358,0.3281256530483,-0.517828174560647,0.82989281193614,0.82989281193614,FALSE
PAICS,blue,-0.245602208947142,0.131791748105495,-0.165645798612243,0.49349216133545,0.801895319984365,FALSE
PAIP1,pink,0.0780918899422276,0.636541803821732,0.363616054046147,0.149137934855529,0.803061345170166,FALSE
PAIP2B,magenta,-0.464861016289472,0.00286752835397056,-0.615714383478536,0.760087372939411,0.760087372939411,FALSE
PAK2,blue,-0.0867804728604541,0.599371706284186,-0.0608654665151207,0.236517955961003,0.655738699899141,FALSE
PAK4,black,0.0119026475480048,0.942668721963523,-0.244930656462999,-0.100879533550255,0.354292587776159,FALSE
PALLD,tan,0.0949667072816387,0.565241628347893,-0.387372931587668,0.196394379195224,0.857574439107227,FALSE
PALM,salmon,0.0667663414780648,0.686329665665978,0.033457205403187,-0.323100156374358,0.435745978111763,FALSE
PALM2AKAP2,blue,0.0118716505640773,0.942817778932394,-0.212701929385775,0.374693330693093,0.406029815827385,FALSE
PALMD,blue,-0.122706309005538,0.456762839037528,-0.337177138471185,0.234972698802426,0.589328064966375,FALSE
PAM,tan,-0.0602878993532451,0.715424799675307,-0.397629859672574,0.113281007017695,0.856376339438592,FALSE
PAMR1,tan,0.222581194195592,0.173213524827426,-0.0991902429436908,-0.0894029719004969,0.531379392748885,FALSE
PAN2,turquoise,0.0888566074631543,0.590631533405988,0.261257294287708,0.0682918595973192,0.445212914891118,FALSE
PANK2,blue,0.170731381956364,0.298720294076576,-0.0380039077892666,0.151239548444909,0.325161395552842,FALSE
PANK3,blue,-0.111970036274077,0.497365326741691,-0.354862549077479,0.499822553774858,0.774038537442206,FALSE
PANK4,turquoise,0.272232120407323,0.0936189713233948,0.605504655892575,-0.352535975219964,0.73130932445345,FALSE
PAOX,turquoise,0.260803674401129,0.10879801982385,0.449826856069652,-0.39876703863663,0.699501230435338,FALSE
PAPOLA,blue,-0.113312606630287,0.492189318010122,-0.184910310909137,0.454778235232967,0.680539180759529,FALSE
PAPSS1,tan,-0.258421132788036,0.112185164869778,-0.0382908822368894,-0.131873446204387,0.58049087925699,FALSE
PAPSS2,blue,-0.25208977679909,0.121573297933784,-0.399391360233448,0.674984595494896,0.68239132707942,FALSE
PAQR4,grey,0.209915241584424,0.19962690123276,-0.0153608301927346,-0.246877787166606,,FALSE
PAQR6,turquoise,0.178144603608543,0.277910803224421,0.281309140965947,-0.457478997874576,0.483896880341215,FALSE
PARD3,grey,-0.0386665159483444,0.815215411773199,-0.296877308351413,0.219325110668039,,FALSE
PARD6A,turquoise,0.285051416638617,0.0785903396489612,0.168246335658498,-0.465693426472794,0.235543767230495,FALSE
PARK7,pink,0.138208629542273,0.401430926105009,0.349322975696832,0.0222778868400627,0.503321025339382,FALSE
PARL,turquoise,0.341532728258151,0.033343100511822,0.56386540137586,-0.270699332486869,0.574680681158906,FALSE
PARM1,black,-0.0755517470438749,0.647581975415729,-0.316380559562536,-0.0264889186732868,0.78648024576913,FALSE
PARN,yellow,-0.30591762925398,0.0582269667069227,-0.142684432338725,-0.0158511354103093,0.44067083797407,FALSE
PARP1,blue,0.0362172701489866,0.826735969559318,0.397894664211361,0.00522799232021256,0.381287075274665,FALSE
PARP12,turquoise,0.0866577734078262,0.599890003365643,0.574848543218395,-0.37169696419004,0.453836561585191,FALSE
PARP16,red,0.0304717345362324,0.853898000611727,0.0926831119533713,-0.0775672883849464,0.380031703612987,FALSE
PARP2,blue,-0.182517613643754,0.26609048800487,-0.369015832682039,0.391313577779529,0.720187841686937,FALSE
PARP3,turquoise,0.0829250542005708,0.615749379599198,0.49978225315762,-0.304235801115046,0.627140498002445,FALSE
PARP4,blue,-0.142915983249458,0.385427476481189,-0.26471493891176,0.414945053326577,0.654156990576057,FALSE
PARP6,turquoise,0.274677219747155,0.0905940171906658,0.383119121249414,-0.356837936916059,0.366133977925855,FALSE
PARP8,black,-0.0111333948266551,0.946368427730847,-0.280455872389826,0.0479365108911725,0.437145436503766,FALSE
PARVA,blue,-0.0458585037696461,0.781615510575891,-0.308479859555954,0.239305811630955,0.620969114810598,FALSE
PARVB,grey,-0.0786197740918288,0.634257050451284,0.0216248936462571,-0.105033689509979,,FALSE
PASK,red,-0.126594504480677,0.442512205577079,-0.302063830469096,0.055432483042987,0.480283215033618,FALSE
PATZ1,grey,0.24223113248994,0.137346957330124,0.193748638064153,-0.172615324928709,,FALSE
PAWR,grey,-0.0468579106537857,0.776975727605555,-0.255594508478905,0.297785831127955,,FALSE
PAX2,lightcyan,-0.091154524782332,0.581023838660112,-0.170415552392979,-0.19823764618114,0.432472532100941,FALSE
PAX5,lightcyan,-0.143613469950335,0.383088487866795,-0.19369860293273,0.139115289312105,0.421633421439522,FALSE
PAX8,red,0.0336548293006318,0.838827321131396,-0.196097791482355,-0.0984014647709508,0.465874057655337,FALSE
PAXBP1,yellow,-0.228400448275662,0.16195756376849,-0.45286080681902,0.443007273996778,0.751533247739557,FALSE
PBLD,blue,-0.374185489143733,0.0189391382756773,-0.528474478963811,0.646253102298175,0.70878419710485,FALSE
PBRM1,turquoise,0.054638597501709,0.74112557085875,0.30107890246763,-0.0484149265447606,0.535321012953794,FALSE
PBX1,black,-0.17565993339493,0.284777256372787,-0.346975017282118,0.0926919630618535,0.608266018825997,FALSE
PBX3,brown,-0.0345935147939876,0.834393571120346,0.136788992705358,-0.171005478397343,0.294129323535079,FALSE
PBXIP1,grey,-0.0520950613586523,0.752790034945509,-0.00889905070695283,-0.031472814158381,,FALSE
PC,turquoise,0.153239060086168,0.351668003374161,0.254315587346188,-0.0526742752496317,0.644382695071873,FALSE
PCBD1,cyan,-0.102885215649787,0.533106565879555,0.0706542299439321,0.377673741998706,0.632080702598319,FALSE
PCBP1,brown,0.360665012915313,0.0240964606914105,0.696635547672143,-0.328832788878614,0.789433513375578,FALSE
PCBP3,grey,-0.143258818625987,0.38427675061954,0.0337687612772177,-0.174769564209453,,FALSE
PCBP4,midnightblue,0.288142222382869,0.0752652914147363,0.204635122661878,-0.482043309982468,0.71248909828702,FALSE
PCCA,blue,-0.198259133153289,0.226317569834844,-0.100484955113877,0.533920057742285,0.586705286724418,FALSE
PCCB,pink,0.141218800283481,0.391153732886991,0.364928309714845,0.167150804349596,0.723963263670173,FALSE
PCDH1,turquoise,0.292385662153716,0.0708807892258603,0.57425879280893,-0.326184008277085,0.780085947898171,FALSE
PCDH12,lightgreen,0.0136726589461443,0.93416051515388,-0.247746170113843,-0.0834330459424525,0.438066868190322,FALSE
PCDH17,black,-0.172886354723932,0.292570969890559,-0.111511634459211,-0.186647051500822,0.51705370795664,FALSE
PCDH7,blue,-0.120743768307125,0.464048522673236,-0.246083394356695,0.139285369385779,0.49172793768633,FALSE
PCDH9,salmon,0.0678269358870243,0.68160732247402,0.0836383109884402,-0.331617022162802,0.69473102437806,FALSE
PCDHA10,turquoise,0.0287751030684076,0.861952159346894,0.35403773902333,-0.290181727076039,0.57804431094946,FALSE
PCDHA3,red,-0.116185597316987,0.48120686163721,-0.268744783392563,0.0578175430180751,0.316049578493686,FALSE
PCDHA5,greenyellow,0.151574454141762,0.356986640318514,0.11222766641119,-0.189180816211546,0.332619274759074,FALSE
PCDHB11,salmon,0.0303503869438176,0.854473580872158,0.0200237320096586,-0.0482581443069795,0.558150333247097,FALSE
PCDHB13,brown,0.101668872818202,0.537984561224561,0.395382367255588,-0.487317141063408,0.267311813230336,FALSE
PCGF1,turquoise,0.312883186968378,0.0524543026123129,0.351565100277975,-0.276643860142533,0.375919802460239,FALSE
PCGF2,midnightblue,0.40297950476609,0.010971548032666,0.323616603657995,-0.368832125264953,0.689515081240473,FALSE
PCGF3,tan,0.121032878258234,0.462971358852352,-0.0034130691413041,-0.119748901821174,0.407600761285353,FALSE
PCID2,royalblue,-0.0462638846419684,0.779732606725329,-0.278440110117279,0.281809975746786,0.48679388368027,FALSE
PCIF1,turquoise,0.137631510430578,0.403418896183726,0.411789409655568,-0.400084335626987,0.519160094601026,FALSE
PCK1,magenta,0.0652478202058027,0.693111399868379,-0.316169907704561,0.540797707676994,0.540797707676994,FALSE
PCK2,turquoise,-0.0510166445747083,0.757752125375342,0.325531359463404,0.0952034296612748,0.610639890003513,FALSE
PCM1,blue,-0.0996837666187681,0.545991432495431,-0.20195697555965,0.365132685428662,0.655254735182988,FALSE
PCMT1,blue,-0.125740895677302,0.445619703441563,-0.0140783251430872,0.328282197289619,0.706379723675833,FALSE
PCMTD2,blue,-0.191334769162428,0.243279989420715,-0.407157189364361,0.466263265435278,0.821738914153516,FALSE
PCNA,brown,0.141624400789385,0.389780762720986,0.530091940569915,-0.280178271608611,0.488570681389172,FALSE
PCNP,blue,-0.156760047649387,0.340577582002834,-0.370249117336555,0.377781047589302,0.727713474305037,FALSE
PCNT,yellow,0.157751420652282,0.337494153202091,0.0331004300055353,-0.123485995376057,0.349795992989487,FALSE
PCNX1,blue,-0.465637770736467,0.00281510869436348,-0.194453295214511,0.233714668954596,0.338297740603415,FALSE
PCNX2,midnightblue,0.0514226045829047,0.75588305698224,-0.0375754135584147,-0.35311693172422,0.688344902446705,FALSE
PCOLCE,brown,0.122190941033772,0.458670086765959,0.120777373130015,0.0461786076403657,0.408469213642214,FALSE
PCOLCE2,magenta,-0.286149880139016,0.0773957494437826,-0.172418586842753,0.481215037340105,0.481215037340105,FALSE
PCOTH,red,-0.0625400991532509,0.705262513609416,-0.182739994143075,-0.0789545273687798,0.585263535782486,FALSE
PCSK1N,turquoise,0.216675364053995,0.18519916040652,-0.0417902891320702,-0.0860525026552013,0.365050013538269,FALSE
PCSK6,turquoise,0.116918281862347,0.478426681989491,0.580283293848172,-0.184397790837384,0.514048326421535,FALSE
PCSK7,turquoise,0.265690444657397,0.102094073929213,0.306001200906571,-0.315075534372309,0.221120932162172,FALSE
PCTP,darkgreen,-0.132993806010129,0.41959819750351,0.112124188055239,0.250460225031604,0.651416778663453,FALSE
PCYOX1,cyan,-0.0214085045949023,0.897072088286173,0.316862803338129,0.0334067748183281,0.765493957707432,FALSE
PCYOX1L,black,-0.00585815911316382,0.971765435920703,-0.283106846767808,-0.0381126361619045,0.573265920840107,FALSE
PCYT1A,red,-0.131841045676614,0.423675748513297,-0.260173576536714,0.155870511621483,0.733583529861715,FALSE
PCYT2,darkred,0.107548712602284,0.514605265927652,0.280172996418438,-0.126541856030269,0.662500279956523,FALSE
PDAP1,turquoise,0.234312861330646,0.151073408725291,0.497716611590618,-0.0977113137408949,0.706473337346518,FALSE
PDCD1,turquoise,0.101610606483234,0.538218769247166,0.295626009963011,-0.192588413620075,0.756052340585866,FALSE
PDCD10,blue,-0.0962259944910074,0.560072034797196,-0.135497187021336,0.265884740350068,0.669126872185123,FALSE
PDCD11,turquoise,0.0669187246573315,0.685650445015825,0.429150611704606,-0.34884083656793,0.657629535022177,FALSE
PDCD2,purple,0.129296823611561,0.432753402372996,-0.272543610106254,0.0679217900445656,0.580950781308213,FALSE
PDCD4,blue,0.0120659770287635,0.941883342064077,0.0483539036190129,-0.0528404692998444,0.455223918067032,FALSE
PDCD5,turquoise,0.161726698043717,0.32530352872699,0.614440480760079,-0.373467267536689,0.787907946791586,FALSE
PDCD6IP,brown,0.0250346494355694,0.879756215078776,0.309800015436098,0.122314979698228,0.696762054412587,FALSE
PDCL,blue,-0.0859341027131646,0.60295082159338,0.0486339323061084,0.00307493807739982,0.398546682186874,FALSE
PDE11A,grey,0.148725320178685,0.366201995511741,0.243724222034081,-0.150408610191452,,FALSE
PDE1B,grey60,-0.0376651496562809,0.819921071643411,-0.119362012649666,-0.0600667093705107,0.647947818434925,FALSE
PDE2A,salmon,-0.0276708669296519,0.867201585701074,0.043143386934554,-0.144332387239131,0.476229112192463,FALSE
PDE3A,black,-0.0840815660958577,0.610816774895449,-0.0029488778203919,-0.256816725887304,0.606315164138252,FALSE
PDE3B,yellow,-0.404758134703396,0.0105914445314141,-0.48707504529359,0.44036619155503,0.375443000921753,FALSE
PDE4A,grey,0.0355489935711721,0.829885679567076,0.230903107469671,-0.436360868308134,,FALSE
PDE4D,black,-0.18462105806135,0.260524835855926,-0.429251342924909,0.0474145702209915,0.47203958064282,FALSE
PDE4DIP,grey,-0.0298057230833274,0.857057960717562,0.083588788190827,0.275972387614939,,FALSE
PDE6D,brown,0.055493101341856,0.737219501948806,0.403776145053509,-0.31734602852037,0.529178210439063,FALSE
PDE6G,blue,-0.0303742783072978,0.854360252617797,-0.237816192333148,0.0900399171863041,0.259309984572163,FALSE
PDE7B,darkred,-0.181576224868248,0.268606602146293,-0.284715786001341,0.297370430009429,0.410751019352719,FALSE
PDE8A,blue,-0.243589786824057,0.135087567223215,-0.373050142042888,0.576575328287885,0.653334508790018,FALSE
PDE8B,blue,-0.0374537515607774,0.82091528295917,-0.101769649556534,0.0816781346192818,0.269737643255456,FALSE
PDE9A,grey,0.201539321854706,0.218571633046446,0.0305671002044614,-0.173357450532016,,FALSE
PDGFA,blue,0.195735104743353,0.23240425925966,0.268215619860108,-0.326594596364859,0.266629541004243,FALSE
PDGFB,grey,0.126551720578992,0.442667673636258,0.158957175706417,-0.250609917213511,,FALSE
PDGFC,yellow,-0.0991320190906653,0.54822690532606,-0.457476156104827,0.452703823091924,0.60656609600607,FALSE
PDGFD,tan,-0.109818903320463,0.505716152064906,-0.43913169334326,0.10951325497789,0.827434339336027,FALSE
PDGFRA,tan,-0.137037968582363,0.405469321079999,-0.359483739539651,0.101405322173071,0.81042357761832,FALSE
PDGFRB,salmon,0.212848099684734,0.193273758014958,0.373887427114554,-0.531499411646316,0.787831036160281,FALSE
PDHA1,green,0.0724254263139657,0.661272351963415,0.695817331485791,-0.209442605836829,0.695817331485791,FALSE
PDHB,blue,-0.172653954894689,0.293230184637138,-0.0432347702502352,0.162913980581522,0.746317134272302,FALSE
PDHX,blue,-0.103585476627812,0.53030801664373,0.158314959258409,0.279063928103214,0.559414145033699,FALSE
PDIA4,brown,0.266327524862236,0.101243850260144,0.822764249092579,-0.58714558675365,0.849696280765724,FALSE
PDIA5,turquoise,-0.023708357510615,0.88608367328316,0.0983101591644097,0.177612974529014,0.421901618051485,FALSE
PDIA6,brown,0.145925371504996,0.375395467258378,0.629794082847631,-0.221816381157064,0.700585366973867,FALSE
PDK1,red,0.0149681845388651,0.927937612007102,0.115920052145088,0.0390810102945195,0.483469797523157,FALSE
PDK2,brown,0.0749731445227881,0.6501072815573,0.314049795052175,0.00431627035486287,0.689778013301972,FALSE
PDK3,lightgreen,-0.0805333360665781,0.626003000474552,-0.408886871432858,0.292991791926256,0.639395313398411,FALSE
PDK4,pink,-0.0476057627856567,0.773508769843893,-0.138450313271369,0.300847868897847,0.327980585540298,FALSE
PDLIM1,pink,0.227109323618618,0.164408012588376,0.141427700185681,0.0302258860305306,0.381594440901366,FALSE
PDLIM2,turquoise,0.13922502844267,0.397943535696385,0.440537025439494,-0.202439797489072,0.7763869994452,FALSE
PDLIM3,midnightblue,0.291674184909663,0.0716015636948612,0.147070897888403,-0.400791940200223,0.753278479858266,FALSE
PDLIM4,turquoise,0.12969332894789,0.431331635486278,0.164356151077628,-0.243387216461466,0.423694014706249,FALSE
PDLIM5,yellow,-0.218861605990435,0.180695581082376,-0.61348709193837,0.595099462886626,0.846852395929258,FALSE
PDLIM7,turquoise,0.261307690748221,0.108091529324826,0.544155506369008,-0.430952954108642,0.7358646213529,FALSE
PDPK1,green,0.181748681175777,0.268144498451685,0.368868994837624,-0.536475909491967,0.368868994837624,FALSE
PDPR,yellow,-0.446441021290912,0.00438745586887425,-0.464630262113242,0.376228236501566,0.510588775454387,FALSE
PDS5A,blue,-0.136143810478986,0.408569487008031,-0.26808042097619,0.474712916592112,0.670101667493371,FALSE
PDS5B,red,-0.253980461924063,0.118710181062395,-0.477920441512931,0.320469496186719,0.760320570767644,FALSE
PDSS2,blue,-0.0252938394210943,0.878520521486829,0.188559045966425,0.150258092239157,0.305309593025392,FALSE
PDX1,turquoise,0.270210075442368,0.0961787219477078,0.0650903849329862,-0.219849070378986,0.276546113783564,FALSE
PDXDC1,turquoise,0.215284450747174,0.188105494677142,0.586998627244495,-0.246952444541655,0.585635909125085,FALSE
PDXP-DT,lightcyan,0.0408107023266469,0.805161031557667,0.145767418355729,-0.222436963575735,0.762775867114813,FALSE
PDZD8,blue,-0.0938051832713376,0.570029290645734,0.00992146100866585,0.164453708561911,0.525745449737876,FALSE
PDZK1IP1,black,-0.190727458565394,0.244807481518946,-0.125438740779078,-0.133043938661467,0.327239324672384,FALSE
PEA15,tan,-0.0954391696572044,0.563299512330429,-0.282156715269819,0.0877725675120165,0.819931130765958,FALSE
PEAK1,red,-0.0808874926857681,0.624480240328021,-0.186200127552161,-0.165077386347858,0.604805885187575,FALSE
PEBP1,brown,0.0331898739992409,0.841025299460312,0.479680640285599,-0.00666449779154314,0.777018380414727,FALSE
PECAM1,lightyellow,-0.100344219116826,0.543321239336344,-0.236251122615209,0.0669012398090154,0.787313319982568,FALSE
PECR,turquoise,0.150425415456338,0.360686150339049,0.146798181167902,0.232183812830118,0.422628996887984,FALSE
PEF1,brown,0.185714716593821,0.257661785769076,0.675366484135285,-0.208287998866446,0.851490289161307,FALSE
PEG10,grey,0.0204482999883649,0.901665554075882,0.364376842840688,-0.422142618551071,,FALSE
PELI2,yellow,-0.526466021272441,0.000575830813586769,-0.728913887909491,0.538555613818166,0.654582930741393,FALSE
PELP1,turquoise,-0.0390273414064212,0.813521362571508,0.102746064270204,-0.236332136309571,0.280890484718116,FALSE
PEMT,brown,0.170061885329659,0.300647453825155,0.651687376173828,-0.402042337319457,0.827786982972648,FALSE
PEPD,brown,0.145135195258467,0.378014479878119,0.673692352562227,-0.295820581997117,0.790104482925759,FALSE
PER1,turquoise,-0.0920450907282915,0.577319298843862,0.0332371633219069,-0.0672746869457108,0.305409953855339,FALSE
PER2,yellow,-0.104046747102386,0.528468494625184,-0.23956262512098,0.189732191117307,0.51607193094014,FALSE
PER3,grey,-0.030144017856901,0.855452608534455,-0.0340194577652545,0.046186688008987,,FALSE
PERP,brown,0.229770683521987,0.15938599462803,0.361515832861642,-0.0969066350662774,0.619473049905415,FALSE
PES1,turquoise,0.221857890470279,0.174650790958783,0.604166890550976,-0.384312872658194,0.778274021993935,FALSE
PEX1,blue,-0.425475667485872,0.00692754711267225,-0.228529279834886,0.365855052515754,0.494436740663059,FALSE
PEX10,brown,0.199116731909083,0.224274524710872,0.530186851008976,-0.251075490498229,0.741515410584773,FALSE
PEX11A,grey,0.0101301740117786,0.951195053495201,0.189383777937538,-0.213908092872491,,FALSE
PEX11B,blue,-0.237343709264106,0.145705737786571,-0.453238578763418,0.529506143573623,0.867228854313508,FALSE
PEX12,blue,-0.265982303534412,0.101703896215332,-0.313727059402428,0.369043971414996,0.673509836804714,FALSE
PEX13,brown,0.00683859637113167,0.967042416295823,0.465151725951341,-0.176999115327851,0.589971033728467,FALSE
PEX14,turquoise,0.0684797198700638,0.678706693994315,0.411577716184753,-0.150442400528474,0.598513569523376,FALSE
PEX16,turquoise,0.29454327376298,0.0687298117111985,0.627482568057682,-0.39922898632721,0.684142463457363,FALSE
PEX19,blue,-0.203793571881689,0.213355460563342,-0.204085509464946,0.436776427788735,0.588995460631884,FALSE
PEX2,blue,-0.281467394516587,0.0825882420075531,-0.37753743844521,0.589564714378867,0.804167359101984,FALSE
PEX26,purple,-0.180214020385654,0.272275106334007,0.0106651960047981,0.00621217072340634,0.326147138044045,FALSE
PEX3,blue,-0.0305794406874488,0.853387187370716,0.0837876601053803,0.287998792617549,0.69028728664977,FALSE
PEX5,brown,-0.117220126664711,0.477283781156664,0.259991042225108,0.105702383783234,0.381392698586286,FALSE
PEX6,turquoise,0.296016566452581,0.0672908341579187,0.437655032689632,-0.158083755720567,0.6093587496199,FALSE
PEX7,red,0.0156347188801705,0.924737615949716,0.0352621924663508,-0.0718940505836156,0.44081110223302,FALSE
PF4,black,0.285971509859391,0.0775887584837899,-0.0391632322390997,-0.0142670453843181,0.221641043518104,FALSE
PFAS,blue,0.165926461070367,0.312726975445131,0.23101612176433,0.0303541582683158,0.319039374792209,FALSE
PFDN1,blue,-0.0144374709473034,0.930486341617604,-0.170674656630953,0.0239511334265563,0.427515789576999,FALSE
PFDN2,brown,0.324981358086588,0.0435246859871894,0.723606159813009,-0.475002711041007,0.703731548063209,FALSE
PFDN4,brown,0.137523586450362,0.403791282287993,0.317587586205145,-0.193781072824524,0.417641060961219,FALSE
PFDN5,yellow,-0.120692680035664,0.464239005980531,-0.458113054389166,0.420921663253925,0.557485842232387,FALSE
PFDN6,turquoise,0.153659862389931,0.350331144662576,0.517447642561691,-0.324108756116133,0.672442939586998,FALSE
PFKFB1,yellow,-0.499670386416497,0.00120101691874723,-0.446946502164176,0.492309635183154,0.598369981822162,FALSE
PFKFB2,red,0.153018095348485,0.352371231211902,0.209340527124832,-0.165859173984414,0.531542590344405,FALSE
PFKFB3,yellow,-0.416646201044414,0.00832779587432831,-0.552244026704629,0.522482722560719,0.471424713591685,FALSE
PFKFB4,turquoise,0.187037848597654,0.254226077933507,0.440723377672224,-0.348351708083064,0.32360490311899,FALSE
PFKL,turquoise,0.291235536662437,0.0720488048191744,0.71840765636841,-0.501354687598135,0.900809310933663,FALSE
PFKM,blue,-0.26470305712842,0.103422554993407,-0.280122851899717,0.0309188013612247,0.359200614971237,FALSE
PFKP,salmon,0.434267909094067,0.00573955372381553,0.279564065333005,-0.537333347959348,0.633555354156956,FALSE
PFN1,brown,0.31473874140439,0.0509965684079359,0.687186145857038,-0.450783466502296,0.809801316028798,FALSE
PFN2,blue,-0.312803788915618,0.0525174154324126,-0.388300257954578,0.388036832811433,0.650021053149712,FALSE
PGAM2,turquoise,-0.102935793963843,0.532904193152951,0.145353245935395,-0.218485139604824,0.336093601147645,FALSE
PGAP2,brown,0.208650944952269,0.202410226642406,0.306883383130665,-0.094347490266094,0.619496970398816,FALSE
PGAP3,turquoise,0.262492974528245,0.106443815849005,0.570091707454688,-0.302729212372887,0.681847276747427,FALSE
PGAP4,red,-0.131249424627119,0.425777033825351,-0.39078981986034,0.147428469862425,0.678590289205551,FALSE
PGAP6,brown,0.170933221989673,0.298140848166919,0.666638826957963,-0.323110291973222,0.810964435967709,FALSE
PGBD5,grey,0.0142987996619275,0.93115241829094,0.00435033364953922,0.130156566416874,,FALSE
PGCKA1,pink,0.181875255215132,0.267805671569971,0.161110920049993,0.052655834140191,0.558437269193925,FALSE
PGD,green,0.10422866194661,0.527743885631248,0.565224240819391,-0.113277343176615,0.565224240819391,FALSE
PGF,turquoise,-0.151397231143543,0.357555737725007,0.0218314998016617,0.17871958503923,0.249426018782684,FALSE
PGGHG,turquoise,0.370940510213471,0.0200837136868137,0.244220450353962,-0.287282233049374,0.354960702273958,FALSE
PGK1,blue,-0.0586286240275915,0.722942888529878,0.00276401311198723,0.351505069699492,0.680687679833006,FALSE
PGLS,turquoise,0.0739617589637594,0.6545307189206,0.35587349078764,-0.183219347959565,0.543180929010792,FALSE
PGLYRP1,turquoise,0.250914540898809,0.123378894708882,0.293041465104859,-0.269936203852542,0.584356559950443,FALSE
PGM1,magenta,-0.0642359640810592,0.697643525849889,-0.0500614509895463,0.451622830982234,0.451622830982234,FALSE
PGM3,blue,-0.172884554481071,0.292576072707439,-0.150812781058724,0.147503450599124,0.641756292790192,FALSE
PGM5,brown,0.298129507404592,0.0652687132629321,0.17474401024595,-0.142957301939264,0.420489318079304,FALSE
PGRMC1,pink,0.110937649314549,0.501364303693085,0.13602746903285,0.226210059280968,0.793751094962379,FALSE
PGRMC2,grey,-0.0735203539494548,0.656464928639011,0.0837277015760261,0.113556798529782,,FALSE
PGS1,turquoise,0.116084653658887,0.481590553231255,0.273813494544579,-0.470978627136876,0.52668789761258,FALSE
PHACTR2,lightyellow,0.118976602530081,0.470661604042323,0.169659685008307,-0.0902459445747609,0.551390957059672,FALSE
PHACTR4,blue,-0.232199630320961,0.154900501642505,-0.250694783363908,0.528548036780601,0.538749959882691,FALSE
PHB1,brown,0.189082557777928,0.248977050649854,0.544784098457107,-0.243987440982414,0.875504379399872,FALSE
PHB2,brown,0.156180496180119,0.342388125610625,0.549108993240593,-0.142311633665977,0.817268682468029,FALSE
PHC1,black,-0.203622207303376,0.213748933186858,-0.169515569718537,-0.129964241745833,0.653669714322868,FALSE
PHC2,turquoise,0.453813047656621,0.00371104631293725,0.379751440488093,-0.267569758571057,0.606393751248689,FALSE
PHC3,yellow,-0.452035857622118,0.00386519524963727,-0.570654513005065,0.361758574365901,0.40034393959584,FALSE
PHF1,yellow,-0.0750847973617944,0.649619672404923,-0.287558922436994,0.0826602045965122,0.450642544486598,FALSE
PHF10,turquoise,0.0848506005879235,0.607546120959286,0.0984527327676887,0.246496602011495,0.371217781384727,FALSE
PHF11,blue,-0.22140744342338,0.175550169183887,-0.403446747677166,0.404290293317395,0.726732445062334,FALSE
PHF2,grey,0.158972383961427,0.333720358877042,0.015510478922643,-0.094769216313985,,FALSE
PHF20,red,-0.0856631385004526,0.604098615779766,-0.0602430147939428,-0.0214612187954156,0.516605671418941,FALSE
PHF21A,midnightblue,0.0265834309093316,0.872376640643667,0.320263601754886,-0.49167341652008,0.742687001785397,FALSE
PHF3,magenta,-0.395235516504444,0.0127648209277422,-0.596385528161074,0.646031053430948,0.646031053430948,FALSE
PHF7,black,-0.160597935046688,0.328736733175602,-0.224713100441532,0.100329611034071,0.354958857404213,FALSE
PHF8,yellow,-0.174288817537557,0.2886130756696,-0.629375588657748,0.551957922265251,0.505244605300605,FALSE
PHGDH,turquoise,0.167685429802883,0.307552113237265,0.293301197706827,-0.0345860208302193,0.552559925050528,FALSE
PHIP,yellow,-0.335115747748283,0.0370298930931585,-0.631928861286425,0.449207343333035,0.847639108804142,FALSE
PHKA1,blue,-0.0918538846869603,0.578113770107232,0.0454187963788904,0.0603625701110518,0.416439135982463,FALSE
PHKA2,turquoise,0.081751803920186,0.620770437841752,0.379654491837508,-0.206004890172741,0.613231123706309,FALSE
PHKB,blue,-0.183864602757941,0.262517432077392,-0.266511100080276,0.45388259103294,0.641336466682216,FALSE
PHKG2,turquoise,-0.121309651554421,0.46194141240655,0.0337258415051022,0.0523418517484747,0.479591452631908,FALSE
PHLDA1,yellow,-0.292245316288307,0.0710225156100847,-0.362704497895143,0.248085898058487,0.548640297592373,FALSE
PHLDA2,turquoise,0.221483104560572,0.175398870550801,0.460561180082623,-0.531659262977423,0.624552422758701,FALSE
PHLDA3,turquoise,0.452632700826353,0.00381281629785325,0.120558991418566,-0.398895892447013,0.244629371777739,FALSE
PHLDB1,midnightblue,-0.00206050302867866,0.99006725331788,0.0699116258911889,-0.237879558988668,0.759560471897103,FALSE
PHLPP1,magenta,-0.210622419376287,0.198081805534162,-0.464242111707413,0.617326868121038,0.617326868121038,FALSE
PHLPP2,red,0.00585308127443759,0.971789899790744,0.010006603788798,-0.166511983488003,0.779043317627538,FALSE
PHTF1,blue,-0.212101715233491,0.194876892466742,-0.382694310482661,0.339579103307128,0.403656099931296,FALSE
PHTF2,blue,-0.261720483783744,0.107515506117387,-0.372174078336147,0.21999706604697,0.56355685904531,FALSE
PHYH,brown,-0.0270090215458471,0.870350639652724,0.139921821260561,0.207279587989426,0.258491561772969,FALSE
PHYHIP,grey,-0.0843285197427495,0.609765681010686,0.0377852271648751,-0.219482115199955,,FALSE
PI4K2A,brown,0.238254783855389,0.144119916936354,0.508190251854627,-0.347675750010928,0.295961105084444,FALSE
PI4KA,turquoise,0.193249681642937,0.238505757644085,0.580618649969116,-0.265827083364215,0.695917029954193,FALSE
PI4KB,turquoise,0.210095393439788,0.199232493038139,0.436805745685435,-0.358791238248302,0.503474782217031,FALSE
PIAS1,blue,-0.469785954303852,0.00254912034007597,-0.710103166224953,0.567384583776648,0.670018848587576,FALSE
PIAS2,yellow,-0.270994333498264,0.0951796140015045,-0.411564625670499,0.284299796245785,0.764425413172005,FALSE
PIAS3,brown,0.222843649025422,0.172694106385598,0.395984381527425,-0.35245863331919,0.358521928903184,FALSE
PIAS4,turquoise,0.325565058376614,0.0431271453707941,0.457826977215911,-0.382384050455198,0.683628938003322,FALSE
PICALM,blue,-0.0274061804154939,0.868460721907628,-0.187581884754839,0.370495651768321,0.723628356828866,FALSE
PICK1,turquoise,0.267823316608534,0.0992688779746241,0.641160456799002,-0.505016951174153,0.744462538073635,FALSE
PID1,grey,-0.224934433763399,0.168596116117096,-0.184845665525436,0.29662030317909,,FALSE
PIDD1,turquoise,0.0113588311167448,0.94528407802894,0.328534964163958,-0.434323116085424,0.58387502088554,FALSE
PIERCE1,turquoise,0.155886043912189,0.343310263349544,0.319421557610453,-0.222494818879777,0.336824210317254,FALSE
PIEZO1,brown,0.353020630064657,0.0274960594176265,0.663442247765862,-0.465865455247869,0.774104781926447,FALSE
PIEZO2,blue,-0.123839653963731,0.452583684999566,-0.201511255357506,-0.0053783676642679,0.307724962913291,FALSE
PIGC,grey,-0.0489484040500668,0.767295336879737,-0.100343114401281,0.0237617569544535,,FALSE
PIGF,blue,-0.357157480773779,0.0256102140074423,-0.45940376527145,0.44038137047364,0.61853665213271,FALSE
PIGG,turquoise,0.0429260597556001,0.795272006487208,0.157051104216508,-0.0360487628002894,0.241845993079685,FALSE
PIGH,grey,0.124705809280641,0.449403795482077,-0.0364232856847264,0.0390247611142785,,FALSE
PIGK,blue,-0.328465114046074,0.0411953923306867,-0.352415221212662,0.398736029831153,0.795929969904657,FALSE
PIGL,yellow,-0.225046388508126,0.168378673204197,-0.661081332020177,0.662545019871872,0.534011792827011,FALSE
PIGN,blue,-0.436335256397156,0.00548729971597326,-0.591025288449972,0.607479699109631,0.74280297224181,FALSE
PIGO,brown,-0.304476462294638,0.0594822306220219,0.138806517499387,0.233930274794029,0.484714889944305,FALSE
PIGP,blue,-0.209858823252897,0.199750530786356,-0.45304972276513,0.6243943016737,0.809484938137256,FALSE
PIGQ,turquoise,0.323773672205674,0.0443566258902077,0.578743554655598,-0.3745714988207,0.700153067773457,FALSE
PIGR,red,-0.128853211134826,0.434347161261075,0.0740026035584396,-0.102133014494388,0.671755077516328,FALSE
PIGT,brown,0.249575057814939,0.12546122714846,0.663560638757406,-0.449746998477671,0.890789528565555,FALSE
PIGV,magenta,-0.392914068962427,0.013348568867156,-0.406663347512368,0.734864231549038,0.734864231549038,FALSE
PIGZ,red,0.0783466073798365,0.635438937115922,0.0926577983720355,-0.140589133221802,0.31592208151044,FALSE
PIH1D1,turquoise,0.21678822735439,0.184964735736385,0.479475668590745,-0.238090050957418,0.656153861074102,FALSE
PIK3C2A,blue,-0.190193225777805,0.246156494141428,-0.379632799410427,0.410559530607023,0.892658926773334,FALSE
PIK3C2B,red,0.179571909534555,0.274015698417483,-0.00416172229393757,-0.212797217674461,0.604626956401609,FALSE
PIK3C2G,yellow,-0.369203489142489,0.0207198081911463,-0.699633915462625,0.655033994378322,0.829337146911351,FALSE
PIK3C3,yellow,-0.307029333151071,0.0572731557229606,-0.503528237924355,0.281891103552222,0.707431344123788,FALSE
PIK3CD,greenyellow,0.253423381899175,0.119548463699619,0.367504493579309,-0.230804215624877,0.703183101833754,FALSE
PIK3IP1,red,0.0250145748279739,0.879851932938386,0.260480985846722,-0.21485418533646,0.27787069083365,FALSE
PIK3R1,blue,-0.153993726082722,0.349272685524766,-0.0685863899060899,0.300033828823167,0.329126859375939,FALSE
PIK3R2,turquoise,0.424933829419982,0.00700721996460465,0.701365524348299,-0.541967465108472,0.675159864116697,FALSE
PIK3R4,blue,-0.314490700342779,0.0511895263522287,-0.526648702623804,0.746192011565137,0.701898457366075,FALSE
PIK3R5,grey,0.335320681691224,0.036907214257756,0.0894459197372456,-0.323505438484992,,FALSE
PIKFYVE,blue,-0.114809990530848,0.486449309598832,-0.153697572499888,0.392329423000775,0.703746642498936,FALSE
PILRA,grey,-0.0376703239568122,0.819896740231618,-0.00155450126158645,0.11098733359746,,FALSE
PIM1,greenyellow,0.328030301019734,0.0414804638755678,0.437615924392745,-0.420451425195477,0.655053674146114,FALSE
PIM2,black,0.0857106042122362,0.603897484859649,0.185959081801382,-0.328595467451485,0.496971638158019,FALSE
PIN1,brown,0.169034004924051,0.303621651497645,0.639674251269732,-0.337672011088864,0.908962349406034,FALSE
PIN4,blue,-0.506711528675778,0.000995786364490362,-0.379529068297908,0.512012132111697,0.594992351218254,FALSE
PINLYP,salmon,0.0602378767566569,0.715651067088869,0.210185628527882,-0.349189623842814,0.476041973298484,FALSE
PIP4K2A,lightyellow,0.187476585075073,0.2530936134851,0.167946734533671,-0.122792996313077,0.753149473258759,FALSE
PIP4K2B,grey,0.205196256057753,0.210153572658942,0.0731164555458464,-0.122690350805007,,FALSE
PIP4K2C,red,-0.189941160094328,0.246794726595156,-0.0851735112417486,0.0964413446966945,0.679475800139233,FALSE
PIP5K1A,yellow,-0.345346639591603,0.0312983650235377,-0.422639339818775,0.265640112448047,0.73501114550846,FALSE
PIP5K1C,turquoise,0.380837922481073,0.0167629449387633,0.670730753554721,-0.578755887628939,0.756453872273687,FALSE
PIPOX,blue,-0.0995221351600169,0.546645853203684,-0.0822543511613199,0.243616263563402,0.301028414562664,FALSE
PISD,turquoise,0.243012588213817,0.136044038410007,0.421774722982476,-0.471018309226988,0.571623602490734,FALSE
PITPNA,green,0.240953426857195,0.139497110600224,0.737903648204954,-0.432995711106539,0.737903648204954,FALSE
PITPNB,blue,-0.3068520690703,0.0574244029842801,-0.295816530127718,0.389763927482709,0.844480544730017,FALSE
PITPNC1,blue,-0.0231260001947257,0.888864202016114,0.322136562543514,-0.0932720590411784,0.27086577804012,FALSE
PITPNM1,brown,0.273810460061921,0.0916575813990692,0.678605993176813,-0.432977912179864,0.782513414301111,FALSE
PITPNM3,grey,0.140481110186982,0.393658041013545,0.0554268434261496,0.055950576214166,,FALSE
PITRM1,green,-0.0165193168708454,0.920492518679404,0.531375017509697,-0.119524245447736,0.531375017509697,FALSE
PITX3,turquoise,0.143007063824587,0.385121568079738,0.201921055415369,-0.0621938584169372,0.669657435476551,FALSE
PJA1,green,0.265441078453347,0.102428348296135,0.446101592317994,-0.485480121540488,0.446101592317994,FALSE
PJA2,darkgreen,-0.0978382502249646,0.553485705494498,-0.0690158023230939,0.373850313594912,0.741195048040708,FALSE
PKD1,turquoise,0.325617851798229,0.0430913349044085,0.52806582449926,-0.49097913633543,0.780169228173221,FALSE
PKD2,yellow,-0.331605502002178,0.0391834041514104,-0.570501947116267,0.469242089478238,0.73264914138291,FALSE
PKIG,salmon,-0.071752031777225,0.664235660429046,0.0580285445205048,-0.0242344908284414,0.611974558088925,FALSE
PKLR,grey,0.101160605697523,0.540029248163033,0.31414277111252,-0.0685421189233129,,FALSE
PKM,salmon,0.211263372844232,0.196688664064509,0.324017400090337,-0.38775651178093,0.803093500621394,FALSE
PKMYT1,purple,-0.0178556595050597,0.914083698723625,-0.287896320432151,0.153628548623393,0.66054348805679,FALSE
PKN1,turquoise,0.321450668247195,0.0459930314351933,0.544330707845669,-0.41622063401084,0.848258733059544,FALSE
PKN2,grey,-0.339471339773566,0.0344930883433958,-0.343130497400819,0.26213588440344,,FALSE
PKNOX1,yellow,0.0943257536892467,0.567881270229226,-0.0781488517691008,-0.0609643323005899,0.253829463290356,FALSE
PKNOX2,black,-0.104301785046323,0.527452756280377,-0.486980595405034,-0.0515706110291325,0.762013365326531,FALSE
PKP3,purple,-0.139251270956077,0.397853726860997,-0.192884841543422,0.0070776339853146,0.470382555488465,FALSE
PKP4,blue,-0.0359861118112158,0.827825161462235,-0.0722574524322389,0.166397365690188,0.394184648567085,FALSE
PLA1A,grey,-0.194597394916457,0.23518392381599,0.0904869798204465,0.123707617664371,,FALSE
PLA2G15,turquoise,0.165610869587765,0.313661224054941,0.429560538132388,-0.28658280877064,0.661812215616563,FALSE
PLA2G2A,brown,0.289684933786138,0.0736473861848002,0.442323777253279,-0.402922100999718,0.324763996280917,FALSE
PLA2G2D,purple,-0.113257478706758,0.492401305699475,-0.531401937037911,0.0657871190638681,0.727243630605686,FALSE
PLA2G3,red,-0.115762572688241,0.482815864450727,-0.293289992087235,0.239907080656909,0.307007469562093,FALSE
PLA2G4C,green,0.0769217819442585,0.641617994706751,0.380612240606275,-0.3130572532827,0.380612240606275,FALSE
PLA2G5,blue,-0.0716081729965173,0.664869373532838,-0.342965856361825,0.411023316907213,0.35008773549398,FALSE
PLA2G6,grey,-0.181101831031607,0.269880463298187,-0.28844874602736,0.0953005826543765,,FALSE
PLAAT2,red,0.204507916690112,0.211720643456264,0.208403063674039,-0.280433370085092,0.209623592864932,FALSE
PLAAT3,turquoise,-0.00156403849303162,0.992460403598009,0.239758198492953,0.110399167393914,0.492698091288588,FALSE
PLAAT4,turquoise,0.18729243246471,0.253568536338776,0.41119233709993,-0.15237620237636,0.423781081508792,FALSE
PLAC8,brown,0.0853458262554165,0.605443932937312,0.199427318687772,0.0697691432757376,0.421451859300119,FALSE
PLAGL2,yellow,-0.206424072924037,0.207378348630948,-0.280333833077394,0.146030025281272,0.293298899520503,FALSE
PLAU,lightcyan,0.344384859592841,0.0318040110118469,0.425396902139445,-0.487842524018483,0.652370394241695,FALSE
PLAUR,red,0.304484602599526,0.0594750804226663,0.162583656032062,-0.255656725016681,0.514225568267843,FALSE
PLBD1,lightyellow,0.169953699363121,0.30095961310429,0.168435065701528,-0.122962713008179,0.478082531442661,FALSE
PLCB1,yellow,-0.14846166882708,0.367061889447137,-0.450340251091528,0.349517150952831,0.587073486814235,FALSE
PLCB2,turquoise,0.166206721315661,0.311898792949448,0.476728446498656,-0.472543026124837,0.543765904423946,FALSE
PLCB3,turquoise,0.282555227448222,0.0813584374217484,0.351954233540346,-0.543518983182727,0.625801391887421,FALSE
PLCD1,red,0.0335739233389481,0.839209700903646,0.0517823943397543,-0.219543862030164,0.487948226074513,FALSE
PLCG1,turquoise,0.482863523666049,0.00184908741546385,0.300072674256079,-0.594195985816344,0.138238644974942,FALSE
PLCG2,royalblue,-0.147211952783672,0.371154204022221,-0.370394978134464,0.396766789895061,0.749775643539443,FALSE
PLCH2,turquoise,0.47206941006025,0.00241231708723956,0.555507091615193,-0.62100034693521,0.746400299399716,FALSE
PLCXD1,grey,-0.0233081467375443,0.887994380921068,-0.0841129687234472,0.0869297772608808,,FALSE
PLD1,blue,-0.489772494094423,0.00155260997681764,-0.524240640194281,0.408740070761643,0.286818858207952,FALSE
PLD2,midnightblue,0.075563193801756,0.647532055220419,0.516501906937543,-0.618775970498704,0.668070723882872,FALSE
PLD3,brown,0.243751431997632,0.134820601370282,0.64927410642337,-0.358469347556521,0.872235913870034,FALSE
PLEC,turquoise,0.327760356095562,0.0416582490025511,0.402080889533944,-0.350858221099204,0.871409470372865,FALSE
PLEK,grey60,0.0209050690399976,0.899480040814522,0.01865149699464,-0.19814271673005,0.711346066427468,FALSE
PLEK2,grey,0.0959755289965626,0.561098486414537,-0.0470776362126135,0.0699750712268713,,FALSE
PLEKHA1,darkgreen,-0.171007651757924,0.297927355666945,-0.00996425077950314,0.284654764660655,0.587589634490242,FALSE
PLEKHA2,blue,-0.0494815719322079,0.764831908749867,-0.599969874069643,0.405553752974964,0.351898366240866,FALSE
PLEKHA4,turquoise,0.30249232065168,0.0612455379909064,0.327509146583084,-0.400965298571857,0.63762771392858,FALSE
PLEKHA5,yellow,-0.291689586726207,0.0715858998864611,-0.599861579265452,0.523676897085149,0.847843117010886,FALSE
PLEKHA6,grey,0.0399937391283017,0.80898833401655,-0.263635930554135,0.345269553936759,,FALSE
PLEKHA8P1,red,0.137084217468588,0.405309337464583,-0.114439564978269,0.0829432314261466,0.332057785519631,FALSE
PLEKHB2,grey,0.137855725738655,0.402645883617393,-0.0300861682745033,-0.0646389770886054,,FALSE
PLEKHF1,turquoise,0.0634537543254268,0.701154171142705,0.419425304208438,-0.368591599100267,0.397081066888237,FALSE
PLEKHG3,turquoise,0.0131952489418399,0.936454689918695,0.00618842302527933,-0.0959407428719958,0.487757514223985,FALSE
PLEKHG6,grey,0.117823933127027,0.475001842891857,0.0378881715871386,-0.18761537754679,,FALSE
PLEKHJ1,brown,0.205276755640613,0.209970834694459,0.619243028655404,-0.392943357746917,0.744093039758187,FALSE
PLEKHM1,turquoise,0.311390870907756,0.0536507437146611,0.336822284500643,-0.317638135931451,0.401618247875842,FALSE
PLEKHM2,turquoise,0.306846957746557,0.0574287688434667,0.66786154391814,-0.557270578503675,0.810860550462797,FALSE
PLEKHO1,greenyellow,0.321751367103006,0.045778502451251,0.425772624892638,-0.413250779895404,0.775420853218895,FALSE
PLEKHO2,brown,0.366987821242855,0.0215555326613415,0.501832868314769,-0.577666051345227,0.449666863069781,FALSE
PLG,magenta,-0.0532571119601734,0.747454068028007,-0.165039827579698,0.486605658982796,0.486605658982796,FALSE
PLGRKT,red,-0.360384342942554,0.0242147871218258,-0.147627080774928,0.0189232584521964,0.711412669891811,FALSE
PLIN1,green,0.377833562413584,0.0177181726438083,0.602852226939432,-0.489385625371266,0.602852226939432,FALSE
PLIN2,green,0.440158339684719,0.00504600263938324,0.703401421946342,-0.388553522834326,0.703401421946342,FALSE
PLIN3,brown,0.32338798190582,0.0446250104119119,0.580444460980129,-0.427951285439198,0.595611762537938,FALSE
PLK1,red,0.0315730341297202,0.848677720923724,-0.171362761463718,-0.0874719420662953,0.347111022498188,FALSE
PLK3,turquoise,0.357772451024501,0.0253392527116496,0.481286952104606,-0.524891227344327,0.410980442865315,FALSE
PLLP,grey,-0.226788441070711,0.165021152999309,-0.258657818186813,0.368643465291447,,FALSE
PLOD1,brown,0.205338536063994,0.209830664945024,0.672044176884202,-0.347428219029897,0.717793968893844,FALSE
PLOD2,cyan,-0.159664277992507,0.331593462601666,0.0468336726169521,0.190682266597338,0.648691050046942,FALSE
PLOD3,green,0.18745646403339,0.253145475989181,0.681952598495554,-0.541558010407613,0.681952598495554,FALSE
PLP2,tan,0.191323566062086,0.243308108900161,0.0528946066272679,-0.28908974880895,0.637029966418852,FALSE
PLPBP,blue,-0.191295707284504,0.243378043172943,-0.17761639059969,0.406181204876652,0.740103528036411,FALSE
PLPP1,salmon,0.115141608417813,0.485182810022839,0.154210463062754,0.030410533120045,0.550239099376712,FALSE
PLPP3,cyan,-0.13578952373836,0.409801579229431,-0.0454015386048058,0.217547929151877,0.682236306437988,FALSE
PLPPR1,yellow,-0.384969473670133,0.0155203929195427,-0.829166440021145,0.562665197326265,0.655251989727381,FALSE
PLPPR2,turquoise,0.128244818373467,0.436538200403437,0.12586659404473,-0.35954082315089,0.187534225400044,FALSE
PLPPR3,turquoise,0.27016282597338,0.0962391715227976,0.260020930180278,-0.297372581125585,0.596199218043001,FALSE
PLS1,blue,-0.287049517144658,0.0764279884760119,-0.435979460341911,0.409262364718265,0.835235162619052,FALSE
PLS3,blue,0.0391328131643822,0.813026337938244,-0.0240237898452133,0.182178729259707,0.729951882533266,FALSE
PLSCR1,blue,-0.238941131792232,0.142933660857494,-0.277629762701637,0.370490892921153,0.590443086537006,FALSE
PLSCR4,blue,-0.290369504452989,0.0729382399089083,-0.576064322039321,0.579048810752351,0.798596884195556,FALSE
PLTP,greenyellow,0.176046294138312,0.283702377489573,0.396461483790784,-0.338454329875022,0.789563127139418,FALSE
PLVAP,greenyellow,0.197336864538729,0.228528844316043,0.212924609695259,-0.385747383950561,0.656317411810304,FALSE
PLXDC1,black,-0.232591851526362,0.154184901532739,-0.549064485734362,0.115307766857106,0.753269309582389,FALSE
PLXNA1,turquoise,0.254672652304169,0.11767475171907,0.617279153997546,-0.673622905063097,0.606028635659026,FALSE
PLXNA2,turquoise,0.206300168260598,0.20765724696234,0.345389596514199,-0.396543500215884,0.374791886318435,FALSE
PLXNA3,black,-0.00401878024184253,0.980628635978052,-0.25808006281162,-0.105892393489645,0.578741065568209,FALSE
PLXNB1,turquoise,0.343339907445424,0.0323609739504982,0.512114707268227,-0.334193073136478,0.841833017568591,FALSE
PLXNB2,turquoise,0.208313968148129,0.203156628258448,0.59087471585963,-0.366172361464547,0.86825709742166,FALSE
PLXNB3,turquoise,0.335939071622402,0.0365390395292355,0.0528636740169294,-0.344889741855356,0.336122038358602,FALSE
PLXND1,greenyellow,0.390563247778833,0.0139625929619935,0.462398044785851,-0.549331067464157,0.768472471974089,FALSE
PMEL,brown,-0.0130010461841928,0.937388069340329,0.175195122916493,0.0635978899104879,0.571458513817654,FALSE
PML,midnightblue,0.0294589583882409,0.85870409484118,0.241260701676269,-0.430486141187071,0.669902182316477,FALSE
PMM1,darkred,0.0320339303881568,0.846494896734345,0.220849960874691,0.116174332345085,0.814950389169661,FALSE
PMM2,green,0.376235374168933,0.0182446718587958,0.748363293367211,-0.623516268348472,0.748363293367211,FALSE
PMP22,tan,-0.158474984501085,0.335254575586262,-0.396164677662356,0.146327889130926,0.866641057194236,FALSE
PMPCA,turquoise,0.258565940172288,0.111977050835348,0.669835189601364,-0.286791498275451,0.81686350196161,FALSE
PMPCB,blue,-0.445563697712786,0.004474676069056,-0.353932500279825,0.547271058395733,0.752444660265502,FALSE
PMS1,yellow,-0.19631910797141,0.230986133698428,-0.439089522184032,0.440327369284557,0.799749677872756,FALSE
PMS2P1,blue,-0.231003437359135,0.157097862409794,-0.272914014233546,0.385973950096506,0.473645190635831,FALSE
PMS2P3,turquoise,0.18136182519014,0.26918182551274,0.183182587725278,-0.0677511590183687,0.456446754389089,FALSE
PMVK,brown,0.220494448755541,0.177383236180804,0.538071652914064,-0.193267843219818,0.632483403486169,FALSE
PNISR,yellow,-0.232740328148267,0.153914638187473,-0.525384925894203,0.469615885206292,0.750730215233302,FALSE
PNKP,turquoise,0.376946579441095,0.0180087769696504,0.685902050053075,-0.523246842123966,0.836577576519298,FALSE
PNMA3,lightcyan,0.145311064391635,0.377430635978236,0.306604380622463,-0.516311002399172,0.772011533179258,FALSE
PNN,turquoise,0.187665739085464,0.25260641104272,0.501837161887552,-0.428264494393164,0.588580444169397,FALSE
PNO1,grey,0.0383970228507802,0.81648120319706,-0.0422510111913786,-0.307930219741884,,FALSE
PNP,magenta,-0.238606274780649,0.14351151354092,-0.510511208359335,0.713078696257865,0.713078696257865,FALSE
PNPLA2,grey,0.0251272568971487,0.879314674705775,-0.179435504569254,-0.0585671712896039,,FALSE
PNPLA3,turquoise,0.298002680650586,0.0653887172661519,0.60331091641624,-0.434393571257943,0.707534006514518,FALSE
PNPLA4,blue,-0.28325349039403,0.0805765839997938,-0.184835581002217,0.546485209647568,0.722301310453215,FALSE
PNPLA6,turquoise,0.268710458702778,0.0981115412935034,0.619240928389006,-0.45259217362385,0.848659712663039,FALSE
PNPO,blue,-0.0950032718461777,0.565091215007533,0.090684508881833,0.166939862111898,0.482884718264453,FALSE
PNRC1,brown,0.307188135503063,0.0571379304418063,0.371482731941293,-0.108724070377106,0.48463989714001,FALSE
PNRC2,blue,0.0481538193820957,0.770970785535877,-0.0504459058579248,0.0610406554470443,0.59025888729294,FALSE
PODXL,tan,-0.0857806489951379,0.603600730221698,-0.478119225723666,0.137096524063788,0.776188709324682,FALSE
POFUT1,brown,0.1020754161204,0.536351781561667,0.576962493234722,-0.291600797361699,0.595429878339162,FALSE
POFUT2,turquoise,0.313797392537644,0.0517319789752494,0.0668204415039234,-0.258604424110048,0.168150867359819,FALSE
POGK,blue,-0.00652748961174257,0.968540985454799,0.0512938481561121,0.0557303671225771,0.400166255350201,FALSE
POGLUT1,red,-0.290319781453124,0.072989566844425,0.0884688076974102,-0.0360846970661542,0.493070815046958,FALSE
POGZ,yellow,-0.3299614155933,0.040226522147125,-0.539292985998825,0.406708451191905,0.730497866116137,FALSE
POLA1,yellow,-0.323041313708923,0.0448673603898216,-0.43519698230536,0.239211254158868,0.702969096287786,FALSE
POLA2,grey,0.00446838078542104,0.978461946404933,-0.194275864228895,0.251700814811039,,FALSE
POLB,blue,-0.416171492516463,0.00840949891058455,-0.342944998992308,0.400830502297607,0.297942718621239,FALSE
POLD1,turquoise,0.332793868992122,0.0384432203035393,0.41415150905411,-0.320506875129823,0.40061102582801,FALSE
POLD2,brown,0.166446191156571,0.311192247266666,0.677715233965839,-0.327017122828333,0.795656861521935,FALSE
POLD3,red,-0.180314102869496,0.27200446432125,-0.243951377789575,0.132796598885861,0.415504655860641,FALSE
POLD4,brown,0.166676305098123,0.310514260207269,0.455025059606702,-0.162869779763805,0.79919853953552,FALSE
POLDIP2,brown,0.0739164771057753,0.654729039195689,0.492142009820152,-0.179513912238974,0.679200926041515,FALSE
POLDIP3,turquoise,0.305441219293443,0.0586395660171752,0.477390077630043,-0.445904517057223,0.542925609347087,FALSE
POLE,turquoise,0.107315141598074,0.515524227934514,0.23283014897961,-0.0393653844993186,0.531158806561368,FALSE
POLE2,blue,-0.011939904892833,0.942489562987202,0.0809764084189621,-0.135454156089269,0.407932803450289,FALSE
POLE3,blue,0.0460795654523587,0.780588575405974,0.270606231317899,-0.0438146052933385,0.331483860825322,FALSE
POLG,turquoise,0.290322625395575,0.072986630400055,0.416454344134895,-0.315544442717324,0.237606238207006,FALSE
POLG2,yellow,-0.187498042134075,0.253038315180566,-0.154421247789803,-0.0128258335428784,0.228453271384834,FALSE
POLL,turquoise,0.12559138643632,0.446165204552745,0.473306343558837,-0.398244062624917,0.694553875235982,FALSE
POLR1B,blue,0.0447975629671195,0.786549131447534,0.208560785099166,0.140501733323719,0.187067732983187,FALSE
POLR1C,grey,0.290471974057484,0.0728325541982748,0.161016870582936,0.123799177940612,,FALSE
POLR1D,blue,-0.169563915657949,0.302086008982591,-0.392323826791937,0.453689193521407,0.722150597489021,FALSE
POLR1E,turquoise,0.270844266270394,0.09537017338409,0.415992917524056,-0.295115156583929,0.456072036801057,FALSE
POLR1G,grey,0.137626212082268,0.403437173255742,-0.0725859880620412,-0.196779414575351,,FALSE
POLR2A,turquoise,-0.000483671023333609,0.997668387713038,0.572437470272397,-0.399327981652522,0.526510131018796,FALSE
POLR2B,blue,-0.200969268956494,0.219904488837092,-0.0324549546862548,0.274654860995817,0.663091905185793,FALSE
POLR2C,brown,0.0983715580383666,0.551315093640534,0.14759757491798,0.259031600886026,0.538502334212419,FALSE
POLR2D,green,0.109068751817438,0.508644830990695,0.286316611014826,-0.120785776351903,0.286316611014826,FALSE
POLR2E,turquoise,0.183917910336243,0.262376683802639,0.630540448122035,-0.412548176866442,0.809759495201327,FALSE
POLR2F,turquoise,-0.0129028082102347,0.937860253265668,0.503357669411812,-0.09735886517095,0.52963646467394,FALSE
POLR2G,blue,-0.0250895899414878,0.879494261534034,-0.192161837310646,0.219764595619542,0.512055923682452,FALSE
POLR2H,brown,0.00126159922885509,0.99391831053616,0.164534519510734,0.158545951112055,0.33688883765582,FALSE
POLR2I,brown,0.175733401966775,0.284572659281637,0.489166069676526,-0.0996694805218195,0.735178285657486,FALSE
POLR2J,turquoise,0.227418825682177,0.163818178123707,0.451226646606952,-0.25579940744748,0.732916366722404,FALSE
POLR2K,blue,-0.252655508907852,0.120711220649341,-0.141827982319108,0.34535793756032,0.843190674745333,FALSE
POLR2L,green,0.158817458611314,0.334197756061991,0.657712522727107,-0.419773894280535,0.657712522727107,FALSE
POLR3B,blue,-0.477011114030365,0.00213810508940874,-0.394860723383577,0.437594008177574,0.75739591973293,FALSE
POLR3C,lightgreen,-0.252105434401148,0.121549376538301,-0.454957746555692,0.294364289317178,0.703575339757963,FALSE
POLR3D,midnightblue,-0.00637231683076622,0.969288476861195,0.155531490058784,-0.369364135104979,0.346355510261275,FALSE
POLR3E,turquoise,0.112132076514287,0.496739142174565,0.289718694213718,-0.0304699561853098,0.340660114029448,FALSE
POLR3K,turquoise,-0.220352485982695,0.177669485338713,0.254938319901902,0.0254738503666522,0.343200652987012,FALSE
POLRMT,turquoise,0.11090484739323,0.501491629802796,0.293057362557764,-0.0681384143607379,0.6060545233886,FALSE
POM121L9P,black,0.236619039244459,0.146976217511745,0.0893215141995005,-0.495847455797056,0.457282511816042,FALSE
POMC,turquoise,0.292384205786505,0.0708822587763385,0.38895503287409,-0.324110694583027,0.530499224446169,FALSE
POMGNT1,turquoise,0.210683495128366,0.197948757145688,0.676979266742991,-0.377614960158106,0.661040646636882,FALSE
POMP,blue,-0.202083234760015,0.217305093106747,-0.241657859615032,0.414140253537286,0.899021365491839,FALSE
POMT1,turquoise,0.122918802340586,0.455977700432283,0.347356288934034,-0.322825414448645,0.593984643117983,FALSE
POMT2,turquoise,0.308016491791453,0.0564366806370522,0.314673204433094,-0.326334522961789,0.412207915666184,FALSE
PON1,blue,-0.491133842362571,0.00149941343355803,-0.531584006145773,0.626317460584483,0.542034421287225,FALSE
PON2,pink,0.0783837886657885,0.635278015632716,0.278997298504971,-0.184305325470376,0.475839334355996,FALSE
PON3,magenta,-0.159802781191366,0.331168712500721,-0.431079779558839,0.61802342499524,0.61802342499524,FALSE
POP1,red,-0.0616994560094577,0.709049846066869,-0.354830905559118,0.301543439325055,0.446109771290137,FALSE
POP4,brown,0.0839253915237918,0.611481888643994,0.493775219912856,-0.100824476105397,0.785403709979458,FALSE
POP5,pink,0.0875629641507269,0.596070956067163,0.265780953844584,-0.12134689223493,0.422849808571008,FALSE
POP7,turquoise,0.220675240406964,0.177019170630797,0.352948410275144,-0.269784296968743,0.503527223305073,FALSE
POPDC2,red,-0.463587839198995,0.00295529731788377,-0.463832912807882,0.263310348505269,0.307927155614355,FALSE
POR,turquoise,0.213326660354155,0.192250772791844,0.705888970192019,-0.330672308148591,0.864916972182687,FALSE
PORCN,grey,0.239142865797729,0.142586361870298,0.194717773714568,-0.288251980844078,,FALSE
POSTN,blue,-0.365799255379569,0.0220153166220956,-0.376010411147804,0.433928247220302,0.534269400266514,FALSE
POT1,blue,-0.472079006349984,0.00241175603225726,-0.64621039879498,0.623081657882613,0.735784188318891,FALSE
POU2F1,salmon,0.0397339088262153,0.810206508279368,-0.261395425283945,0.0972365305821866,0.413515016541176,FALSE
POU2F2,lightcyan,0.207531606011215,0.204896959907689,0.299839834430006,-0.294479009763922,0.687810094584263,FALSE
POU3F1,yellow,-0.0143262221746258,0.931020696669341,-0.426718229377734,0.0946585694283599,0.393762815945684,FALSE
POU5F1B,grey,-0.0760893154701935,0.645239241371633,0.10885861571741,-0.16118089907128,,FALSE
POU5F1P3,turquoise,-0.0467224990555172,0.777603938231299,0.199810450371429,-0.00416228722694638,0.340936177452679,FALSE
POU5F1P4,turquoise,0.112733304077314,0.494419297954613,0.116773747275962,-0.128204439563315,0.512779513725689,FALSE
POU6F1,turquoise,0.0834826211271039,0.61336922151767,0.111701618036799,-0.0503425947338688,0.526644491565144,FALSE
PPA1,pink,0.299088851169235,0.0643666082377713,0.491675266869762,-0.222614422667743,0.575619843916918,FALSE
PPA2,grey,0.00918301512564637,0.95575353696141,-0.0301923805525069,0.29929863419904,,FALSE
PPARA,turquoise,0.0101510395904512,0.95109464840903,0.106218557655047,0.110728717842274,0.433459926795619,FALSE
PPARD,greenyellow,0.346403233914563,0.0307505119545447,0.540631417914792,-0.479832049391238,0.68089448933609,FALSE
PPARG,brown,0.166082889393345,0.3122645511599,0.453102021323824,-0.37426311361357,0.410403604265493,FALSE
PPARGC1A,magenta,-0.383974968127855,0.015812152990023,-0.569519771104664,0.733718945502929,0.733718945502929,FALSE
PPAT,blue,-0.0650727480206389,0.693894804413158,-0.0343895283265126,-0.0747370837531445,0.282802234734295,FALSE
PPCS,pink,-0.0476452754631341,0.773325713348088,0.354302810663067,0.0606419435808739,0.678482642903096,FALSE
PPDPF,brown,0.142022077659018,0.388437346338963,0.282925199009835,-0.284733983497328,0.270292325289111,FALSE
PPFIA1,turquoise,0.212573145784408,0.193863238328906,0.5981809583773,-0.349161786886882,0.580327488346751,FALSE
PPFIBP1,yellow,-0.193596577163976,0.23764771410059,-0.381703219870762,0.163982620845631,0.450001281972492,FALSE
PPFIBP2,grey,0.0780273932409958,0.636821182088851,0.20110774356931,-0.092812117312825,,FALSE
PPIA,blue,-0.287858883205656,0.0755654414850743,-0.181597123404394,0.37447412904112,0.636422736782795,FALSE
PPIB,brown,0.176450764725238,0.282579941724843,0.716800376074717,-0.355259374669133,0.933854822455108,FALSE
PPIC,blue,0.103664567048661,0.529992386952246,0.0771072197663188,-0.0187849210400723,0.345246080615578,FALSE
PPID,blue,0.0900367223078896,0.585688661749571,0.0965566116852613,0.159163918641244,0.495885485526468,FALSE
PPIE,turquoise,-0.0547686342027675,0.740530737461023,0.104434308309327,0.241899538605664,0.364529878011698,FALSE
PPIF,brown,0.0761581816048859,0.64493936454804,0.547134830676869,-0.379688419286004,0.500737532339221,FALSE
PPIG,yellow,-0.289519380382561,0.0738196917271229,-0.479082377842389,0.410870228805775,0.746193301521829,FALSE
PPIH,blue,-0.292171674607696,0.0710969707122635,-0.040426651953708,0.192160341725294,0.473545720679419,FALSE
PPIL2,turquoise,0.193181824890052,0.238673845649373,0.705270760355938,-0.608630475922387,0.777248921061077,FALSE
PPIP5K1,green,0.331358907619222,0.0393384414161998,0.483925399469042,-0.329344989406823,0.483925399469042,FALSE
PPL,grey,0.136172143790363,0.408471044526395,0.350453946813387,-0.158621309610546,,FALSE
PPM1A,yellow,-0.200117601106288,0.221906195465201,-0.392583122087582,0.451766443458156,0.755050121143363,FALSE
PPM1B,yellow,-0.235529035768077,0.148902461085311,-0.377152904462274,0.444373284180014,0.776523499489583,FALSE
PPM1F,turquoise,0.327323980880622,0.0419469521371692,0.447032511980504,-0.716547697661411,0.348157200909334,FALSE
PPM1G,brown,0.292225278965206,0.0710427681874438,0.661715878640878,-0.394124127210054,0.883738706080473,FALSE
PPME1,red,0.0482757317891675,0.770406542275313,0.168149561396463,-0.178040689313417,0.549538264900641,FALSE
PPOX,green,0.433953168076736,0.00577882362436812,0.626371596659039,-0.36012442134352,0.626371596659039,FALSE
PPP1CA,brown,0.192318882079754,0.240818433357045,0.64015043226072,-0.33621442712688,0.94238550150786,FALSE
PPP1CB,blue,-0.34420122591107,0.0319013136869167,-0.336664031742463,0.456676927529591,0.785163803752538,FALSE
PPP1CC,blue,0.0115252154520775,0.94448383076028,-0.178818225073699,0.339803726643771,0.465696220294162,FALSE
PPP1R10,grey,0.11791849811575,0.47464497855018,0.216614287649458,-0.0633692656468141,,FALSE
PPP1R11,blue,-0.0575052082304779,0.728047673206227,-0.365418466071561,0.26521676874189,0.592983491477357,FALSE
PPP1R12B,yellow,-0.0975758291041548,0.554555255110926,-0.241463749326011,0.164426604367191,0.447226155221,FALSE
PPP1R13B,turquoise,0.0725369128304281,0.660782238773025,0.332592123307194,-0.379882004885069,0.469904156055525,FALSE
PPP1R13L,turquoise,0.169553363908662,0.30211653873928,-0.0630304382922506,-0.198523999967267,0.0737039626667901,FALSE
PPP1R15A,turquoise,0.469278567721069,0.00258042538691419,0.335997985195835,-0.324705155579041,0.357155744901643,FALSE
PPP1R16B,lightyellow,0.0291447343699653,0.860196263433124,-0.0841811116484975,-0.013843518654996,0.578941046956016,FALSE
PPP1R1A,grey,-0.221710239842119,0.174945231254491,-0.108362642900454,0.126982088228289,,FALSE
PPP1R2,red,-0.111616347177536,0.498733513471074,0.0318891518554664,-0.0832873632049831,0.780467372857782,FALSE
PPP1R26,grey,0.0169544229700566,0.918405277492383,-0.0861279496994229,-0.138521800868088,,FALSE
PPP1R37,turquoise,0.293154285651914,0.0701085436114019,0.399419029762727,-0.565193257420825,0.553019452064393,FALSE
PPP1R3C,green,0.113490304391068,0.491506322609395,0.379381612834568,-0.304523048194668,0.379381612834568,FALSE
PPP1R7,brown,0.145414890638017,0.377086207726687,0.715995353371804,-0.324215765966643,0.734243804832027,FALSE
PPP1R8,blue,-0.0844640421906326,0.609189192683455,-0.1922249451767,0.0711646121704995,0.57406513047043,FALSE
PPP2CB,blue,-0.184985594222855,0.259568194604148,-0.0538809281450439,0.230356821085602,0.592039815325205,FALSE
PPP2R1A,brown,0.243286435473136,0.135589625306379,0.689098329548884,-0.469959158239999,0.879301940791401,FALSE
PPP2R1B,blue,0.00515755959605997,0.975140995794636,-0.0891305320845108,0.226207926644408,0.321695768710956,FALSE
PPP2R2A,blue,-0.169047402350661,0.303582765570604,-0.391538153502442,0.280835298968495,0.343452237012757,FALSE
PPP2R2B,purple,-0.221449382630646,0.175466292348979,-0.57194474471497,0.299118797089208,0.828525485475497,FALSE
PPP2R2D,turquoise,0.153386522792716,0.351199172787741,0.32838222558477,-0.170224694915493,0.578775487593844,FALSE
PPP2R3A,lightgreen,-0.239099442134743,0.142661066193615,-0.329252897610871,0.0627631268232012,0.708211541556434,FALSE
PPP2R5A,blue,-0.426082727111815,0.00683921147808324,-0.507207592525752,0.616879364020479,0.620511443010726,FALSE
PPP2R5B,turquoise,0.421060797908419,0.00760002657696742,0.521357056425176,-0.549086640950725,0.513549328768387,FALSE
PPP2R5C,yellow,-0.154951404431818,0.346247343211418,-0.475129455038486,0.422500689603444,0.717187878310877,FALSE
PPP2R5D,grey,0.0658679566714902,0.690338978068191,0.0230990502290491,-0.0990445728053418,,FALSE
PPP2R5E,cyan,-0.0560947608061239,0.734473116377448,-0.0438219197444499,0.329431736904844,0.69536211644305,FALSE
PPP3CA,blue,-0.0958975770143415,0.561418125340858,-0.106830664801209,0.138519316499378,0.648344986202307,FALSE
PPP3CB,blue,-0.308150844329601,0.056323593787693,-0.559201972664327,0.549094934632205,0.721904249038851,FALSE
PPP3CC,turquoise,0.19193893410499,0.241766794053225,0.395527451882571,-0.0464777447608744,0.552913993034052,FALSE
PPP3R1,grey,-0.128687327328352,0.434943963172883,-0.0533114677648043,0.0199249668137364,,FALSE
PPP4C,turquoise,0.294446820404822,0.0688248573681677,0.622705209010537,-0.441244574946494,0.880191876540396,FALSE
PPP4R1,green,0.244280106278595,0.133950196858336,0.519695741645511,-0.432099090094176,0.519695741645511,FALSE
PPP4R3A,yellow,-0.23267698582666,0.154029894271935,-0.402439642892026,0.431670194719437,0.602848083463726,FALSE
PPP5C,turquoise,0.0556466504936317,0.736518291148412,0.467596079824145,-0.241420494810922,0.792593577186067,FALSE
PPP6C,blue,-0.222989748860309,0.172405447786913,-0.401873007196415,0.428943877806718,0.858075382522836,FALSE
PPP6R1,turquoise,0.283045300483287,0.0808090821407823,0.575568489061884,-0.476554296069174,0.704702643978423,FALSE
PPP6R2,turquoise,0.0654778363757839,0.692082612774299,0.347618415143832,-0.122091412693676,0.755996030936609,FALSE
PPP6R3,turquoise,0.08058772428238,0.625769048925533,0.470983008104343,-0.231939488777294,0.561150645185987,FALSE
PPT1,lightyellow,0.0282581797912468,0.864408846372173,-0.0542982781814114,0.00123901719218771,0.766857374462801,FALSE
PQBP1,turquoise,0.353648906607308,0.0272024689827398,0.525468970283196,-0.49146320534288,0.801981956337173,FALSE
PRAF2,blue,-0.020685617071196,0.900529967419011,-0.219617271256398,0.0756885738437044,0.31363528525997,FALSE
PRB3,purple,-0.15826838334623,0.335893110058808,-0.52712785125248,0.265349454587364,0.538314057132098,FALSE
PRCP,lightyellow,-0.0843612960845197,0.609626234990263,-0.0727816322953322,0.0774444685844529,0.706867470473205,FALSE
PRDM1,lightgreen,-0.171534315294261,0.296419485751158,-0.258273766705048,0.0884895803092232,0.654499701956304,FALSE
PRDM11,red,0.056908435997246,0.730764125351067,0.120255801138573,-0.228489150289785,0.424273840325493,FALSE
PRDM12,turquoise,0.348961879908969,0.0294564673983155,0.243542733976414,-0.355608889034267,0.347141990660536,FALSE
PRDM2,grey,-0.110846199382583,0.501719322713903,-0.0211881615491429,0.0210478575926262,,FALSE
PRDM4,red,0.0149083445916133,0.92822495584048,-0.0345035907514796,-0.139433525153318,0.697916635927508,FALSE
PRDM5,black,-0.275396413946301,0.089718770486444,-0.309628698203711,-0.189408790852933,0.630814136183352,FALSE
PRDM8,turquoise,0.202529180946209,0.216270458151255,0.252986714953266,-0.172493751655544,0.703193253014969,FALSE
PRDX1,blue,-0.129871900515921,0.43069217249956,0.153929585401286,0.174039900245103,0.544502435835352,FALSE
PRDX2,brown,0.152141358713137,0.355169876511893,0.48860086059553,-0.0764794458093554,0.816096602633931,FALSE
PRDX3,blue,-0.120997678372276,0.46310243483695,-0.224699077509018,0.461033588233824,0.731480121155237,FALSE
PRDX4,brown,0.0949257473620634,0.565410144490081,0.494045700211815,-0.150170752046837,0.620922231255978,FALSE
PRDX6,pink,-0.0437415151813743,0.791468172327023,-0.0640763672592328,0.549305152786634,0.520651422754167,FALSE
PREB,green,0.473305165078799,0.00234100248576737,0.843781919619541,-0.535459484167775,0.843781919619541,TRUE
PRELP,salmon,0.267173420716219,0.100123317219132,0.148300735599959,-0.419670198077155,0.798397294618671,FALSE
PREP,pink,0.0359065324443087,0.828200204006683,0.283224339754865,0.0351440294864499,0.558650341513351,FALSE
PREPL,blue,-0.20146929669627,0.218735060259797,-0.418018203132785,0.401177509499029,0.654264271047694,FALSE
PRF1,grey60,0.178993037009348,0.275591102540286,0.0415855469919052,-0.140574658964671,0.537841130760689,FALSE
PRG2,turquoise,0.119673454373408,0.46804790936631,0.121574139685102,-0.179250431757796,0.560505983426129,FALSE
PRG4,blue,-0.316912005396426,0.0493307811748523,-0.387423771757751,0.510487431937745,0.776740169214372,FALSE
PRIM1,blue,-0.150351137874764,0.360926089494665,-0.441974428172597,0.369666880878499,0.584949644419656,FALSE
PRKAB1,blue,0.126976221262165,0.44112645000704,0.155446626146242,0.0626303581752855,0.391107549057051,FALSE
PRKAB2,blue,-0.317885202607848,0.0485991604387742,-0.564218420112345,0.521590984113865,0.261841390278893,FALSE
PRKACA,grey,-0.154059701063713,0.34906375346695,0.0817125769155876,-0.0570536520309833,,FALSE
PRKACB,blue,-0.102194078330322,0.535875655641261,-0.198336605171247,0.26140740323133,0.788976469793098,FALSE
PRKACG,lightcyan,-0.0117138978860863,0.943576402900696,-0.112745604596143,0.0151481419422728,0.390574574150342,FALSE
PRKAG1,blue,-0.0585304770700357,0.72338839953081,-0.0713064293971738,0.188839835069891,0.692219674304001,FALSE
PRKAG2,turquoise,0.263469952415626,0.105100086465792,-0.031989406069879,0.159871695000581,0.371122907851926,FALSE
PRKAR1A,brown,0.0817889502787227,0.620611204201122,0.271543227359153,0.0547179703042313,0.670896656825229,FALSE
PRKAR1B,black,0.0920571009293312,0.577269412282229,-0.0571289782089396,-0.193333029649517,0.251689601307539,FALSE
PRKAR2A,blue,-0.171288402832124,0.29712293781289,-0.125840727410184,0.257267378024158,0.782796044824273,FALSE
PRKCA,yellow,-0.319722757695271,0.047241566550683,-0.623579405880188,0.548569304727959,0.751146293742289,FALSE
PRKCB,lightyellow,-0.0421326971282818,0.79897726924641,-0.0928115507682032,0.0860068531499054,0.572877349773516,FALSE
PRKCD,greenyellow,0.215001975605682,0.188699650132828,0.631486573444208,-0.390951873671234,0.591825597238824,FALSE
PRKCE,green,0.217162620667505,0.184188602969347,0.473592731321339,-0.505027350034945,0.473592731321339,FALSE
PRKCH,lightyellow,0.0682869020452069,0.679563002454661,-0.25457062033802,0.123754590169225,0.586438176360084,FALSE
PRKCI,blue,-0.234086590226689,0.151479854712192,-0.163765935889651,0.145888765888589,0.459784182782348,FALSE
PRKCQ,grey60,0.00742337885758109,0.964225885433113,0.117927772593211,-0.289363860469049,0.697100091725756,FALSE
PRKCSH,red,0.0762991320155875,0.644325770201164,0.260981006590018,-0.314723360798841,0.368352566101076,FALSE
PRKCZ,green,0.328975169848485,0.0408630199235549,0.719445830840942,-0.452257970810684,0.719445830840942,FALSE
PRKD2,turquoise,0.316230164224051,0.0498486264790659,0.635343286354448,-0.619238669034402,0.740548108390193,FALSE
PRKD3,yellow,-0.125767735863743,0.44552181262638,-0.474440180648426,0.337048356239967,0.834431248181122,FALSE
PRKG1,black,-0.114658019241642,0.487030283275071,-0.372028620992132,0.0177631343282935,0.800054241873609,FALSE
PRLH,turquoise,0.00265353173962142,0.987208740576084,0.0824451938627273,-0.0231156191194463,0.504779133950465,FALSE
PRLR,lightgreen,-0.271224171199853,0.0948883269087842,-0.289204397701349,0.13609366466164,0.634675751673134,FALSE
PRMT1,turquoise,0.475123344616344,0.0022394404202069,0.564803445869805,-0.452454719345356,0.746871346094374,FALSE
PRMT2,grey,0.0892154216144305,0.589126705858592,0.223155532071194,-0.339643018233162,,FALSE
PRMT5,pink,0.108564641062995,0.510617715628565,0.168829519687502,0.144601064783647,0.484277336047627,FALSE
PRMT7,turquoise,0.232856346771567,0.153703696633034,0.444553043011558,-0.307928182600827,0.719708780610951,FALSE
PRNP,black,-0.0441870388203011,0.789391952841699,-0.175091634874313,-0.00368764229997949,0.412934773427432,FALSE
PROC,turquoise,-0.0262155005574977,0.874128800617166,0.483512419541726,-0.145095764146411,0.692196160704243,FALSE
PRODH,darkred,-0.252931899627658,0.120291720748699,-0.157314130637562,0.28037276841629,0.478144305038666,FALSE
PRODH2,turquoise,0.109646513092725,0.506388429550584,0.439197341542977,-0.2278901185178,0.712445986072709,FALSE
PRODHLP,turquoise,-0.13967811246637,0.396394607286333,-0.0337933707507523,0.241353549800928,0.358363518257154,FALSE
PROP1,purple,-0.0907604527244263,0.58266648019371,-0.135253390415976,-0.256651653944993,0.462760698537163,FALSE
PRORP,red,-0.218828626952952,0.180762932094409,-0.207786968763854,0.216074758505393,0.608110902922744,FALSE
PROS1,blue,-0.0787240117847167,0.633806289700744,-0.229459158219358,0.403310461335213,0.711253410332331,FALSE
PROSER1,blue,0.00152217285298687,0.992662215369658,0.00936803058324823,0.109469480849659,0.38132658700801,FALSE
PROX1,turquoise,-0.0867767016820613,0.599387633292897,-0.00911298023123869,0.223756924248038,0.254704996079703,FALSE
PROZ,grey,-0.0686767989229734,0.677831872112235,-0.223503088479283,0.335453187744311,,FALSE
PRP4K,yellow,-0.157055730347393,0.33965612642638,-0.396512424657357,0.395742152667066,0.766422096181881,FALSE
PRPF18,yellow,-0.249940496734296,0.124890536979295,-0.43196485299558,0.237061530166649,0.792425264072216,FALSE
PRPF19,turquoise,0.145624560440178,0.376391225860112,0.552430474659797,-0.379739961799772,0.483450925779729,FALSE
PRPF3,yellow,-0.201653337935255,0.218305718233244,-0.181724560037619,0.222024610252734,0.337928018492809,FALSE
PRPF31,turquoise,0.197662981444478,0.227745251779174,0.60258044809211,-0.418165312303,0.868523113936611,FALSE
PRPF38B,grey,0.0448713791733733,0.786205600469374,0.0708890019206888,-0.217385860519756,,FALSE
PRPF4,purple,-0.0813751274960951,0.622386081291163,-0.293516593534555,0.0884568352250836,0.564318204953332,FALSE
PRPF40A,cyan,-0.141835914889667,0.389065897175065,0.223749673952456,-0.0176943689338194,0.596660009513649,FALSE
PRPF6,turquoise,0.125431329824188,0.446749592749673,0.56330237676215,-0.541046639605542,0.799110189147538,FALSE
PRPF8,brown,0.0129670973941603,0.937551242893048,0.461519710350937,-0.0815287682651036,0.796430353775698,FALSE
PRPH,purple,-0.271124699598291,0.0950143090740332,-0.576357343672913,0.176750511874216,0.770887745927284,FALSE
PRPS1,blue,-0.433058200537953,0.00589175909462981,-0.281375693492352,0.562510430910652,0.787936049656924,FALSE
PRPSAP1,grey,0.0141380341010311,0.931924677745682,-0.0208017145542487,0.273033740872499,,FALSE
PRPSAP2,turquoise,0.195359345336505,0.233319835094813,0.241505064854065,-0.132954611105995,0.311638701255536,FALSE
PRR11,brown,0.0812592529370504,0.622883442772563,0.242820251216667,-0.0283099347520706,0.332682799768598,FALSE
PRR13,turquoise,0.063312832356052,0.70178729820752,0.45814510762089,-0.134563793178769,0.421055560001829,FALSE
PRR14,turquoise,0.214527580251367,0.189700471861216,0.160022883840939,-0.439719194630552,0.149570784768003,FALSE
PRR15L,black,-0.164973246847582,0.315554151422179,-0.300274234566292,0.00408011231101014,0.555440102616497,FALSE
PRR3,yellow,-0.205965720863115,0.208411360100352,-0.524080120473263,0.0881446592543074,0.572144706075608,FALSE
PRR34,purple,0.163238446819135,0.320740621469781,-0.271326402364448,-0.131457535891212,0.525718958006879,FALSE
PRR36,lightcyan,0.0040872477812875,0.980298671850326,0.0354663880423528,-0.32918872161886,0.439409793924717,FALSE
PRRC1,red,-0.00564007492992057,0.972816138480318,0.235771750730941,-0.275914798411201,0.687713236012234,FALSE
PRRC2A,turquoise,0.353369488931429,0.0273327176463257,0.623209282398108,-0.565103106881299,0.82916994787756,FALSE
PRRC2B,turquoise,0.0495721382513171,0.764413685491469,0.244553393702032,-0.167376761765451,0.22933469982787,FALSE
PRRC2C,blue,-0.194832372034017,0.234607984793554,-0.473445240203055,0.445415194352841,0.718256878367956,FALSE
PRRG2,green,0.37284174383703,0.0194062924076394,0.593417692944255,-0.41740914110801,0.593417692944255,FALSE
PRRG4,grey,-0.203171132968014,0.214787049902287,0.0389008466395716,0.292460950172484,,FALSE
PRRX2,grey,-0.25966934308729,0.110400839426421,-0.451256923721881,0.136854306796959,,FALSE
PRSS22,grey,0.0764218146744307,0.643791889252539,0.192483166329114,-0.0450387837425943,,FALSE
PRSS23,tan,-0.0793949744208091,0.630907932815075,-0.369643263263718,0.346059756784926,0.427166882003611,FALSE
PRSS3,turquoise,0.178541213120066,0.276824852175815,0.029493623051509,-0.243567960891879,0.309378747663214,FALSE
PRSS50,turquoise,0.0744366256573467,0.652452362414459,0.0317948776175464,-0.000212730623640141,0.409157247012418,FALSE
PRSS53,turquoise,0.34582373977143,0.0310499987794697,0.424071041808314,-0.294488392223641,0.39243842437844,FALSE
PRSS8,green,0.229287570157337,0.160289268312122,0.515466835958043,-0.331685789586261,0.515466835958043,FALSE
PRUNE1,grey,-0.144223800388371,0.381048629861059,-0.312384382718406,0.126528413085491,,FALSE
PRX,turquoise,0.396204950573021,0.0125275381436037,0.470764391868154,-0.446133285803795,0.848976230331504,FALSE
PSAP,brown,0.195195664577927,0.233719425480522,0.686591392006068,-0.447085782460385,0.893669725387485,FALSE
PSAT1,turquoise,0.153840977359459,0.349756708038344,0.134703037152926,0.130700145403192,0.329196512807641,FALSE
PSD,turquoise,0.0452580287760508,0.784406837065015,0.459930595063003,-0.331037313015607,0.629205496855632,FALSE
PSD3,magenta,-0.342547221109487,0.0327888001622868,-0.551558431944217,0.758200987213575,0.758200987213575,FALSE
PSD4,turquoise,0.122537164184681,0.457388330107073,0.375549234206386,-0.184182130109444,0.76817421436094,FALSE
PSEN1,blue,-0.117566177480632,0.475975264026716,-0.12717637205652,0.385367852202196,0.727484182717061,FALSE
PSEN2,green,0.34238630998921,0.032876210920087,0.73684499577331,-0.63518203660037,0.73684499577331,FALSE
PSENEN,cyan,0.10263133643761,0.534122943853308,0.216282909547446,0.0531421416193608,0.783749343252362,FALSE
PSG4,yellow,0.0371090752770744,0.822536896485136,-0.229182478821945,0.219111976864208,0.468344087613006,FALSE
PSG9,purple,-0.0976111285369799,0.554411328834453,-0.41957538574704,0.182279484604734,0.7402113057448,FALSE
PSIP1,blue,0.0345932952073263,0.834394607722808,-0.0999570814864375,0.118063149623026,0.537641884993784,FALSE
PSKH1,turquoise,0.197596079326066,0.227905854093461,0.498641297573413,-0.348468260656078,0.717245713808028,FALSE
PSMA1,blue,-0.185811877097167,0.257408448847436,-0.104269749628347,0.415770496015706,0.806223657860682,FALSE
PSMA2,blue,-0.220227928505422,0.177920910466313,-0.23695213243053,0.491391977153541,0.825367103943817,FALSE
PSMA3,blue,-0.250699798591737,0.123710975737178,0.0121976523027443,0.436533644517477,0.704545041522979,FALSE
PSMA4,blue,-0.231518086592087,0.156149711668362,-0.0539741756497308,0.33490808490923,0.819908313730093,FALSE
PSMA5,blue,0.00621405486455208,0.970050875997402,0.130227015436255,0.154376841853295,0.271784746664147,FALSE
PSMA7,turquoise,0.304734541715015,0.0592558739382021,0.629587215408818,-0.388461671207705,0.797656915472616,FALSE
PSMB1,blue,-0.249947218022549,0.124880058837844,0.161384058438298,0.230469976459466,0.536731083382019,FALSE
PSMB10,turquoise,0.224639281232134,0.169170341243067,0.600000518884624,-0.259581465686067,0.788097523921991,FALSE
PSMB2,darkgreen,-0.0184304029692593,0.911328971877729,0.354592169700744,0.215842699085232,0.821284476766397,FALSE
PSMB3,brown,0.129577447759083,0.431746887060875,0.478037817781909,-0.0212492346604566,0.810466173839927,FALSE
PSMB4,turquoise,0.0316942180462794,0.848103680261954,0.323977443334855,-0.00317015184335772,0.37246107719814,FALSE
PSMB5,darkgreen,-0.200953587309782,0.219941233357843,0.218680851591969,0.221098883083245,0.853606155539315,FALSE
PSMB6,brown,0.00669978928721106,0.967711022211312,0.443535821921025,-0.036195960529313,0.682318367778556,FALSE
PSMB7,blue,0.0211895733711863,0.898119134734973,0.215049428759023,0.245545932054835,0.246154614241916,FALSE
PSMB8,turquoise,0.123460094408466,0.453980980649502,0.632824384441835,-0.312491828015316,0.657541453852004,FALSE
PSMB9,turquoise,0.233155365578138,0.153161001166574,0.608871147144952,-0.466177966159257,0.502495644176052,FALSE
PSMC1,blue,0.0050356085567943,0.975728613586344,0.187766025735632,-0.0467592021374441,0.31314574238517,FALSE
PSMC2,blue,-0.110713425446704,0.502234993216485,0.12198262639529,0.287377924149723,0.753952822369723,FALSE
PSMC3,brown,0.303597820727748,0.0602580315612258,0.735513077342245,-0.377815500795127,0.835862118835526,FALSE
PSMC3IP,grey,0.158765676422047,0.334357415200184,0.30140636732606,-0.378251673246452,,FALSE
PSMC4,brown,0.183916043858886,0.262381611028108,0.68802209207577,-0.340923458818655,0.812736604969842,FALSE
PSMC5,turquoise,0.139460995739834,0.39713641398693,0.533471939826971,-0.191290452888801,0.639650070251627,FALSE
PSMC6,blue,0.0333944709109024,0.840057963211629,0.107021269569821,0.222711206460925,0.38671859644985,FALSE
PSMD1,pink,0.0137211128675399,0.933927700759041,0.389621185089938,-0.0536658833627343,0.4847012844373,FALSE
PSMD10,blue,-0.131631437750502,0.424419555495335,-0.0286070484675519,0.14946340629505,0.7843194554703,FALSE
PSMD11,cyan,0.112971326129319,0.493502424218093,0.301772794369553,0.155120559276439,0.762197883275915,FALSE
PSMD12,blue,-0.176995867398284,0.281071813596308,0.030922589111851,0.359130267519021,0.701737467777517,FALSE
PSMD13,turquoise,0.110440436627902,0.503296077415417,0.664784336301906,-0.25831649655961,0.654057931295641,FALSE
PSMD14,pink,-0.111722665912898,0.498322035809565,0.292081178961697,-0.0160996006594846,0.707592880056627,FALSE
PSMD2,brown,0.196751981122132,0.229938806632209,0.759668175766139,-0.457230564588293,0.863806100570444,FALSE
PSMD3,brown,0.126740917553111,0.441980396677989,0.658427150182673,-0.34518231568791,0.820370395997961,FALSE
PSMD4,brown,0.16213610576219,0.324063836516283,0.573898573721581,-0.253502248617763,0.752707440726185,FALSE
PSMD5,blue,-0.259686177070212,0.110376922891631,-0.440184325865947,0.496885281946797,0.685244363864405,FALSE
PSMD6,pink,0.071906591891162,0.663555063232411,0.320861734991323,0.0346338553006948,0.839509861236038,FALSE
PSMD7,green,0.270393209426974,0.0959447009450857,0.607526184669745,-0.304222725939799,0.607526184669745,FALSE
PSMD8,brown,0.107419690836835,0.515112788358093,0.499395318192014,-0.12038389190016,0.874651868928091,FALSE
PSMD9,brown,0.19667013947018,0.230136572054201,0.565765575139143,-0.211168959902835,0.732093121365709,FALSE
PSME1,darkgreen,0.0625088162649903,0.705403327058031,0.297437368511365,0.0309170907384316,0.634002577718369,FALSE
PSME2,grey,0.0421300071004018,0.798989839990731,0.303749550153892,-0.117578288704404,,FALSE
PSME3,red,-0.0804093582733398,0.626536427320634,0.00680334209817576,-0.0203148649818068,0.805256092705955,FALSE
PSME3IP1,red,-0.059839057082611,0.717455904991875,0.0858689348753925,-0.207761322371086,0.612763739687039,FALSE
PSME4,blue,-0.202445742512324,0.216463783739415,-0.304411078406275,0.54205683241469,0.640809048466881,FALSE
PSMF1,brown,0.189452480009075,0.248035232414174,0.628422775343466,-0.311551255656376,0.838951339888369,FALSE
PSMG1,blue,0.125964209742048,0.444805596225821,0.250244633572826,-0.00537654020760315,0.280535382126386,FALSE
PSMG2,blue,0.00939540284203891,0.954731232198525,-0.00891785169388035,0.311519328787467,0.630730360901067,FALSE
PSORS1C2,purple,-0.199265604425394,0.223921159562033,-0.381051800170507,0.070037468727936,0.74186858220822,FALSE
PSPN,turquoise,0.298586120026684,0.06483810570137,0.200814167953543,-0.205782072584628,0.502299783689216,FALSE
PSTPIP2,blue,-0.184772269088123,0.260127733869482,-0.0152346370717161,0.110122602296762,0.476683862502975,FALSE
PTAFR,brown,0.1723874171377,0.293987409094658,0.432205008644833,-0.264573141482148,0.741155049698712,FALSE
PTBP1,brown,0.278828967537328,0.0856310126822109,0.71217720834094,-0.35846491631078,0.822005813884014,FALSE
PTBP3,yellow,-0.336186659305997,0.0363924751391501,-0.458085936829848,0.25973676747957,0.683937793170015,FALSE
PTCD2,yellow,-0.121276115022443,0.462066145351161,-0.377651405797754,0.269512442401074,0.710752179784177,FALSE
PTCD3,blue,-0.0900639922650919,0.5855746604187,-0.186454546034688,0.517303811857553,0.450834391595848,FALSE
PTCH2,grey,0.116060590199544,0.48168204312533,-0.154521760681059,-0.0118486920288891,,FALSE
PTCRA,lightcyan,0.148683700300653,0.366337657815907,0.185479228660045,-0.274006999164592,0.819047320556318,FALSE
PTDSS1,blue,-0.241955724870501,0.137808335196044,-0.112737231770069,0.175386321793872,0.373665472033054,FALSE
PTDSS2,turquoise,0.360109860066913,0.0243309717244759,0.411525122502884,-0.417676608919756,0.793713478050663,FALSE
PTEN,pink,-0.0637920550043474,0.699635083722562,-0.254329281584557,0.439490039393878,0.37313961116986,FALSE
PTER,blue,-0.228287316519962,0.162171215974478,-0.290506068267487,0.495566414861015,0.609887606964536,FALSE
PTGDR2,turquoise,0.11711944086915,0.47766485710076,0.292281237800146,-0.377803181785669,0.509170157918015,FALSE
PTGDS,salmon,0.271400651298634,0.0946651282040333,0.248764222582057,-0.392955845300012,0.875468556741987,FALSE
PTGER1,turquoise,0.194609788213917,0.235153523362344,0.281644797338541,-0.230130466437741,0.599752917218799,FALSE
PTGER4,greenyellow,0.128257736621355,0.436491613841672,0.236219772649868,-0.258366538771345,0.683119513040565,FALSE
PTGER4P2-CDK2AP2P2,brown,-0.129405974753209,0.432361755061848,0.179605776340108,-0.166866618657185,0.287933610759449,FALSE
PTGES,purple,-0.0891835153835941,0.589260448391169,-0.19300909209243,-0.218072647582289,0.545190723058434,FALSE
PTGES2,turquoise,0.33339764250253,0.0380715428672502,0.585113362429745,-0.477461108396432,0.770896443143427,FALSE
PTGES3,pink,0.100494130819885,0.542716019266792,0.0658418102571095,0.198895366450635,0.69449902732129,FALSE
PTGIR,midnightblue,0.155155013788162,0.345606202665672,0.131765326179308,-0.443777126583841,0.822301974288593,FALSE
PTGIS,tan,-0.147820096446753,0.369159400235021,-0.323839899813007,0.0054836970892336,0.849431616899058,FALSE
PTGS1,salmon,-0.166772976562194,0.310229715133213,0.038145363475143,-0.0981629214379642,0.448256386400865,FALSE
PTH1R,turquoise,0.198857590445797,0.224890536398716,0.418337904394308,-0.457147310287321,0.708731070914344,FALSE
PTK2,brown,0.144409167238283,0.380430361506182,0.165852024589721,-0.00572314006689042,0.491694514959232,FALSE
PTK2B,turquoise,-0.212569846012779,0.193870320464875,-0.110957229823315,0.125545123186811,0.25608215049676,FALSE
PTK7,midnightblue,-0.0357923485305627,0.828738396839402,0.173592603834049,-0.381887988565753,0.590580775173594,FALSE
PTMA,brown,0.207437137541989,0.205107802053649,0.412802477422299,-0.321221046749956,0.455604106571108,FALSE
PTMS,turquoise,0.136922013078705,0.405870592048797,0.390735238353034,-0.15467044420494,0.749163899497004,FALSE
PTN,black,-0.332893741404501,0.0383815365086802,-0.333151228537976,0.0352171638049561,0.734212348542359,FALSE
PTOV1,turquoise,0.1885591093562,0.250313836107757,0.667227747258485,-0.429153404126794,0.82770897736697,FALSE
PTP4A1,blue,-0.220870885933932,0.17662579499253,-0.284524337716439,0.60003858935515,0.53976745968986,FALSE
PTP4A2,darkgreen,0.0700573409548833,0.671715458310664,0.15899976883972,0.213434662899914,0.49895451612078,FALSE
PTP4A3,turquoise,0.0693847730479017,0.674692659123471,0.193179666885636,-0.186744560209986,0.563357977324669,FALSE
PTPA,brown,0.269767550303044,0.0967460179326937,0.701223602803714,-0.49791307346841,0.676015458831327,FALSE
PTPN1,red,0.0442771322639429,0.78897227508925,0.0739683906906073,0.00169271984341215,0.537759664275071,FALSE
PTPN11,blue,-0.0689108323932073,0.676793552596584,-0.0890703165473476,0.279848167414928,0.845782731859435,FALSE
PTPN12,blue,0.0385468470358447,0.815777431938663,-0.0364410317557905,0.337905851233394,0.594275438418568,FALSE
PTPN18,turquoise,0.0974916156260786,0.554898689226717,0.426839840821082,-0.256565059697716,0.367261033444997,FALSE
PTPN2,blue,0.0250168237700392,0.879841209660176,-0.189208879655746,0.142268438862499,0.648201447038452,FALSE
PTPN21,lightgreen,-0.0361302016559822,0.827146189030515,-0.291418507332729,0.202901736072105,0.389463650560008,FALSE
PTPN3,blue,-0.24088984785914,0.139604747828097,-0.309385626713794,0.368008953093585,0.368738588653728,FALSE
PTPN4,blue,-0.345498248549162,0.031219264765627,-0.428139644076892,0.401121456235971,0.510296685577716,FALSE
PTPN6,greenyellow,0.226768078308912,0.165060117648398,0.635850517601733,-0.490729929727855,0.7976966678876,FALSE
PTPN7,black,0.0562441544086299,0.733791684580107,-0.226273793745942,-0.100769785911997,0.493599441164261,FALSE
PTPN9,lightgreen,-0.39550469333912,0.012698556896225,-0.59158727208603,0.533054293910482,0.681196468602913,FALSE
PTPRB,grey,-0.00539911312967722,0.973977115093977,-0.0674610231114288,0.220519153325733,,FALSE
PTPRC,lightyellow,0.0395190921003471,0.811213976441148,-0.0863366677305768,0.0458297571589429,0.78026545883759,FALSE
PTPRD,blue,-0.236996977236992,0.146312613299705,-0.640534516867773,0.551096234342282,0.377932209881145,FALSE
PTPRF,green,0.174676998525088,0.287523732770222,0.731615866593155,-0.467977842480015,0.731615866593155,FALSE
PTPRH,turquoise,0.190143185014829,0.246283109449408,0.378953516043898,-0.378508947045145,0.559401326204426,FALSE
PTPRJ,red,0.0273792544327063,0.868588829073249,0.115963368553711,-0.250847270028469,0.632098550866617,FALSE
PTPRK,blue,-0.199450091152819,0.223483789996675,-0.465618690612194,0.554605903683668,0.79640822615774,FALSE
PTPRO,grey60,-0.0842753302254961,0.609992003223438,-0.307533909886885,0.220800203854258,0.455560441402342,FALSE
PTPRS,brown,0.128901146542809,0.434174788050969,0.16952932502567,-0.150934950071228,0.486995186659236,FALSE
PTPRT,yellow,0.0581888720515242,0.724939721201751,-0.162806037027756,-0.023267950612732,0.386810564145108,FALSE
PTPRU,green,0.0296128640284039,0.857973412957896,0.512819088115091,-0.517813767566472,0.512819088115091,FALSE
PTRH2,blue,-0.0358875691185143,0.828289580128222,-0.0780424188079147,0.238766098976953,0.743351555710221,FALSE
PTS,brown,0.0324682910742876,0.844438779089302,0.274741155989892,0.134271662856485,0.289941685011613,FALSE
PTTG1,purple,-0.116457591395008,0.480173794076278,-0.21682836974277,-0.0783277974294756,0.744544702138907,FALSE
PTTG1IP,turquoise,0.113061613759379,0.49315485990794,0.326665902146167,-0.202274512905933,0.407148114713679,FALSE
PUDP,blue,-0.112325261800889,0.495993128279469,-0.284359201786341,0.0208071541922145,0.343113842042338,FALSE
PUF60,turquoise,0.302367302710178,0.0613580162110131,0.704930137617174,-0.52509699178777,0.935470296586802,FALSE
PUM1,yellow,-0.266490744643158,0.101026895696898,-0.613437944063452,0.555711253519846,0.753407274258644,FALSE
PUM2,yellow,-0.31770066579575,0.048737214511573,-0.564206687324598,0.634282205463056,0.780347035703622,FALSE
PUM3,grey,-0.0791648955930293,0.631901193915456,0.136392115555805,-0.0583733190492456,,FALSE
PURA,blue,0.0889401849789712,0.590280866908448,-0.116612136571283,0.104570586110564,0.460961011692254,FALSE
PUS1,turquoise,0.240774256659799,0.139800597032592,0.515714826497892,-0.271295284217311,0.62848982879882,FALSE
PUS3,blue,-0.0800135979442381,0.628240478257197,-0.0283398375418763,0.265430538061884,0.58993879286183,FALSE
PUS7,blue,-0.122206830979645,0.458611218181643,-0.0563189873034814,0.0907406377163724,0.583864372725685,FALSE
PUS7L,blue,-0.206694702217544,0.206770092569756,-0.233183105393375,0.0403039290812677,0.367431297323958,FALSE
PVALB,grey,0.381647949709003,0.0165129461423481,0.190717339683951,-0.227126962057691,,FALSE
PVR,grey,0.137649576019914,0.403356581077462,0.222863280262386,-0.238333920126419,,FALSE
PVRIG,grey60,0.192422211938453,0.240560954249924,-0.136666936661941,-0.191188145052163,0.413553045242533,FALSE
PWP1,blue,-0.393057134265166,0.0133119512900115,-0.435801177901245,0.399072864410218,0.62777139420125,FALSE
PWWP3A,turquoise,0.337687986324758,0.0355139870358787,0.297894208396163,-0.200109246283934,0.714869548912215,FALSE
PXDC1,green,0.438899343177982,0.00518780343356629,0.756036400685431,-0.472675071773638,0.756036400685431,FALSE
PXDN,salmon,-0.121342956593002,0.461817558297497,0.0839874812330887,-0.167427318556326,0.528650985639182,FALSE
PXMP2,brown,0.0727518310736927,0.659837816222781,0.378915207191431,-0.010966310973841,0.821406938083631,FALSE
PXMP4,red,-0.107505307700237,0.514775976443695,0.206987446048669,-0.233341580685996,0.6866981446854,FALSE
PXN,turquoise,0.170500374600831,0.299384358010808,0.225237087083346,-0.175504503367953,0.574901414147638,FALSE
PYCARD,greenyellow,0.394680309516929,0.0129024246049453,0.446332268578694,-0.356143506128464,0.857791421040179,FALSE
PYCR1,turquoise,-0.0535822389969508,0.745963195157678,0.19673296766181,-0.148471089237242,0.377937437681736,FALSE
PYCR3,turquoise,0.063308742019964,0.701805678028505,0.289777149973232,-0.343632677297537,0.467179754613125,FALSE
PYGB,red,0.367833595757113,0.0212332567499148,0.365619085420584,-0.477038853848779,0.587841552961707,FALSE
PYGL,brown,0.0241508671306753,0.883971759626669,0.437044962160101,-0.0493803971575381,0.453832050705766,FALSE
PYGM,salmon,0.112749247983691,0.494357853891144,0.177802895165914,-0.346273992400844,0.447077545841172,FALSE
PYHIN1,grey60,0.0967833794565098,0.557790910724662,-0.0131230585473002,-0.18758197074158,0.699439695120135,FALSE
PYROXD1,blue,-0.0979914557284257,0.55286173423798,-0.172750503017633,0.293763681787723,0.706968144526226,FALSE
PYY,grey,-0.391968864278762,0.0135926447401335,-0.38289693390134,0.26597801974047,,FALSE
PYY2,grey,-0.0285899002169871,0.862832193229778,-0.266496401166658,0.216255918116026,,FALSE
PZP,blue,-0.165823683447879,0.313031035921176,0.0882549900575574,0.025181078686242,0.329870845837299,FALSE
QARS1,brown,0.132882744483377,0.419990079331027,0.525117355774092,-0.223961104536946,0.863537669141929,FALSE
QDPR,brown,0.0838568582696739,0.611773854017255,0.335919419972362,-0.0286169356618253,0.655799829141018,FALSE
QKI,blue,-0.109593541803719,0.506595094399147,-0.412947873640771,0.308630519313779,0.805962600567479,FALSE
QPCTL,turquoise,0.0776512393376425,0.638451541178854,0.251720242408091,-0.343247897159416,0.405490811391521,FALSE
QPRT,brown,0.0930253654025017,0.573253970557434,0.455257616039969,-0.125742482966235,0.68197269231137,FALSE
QRICH1,blue,-0.00240207449488425,0.988420795798916,-0.0154101199922161,0.0126626460692975,0.33398856711452,FALSE
QSOX1,greenyellow,0.243193896165204,0.135743056076937,0.408945392206043,-0.55748545381594,0.697701293714478,FALSE
QTGAL,grey,0.287696402628444,0.0757379842711388,0.199948038795789,-0.344730763635916,,FALSE
QTMAN,red,-0.0106053367864429,0.948908759170039,-0.111883635701572,-0.0560017910597898,0.431584365106021,FALSE
QTRT1,turquoise,0.305071974667144,0.0589609520642653,0.557676420390303,-0.422110080464934,0.893022774371187,FALSE
R3HCC1,brown,0.199782859358298,0.22269636618019,0.696073780102246,-0.479518068853349,0.800248557128303,FALSE
R3HDM1,blue,-0.183005614508682,0.264792316421307,-0.30005869093749,0.268718929936713,0.703877893708954,FALSE
R3HDM2,royalblue,0.0297776377668224,0.857191263039041,-0.223613571075247,0.2292496534804,0.660329667512465,FALSE
R3HDM4,turquoise,0.331063067602678,0.0395250984539933,0.613598197485953,-0.653166866622149,0.416317960221981,FALSE
RAB11A,pink,-0.106351461646331,0.519324347446335,-0.00103442469710924,0.301881655618168,0.788412478488038,FALSE
RAB11B,grey,-0.277170155924238,0.0875880547604454,0.0221556647224889,0.0474452866233352,,FALSE
RAB11FIP2,blue,-0.323255325069704,0.0447176232620449,-0.357841240311909,0.340582792895742,0.640341275515278,FALSE
RAB11FIP3,turquoise,0.105729142124568,0.521785710869577,0.207368521160924,-0.518531629455578,0.176975793522267,FALSE
RAB11FIP5,salmon,-0.00177076760213721,0.991463880581339,0.0326910308810054,-0.390657767731741,0.103989363642474,FALSE
RAB13,blue,-0.286293366566118,0.0772407594728896,-0.408255764226378,0.465208006871964,0.531045124737447,FALSE
RAB14,cyan,-0.235876782193032,0.148285930774541,0.110968403965701,0.0936690370959927,0.6371960993704,FALSE
RAB15,green,0.296112957671844,0.0671975229091857,0.528474199864751,-0.356345112985509,0.528474199864751,FALSE
RAB17,turquoise,0.066516159731384,0.687445332605808,0.31340698904269,0.0126167775529419,0.593504846155722,FALSE
RAB1A,green,0.241337222130207,0.138848657672763,0.520425158092727,-0.223253366656828,0.520425158092727,FALSE
RAB20,brown,0.245647575621182,0.131718144381199,0.452650604549146,-0.269272116403693,0.561962936120576,FALSE
RAB21,blue,-0.115701583899753,0.483048070319068,-0.0696007994236119,0.279035604991362,0.817660664947183,FALSE
RAB22A,blue,-0.156982683362534,0.339883624902606,-0.145678964059639,0.237503845528619,0.637131709110514,FALSE
RAB26,turquoise,0.237138201225721,0.146065209433268,0.316060041044106,-0.279893677076149,0.488805350495613,FALSE
RAB27A,grey,0.0425434178269881,0.797058522026234,0.318668232933273,-0.16829687395257,,FALSE
RAB29,blue,0.0638667007476857,0.699300053344172,-0.087444544460441,0.230519245090943,0.570757050725531,FALSE
RAB2A,brown,0.08237596272571,0.618097151033255,0.395142054309926,-0.303673865674806,0.508068371945369,FALSE
RAB31,lightyellow,0.0399845801858487,0.809031266776203,0.109494085279429,-0.148524339884073,0.73290871127581,FALSE
RAB32,turquoise,0.482014374639333,0.00188876253002427,0.694775260659882,-0.735130133240002,0.594692252639837,FALSE
RAB33B,blue,-0.410072003363664,0.00952199313804631,-0.504149641074539,0.640702100862246,0.832807703390467,FALSE
RAB35,turquoise,0.352616785192028,0.0276861537130238,0.398363511953504,-0.405237748836125,0.433089786340304,FALSE
RAB36,black,-0.0228867374388824,0.890006970225508,-0.11624823883401,-0.205669600780864,0.575530971146745,FALSE
RAB3A,brown,0.0832390580162423,0.614408472141925,0.000972435859557125,-0.0250209733743067,0.268016003072934,FALSE
RAB3D,turquoise,0.397309421692049,0.0122617750260524,0.316822832405385,-0.442563468866906,0.338186456806195,FALSE
RAB3GAP1,blue,-0.312752168042818,0.0525584810484469,-0.198060332528131,0.261715485808764,0.591221873890334,FALSE
RAB3GAP2,yellow,-0.345926515489732,0.0309967091825855,-0.495576064574455,0.525063182106715,0.833677188913869,FALSE
RAB3IL1,grey60,0.153445312971842,0.351012366140975,-0.263670180830916,-0.00718592970840417,0.576616968576066,FALSE
RAB40AL,turquoise,0.245734885115457,0.131576577812686,0.490694954578574,-0.475231512091785,0.502141951536032,FALSE
RAB40B,turquoise,0.178605732210278,0.276648455927826,0.237660418244616,-0.311730954631366,0.655986109825297,FALSE
RAB40C,turquoise,0.487545638607131,0.00164322268186665,0.416615802769288,-0.402163906494284,0.645600926604343,FALSE
RAB4A,pink,0.105901489167504,0.521103477957952,0.236810998725773,0.215522815973278,0.728807464947863,FALSE
RAB5A,blue,-0.115046778433605,0.485544805395807,-0.0473185498003611,0.0848221390490268,0.740459947065149,FALSE
RAB5B,brown,0.200631011032975,0.220698016595938,0.34310573265568,-0.11547910235283,0.32588689673347,FALSE
RAB5C,brown,0.182864322489573,0.265167747861515,0.530122604073497,-0.164285270816046,0.814055496164964,FALSE
RAB6A,blue,0.196648189194447,0.230189633288442,0.144726241416125,-0.00513191417397485,0.564633537022662,FALSE
RAB8B,red,0.000295553503823926,0.998575236603027,-0.151172177034592,-0.0877362992523644,0.758055744085638,FALSE
RAB9A,brown,0.00625340832452089,0.969861295160655,0.348300010509605,0.0330400236013271,0.407375429520427,FALSE
RABAC1,turquoise,0.353718712272502,0.0271700098235322,0.695104502859135,-0.490557252229345,0.841798243503445,FALSE
RABEP2,lightcyan,-0.0413663663589087,0.802560410810854,-0.113218557806039,-0.167764058882067,0.344058306877223,FALSE
RABEPK,grey,0.0713813281220355,0.665869115669034,0.0957445684702246,-0.089987957520119,,FALSE
RABGAP1L,yellow,-0.319804926003734,0.0471815818979998,-0.393125838923645,0.287858073491229,0.74256613136955,FALSE
RABGEF1,blue,-0.146076229422988,0.374896678457006,-0.37205535748268,0.277273379329324,0.6777712996942,FALSE
RABGGTA,brown,-0.017098511964816,0.917714188384292,0.560842241466888,-0.415401571403052,0.674756966512479,FALSE
RABGGTB,blue,-0.0678691324439234,0.681419686162223,-0.125541400041543,0.390826964539391,0.780943300554846,FALSE
RABIF,red,-0.197918785564561,0.227131892633533,-0.131739693171887,0.0109235045301756,0.667704037566817,FALSE
RABL3,blue,-0.361426889084954,0.0237776850197066,-0.455519552855395,0.423050165310917,0.819569666301901,FALSE
RABL6,yellow,0.125365411676191,0.446990390112451,-0.328512089608945,-0.0821936192977417,0.42884691833344,FALSE
RAC1,blue,-0.164603732201585,0.316654424481364,-0.216304985372428,0.340064890279424,0.63987872996038,FALSE
RAC2,greenyellow,0.356865466838167,0.02573971666295,0.37609023251546,-0.496526696592171,0.785916131502923,FALSE
RACK1,brown,0.15370278345461,0.350194961436325,0.393703900437331,-0.111685035864085,0.830869705429947,FALSE
RAD1,blue,0.00761177405170759,0.963318593334109,-0.133544760314494,0.211395369541727,0.457885415764688,FALSE
RAD17,blue,-0.361230913761021,0.0238593459097928,-0.386480928685987,0.348854479946299,0.64124641626478,FALSE
RAD21,blue,-0.135815387028354,0.409711563651434,-0.238823589367937,0.413675367526798,0.72581602345239,FALSE
RAD23A,brown,0.0449920225044467,0.78564422810141,0.430083745695252,-0.113040387706527,0.654371647612041,FALSE
RAD23B,blue,-0.0103650729373833,0.950064764000794,-0.115453841313938,0.410103956818735,0.653839253275905,FALSE
RAD51C,blue,0.0171244129403305,0.917589966728993,-0.0432784893908008,0.137552019160013,0.676386393828962,FALSE
RAD52,turquoise,-0.0790700160799953,0.632310978931987,0.113143437901951,-0.151176893854894,0.530717789354714,FALSE
RAD54L2,darkred,-0.216305586310275,0.18596868953732,-0.257001228040462,0.468920183784162,0.587153788793127,FALSE
RAE1,brown,0.132231964645414,0.422290503270235,0.366685169209438,-0.270416376873043,0.357828727885897,FALSE
RAF1,cyan,0.0793032646168816,0.631303771852097,0.412635256300716,0.0656009673777072,0.834994736522864,FALSE
RAI1,turquoise,0.25150735115335,0.122465626699487,0.492242148454134,-0.480157095961618,0.673163243481023,FALSE
RAI14,blue,-0.352964357426421,0.0275224826840997,-0.266168382827998,0.291154201008665,0.608449665690767,FALSE
RALB,lightgreen,-0.270817170393198,0.0954046116497963,-0.325246466028537,0.214454859406332,0.838408360087016,FALSE
RALBP1,turquoise,0.205544969497109,0.209362772127495,0.320140208368212,0.0701123875353937,0.398509414888736,FALSE
RALGAPA1,yellow,-0.447821241568222,0.00425322834439075,-0.451662695785613,0.315141538967685,0.385599154522766,FALSE
RALGAPB,yellow,-0.177986614039238,0.278344165701881,-0.11356596039743,-0.116346979723711,0.515473601185465,FALSE
RALGDS,turquoise,0.312195580491921,0.0530028960231114,0.439567922486351,-0.436065599467961,0.445135801374906,FALSE
RALGPS1,red,0.0522793382854255,0.751943099099916,0.1615857942434,-0.21630894276734,0.619755457815839,FALSE
RALY,brown,0.337929462386695,0.0353743222398515,0.716988765808064,-0.554688104183392,0.809881208438809,FALSE
RAMP1,grey,-0.240610443384328,0.140078497237981,-0.18062704891863,0.218527732480982,,FALSE
RAMP2,grey,0.152896855524182,0.352757443391875,-0.0904666865531708,-0.0218004406214218,,FALSE
RAMP3,grey,0.170579812336979,0.299155896349096,0.0737702056436887,-0.109858756539198,,FALSE
RAN,blue,0.0517317018135168,0.754460868921942,0.294729380419944,0.205351078044288,0.415580815288589,FALSE
RANBP1,turquoise,0.197107375461219,0.229081361968828,0.567191794902984,-0.28734310783731,0.685816831215354,FALSE
RANBP10,turquoise,0.0324286671400832,0.844626303584477,0.382987912042439,-0.0555326107307001,0.560951783103859,FALSE
RANBP2,blue,-0.162377196072973,0.323335193824753,-0.439609917649197,0.348735123842683,0.740870345061263,FALSE
RANBP3,turquoise,0.166130733715779,0.312123202875527,0.540184299191386,-0.508265217573264,0.531991665759552,FALSE
RANBP9,blue,-0.300494319477997,0.0630628431827249,-0.578168844205098,0.63566819322388,0.760385476959569,FALSE
RANGAP1,green,0.337184686926934,0.0358065347294351,0.83423367601425,-0.638482201715467,0.83423367601425,TRUE
RANGRF,brown,0.16762550923095,0.307727499328188,0.397390720593796,-0.502820787099329,0.491565920749075,FALSE
RAP1A,blue,-0.30098973182943,0.0626083005995539,-0.510262425299582,0.475417015651231,0.869723964195232,FALSE
RAP1B,blue,0.118308341913135,0.473175298401403,0.0534780051693319,0.186295315737106,0.568965107739629,FALSE
RAP1GAP,brown,0.365076508850359,0.0222988805612259,0.551825758346665,-0.613456496746397,0.400137294331121,FALSE
RAP1GDS1,blue,-0.186667954625419,0.255183468951375,-0.0902252457181146,0.239846798955315,0.31961976496466,FALSE
RAP2A,green,-0.137516113429555,0.40381707486101,0.317040022865519,-0.256012689622902,0.317040022865519,FALSE
RAP2B,blue,-0.010340223425635,0.950184330664199,-0.350583251731522,0.124384452857645,0.554586848778559,FALSE
RAP2C,royalblue,-0.122323314816974,0.458179796466544,-0.307741589687133,0.250324001629575,0.634950386008198,FALSE
RAPGEF1,turquoise,0.345885298593398,0.0310180712538047,0.556731841461065,-0.532589556133919,0.716949470671973,FALSE
RAPGEF2,blue,-0.157334961229594,0.338787349336794,-0.293834519539006,0.29894354720662,0.359956774286534,FALSE
RAPGEF3,black,-0.18021169698876,0.27228139133764,-0.430484678884449,0.010975601410314,0.741744155595071,FALSE
RAPGEF5,blue,-0.255364758225298,0.116646256518172,-0.472857732176842,0.329827598633049,0.602926295622606,FALSE
RAPGEFL1,turquoise,0.14991156825807,0.362347997095055,0.466861054574558,-0.331749200663116,0.412989860839966,FALSE
RARA,turquoise,0.0585599858443086,0.723254443145188,0.233729224347668,-0.3509322667,0.267711032532417,FALSE
RARB,lightgreen,-0.371737497585898,0.0197973724943273,-0.626562614263561,0.359770197297236,0.845516442743564,FALSE
RARG,black,0.10647269532735,0.518845520468862,-0.294969269836561,0.0171656218239625,0.627632215437831,FALSE
RARRES2,brown,0.160172927431702,0.330035235218326,0.522508629174822,-0.296040973295793,0.700727701141268,FALSE
RARS1,blue,-0.05852959045063,0.723392424504566,-0.054316730373913,0.27940978604372,0.669714493049769,FALSE
RASA1,blue,-0.211047630047412,0.197156820564114,-0.438059021869071,0.44829292590299,0.871076060977208,FALSE
RASA3,black,0.141277584605363,0.39095457189041,-0.0507559584807587,-0.0881242765401898,0.450757027483943,FALSE
RASGRP2,turquoise,0.0840291027090361,0.611040170811732,-0.00865714866478404,0.0146939447050727,0.36024852444269,FALSE
RASIP1,grey,0.166801127679735,0.310146885508268,0.0606081211231835,-0.107598555111062,,FALSE
RASL10A,grey,-0.0900791411638464,0.585511335118663,-0.242196034156444,0.0204631283440521,,FALSE
RASL12,black,-0.0999462316745491,0.544929546229176,-0.263650902974053,-0.144673830814018,0.552066291540421,FALSE
RASSF1,midnightblue,0.440403881294252,0.00501874214125501,0.501815442958948,-0.707123557648082,0.547814738788117,FALSE
RASSF2,lightyellow,-0.0109100028189199,0.947443038409198,-0.207862265725429,0.0842922871083894,0.715317151434635,FALSE
RASSF4,green,0.223444137865641,0.171509894699007,0.541737426500872,-0.456399375320313,0.541737426500872,FALSE
RASSF7,turquoise,0.284859781887531,0.0788002099438605,0.384995939390844,-0.47170716569894,0.702419878514417,FALSE
RAX,lightcyan,-0.0541912642669655,0.743172960907749,-0.139205609670882,-0.0373404127029738,0.434829091279437,FALSE
RB1CC1,blue,-0.346219749461742,0.0308450797505364,-0.430355827680907,0.733517453574105,0.709227407983692,FALSE
RBBP4,red,0.250228373037644,0.124442341094527,0.174670257192336,-0.186539842527446,0.391024405508924,FALSE
RBBP6,blue,-0.36259134133749,0.0232972484994637,-0.436442848217893,0.514071484661089,0.683993065504168,FALSE
RBBP7,pink,0.0673115463894993,0.683900636606444,0.28523400363543,0.0733334879221274,0.815027015084583,FALSE
RBCK1,grey,0.153364963084448,0.351267694207587,0.317379037308658,-0.251201733920819,,FALSE
RBFA,turquoise,0.0146962570456894,0.929243445347782,0.47407871189949,-0.310100452751962,0.505839083045253,FALSE
RBFOX2,yellow,-0.259187551574131,0.111086999426648,-0.542273995484829,0.42382968078116,0.642731251820237,FALSE
RBL2,magenta,-0.415102618200065,0.0085959839491659,-0.736766445976013,0.799071652274975,0.799071652274975,FALSE
RBM10,turquoise,0.100703099925884,0.541872911833456,0.495189407770789,-0.286005584450335,0.652480529065564,FALSE
RBM14,turquoise,0.432856247606798,0.00591750543893348,0.403891947872021,-0.0921022611020691,0.448696334999096,FALSE
RBM15,yellow,-0.0239858027769469,0.884759451216507,-0.197322390045619,0.100196141179656,0.449449682744364,FALSE
RBM15B,grey,0.377515530416943,0.0178219138970121,0.224735459392379,-0.207782407179318,,FALSE
RBM17,turquoise,0.026095612428126,0.874699860812034,0.287347498850123,-0.213942600916276,0.552789951115067,FALSE
RBM19,turquoise,0.214350555808745,0.190074895466717,0.00910997973703015,-0.201562932417801,0.142907928069202,FALSE
RBM22,blue,-0.000984983143129893,0.995251754137101,-0.0231219663049623,0.317725591063801,0.303561553568322,FALSE
RBM23,pink,0.0278864893345948,0.866176090210024,0.0410428867327076,0.000374403639546703,0.257481911591451,FALSE
RBM25,royalblue,-0.147092537265042,0.371546656973265,-0.411301582020015,0.458257710087774,0.778407727664976,FALSE
RBM28,yellow,-0.164723495055231,0.316297552575352,-0.253008456863756,0.306083101213508,0.482816771473283,FALSE
RBM38,lightcyan,0.488307285102065,0.00161171936221487,0.573343916546711,-0.48947103552766,0.685982332794196,FALSE
RBM39,grey,0.207867891425634,0.20414763806217,-0.00898146353798329,0.116362958804077,,FALSE
RBM41,blue,-0.410732713825515,0.00939570915082704,-0.512503157243376,0.626274690291629,0.508753041030926,FALSE
RBM42,turquoise,0.267667524535622,0.0994731927663276,0.582038214750979,-0.230608120923143,0.743515631175646,FALSE
RBM47,blue,-0.255722152176656,0.116117813171604,-0.461480787824018,0.626547201691331,0.817181735388159,FALSE
RBM48,blue,-0.296759067640821,0.0665746908319427,-0.363376529331595,0.306541734288731,0.661490408625695,FALSE
RBM4B,blue,-0.188956111411537,0.249299530818748,-0.204001399993565,0.112853905091482,0.498433649458021,FALSE
RBM5,royalblue,-0.349075743608388,0.0293999405253313,-0.35281263154792,0.196598675161598,0.665108152779101,FALSE
RBM6,turquoise,0.26157842368785,0.107713477223865,0.0679793898097463,-0.122397361090782,0.373909450330623,FALSE
RBM7,blue,0.183480320447981,0.263533533623231,-0.0227662022934555,0.140225180776957,0.535685517754054,FALSE
RBM8A,blue,0.0317263958350027,0.847951269047678,0.0566474558791239,-0.065432770982993,0.472559982268833,FALSE
RBMS1,magenta,-0.334167432364792,0.037601920735476,-0.526053375502312,0.564844412379349,0.564844412379349,FALSE
RBMS2,black,-0.121162293527362,0.462489617773692,-0.408157573305486,0.040193933350967,0.752911674368913,FALSE
RBMS3,black,-0.1527789571083,0.353133257586172,-0.5186764031196,0.257533434160615,0.712175342679684,FALSE
RBMX2,blue,-0.326756089099894,0.0423250942564533,-0.425984741081172,0.464947441676746,0.799902081219253,FALSE
RBP1,greenyellow,0.303115938971211,0.0606869132402055,0.245516589105728,-0.140150978829872,0.563451517047803,FALSE
RBP4,turquoise,-0.0464507333507872,0.778865152366537,0.347111611618525,0.0536159302979907,0.432910344613363,FALSE
RBPJ,blue,-0.270755229979217,0.0954833724138109,-0.419227934434849,0.461125469275587,0.736671929446226,FALSE
RBPMS,salmon,0.16400614458288,0.318438911929013,0.159713258233223,0.050164139057019,0.592973701550354,FALSE
RBX1,blue,-0.100391704029698,0.54312949948548,0.370637072364,-0.0427677820697484,0.405082201405615,FALSE
RC3H1,red,0.0524003731762616,0.751386979064025,-0.0659236658465878,0.198807341411705,0.322960313135609,FALSE
RC3H2,red,0.157048875487634,0.339677471309202,0.136032803655118,-0.319182883893399,0.728329893888263,FALSE
RCAN1,blue,0.204284578111449,0.212230830482614,0.311370260403549,-0.0572845393908708,0.174970505418133,FALSE
RCAN2,tan,-0.0596859868473353,0.718149018892105,-0.345000327608482,0.0551144423636763,0.858090105848236,FALSE
RCC1L,turquoise,0.215303039134906,0.188066442506322,0.670809838240311,-0.365974136803269,0.809540461116828,FALSE
RCL1,blue,-0.39620322457762,0.0125279572557842,-0.373229783928469,0.583657401149641,0.319955160434064,FALSE
RCN1,brown,-0.10168507028092,0.537919462433481,0.430542509251435,-0.136309294074164,0.286800584436363,FALSE
RCN2,grey,0.0619049645086777,0.708123331703168,0.225229414576196,-0.0623328165988367,,FALSE
RCN3,turquoise,0.309162680555622,0.0554777120856345,0.320111127718059,-0.262812362932879,0.702685487697427,FALSE
RDH11,blue,-0.0898753752013515,0.586363371070298,-0.0597533324898531,0.0587274087430949,0.513138133543311,FALSE
RDH16,turquoise,0.370781591141726,0.0201412223314668,0.726728451997962,-0.521105558947497,0.638413932095581,FALSE
RDX,blue,-0.195476519420076,0.233034065878896,-0.247208244614245,0.48237694483484,0.871731432349767,FALSE
REC8,black,-0.0906091544291367,0.583297700307404,-0.227454325639897,-0.176290359373767,0.583061582811513,FALSE
RECK,black,-0.0389247391925622,0.814002987736647,-0.125967606960196,-0.292602704177868,0.586360781312891,FALSE
RECQL4,turquoise,0.184006491119078,0.262142914029779,0.424122688838743,-0.312839906027484,0.826184159129926,FALSE
RECQL5,yellow,-0.120657928606562,0.464368600993532,-0.482611931818369,0.233086469269209,0.513700992015286,FALSE
REEP1,black,-0.275406600990459,0.0897064200811495,-0.415222428260954,0.106252927816483,0.795959403974871,FALSE
REEP2,grey,-0.0991467488376269,0.548167169671538,-0.0427928082111824,-0.198706007024756,,FALSE
REEP4,turquoise,0.279148136900073,0.0852583786755316,0.397240822219192,-0.288390370065512,0.463000052622489,FALSE
REEP5,darkgreen,-0.230458833267766,0.15810574844301,0.0878286452258387,0.326653889917573,0.828711237286717,FALSE
RELA,brown,0.263408377044974,0.105184393858757,0.45915831586768,-0.250696424994385,0.375665633634876,FALSE
RELB,turquoise,0.217362245161285,0.183775719350697,0.483816274647092,-0.387215837010331,0.406062012654779,FALSE
RELN,blue,-0.158894769328666,0.333959472975411,-0.323537311070191,0.367696157154872,0.625711925154899,FALSE
REM1,turquoise,-0.174534594543962,0.287923048290303,0.0271773463773227,-0.197179431733869,0.378338045521695,FALSE
REN,turquoise,0.097613908247668,0.554399995872226,0.347246907740384,-0.25062274999415,0.506067289266911,FALSE
RENBP,grey,0.353978675407852,0.0270494104499951,0.116180781255894,-0.257193945689455,,FALSE
REPIN1,turquoise,0.195460688664815,0.233072660696783,0.587364248092228,-0.183614077863584,0.735776301412759,FALSE
REPS2,brown,-0.212461068888918,0.194103885356794,0.28205022486099,0.068519592667262,0.357168975713602,FALSE
RER1,brown,0.198349457411569,0.226101793884492,0.677156865616652,-0.31988014726245,0.691901629378461,FALSE
RERE,salmon,-0.0613464608019171,0.710642252308735,-0.0819505596970089,0.0999639129269957,0.500317366784952,FALSE
RESF1,grey,-0.058556344641329,0.723270972107519,-0.27938998087894,0.266958054480452,,FALSE
REST,blue,-0.152612487985266,0.353664309469987,-0.114241867109802,-0.0408823869591866,0.205742395291308,FALSE
RET,red,0.279304641173293,0.0850761179382065,0.343552602108628,-0.439562721621051,0.527967167265797,FALSE
RETREG1,magenta,-0.509077374470179,0.000934175911438341,-0.552932808405214,0.797769317199641,0.797769317199641,FALSE
RETREG2,grey,-0.187876158413573,0.252065172388753,-0.338799299901161,0.178696871342853,,FALSE
RETREG3,blue,-0.192151650020415,0.241235539243985,-0.067264969261405,0.129392887345035,0.603446852607944,FALSE
RETSAT,pink,-0.075780335179225,0.646585372996815,0.235065485433213,0.224996812175961,0.569490071557951,FALSE
REV3L,yellow,-0.182562446001512,0.265971050838479,-0.419279816005588,0.459398163003273,0.754053835580728,FALSE
REX1BD,brown,-0.00871933800041773,0.95798563578151,0.389120607072679,-0.186918845013364,0.703621883267525,FALSE
REXO2,pink,-0.00533945865298695,0.97426454422809,-0.0335494555371293,0.197647163799153,0.596537614742641,FALSE
REXO4,green,0.190426301372445,0.245567332601366,0.686702061038766,-0.542163015726243,0.686702061038766,FALSE
REXO5,red,-0.213522584628887,0.191833062421467,-0.018755399957196,-0.0642179022364588,0.428563413072023,FALSE
RFC1,blue,-0.191425715670657,0.24305179717807,-0.0560750658019612,0.161429405073835,0.391201126840414,FALSE
RFC4,blue,-0.211047978282206,0.197156064273698,-0.012844008966243,0.164763779211107,0.57463417158075,FALSE
RFC5,yellow,-0.303772445605372,0.0601032088435369,-0.574673577535499,0.459968243996823,0.892348128773408,FALSE
RFK,pink,-0.0333881278158351,0.840087949957593,0.365621783377846,-0.0758039512798717,0.637910797060785,FALSE
RFNG,turquoise,0.139955523435082,0.395447965638955,0.365529990543263,-0.26810960192403,0.790121593944696,FALSE
RFPL2,purple,0.0362629322626388,0.82652085258328,-0.170933401269779,-0.0934941732788642,0.373877509792591,FALSE
RFPL3,purple,0.109423806374865,0.507257594986124,-0.189062816169709,0.0438214905347686,0.330089719604233,FALSE
RFTN1,green,0.0854892503863978,0.604835694461385,0.313836229031203,-0.229818582329698,0.313836229031203,FALSE
RFX2,grey,0.224888096731484,0.168686172813095,0.146008573276034,-0.381026346923865,,FALSE
RFX5,red,0.0701838085744812,0.671156184007741,0.140132367822815,-0.251092143538824,0.811505011802651,FALSE
RFXANK,turquoise,0.212710509233685,0.193568583528342,0.583778259541492,-0.483771589776047,0.879052698454298,FALSE
RGL1,lightgreen,-0.00275034234283632,0.986742108817001,-0.0990015966490477,-0.171947324730132,0.603158048735412,FALSE
RGL2,turquoise,0.172715268915388,0.293056171352239,0.451060814049208,-0.36075454780162,0.526522942980134,FALSE
RGN,magenta,-0.124078204661024,0.451706687323714,-0.137677603193722,0.278157400988949,0.278157400988949,FALSE
RGP1,green,0.0710200433051347,0.667462531918393,0.738828898129601,-0.507299345502415,0.738828898129601,FALSE
RGS10,salmon,0.109907452319456,0.505371008975511,0.114156211109704,-0.423313764608451,0.701241045900506,FALSE
RGS11,black,-0.160533495768402,0.328933406392152,-0.309028605525319,0.034386016414131,0.449349478528774,FALSE
RGS12,turquoise,0.187166750495429,0.253893006877437,0.575231953006137,-0.475758479846719,0.699022917758013,FALSE
RGS14,turquoise,0.254336379943963,0.118176920758505,0.144187598931129,0.00935088367145193,0.488686934952147,FALSE
RGS16,turquoise,0.131686430083753,0.424224340939493,0.302185174369357,-0.15235289874749,0.295816031069873,FALSE
RGS19,midnightblue,0.230276653834181,0.158443949290244,0.279881072453703,-0.420723655843401,0.598687730521753,FALSE
RGS2,tan,-0.131895921163726,0.423481140227415,-0.375090978805107,0.213127990446745,0.63190099906966,FALSE
RGS3,turquoise,0.305100856670317,0.0589357630943391,0.598806254403856,-0.42903841954991,0.559089020136564,FALSE
RGS4,black,-0.135118612538688,0.412140580874481,-0.273939886924255,-0.232976257369405,0.711051095834325,FALSE
RGS5,tan,-0.28547759144739,0.0781251741415283,-0.540804317131185,0.454854775917883,0.540985858051272,FALSE
RHBDD3,turquoise,0.281496602136805,0.0825550349123178,0.47102022819807,-0.484080289875564,0.569420471999733,FALSE
RHBDF1,salmon,0.251134671045051,0.123039174835604,-0.0830180169905011,-0.276505319363372,0.560047899669684,FALSE
RHBDF2,turquoise,0.285369883257986,0.0782425331321584,0.524409240286379,-0.460802343612926,0.630073787818045,FALSE
RHBG,magenta,-0.0690085102848217,0.67636036613452,-0.46413142179179,0.359962801475781,0.359962801475781,FALSE
RHCE,black,-0.196740063610397,0.229967597370567,-0.341743847132632,0.187165423355822,0.159587742062854,FALSE
RHEB,pink,0.00518010126743055,0.975032380766904,0.223707521105034,0.0338926324318888,0.654650521814699,FALSE
RHEX,grey,-0.301845577763445,0.0618291814672613,-0.33350495959989,0.25836847791752,,FALSE
RHOA,brown,0.22421713368864,0.169994080026754,0.42115349701588,-0.127185240895598,0.682132267096108,FALSE
RHOB,turquoise,0.0770050160526604,0.641256371872256,0.284709157751451,0.0959916653095577,0.365320321915987,FALSE
RHOBTB1,blue,0.00433162463060041,0.979120978532924,-0.10110800138058,-0.00184393718097732,0.435276931149602,FALSE
RHOBTB2,turquoise,-0.0185488104702088,0.910761574414486,0.376542800228233,-0.266231024780415,0.449000786493242,FALSE
RHOBTB3,blue,-0.395800565742962,0.0126260580295613,-0.299868005647586,0.452587088404133,0.321450660477449,FALSE
RHOD,green,0.475812075193026,0.00220199113860567,0.653654158811754,-0.565985821227617,0.653654158811754,FALSE
RHOF,midnightblue,0.442931636076774,0.00474544184051768,0.332771755514308,-0.394961964545315,0.670617937695712,FALSE
RHOG,greenyellow,0.331265576557594,0.0393972500103302,0.306947668656423,-0.276235327089462,0.680114129057778,FALSE
RHOH,grey60,0.0747501452439078,0.651081591671174,-0.142806302208127,0.0253980577331632,0.778741326074221,FALSE
RHOQ,grey60,-0.0753027047818971,0.648668443848356,0.0249760534693141,-0.102281302717062,0.655681593117993,FALSE
RHOT1,blue,-0.351313329582677,0.0283071309785682,-0.486162505584866,0.530966828976204,0.726034496511434,FALSE
RHOT2,turquoise,0.260857771864427,0.108722022930023,0.431192384603971,-0.376312500963505,0.740136247178073,FALSE
RHPN1-AS1,yellow,0.00894964614351261,0.956876913139392,-0.288517889465213,0.0202131328271342,0.343224022396143,FALSE
RIC3,red,-0.370119986893679,0.0203821220373881,-0.298830402129038,0.267121086709431,0.335297391761284,FALSE
RIC8A,green,0.256687765877965,0.114699074861573,0.628919223777008,-0.370160806114847,0.628919223777008,FALSE
RIC8B,grey,0.0453815570513435,0.783832393532805,0.0846076159238168,0.081305219142552,,FALSE
RIDA,magenta,-0.0985767938431026,0.550480835655262,-0.100287878809475,0.549126689655513,0.549126689655513,FALSE
RIMS3,grey,-0.0467080624929807,0.777670921537954,0.00281611369075795,-0.0336910202075294,,FALSE
RIN1,lightcyan,0.385032311932156,0.0155021114769246,0.318239215796217,-0.271000434279565,0.772136596765582,FALSE
RIN2,tan,-0.0293178811635458,0.859373974549768,-0.216821552310312,0.189498007913365,0.655308230206452,FALSE
RIN3,turquoise,0.281275480710035,0.0828066932976055,0.595451815891017,-0.497400881215081,0.814976703225818,FALSE
RING1,turquoise,0.0758338644464291,0.646352082929089,0.0543890395250787,-0.154970440652497,0.433383931046096,FALSE
RIOK3,grey,-0.0758653643099066,0.646214816499552,0.0165565034848346,0.296984957911479,,FALSE
RIOX1,purple,0.0440061085832775,0.790234947933605,-0.0857795940243021,-0.124667846106382,0.542058589065705,FALSE
RIOX2,blue,0.0797796833183536,0.629248554366336,0.324729994331849,-0.135998897417057,0.205057165108135,FALSE
RIPK1,green,0.181765360730295,0.268099832696345,0.25847274272615,-0.129431815146334,0.25847274272615,FALSE
RIPK2,lightgreen,0.0232159682196298,0.888434553354583,-0.108482526182331,0.0606839810807813,0.705754991449575,FALSE
RIPK4,grey,0.210700300064183,0.197912160004428,0.145269409777217,-0.0448806035764439,,FALSE
RIPOR1,midnightblue,0.305954026742458,0.0581955396375359,0.33291674921269,-0.720081827583563,0.679228457809664,FALSE
RIPOR2,grey,-0.0477411928452636,0.77288139235754,0.0508040665511468,0.00210837557592745,,FALSE
RITA1,turquoise,0.38152409029549,0.0165509683591961,0.58944224008368,-0.291126623825138,0.519148383562139,FALSE
RLF,blue,-0.269931910592885,0.0965350172048339,-0.38937771261036,0.329642608932845,0.367174583489531,FALSE
RMC1,brown,0.0511329670847005,0.757216429036277,0.548632684273842,-0.126313184425699,0.622252493878028,FALSE
RMDN1,blue,-0.257571810476773,0.113411684318261,-0.365737367309831,0.512936723273124,0.517764075056855,FALSE
RMDN3,pink,0.0457933614645106,0.781918196866817,0.285158991855524,0.140497618608757,0.675653272283707,FALSE
RMND5A,blue,-0.0090194924014926,0.956540683131444,0.0470646653239127,0.33325175006774,0.505788742028362,FALSE
RMND5B,green,0.291618038534264,0.0716586879423225,0.489525212417699,-0.410243023301458,0.489525212417699,FALSE
RNASE1,lightyellow,0.0341426768029002,0.836522420285574,0.12450400797239,-0.174525736898193,0.681974921990425,FALSE
RNASE3,black,-0.172632454115015,0.293291221026262,-0.308163806628331,0.170189848313406,0.54229380544922,FALSE
RNASE6,tan,-0.258330647821716,0.11231535627066,-0.261927688261769,0.0488725764742418,0.74654695881636,FALSE
RNASEH1,turquoise,0.0654270648602698,0.692309650384948,0.541278637921451,-0.234106714241235,0.610835277384913,FALSE
RNASEH2A,grey,0.222066006430574,0.174236375102432,0.216594182843285,-0.092253051369494,,FALSE
RNASEH2B,purple,-0.349160021978494,0.0293581587220873,-0.6341331205406,0.353621609341518,0.637866888323678,FALSE
RNASEL,grey60,0.0866620987309807,0.599871729379674,0.0303977912904993,-0.285000772867744,0.603625945865825,FALSE
RNASET2,greenyellow,0.167603565256009,0.307791744694929,0.462883719848747,-0.287144798207203,0.804796460816767,FALSE
RND1,turquoise,-0.0396482651823022,0.810608132043404,-0.255950219685025,0.227531040455765,0.260686089894035,FALSE
RND2,grey,-0.401348192777483,0.0113303221553737,-0.20466916689779,0.228104024058836,,FALSE
RND3,blue,0.305123096783334,0.0589163725778711,0.1340109245028,0.0795750117407627,0.380812702525086,FALSE
RNF10,turquoise,0.191019782115441,0.244071433242574,0.411163987757667,-0.132405879084898,0.35252691844596,FALSE
RNF11,blue,0.0478779031027428,0.772248228681978,-0.12811545000441,0.250061445488184,0.590601251600568,FALSE
RNF111,yellow,-0.148185352580726,0.367964383363572,-0.491409866549283,0.553517431647162,0.76205891629551,FALSE
RNF113A,grey,-0.138239978746622,0.401323100955344,0.0992754439850166,0.0779633294797105,,FALSE
RNF114,turquoise,0.177330118298308,0.280149642013607,0.363102169369994,-0.0811736691636745,0.479638900580463,FALSE
RNF115,blue,-0.13373762614545,0.416978937922414,-0.149459730757682,0.254977292794417,0.537042230524393,FALSE
RNF121,turquoise,0.223918831060685,0.170577894928046,0.484720039150833,-0.318227058353061,0.801737709360618,FALSE
RNF122,black,0.0240926207717796,0.884249700320213,-0.326410138713079,-0.120269709476969,0.756072440488696,FALSE
RNF123,turquoise,0.180935263706953,0.270328677279953,0.664949956504104,-0.405093120449911,0.719277670993344,FALSE
RNF125,magenta,-0.174017482657013,0.289376097755933,-0.264553252153275,0.461785873065678,0.461785873065678,FALSE
RNF126,brown,0.22311050372776,0.172167126128346,0.548552309800554,-0.297776287391988,0.819103161813978,FALSE
RNF128,blue,-0.0982348369376037,0.551871178415185,-0.28796862779336,0.439084078170051,0.669633510421252,FALSE
RNF13,blue,-0.252604861673536,0.120788210779488,-0.203135650951322,0.498618207849511,0.379011606163602,FALSE
RNF130,pink,-0.0798137017810754,0.629101907515731,0.00482520215094289,0.432331070608893,0.651787983399274,FALSE
RNF138,blue,-0.0858433110436089,0.60333530685523,-0.283763578370512,0.52411606039497,0.566481625395001,FALSE
RNF139,blue,-0.195781403095033,0.232291618029591,-0.413237644746544,0.373431707298571,0.677267622736702,FALSE
RNF14,darkgreen,-0.0952900904259456,0.563911988004937,0.175512097778527,0.192790102385957,0.766944812202674,FALSE
RNF141,blue,-0.250304460861742,0.124324080838764,-0.118337291657321,0.225718383799031,0.300187999919903,FALSE
RNF167,brown,-0.0452685717895928,0.784357804488863,0.532435525184086,-0.155605592341586,0.693318868149078,FALSE
RNF185-AS1,blue,-0.213589309883798,0.191690950430885,-0.20713791759742,0.0684460140162661,0.348965652189897,FALSE
RNF186,yellow,-0.121897790583821,0.459756869894815,-0.103419857213631,-0.102995262526527,0.213324346507586,FALSE
RNF187,brown,0.215566022337064,0.187514557999818,0.717313965824144,-0.512675956446087,0.802403058746456,FALSE
RNF19A,grey,0.0213438013883123,0.897381515888906,0.0128877812214596,-0.151983819792241,,FALSE
RNF19B,red,0.123378255871026,0.454282563187555,-0.0331764051550603,0.030349128184322,0.436517463924302,FALSE
RNF208,yellow,-0.164124036144819,0.318086370784898,-0.472651764472052,0.297957570383421,0.644676093129367,FALSE
RNF216,turquoise,0.342195003645558,0.0329803818265625,0.606330972413974,-0.390026930960069,0.80760928949081,FALSE
RNF220,grey,0.0222928341974831,0.892844516795309,0.194745845890098,-0.159681323662266,,FALSE
RNF24,black,-0.264735852610002,0.103378219844358,-0.334819058700833,-0.0983052916281042,0.754164582337324,FALSE
RNF25,brown,0.0294954793441218,0.858530697553224,0.19595766826444,-0.259471751586472,0.33116202152601,FALSE
RNF31,turquoise,0.330079488457154,0.0401508641886081,0.550953249211711,-0.428422075397505,0.704811239457784,FALSE
RNF34,brown,0.0761580857148888,0.644939782061493,0.471198630149088,-0.230755751525947,0.640057685242473,FALSE
RNF38,blue,-0.263784579646123,0.104670109393338,-0.449422654957526,0.449528765848106,0.690286720180954,FALSE
RNF39,purple,-0.177303296707455,0.28022356782912,-0.487634148369744,0.16179322874587,0.724488829035258,FALSE
RNF4,blue,-0.0162085253595052,0.921983734560776,0.195509616753356,0.0126191679309904,0.447252356444608,FALSE
RNF40,turquoise,0.0621428268693493,0.707051470244123,0.496880515584984,-0.371889339094377,0.48060990210146,FALSE
RNF41,blue,-0.0608946365677038,0.712682256428712,-0.046063555627772,0.0275164439062556,0.320645494314845,FALSE
RNF43,turquoise,-0.165135535108785,0.315071680969743,0.132221487575365,-0.077336415130526,0.440265139395564,FALSE
RNF44,turquoise,0.403908816014549,0.0107715246466773,0.357082006423626,-0.43757793279378,0.451968074838798,FALSE
RNF7,darkgreen,0.0116178093908949,0.94403851129007,0.32000602586836,0.0756542315598665,0.737702943470976,FALSE
RNFT1,grey,-0.0580261056638035,0.725679269223276,-0.0311706294929183,0.0958247770906651,,FALSE
RNGTT,lightgreen,-0.338746338533796,0.0349051846255985,-0.260760591226198,0.274227993220303,0.563140920291693,FALSE
RNH1,brown,0.206184304736179,0.207918281305157,0.634584260161743,-0.418626213518646,0.835952847080215,FALSE
RNMT,blue,-0.277924179511291,0.0866942241979981,-0.390406232306482,0.495037116698179,0.72384378474408,FALSE
RNPEP,brown,0.155238592658322,0.345343233350317,0.538298348740884,-0.295953959243184,0.715227810603941,FALSE
RNPEPL1,turquoise,0.421059761485452,0.00760019080459489,0.786849802463173,-0.66693628076094,0.743073674004599,FALSE
RNPS1,brown,0.152895203847919,0.352762706615833,0.473742922341698,-0.26133699811809,0.609476690606632,FALSE
RO60,blue,-0.38571650466119,0.0153042330398858,-0.146057827171344,0.297661549760629,0.719086664719713,FALSE
ROBO3,turquoise,0.0246150408715184,0.881757301659742,0.131002619808337,-0.260040172847461,0.353693549333605,FALSE
ROBO4,turquoise,0.0307198032276498,0.852721584585137,0.193078139087507,-0.21208254034339,0.518994333320179,FALSE
ROCK1,yellow,-0.232402948981256,0.154529249372713,-0.463026476268508,0.381232140573616,0.819025774174054,FALSE
ROCK2,blue,-0.247196829620127,0.129222897282888,-0.536828780664403,0.380380544515195,0.564424906154669,FALSE
ROGDI,turquoise,-0.0153606801433468,0.926053122921085,0.430921007885948,-0.335056141286916,0.412338473048968,FALSE
ROR1,black,-0.125473229872815,0.44659656970589,-0.413266921014461,0.184987171726348,0.509038443697163,FALSE
RORA,yellow,-0.245277213643232,0.132319920230274,-0.417817007587018,0.540775923787073,0.576466106111358,FALSE
RORC,turquoise,0.176770357562247,0.281695092034452,0.161450638831875,0.0699031037436674,0.633852032949697,FALSE
RPA1,brown,-0.0231674201800635,0.888666394052887,0.264664771093105,-0.0619254854744311,0.483406259667678,FALSE
RPA2,red,0.223992679064751,0.170433231368949,-0.0390567417541578,-0.126660402897723,0.403707545928983,FALSE
RPA3,blue,-0.220358883436891,0.177656578627773,-0.205117224273602,0.419667349825458,0.639035799804148,FALSE
RPAIN,grey,0.0756115068258984,0.647321375137864,0.0609250191457225,0.107344712077314,,FALSE
RPAP1,brown,-0.114747458695766,0.486688320132214,0.167465074386378,0.0154307802746501,0.354790333984899,FALSE
RPAP2,blue,-0.312278106834953,0.052936812328099,-0.109398829056971,0.110419307840056,0.331842645829117,FALSE
RPF1,blue,-0.148082381703669,0.368301041546144,0.0138882178807947,0.33575207293863,0.75255315871805,FALSE
RPH3AL,turquoise,-0.0780744688995783,0.636617261103904,0.0479640654627352,-0.0118753221340837,0.302884056159128,FALSE
RPIA,grey,-0.0564590185547258,0.73281197335024,-0.378363122454078,0.145207997550302,,FALSE
RPL10,cyan,-0.253305685690281,0.119726138011706,-0.216595678441314,0.390152859921189,0.745506157156245,FALSE
RPL10A,cyan,-0.201017611439487,0.219791241508835,0.0509885298041987,0.205868506836029,0.556876207413411,FALSE
RPL10L,cyan,-0.0441241025063217,0.789685160673603,-0.386689918474729,0.260723260586496,0.34761495811147,FALSE
RPL11,royalblue,0.0129126416089753,0.937812987777689,-0.212306876249446,0.276853239888206,0.62487202720906,FALSE
RPL12,grey,-0.10093586473053,0.540934536521998,-0.120124565615524,0.323240222890795,,FALSE
RPL13,turquoise,0.289543828691222,0.0737942264225692,0.40005088638173,-0.317454255009854,0.708692518365728,FALSE
RPL13P5,purple,-0.106785323923646,0.517611766074418,-0.17195664084855,0.0846013663352034,0.419489825025347,FALSE
RPL14,cyan,-0.151833032815308,0.356157276073141,-0.220709281972441,0.410967685082385,0.721698333891582,FALSE
RPL15,brown,0.0016953816984009,0.991827271586143,0.24164530483112,0.0156203384839558,0.723612099522631,FALSE
RPL18,brown,0.0916373174366383,0.579014213531258,0.49172307570746,-0.221365887569815,0.863293323873365,FALSE
RPL18A,brown,0.181046036568931,0.270030545468303,0.460896965999546,-0.264149992440057,0.845894221169698,FALSE
RPL19,cyan,-0.157490877926298,0.338302837816162,0.0377997577621591,0.152468624354465,0.602075608967855,FALSE
RPL22,blue,-0.178459524164052,0.277048296525702,-0.466195092927584,0.518569988936418,0.592528065733424,FALSE
RPL23AP32,yellow,-0.141051943728045,0.391719363755372,-0.157700792488133,0.0452854690652577,0.316888025641179,FALSE
RPL23AP53,turquoise,0.289076065448063,0.0742826433798129,0.304817886549581,-0.346653022512732,0.5403833340034,FALSE
RPL24,blue,-0.254093692461623,0.118540335669009,-0.52042084956943,0.383467035211921,0.63808250797207,FALSE
RPL26L1,blue,-0.117442597930519,0.476442337087123,0.175462347862071,0.200324403027616,0.558479187980731,FALSE
RPL27,grey,0.0143340359364944,0.930983164284712,-0.0584098292699428,0.117597962854654,,FALSE
RPL27A,turquoise,0.0471891771222704,0.775439483956244,0.374881146561186,-0.179577737188828,0.445805455173726,FALSE
RPL28,brown,0.219780791628124,0.178825569032408,0.471094932074189,-0.353578407026669,0.71641539261781,FALSE
RPL29,brown,0.0572332621094971,0.729285142937128,0.275131898366296,-0.0721194477044466,0.711890968088969,FALSE
RPL3,brown,0.0589885678984846,0.721309794267777,0.285352473529466,-0.0316442394996761,0.634317777328732,FALSE
RPL30,blue,-0.265626157938101,0.102180170272522,-0.508820927535565,0.534183413378077,0.714381480789034,FALSE
RPL31,grey,-0.107902752038291,0.513213890990105,-0.174814763308814,0.118124801265868,,FALSE
RPL34,blue,0.0263580667910171,0.873449800204098,-0.0941781941035186,0.03208150467048,0.423331707456687,FALSE
RPL35,turquoise,0.0404612388116682,0.806797653069586,0.413417419987764,-0.14489229065482,0.530190823568806,FALSE
RPL35A,blue,-0.204446409552141,0.211861063387284,-0.200339895426625,0.239586075479888,0.436704311601952,FALSE
RPL36,brown,0.0849836944096282,0.606980842959794,0.389964544899584,-0.144271755126107,0.743615863923922,FALSE
RPL36AL,blue,-0.277639459106733,0.0870309025353158,-0.0655282206735855,0.282923476958649,0.508863518308971,FALSE
RPL37A,yellow,-0.268789581820023,0.0980088238939952,-0.599084198769474,0.418436800599655,0.792281265533838,FALSE
RPL38,grey,-0.15226768930044,0.354765787434784,-0.0653625279587915,0.028693174044647,,FALSE
RPL3L,purple,-0.0693439480201953,0.674873533731568,-0.489128876037755,0.182749754317865,0.584800411564875,FALSE
RPL4,cyan,-0.0636938661994174,0.700075867134657,0.0600735694497741,0.243527989949274,0.708869479421057,FALSE
RPL41,blue,-0.305421563976539,0.0586566385502403,-0.673068167365989,0.397819071545934,0.608444499686962,FALSE
RPL5,blue,-0.252682150082075,0.120670737512763,-0.333638366131623,0.370223557070396,0.632730495026397,FALSE
RPL7,blue,-0.344419418639781,0.0317857263781132,-0.607794706855037,0.48343213096603,0.646807571348119,FALSE
RPL7A,tan,-0.285556877300297,0.0780388719878101,-0.481121499474568,0.426068260642527,0.454196349012135,FALSE
RPL8,brown,0.153661844173163,0.350324856000585,0.479247700899135,-0.14209230352006,0.848950888830684,FALSE
RPL9,blue,-0.172688087723766,0.293133305187367,-0.452233744830451,0.433946055383802,0.65657196986646,FALSE
RPLP0,cyan,0.0182189618084806,0.912342285428086,0.0628848792595353,0.168721696652784,0.463763836606589,FALSE
RPLP1,turquoise,0.264551485351397,0.103627648224441,0.323224462928295,-0.286183427010364,0.566723394809277,FALSE
RPLP2,brown,0.142499796098075,0.386827116709238,0.387983601336346,-0.291272747340477,0.767239100765823,FALSE
RPN1,brown,0.148132000919233,0.368138791038025,0.674755728595248,-0.347678799594549,0.834246000486779,FALSE
RPP14,turquoise,0.319695209514121,0.0472616910783895,0.424029034276867,-0.0914591222944483,0.416728834891827,FALSE
RPP25,greenyellow,0.365919231720514,0.0219685371052179,0.410372838853273,-0.547529480852489,0.662280984031903,FALSE
RPP30,blue,-0.308401072442908,0.0561134545709517,-0.505453942316654,0.480549193392192,0.842345890975055,FALSE
RPP38,red,-0.170286006768131,0.300001433260813,-0.240897688765377,0.128845871065751,0.720959135901255,FALSE
RPP40,green,0.061883845323961,0.708218526351651,0.613987843759606,-0.226893585825561,0.613987843759606,FALSE
RPRD2,blue,-0.447354834676698,0.00429818190722133,-0.526473198545229,0.525975719825453,0.716564489575489,FALSE
RPS11,turquoise,-0.00769647967952633,0.962910674416669,0.276755779915052,-0.0618723145604332,0.497354067395682,FALSE
RPS13,blue,-0.353880570968066,0.0270948698948974,-0.655627688258025,0.575486282078397,0.563373975052718,FALSE
RPS14,brown,0.0104950276877021,0.949439487406965,0.236000189003372,-0.150410359259167,0.572509709923865,FALSE
RPS15,salmon,0.0138931894849223,0.93310094031829,0.230361593945004,-0.229661689900207,0.619137093937634,FALSE
RPS15A,blue,-0.259527266084158,0.110602848754645,-0.528123821876538,0.391341694789738,0.612567714027624,FALSE
RPS16,turquoise,0.0934312058219966,0.571574716113319,0.15082470448087,-0.13391229144414,0.286681827363335,FALSE
RPS17,blue,-0.218139820793165,0.18217372457511,-0.480444005514442,0.41649386648228,0.59622580767338,FALSE
RPS19,turquoise,0.192639601016884,0.240019867694181,0.518861525134,-0.446607797610764,0.691098961704824,FALSE
RPS2,turquoise,0.296597795435518,0.0667297242507265,0.466392280166875,-0.31828094271722,0.640249482389265,FALSE
RPS20,turquoise,0.0967621585941697,0.557877678670095,-0.0933994341032047,-0.00230702878713816,0.186396354100797,FALSE
RPS21,turquoise,-0.049336402542378,0.765502418895545,0.288250442186632,-0.138547345745098,0.373254425786294,FALSE
RPS23,blue,-0.385624032705959,0.0153308520562641,-0.463448212114184,0.547489911981523,0.611721403707535,FALSE
RPS24,royalblue,-0.183020361849976,0.264753151051838,-0.227559795843122,0.207278707803381,0.467096659372942,FALSE
RPS25,grey,-0.0817951600256452,0.620584586818313,-0.294907911277288,0.357717877787782,,FALSE
RPS26,grey,0.23912912477067,0.142609998266273,0.18183659814167,-0.261159055068045,,FALSE
RPS27,blue,-0.146875386129607,0.372260945113545,-0.586295704939652,0.415556964157204,0.465267138574117,FALSE
RPS27A,blue,-0.0402170622670872,0.807941672407049,-0.232328416826628,0.138887874044954,0.31044853082326,FALSE
RPS27L,grey,0.208875012666626,0.201914979731025,0.192310636450768,0.0964835506717416,,FALSE
RPS28,brown,-0.0336392081434507,0.838901147394532,0.080526431699911,-0.0945033295698014,0.547694517795688,FALSE
RPS29,blue,-0.0846405958317901,0.608438513877281,-0.323263035665377,0.271983442691578,0.412390694093408,FALSE
RPS3,grey,-0.222391792698158,0.17358905988619,-0.21389013411245,0.266740893395042,,FALSE
RPS3A,blue,-0.274869029817739,0.090359946462137,-0.545406059134147,0.452932537344017,0.786685024148118,FALSE
RPS4X,blue,-0.194896127982777,0.234451881545388,-0.461468389357976,0.303886279301739,0.59574831366612,FALSE
RPS4Y1,turquoise,0.0723767300077769,0.6614864726987,0.220746900201932,-0.125391268434028,0.363894654247765,FALSE
RPS5,brown,0.218408925163442,0.181621624051496,0.443313974771377,-0.26259323961017,0.768529528786945,FALSE
RPS6,royalblue,-0.262378075103639,0.106602701868978,-0.487448640263993,0.457748347487393,0.702083411418626,FALSE
RPS6KA1,brown,0.40142928926642,0.0113122537313464,0.629404795617789,-0.442634570822528,0.616777706299538,FALSE
RPS6KA2,turquoise,-0.013456953542949,0.935197015056852,0.119921661201742,0.000624442092466836,0.51590385085451,FALSE
RPS6KA3,blue,0.100987771677478,0.540725383453543,-0.224689706239828,0.456542129355318,0.474729504291741,FALSE
RPS6KA4,turquoise,0.255620464583471,0.116267984709156,0.144449673787908,-0.32569335161483,0.189485864374669,FALSE
RPS6KA5,red,-0.0276249273360444,0.86742010116665,-0.0356326211736644,0.0379768322792441,0.696372161432921,FALSE
RPS6KA6,yellow,-0.454695939084916,0.00363647804139652,-0.539494413405794,0.350971783690956,0.760625819040822,FALSE
RPS6KB1,grey,-0.237392211669398,0.145620992877261,-0.031819472463071,0.18358240922138,,FALSE
RPS6KB2,brown,0.271920741127201,0.0940097033040348,0.597541036368027,-0.276644613101393,0.747205161269193,FALSE
RPS6KC1,blue,-0.105998084305113,0.520721300360657,-0.0749534386136805,0.0397021894201119,0.4782130906566,FALSE
RPS7,blue,-0.167545023686679,0.307963178456692,-0.374554942579345,0.371321519093211,0.40481715742449,FALSE
RPS8,cyan,-0.0217608012576554,0.89538757828256,0.0232979397201392,0.220674712033342,0.749780304164405,FALSE
RPS9,turquoise,0.133074501532557,0.419313591784189,0.417032186248061,-0.204209219552528,0.844221825408758,FALSE
RPUSD2,green,0.0916723690241832,0.578868433197737,0.35068071083685,-0.387299265882743,0.35068071083685,FALSE
RRAGA,blue,0.0988969591111329,0.549180594750958,0.174583808791522,0.0999276019012961,0.312870058411799,FALSE
RRAGC,brown,0.169186633288454,0.303178836681587,0.527226560860683,-0.235182746020963,0.565143009482382,FALSE
RRAGD,blue,-0.2745075115432,0.0908015060758645,-0.293809084823683,0.384782979306923,0.344402702928162,FALSE
RRAS,greenyellow,0.182433501618652,0.266314664988747,0.277575502975384,-0.367436241890325,0.606618558972134,FALSE
RRAS2,yellow,-0.0101506295218694,0.951096621650339,-0.370969917699911,0.373823717224035,0.579112388092618,FALSE
RRBP1,turquoise,0.22290424151749,0.17257434797995,0.597736582843279,-0.507835266882326,0.806694779116418,FALSE
RREB1,yellow,-0.0740853592751582,0.653989507495605,-0.324256456919373,0.343553502751731,0.589813629762733,FALSE
RRM1,blue,-0.130718585125031,0.427667391969545,0.221974056342437,0.0407064145108209,0.523153968747951,FALSE
RRP1,turquoise,0.226490905101052,0.165591155895413,0.507593970506412,-0.463718278332234,0.804613770517902,FALSE
RRP12,red,0.166605548303293,0.31072263207739,0.318433274699832,-0.263184276133535,0.379586358788462,FALSE
RRP1B,red,0.0842553077706805,0.610077208342595,0.324800822999921,-0.36162726029787,0.652503506817918,FALSE
RRP7A,turquoise,0.261437623142329,0.1079099659717,0.37680089677787,-0.388822857422805,0.51303387351867,FALSE
RRP8,turquoise,0.0152205822475623,0.926725729806525,0.373660056297787,-0.286822006895061,0.561093174968985,FALSE
RRP9,turquoise,0.312389093245944,0.0528480430642737,0.610569193259447,-0.463291017221031,0.776251877534955,FALSE
RRS1,green,0.509503301425606,0.00092345089067298,0.341246577470026,-0.35270451903136,0.341246577470026,FALSE
RSAD1,turquoise,0.108990743537225,0.508949872928453,0.154462881291503,0.104181034872479,0.328651082444666,FALSE
RSL1D1,cyan,-0.112414984357875,0.495646846230045,-0.015819608716412,0.326354014375573,0.79626762178785,FALSE
RSL24D1,blue,-0.198214875049508,0.226423349584426,-0.416140725050071,0.454972416992848,0.739821184971597,FALSE
RSPH6A,grey,0.0499623886000172,0.762612315981894,-0.058082114709113,-0.0702876580339737,,FALSE
RSRC1,red,-0.347779382216045,0.0300488258602376,-0.201594421821247,0.0975132462841035,0.530148327992045,FALSE
RSRC2,yellow,-0.154721084712362,0.346973466221176,-0.353270775345702,0.432883083010512,0.672706232067769,FALSE
RSRP1,royalblue,-0.057437212956952,0.72835701683915,-0.136714499314963,0.189293624522052,0.545247875259224,FALSE
RSU1,blue,-0.0745993449022438,0.65174078028514,0.169811314457538,-0.0629064557277316,0.268369096142392,FALSE
RTCA,pink,-0.222355742431727,0.17366060442792,0.178116569163829,0.213633918483493,0.720582356882718,FALSE
RTCB,brown,0.222969405019821,0.1724456216388,0.56701555529959,-0.227796759258845,0.435190053043474,FALSE
RTF1,cyan,-0.133968658459554,0.416167275275658,0.120354777480757,0.139740802731229,0.652602405319878,FALSE
RTF2,cyan,-0.0119461796781855,0.942459389771492,0.403197449449676,-0.115724250362642,0.620072578510278,FALSE
RTL8A,salmon,0.10898653986505,0.508966313488992,0.0258493573246724,-0.136135707654021,0.728378108143516,FALSE
RTL8C,salmon,0.298007808511081,0.0653838618823133,0.419958615112899,-0.551248573548431,0.749080683694209,FALSE
RTN2,turquoise,0.107704962456363,0.513990972375137,0.144127938402197,-0.314884896451093,0.454873140036677,FALSE
RTN3,turquoise,0.0890516967851025,0.589813139596641,0.199910203660798,-0.0410297441282219,0.394378423567166,FALSE
RTN4,blue,-0.165072280948587,0.315259675397933,-0.408486127565269,0.436832773979443,0.839690260746435,FALSE
RTP4,yellow,-0.426862689846622,0.00672714107767562,-0.38468272878892,0.370969827442268,0.708399969501055,FALSE
RTRAF,blue,-0.122691492014418,0.456817613278848,0.045422100493515,0.245298891383895,0.453559776091998,FALSE
RUBCN,yellow,-0.240120169763564,0.14091265381614,-0.546803348900813,0.283009207135219,0.809145615925827,FALSE
RUBCNL,grey60,0.0419064926139967,0.800034517682808,-0.119405498589392,-0.19283008831721,0.583770189778601,FALSE
RUFY1,blue,0.22063291165244,0.177104361420599,0.00613232370075464,0.0161310582109107,0.388731192690441,FALSE
RUFY2,blue,-0.264031628319647,0.104333426301835,-0.389751080893362,0.5068056725559,0.744493425982276,FALSE
RUFY3,royalblue,-0.00890285737333461,0.957102151780265,-0.164972343154333,0.181168385456445,0.520873808789296,FALSE
RUNX1T1,black,-0.0795980943379871,0.630031585512563,-0.336357930026068,-0.0474769136382055,0.874296921681444,FALSE
RUNX2,midnightblue,0.0674509934120226,0.683279866156979,0.0831771865691051,-0.289502563316237,0.47510185088131,FALSE
RUNX3,grey60,0.305371756294557,0.0586999190303883,0.0140287580019474,-0.324379085764785,0.643873775751094,FALSE
RUSC1,purple,-0.244035925038501,0.134351695320769,-0.356740770478832,0.118535159337665,0.642936318042694,FALSE
RUSC2,turquoise,0.241458288285681,0.138644569185664,0.294967618960612,-0.441276932610024,0.576931641769837,FALSE
RUSF1,turquoise,0.0154445639454166,0.925650422873852,0.249693235385013,0.0793330191590885,0.500018463679308,FALSE
RUVBL1,green,0.125439788155032,0.446718699800419,0.614407795064826,-0.379308762058379,0.614407795064826,FALSE
RUVBL2,brown,0.24855230842983,0.127068766035955,0.611945308056982,-0.231118085147297,0.872327462080176,FALSE
RWDD1,blue,-0.183583631868912,0.263260107007966,-0.00251559915289226,0.212664012628335,0.279508774377683,FALSE
RWDD2B,blue,-0.404500739030694,0.0106457468082166,-0.480118260810139,0.451099538695019,0.717090939360346,FALSE
RXRA,turquoise,0.256386692641609,0.115140019792411,0.541155390526751,-0.327101878094951,0.753959581735807,FALSE
RXRB,turquoise,0.24500460845176,0.132764160459844,0.582575070850371,-0.410379316191154,0.80937197183206,FALSE
RXYLT1,turquoise,-0.0594445821863632,0.719242569801234,0.310208650189005,-0.0882098131569682,0.271413724377123,FALSE
RYBP,grey,-0.113828673605884,0.49020712403548,-0.057053781815088,0.212872045194168,,FALSE
RYK,blue,0.168103468032816,0.306330290819532,-0.0323266260597581,0.123188103353606,0.303267158494464,FALSE
S100A10,salmon,0.0449464639027858,0.785856206888003,0.289959158449379,-0.231331040742812,0.647839364311816,FALSE
S100A11,salmon,0.245489269028246,0.131975116621432,0.252702384506277,-0.35967857222001,0.840755366005788,FALSE
S100A12,blue,-0.0568307219943053,0.731118111502435,-0.185601347611757,0.168085793343311,0.329577333731734,FALSE
S100A13,grey,-0.116818960767232,0.478803063214221,0.133477318519603,0.0313203001391457,,FALSE
S100A14,grey,0.00579512160736026,0.972069138058735,0.28021347607672,-0.154135559329994,,FALSE
S100A4,grey,0.359464902996271,0.0246057962501966,0.0450236080513944,-0.205082264657146,,FALSE
S100A6,salmon,0.304758219584731,0.0592351408845429,0.0730583227042363,-0.235051636632032,0.640297132996969,FALSE
S100A8,lightyellow,0.159160328694497,0.333141780096805,0.04674634463088,-0.117669921139842,0.642740270801561,FALSE
S100A9,greenyellow,0.394922228467213,0.0128423130495193,0.436839242269914,-0.349139269027466,0.611460554841486,FALSE
S100PBP,blue,-0.156063462577033,0.342754458376755,-0.465407525089294,0.345668921962742,0.603467745587934,FALSE
S1PR2,lightcyan,0.414536214545099,0.0086962318819252,0.201626917430484,-0.297409571965548,0.494837201086942,FALSE
SAC3D1,turquoise,0.0654057196234558,0.69240510890078,0.309038028536057,-0.264053448544883,0.651070876465202,FALSE
SACK1E,lightcyan,0.334907118411025,0.0371551257800337,0.271436680559747,-0.376177457310406,0.754157953388015,FALSE
SACM1L,blue,-0.136756201073065,0.406444789330432,-0.260547281306105,0.382571480941218,0.867672513489853,FALSE
SAE1,green,0.29441055298546,0.0688606222495424,0.693297809518209,-0.573857112441363,0.693297809518209,FALSE
SAFB,turquoise,0.300094334262873,0.0634317355336271,0.439598175176598,-0.326853089828472,0.856996275183779,FALSE
SAFB2,turquoise,0.344648643691449,0.0316646656871169,0.511055339193239,-0.374354939323352,0.833301122879652,FALSE
SALL1,blue,0.166383620545974,0.31137676145628,0.114369453499536,0.28634936465002,0.253578897713707,FALSE
SAMD14,turquoise,0.286731027923055,0.0767695072740183,0.214966095226821,-0.219591041190336,0.481416464132031,FALSE
SAMD4A,royalblue,-0.168324440570234,0.305685690514985,-0.380035841863387,0.398637617291804,0.795451740351422,FALSE
SAMD4B,black,0.0742536406336048,0.653252930562269,-0.0180074532332361,-0.0546878295157827,0.27877630545183,FALSE
SAMHD1,blue,-0.227373781589543,0.163903925842258,-0.400222934861814,0.240157194031635,0.62348039861251,FALSE
SAMM50,brown,-0.0637941431095828,0.699625710976333,0.465059133011156,-0.0885959274103823,0.64656748412046,FALSE
SAP130,blue,-0.316788462791725,0.0494242870825642,-0.334252591211577,0.30834898967569,0.518180774950079,FALSE
SAP18,darkgreen,-0.138748019455631,0.399578027406855,0.134842619671881,0.31924058185893,0.77206069082888,FALSE
SAP30BP,turquoise,0.196938798805068,0.2294878072115,0.469388111460964,-0.179329175378164,0.475258008145382,FALSE
SAR1A,blue,-0.0790307626935022,0.632480546147984,0.223992767877973,0.168351923102939,0.583778033715088,FALSE
SAR1B,blue,-0.0523518001641359,0.751610143038989,-0.192046265130645,0.520446802065597,0.828145247578027,FALSE
SARAF,pink,0.0344680081005397,0.834986095341547,0.364537854701768,0.0253579403982385,0.574424015923353,FALSE
SARDH,turquoise,0.0666319325362129,0.686928971086135,0.242339788801277,-0.0434335891550142,0.801677088505873,FALSE
SARM1,turquoise,0.176492114383059,0.282465356209685,0.304253650695835,-0.231946104688621,0.432562059198224,FALSE
SARS1,brown,0.281121508342471,0.082982281016093,0.645950352149992,-0.246306336822755,0.826434980534722,FALSE
SARS2,grey,0.181762603913573,0.268107214767719,0.25342821474232,-0.126846144034405,,FALSE
SART1,turquoise,0.292573232072975,0.0706917214761045,0.501584815263897,-0.353986716236527,0.788483565565158,FALSE
SART3,green,0.178424778759943,0.277143371567928,0.667114813193956,-0.430119707537049,0.667114813193956,FALSE
SASH1,tan,-0.14584651272265,0.375656358199633,-0.0980084974473606,-0.0277571639192658,0.414401064118872,FALSE
SASH3,grey60,0.189798719524515,0.247155878378999,-0.0849301279474678,-0.163511509719204,0.758406122465453,FALSE
SAT1,magenta,0.0999661211579354,0.544849117068357,0.0430769049339496,0.398921312854133,0.398921312854133,FALSE
SATB1,yellow,-0.345287455522443,0.0313292883389475,-0.434484675504257,0.278334828069957,0.461456292039894,FALSE
SAV1,red,-0.106849877385915,0.517357194371817,-0.278765057138837,0.273016708916518,0.607672193169076,FALSE
SAYSD1,red,-0.141796423768294,0.389199309318096,-0.071741229021749,-0.211519657526681,0.646190697769878,FALSE
SBF1,turquoise,0.357180619784692,0.0255999754365134,0.645243168515991,-0.429497247961049,0.843272596278389,FALSE
SBNO1,blue,-0.227635366128304,0.163406415525245,-0.0720181850176613,0.13841786226939,0.564789448841297,FALSE
SBNO2,grey,0.239653517053812,0.141710016803874,0.100851072891761,-0.130369763691112,,FALSE
SC5D,blue,-0.184510713764232,0.260814869555701,-0.39714743262975,0.608997805173199,0.512782402275815,FALSE
SCAF11,red,-0.307934760611719,0.0565055637672908,-0.442457408451483,0.249487645305945,0.536273724114098,FALSE
SCAF4,yellow,-0.232527458034974,0.154302220678404,-0.403131744282389,0.208495200395588,0.706811974873939,FALSE
SCAF8,yellow,-0.303000263361791,0.0607902262197061,-0.453022222720198,0.396020367013429,0.770068471382353,FALSE
SCAMP1,blue,-0.358608810595694,0.0249745654859466,-0.445390143192502,0.535076228002005,0.703824780251057,FALSE
SCAMP2,brown,0.244804854786001,0.133090383258642,0.594908070408221,-0.367526226694013,0.716527698698067,FALSE
SCAMP3,turquoise,0.235581961393258,0.148808506779435,0.676337908676736,-0.562070001014591,0.788520443249394,FALSE
SCAMP5,grey,-0.00411973124567246,0.980142126122088,0.0343669121531706,-0.112072050813047,,FALSE
SCAND1,turquoise,0.0772695054839565,0.640107800562614,0.488157409850738,-0.270075276025622,0.814948169589661,FALSE
SCAND2P,yellow,0.00700779984336191,0.966227427155286,-0.325192234521496,0.135626677273406,0.399437701811447,FALSE
SCAP,turquoise,0.212565298234995,0.193880081432904,0.610068982084978,-0.469419921772497,0.91816429382911,FALSE
SCAPER,yellow,-0.228022025658279,0.162673024131451,-0.585173722585494,0.413911950331718,0.479978170363442,FALSE
SCARA3,grey,-0.0175529226917105,0.915535106534199,0.0122727034082143,-0.131376903006186,,FALSE
SCARB1,green,0.205361143977602,0.209779387495735,0.793597902200475,-0.532160189279312,0.793597902200475,FALSE
SCARB2,darkgreen,-0.014866439690557,0.928426183202676,0.0737245681140285,0.32347608109567,0.56575297463268,FALSE
SCCPDH,blue,-0.431952073818851,0.0060339707433183,-0.176269040832478,0.413876129928454,0.292174179964645,FALSE
SCD,grey,0.138228073452848,0.401364047083236,0.23578016505125,-0.281121054219816,,FALSE
SCD5,black,-0.0799184091331421,0.628650622909826,-0.163394643916244,-0.227238371758104,0.529051693192323,FALSE
SCFD1,pink,0.0681165063276113,0.680320063916616,0.275701796643201,0.0122816527263611,0.473951157914621,FALSE
SCG5,royalblue,-0.359316772866934,0.0246692790827564,-0.510793614487692,0.47346828218679,0.717763517280539,FALSE
SCGN,grey,0.227571634021712,0.16352752758744,0.0874478211323526,-0.0218250900493692,,FALSE
SCMH1,turquoise,0.361267943589889,0.0238438981225781,0.278107771350679,-0.266491882862543,0.402585696344951,FALSE
SCML1,royalblue,-0.0574227382812988,0.728422874670887,-0.272617105418291,0.493575929578939,0.724083732549843,FALSE
SCML2,blue,-0.118138038704331,0.473817032492898,-0.260865967232499,0.403346568684494,0.758189331510872,FALSE
SCN1B,greenyellow,0.156105624194307,0.342622458507845,0.365566297017824,-0.348614146142609,0.562888259061179,FALSE
SCN4A,grey,-0.0633842624346629,0.701466355942661,-0.162096055713116,0.0565076237966162,,FALSE
SCN8A,yellow,-0.381138434163842,0.0166698289312127,-0.438131917682992,0.276170920236681,0.378399774143544,FALSE
SCNN1A,turquoise,0.0546139158875316,0.741238489967603,0.0807957748117808,-0.0399286608033362,0.483529026637394,FALSE
SCNN1D,turquoise,0.357109750752955,0.0256313443566145,0.277580096883432,-0.342765822086481,0.604095131470981,FALSE
SCO2,green,0.360356046799465,0.0242267431138393,0.720367212820364,-0.48120497553878,0.720367212820364,FALSE
SCP2,blue,-0.00770011246899834,0.962893180112972,0.0269141844574971,0.317803963823927,0.433330036612739,FALSE
SCPEP1,greenyellow,0.053935808315205,0.744342934579154,0.317815584061536,-0.266855494332992,0.593922112297566,FALSE
SCRIB,turquoise,0.234133674846952,0.151395211883827,0.396492579743533,-0.34814573276451,0.622575722601152,FALSE
SCRN1,tan,-0.134545946985527,0.414143058285265,-0.158807629409718,-0.0503293488204561,0.665339862694711,FALSE
SCYL3,blue,-0.400619344926876,0.0114938156649727,-0.375486102051919,0.433692601396309,0.584357459554819,FALSE
SDAD1,blue,-0.13090227460975,0.427012730769762,-0.231205570208801,0.20385867151502,0.726814363226483,FALSE
SDC1,turquoise,0.28804323948013,0.0753700408768052,0.699622895257781,-0.440219283897956,0.861465557281543,FALSE
SDC2,blue,0.1203152601424,0.465647513115565,-0.0705805195569093,0.379451504626657,0.276338981734621,FALSE
SDC3,greenyellow,0.166175288761879,0.311991608582708,0.406291267318333,-0.339277700306787,0.818752827469204,FALSE
SDC4,brown,0.181833700521244,0.267916878485266,0.530963601861482,-0.308103241864214,0.805053029733133,FALSE
SDCBP,blue,-0.170655929333894,0.298937089753584,-0.351605975005926,0.43434789325696,0.823946378007835,FALSE
SDF2,blue,0.0274517299813718,0.868244015880607,0.149840230285189,0.16632950302355,0.534801053478814,FALSE
SDF2L1,green,0.318135805156748,0.048412186011081,0.776936097384601,-0.585887828275762,0.776936097384601,FALSE
SDF4,turquoise,0.23085723722514,0.157367971912551,0.667137791853242,-0.42105218005567,0.860924092226258,FALSE
SDHA,brown,0.184430852188146,0.261024914671151,0.739312947730892,-0.318525912703524,0.847237227116716,FALSE
SDHB,brown,0.115165174412569,0.485092873076457,0.50646500987452,-0.029680731769351,0.715465258042142,FALSE
SDHC,darkgreen,-0.20935248006377,0.200862481416351,0.103580601100738,0.414497488695225,0.747849711960816,FALSE
SDHD,blue,0.0240865103797438,0.884278858756477,-0.107113074027816,0.502507306953602,0.565175307964246,FALSE
SDK2,turquoise,0.137734756085107,0.403062837038902,0.245732843979302,-0.151535273176424,0.654054937305896,FALSE
SDR39U1,turquoise,0.186072007829244,0.256730998187111,0.234866506355775,-0.193552392150914,0.562041779746737,FALSE
SDS,grey,-0.35641099785104,0.0259423446592341,-0.260570668334391,0.4997511409565,,FALSE
SEC11A,grey,-0.123250316600962,0.454754248036764,-0.101128768779932,0.164123301164061,,FALSE
SEC13,brown,0.244213548426717,0.13405954723335,0.747418506863663,-0.432153651852222,0.740175300098012,FALSE
SEC14L1,blue,0.131495154908515,0.424903556124297,-0.221235954443864,0.0926176724105552,0.374197778647045,FALSE
SEC14L2,turquoise,0.143016983699394,0.385088259218685,0.537894595291557,-0.171030317451227,0.816135327883792,FALSE
SEC14L4,turquoise,0.430522298920876,0.006222176985145,0.639167637720943,-0.586569492720749,0.792841450081415,FALSE
SEC16A,green,0.410767943579648,0.00938901596497203,0.841016572704192,-0.635971917982717,0.841016572704192,TRUE
SEC23A,blue,0.0949711486940972,0.565223357005488,0.143031843650769,0.13872219860242,0.603481501823638,FALSE
SEC23B,green,0.2574187856107,0.113633742358837,0.721107158433508,-0.368805458905716,0.721107158433508,FALSE
SEC23IP,yellow,-0.0412806429675559,0.802961477727103,-0.227448409660956,-0.000379399401643457,0.639454383637627,FALSE
SEC24A,blue,0.00526781719013107,0.974609733679505,0.189907828485644,0.0540845588215448,0.607559758000444,FALSE
SEC24B,blue,0.0641773740778929,0.697906270579201,-0.00584778181343558,0.450280806920061,0.31765852504493,FALSE
SEC24C,green,0.239926233270395,0.141243627876985,0.808632323017375,-0.514375994403292,0.808632323017375,TRUE
SEC31B,purple,-0.0805358751982959,0.62599207756612,-0.310104606573368,0.096464782956881,0.484579899673337,FALSE
SEC61A1,green,0.322209984380057,0.0454528657729989,0.917981034221001,-0.659117278598279,0.917981034221001,TRUE
SEC61A2,magenta,-0.35997221916566,0.0243894072333546,-0.247040838472007,0.496168369052805,0.496168369052805,FALSE
SEC61B,brown,0.0197560370441152,0.904979197879177,0.59257031535412,-0.335821248360205,0.777714945249917,FALSE
SEC61G,blue,-0.101500772081011,0.538660394203381,0.221486520625839,-0.100137212886279,0.321698982285686,FALSE
SEC62,blue,-0.154919848728686,0.346346773160477,-0.458900060856365,0.720382263665671,0.759928430437768,FALSE
SEC63,blue,-0.296671091251086,0.0666592285803112,-0.470865594371615,0.605588431498083,0.862743939851049,FALSE
SECISBP2,turquoise,-0.0990749216101907,0.548458490061851,0.324031183898934,-0.0389736656284693,0.487267604048115,FALSE
SECISBP2L,blue,-0.332143326471608,0.0388469916008849,-0.181853609571083,0.21257937885367,0.575268343582516,FALSE
SECTM1,midnightblue,0.281861884560679,0.0821406091674085,0.475522427407467,-0.60850104534954,0.639451398509909,FALSE
SEH1L,blue,-0.112887753427465,0.493824251289,-0.407751104674104,0.503297292513869,0.805708674211918,FALSE
SEL1L,blue,0.0176282877902879,0.915173759036613,0.0684642147524158,0.147867413850525,0.686159752114646,FALSE
SEL1L3,lightyellow,0.037105465509257,0.822553883375658,-0.0880307694494506,0.0877109357417482,0.734817026861909,FALSE
SELENBP1,turquoise,0.0120052232439922,0.942175474102552,0.321399737153437,0.0682160987359353,0.644859219556843,FALSE
SELENOF,blue,-0.109393605289128,0.507375519658155,-0.0863610813957155,0.312551080188758,0.684788177583636,FALSE
SELENOP,blue,-0.188038819526574,0.251647308595657,-0.447946108898253,0.455446300755599,0.338245167274255,FALSE
SELENOT,pink,0.134480237131325,0.414373182658079,0.39756602484108,-0.0520148016003009,0.80509580283643,FALSE
SELENOW,turquoise,-0.0213086306207164,0.897549717949281,0.331771616498539,-0.185723033920793,0.598943275402142,FALSE
SELL,grey60,-0.179838049185864,0.273293382004566,-0.363440596954825,0.253563660106484,0.687649974093859,FALSE
SELP,red,-0.0998664290016836,0.545252309381817,-0.31417300010088,0.157684311039686,0.682673630475619,FALSE
SELPLG,greenyellow,0.12734460098124,0.439791375876687,0.300152957334372,-0.292202494753635,0.781142464812985,FALSE
SEM1,yellow,-0.106379716832997,0.519212730651871,-0.155200752414794,0.157605178344513,0.340101155873104,FALSE
SEMA3B,turquoise,-0.128957943451755,0.433970598410884,0.121948514658894,-0.254587398139013,0.496974501193525,FALSE
SEMA3F,green,0.183135709140608,0.264446948618684,0.632616944514757,-0.542602709568828,0.632616944514757,FALSE
SEMA3G,yellow,-0.154526111513135,0.347588878838036,-0.572035394950716,0.252534650053192,0.583023528350092,FALSE
SEMA4A,lightgreen,0.00670567714118608,0.967682661153066,-0.315735058624239,0.0129918928224047,0.633438104838095,FALSE
SEMA4C,turquoise,0.221761354886291,0.17484325905316,0.162666624030256,-0.217162212018593,0.406529995489263,FALSE
SEMA4D,salmon,0.191478883429791,0.242918461746145,0.267732410907317,-0.326298527097825,0.493428182037892,FALSE
SEMA4F,black,-0.0764721615687665,0.643572844490952,-0.0522807835212112,-0.232278005255406,0.438279263242842,FALSE
SEMA4G,royalblue,-0.251819204385704,0.121987231149467,-0.602803186714553,0.52165377440834,0.694779242964229,FALSE
SEMA5A,tan,-0.364686645226474,0.0224531001234823,-0.68518393426088,0.370771548748926,0.575216081930958,FALSE
SEMA6A,yellow,-0.00914251661985643,0.955948480008404,-0.338787434610425,0.165757392096405,0.495046840499471,FALSE
SEMA6B,turquoise,0.336381573414098,0.0362774300665733,0.440312365547532,-0.493492211464576,0.64907945218093,FALSE
SEMA6C,grey,-0.31311520153815,0.0522702245352324,-0.524650425807929,0.349884071821158,,FALSE
SEMA6D,black,-0.199916007549294,0.222381833829705,-0.278807857015644,-0.0977463628935111,0.697154998757759,FALSE
SEMA7A,grey,0.32148433009005,0.0459689756400918,0.152399970005522,-0.201816467617341,,FALSE
SENP2,blue,-0.263054658052932,0.105669693781336,-0.243769679361523,0.186546746016271,0.296337169088622,FALSE
SENP5,blue,0.208035702677496,0.203774431522273,0.330972105509535,-0.222497479204974,0.20833134400197,FALSE
SENP6,blue,-0.158410856914743,0.335452692046551,-0.0895151136354101,0.347050510923626,0.460974947647724,FALSE
SEPHS1,brown,0.0162753143832534,0.921663250255427,0.446289000500394,-0.0890727342584698,0.626203502707656,FALSE
SEPHS2,brown,0.153225173004298,0.35171217437222,0.329483080031148,-0.137725282652458,0.397670993609549,FALSE
SEPT5-GP1BB,turquoise,0.298024624290843,0.0653679416341552,0.438262337033755,-0.429371995673677,0.638058122784719,FALSE
SEPTIN10,blue,-0.370083323399177,0.0203955418897084,-0.565783259719823,0.675867594217449,0.799164076334667,FALSE
SEPTIN11,tan,-0.141537378810207,0.390075097778205,-0.452703350219464,0.272759727547256,0.735504031112181,FALSE
SEPTIN2,blue,-0.313392282615204,0.052051069998283,-0.199814377434232,0.321735751743042,0.525878921341258,FALSE
SEPTIN4,turquoise,-0.0242721965623688,0.883392842351458,0.157996317915074,0.228796820665533,0.449094229850303,FALSE
SEPTIN6,red,-0.143268846108541,0.384243123770302,-0.0843548149572893,-0.0568482392113438,0.714609919131445,FALSE
SEPTIN7,tan,-0.0926300198358749,0.57489195393394,-0.249163408395161,0.268672333727167,0.771349658657262,FALSE
SEPTIN8,tan,0.110484999182477,0.50312278907688,0.0954079886342334,-0.228470334494436,0.41844885666716,FALSE
SEPTIN9,turquoise,0.236740446655852,0.146762803623832,0.122018866615928,-0.332764053932625,0.292627138164625,FALSE
SERBP1,blue,0.0679020754460657,0.681273210958367,-0.323001136369318,0.439788311018006,0.446407925432324,FALSE
SERGEF,turquoise,0.237299242115742,0.145783463968891,0.4989268918006,-0.26152397774316,0.513441026375773,FALSE
SERINC1,blue,-0.269982189197226,0.0964705416099953,-0.231779490706383,0.634366560065428,0.613608786693354,FALSE
SERINC2,green,0.0525788443577984,0.750567181906296,0.372370935811531,-0.268342116029137,0.372370935811531,FALSE
SERINC3,cyan,-0.0119427830272692,0.942475723050381,0.167674426287508,0.229241967415102,0.851216820009558,FALSE
SERINC5,blue,-0.16587416957207,0.312881652907139,-0.166413280083026,0.233952619873743,0.488656374892148,FALSE
SERP1,green,0.207083248149103,0.205898984285141,0.595495929681268,-0.280161692564133,0.595495929681268,FALSE
SERPINA1,red,-0.153187449084636,0.351832180817872,-0.281972379176011,0.207036154632743,0.438059619900712,FALSE
SERPINA10,brown,0.0624470678940559,0.705681302967028,0.494005443222908,-0.0994728738656226,0.596850387936181,FALSE
SERPINA3,greenyellow,-0.278851224705218,0.0856049863150712,-0.102807817820821,0.107460487648317,0.234920616807342,FALSE
SERPINA4,turquoise,0.0124016898869941,0.940269216975125,0.337249304224575,-0.134847056281194,0.66074721443014,FALSE
SERPINA6,cyan,0.0250432078098568,0.879715408353979,0.0931083680733072,0.311996831514294,0.732899232079036,FALSE
SERPINA7,blue,-0.210253527731324,0.198886738286927,-0.225698485699304,0.158797801346458,0.682270427749307,FALSE
SERPINB1,brown,0.240213323996013,0.14075387919878,0.303427995607012,-0.176972796730886,0.482703993236109,FALSE
SERPINB6,turquoise,0.261715143219597,0.107522943582157,0.559295691498794,-0.223187057337915,0.606976062119544,FALSE
SERPINB8,blue,0.237248947009465,0.145871413775662,0.195734219866347,-0.0347596348263024,0.454416627905728,FALSE
SERPINB9,blue,-0.0957490005991367,0.56202759062369,-0.461206419121248,0.211018152940404,0.463880952958231,FALSE
SERPINC1,blue,-0.333293055355662,0.0381357151611164,-0.36809421499909,0.597873103710405,0.598828139072933,FALSE
SERPIND1,cyan,-0.120689391866512,0.464251267392564,0.178380061330341,0.205577701420728,0.782793190775408,FALSE
SERPINE1,green,0.450278288720317,0.00402309488733451,0.644880585591385,-0.609450144282554,0.644880585591385,FALSE
SERPINE2,tan,-0.112159277809248,0.496634065627746,-0.104466201792979,-0.2917051612188,0.648064845669657,FALSE
SERPINF1,brown,0.206918835882509,0.206267279149309,0.578320967131644,-0.311353813528929,0.807969161107159,FALSE
SERPINF2,turquoise,0.0514139359290097,0.755922953807121,0.383493459289825,-0.232984115753028,0.776268043508079,FALSE
SERPING1,turquoise,0.0732913308659992,0.657469365295464,0.453526801275987,-0.181436572113064,0.760357300776161,FALSE
SERPINH1,greenyellow,0.275572891024253,0.0895050015141653,0.51946316785675,-0.503740309629314,0.742337113548809,FALSE
SERTAD2,magenta,-0.14613446077455,0.374704250439689,-0.457176047074169,0.627055334747265,0.627055334747265,FALSE
SERTAD3,green,0.516577903171451,0.00076060335635085,0.636468505335777,-0.685734323160836,0.636468505335777,FALSE
SESN1,blue,-0.038648435083224,0.815300321979719,-0.185180572433204,0.249543758131481,0.495595949071418,FALSE
SET,red,-0.09934685428007,0.547355959002326,-0.165082646924022,0.0775997030821225,0.428475404371515,FALSE
SETBP1,yellow,-0.12531637720382,0.44716955772857,-0.416641890346481,0.386479448701028,0.602252357880937,FALSE
SETD1A,turquoise,0.38770099451993,0.0147423055765509,0.625156729460479,-0.470537565792966,0.742343817466136,FALSE
SETD1B,turquoise,0.0692976850076721,0.675078523008049,-0.000139940123035108,-0.0180411288039975,0.200675586381882,FALSE
SETD2,blue,-0.125414335236429,0.446811666786343,-0.492198161236613,0.370627603228316,0.619454668715296,FALSE
SETD3,blue,-0.329884116607781,0.0402761160314231,-0.0933211523763959,0.130348880237178,0.564686224082317,FALSE
SETD4,blue,-0.223844585201103,0.170723426746414,-0.307578253225751,0.287431452126766,0.350397569331265,FALSE
SETD5,turquoise,0.0840616457009448,0.610901594435271,0.160895018519775,0.0886156740999759,0.407879494631326,FALSE
SETDB1,turquoise,-0.0546421892176235,0.741109139098585,0.0375649409880787,-0.144752993603435,0.332982174657609,FALSE
SETX,green,0.353072459343316,0.027471741125998,0.380376748291295,-0.214364157345988,0.380376748291295,FALSE
SEZ6L2,yellow,-0.143463194450934,0.38359172367513,-0.443336075726864,0.293380855367431,0.510883416110836,FALSE
SF1,turquoise,0.15915581872949,0.333155656532652,0.375003608125894,-0.171393193466022,0.759081088402041,FALSE
SF3A1,black,0.0287128026674795,0.862248175726329,-0.0863622030634201,-0.00631039057039445,0.349807523949711,FALSE
SF3A2,black,-0.137696171069897,0.403195882499983,-0.429315192885878,0.0696390417552731,0.498987686720717,FALSE
SF3A3,blue,-0.162101094162691,0.324169736609864,-0.188909046497219,0.186879735573688,0.749090007417915,FALSE
SF3B1,royalblue,-0.0557172309563811,0.736196042845646,-0.261299474549165,0.489266859496716,0.726490582331108,FALSE
SF3B2,turquoise,0.294241451439476,0.0690275739407776,0.50198750754929,-0.100029859185588,0.545475884525266,FALSE
SF3B3,blue,-0.106376047285714,0.519227225836449,0.00046227739122811,0.0510660633089886,0.635384386290641,FALSE
SF3B4,grey,-0.142880160967378,0.385547830229103,0.0130412045497431,-0.12421387320749,,FALSE
SF3B5,turquoise,-0.0364011304751216,0.825869868579285,0.280825114836738,-0.084944268868122,0.441238980500129,FALSE
SFI1,turquoise,0.288315284410205,0.075082420902619,0.590816943972833,-0.52575339835077,0.728047770026814,FALSE
SFMBT1,grey,-0.154450171852424,0.347828754479577,-0.0513082653429749,0.171834919801477,,FALSE
SFN,turquoise,-0.113896571702974,0.489946636786116,-0.0301608668572229,-0.25219432774317,0.209845934811004,FALSE
SFPQ,royalblue,-0.0970502832029938,0.556700131526672,-0.190157887580788,0.220335805043486,0.801653327429896,FALSE
SFRP1,blue,-0.171927988063859,0.295295579591735,-0.437873789607222,0.204205649364214,0.443249520507581,FALSE
SFRP5,turquoise,0.292117912534249,0.0711513653508645,0.275372403750064,-0.296502102063424,0.484296508097908,FALSE
SFSWAP,yellow,0.00261242481130319,0.98740687922355,-0.182677971735948,0.0316467849605906,0.41503301586614,FALSE
SFT2D2,red,-0.047536472958269,0.773829808709164,0.103417857768931,-0.196597125700264,0.761837110676324,FALSE
SFTPC,turquoise,0.0634087765273405,0.701356223514592,0.445894433798132,-0.30441015029596,0.594979453802056,FALSE
SFTPD,grey,-0.0387300611658228,0.814917011285713,-0.0843838542465769,0.0302292615454288,,FALSE
SFXN1,turquoise,0.140123306205054,0.394876057283614,0.411613064005625,0.0252002993750623,0.533883270605601,FALSE
SFXN3,salmon,-0.0476988802178431,0.773077389631745,-0.103227924696848,-0.0861080086979829,0.40962341372198,FALSE
SGCB,green,0.0983297951050741,0.551484927705684,0.503125288516399,-0.417266905756428,0.503125288516399,FALSE
SGCD,black,-0.0113832123711164,0.945166809861345,-0.302825024742685,-0.0634379742926918,0.634430565024755,FALSE
SGCE,grey,-0.0295176281920358,0.858425540563751,0.318225128360195,-0.273428177911508,,FALSE
SGF29,turquoise,0.317796700640724,0.0486653304262242,0.421827431689478,-0.30243162238933,0.794811287928485,FALSE
SGK1,brown,0.177564652262965,0.279503759464417,0.405983279973464,-0.127382206431147,0.471320163724988,FALSE
SGK2,green,0.116007518870697,0.481883853732119,0.46560707918469,-0.344289753827291,0.46560707918469,FALSE
SGPL1,brown,-0.094197291589552,0.568410995784969,0.420445124550646,-0.0786553441931267,0.386409900497058,FALSE
SGSH,midnightblue,0.368940003990907,0.0208177507478852,0.545827828074671,-0.523882130487375,0.721217300189692,FALSE
SGSM2,turquoise,0.145981875666887,0.375208598807358,0.41092155304144,-0.50081806348638,0.511714379617607,FALSE
SGSM3,turquoise,0.34138619838857,0.0334237932108543,0.587733052585442,-0.445957850762063,0.703102617469528,FALSE
SGTA,turquoise,0.252979742087507,0.120219217722333,0.716782304620874,-0.553404502360364,0.837919127735108,FALSE
SH2B1,turquoise,0.301986084196973,0.0617020098184568,0.398568068685664,-0.48119206086727,0.702371374479673,FALSE
SH2B2,turquoise,0.368279031802073,0.0210651504398345,0.11841189846005,-0.20440060640877,0.312460768311807,FALSE
SH2B3,blue,0.045144901390523,0.784933012164299,0.279743429319907,-0.166878862881148,0.333770120443849,FALSE
SH2D2A,purple,-0.0951333020432495,0.564556467522949,-0.303117836797876,-0.0296151976474043,0.613489893427742,FALSE
SH2D3A,grey,0.138140313765804,0.401665955008733,0.0649903929185441,-0.150954016951934,,FALSE
SH2D3C,blue,-0.0186640535158893,0.910209382613427,-0.38817823091713,0.149355291854011,0.421432986280977,FALSE
SH2D4A,yellow,-0.162401058362369,0.323263131004142,-0.222089217233494,0.23416985345226,0.488438095684915,FALSE
SH3BGR,blue,-0.246984776895131,0.129562336975636,-0.203433040704409,0.420686221423479,0.358690821633329,FALSE
SH3BGRL,tan,-0.0690491980611071,0.676179952374987,-0.44407444470222,0.440208212497463,0.775727737991591,FALSE
SH3BGRL3,brown,0.25644174306901,0.115059298864162,0.539044083003955,-0.369455344461457,0.682277780240517,FALSE
SH3BP1,grey,0.0802633878606585,0.627164719760182,0.302445297973732,-0.210317173288361,,FALSE
SH3BP2,turquoise,0.179196002786389,0.275038057180656,0.40165959816958,-0.444890950171596,0.572839897155119,FALSE
SH3BP4,blue,-0.0848426779897433,0.607579777033596,-0.192319376295092,0.510383322369095,0.459149779069776,FALSE
SH3BP5,blue,-0.125535987239795,0.446367427220606,-0.338473890963894,0.364324221634052,0.606543324042692,FALSE
SH3D21,grey,0.0236436055900317,0.886392772591727,-0.0948174190362386,-0.00726504841385842,,FALSE
SH3GL1,turquoise,0.228091146887935,0.162542170554137,0.394295344134875,-0.305765808376223,0.553638393368479,FALSE
SH3GLB1,green,0.453671174334749,0.00372315220632989,0.620162825503667,-0.277156866249905,0.620162825503667,FALSE
SH3GLB2,turquoise,0.428649265662886,0.00647637948045569,0.592061781582647,-0.445719770324325,0.806592567622973,FALSE
SH3PXD2A,magenta,-0.313569884996093,0.0519109850452114,-0.5935865060241,0.478085423181872,0.478085423181872,FALSE
SH3TC1,turquoise,0.320875444940647,0.0464056768917569,0.439893022717023,-0.295761745972543,0.692837814415428,FALSE
SH3YL1,blue,-0.0736705952998133,0.655806331596526,-0.363440025919221,0.396198222098696,0.54618991727676,FALSE
SHANK1,turquoise,0.0418827735044379,0.800145397890677,0.194896239484084,-0.0586930841281677,0.515928434649226,FALSE
SHANK2,turquoise,0.203984289274934,0.212918141270296,0.0419746986560639,-0.227636548785875,0.297572805153897,FALSE
SHARPIN,brown,0.191059000908249,0.243972796816658,0.47077582500689,-0.304553358577474,0.595176554479236,FALSE
SHB,turquoise,0.280469785697229,0.0837287002658916,0.545037860604523,-0.396563812089144,0.566181279045107,FALSE
SHBG,grey,-0.17207743980388,0.29486962370904,-0.211618183614969,0.136205376460424,,FALSE
SHC1,green,0.322196885290723,0.0454621406197994,0.79216688245348,-0.592211551176315,0.79216688245348,FALSE
SHC2,turquoise,0.245685488869651,0.131656656662251,0.531393101903961,-0.454779262642658,0.763898745040757,FALSE
SHC3,yellow,-0.261644372031609,0.107621539012939,-0.476070812238651,0.0879226329655471,0.528515624241117,FALSE
SHFL,green,0.331657073629614,0.0391510433336238,0.510893405524571,-0.372878326446508,0.510893405524571,FALSE
SHLD2,blue,-0.206060248231932,0.208198026801952,-0.168602940416003,0.227554261876859,0.478194559354435,FALSE
SHMT1,brown,0.244216269601024,0.134055075217358,0.540975997277222,-0.15574399502448,0.768271325355496,FALSE
SHMT2,brown,0.0058863701528256,0.971629522023719,0.45589533978116,-0.0533339940322189,0.685373335373039,FALSE
SHOC2,blue,-0.162519446141157,0.322905754776156,-0.0738868853767128,0.317284386613626,0.615823677758563,FALSE
SHQ1,red,-0.19890261848019,0.224783416024298,-0.329429301110898,0.216502160745217,0.755876858542188,FALSE
SHROOM2,yellow,-0.275727917974919,0.0893175399574584,-0.337327223879966,0.0338291565967453,0.34296922172424,FALSE
SHTN1,yellow,-0.183092083094882,0.264562731358557,-0.357486907500051,0.292792164172988,0.811900006504349,FALSE
SIAH1,yellow,-0.0841443188438336,0.610549611163747,-0.421928789850058,0.391015432253556,0.699430280040048,FALSE
SIAH2,turquoise,0.0917804559925579,0.578419001205089,0.205879304367536,-0.0563434022296481,0.372938789596347,FALSE
SIDT2,grey,0.0409254386654362,0.804623871817033,0.23068186241971,-0.0596325600926215,,FALSE
SIGIRR,turquoise,0.0815356245591789,0.621697462217222,0.42098684611004,-0.27310007644172,0.713915929397296,FALSE
SIGLEC1,grey,-0.122565422770535,0.457283798866286,0.191046239710469,-0.121599345358443,,FALSE
SIGLEC15,purple,-0.133226136935254,0.41877908214111,-0.444452179409303,0.0571836394681333,0.654751628580199,FALSE
SIGLEC5,blue,-0.195230404612316,0.233634576513911,-0.345962904881687,0.14284029946806,0.246373064796166,FALSE
SIGLEC6,yellow,-0.117947232541994,0.474536570066615,-0.44080451760571,0.0489728013230062,0.326682322056442,FALSE
SIGLEC7,grey,0.129063121703377,0.43359261434211,0.0949097706242273,-0.091805189187429,,FALSE
SIGLEC9,greenyellow,0.260505500672898,0.109217621690914,0.182525647423474,-0.119403719803369,0.490760969634669,FALSE
SIGMAR1,brown,0.0473576510307267,0.774658511264724,0.568836616385229,-0.229997264775099,0.721264181172423,FALSE
SIK2,turquoise,-0.0956453522553582,0.562452940914574,-0.0314824034748184,0.192830168348518,0.266089324670924,FALSE
SIK3,turquoise,0.0685542895862687,0.678375634685122,0.289897701988663,-0.103519893713178,0.604024960396811,FALSE
SIL1,turquoise,0.201517270964247,0.218623087126847,0.681644663949499,-0.447898975230571,0.854482370099123,FALSE
SIM2,yellow,-0.242624328494362,0.136690234434898,-0.439204772347246,0.360315488438035,0.580449414022703,FALSE
SIN3B,turquoise,0.296469331416687,0.0668534224649597,0.27477483780592,-0.502450784627587,0.470536166474499,FALSE
SINHCAF,red,-0.248104430538592,0.127777550417264,-0.421957417927384,0.221975978076555,0.745827063054712,FALSE
SIPA1L1,yellow,-0.234272531506181,0.151145793927863,-0.498880595499753,0.406157237323535,0.468071113336765,FALSE
SIPA1L3,turquoise,0.524961414763404,0.000601068006142455,0.660458068809191,-0.53858901899333,0.49814213600824,FALSE
SIRAL2,grey,0.0551531878182106,0.738772525899547,0.136500749242874,-0.0315815556049623,,FALSE
SIRPA,brown,0.123876315165235,0.452448845369594,0.504925873023416,-0.281949974445356,0.416584023297703,FALSE
SIRPB1,blue,-0.192144481179234,0.24125343047615,-0.461616129749119,0.168305066123771,0.341622948221532,FALSE
SIRT1,magenta,-0.363183030825777,0.0230562379358027,-0.693726052312414,0.710081546986303,0.710081546986303,FALSE
SIRT2,turquoise,0.374003381758545,0.0190018904690152,0.475658974342718,-0.539674620547066,0.394260652767685,FALSE
SIRT3,grey,-0.0879785914313411,0.594320969320564,-0.248026090463811,0.109111485417419,,FALSE
SIRT4,yellow,0.0376885527380019,0.819811023307048,-0.0890279004149005,0.0332963197146191,0.357750480450386,FALSE
SIRT5,darkred,-0.186453137477771,0.255740578627057,0.0649060942962303,0.305703351058108,0.729708632749625,FALSE
SIRT6,grey,0.341286430381192,0.0334788261520563,0.0491759321793102,-0.101967967144504,,FALSE
SIRT7,turquoise,0.329780386418582,0.0403427458747334,0.289359621964435,-0.237378625844468,0.643599094422342,FALSE
SIVA1,brown,0.0787247366851008,0.633803155430303,0.497205354198125,-0.159730843859914,0.789006329460431,FALSE
SIX5,turquoise,0.471470600098783,0.00244755425143079,0.306887429069616,-0.397204848424846,0.407490108057306,FALSE
SKAP2,brown,0.249387850542726,0.125754334256401,0.499998524908419,-0.344345585551096,0.717094476463454,FALSE
SKIC2,turquoise,0.284192612335831,0.0795342773738635,0.58960880738061,-0.384350681477441,0.883318205203816,FALSE
SKIC8,blue,0.040567819579902,0.806298423443034,0.114863531824365,0.23234137583217,0.652598645699207,FALSE
SKIL,turquoise,0.28141123480724,0.0826521209758737,0.543459306545192,-0.428311926937774,0.464214364293423,FALSE
SKP1,blue,-0.116368816205253,0.480510845870701,-0.164283111245452,0.520390889130936,0.776515369469142,FALSE
SKP2,blue,-0.24685281585371,0.129773906081613,-0.450619085183136,0.562470245810281,0.637468305426978,FALSE
SLA,greenyellow,0.0389305817692286,0.81397556027896,0.201871321219092,-0.263410453953638,0.339473986381189,FALSE
SLAMF7,grey60,-0.0284528786851659,0.86348338762636,-0.268427072518234,0.168564098511703,0.699413255153658,FALSE
SLAMF8,greenyellow,-0.00898229499784668,0.956719745252779,0.0803563886703081,-0.333794732324369,0.380936754263612,FALSE
SLBP,blue,0.152987845902498,0.352467567468656,0.122395189502442,0.0953263029521692,0.393869814160421,FALSE
SLC10A1,blue,-0.279429957625898,0.0849303955867553,-0.42187143350693,0.709437014702365,0.721339813556469,FALSE
SLC10A3,turquoise,0.420700622637051,0.00765728247399169,0.64216326042853,-0.58752897787991,0.745522319186554,FALSE
SLC11A1,grey,0.312751587192599,0.0525589432747896,0.158048365846896,-0.120899900831603,,FALSE
SLC11A2,blue,-0.257125190150947,0.114060704658466,-0.348081297120875,0.443954294781681,0.486823021658309,FALSE
SLC12A2,black,-0.109334842071432,0.507605009012868,-0.370516379018394,0.0346249209466844,0.724847557689734,FALSE
SLC12A4,turquoise,0.391917519638535,0.0136060107306311,0.483011609851854,-0.514768108926967,0.59394153315492,FALSE
SLC12A6,yellow,-0.448971838307582,0.00414407407675298,-0.676856931514308,0.500012672536791,0.709731146665642,FALSE
SLC12A7,turquoise,0.42697936321173,0.00671051342833278,0.599962209994537,-0.577072108215278,0.606304346226149,FALSE
SLC12A8,green,0.217592273841697,0.183300766158602,0.463483663338937,-0.325872780386258,0.463483663338937,FALSE
SLC12A9,turquoise,0.167839106781758,0.307102594417607,0.39233305435081,-0.329998678292333,0.693887903946598,FALSE
SLC13A2,turquoise,0.217542149087962,0.183404187189913,0.464526212295006,-0.219800272204267,0.548196609588811,FALSE
SLC13A3,red,-0.0290212378251175,0.860782847920431,0.197866051688336,-0.241041491242508,0.389902886867026,FALSE
SLC13A4,turquoise,0.237871331702822,0.144785802439126,0.0107786795991544,-0.152528678709906,0.312242479663596,FALSE
SLC15A3,brown,0.226420432394722,0.16572637137367,0.56719889422018,-0.482696106782916,0.705710016217228,FALSE
SLC16A1,magenta,-0.25154539540922,0.122407190112448,-0.420027374153874,0.598047658235439,0.598047658235439,FALSE
SLC16A10,magenta,-0.482134395371226,0.00188310967833189,-0.605962894065353,0.759386426099739,0.759386426099739,FALSE
SLC16A2,brown,-0.106444576883055,0.518956558161131,0.101872028734372,0.324978782746684,0.470547485915714,FALSE
SLC16A3,lightcyan,0.174767696811065,0.287269592220834,0.30112615858448,-0.405539607431161,0.845834631480238,FALSE
SLC16A5,turquoise,0.148163623598339,0.368035409897444,0.46870183408211,-0.344150989522162,0.563121543307064,FALSE
SLC16A7,yellow,-0.475592090276868,0.00221389244133118,-0.711842355238508,0.500928588201875,0.522874499937699,FALSE
SLC16A8,turquoise,0.267836432192554,0.0992516920959909,0.238478954659552,-0.316590220348429,0.596048686100315,FALSE
SLC17A1,yellow,-0.368608680891971,0.0209414587083177,-0.571495609071916,0.460640247712855,0.440792270469358,FALSE
SLC17A2,blue,-0.199927232454369,0.222355331486783,-0.335029233371539,0.497308002291567,0.518556180496787,FALSE
SLC17A3,magenta,-0.335138471318939,0.0370162737824326,-0.551017672377964,0.558772924571656,0.558772924571656,FALSE
SLC17A4,blue,-0.21959091936223,0.179210713864632,-0.378336602224625,0.396595672326456,0.589568498744956,FALSE
SLC17A5,cyan,0.0322321131002989,0.845556641160949,0.543836362401836,-0.272571825496759,0.607568595229914,FALSE
SLC17A9,turquoise,0.0649371788993303,0.694501658150256,0.259953702375678,-0.200496013757415,0.568865063322264,FALSE
SLC19A1,green,0.254951724260762,0.117259222685943,0.628691670342709,-0.496349016654861,0.628691670342709,FALSE
SLC19A2,magenta,-0.361335718091731,0.0238156460734309,-0.696336115846904,0.865594780167198,0.865594780167198,TRUE
SLC1A1,grey,-0.0186815778849383,0.910125417513295,-0.0357229138996475,0.260523355355634,,FALSE
SLC1A2,grey,-0.245705749331168,0.131623806984173,-0.184009035255988,0.241556430220945,,FALSE
SLC1A3,black,-0.00447813161924377,0.978414957369238,0.22555574103924,-0.188597335831589,0.0229834950355083,FALSE
SLC1A4,red,-0.281847309168693,0.0821571144219999,-0.284059036925999,0.0192687178205737,0.457594505104162,FALSE
SLC1A5,salmon,0.0442484168354367,0.789106032355733,0.09968204812902,-0.309364723067562,0.48031661770067,FALSE
SLC1A7,grey,0.338686620995945,0.0349393073875196,0.250544367029668,-0.275469125341722,,FALSE
SLC20A1,blue,0.11397168608936,0.489658547859713,0.0240951693717618,0.00543799970949301,0.470147908814317,FALSE
SLC20A2,grey,0.0590091501611401,0.72121644762293,-0.105946940953174,0.316089280863663,,FALSE
SLC22A1,brown,0.173440169294782,0.291003893817805,0.5478791749628,-0.119158451900303,0.715141716907085,FALSE
SLC22A11,purple,-0.201073026415715,0.219661475493376,-0.190768460994577,0.0334791255012005,0.58125367323014,FALSE
SLC22A13,grey,0.255445337677179,0.116526953771704,0.141179398744491,-0.256242666284729,,FALSE
SLC22A17,turquoise,0.158874404565744,0.334022229998433,0.392756068488379,-0.330916636414068,0.503940485735029,FALSE
SLC22A4,purple,-0.505279063315831,0.00103481796168208,-0.584387844145606,0.354143617387863,0.614944547467602,FALSE
SLC22A5,purple,-0.00511500599105066,0.975346037738219,-0.315687641456267,0.0876476709989144,0.740109369678083,FALSE
SLC22A6,turquoise,0.229609493401193,0.159686959332777,0.279273405220314,-0.369363876731304,0.455525859734272,FALSE
SLC22A7,turquoise,0.373582474109844,0.0191475976719383,0.695860665176229,-0.548241720551758,0.806556276499602,FALSE
SLC23A2,darkred,-0.0345464446635435,0.834615781330007,-0.0759980092480639,0.339988158138981,0.755062039550741,FALSE
SLC24A3,black,-0.160888211460681,0.327851695591368,-0.355746374897748,-0.0943345375966217,0.79740298483596,FALSE
SLC25A1,brown,0.157276231363291,0.338969963191064,0.524204154575713,-0.173944303762146,0.733270054256666,FALSE
SLC25A10,brown,0.299851012746134,0.0636569772147895,0.724039834687803,-0.365024662420682,0.780853394199978,FALSE
SLC25A11,brown,0.12888281887141,0.434240688919726,0.671518959238997,-0.469839341365186,0.821577352094029,FALSE
SLC25A13,blue,-0.074445288582888,0.65241447121104,0.0936024740261862,0.270955470668292,0.413878287705498,FALSE
SLC25A14,grey,-0.32229700214898,0.0453912913986802,-0.2656192381173,0.034931245458449,,FALSE
SLC25A15,blue,-0.426771497765743,0.00674016197358548,-0.275923066559332,0.583135852542578,0.387747042986144,FALSE
SLC25A16,grey,-0.309291098836055,0.055371085700201,-0.221365592433287,-0.0253859808812412,,FALSE
SLC25A17,blue,-0.0412564960225365,0.803074461021643,0.148356917466341,-0.0680405939709275,0.321308738172031,FALSE
SLC25A20,green,0.388016254699337,0.0146546613731027,0.755789112618643,-0.45068097998196,0.755789112618643,FALSE
SLC25A22,turquoise,0.241971231148202,0.137782327844267,0.60300296115909,-0.473084802724014,0.78102356744437,FALSE
SLC25A28,brown,0.243127709034955,0.135852873587471,0.6447152471748,-0.19428886464969,0.7274790795282,FALSE
SLC25A3,brown,0.119277989091871,0.469530241150795,0.358320368767837,-0.0482349285483364,0.716952670598382,FALSE
SLC25A32,blue,-0.127687698343915,0.438549931848341,-0.0799760520849703,0.486478196981753,0.676617174413554,FALSE
SLC25A36,tan,-0.116789088928909,0.478916294049881,-0.569820741147454,0.310034694488853,0.747151985798225,FALSE
SLC25A37,grey,0.0786214023822343,0.634250008145381,-0.0883674025998997,0.147752163688433,,FALSE
SLC25A38,turquoise,0.18021933215393,0.272260737866811,0.377345113788255,-0.044502733265352,0.411316114350374,FALSE
SLC25A4,brown,-0.0740404083635614,0.654186314884032,0.398399968633438,0.0153053840516048,0.750313947704603,FALSE
SLC25A44,blue,0.298536122288807,0.0648851461268885,0.342048892652907,-0.11626302888949,0.135799713949316,FALSE
SLC25A46,blue,-0.125001329151946,0.448321648978184,-0.0752801927674993,0.356093544700746,0.689892051120681,FALSE
SLC25A5,brown,0.24366560209619,0.134962305429995,0.574371249648364,-0.334261585116442,0.736814977927863,FALSE
SLC25A6,brown,0.113996671991546,0.489562737903801,0.444382604736039,-0.297332742483171,0.812145661664687,FALSE
SLC26A1,turquoise,0.274465782894237,0.0908525804939346,0.52236405918573,-0.39122686788003,0.770151232951848,FALSE
SLC26A10P,grey,-0.000510758233812556,0.997537809938884,0.0984500784334351,-0.265781491243987,,FALSE
SLC26A6,turquoise,0.420176123257505,0.00774132294170558,0.669563881718331,-0.641741992080087,0.701893099441745,FALSE
SLC27A2,brown,0.0877939852859049,0.59509797022856,0.710376879353357,-0.242426672615411,0.782429386440308,FALSE
SLC27A3,turquoise,0.030868978166402,0.852014303392794,0.234578148745596,-0.328047452349349,0.522350995874433,FALSE
SLC27A5,darkred,0.0900948543082883,0.58544565438514,0.268043029621217,0.00898940734741397,0.82858207074852,FALSE
SLC28A1,turquoise,0.0572029550228191,0.729423094935306,0.385155254004271,-0.398716784136217,0.468802160503937,FALSE
SLC28A3,black,-0.2453501267215,0.132201287650017,-0.342372978468252,0.146209090623905,0.696223903291824,FALSE
SLC29A1,green,0.233325780706476,0.152852336960154,0.693199369141794,-0.526028060025512,0.693199369141794,FALSE
SLC29A3,red,0.348343538855618,0.0297650055516447,0.121107486042076,-0.143432801410002,0.345118113211925,FALSE
SLC2A1,black,-0.163640590891935,0.319533617341107,-0.550009384074436,0.283462974828505,0.690470027910562,FALSE
SLC2A10,green,0.199663449013883,0.222978705542697,0.649956974530581,-0.411425049616749,0.649956974530581,FALSE
SLC2A2,blue,-0.229118545897036,0.16060616608052,-0.447767682298518,0.602099514627457,0.66762456940307,FALSE
SLC2A3,yellow,-0.120376292136708,0.46541959139983,-0.24619529518603,-0.115749555706339,0.355516377845855,FALSE
SLC2A4,brown,-0.0164179150288361,0.920979027970363,0.273131602822778,-0.00913792859439592,0.316228711688635,FALSE
SLC2A4RG,turquoise,0.213774569556178,0.191296772127349,0.555816448950371,-0.231665248774399,0.734090438141476,FALSE
SLC2A5,grey,0.151534062330794,0.357116298098818,-0.0668223265047743,-0.305959789756549,,FALSE
SLC2A8,brown,0.342500494148169,0.0328141636858724,0.724654991024971,-0.364886931161672,0.731793117024911,FALSE
SLC2A9,grey,-0.0485318535760851,0.769221521826049,0.1132463482964,-0.160838186763131,,FALSE
SLC30A1,blue,0.129781211733091,0.431016862186234,0.0505439774863178,0.124066282562347,0.58560887483328,FALSE
SLC30A3,turquoise,0.134135598725288,0.415581337664906,-0.0562095271619273,-0.26390201358174,0.231038169752738,FALSE
SLC30A5,red,-0.042149023412534,0.798900976110733,-0.0227081162751808,-0.138768013516286,0.552093550045878,FALSE
SLC30A9,pink,-0.0298292151189504,0.856946462648183,0.141292497464541,0.165874524009294,0.656443497326776,FALSE
SLC31A1,blue,-0.225329304919395,0.167830081335696,-0.137215497023624,0.522651715394565,0.613814235424003,FALSE
SLC31A2,blue,-0.177255140850685,0.280356327147942,-0.285048082534914,0.592001684833918,0.480244986442429,FALSE
SLC33A1,pink,-0.0409745838586244,0.804393816390233,0.238161342793992,0.0344546903011816,0.324947168855251,FALSE
SLC34A1,turquoise,0.0218917111672754,0.894761746081317,0.0830734000500982,-0.0325153442938327,0.519889405969575,FALSE
SLC35A1,blue,-0.191717592596303,0.242320428565389,-0.363654618004851,0.533238747013784,0.811928178706511,FALSE
SLC35A2,green,0.383933724805457,0.0158243517893706,0.653605670729881,-0.46511490572713,0.653605670729881,FALSE
SLC35A3,pink,-0.0279746815400239,0.865756712127872,-0.00219763238994587,0.44810533513988,0.591277008824032,FALSE
SLC35B1,green,0.1913965129912,0.243125053366313,0.735818930001955,-0.408237232633214,0.735818930001955,FALSE
SLC35C1,green,0.442581651982861,0.00478249459772626,0.834451178223175,-0.715786313364093,0.834451178223175,TRUE
SLC35D1,brown,-0.0186949626614772,0.910061287230515,0.314688445932183,0.0304288249149665,0.404862501217277,FALSE
SLC35D2,blue,-0.062050201829082,0.707468793510971,-0.340261433469452,0.427973275612478,0.438367976691537,FALSE
SLC35E1,brown,0.151779874971298,0.356327679162245,0.385483351741568,-0.102482183036677,0.379064939239868,FALSE
SLC35E3,blue,-0.335428032094828,0.0368430840321692,-0.318081935326347,0.355742972821832,0.487051486116707,FALSE
SLC35F6,blue,-0.0326017161356187,0.843807392963961,-0.0527524899074137,0.228434899752114,0.561802626703773,FALSE
SLC35G2,blue,-0.373253510165788,0.0192621270556782,-0.487673538552781,0.308889780755711,0.306796513047941,FALSE
SLC35H1,turquoise,0.29677119652142,0.0665630426623278,0.379963624507703,-0.332916074274913,0.653230262503809,FALSE
SLC36A1,greenyellow,0.437900559988562,0.005302738453867,0.616060295662357,-0.473304498265991,0.646067691955705,FALSE
SLC37A1,grey,0.300711346960571,0.0628633989222121,0.485972933456544,-0.457602734616683,,FALSE
SLC37A4,brown,-0.257712369664085,0.113208004413009,0.0337481688347565,0.326251462691365,0.576671092119124,FALSE
SLC38A1,tan,-0.0244652395171794,0.882471870793338,-0.051951928578357,-0.0500329311625216,0.554664302663574,FALSE
SLC38A10,turquoise,0.228677673585773,0.161434877948799,0.547558993079279,-0.379700438215665,0.843090136979018,FALSE
SLC38A12,brown,0.349517033376673,0.0291817096051372,0.698195813768226,-0.519401205567781,0.646554562202484,FALSE
SLC38A2,blue,-0.00912410700110288,0.956037097130408,-0.224899479022732,0.436202729385602,0.541989666977772,FALSE
SLC38A3,brown,-0.0398123443129053,0.809838729018208,0.377920714599975,-0.0675624583280334,0.766685602063256,FALSE
SLC38A4,magenta,-0.111008133403144,0.501090763533061,-0.11094743829922,0.58995599931223,0.58995599931223,FALSE
SLC38A7,green,0.338336784051335,0.0351397540041186,0.64354168297284,-0.500435147158477,0.64354168297284,FALSE
SLC39A1,grey,0.265270787444408,0.102657101944784,0.482141481783157,-0.225935757937063,,FALSE
SLC39A14,blue,0.085142946685822,0.606304760575224,0.143650527020603,0.302928883317297,0.221413648896117,FALSE
SLC39A4,grey,-0.0625782319880643,0.705090879635316,0.034030264010949,-0.0134305896111649,,FALSE
SLC39A6,blue,-0.188068482459956,0.25157115678746,-0.27984074890747,0.297764770102925,0.633277921725874,FALSE
SLC39A7,green,0.448788250736693,0.00416132551318433,0.879836106764294,-0.672741790428897,0.879836106764294,TRUE
SLC39A8,brown,-0.072535179004996,0.660789859889848,0.101444354962231,0.119294631221293,0.309880740959272,FALSE
SLC39A9,red,-0.183643183340547,0.263102581894275,-0.242237851306198,0.0305293725972603,0.843058716377068,FALSE
SLC3A1,magenta,-0.101110368604261,0.540231547172311,-0.286684427212434,0.396021669044007,0.396021669044007,FALSE
SLC3A2,brown,0.193782786144934,0.237187990826487,0.297546960160557,-0.0147060602091498,0.72906034049762,FALSE
SLC41A3,black,-0.00196690783075889,0.990518412292541,-0.0680037112636277,-0.0535212404972575,0.376227781966265,FALSE
SLC43A1,turquoise,0.140929557578825,0.392134545734437,0.44707871542118,-0.147855694249943,0.795680144377928,FALSE
SLC45A2,turquoise,0.224022738274033,0.170374372527354,0.0878869570412771,0.0158919282683185,0.361212855281197,FALSE
SLC46A3,blue,-0.136666866142197,0.406754343569004,0.0773279090532494,0.196352364810233,0.609122357133252,FALSE
SLC47A1,grey,-0.214240974070975,0.190306932657197,-0.117969562347721,0.408434000477608,,FALSE
SLC48A1,brown,0.303040592339445,0.0607541914819578,0.418079503419036,-0.420077589357118,0.335268352986432,FALSE
SLC4A2,turquoise,0.383695261307015,0.0158950392960034,0.833797124433839,-0.606556471548938,0.869164354102991,FALSE
SLC4A3,grey,-0.150798124713893,0.359483635599684,-0.0896833262280877,-0.0563875550541824,,FALSE
SLC4A4,blue,-0.126883548708862,0.441462662086406,-0.330951632933502,0.58184302888159,0.750601684363774,FALSE
SLC4A5,grey,0.0344107362838509,0.835256508704297,-0.121987572208206,0.0384671776386155,,FALSE
SLC50A1,brown,0.0383346808665894,0.816774084923663,0.34042764961027,-0.0369664300656151,0.629359910186775,FALSE
SLC52A2,turquoise,0.25655752054804,0.114889672580558,0.410791224771759,-0.272880096620907,0.735477668027232,FALSE
SLC5A1,lightgreen,0.0638866636588924,0.699210463884418,-0.240560008025401,0.0789684585969871,0.501346815636674,FALSE
SLC5A2,grey60,0.270239702143746,0.0961408332820001,-0.0589255760354508,-0.126583177602163,0.354706264465495,FALSE
SLC5A3,blue,0.182769147769181,0.265420837665842,-0.0632148711476853,0.101239777900286,0.4183837053345,FALSE
SLC5A6,grey,0.109685083797567,0.506237974615276,0.126243547539355,0.199764763796301,,FALSE
SLC61A1,greenyellow,0.171033126489727,0.297854307078062,0.371970070854847,-0.23745216243465,0.608306485318238,FALSE
SLC66A1,purple,0.0226747684419992,0.89101956097339,-0.198142380743783,-0.0428699960327712,0.375659854826223,FALSE
SLC66A2,turquoise,-0.0785720347093976,0.634463535920477,0.00794763760818756,0.14157929289115,0.281426249626252,FALSE
SLC66A3,brown,0.155292732592644,0.345172954850666,0.225357866786475,-0.228081202435606,0.379000559413619,FALSE
SLC67A1,turquoise,0.0913629364730885,0.580155940808446,0.213122299191762,0.0812501252131657,0.446700666181905,FALSE
SLC67A1-AS,grey,0.0644674178325244,0.696605920016423,-0.0928985925492344,-0.0220847270632428,,FALSE
SLC67A2,blue,-0.0931326739967357,0.572809739427904,0.0741150526464113,0.0420268891424697,0.462286987049737,FALSE
SLC68A1,grey,0.352578732824256,0.0277041212534835,0.174423535520151,-0.3662934824475,,FALSE
SLC6A1,grey,0.126450940606287,0.443034006039983,0.254690497056278,0.00215331025048789,,FALSE
SLC6A12,turquoise,0.0775325719320461,0.638966228240764,0.0897128245141938,0.0769763881135747,0.317604535114356,FALSE
SLC6A13,grey,-0.391420741131993,0.0137359073759504,-0.234305300037127,0.364830190725429,,FALSE
SLC6A16,magenta,-0.330528927300909,0.0398639333277774,-0.739369969335754,0.683924077007252,0.683924077007252,FALSE
SLC6A2,turquoise,0.212512320938144,0.193993812935109,0.209454343178468,-0.102254364780775,0.526939693255714,FALSE
SLC6A3,turquoise,0.3379717675229,0.0353499001297376,0.276190993877829,-0.351729090042173,0.527745288768676,FALSE
SLC6A6,grey60,0.058706464530081,0.722589617078556,0.0636881463537901,-0.397139599260375,0.643169051614454,FALSE
SLC6A8,grey,0.17184410366985,0.29553483349424,-0.116856430879188,-0.107485289134072,,FALSE
SLC75A1,turquoise,0.281190450119864,0.0829036251515694,0.541878364686357,-0.641477305802077,0.793838822089199,FALSE
SLC7A10,grey,0.171459382777497,0.296633722880441,-0.108201446024869,-0.184421436487226,,FALSE
SLC7A5,turquoise,0.42528148735804,0.0069560095789898,0.405523331831235,-0.334858079926493,0.661184335281397,FALSE
SLC7A6,grey60,-0.00940317055606511,0.954693844510574,-0.161069384754064,-0.0315500983220741,0.783435342163339,FALSE
SLC7A7,lightyellow,0.0464034766713544,0.779084518928673,-0.0829276703191318,0.0276609138137091,0.752403924898072,FALSE
SLC7A8,grey60,0.189711142577257,0.24737810193289,0.195237791242998,-0.24869009296439,0.576164142917476,FALSE
SLC7A9,blue,-0.383286031730718,0.0160169670735626,-0.50074675984671,0.633073540968672,0.546611150094248,FALSE
SLC8A1,black,-0.122328524192164,0.458160507580533,-0.0527663265415078,-0.22725330328472,0.574424954413143,FALSE
SLC8B1,grey,0.25855590965237,0.111991457063957,0.269899624442223,-0.250780816263644,,FALSE
SLC9A1,grey60,0.0879089783055524,0.594613916342735,0.0413006180014985,-0.317359493035184,0.536527263678715,FALSE
SLC9A6,blue,-0.0802581523895487,0.627187259331555,-0.126990025709954,0.286475055424694,0.824688028202631,FALSE
SLC9A8,brown,-0.0856386035264485,0.604202591436348,0.148428761642423,0.0656218445377392,0.390766558153879,FALSE
SLC9D1,turquoise,0.296936522372276,0.0664044296550475,0.370989416761652,-0.350252596656973,0.399894014753544,FALSE
SLCO1A2,yellow,-0.290681962682574,0.0726163502649622,-0.564038488147323,0.544175752460483,0.200667258552655,FALSE
SLCO1B1,blue,-0.0449826361908803,0.785687900262729,-0.266180171038712,0.600163146836663,0.550800258289909,FALSE
SLCO1B3,magenta,-0.26026206164454,0.109561107407291,-0.293316912983926,0.613109482809047,0.613109482809047,FALSE
SLCO2A1,black,-0.081551185482352,0.621630714326139,-0.260372632977406,0.0174127225722569,0.620853501568957,FALSE
SLCO2B1,brown,-0.0346846987727754,0.833963142899659,0.297378900694713,0.0646667260409429,0.675376930634093,FALSE
SLCO3A1,black,0.109194061770829,0.508155014022416,0.0741760944064116,-0.391908940946353,0.635893755797863,FALSE
SLCO4A1,turquoise,0.477198786324025,0.00212825454479048,0.379364297048102,-0.375965267928569,0.316427088921584,FALSE
SLF2,grey,-0.0251049114581077,0.879421211573996,0.15426353815119,-0.183544323339983,,FALSE
SLIRP,blue,-0.370093424935142,0.0203918437112778,-0.216922042693056,0.479999535487462,0.678382723586179,FALSE
SLIT2,salmon,0.0653684765395788,0.692571675754394,0.201413679925483,-0.415654230856778,0.750742049542403,FALSE
SLIT3,black,-0.130913015868592,0.426974466735399,-0.277451025236916,-0.103463527604626,0.860171531906045,FALSE
SLK,blue,-0.117068148139357,0.477859051329949,-0.365118663218915,0.295281345354164,0.617123873456245,FALSE
SLPI,grey,-0.269382491571481,0.0972417291497549,-0.200259157356281,0.0281819967314966,,FALSE
SLTM,royalblue,-0.118915254967233,0.470892070788579,-0.29593104563211,0.41752301804815,0.783061633219209,FALSE
SLURP1,grey,0.0778505098900643,0.637587635969486,-0.00779585960213717,-0.20638237773679,,FALSE
SMAD1,brown,0.126287144981647,0.443629752895664,0.483813523015582,-0.25910388352278,0.685730922778073,FALSE
SMAD2,yellow,-0.0386769190456437,0.815166558353593,-0.243208617818799,0.252541764008685,0.364771276150184,FALSE
SMAD3,turquoise,0.236353850434686,0.147443166080333,0.192622136526275,-0.216093671112209,0.429400600430374,FALSE
SMAD6,turquoise,0.459822956613055,0.00322872766063295,0.195655580449462,-0.313163948025235,0.372629642807485,FALSE
SMAD7,turquoise,0.28015445977082,0.0840917093135063,0.103792491969542,-0.129119497353289,0.312684004389166,FALSE
SMAD9,midnightblue,0.134129359590912,0.415603227770127,0.0870555179710281,-0.280005684876888,0.436305174239113,FALSE
SMAGP,blue,-0.137872590195622,0.40258777556906,-0.364612274309843,0.226072369808558,0.584209415352655,FALSE
SMAP1,blue,-0.186865899650903,0.254670832324766,-0.358450872250124,0.349228153156706,0.860402981697538,FALSE
SMARCA1,magenta,-0.25529416677665,0.116750846982443,-0.609886316371547,0.608867392641875,0.608867392641875,FALSE
SMARCA2,blue,-0.0999694233244076,0.544835764303497,-0.267676106299691,0.581647751561527,0.509741563228353,FALSE
SMARCA4,turquoise,0.272217216612758,0.093637644737048,0.610805388468426,-0.510914051530852,0.565833201786794,FALSE
SMARCA5,yellow,-0.207868331620756,0.204146658459851,-0.374916520241736,0.372878496351607,0.7721287287749,FALSE
SMARCAL1,brown,0.132484624008142,0.421396545043153,0.601483299785805,-0.42435916091343,0.634613122809117,FALSE
SMARCB1,turquoise,0.244534003883603,0.13353366637536,0.695526500773598,-0.511033754098604,0.787335051172274,FALSE
SMARCC1,blue,-0.145374249878575,0.377221005310964,-0.240307798361535,0.26199668898732,0.631710617847345,FALSE
SMARCC2,turquoise,0.358921413047245,0.024839381173067,0.366303182414013,-0.257648004326181,0.556279160487781,FALSE
SMARCD1,red,0.0208479536858239,0.899753282303475,-0.295617391247206,0.152680087848584,0.696730013344771,FALSE
SMARCD3,turquoise,0.168429949027703,0.305378215583661,0.172594312373095,-0.303036436956764,0.510487931347762,FALSE
SMARCE1,blue,-0.163133678423873,0.321055544053886,-0.44521431145831,0.470062810055666,0.825053106268438,FALSE
SMC1A,blue,-0.0651172542433964,0.693695620348733,-0.15572448985959,0.249714813234562,0.802842001637167,FALSE
SMC4,blue,-0.223935437876439,0.17054535554486,-0.0932866539625675,0.200982780970904,0.7353563103836,FALSE
SMC5,yellow,-0.381708721041468,0.0164943175375414,-0.487838681270762,0.372914877017213,0.755518173974728,FALSE
SMC6,yellow,-0.089608491260838,0.587480164249251,-0.207234088190324,0.0634694998668249,0.521872803767616,FALSE
SMCO4,brown,0.236611697311968,0.146989130690303,0.591281568728099,-0.409333366224069,0.418870945306209,FALSE
SMG5,turquoise,0.257933461614426,0.112888186271678,0.59039066300847,-0.558632954063325,0.705796644430908,FALSE
SMG6,turquoise,0.126226195635359,0.443851545864274,0.259984281292315,-0.268710487320982,0.536446653917376,FALSE
SMG7,red,-0.0955009302801374,0.563045865714222,-0.10958050076779,-0.0145927346421333,0.647926087927843,FALSE
SMG8,red,-0.282867681573135,0.0810078523289671,-0.0764477221991649,0.0877581391638887,0.689021555082085,FALSE
SMG9,green,0.349487237256297,0.0291964024867618,0.741250619595199,-0.596579110998765,0.741250619595199,FALSE
SMIM7,blue,0.0187730100561885,0.909687351099794,-0.108119014818551,0.242445347017753,0.456335721923875,FALSE
SMNDC1,blue,-0.0378010107050453,0.819282259575119,-0.384402795229822,0.34532051387283,0.730589127287694,FALSE
SMO,turquoise,0.324219693062286,0.0440478896564757,0.410627218583097,-0.479536168450949,0.66128366987201,FALSE
SMOX,black,0.254511381580208,0.117915383067695,0.118037579104616,-0.277702885708186,0.133474098976605,FALSE
SMPD1,brown,0.120083089466755,0.466515088936689,0.660510897813783,-0.380552917527379,0.837388932919612,FALSE
SMPD2,green,0.166258104326483,0.311747104180959,0.719466559523516,-0.585402758162534,0.719466559523516,FALSE
SMPD3,green,0.0817952701398755,0.62058411483033,0.572822476578112,-0.41428504897025,0.572822476578112,FALSE
SMPDL3A,magenta,-0.324704807255173,0.0437140695817592,-0.476982572704909,0.741776553922614,0.741776553922614,FALSE
SMTN,salmon,0.220284673975667,0.177806335593654,0.0801605139117237,-0.122693908760804,0.609879220737774,FALSE
SMU1,brown,0.135238802791351,0.411721003770707,0.148129866514836,-0.125512929097107,0.338454023155173,FALSE
SMUG1,grey,0.0946218780207487,0.566661037366216,-0.0842863877567316,0.178788047127998,,FALSE
SMURF1,turquoise,0.00455036146821466,0.978066885695952,-0.0301801697090261,0.150887274574156,0.33356330392862,FALSE
SMYD2,blue,0.0658088250520094,0.690603164606201,0.11135305643512,0.158713875592841,0.283443575952535,FALSE
SMYD3,red,0.20511809678621,0.210331103563193,0.129947916603235,-0.299390901815412,0.393611362776192,FALSE
SMYD5,brown,0.358851017400009,0.0248697705165758,0.517694926741758,-0.613690315599789,0.359371275352015,FALSE
SNAI1,midnightblue,0.23284278297159,0.153728347041428,0.00645314112085326,-0.376957389666514,0.666571829515905,FALSE
SNAP23,blue,-0.275112886590892,0.0900630356687494,-0.568097569429501,0.669306069864088,0.830397365715448,FALSE
SNAP25,black,-0.0751936833787974,0.649144285049193,0.0702077089405388,-0.303895272804834,0.653269563139955,FALSE
SNAP29,brown,0.0392781466098243,0.812344342511041,0.337191166136912,0.0108121981019143,0.709443005251307,FALSE
SNAPC2,turquoise,0.238651071000602,0.143434110674311,0.458816715712916,-0.406790056112706,0.680660803032662,FALSE
SNAPC4,grey,0.279191951535865,0.0852073228340496,-0.0950950841359476,0.018383805266471,,FALSE
SNAPC5,blue,-0.209873992038556,0.199717286140958,-0.267997581868466,0.371556688723873,0.78173572213733,FALSE
SNCA,black,-0.00871049422181824,0.95802821203747,-0.00202574046504288,-0.427569836652688,0.603771590365456,FALSE
SNCAIP,black,-0.0800821132497227,0.627945331124994,-0.415233487448363,0.0419937354783942,0.727625025987715,FALSE
SNCB,turquoise,0.252350460150392,0.121175490267172,0.291666406924815,-0.286225779328803,0.442957825289142,FALSE
SNCG,lightcyan,0.142600848955905,0.386487002261086,0.0618905710972459,-0.273100479675587,0.668847760900167,FALSE
SND1,green,0.267218433557603,0.100063956789155,0.805770319338653,-0.571710450964528,0.805770319338653,TRUE
SNED1,yellow,-0.0221181216726379,0.89367950904919,-0.251241304009127,0.141728432523008,0.423235007202553,FALSE
SNF8,brown,0.164050058587149,0.318307563490917,0.615739953828023,-0.281170839956354,0.81165290688104,FALSE
SNIP1,grey,0.000515011519888914,0.997517306370388,0.238454231889156,-0.301518302009773,,FALSE
SNN,grey,0.049214697363141,0.766064682135408,-0.0476518008934246,0.255057666770498,,FALSE
SNRK,blue,-0.145003666129092,0.378451473875146,-0.24960929464942,0.323947742902061,0.744201688431014,FALSE
SNRNP200,cyan,-0.144131451017535,0.381356870449055,0.306918614797439,0.000898720841838898,0.766198658433211,FALSE
SNRNP25,brown,-0.207555463276917,0.2048437372937,0.283270340980398,-0.126082608257424,0.597216485075458,FALSE
SNRNP27,blue,-0.120559546505061,0.464735592138711,-0.291278025145931,0.206329172593297,0.792742804592294,FALSE
SNRNP35,turquoise,0.294361182252448,0.0689093324049811,0.614116649509184,-0.389803193064216,0.750671050266562,FALSE
SNRNP40,brown,0.22307547329881,0.17223623779557,0.349696679526082,-0.419477734754763,0.333206175090542,FALSE
SNRNP70,turquoise,0.179299997050321,0.274754973091554,0.363436747874938,-0.273349595245755,0.732467736481742,FALSE
SNRPA,brown,0.242295089861151,0.137239976045448,0.411294646611978,-0.435877592286618,0.466510843887394,FALSE
SNRPA1,grey,-0.391503961646333,0.0137140741331926,-0.148179758439585,0.215806428716767,,FALSE
SNRPB,brown,0.164022235938429,0.318390778129321,0.491126923621395,-0.344875812952944,0.707878046610834,FALSE
SNRPB2,blue,-0.287565900503735,0.0758767912721803,-0.185717678581897,0.324357807323089,0.797666136815895,FALSE
SNRPC,brown,-0.04356723843594,0.792280719933673,0.344919809098765,-0.0386591071455364,0.534141110220108,FALSE
SNRPD1,green,0.170702448660896,0.298803415317091,0.422256733656882,-0.363175158082918,0.422256733656882,FALSE
SNRPD2,grey,-0.119328219799214,0.469341822368734,-0.0687653148348758,0.143610873594871,,FALSE
SNRPD3,blue,-0.339705098574949,0.0343610706140411,-0.184051022528605,0.404330501846035,0.507798837243394,FALSE
SNRPE,yellow,-0.358158426246577,0.0251704064797724,-0.427096298359318,0.44717228275375,0.809047029211051,FALSE
SNRPF,grey,-0.16948469727184,0.302315262479106,0.182611548076243,0.139264544044112,,FALSE
SNRPG,blue,-0.0169382517919044,0.918482842458433,-0.00275227884466752,0.243954611649593,0.69586965014154,FALSE
SNTA1,turquoise,0.202782331471665,0.215684641561451,0.435147989184501,-0.407917010101543,0.779420202753903,FALSE
SNTB1,grey,0.22088407453159,0.176599299763092,0.106658755271977,-0.0729400115771845,,FALSE
SNTB2,cyan,0.0367176830616475,0.824379177754365,0.248139926900915,-0.209927945270019,0.647669054235865,FALSE
SNU13,grey,0.0840413997437315,0.610987805324935,0.142020572568063,0.172157329447476,,FALSE
SNUPN,blue,-0.193357213993349,0.238239553272793,-0.253063027228664,0.46075623580465,0.684743923824766,FALSE
SNW1,blue,-0.126626849635389,0.442394689695706,-0.242916751257444,0.397906229442395,0.73972193123082,FALSE
SNX1,turquoise,0.164275658671911,0.317633321645375,0.293606317745459,-0.164199420091354,0.359065529261628,FALSE
SNX10,blue,-0.0635852738768298,0.700563466230805,-0.121194479440661,0.286061070896788,0.440282279146498,FALSE
SNX11,green,0.104021058060894,0.528570859161223,0.390015878712111,-0.233609326436741,0.390015878712111,FALSE
SNX13,red,-0.324467392122491,0.0438771844888723,-0.298579713597112,0.238119753474029,0.67082055226716,FALSE
SNX17,brown,0.346779072252648,0.0305575499861584,0.695654367068759,-0.372582309414136,0.903569809838949,FALSE
SNX19,red,-0.030843343826024,0.852135835053139,-0.06269408669539,-0.0577388306542532,0.751487533185147,FALSE
SNX2,blue,-0.294041489406066,0.069225404935891,-0.494414532389206,0.482117770253577,0.607797061836614,FALSE
SNX24,pink,-0.0375977303315749,0.820238116605397,0.141300183357948,0.131801638319586,0.559778192578276,FALSE
SNX27,blue,-0.317284067159669,0.0490500373083774,-0.333376476565086,0.288664105180242,0.474876861645221,FALSE
SNX29,red,0.0942802189023925,0.568069011290369,0.0243831523328293,-0.263960832460549,0.47542936088157,FALSE
SNX3,pink,0.168300795593052,0.305754624185431,0.30954421098614,-0.0519879480096345,0.762588373251077,FALSE
SNX4,blue,-0.137065496439395,0.405374092675703,-0.267406243435861,0.399811297305534,0.770432558879917,FALSE
SNX5,blue,-0.206889887772041,0.206332172380444,-0.238138694971673,0.329934752050196,0.487410332968536,FALSE
SNX7,pink,-0.0934655730362923,0.57143261725396,0.319464477546724,-0.192433268323649,0.581760481447598,FALSE
SOAT2,grey,-0.141935571824808,0.388729346609362,-0.377552912204639,0.331514342092617,,FALSE
SOBP,blue,-0.188237501494027,0.251137538803894,-0.00498612645442867,-0.176292358015037,0.458932085777086,FALSE
SOCS1,grey,0.211528841132399,0.196113676285927,0.0453703890113665,-0.165753598951684,,FALSE
SOCS2,tan,-0.183469220515811,0.263562922155702,-0.413326488599769,0.322839001280014,0.605793822521547,FALSE
SOCS3,greenyellow,0.222525691443552,0.173323512328991,0.336939373676253,-0.195084801382805,0.568939267706522,FALSE
SOCS5,purple,-0.122449777319681,0.457711663952205,-0.533580148341006,0.17717734983791,0.643875165365477,FALSE
SOCS7,black,0.139249203594062,0.397860801496669,-0.272235927650276,-0.106487204929138,0.356115508016884,FALSE
SOD1,yellow,-0.140206786371684,0.394591683541929,-0.0895876902707237,0.409442124295491,0.220937597228782,FALSE
SOD3,black,-0.054169675964732,0.74327181214492,-0.25072384842166,-0.128484168690033,0.687190812451281,FALSE
SON,blue,0.115338149274887,0.484432999182433,0.162927455971702,-0.0151329455203734,0.331474820058852,FALSE
SORBS1,turquoise,0.0455806269183074,0.782906896702989,-0.0681154124561521,0.222229088176287,0.372586357653454,FALSE
SORBS2,turquoise,0.110501275769414,0.503059502604748,0.46131728943418,-0.162238822375912,0.799161907035337,FALSE
SORBS3,turquoise,0.356909109656638,0.0257203274652116,0.136919041427131,-0.141786249385351,0.492487044737914,FALSE
SORD,magenta,-0.0846857966311322,0.608246390601962,-0.0579849314538956,0.485439383123029,0.485439383123029,FALSE
SORL1,turquoise,0.212721309596714,0.193545429324988,0.534957764565513,-0.107935699301873,0.716169821140437,FALSE
SORT1,grey,-0.200194842292122,0.22172413843703,-0.183007374782113,0.222235547093967,,FALSE
SOS1,red,-0.254625574022049,0.11774495880643,-0.336884767334964,0.219369371703999,0.788993724718594,FALSE
SOS2,yellow,-0.322723851599206,0.0450902251607197,-0.338974566291538,0.214900583219959,0.726674611641284,FALSE
SOWAHC,turquoise,0.0129331775885833,0.937714279644435,0.144709748777185,0.197049964083805,0.399112328633523,FALSE
SOX13,yellow,-0.164600461299305,0.316664174737577,-0.190484351775534,-0.147022276916314,0.441246460379271,FALSE
SOX15,turquoise,0.229402487433247,0.160074072791952,0.476393673380958,-0.41097199660893,0.524537620868372,FALSE
SOX21,grey,0.138420166726145,0.400703670276303,-0.204156611224619,0.0175374601531242,,FALSE
SOX4,greenyellow,0.155815881909504,0.343530214270243,0.238896320978303,-0.381650891921579,0.722086767987,FALSE
SOX5,grey,-0.380385697899046,0.0169038950898256,-0.469481395976003,0.494141924472103,,FALSE
SOX9,salmon,0.263554049726143,0.104985025696873,0.125634092544254,-0.293440980345697,0.603474163306806,FALSE
SP100,grey,-0.131079691482161,0.426380956825728,0.136516587126134,0.0637435014216207,,FALSE
SP110,blue,-0.173433226595304,0.29102350534768,-0.310543693494503,0.121494489204349,0.422343242041192,FALSE
SP3,yellow,-0.101676043798177,0.537955740062172,-0.413117259765988,0.346812455026595,0.749241686100422,FALSE
SPAG16,grey,-0.178652587215281,0.276520399631513,-0.265003095924249,0.116331726091448,,FALSE
SPAG4,green,-0.0290385377316229,0.860700672297829,0.315067543744686,-0.438366309950693,0.315067543744686,FALSE
SPAG5,blue,0.0245920570044794,0.881866931284989,0.152159488474511,-0.134796891853135,0.291564093943835,FALSE
SPAG7,turquoise,0.130677358689801,0.4278143981173,0.425086864779669,-0.273687207512413,0.589621365933864,FALSE
SPAG9,turquoise,-0.330492550527094,0.0398870947929598,-0.132175021622395,0.152881894441245,0.251501794359804,FALSE
SPARC,salmon,0.121237228617625,0.462210798724838,-0.0106511454662599,-0.151869673113663,0.84346938321515,FALSE
SPARCL1,tan,-0.234492569957667,0.150751170002184,-0.508723899551017,0.364962913012246,0.850702482271305,FALSE
SPART,yellow,-0.301230522689256,0.0623883141001031,-0.52742222537522,0.241148999269492,0.398329664852033,FALSE
SPATA2,black,0.102930554805461,0.532925154216658,0.00934455817162202,-0.185154535931212,0.427157358040512,FALSE
SPATA20,turquoise,0.225688332143906,0.167135760227629,0.603464704048546,-0.374451063831133,0.38577108167294,FALSE
SPATA2L,turquoise,0.266294613843171,0.101287639223644,0.546828867835847,-0.410689284131605,0.505588800873112,FALSE
SPATS2L,pink,0.171359679973666,0.296918933864203,0.445171006621792,-0.171926169624954,0.688031984397759,FALSE
SPCS1,pink,0.0435372321035562,0.792420643264338,0.256537178967312,0.131508197225146,0.772921480308531,FALSE
SPCS2,blue,-0.136472214974628,0.407429295715245,-0.0542093216587514,0.174769253182688,0.722265635391023,FALSE
SPCS3,blue,-0.0420028593470709,0.799584069903122,0.0796386225269924,0.139839097787372,0.727402314808555,FALSE
SPEF1,turquoise,0.25918069190822,0.111096792103814,0.117909463479832,-0.263958833736332,0.459840607001675,FALSE
SPEN,yellow,-0.0924190648958259,0.575766843257482,-0.355280097404764,0.374523398959611,0.580459079297394,FALSE
SPG11,blue,-0.285846851748407,0.0777238701920701,-0.351869539473232,0.477955283906783,0.699999077575015,FALSE
SPG21,darkgreen,-0.0710784415385073,0.667204873777558,0.156125622532598,0.179103131044979,0.690820063555414,FALSE
SPG7,turquoise,0.111228383903775,0.500236487025962,0.710686799866681,-0.481981626134405,0.845715287332711,FALSE
SPHK1,grey60,0.0850893669004004,0.606532189719177,-0.230913938926467,0.0495217300368889,0.379528535463369,FALSE
SPHK2,turquoise,0.231062190464966,0.156989409092713,0.505372238830119,-0.35858879595497,0.80295660262536,FALSE
SPI1,greenyellow,0.36088864238992,0.0240025260433534,0.59534546128014,-0.491365783049756,0.800923898751822,FALSE
SPIB,lightcyan,0.0954085401504009,0.563425325194036,0.0430955627112537,-0.280523316221457,0.330013222782242,FALSE
SPIDR,yellow,-0.242793405647258,0.136408554111671,-0.442107733591492,0.341310996786674,0.565335241943275,FALSE
SPINK1,green,-0.302213880884389,0.0614962733238029,0.355690142604451,-0.105540051804356,0.355690142604451,FALSE
SPINT1,midnightblue,0.16005787078906,0.330387308227849,0.029779222169175,-0.412572873587535,0.667744949652382,FALSE
SPINT2,salmon,0.272934258565377,0.0927424822457676,0.320506972663768,-0.507013849597969,0.612474359019801,FALSE
SPN,black,-0.069903978515158,0.672393902677134,-0.370790492008452,-0.126947370251377,0.616584324882093,FALSE
SPOCK2,salmon,-0.0406047010901736,0.806125686225135,0.138597397829923,-0.259649028338703,0.714134290718721,FALSE
SPON1,black,-0.202482553619087,0.216378478267569,-0.255957528824483,-0.0981145951362806,0.838158204754372,FALSE
SPON2,turquoise,0.309578260829621,0.0551332459057369,0.537210550026282,-0.655037203137985,0.600779057376185,FALSE
SPOP,blue,-0.0991624518862843,0.548103490243061,-0.187113862563372,0.426750527666756,0.494661242064229,FALSE
SPOUT1,darkred,0.0701032100944264,0.671512592306762,0.248901470925006,0.0817573704947001,0.731695410649931,FALSE
SPP1,salmon,0.468378588069091,0.0026367822439399,0.0995281858285609,-0.306639683391872,0.462572365802916,FALSE
SPP2,blue,-0.305506282783962,0.0585830803366461,-0.383603966809661,0.445339716654874,0.340665242794503,FALSE
SPPL2B,turquoise,0.2011544282537,0.219470951299981,0.318544341496641,-0.341867171454453,0.658141887006957,FALSE
SPR,turquoise,0.158303755837145,0.335783732407635,0.443773289281488,-0.0699143991520202,0.42404861654337,FALSE
SPRED2,yellow,-0.124229815245988,0.451149791868937,-0.378676054296188,0.395769101752027,0.4992510163019,FALSE
SPRING1,red,0.128421988591291,0.435899518041118,0.00824145288076517,-0.271074304893962,0.763899562898772,FALSE
SPRR1A,purple,-0.143142698760047,0.38466628068464,-0.187771577776545,-0.0784601315897902,0.569567860353923,FALSE
SPRY1,black,-0.293540593853715,0.0697229222944355,-0.623160170145531,0.325489589900847,0.717584607529498,FALSE
SPRY2,blue,0.0913639414260114,0.580151757251145,-0.196886165112918,0.229428426223914,0.512079566300568,FALSE
SPRY4,yellow,-0.0409172070278937,0.80466240683424,-0.199923869017158,0.158754931169657,0.480606414132149,FALSE
SPSB1,grey,0.364984001128082,0.0223353940049336,-2.13410111705153e-05,-0.0885697179447825,,FALSE
SPSB3,turquoise,0.069046515564865,0.676191846288818,0.0034060290824985,0.0451469540935942,0.523242435940219,FALSE
SPTAN1,turquoise,0.200083694542075,0.221986145454475,0.58629069766902,-0.437231235451298,0.591405894257236,FALSE
SPTBN1,grey,0.0575827988754902,0.727694727440615,0.238561403804517,-0.171180771152961,,FALSE
SPTBN2,turquoise,0.275670527298638,0.0893869024902294,0.365424262954332,-0.249847937932023,0.551146474105541,FALSE
SPTBN4,turquoise,0.34700600251671,0.0304415234620976,0.196512803067013,-0.141709173440303,0.26803521959924,FALSE
SPTBN5,turquoise,0.211575497292872,0.196012744073463,0.303120096885181,-0.527396351352846,0.161894637601214,FALSE
SPTLC1,blue,-0.212431523635864,0.194167358738638,-0.128894787917619,0.364618355847117,0.737601054111964,FALSE
SPTLC2,grey,0.142241539606487,0.387697127836856,0.202168031205706,-0.104452148348972,,FALSE
SPTSSA,green,0.238614554346368,0.143497205062392,0.499302958112718,-0.341383079839091,0.499302958112718,FALSE
SQLE,darkturquoise,0.277088558126257,0.0876852077411503,0.431973947771968,-0.317533324464407,0.860067131602165,FALSE
SQOR,pink,-0.0579796666936432,0.725890315098091,0.207241686236569,0.0245029487533968,0.568161962703189,FALSE
SQSTM1,brown,0.251557249538586,0.122388986248754,0.576825414470005,-0.175150472694058,0.846386190216104,FALSE
SRBD1,blue,-0.258169334619801,0.112547739871446,-0.133029300783184,0.29916709675596,0.572827312905381,FALSE
SRC,black,-0.0351540676445495,0.831748274100787,-0.0542318235481095,-0.0544443403568085,0.339572709406005,FALSE
SRD5A1,blue,-0.421553620892918,0.00752228031850745,-0.243740331120931,0.564228882524052,0.446910213280647,FALSE
SRD5A2,brown,-0.0498062904455562,0.763332707283756,0.289324731529076,-0.278511738941695,0.288847434639715,FALSE
SREBF1,turquoise,0.290499713126764,0.072803965185008,0.551736812175956,-0.470461920145396,0.601553263675491,FALSE
SREBF2,darkturquoise,0.280037711020225,0.0842264219846022,0.693361674368221,-0.553448428690631,0.717693009470304,FALSE
SREK1,yellow,-0.201115282371845,0.219562559570902,-0.442499605545383,0.37246387347657,0.832085393225944,FALSE
SRF,turquoise,0.181949035350537,0.267608299239853,0.269228670674384,-0.29396109624769,0.462241145483829,FALSE
SRGAP2,midnightblue,0.169670428740745,0.301777941058714,0.471972666672699,-0.505888786592597,0.583574785699955,FALSE
SRGAP3,yellow,-0.323016001075187,0.0448850976310836,-0.37331521408805,0.295676643607809,0.243290823735448,FALSE
SRGN,blue,-0.0300839252469639,0.855737731754328,-0.283015855450296,0.267557475137923,0.596416402090428,FALSE
SRI,brown,0.200879559173348,0.220114749748845,0.33464510520511,-0.197607180420386,0.487121342248724,FALSE
SRM,brown,0.350833563058389,0.028538572474366,0.563828414664069,-0.381514636802684,0.634106984017225,FALSE
SRP14,blue,-0.19373993918202,0.237293720428231,-0.128812511481007,0.376390296565581,0.752230146767026,FALSE
SRP19,pink,-0.0816688660257052,0.621126025504419,0.264792475702077,0.0742398900552598,0.636313916064797,FALSE
SRP54,blue,-0.214435241946892,0.189895711135625,-0.0844324044829322,0.265696387460072,0.674255647246962,FALSE
SRP72,blue,-0.288635263065065,0.074745223278562,-0.264886778200287,0.394908148331701,0.839235894400957,FALSE
SRP9,blue,-0.0835215626414881,0.613203132369722,-0.376085235905159,0.64190152537814,0.813062941520684,FALSE
SRPK1,red,-0.0850790924078729,0.606575805849242,-0.13680195775921,0.029647061369658,0.838397949874635,FALSE
SRPK2,blue,-0.432698403884586,0.00593769604030656,-0.324134598754219,0.221796771010761,0.405383899853,FALSE
SRPK3,turquoise,0.0975933567974774,0.554483787307096,0.0862950227988339,-0.390003506948728,0.239582959889233,FALSE
SRPRA,green,0.188739649869095,0.249852228991491,0.635348418196577,-0.0810926458572698,0.635348418196577,FALSE
SRPRB,blue,0.132854617196595,0.420089359486895,0.194760868574917,-0.0731516651186168,0.589487324622524,FALSE
SRPX,tan,-0.0228197617105694,0.890326899457659,-0.0306194300510087,-0.145077091382477,0.805125653952044,FALSE
SRR,red,-0.158680844324414,0.334619078417193,-0.415982173535795,0.319166323757551,0.700458459613931,FALSE
SRRD,red,-0.0437689317932424,0.791340364911564,-0.095708554700026,-0.0309813996078028,0.628097375854551,FALSE
SRRM1,yellow,-0.223790184067433,0.170830116835183,-0.3971203162658,0.368659644655531,0.717184951522739,FALSE
SRRM2,royalblue,-0.167643396469785,0.307675137161491,-0.161501333996958,0.119262601124161,0.632265940877428,FALSE
SRRT,turquoise,0.0958155836508373,0.561754426881318,0.491792100789143,-0.383758578318937,0.750156247418705,FALSE
SRSF1,turquoise,0.10399738182218,0.528665211742582,0.215182641267869,-0.0785670689381954,0.318373391246923,FALSE
SRSF10,grey,-0.033778503128751,0.838242881335471,0.0652340741624249,0.201220596369815,,FALSE
SRSF11,yellow,-0.1293955220083,0.432399252234457,-0.533165679277215,0.402300996336443,0.755500105950909,FALSE
SRSF2,blue,-0.025384833673618,0.878086771648335,-0.123892386001162,0.283565108865238,0.510521677793052,FALSE
SRSF3,blue,-0.0517497795440459,0.754377716083214,-0.171402108571373,0.308999278629314,0.689659721635535,FALSE
SRSF4,brown,-0.123169731861091,0.455051482546639,0.168462619396166,0.0267893239841701,0.0180920330511349,FALSE
SRSF5,turquoise,0.156662728458114,0.340881199760115,0.14041648675085,0.131415811109034,0.460679364594289,FALSE
SRSF6,grey,0.0552250450251666,0.738444133556964,0.0610046728432058,0.0582705486603676,,FALSE
SRSF7,yellow,-0.259447989610292,0.11071568798625,-0.538991117899275,0.638090898144191,0.512109885730408,FALSE
SRSF8,brown,0.153750607864163,0.350043258433402,0.364068717811311,-0.121834609077733,0.377390712804163,FALSE
SRSF9,turquoise,0.394348267464473,0.012985318118587,0.459445650867702,-0.146554198191045,0.610175843958668,FALSE
SS18,blue,-0.237482267264169,0.145463740900192,-0.333117338720374,0.440687755932855,0.581459436298036,FALSE
SS18L1,royalblue,-0.0699501021292303,0.672189834226185,-0.39101251039299,0.512897622028677,0.863487246431045,FALSE
SS18L2,blue,-0.183558537937542,0.263326503974326,-0.256362338707373,0.439410076380399,0.734318996589324,FALSE
SSB,blue,0.00785363628964571,0.962153876303934,0.283200137158646,0.0370297881285347,0.518614054802328,FALSE
SSBP1,blue,-0.220005861932492,0.178369792007649,-0.101264141419046,0.43025937229071,0.761401376355421,FALSE
SSBP2,black,-0.0808467692802163,0.624655259883081,-0.409116262640791,0.169909161168583,0.68464004852714,FALSE
SSBP3,yellow,-0.168961616108747,0.303831814361874,-0.654851457752478,0.409934501342434,0.694042291904323,FALSE
SSH1,grey,-0.136529337207171,0.407231158263177,0.160542120018503,-0.0513435845676204,,FALSE
SSH3,midnightblue,-0.0637320164587989,0.699904593716338,0.0165551594158051,-0.271803828318983,0.536695051593264,FALSE
SSNA1,brown,0.289358406677787,0.0739875335920358,0.680378385097465,-0.385320533649141,0.842317214041077,FALSE
SSPN,black,-0.213485364662526,0.191912366076427,-0.153672959314705,-0.163087465498903,0.711378159418414,FALSE
SSR1,blue,-0.129471157795904,0.432127964413872,-0.198433919775159,0.262019768772197,0.780447646791959,FALSE
SSR2,brown,0.173717110182781,0.290222294420073,0.402340034509118,-0.241399097614202,0.412863759356906,FALSE
SSR4,brown,0.127600732538396,0.438864421137159,0.601118171001744,-0.421419975387849,0.769149449505466,FALSE
SSRP1,grey,-0.0298909039573135,0.856653687673143,-0.0298542501070259,0.0309557459669683,,FALSE
SSTR2,grey,0.1542922121152,0.348328035582741,-0.0375347636617979,0.0194928343945336,,FALSE
SSTR3,lightcyan,0.404196704240189,0.0107101939628069,0.331806496759903,-0.34200594529985,0.769451919827058,FALSE
SSTR4,yellow,0.0754910151510032,0.647846857308336,-0.243158922838099,0.0490136061275651,0.297688446229793,FALSE
SSUH2,yellow,-0.238261863985329,0.144107643105919,-0.5938258302381,0.347213071124503,0.63707556715042,FALSE
SSX2IP,blue,-0.420522760701676,0.00768569301321657,-0.426432443453425,0.537155026902839,0.496944550611322,FALSE
ST14,grey,-0.0130516246148423,0.937144970737976,0.223876012839791,-0.31912219638772,,FALSE
ST20,brown,-0.347421560621792,0.0302299943251451,0.0446683329963728,0.180529711388852,0.298057217861068,FALSE
ST3GAL1,turquoise,-0.219065023329822,0.180280549593652,0.113949480205349,0.132653097449476,0.47644764051356,FALSE
ST3GAL2,grey,0.177017125794444,0.281013104617551,0.247434780770827,-0.158728011191611,,FALSE
ST3GAL4,turquoise,0.236916882570599,0.146453064027134,0.378954618508313,-0.292867703420449,0.525361898334367,FALSE
ST3GAL5,grey,0.0615612846041343,0.709673010096526,0.224700890262134,-0.268991957285024,,FALSE
ST3GAL6,magenta,-0.291022174217044,0.0722671383308013,-0.587327693753519,0.745167057089715,0.745167057089715,FALSE
ST6GAL1,blue,-0.148449411187727,0.36710189683611,-0.14769928508709,0.411743370715392,0.550248592915903,FALSE
ST6GALNAC2,black,-0.341358224546784,0.0334392163470345,-0.165137652114819,-0.0876333929786631,0.377418953282949,FALSE
ST6GALNAC4,turquoise,0.247856537248797,0.12817111636817,0.404601773664651,-0.307423529738916,0.667840550544966,FALSE
ST7L,yellow,-0.19182367341786,0.242054985373916,-0.133820623364719,0.051989834587175,0.117255751085383,FALSE
STAB1,turquoise,0.176011610927431,0.283798760514364,0.422168754357995,-0.348677405485546,0.646737455407645,FALSE
STAB2,grey,0.160611860402213,0.328694241616011,0.237633792218725,-0.195620080437676,,FALSE
STAG1,blue,-0.373274583722079,0.0192547730963413,-0.390019285340766,0.415712777830346,0.779786812130652,FALSE
STAG2,blue,-0.315345501342467,0.0505270137004378,-0.591638604812636,0.633236323689033,0.844615396996547,FALSE
STAG3,purple,0.0441893362306711,0.78938125020214,-0.0935261548711211,0.00507571662289643,0.43182357761116,FALSE
STAM2,red,-0.336238501850412,0.0363618468168677,-0.265520023285473,0.146757463008096,0.767032473888542,FALSE
STAMBP,red,-0.278603523215408,0.0858949811532419,-0.272354532739145,0.185214260653754,0.584511857292174,FALSE
STAP2,turquoise,0.0848936968177771,0.607363057374293,0.544473595251465,-0.226377107445314,0.639977761339526,FALSE
STARD13,yellow,-0.173936997888168,0.289602679624904,-0.400570114600699,0.435439777349795,0.477137011704012,FALSE
STARD3,turquoise,0.187334699548338,0.253459478510413,0.572210135996428,-0.394995917393906,0.857220215680381,FALSE
STARD5,green,0.155694881126016,0.34390974240962,0.406061140442119,-0.162444402454942,0.406061140442119,FALSE
STARD7,blue,-0.090077348710813,0.585518827756822,-0.218602834133313,0.240576078652371,0.668418767253343,FALSE
STARD8,grey,-0.0261124603182863,0.874619605883327,-0.167156460403839,0.181866390173323,,FALSE
STAT1,blue,-0.104824403566374,0.525374313293467,-0.0383587623173352,0.109135972231835,0.558221016782274,FALSE
STAT2,turquoise,0.230929534843942,0.15723435757021,0.0261856212676109,-0.153961938915837,0.273914488848949,FALSE
STAT3,brown,0.290747929139067,0.0725485353684595,0.590013805454572,-0.289173488141872,0.604366626183335,FALSE
STAT4,blue,-0.175633011581657,0.284852252781483,-0.0803724020193321,0.00509334743348324,0.503740817779815,FALSE
STAT5A,grey,0.0363993403567753,0.82587830021617,0.20657442813832,-0.304564892519696,,FALSE
STAT5B,turquoise,-0.0509978317643877,0.757838773896834,0.0583261588054694,0.0973825208669013,0.42021758033075,FALSE
STAT6,turquoise,0.0560281556202779,0.734776988501125,0.0296409520470062,0.0659687464012482,0.548570819534527,FALSE
STAU1,pink,-0.0780853348471353,0.636570196052938,0.180125079659934,0.086908567221968,0.549614564982379,FALSE
STAU2,blue,-0.153468911288029,0.350937399135322,-0.375809072747427,0.336291107133224,0.629395565373913,FALSE
STEAP1,blue,-0.100642064902013,0.542119099144524,-0.307074680992327,0.506811022317789,0.406538233250268,FALSE
STEAP3,turquoise,0.328498159056688,0.0411737926110296,0.635570957865662,-0.540322634114012,0.627381965073163,FALSE
STEEP1,blue,-0.0763873055792756,0.643942045475731,-0.36420446012852,0.433169074150436,0.404811913970366,FALSE
STIM1,brown,-0.0151287971563665,0.927166415243278,0.45157677562015,-0.115873769925072,0.522406828591531,FALSE
STIP1,green,0.448059451068152,0.00423042712177401,0.771356046321088,-0.507094614286838,0.771356046321088,FALSE
STK10,turquoise,0.396807720503183,0.0123818972646717,0.652017531432963,-0.51644934011842,0.686073487433583,FALSE
STK11,turquoise,0.366806061627674,0.0216253209520838,0.540857371382121,-0.446725221938365,0.85250856054505,FALSE
STK16,turquoise,0.0244644649521679,0.882475565793479,0.351298206281981,0.031289288785976,0.412465661800721,FALSE
STK17A,grey60,0.1264294344913,0.443112201676164,-0.183801756936827,0.0268885664416037,0.684651641036427,FALSE
STK24,blue,-0.172230964920689,0.294432469413552,-0.148981690092867,0.175235984208658,0.41430707538069,FALSE
STK25,brown,0.202243098475587,0.216933803311909,0.600942117259123,-0.281729587551457,0.84130201557883,FALSE
STK3,magenta,-0.418019867002506,0.00809519466144514,-0.598085906243484,0.701445848117784,0.701445848117784,FALSE
STK38,red,-0.0351120594706871,0.83194645132982,-0.225599317906255,-0.0510730127084099,0.656717501731886,FALSE
STK38L,yellow,-0.404412089172066,0.0106645039535413,-0.616486573012938,0.282752253885575,0.731635238310924,FALSE
STN1,grey,-0.188355473157983,0.250835179217283,0.0484211700540194,0.225070219301257,,FALSE
STOM,blue,-0.0448606608608179,0.786255479620515,-0.359896473504818,0.552730655973539,0.442779652000863,FALSE
STOML1,turquoise,0.26616160298465,0.101464760954037,0.258905043414528,-0.426677012473826,0.520021130462498,FALSE
STOML2,brown,0.132738204852254,0.420500397683582,0.535847946728659,-0.135342660450203,0.839003696674824,FALSE
STRADA,grey,-0.0467984436222937,0.777251593876987,0.116925698576832,-0.307301131844685,,FALSE
STRAP,pink,0.107894472152312,0.513246409474653,0.201112680771028,-0.0696423122702499,0.659316366788768,FALSE
STRN,lightgreen,-0.2217985310796,0.174769120950097,-0.507505526482978,0.356979513224151,0.689737821685618,FALSE
STRN4,turquoise,0.10777311377274,0.513723151276457,0.394976009573567,-0.434496744606821,0.411376570184556,FALSE
STS,red,-0.374593190805711,0.018799278300812,-0.409213289471317,0.269473536764246,0.707366848903927,FALSE
STT3A,blue,-0.0847588414778471,0.607935972681426,0.130138789912962,0.0278994982018239,0.349482661065449,FALSE
STUB1,turquoise,0.217805494671898,0.182861296376479,0.645106022580022,-0.494812790771883,0.808103792574887,FALSE
STUM,purple,0.154985285836957,0.346140604535765,-0.199523188278454,-0.0191566855527324,0.598991409186314,FALSE
STX10,turquoise,0.333357102871554,0.038096406607499,0.449990491092106,-0.564877228152793,0.626185799677766,FALSE
STX12,blue,-0.168986869168382,0.303758487882983,-0.127277966974028,0.350133298076398,0.752615043357948,FALSE
STX17,red,-0.164560914508144,0.316782074997272,-0.320026436202259,0.142994324323423,0.757222467514422,FALSE
STX18,blue,0.00948669363994518,0.95429183589574,-0.0737729601940001,0.0870398077935589,0.478512439063112,FALSE
STX1A,grey,0.003107321365382,0.98502149154232,-0.00721557726673681,-0.149107251111615,,FALSE
STX2,grey,0.227246882368827,0.164145670559312,0.225781000065959,-0.180185378670986,,FALSE
STX3,red,-0.112743140506577,0.494381390208148,-0.343268793498739,0.126523443730419,0.684864494139761,FALSE
STX4,turquoise,0.289628483321588,0.0737061035377242,0.58299973882858,-0.520604313339607,0.795426534579252,FALSE
STX5,green,0.401516559948843,0.0112928370840571,0.866599218847458,-0.609186499130189,0.866599218847458,TRUE
STX6,yellow,-0.158977837001311,0.333703563208412,-0.429868260173306,0.157709688063373,0.818547102055194,FALSE
STX7,blue,-0.191234508810937,0.243531718090098,-0.327135047263869,0.299625435064914,0.833407325842353,FALSE
STX8,blue,-0.312814707377153,0.0525087328353788,-0.29509826009206,0.317587402401942,0.443065482695952,FALSE
STXBP1,grey,0.300122977994541,0.0634052617376224,0.139656457977668,-0.365628128972918,,FALSE
STXBP2,turquoise,0.2227081724972,0.172962085315091,0.550565212322084,-0.416728533376803,0.78169047041924,FALSE
STYXL1,grey,-0.0800067332235603,0.628270052932584,0.0837374054023211,0.144093242544098,,FALSE
SUB1,blue,-0.238920058618773,0.142969975646556,-0.367448656239028,0.384624353603588,0.832862201532376,FALSE
SUCLA2,blue,-0.293120819711191,0.0701420288570131,-0.393170303845415,0.535982089183015,0.90191535396475,FALSE
SUCLG1,pink,0.0406604440744376,0.805864627144916,-0.00431357037246806,0.311060248564552,0.638713601266097,FALSE
SUCLG2,blue,0.152422131392421,0.354272157355119,-0.0304836350009473,0.46495495621903,0.242822990191793,FALSE
SUGCT,darkred,-0.184065330254303,0.261987710447053,0.0263128280999641,0.297140428893308,0.725757261180752,FALSE
SUGP1,turquoise,0.133110759581599,0.419185748413764,0.222984720696033,0.0116935526506108,0.397011339672296,FALSE
SUGP2,turquoise,0.195632362468036,0.232654358035631,0.391156623423436,-0.458723823857681,0.488748055853262,FALSE
SULF1,black,-0.370585864153957,0.0202122400169889,-0.400749075706477,0.0835416139407018,0.73484144367222,FALSE
SULT1A1,turquoise,-0.119729075069746,0.467839624557747,0.116097823989048,0.161707905827092,0.241425317177317,FALSE
SULT1A2,grey,-0.317119042025641,0.049174400045916,0.0173306982903783,0.296574118301129,,FALSE
SULT1B1,blue,-0.0109160963212366,0.947413724843625,-0.0406886417074689,0.100635662623853,0.382112063133136,FALSE
SULT1E1,magenta,-0.0897521985972489,0.586878694290991,-0.510589066097384,0.639195148711013,0.639195148711013,FALSE
SULT2A1,blue,-0.0389729150912622,0.813776836789791,0.0836974693714368,0.419227840306075,0.276506647028125,FALSE
SUMO1,blue,-0.229810159127216,0.159312350854809,-0.223741317195961,0.483999006372512,0.649682612556756,FALSE
SUMO3,grey,0.0649340772514882,0.694515544385243,0.143648194182989,-0.0247750609909784,,FALSE
SUMO4,blue,0.121033255842839,0.4629699529248,-0.0881371946081765,0.178147533898275,0.246281743478786,FALSE
SUN1,grey,0.188284970565299,0.251015846990065,0.0864065184920981,-0.0961229239727221,,FALSE
SUN2,turquoise,0.0793219243646113,0.631223224187808,0.12242911431831,0.0917651908062485,0.685199263697157,FALSE
SUOX,yellow,-0.223470266273463,0.171458500048165,-0.390327022770399,0.463045525496731,0.45486369047767,FALSE
SUPT16H,blue,-0.0764253559268586,0.64377648131809,-0.124057949681788,0.140140498791143,0.448387628548247,FALSE
SUPT20H,grey,-0.0836296384635038,0.612742278790861,-0.0183406451580562,0.0264405081523052,,FALSE
SUPT3H,grey,-0.106219631849856,0.519845273144384,0.0372671190654512,-0.00523948840621524,,FALSE
SUPT5H,turquoise,0.217613354078371,0.183257284260695,0.663862388982726,-0.560753039845293,0.848993410844665,FALSE
SUPT6H,turquoise,0.0849855507703928,0.606972960190537,0.564986063100241,-0.368848401683292,0.471172689630497,FALSE
SUPT7L,yellow,-0.0454474706950922,0.783525921506899,-0.228088299928802,0.353032480896263,0.510212790010299,FALSE
SUPV3L1,cyan,0.00933451938123683,0.955024280767773,0.192089731291585,0.11793292425633,0.643674030502562,FALSE
SURF1,brown,0.260251804805686,0.109575597473493,0.582438525660715,-0.218609096032848,0.806389441861775,FALSE
SURF2,lightcyan,0.30348344043452,0.0603596129965905,0.351609714449864,-0.380244696929151,0.763571894442392,FALSE
SUSD4,black,-0.0873152212299531,0.597115140261835,-0.160836970830919,-0.0358260934801954,0.472751439922951,FALSE
SUSD6,grey,-0.160735292027845,0.328317754005956,0.0218837292594628,0.0211593050734908,,FALSE
SUV39H1,yellow,-0.376395716302193,0.0181912639029148,-0.283581282858787,0.311188219702368,0.338987992573323,FALSE
SUZ12,blue,-0.0795677550226916,0.630162450788641,-0.0826901395790426,0.257209984705746,0.735504860462418,FALSE
SV2A,black,-0.108383595873227,0.511327187710908,-0.375329239701387,-0.0662934737618674,0.648439678876325,FALSE
SV2B,grey,-0.139600576804752,0.396659425550372,0.0962055686629554,-0.0359278627189849,,FALSE
SVEP1,black,-0.136666991428859,0.406753909344097,-0.219863361483632,-0.160345887719237,0.811484542948775,FALSE
SVIL,grey,0.0936743222267816,0.570569843870537,-0.0633751317689018,0.0408441655289053,,FALSE
SWAP70,lightgreen,0.0880243917402679,0.594128266268358,-0.209675136974042,0.0719194361907092,0.759862237278055,FALSE
SYBU,blue,-0.236576696102659,0.147050703146447,-0.396162656755047,0.511427974249745,0.317831868071427,FALSE
SYDE1,black,-0.000628025461577031,0.996972507259437,-0.166356489127564,-0.241122782126191,0.781141095022216,FALSE
SYF2,blue,-0.0767727795771267,0.642265560981107,-0.254067651408227,0.0170660710574921,0.348012806296304,FALSE
SYMPK,turquoise,0.282435841611006,0.0814927039964343,0.627884007222808,-0.504379911546144,0.869841521429831,FALSE
SYN1,purple,-0.393242702547597,0.013264581884401,-0.391522873204659,0.160858899723738,0.373078227676602,FALSE
SYN2,purple,-0.0917754412077563,0.578439849496511,-0.40630075754976,0.103591213071447,0.78682280286411,FALSE
SYNCRIP,yellow,-0.288543751272313,0.0748415382792242,-0.377924704801732,0.329006632273819,0.749376125525533,FALSE
SYNE1,yellow,-0.217036613275923,0.18444956296355,-0.319112929471643,0.343249098984429,0.338250533960263,FALSE
SYNE2,turquoise,0.163366034332212,0.320357368512703,0.214294704606903,0.0661841404820856,0.389040120204923,FALSE
SYNE3,yellow,-0.227470314906663,0.163720200899666,-0.251093205096391,0.0808760068396379,0.526605620229995,FALSE
SYNGR1,black,0.072539992529455,0.660768701884328,-0.305302137134657,-0.0496776838200702,0.733042594589419,FALSE
SYNGR2,brown,0.24835865415719,0.12737487072576,0.804809262880078,-0.59175682470322,0.852415638101439,FALSE
SYNGR4,purple,-0.0700789793560944,0.671619755031321,-0.0299712916958533,-0.179419990268173,0.326403618597823,FALSE
SYNJ2,turquoise,0.188499235656255,0.250467047553572,0.361763656769686,-0.181606430665468,0.634057238231912,FALSE
SYNM,grey,0.0179432484128057,0.913663823201084,-0.223601360857218,-0.0826705466623687,,FALSE
SYNPO,green,0.343632967420732,0.032203969890147,0.59059390180545,-0.591095879553528,0.59059390180545,FALSE
SYNRG,blue,-0.254646891171942,0.117713164979961,-0.291331291903497,0.219117091384331,0.63524536100266,FALSE
SYPL1,blue,-0.205897460448479,0.208565507470907,-0.347809962311755,0.424035684325843,0.83026904212406,FALSE
SYT12,grey,0.276048593035248,0.0889307357308128,0.105270523260289,-0.440898866291342,,FALSE
SYT17,turquoise,0.0873561065562273,0.596942762276208,0.177121645602852,-0.181587113547988,0.324249032396165,FALSE
SZRD1,brown,-0.0261282312318991,0.874544482253188,0.381960762642744,-0.373399956541898,0.332470847428889,FALSE
SZT2,turquoise,0.295349719778209,0.0679391760952437,0.223284136071898,-0.360684890722252,0.286424945281127,FALSE
TAB2,blue,0.0492478486521604,0.765911515459401,-0.0943679577857392,0.436720403334819,0.657799885859074,FALSE
TACC1,blue,-0.160641362062763,0.328604232100108,-0.397988085540788,0.404114453541193,0.608693678436058,FALSE
TACC2,turquoise,0.296956926308692,0.0663848749017277,0.621980882692718,-0.480860317103619,0.668328190667451,FALSE
TACO1,green,0.309761190892988,0.054982161585736,0.824085071649601,-0.43378195252127,0.824085071649601,TRUE
TACR2,grey,-0.17356158416477,0.290661062481927,-0.194647835338546,0.0822855185169148,,FALSE
TADA2A,grey,0.103439499342564,0.530890815004093,0.000840054924535861,0.0782025404912418,,FALSE
TADA3,brown,0.05921870052425,0.720266301640602,0.386844369938557,-0.147047243044715,0.772438967921516,FALSE
TAF1,yellow,-0.088129949933021,0.593684238571228,-0.117343996661266,0.119265607754214,0.28548306036795,FALSE
TAF10,turquoise,0.154342838897924,0.348167966285884,0.335795028278258,-0.154031366325741,0.349517373283192,FALSE
TAF12,blue,-0.0551646825391053,0.738719991168662,0.0601363000023764,0.158093102743978,0.331116731275592,FALSE
TAF15,brown,-0.174163806319136,0.288964458627608,0.287149460530493,-0.132314016490173,0.179714905748836,FALSE
TAF1C,yellow,-0.0486323506512629,0.76875668445799,-0.248136412843679,0.0950188683195106,0.206888041203523,FALSE
TAF4,royalblue,-0.0233884577397437,0.887610905442649,-0.181776686032508,0.218819143412397,0.630155983762041,FALSE
TAF5,yellow,-0.299626995295881,0.0638649087430663,-0.489694437884134,0.282167922083637,0.685456002614542,FALSE
TAF5L,blue,0.131744100051509,0.424019675264654,-0.0353086579325814,-0.0653548040537725,0.38500143794574,FALSE
TAF6,green,0.118914311162281,0.470895616883214,0.4550922013893,-0.632386877904949,0.4550922013893,FALSE
TAF6L,turquoise,0.144130038217141,0.381361587185368,0.436697798267248,-0.380298217312321,0.548192775146314,FALSE
TAF7,blue,0.0817636159963233,0.62071980169313,-0.103347022518963,0.418545656071983,0.697846903816568,FALSE
TAF9B,blue,-0.363803534159789,0.0228057239339453,-0.326281013400229,0.303922792723589,0.496835748070215,FALSE
TAFAZZIN,grey,0.0669867812840384,0.6853471734473,-0.0862944292916471,-0.203450131432985,,FALSE
TAGLN,salmon,0.157035501435369,0.33971911823723,-0.0324743046976343,-0.021643029947068,0.740341683712235,FALSE
TAGLN2,brown,0.0843446796084967,0.609696927619916,0.688602957270969,-0.560464152528516,0.606438302383644,FALSE
TAL1,brown,0.228755023327671,0.161289259440525,0.0245286704068149,-0.0321005438270432,0.268895750562429,FALSE
TALDO1,brown,0.133409883899305,0.418131895775221,0.580898498330394,-0.151167578506961,0.849273146576643,FALSE
TANK,darkgreen,-0.150761876076596,0.359600482615939,-0.124868718993794,0.500002755111931,0.760021879398808,FALSE
TAOK1,red,0.125762650327781,0.445540359555819,0.303813332803192,-0.291547165615342,0.43295585998827,FALSE
TAOK2,turquoise,0.333559219417718,0.037972576008039,0.616195824211821,-0.494779531747116,0.771117334588095,FALSE
TAP2,green,0.325667969601149,0.0430573616378509,0.658136809076714,-0.479615286445105,0.658136809076714,FALSE
TAPBP,green,0.239688175088022,0.141650683117732,0.770591580201714,-0.440331808880168,0.770591580201714,FALSE
TAPBPL,brown,0.174859310788501,0.287013033468444,0.501960791013453,-0.211350213926488,0.798825340390969,FALSE
TAPT1,blue,-0.192425355625623,0.240553123672205,-0.4054766776771,0.366822550702215,0.552148441534543,FALSE
TARBP1,grey,-0.0539338950787341,0.744351699231318,0.336467789115241,-0.307600578899558,,FALSE
TARBP2,turquoise,0.235840334599903,0.148350461992583,0.436501560183233,-0.486432293826313,0.603448295891026,FALSE
TARDBP,blue,-0.163318107595759,0.320501299269621,-0.267121930811313,0.216895133581798,0.514813332666031,FALSE
TARS1,brown,0.100457996323352,0.542861871154817,0.560176997789875,-0.0659158778235553,0.459087482729574,FALSE
TARS2,turquoise,0.0933160859817281,0.572050821937772,0.472690667276203,-0.306079972388128,0.650481598790612,FALSE
TAS2R13,yellow,-0.19263210692008,0.240038506979813,-0.238231811897797,-0.103661983248569,0.21593834694667,FALSE
TAS2R3,turquoise,0.249805159590635,0.125101660465233,0.22501462765525,-0.423251078978797,0.384498284033379,FALSE
TASOR,red,-0.115620261345171,0.48335778445658,-0.34074298488438,0.217764052266683,0.617928402770314,FALSE
TAT,magenta,-0.371130757210021,0.0200150489915328,-0.480923645987411,0.730903087652051,0.730903087652051,FALSE
TAX1BP1,blue,-0.295482742134766,0.0678094533967024,-0.349201481680016,0.445526694012096,0.725863458264891,FALSE
TBC1D1,brown,-0.0837621338593841,0.612177496323579,0.287463552575344,-0.099824206243415,0.265226472137518,FALSE
TBC1D10B,yellow,0.131537524981267,0.424753048154182,-0.101445170156186,-0.16481880012438,0.451348184151144,FALSE
TBC1D12,yellow,-0.251770466207442,0.122061905018151,-0.530266205175718,0.343499501589336,0.842522434184887,FALSE
TBC1D13,blue,-0.0406963548325073,0.80569645858875,0.0951298443495832,-0.0209780698587899,0.356656347253484,FALSE
TBC1D15,blue,-0.311114397212132,0.0538747816140173,-0.542750273153395,0.560820580797611,0.759539287449211,FALSE
TBC1D16,turquoise,0.0270883031629142,0.869973313578046,0.312305185895069,-0.217035828773452,0.479212652201805,FALSE
TBC1D17,turquoise,0.262468565725944,0.106477553934355,0.426070285077803,-0.388309903225957,0.804735482879522,FALSE
TBC1D19,black,-0.146848888557238,0.372348160980018,-0.253279411761412,-0.0787852028460155,0.699375479196445,FALSE
TBC1D2,turquoise,0.2094549455276,0.200637114292457,-0.0287004241398259,0.0821502094168503,0.372767192216651,FALSE
TBC1D22A,grey,0.0727796172263612,0.659715752479546,0.288874849626516,-0.215355467977648,,FALSE
TBC1D29P,grey,0.249220919927976,0.126016125660011,0.1095184671626,-0.212998750534124,,FALSE
TBC1D2B,turquoise,0.237564086312651,0.145320979406175,0.525761174847879,-0.317016538640068,0.67146655003103,FALSE
TBC1D4,grey,-0.0586370441038281,0.722904672110886,-0.180288234130994,0.0165786917914085,,FALSE
TBC1D5,grey,0.0461973108107336,0.780041742635672,-0.00852599811127109,0.235158943149307,,FALSE
TBC1D8,royalblue,0.0250524133439748,0.879671516283074,-0.258855457182985,0.221202724205416,0.527869902814191,FALSE
TBC1D8B,blue,-0.063189643335668,0.702340918227732,0.187179232408034,-0.0544032995848044,0.389778901436143,FALSE
TBC1D9,blue,-0.162684586631096,0.322407659272062,-0.288299819638184,0.199589462708078,0.473740557189517,FALSE
TBC1D9B,brown,0.304497191977838,0.0594640236370128,0.567521722296018,-0.162191986112013,0.597784546672239,FALSE
TBCA,royalblue,-0.319335152487514,0.0475253563687417,-0.331602239747106,0.487229325020679,0.652448408785413,FALSE
TBCB,brown,0.0897230489813294,0.587000674425304,0.605539089265519,-0.340254283703621,0.684767979668355,FALSE
TBCC,brown,0.27832686649541,0.0862197740921308,0.63240801380015,-0.340253418613646,0.707443445450369,FALSE
TBCD,turquoise,0.211652029914583,0.195847258549184,0.604538331673747,-0.360839265983909,0.782662729444684,FALSE
TBCE,blue,-0.361664101007712,0.023679152289531,-0.26687365227023,0.435955271984979,0.486114538439946,FALSE
TBK1,pink,-0.0552920817714964,0.738137812294245,0.112447910083597,0.258089818542156,0.589257240779415,FALSE
TBKBP1,turquoise,0.191809787649846,0.242089720197528,0.0117477031393918,-0.0338563999939572,0.492123486527043,FALSE
TBL1X,blue,-0.292020183249325,0.0712503282728824,-0.385311927233064,0.307409018646889,0.488944268737419,FALSE
TBL2,green,0.30856869113255,0.0559730403333634,0.395508431888785,-0.294603824620192,0.395508431888785,FALSE
TBL3,brown,0.122712151323693,0.456741242606176,0.548747621026741,-0.226743333124035,0.755356457038185,FALSE
TBP,brown,-0.0414213592212351,0.802303146516531,0.153055317814699,-0.0527219060247411,0.434922385291517,FALSE
TBPL1,blue,-0.200735181636356,0.220453430686509,-0.241368116055187,0.225452974312148,0.574126113455162,FALSE
TBRG4,brown,0.325340155213452,0.0432799703285453,0.697520960690891,-0.351084671942177,0.672282656564935,FALSE
TBX10,turquoise,-0.0101158687883386,0.951263890605979,0.0226242319020098,-0.257637683626794,0.332748120547938,FALSE
TBX19,purple,-0.2652814959355,0.102642705650449,-0.286192830600027,0.120864694708601,0.563564732875698,FALSE
TBX2,midnightblue,0.227849628635061,0.162999721301482,0.251347709626559,-0.376191662229434,0.67176778078271,FALSE
TBX21,grey,0.303687001694961,0.0601789240103815,0.0955849416772121,-0.102763774689888,,FALSE
TBX3,grey,-0.00378679989339123,0.981746637142731,-0.0641328422885392,0.248245722723685,,FALSE
TBX4,turquoise,0.277818822285281,0.0868186901073041,0.391483359254602,-0.271306297426984,0.533371700676599,FALSE
TBX6,purple,0.131002520795832,0.42665569410842,-0.0248513313219504,-0.139302361777401,0.525817806592683,FALSE
TBXA2R,brown,-0.00311085061766165,0.98500448108085,0.110960409408125,-0.147630422269696,0.292844277493411,FALSE
TBXAS1,greenyellow,0.214569848534205,0.189611147514178,0.360986097792748,-0.278970544559591,0.816322832928622,FALSE
TCAF1,cyan,0.0522087544134917,0.752267468446807,0.260408750586224,-0.0288500587372699,0.712962471331485,FALSE
TCAP,turquoise,0.152975066402561,0.352508271500954,0.357841527232239,-0.434108698350752,0.622469921131376,FALSE
TCEA1,blue,-0.102406630174233,0.535023312972362,-0.257845487708996,0.493917342512092,0.622210731067545,FALSE
TCEA2,turquoise,-0.0869679761465669,0.598580046055119,0.289817591074229,0.0149962909088733,0.271850595075678,FALSE
TCEAL1,blue,-0.0111233448597248,0.946416770355412,-0.0355618988803463,0.216731529571327,0.366555174427964,FALSE
TCEAL4,blue,-0.150942624084022,0.359018071075381,-0.0864584978463669,0.169120986446156,0.573950371246103,FALSE
TCEAL9,tan,-0.00662579900770105,0.968067427486117,-0.28630107312321,0.105220090603723,0.747598454937837,FALSE
TCF12,yellow,-0.153541074033654,0.350708213286353,-0.417460199218521,0.363522096959142,0.768528826173131,FALSE
TCF15,lightcyan,0.134558017952244,0.414100792088205,0.311390501267201,-0.23694863261565,0.74343895153643,FALSE
TCF20,turquoise,0.221551413897874,0.175262353352744,0.308986218371949,-0.312398505888162,0.521867374510653,FALSE
TCF25,turquoise,0.160752673835463,0.32826475806242,0.546890837270118,-0.481925395947197,0.900831028338189,FALSE
TCF3,grey,0.428351482855697,0.00651760748584945,0.171151802038713,-0.467940079345352,,FALSE
TCF4,tan,-0.254338328921907,0.118174005636141,-0.431842238116591,0.190602320643767,0.82759846307022,FALSE
TCF7,grey,0.0784530927779063,0.634978109886036,0.00859749175072277,0.322654858678043,,FALSE
TCF7L1,yellow,-0.247855751979323,0.128172364529333,-0.527049034090373,0.325278254831761,0.349634215244162,FALSE
TCF7L2,yellow,-0.00993312552006869,0.952143286519282,-0.546701196969716,0.383137886644817,0.603125214134154,FALSE
TCIM,yellow,-0.131883110995696,0.423526565219242,-0.243394248739847,0.345147843673201,0.394623474226953,FALSE
TCIRG1,turquoise,0.296467764530774,0.0668549323383755,0.691844520850353,-0.45547713466004,0.815385844408695,FALSE
TCN2,brown,0.227048559568336,0.164523993715969,0.428351961127418,-0.275991507685316,0.581484982111079,FALSE
TCOF1,purple,0.0912767114602349,0.580514940713583,-0.252462936764815,-0.0409610372420359,0.600996936906096,FALSE
TCP1,brown,0.252883649670217,0.120364874552636,0.509114360298498,-0.0535638920871735,0.612422467877956,FALSE
TCP10L,grey,-0.314580442721005,0.0511196457584606,-0.143637760803484,0.134320449709484,,FALSE
TCP11L1,brown,0.0363946019960396,0.825900618463229,0.161346966765447,-0.0775640463014646,0.291854224079121,FALSE
TCTA,brown,-0.0722161991551392,0.662192524975857,0.450554291595888,-0.154746111084807,0.439530840659709,FALSE
TCTN1,grey,-0.258364026304981,0.112267317419067,0.0430693583012284,0.00090688103696919,,FALSE
TCTN2,black,-0.151489095283318,0.357260675840975,-0.330775279239486,-0.0756507092093506,0.65810414857877,FALSE
TCTN3,red,-0.224865359089908,0.168730376405623,-0.252877664617547,0.241700403179349,0.761835420218194,FALSE
TDO2,blue,-0.298378734883453,0.065033400468656,-0.335161459644714,0.480805683467148,0.412174510752965,FALSE
TDP1,lightgreen,-0.225561581922525,0.167380645183732,-0.272809386458474,0.0125978346978631,0.744756357680775,FALSE
TDP2,blue,-0.019852499578072,0.904517365811747,-0.130573232819219,0.368169991285085,0.600438217347208,FALSE
TDRD7,blue,-0.0627153202249365,0.704473971282135,0.350775331450013,-0.113999489576613,0.283341126885103,FALSE
TEAD3,turquoise,0.445980419640493,0.00443306120601415,0.408922930392216,-0.286092299151289,0.556739099465817,FALSE
TEAD4,black,0.148186742019669,0.367959841918349,-0.080564903733561,-0.190843800810115,0.298351676460496,FALSE
TEC,yellow,-0.247689785700995,0.128436366057176,-0.424566721527034,0.363690893764503,0.294544587629245,FALSE
TECPR2,pink,-0.0149717792264871,0.927920351059806,0.259571606949023,-0.0757588475215976,0.366041299873441,FALSE
TECR,brown,0.214612791236602,0.189520428368644,0.543871990332267,-0.228217211726565,0.817237831784027,FALSE
TEDC2,lightcyan,0.384864678427355,0.0155509212934186,0.084014673296365,-0.112986826280461,0.660576280008526,FALSE
TEF,turquoise,0.155864511102857,0.34337775739553,0.0527029976974007,0.0205211417123107,0.324400178665045,FALSE
TEK,lightgreen,-0.00172987871271386,0.99166098160872,-0.288892724654716,0.148644854082736,0.62161837619206,FALSE
TELO2,turquoise,0.304494300064224,0.0594665633531965,0.545754743863638,-0.432349999116595,0.852168660476869,FALSE
TENM1,royalblue,-0.284444996623131,0.0792559620688898,-0.551719346605254,0.559937555811084,0.831341533847699,FALSE
TENM4,purple,0.124804642185917,0.449041727206601,-0.182305553653226,-0.0667562223837581,0.514629348246115,FALSE
TENT4A,turquoise,0.128262661876057,0.436473852815443,0.511889232357745,-0.132007641815985,0.765808709974453,FALSE
TENT5A,brown,0.0086115292599636,0.958504662969723,0.138749025449373,-0.051747354916776,0.394883940550496,FALSE
TENT5C,grey,0.141858184132167,0.388990677163062,0.200162322678733,-0.339021879800115,,FALSE
TERF2,blue,0.051172554394608,0.757034144349547,-0.0854873477250341,0.0599718315159811,0.590741878017981,FALSE
TERF2IP,blue,-0.243095863744629,0.135905734637587,-0.168131583826503,0.305741217363893,0.703908828867499,FALSE
TERT,turquoise,0.224017281865205,0.170385055619158,0.0628536181232037,-0.134205917013106,0.311910674578944,FALSE
TES,green,0.359787332252661,0.0244680844959641,0.407148323395731,-0.263004405061423,0.407148323395731,FALSE
TESC,turquoise,0.244378387381685,0.133788848132973,0.11424138721121,-0.233529750873343,0.528706231233879,FALSE
TESK1,turquoise,0.312156467344176,0.0530342392911348,0.642539328762807,-0.585998100164536,0.724240093922706,FALSE
TESK2,lightgreen,-0.241901219475582,0.137899781216614,-0.289109981593637,0.115160267151722,0.453359473692876,FALSE
TET3,yellow,-0.162444104567294,0.323133159186028,-0.14538602664479,0.0730310416322342,0.241964316969614,FALSE
TEX10,yellow,-0.238393462572612,0.14387964887737,-0.34669626450615,0.113905187014521,0.590149074373867,FALSE
TEX2,blue,0.0271389366929561,0.869732347578436,-0.0381978598747059,0.264881303784612,0.38066643617967,FALSE
TEX261,blue,0.036239689848967,0.826630347439321,0.101895947331251,0.054455500744148,0.56710611157754,FALSE
TEX264,turquoise,0.152813232561307,0.353023975781262,0.372764149673189,-0.159819819798787,0.688707932730959,FALSE
TEX30,blue,-0.227065021206152,0.164492567342746,0.0554542166778381,0.199922678771509,0.423833767585265,FALSE
TF,turquoise,0.00699156522880084,0.966305621700375,0.17008850190182,-0.119307620400505,0.286958192535372,FALSE
TFAM,turquoise,0.040372415632363,0.807213762936913,0.507357113668272,-0.174986797137977,0.635211937048831,FALSE
TFAP4,blue,-0.322505399024551,0.0452441022662536,-0.40038627380466,0.335089109644911,0.289583755235979,FALSE
TFB1M,blue,-0.246633948279491,0.130125376518973,-0.152147655493374,0.322560025080793,0.637810962266154,FALSE
TFB2M,green,0.334062841704688,0.0376654491090428,0.565084784542954,-0.2296129611538,0.565084784542954,FALSE
TFCP2,turquoise,0.184096774399159,0.261904793266593,0.515092048405835,-0.289042229159266,0.482598270138015,FALSE
TFCP2L1,purple,-0.127345921602272,0.43978659371253,-0.497762720303924,0.13867104534302,0.751608229595105,FALSE
TFDP1,blue,-0.119089635192866,0.47023712627506,-0.0677406032825331,0.0622019929866105,0.457540409664767,FALSE
TFDP2,grey,-0.261767714993303,0.107449747209867,0.00204410407989628,0.156471105724842,,FALSE
TFE3,green,0.42075876451209,0.00764801484616893,0.810733048727478,-0.600464353401697,0.810733048727478,TRUE
TFEB,turquoise,0.257474221541047,0.113553260066265,0.173642105992712,-0.378852690522315,0.283333004916455,FALSE
TFF1,purple,0.0123655745896694,0.940442850045947,-0.112400121931682,-0.162384832975104,0.558108813855325,FALSE
TFF2,grey,-0.269589342120677,0.0969751955366485,0.117637118151883,-0.0446119321778714,,FALSE
TFF3,midnightblue,0.00889663934822459,0.957132085268668,-0.138246591390969,-0.00769526779668203,0.303316180578699,FALSE
TFG,pink,-0.0104496982515796,0.94965758637777,0.395463093514857,-0.126029425046451,0.59884948861593,FALSE
TFIP11,green,0.149658162071508,0.363169234835412,0.710700951949538,-0.423044251662326,0.710700951949538,FALSE
TFPI,magenta,-0.457250698260329,0.00342801210786583,-0.579582985576112,0.758675313881717,0.758675313881717,FALSE
TFPI2,tan,-0.138003039833862,0.402138462123977,-0.317914274483875,0.100128553764399,0.531116935134969,FALSE
TFPT,turquoise,0.209259057996758,0.201068112371425,0.584140186087903,-0.430127803742809,0.729276202962523,FALSE
TFR2,brown,0.160883503649403,0.327866037624597,0.5784631431964,-0.289566335344745,0.823674956394557,FALSE
TFRC,yellow,-0.0720837278471202,0.662775381750794,-0.24677602691982,0.258633614678297,0.539226029856099,FALSE
TGDS,grey,0.0398349473966319,0.80973275199231,0.0584332626374428,0.147950473053773,,FALSE
TGFA,red,0.0343622555430372,0.83548542891095,-0.423575933763727,0.0427985617138077,0.603796185087719,FALSE
TGFB1,brown,0.247558661511024,0.128645230849975,0.672773635705702,-0.494473477136496,0.766332467695096,FALSE
TGFB1I1,tan,-0.129265184612768,0.432866963665501,-0.32874616005682,0.158099810502898,0.718081200028217,FALSE
TGFB3,black,-0.104798553757397,0.525477022917787,-0.362721667100067,0.0819795588016126,0.699796820774505,FALSE
TGFBI,brown,-0.0405865581455412,0.80621065888427,0.285483962936794,-0.18001981226698,0.460685381106584,FALSE
TGFBR1,red,-0.0810683569586081,0.623703174023543,0.00959311315417955,-0.113854979332472,0.656581537577241,FALSE
TGFBR2,lightyellow,-0.0934755239109716,0.571391476167032,-0.229246022425368,0.261737108760058,0.749085959433185,FALSE
TGFBR3,tan,-0.216920923709092,0.184689385781691,-0.477072423236257,0.389330919391168,0.654887983180896,FALSE
TGFBRAP1,turquoise,-0.0347722652702302,0.833549835669502,0.393797636058932,-0.225511193661675,0.372191537854981,FALSE
TGIF1,blue,0.0289808264532847,0.860974810057946,-0.197214865576318,0.389728791785813,0.262872383419163,FALSE
TGM1,turquoise,-0.0295299053940287,0.858367252627968,-0.0214325357043469,-0.0717430237624199,0.289485920817154,FALSE
TGM2,greenyellow,0.288312274967958,0.0750855979341895,0.638140445545818,-0.315584340643263,0.710112231754854,FALSE
TGOLN2,blue,-0.141808367018923,0.389158958834834,-0.134006559230547,0.14848046036609,0.4832162908079,FALSE
TGS1,yellow,-0.25029167439107,0.124343948460099,-0.266289227587019,0.36140668223184,0.424388126345895,FALSE
THADA,turquoise,-0.168747878044753,0.304452890035474,0.139886896156424,0.124025457001921,0.318260937021649,FALSE
THAP11,brown,0.295397094407185,0.0678929541944491,0.311912352269668,-0.14405598262798,0.627329504394858,FALSE
THAP12,blue,0.0644189500195085,0.696823155967871,-0.00801556591045326,0.0708354724615001,0.733436206470334,FALSE
THAP3,turquoise,0.288077798500833,0.0753334555576815,0.499700437957811,-0.34808219665136,0.556006256423077,FALSE
THAP4,turquoise,0.336127139747337,0.0364276649875936,0.244279422949872,-0.0596853342574085,0.582160642888382,FALSE
THAP7,brown,0.331457313869458,0.0392765123046313,0.376588477733419,-0.232698027051082,0.637722946622851,FALSE
THBD,lightyellow,-0.0911246171714537,0.581148432005996,-0.0940615861484777,0.281693173714819,0.399674786251808,FALSE
THBS1,black,0.0930006387639029,0.57335635494933,-0.0917683051244909,-0.302853797474091,0.79909608671966,FALSE
THBS2,salmon,0.0350669504990479,0.832159268248709,-0.0550217408685068,-0.211382673343049,0.729084105084606,FALSE
THBS3,turquoise,-0.173461331889026,0.290944119611965,-0.156251792860643,0.12556263225968,0.340745371545487,FALSE
THEM6,turquoise,0.329858206810125,0.0402927504916973,0.626508201405717,-0.432044497086543,0.684270776396443,FALSE
THEMIS2,greenyellow,0.166291987184306,0.311647103464874,0.486419186822052,-0.32358013573922,0.778122618781697,FALSE
THG1L,brown,0.0193961969784997,0.906702268876326,0.231515511138118,0.0401578002161538,0.340498251145003,FALSE
THNSL2,turquoise,0.263475580875023,0.105092382691331,0.268777277819627,-0.0894649675374952,0.413104260178701,FALSE
THOC1,yellow,-0.167240871269104,0.308854836357635,-0.263353093687413,0.301980350299076,0.336881614809097,FALSE
THOC2,blue,-0.43286709618789,0.00591611992172489,-0.534047297534999,0.580865877265773,0.633560190914548,FALSE
THOC5,turquoise,0.226112979675648,0.166317210344157,0.605719229082907,-0.502106146302897,0.703518100407588,FALSE
THOC6,brown,0.285989919912049,0.0775688201506272,0.731306436213994,-0.483109090384448,0.863440182533488,FALSE
THOC7,blue,-0.146063799780471,0.374937760330289,-0.274743677423701,0.533335871277464,0.68789232282382,FALSE
THOP1,turquoise,0.108177928825323,0.512133745232898,0.310893117441943,-0.264595133673874,0.641738345987761,FALSE
THPO,black,-0.000530096440935924,0.997444587382737,-0.281374441013636,0.0181470768214923,0.481594873247314,FALSE
THRA,midnightblue,0.308015358146843,0.056437635615534,0.476470290995753,-0.545689937262314,0.82090571446621,FALSE
THRB,magenta,-0.191100350115331,0.243868831407309,-0.402498153425596,0.361346864742628,0.361346864742628,FALSE
THSD4,magenta,-0.212007159800857,0.195080650292003,-0.271116005924267,0.375717390388367,0.375717390388367,FALSE
THSD7A,yellow,-0.104178852611848,0.527942239464705,-0.0842654148011713,-0.274672966878926,0.457899265567131,FALSE
THTPA,purple,-0.0507405498463799,0.75902406185222,-0.121069529862097,0.0834191639620056,0.529057505845961,FALSE
THUMPD1,blue,-0.234997548327233,0.149848373267282,-0.282344251725463,0.359881730627301,0.846150248049462,FALSE
THY1,midnightblue,0.26351590918973,0.105037197163313,0.281528533285842,-0.521412189160432,0.815302422548513,FALSE
THYN1,yellow,-0.163956575406356,0.318587216084855,-0.418995822900719,0.449944686092682,0.519193928616799,FALSE
TIA1,yellow,-0.220579576248756,0.177211745861782,-0.364181393052329,0.450943209610919,0.457898807270295,FALSE
TIAL1,turquoise,0.0857489931479215,0.603734836916583,0.196795445456168,0.111931227671846,0.351812385218471,FALSE
TIAM1,yellow,-0.430499347811985,0.00622523895866252,-0.671343702620073,0.639841578876679,0.609638516075627,FALSE
TICAM1,turquoise,0.159403485357142,0.33239415575546,0.547548506877264,-0.439186977635429,0.743214073702789,FALSE
TIE1,salmon,-0.0643112779090892,0.697305834788581,0.157377595368569,-0.00784962079880654,0.553876259045685,FALSE
TIMELESS,grey,-0.15171060261951,0.356549812934873,-0.168559210615008,0.189686024125034,,FALSE
TIMM10,grey,-0.0948296475311585,0.565805606527366,0.142510935722569,-0.0636894982848587,,FALSE
TIMM10B,darkturquoise,0.365456572936038,0.0221493882673601,0.218221267525648,-0.0312330699153662,0.477153498247811,FALSE
TIMM13,turquoise,0.265624347384982,0.102182595867509,0.654146969296929,-0.379679023116197,0.765640703798812,FALSE
TIMM17A,pink,0.00568456983306469,0.972601763822812,0.324001152049263,-0.0467393203882454,0.434643364873412,FALSE
TIMM17B,brown,0.13540253523559,0.411149814570686,0.271771826783461,-0.156808496526632,0.37860789107095,FALSE
TIMM22,brown,0.00234752682546897,0.988683725830544,0.192946364031587,-0.307095488131908,0.259154904837609,FALSE
TIMM44,turquoise,0.386465419528018,0.0150900835297718,0.515045527781974,-0.3775672995224,0.53661282427771,FALSE
TIMM50,brown,0.0520232459228336,0.753120175667208,0.32182980915829,-0.098788756410949,0.461574865304066,FALSE
TIMM8B,grey,-0.249140775464693,0.12614195789983,-0.0305037296083148,0.0643847115710453,,FALSE
TIMM9,blue,-0.273395112567718,0.0921706336864312,-0.453686469222343,0.427117269996467,0.775426453262564,FALSE
TIMP1,salmon,0.141091594478868,0.391584907677842,0.306114493426639,-0.396237408968554,0.903833346460599,FALSE
TIMP2,salmon,0.212112214159715,0.194854277529601,0.186876525048201,-0.387618033754964,0.820416321453555,FALSE
TIMP3,tan,-0.265969680923253,0.101720747437964,-0.520828824013824,0.33632924902374,0.854541774421976,FALSE
TINAGL1,greenyellow,0.0655008691895347,0.691979624496678,0.176913314444426,-0.40001577688292,0.67770161687764,FALSE
TINF2,brown,0.222601329712229,0.173173635475731,0.189271898514094,-0.0988807624439507,0.354070182841485,FALSE
TIPARP,yellow,-0.320093536487052,0.0469713764437676,-0.365174222682975,0.444643870220502,0.688531348096813,FALSE
TIPRL,blue,-0.309310767638538,0.0553547690559685,-0.10354247670737,0.0921866537844425,0.644501697105068,FALSE
TJAP1,turquoise,0.0976324272474187,0.554324496139145,0.128659361241322,-0.286967803392377,0.461241219037605,FALSE
TJP1,yellow,-0.0787499286285535,0.633694236289933,-0.300612251766702,0.29476272869792,0.746176919721786,FALSE
TJP2,magenta,-0.117782685467124,0.475157545339981,-0.232421371789327,0.622085129404522,0.622085129404522,FALSE
TJP3,turquoise,0.0471025857250913,0.775840969283628,0.252655879846048,-0.112818566358472,0.45744899015723,FALSE
TK1,green,0.259821796213245,0.110184387888625,0.592525874652061,-0.559653663512873,0.592525874652061,FALSE
TK2,turquoise,0.0573722833669286,0.728652452785697,0.428788646402058,-0.231615778129197,0.70558760366114,FALSE
TKFC,turquoise,0.124421928813364,0.450444656441814,0.544882699149906,-0.15206514796646,0.719482534614356,FALSE
TKT,brown,0.235972980700482,0.148115708054929,0.539643291524481,-0.154211191127256,0.780139017021462,FALSE
TLCD3A,black,0.0725169517693805,0.660869980660693,-0.185012471116502,-0.181402375999626,0.414102284746626,FALSE
TLE1,turquoise,-0.0501168599271432,0.761899626505754,0.0816186776633449,0.0490616828723291,0.256831461945325,FALSE
TLE2,turquoise,0.219575124689336,0.179242779058717,0.0388927103559876,-0.193890230376083,0.137696419998679,FALSE
TLE3,salmon,0.198798678287466,0.22503073948755,0.311887914319274,-0.510227412768587,0.57469756930371,FALSE
TLE4,blue,-0.104291788594348,0.527492551114969,-0.297576282248744,0.39825465129565,0.445851384040653,FALSE
TLE5,turquoise,0.225629857131516,0.167248703490036,0.593493914866591,-0.356518379636179,0.829068954312479,FALSE
TLE6,turquoise,0.240242240268085,0.140704620346152,0.408058977506195,-0.253764102281795,0.433645524729171,FALSE
TLK1,blue,-0.126378089802503,0.44329892011731,-0.300595067694315,0.445717792280931,0.812914687311143,FALSE
TLK2,turquoise,0.135078880634474,0.41227933606024,0.400329081572565,-0.121825564285697,0.474790864760953,FALSE
TLL2,yellow,-0.179723889140343,0.273603065087865,-0.311934426007426,0.210741379497819,0.327751135001712,FALSE
TLN1,greenyellow,0.0215732378170907,0.896284358920813,0.390034376680871,-0.345577019575801,0.630916888536607,FALSE
TLN2,turquoise,0.103318356331955,0.531374701704925,0.265237118247749,-0.0997270400313988,0.555976494644628,FALSE
TLR2,brown,-0.252835472531702,0.120437951259976,0.1984049534451,-0.135148173962126,0.395494587361239,FALSE
TLR4,lightgreen,-0.163644150401681,0.319522946487576,-0.39913615033704,0.188704079168837,0.759792705612821,FALSE
TLR5,grey60,-0.0477071410710223,0.773039123257199,-0.165433899049849,-0.129877554881629,0.639719700579945,FALSE
TLR6,blue,-0.0792209520736727,0.631659136671255,-0.392366292408877,0.241056956664936,0.50345759043961,FALSE
TLX1,grey,0.0778938904905494,0.637399628902785,-0.197370571745632,0.0899816248747105,,FALSE
TLX2,lightcyan,0.229949680114223,0.159052265032336,0.144299768242693,-0.189668127121323,0.731529628684014,FALSE
TM2D1,blue,-0.170997743543527,0.297955770491503,-0.455448271997474,0.539779759337614,0.687423476072813,FALSE
TM2D3,blue,-0.219788813672653,0.178809309788747,-0.170576305734488,0.445922227563927,0.62313822393822,FALSE
TM4SF1,tan,-0.233703103325765,0.152170526678069,-0.505759965075541,0.272493161874039,0.825931578236976,FALSE
TM4SF4,blue,-0.0791882684475781,0.631800263094047,-0.230829669515236,0.493182319384682,0.543101188992254,FALSE
TM4SF5,turquoise,0.142307178665407,0.387475895515802,0.424676332204659,-0.184265106256739,0.448194077466846,FALSE
TM6SF2,grey,0.153907626488021,0.349545463446439,0.185495666678735,0.0146842822974131,,FALSE
TM7SF2,turquoise,0.298886064546857,0.0645564685888927,0.516920195501939,-0.233092814719575,0.63884899397058,FALSE
TM7SF3,brown,0.0475477604526776,0.773777508106304,0.0271994871926913,0.126706235373891,0.302841403294951,FALSE
TM9SF1,brown,0.197422376604459,0.228323198421365,0.559520174881576,-0.227308006321438,0.849184508719969,FALSE
TM9SF2,pink,0.0356331831557524,0.829488733220518,0.205388854400217,0.12670130430893,0.808172206911181,FALSE
TM9SF3,blue,0.0328911391776494,0.84243813373476,0.0843341192556417,0.159480795050689,0.623840185437085,FALSE
TM9SF4,brown,-0.0654447641084533,0.692230500730854,0.293229442791158,-0.106712032890371,0.297320451864941,FALSE
TMA7,blue,-0.312472766409901,0.0527811983815766,-0.483014755049465,0.474619742635485,0.685316945671203,FALSE
TMBIM1,green,0.259494900868979,0.110648905695553,0.82671840055751,-0.58656485296948,0.82671840055751,TRUE
TMBIM4,grey,-0.0680828258850846,0.680469741396708,-0.0531418017205004,0.212284831244827,,FALSE
TMBIM6,blue,-0.212064166431253,0.194957788586061,-0.107484797600603,0.519695179293993,0.501863430169058,FALSE
TMC6,turquoise,0.437454923955085,0.00535472699458059,0.403361930678967,-0.335121871059114,0.736465301922011,FALSE
TMCC1,green,0.329050178949295,0.0408143252991349,0.434103363220061,-0.175014740618826,0.434103363220061,FALSE
TMCO1,blue,-0.134228095858994,0.415256886554768,-0.0819203822034324,0.430143111633778,0.824609052784267,FALSE
TMCO6,magenta,-0.362994823050081,0.023132673739337,-0.698441195625148,0.57361929587759,0.57361929587759,FALSE
TMED1,turquoise,0.063840556838109,0.699417387930478,0.382194325998592,-0.295273559179612,0.527720900666258,FALSE
TMED10,blue,-0.247915781714136,0.128076975273004,-0.141865455833778,0.349691859466507,0.746467860484319,FALSE
TMED2,pink,-0.0288338072724784,0.861673247076369,0.301918418317022,-0.0519662379645393,0.633779405476108,FALSE
TMED3,brown,0.321527398271663,0.0459382125982122,0.556584170002603,-0.721339879750988,0.493355771449485,FALSE
TMED5,blue,0.0606872600436366,0.713619230844856,-0.0126771391662952,0.262575244957255,0.608112601217635,FALSE
TMED9,turquoise,0.313699440763127,0.051808987991096,0.70949513208277,-0.614485811035559,0.810199044021379,FALSE
TMEM106C,blue,-0.0605925654767544,0.714047220358541,-0.19091616737505,0.210220131480039,0.420876536300139,FALSE
TMEM109,brown,0.0417404401779379,0.800810847463093,0.321845285017812,-0.23100995505474,0.573508541457738,FALSE
TMEM115,brown,0.0946414268305667,0.566580525463434,0.60973905113479,-0.262401189165829,0.769687346109041,FALSE
TMEM121,turquoise,0.285228815254648,0.0783964490529988,0.469573370114249,-0.454861811535447,0.806230338206274,FALSE
TMEM123,blue,0.000615016809744374,0.997035217174504,-0.116640411189665,0.311188560291171,0.442953619841906,FALSE
TMEM126B,blue,-0.317674417421013,0.0487568768308739,-0.228332631677428,0.311876715370339,0.681453251006906,FALSE
TMEM127,brown,-0.0218695457256253,0.894867706511273,0.308706643038903,-0.253047811251378,0.404770463393431,FALSE
TMEM131,pink,0.0237455493308118,0.885906142184561,0.253152369690854,0.0540693156446798,0.624447578509888,FALSE
TMEM131L,turquoise,0.178107583248797,0.278012309857217,0.0897924425968424,0.074558292568209,0.182681745273528,FALSE
TMEM132A,turquoise,0.126624741138264,0.442402349731014,0.348993522506051,-0.238277456888309,0.701869443639617,FALSE
TMEM134,turquoise,0.108832713270612,0.509568112711702,0.456994598144697,-0.200651779879398,0.670976195005353,FALSE
TMEM135,pink,0.108326216903067,0.511552144897086,0.289505724158627,-0.018637299014811,0.434624585679663,FALSE
TMEM140,brown,0.0480709050400123,0.771354601725176,0.413388649037087,0.0166629735923683,0.739605853564756,FALSE
TMEM143,grey,-0.198085817427666,0.226731998768469,-0.101302243236531,0.164207608013449,,FALSE
TMEM147,brown,0.375052022500699,0.0186429150367267,0.515443253352916,-0.241495493767063,0.602986823850118,FALSE
TMEM14A,blue,-0.216239159622072,0.186107167106573,-0.355428709453463,0.525057324693837,0.550693707239962,FALSE
TMEM14B,darkgreen,-0.0808191728029138,0.624773874549352,0.100840213058341,0.307313163468047,0.799465040046847,FALSE
TMEM160,brown,0.257556113926273,0.113434446863147,0.550524213223697,-0.334345500389994,0.870725888947341,FALSE
TMEM161A,turquoise,0.165736482967929,0.313289158789195,0.476629873537518,-0.302534899342363,0.695794016637482,FALSE
TMEM164,black,-0.260442790222425,0.109306026237501,-0.437883419487385,0.0894392469291009,0.58210588507742,FALSE
TMEM165,blue,0.0951241421770171,0.564594129707802,0.514608225286525,-0.445363871673267,0.202041779499706,FALSE
TMEM168,yellow,-0.256847746083252,0.114465290397062,-0.498131120232987,0.236351220284596,0.814422306287698,FALSE
TMEM176A,brown,-0.0467534434417831,0.777460366641946,0.239316589524942,0.00849556047291494,0.429510648519998,FALSE
TMEM176B,turquoise,0.243469012788156,0.135287287610409,0.389586101505776,-0.0847090043986043,0.623725462428167,FALSE
TMEM177,brown,0.14215236469335,0.387997804509559,0.43159164603458,-0.0933127900252494,0.575000845263719,FALSE
TMEM184B,turquoise,0.293331571726916,0.0699313649815385,0.634521703696267,-0.564378851528645,0.418557599420351,FALSE
TMEM184C,blue,-0.245906436996596,0.131298747160408,-0.336714642719955,0.454301686039981,0.774016141428493,FALSE
TMEM186,turquoise,0.357567525747449,0.025429279149396,0.574655869541375,-0.183963863610895,0.383418539179421,FALSE
TMEM187,turquoise,-0.159615824622431,0.331742135056777,0.285593387207953,-0.146236588780992,0.411557216742877,FALSE
TMEM204,greenyellow,0.264464598712975,0.103745355019095,0.325486127201663,-0.362700162681956,0.75352857453676,FALSE
TMEM208,turquoise,0.0370040360162178,0.823031224125299,0.668601809853905,-0.447398440085404,0.704094919846028,FALSE
TMEM214,green,0.339285686112153,0.0345982338833384,0.812209164472966,-0.603844464510665,0.812209164472966,TRUE
TMEM222,brown,0.183430981886745,0.263664180560139,0.686061767888266,-0.289346872481688,0.772637626547335,FALSE
TMEM223,blue,-0.172858831397228,0.292648991454313,-0.423311368311678,0.403334411782634,0.596654074039905,FALSE
TMEM230,pink,0.0956075279711394,0.562608200669597,0.347293071944803,0.0150841361061677,0.683888322368104,FALSE
TMEM242,red,-0.176019118821603,0.283777894624299,-0.17028772724397,0.206947505403081,0.674839494201449,FALSE
TMEM243,lightyellow,-0.0758590244062315,0.646242442863998,-0.193016441656919,0.103847760610579,0.726832629230317,FALSE
TMEM248,brown,0.302930515685157,0.0608525872110847,0.564009571771131,-0.253765593813694,0.748082054907294,FALSE
TMEM254,pink,-0.178930601580244,0.275761374097872,-0.0308957145928197,0.415992325587187,0.642610263443978,FALSE
TMEM258,blue,-0.262170778132963,0.106889813472416,-0.374538338959517,0.316424076754501,0.409571798983084,FALSE
TMEM259,turquoise,0.323349296917703,0.0446520018580083,0.504430814591633,-0.239050426783281,0.841658245154896,FALSE
TMEM260,blue,-0.301601183784291,0.0620508765508535,-0.242137849740337,0.294234010817811,0.402545912935337,FALSE
TMEM33,blue,-0.244919384909489,0.132903268521904,-0.0745019777677957,0.123690524464539,0.668926503319188,FALSE
TMEM39A,grey,0.160814446714737,0.328076459825017,0.179879263652307,-0.127282847130718,,FALSE
TMEM39B,brown,0.0464259664330774,0.778980118846829,0.412142089197857,-0.10268918430431,0.482810747190349,FALSE
TMEM41B,blue,-0.326686156589547,0.042371850764282,-0.185922932328894,0.364339652293414,0.666528376220883,FALSE
TMEM43,black,-0.0882842546951849,0.593035421908538,-0.205900848172497,0.0712709203787307,0.54631697080391,FALSE
TMEM45A,blue,-0.163603015521371,0.31964627606004,-0.271054081540921,0.242565371940808,0.654391090854481,FALSE
TMEM47,tan,-0.0660527348122554,0.689513664865553,-0.374022443296247,0.397599852893765,0.794367707806866,FALSE
TMEM50A,blue,-0.118063959643868,0.474096319240978,-0.0774776180475921,0.111434214258576,0.696829827881106,FALSE
TMEM50B,brown,0.0719209627400024,0.663491795480149,0.381515406172739,-0.160718321497713,0.42894752031698,FALSE
TMEM51,salmon,0.0316481175890627,0.848322046168006,0.119326651661041,-0.423703452994205,0.567653712426584,FALSE
TMEM53,brown,0.277154981508411,0.087606115607386,0.488154528086208,-0.172251987792522,0.660738821857162,FALSE
TMEM59,pink,0.0514235436146617,0.755878735196959,0.193415303640795,0.0837432831364666,0.777677182477945,FALSE
TMEM59L,turquoise,0.191979385059842,0.24166570766997,0.392019872051401,-0.123854459047765,0.60051494900951,FALSE
TMEM62,brown,-0.0670658954768479,0.684994688632663,0.303612987326455,-0.0103258313388847,0.484136306851831,FALSE
TMEM63A,green,0.263696883589052,0.104789822087608,0.780907703102438,-0.611711739138351,0.780907703102438,FALSE
TMEM70,pink,0.0853537588063451,0.605410285413341,0.478175113244372,-0.0557842482099191,0.79133899166917,FALSE
TMEM74B,black,0.229008370493697,0.160812974364068,0.0127422260146052,-0.327128578124276,0.342431208003727,FALSE
TMEM80,midnightblue,-0.0181918803142085,0.912472081063603,0.0332258478528185,-0.131993176308771,0.460736912738673,FALSE
TMEM87A,yellow,-0.362935398653324,0.0231568512121765,-0.441619038133901,0.490916857201566,0.647302301066237,FALSE
TMEM8B,turquoise,0.226702407951873,0.165185824738468,0.0583866926252162,-0.263497260269652,0.288345632181905,FALSE
TMEM94,turquoise,0.362830020555391,0.0231997771731587,0.658009269935575,-0.572765163798145,0.5815799579391,FALSE
TMEM97,darkturquoise,-0.102823179994404,0.533354832313309,0.00219863125768574,0.125841563224282,0.715667153645782,FALSE
TMEM9B,brown,-0.0159128464624811,0.923402682473766,0.412721086732439,-0.358686164423041,0.349145288733869,FALSE
TMF1,blue,-0.156838394310065,0.340333275732598,0.121794749600139,-0.060105635217122,0.495398085867311,FALSE
TMOD1,grey,0.084416844144673,0.609389938374599,-0.0129661975568636,0.247243934466228,,FALSE
TMPO,blue,-0.275652943681105,0.0894081624203887,-0.513091800763792,0.538196238326265,0.477713923979637,FALSE
TMPRSS2,turquoise,0.270699807697874,0.0955538873030512,0.51128637005181,-0.243871916375325,0.456050043330785,FALSE
TMPRSS5,purple,0.193247397055344,0.238511415494078,-0.0349690513677605,-0.220180952287901,0.391184924684637,FALSE
TMPRSS6,turquoise,0.253135244452293,0.119983787669775,0.649060414299166,-0.510772303468877,0.723005305108305,FALSE
TMSB10,greenyellow,0.175246339835636,0.285930821811125,0.433377858334755,-0.44012774055114,0.87247107223607,FALSE
TMT1A,magenta,-0.38337828989938,0.0159894106564056,-0.344656258318437,0.680329645507366,0.680329645507366,FALSE
TMUB2,brown,0.0885867548921716,0.591764381810816,0.625646511195614,-0.394439435638352,0.687552546193413,FALSE
TMX1,blue,-0.281951152598281,0.0820395777811252,-0.322859151756343,0.343207215287877,0.851509670874536,FALSE
TMX4,blue,-0.243416597055244,0.13537403395146,-0.0791313102569703,0.325463267717949,0.502426007076623,FALSE
TNF,grey60,0.186005344153719,0.25690449519093,0.058038102274526,-0.340600367893851,0.57343709749033,FALSE
TNFAIP1,brown,0.239611581361138,0.141781834130181,0.598732680075799,-0.432448944621624,0.555475960812345,FALSE
TNFAIP2,turquoise,0.243221360714722,0.135697506268988,0.603879077329371,-0.481873764438677,0.526905526801983,FALSE
TNFAIP3,blue,-0.151714447450774,0.356537481626102,-0.0881608266531542,-0.00598301017916456,0.339330748714316,FALSE
TNFAIP8,black,0.0649384567565219,0.694495937147274,0.00227881378383977,-0.407219569746294,0.573604941338421,FALSE
TNFAIP8L1,turquoise,0.30128530776358,0.0623383481539918,0.379774421042034,-0.0690143315357087,0.405676268861427,FALSE
TNFRSF10B,blue,-0.0412045149073998,0.803317693485449,-0.115775828532356,0.215212232442997,0.25038389810581,FALSE
TNFRSF12A,turquoise,0.593503621671938,6.82314562121092e-05,0.529067440226473,-0.469075233642554,0.433717720624107,FALSE
TNFRSF14,turquoise,0.425139575818471,0.00697687425314015,0.505086624439491,-0.48277083744309,0.839584770553221,FALSE
TNFRSF1A,turquoise,0.330629591429014,0.0397998964568711,0.600301708911758,-0.430963091941858,0.777524991426859,FALSE
TNFRSF1B,turquoise,0.0492186697416087,0.766046328359275,0.268384327373733,-0.172936011134998,0.423329955257816,FALSE
TNFRSF21,grey60,-0.0489167302531369,0.767441752491543,-0.0476709715613968,-0.198694276614862,0.419407278249635,FALSE
TNFRSF4,grey,0.075399074411901,0.648247937791561,-0.208664263450203,-0.0158571294919476,,FALSE
TNFRSF8,turquoise,0.17336049766829,0.291228999065756,0.197913918008353,-0.403427413379095,0.400160087764367,FALSE
TNFSF10,grey,-0.134301078605148,0.415000987144473,-0.319799631028812,0.460871513214068,,FALSE
TNFSF14,turquoise,0.280193906254669,0.0840462310767559,0.686708927038988,-0.536720502222662,0.59584232854645,FALSE
TNFSF4,yellow,-0.301796753304485,0.0618734208873685,-0.604347651703797,0.424450427649817,0.441731166647796,FALSE
TNFSF8,grey60,0.0844790445427693,0.609125389645567,-0.0297480377822832,-0.332610613621462,0.619574630376278,FALSE
TNIK,black,-0.262525248831833,0.106399218464271,-0.57187336251988,0.181083191670824,0.656770679410653,FALSE
TNIP1,turquoise,0.19631791550277,0.230989023330949,0.699763917080869,-0.447056803333963,0.810771532999896,FALSE
TNIP2,turquoise,0.165716335384757,0.313348816916469,0.219735241252156,-0.535265849902825,0.308920917554369,FALSE
TNK1,grey,0.149338633355137,0.364206352659746,-0.0116371299719763,-0.0167897738704892,,FALSE
TNK2,turquoise,0.147586838969024,0.369923763297154,0.410919189421681,-0.444485669627129,0.656666405580628,FALSE
TNKS,yellow,-0.0285717922407316,0.862918246214792,-0.196797418425996,0.249461465583112,0.270249038819441,FALSE
TNKS2,yellow,-0.249600248251567,0.12542182592181,-0.556934097459275,0.558801930799677,0.872057954987717,FALSE
TNNC2,grey,0.0797627594953823,0.629321514835559,-0.220733593977612,0.032544126459423,,FALSE
TNNI2,turquoise,0.241198647481751,0.139082533436889,0.321424560889999,-0.288962679861216,0.585785463477842,FALSE
TNNT3,grey,0.0460295300994593,0.780820981020904,-0.205123376713845,-0.0315865346993286,,FALSE
TNPO1,blue,-0.110241383499181,0.504070494963915,-0.0300735428128187,0.09507341114061,0.437686783098619,FALSE
TNPO2,turquoise,0.141019846456866,0.39182822558046,0.40342393584851,-0.323671313396326,0.539173927519523,FALSE
TNPO3,brown,-0.141550922467183,0.390029280461076,0.383384184779125,-0.0337989876719959,0.362673064757729,FALSE
TNRC6B,turquoise,0.0314200498030649,0.849402508006059,0.413096453211401,-0.182235228910244,0.775890660797915,FALSE
TNS1,tan,0.0687461904163032,0.677523946549249,0.00121170086588273,-0.128388921567092,0.411569080477825,FALSE
TNS2,turquoise,0.102867906007465,0.533175833359245,0.216989668605202,-0.0496677848748513,0.587033459223751,FALSE
TNS3,tan,0.134268450863225,0.415115378752543,0.142090816633761,-0.170211909593223,0.458023052584821,FALSE
TOB1,pink,-0.0932459702643412,0.572340890888637,-0.164195633668984,0.424483981616906,0.424116965821068,FALSE
TOB2,turquoise,0.269340841277264,0.0972954647384384,0.374818161689169,-0.31845819056034,0.545786777413145,FALSE
TOE1,brown,0.0257661172107474,0.876269658806854,0.58919400850438,-0.403090797886217,0.679129131598253,FALSE
TOLLIP,turquoise,0.360404659075121,0.0242062059541248,0.750800996179544,-0.440547216992342,0.862775203662135,FALSE
TOM1,turquoise,0.267222411014325,0.100058712834469,0.721519975005417,-0.437835863431182,0.84391594831592,FALSE
TOM1L1,blue,-0.404426482930541,0.0106614565093685,-0.62079141232841,0.74073438281267,0.810579616652564,FALSE
TOM1L2,turquoise,0.0535797983212367,0.745974383508667,0.341447303072453,-0.295460281554645,0.354461667568004,FALSE
TOMM20,brown,-0.0163630139577315,0.921242446085986,0.310006498842145,0.0948308430076032,0.739583104500103,FALSE
TOMM22,brown,0.0330503741161469,0.841684988368319,0.370337711094759,-0.0446731056472505,0.700388953513471,FALSE
TOMM34,red,-0.104228345508296,0.527745145656612,0.194196268718856,-0.0344744421256153,0.618534268799161,FALSE
TOMM40,turquoise,0.210646731706867,0.198028835655944,0.542063252461733,-0.362574921054765,0.733358709788231,FALSE
TOMM70,blue,-0.349195560244447,0.029340554972278,-0.4975054426031,0.620107984379199,0.871392078461965,FALSE
TONSL,turquoise,0.192794267147549,0.239635401134239,0.41682608865079,-0.397405232109955,0.720563624788277,FALSE
TOP1,blue,-0.133924309469623,0.416323012750827,-0.0596450934126588,0.15523675074829,0.689945787769844,FALSE
TOP2B,blue,-0.176888710954876,0.281367867387997,-0.206549981296796,0.303057677964161,0.699287956122164,FALSE
TOP3A,blue,0.0129642065442905,0.937565137767958,-0.0281586409954366,0.197214978287619,0.496697581458815,FALSE
TOP3B,turquoise,0.489707698379653,0.00155518296206666,0.505050760346739,-0.48794972597903,0.57100537947105,FALSE
TOPBP1,yellow,-0.289724046523753,0.0736067243010224,-0.479897980755034,0.385166513069029,0.793528172432024,FALSE
TOR1A,turquoise,0.170628122814155,0.299017010746534,0.681087513186819,-0.421049533440771,0.653706097815248,FALSE
TOR1AIP1,blue,-0.255617472882609,0.116272405046598,-0.596394419944359,0.683021720427252,0.77030015405741,FALSE
TOR1AIP2,magenta,-0.504437683734364,0.0010583708248591,-0.588461363205562,0.690814748688008,0.690814748688008,FALSE
TOR1B,brown,0.219172769025538,0.180060991787926,0.679677109770637,-0.294991084625536,0.633787233043964,FALSE
TOR3A,green,0.391128273584724,0.0138128709828279,0.731358876932163,-0.603991942160833,0.731358876932163,FALSE
TOR4A,grey,0.297218301767233,0.0661347795238339,0.290134678032806,-0.30765540591314,,FALSE
TOX4,blue,-0.288350548160507,0.0750452012303858,-0.264206080002414,0.396357866993782,0.413197790891887,FALSE
TP53,tan,-0.0078407854961709,0.962215758936398,-0.00666318555016444,0.0451252592857504,0.37699303924433,FALSE
TP53BP1,black,0.157808886143115,0.33731594959701,0.186785039039446,-0.553077833559332,0.409827891272177,FALSE
TP53BP2,grey,0.0416148519358235,0.801398124048294,-0.00849644040598166,0.128448810999088,,FALSE
TP53I11,midnightblue,0.301921702416674,0.0617602556484847,0.0864016942768084,-0.275672832332842,0.69782211480886,FALSE
TP53I3,green,0.227550660846743,0.163567397732656,0.799496746328239,-0.749475361230913,0.799496746328239,FALSE
TP53TG1,turquoise,0.142009360741586,0.388480264236276,0.454747550472233,-0.150280718269544,0.598909626686026,FALSE
TP63,purple,-0.0139089892070823,0.933025032325043,-0.322997599616869,0.0745439423523084,0.700799874878506,FALSE
TPBG,tan,0.0833637926961756,0.613876153342625,-0.291075488465946,-0.0859760164003854,0.351169798210038,FALSE
TPCN1,turquoise,-0.0834561251258652,0.613482240285486,0.116122033122375,-0.100603485627142,0.33553707701342,FALSE
TPD52,blue,0.0195933838381072,0.905757999639659,0.181820393860722,-0.0228626739181001,0.483144961992176,FALSE
TPD52L1,pink,-0.106926674191294,0.517054421036791,-0.0497030344579942,0.271111633444168,0.663186576764422,FALSE
TPD52L2,brown,0.293253774700307,0.0700090714299425,0.70798218846005,-0.472392370210342,0.865128382308388,FALSE
TPGS2,red,-0.392138922571237,0.0135484546823245,-0.147826233945381,0.143920764144388,0.455169307024573,FALSE
TPI1,brown,0.0566177033749498,0.732088689497946,0.520575107505647,-0.17093004049619,0.662154535670706,FALSE
TPK1,blue,-0.298879083691602,0.0645630123418683,-0.48883642614205,0.513397901733704,0.523542600293155,FALSE
TPM1,tan,-0.203673967793722,0.213630032326517,-0.243344537865842,0.0375282247740654,0.682957140845541,FALSE
TPM2,midnightblue,0.405708463427015,0.0103929957954424,0.194600981987728,-0.480374056376059,0.798122559063273,FALSE
TPM4,greenyellow,0.281363928348902,0.0827059595810755,0.295014840844787,-0.333355675045492,0.749108333670145,FALSE
TPMT,blue,-0.225942202273176,0.166646052454266,-0.318243628455713,0.209321554210052,0.331194707276049,FALSE
TPP1,lightyellow,-0.0269467530380664,0.870647014852657,0.190732664546252,-0.00782829958106192,0.67481200937464,FALSE
TPP2,yellow,-0.288726813062397,0.0746489652127343,-0.517997911368317,0.448778635029689,0.727430781934606,FALSE
TPPP,turquoise,0.0608174737676281,0.713030847070857,0.169034924698439,-0.133545339842796,0.443145300039604,FALSE
TPPP3,salmon,0.221322022305393,0.175721096872121,0.0236117003554829,-0.0690863241610077,0.631542372003413,FALSE
TPR,blue,-0.187558700562345,0.252882032271074,-0.240525265849203,0.337169675959421,0.674232091900376,FALSE
TPRA1,turquoise,0.223535015904377,0.171331184980885,0.486296023632819,-0.324403975099741,0.860678241399227,FALSE
TPRKB,blue,0.00815628769556147,0.960696530995911,-0.0967847375601059,0.277787465926953,0.737363897041193,FALSE
TPSD1,turquoise,0.0873085802161829,0.597143141710439,0.252872659895755,-0.284929128999685,0.509410636522667,FALSE
TPST1,blue,-0.386361397819851,0.0151196760232487,0.0940662305850666,0.0959768292873861,0.289592795741318,FALSE
TPST2,brown,0.355697962534385,0.0262629191159287,0.618645308568134,-0.432556360196579,0.712849525437526,FALSE
TPT1,blue,-0.119403256960932,0.4690604275857,-0.392397665403294,0.39476145172355,0.315601602323512,FALSE
TPX2,red,0.0485819251010973,0.768989911940384,0.0577799323488915,-0.0607419866492275,0.602997459763541,FALSE
TRA2A,turquoise,0.00310625683607394,0.98502662241364,0.0603608231576042,-0.0603652357518813,0.258270224337018,FALSE
TRA2B,blue,-0.00649920728726076,0.968677223851746,0.0403180393745306,0.0620954286451956,0.640906309078633,FALSE
TRABD,turquoise,0.360454371394373,0.0241852190236161,0.614292401580951,-0.413903674028736,0.82858821749456,FALSE
TRADD,brown,0.240399565203352,0.140436840041761,0.321753115457968,-0.277407497646374,0.570127918062242,FALSE
TRAF1,purple,-0.0139072979693717,0.933033157659062,-0.172409716371729,-0.0507997285076792,0.630834611966657,FALSE
TRAF2,turquoise,0.327768324992535,0.04165299186132,0.581492763304285,-0.588192347048398,0.750742046246746,FALSE
TRAF3,green,0.234738524518687,0.15031095900492,0.731177014109344,-0.490609232510042,0.731177014109344,FALSE
TRAF3IP2,grey,0.00422609680689089,0.97962952973269,0.208808773246687,0.0625197327379509,,FALSE
TRAF4,turquoise,0.333852182672985,0.0377936691293756,0.674970706948638,-0.45817925056664,0.83161126775641,FALSE
TRAF5,tan,0.0595864789789403,0.718599717586845,-0.214410089544988,-0.0592914833152099,0.590391494830717,FALSE
TRAF6,lightgreen,-0.421919767011872,0.00746496165525073,-0.430389524815587,0.356103568991784,0.71515224092299,FALSE
TRAFD1,turquoise,-0.0516858215611815,0.754671918349613,0.560978515322863,-0.456341066113556,0.424111948327493,FALSE
TRAIP,turquoise,0.101030734843746,0.540552297640654,0.518476078486569,-0.455110977484857,0.413860971464024,FALSE
TRAK1,yellow,-0.0348094627961119,0.833374279505639,-0.454704666101973,0.11268619533256,0.608402291826184,FALSE
TRAK2,blue,-0.0413379739401326,0.802693242546666,-0.264138138958862,0.319277380637803,0.650449517631469,FALSE
TRAM1,pink,-0.00883286544923442,0.957439095290553,0.241790628470242,-0.0865945167600462,0.551185343975672,FALSE
TRAM2,magenta,-0.0197343776864036,0.905082900267334,-0.316261230823666,0.399097544158855,0.399097544158855,FALSE
TRANK1,blue,-0.35138935566957,0.028270598341044,-0.41192707977448,0.497976758644965,0.418997711137622,FALSE
TRAP1,brown,0.0358900658340546,0.828277812727022,0.452507595320641,-0.0779573686968275,0.722536185970993,FALSE
TRAPPC12,green,0.319180809372941,0.0476387423112339,0.69432085061037,-0.37302386816738,0.69432085061037,FALSE
TRAPPC2,grey,0.0131872519399767,0.93649312355221,-0.242616480278575,0.216947623675795,,FALSE
TRAPPC2L,turquoise,0.0578324573077313,0.726559452583396,0.306090740641451,-0.231309205852181,0.454746304070258,FALSE
TRAPPC3,brown,0.0501724377972567,0.761643252368949,0.342947916752856,-0.0756709568304319,0.4571495400223,FALSE
TRAPPC4,blue,-0.257381360497237,0.113688100762573,-0.176021070629054,0.302643668345161,0.612296488700289,FALSE
TRAPPC6A,turquoise,0.241592244432381,0.138419009528817,0.466277737307037,-0.123170922999559,0.681146147882428,FALSE
TRAPPC8,blue,-0.298423962404073,0.0649907700642775,-0.255754371649039,0.63915678572898,0.719018674046512,FALSE
TRAPPC9,grey,0.0568462513151231,0.731047371281002,0.0166029278186371,-0.235125754627086,,FALSE
TREM2,grey60,0.122957957712487,0.455833105265637,0.129888199566344,-0.415096865180678,0.694939277873726,FALSE
TREX2,turquoise,0.261007063407336,0.108512504877755,0.253963814438832,-0.238013738519002,0.517173486555036,FALSE
TRGV7,purple,0.129771692475465,0.431050951523199,-0.158410423531354,-0.0782249659005101,0.570842781764495,FALSE
TRH,yellow,-0.265607596013243,0.102205039735659,-0.694629050796168,0.325349507876984,0.572156252840452,FALSE
TRIAP1,blue,0.291699475642587,0.0715758441741429,0.335230996080584,-0.145889853615192,0.267780529060891,FALSE
TRIB1,blue,0.117825522083508,0.474995845405988,0.213252554578712,0.266178388087118,0.200594372160669,FALSE
TRIB2,yellow,0.1979534143321,0.227048947715131,0.0518705930408898,-0.0768295816207324,0.337649940119025,FALSE
TRIB3,turquoise,0.416698910709759,0.00831876603116979,0.637557197867231,-0.436572018228777,0.56516496836703,FALSE
TRIL,purple,-0.105640691459565,0.522136012306998,-0.377456705176863,-0.0120770504839315,0.408627304211164,FALSE
TRIM10,red,0.101160647181289,0.540029081127687,-0.114785163069444,-0.135552182952316,0.399796965969365,FALSE
TRIM14,red,-0.0518888944077955,0.753737915446316,0.0287502436317425,-0.00922631114533009,0.665594973715089,FALSE
TRIM15,brown,0.218892065672691,0.180633391063758,0.269068248305489,-0.350863645856377,0.339607607924978,FALSE
TRIM16,grey,-0.144743005976302,0.37931837497556,-0.138917528053647,0.112213479341466,,FALSE
TRIM17,lightcyan,0.107466208561584,0.514929776638056,0.173554331253851,-0.127521099124643,0.610505191048067,FALSE
TRIM2,blue,-0.450590728108023,0.00399462204434282,-0.42677993923563,0.41726403220361,0.537983697422229,FALSE
TRIM21,red,-0.0898343686296188,0.586534904351877,-0.126367821313809,0.0456753862937953,0.535258673995066,FALSE
TRIM22,blue,0.0801815798120184,0.62751695509147,-0.195142749254258,0.106832513835486,0.397249761483106,FALSE
TRIM24,blue,-0.191492516933253,0.242884279249501,-0.517197083856862,0.451609767010495,0.662123493676018,FALSE
TRIM26,grey,0.0325280225032584,0.844156109708512,0.10735254108082,-0.138210215825395,,FALSE
TRIM27,red,0.148521284469597,0.366867348661127,0.170639295736984,-0.169382360160177,0.55328824317429,FALSE
TRIM28,turquoise,0.300981729618512,0.0626156219619817,0.582957996929646,-0.311706967876602,0.766929040982795,FALSE
TRIM29,black,-0.211966773015562,0.195167725550594,-0.340611252647815,0.0228036003503125,0.666859604941101,FALSE
TRIM3,turquoise,0.0400082584579825,0.808920275444568,0.220958730976881,-0.381419419846462,0.504073685580823,FALSE
TRIM32,red,-0.0599266069172578,0.717059572749653,-0.380225433748933,0.0821671060337311,0.630410979029978,FALSE
TRIM33,blue,-0.159972598415313,0.330648391773056,-0.276263965831536,0.331468139475884,0.572045483145824,FALSE
TRIM37,blue,-0.034468470206512,0.834983913548079,-0.158873430206941,0.113469341106546,0.654452128832398,FALSE
TRIM38,blue,-5.20375498157984e-05,0.999749144463205,0.00406206219308972,-0.0237882577625208,0.267508536531594,FALSE
TRIM44,yellow,-0.12674583866576,0.441962528060615,-0.0948193333418527,0.310479814586756,0.213909915347701,FALSE
TRIM45,midnightblue,0.177958282768693,0.278421924453116,0.198274195260113,-0.368653040056458,0.296211329730517,FALSE
TRIM56,turquoise,0.154473325633558,0.347755606403394,0.295667569735997,-0.189500977197318,0.453485693877754,FALSE
TRIM62,blue,-0.201328618368224,0.219063634659804,-0.153572928071947,0.216725679989941,0.38778890003528,FALSE
TRIM66,royalblue,-0.273999939552643,0.0914242615133972,-0.276727677821635,0.08926706494912,0.389082946686302,FALSE
TRIM68,grey,-0.00130305651356013,0.993718464649497,0.327981777778879,-0.233740395219681,,FALSE
TRIM8,turquoise,0.458584594206325,0.00332336928044629,0.51643061810972,-0.375541505409659,0.503514254083949,FALSE
TRIO,purple,-0.0587856365930054,0.722230360628213,-0.226020900443061,-0.0577650952822824,0.656320589257041,FALSE
TRIOBP,greenyellow,-0.0298973393998472,0.856623146177827,0.287307349100985,-0.364230516310263,0.590101456208256,FALSE
TRIP10,salmon,0.280545061926016,0.0836422209926374,0.223732920359427,-0.312470106297089,0.520707535770624,FALSE
TRIP11,blue,-0.239288882717071,0.142335371399321,-0.0378973406010686,0.08285630033987,0.528920931272274,FALSE
TRIP12,blue,-0.140125334736373,0.394869145718596,-0.320774142887387,0.419520361183948,0.698747994825014,FALSE
TRIP4,blue,-0.169805044371935,0.301388879029465,-0.285819714307037,0.156622570627706,0.57507571459103,FALSE
TRIP6,brown,0.223808960354717,0.170793287859584,0.627649787197439,-0.405787956804886,0.721620244546256,FALSE
TRIT1,yellow,-0.525572460382335,0.000590702210562441,-0.64440970407476,0.507386526340232,0.66087483580034,FALSE
TRMO,grey,0.0593858677709484,0.7195086265644,0.139909700947505,0.0102376931553487,,FALSE
TRMT1,turquoise,0.0868371210710681,0.599132483149251,0.352951287288916,-0.195078238363323,0.740883029216387,FALSE
TRMT11,yellow,-0.385864481614953,0.0152617174727226,-0.409031860164846,0.470832530404825,0.770294647655215,FALSE
TRMT112,turquoise,0.0188614865731593,0.909263470768694,0.15825123660577,0.0515754954911355,0.463852667849189,FALSE
TRMT2A,turquoise,0.249569056826122,0.12547061486483,0.543675532422883,-0.382753596423702,0.816358638015902,FALSE
TRMT2B,grey,0.018447277116455,0.911248109916686,-0.0772747436923726,-0.102926170613366,,FALSE
TRMT5,pink,-0.133181684424695,0.418935735888828,0.141330744038644,-0.0022703718481087,0.568678171716687,FALSE
TRMT61A,turquoise,0.407343542670862,0.0100589758123033,0.317935599726396,-0.244551282288595,0.714053609860374,FALSE
TRMT61B,blue,-0.131225558733126,0.42586192149821,-0.198094515725499,0.407677929539514,0.760667763207941,FALSE
TRMU,turquoise,0.276156033222501,0.0888014291546873,0.572235527273543,-0.400788009561451,0.886488959786443,FALSE
TRNAU1AP,turquoise,-0.0330857104910531,0.841517874084794,0.234252111154702,-0.158643358348957,0.50073703371781,FALSE
TRO,turquoise,-0.0190487629258368,0.908366334162339,0.156056881413455,-0.166726643690015,0.612675335472421,FALSE
TROAP,grey,-0.270259803435776,0.096115132886659,-0.115537148097105,0.0366473541775685,,FALSE
TRPC2,red,-0.0225149009352342,0.89178337208733,0.216046244740628,-0.345184888890449,0.423245960718779,FALSE
TRPC4AP,turquoise,0.104500593026388,0.52666162747518,0.509162778753523,-0.283232629594828,0.806898034712237,FALSE
TRPM2,red,0.223925900200324,0.170564043115748,0.126560515591236,-0.342150887384732,0.274535200546427,FALSE
TRPM3,yellow,-0.22412359260114,0.170176996680229,-0.572316332953856,0.23791733032192,0.712996150087365,FALSE
TRPM4,turquoise,0.268079547400635,0.0989335403830428,0.636085851427431,-0.470836802836825,0.735235435866721,FALSE
TRPM8,turquoise,0.22467171002575,0.169107181696467,0.443380101403677,-0.209352786724492,0.356784127357576,FALSE
TRPV2,salmon,0.0750310499949848,0.649854379415785,0.182209003508707,-0.35196978004629,0.538708170748535,FALSE
TRPV4,turquoise,0.328680385956918,0.0410548459594063,0.593539796546578,-0.565585315737278,0.668525562343009,FALSE
TSC1,yellow,-0.317527898164372,0.0488667498263648,-0.38972204519852,0.301571881832647,0.451969894307489,FALSE
TSC2,turquoise,0.197724801116325,0.227596918912833,0.450455987714097,-0.259604871346549,0.846314669429364,FALSE
TSC22D1,salmon,0.408738245816413,0.00978134418060792,0.582267752521837,-0.591313678297065,0.564056376841505,FALSE
TSC22D2,yellow,-0.0688906501100579,0.676883070713518,-0.34787258337441,0.328642477840783,0.810091544638231,FALSE
TSC22D3,grey,-0.200607610928247,0.220752984193555,-0.288153203307906,0.458678543678928,,FALSE
TSC22D4,turquoise,0.389754346242419,0.0141793261912363,0.379672319297192,-0.275839410742406,0.620077619164071,FALSE
TSEN34,turquoise,0.256438052899539,0.11506470845753,0.268006605542366,-0.127577102294437,0.388849657182591,FALSE
TSFM,brown,0.0602198402107681,0.715732657745749,0.524527107128525,-0.150995285957111,0.71635678052487,FALSE
TSG101,pink,0.0501989240986934,0.761521083018882,0.123119760812844,0.222556176778683,0.783109453195005,FALSE
TSHZ2,green,0.144355363462238,0.380609756493895,0.327287611694953,-0.40473172434988,0.327287611694953,FALSE
TSKU,grey,0.0888094328686463,0.590829504602225,0.296133833440383,0.0676921437809374,,FALSE
TSN,pink,-0.197921333870689,0.22712578807063,0.0518371660479112,0.280634845794113,0.562558701136607,FALSE
TSPAN1,brown,-0.138761445791734,0.399531968605539,0.227093469601147,-0.118170315218866,0.270025920739553,FALSE
TSPAN12,blue,-0.142024174564569,0.388430269828789,-0.249159717913033,0.383742966859148,0.482703637608703,FALSE
TSPAN13,magenta,-0.0790600666119998,0.632353957001255,-0.263372088059677,0.351489721371606,0.351489721371606,FALSE
TSPAN14,greenyellow,0.378340732037513,0.0175537847984534,0.451170242167263,-0.386520699795006,0.755783949089504,FALSE
TSPAN15,greenyellow,0.090135077728981,0.585277535974978,0.183799021455091,-0.299617110818321,0.790149011959484,FALSE
TSPAN3,green,0.163244497638332,0.320722439268403,0.62023112905528,-0.508203758546698,0.62023112905528,FALSE
TSPAN31,blue,-0.112709230383748,0.494512079723684,-0.17039198365608,0.303553516035578,0.530928358678071,FALSE
TSPAN32,black,-0.213968528298188,0.190884697809212,-0.433074682194315,0.207507676066623,0.4816103221339,FALSE
TSPAN4,midnightblue,0.306752267070633,0.0575096971556148,0.358176968835409,-0.401952501199168,0.811365535482978,FALSE
TSPAN6,blue,-0.338414798977777,0.0350949723506134,-0.369700466636798,0.587848234856325,0.850476173521635,FALSE
TSPAN7,tan,-0.193870884057925,0.236970699803716,-0.445161597483791,0.329040338308867,0.672330129373215,FALSE
TSPAN8,grey,-0.322269102897997,0.045411025757217,-0.240064122486147,0.378779659398806,,FALSE
TSPAN9,turquoise,0.124239136520934,0.451115565155961,0.308371604312029,-0.225765353545669,0.736471227518319,FALSE
TSPO,midnightblue,0.195979556822628,0.231809941156264,0.415068427432433,-0.45150796910148,0.784928129907065,FALSE
TSPOAP1,turquoise,0.125718305696384,0.445702102126056,0.162180679827287,-0.260409361802615,0.467173736544435,FALSE
TSPYL1,pink,0.179154531994365,0.275150998565132,0.437721178030123,-0.185366172508341,0.561778560537513,FALSE
TSPYL2,grey,0.0368782665387977,0.823623199284126,0.0651159877903286,-0.252204326271914,,FALSE
TSPYL4,blue,-0.397713577113069,0.0121657291835718,-0.627908831441955,0.581927621444221,0.673783072666569,FALSE
TSR1,brown,0.172383265535717,0.2939992135856,0.530320357799414,-0.166253900956377,0.69443538410455,FALSE
TSR2,brown,0.287632377071788,0.075806059435082,0.55325767540811,-0.419619993215591,0.664157376513942,FALSE
TSR3,turquoise,0.194221238658724,0.236107895110608,0.477913548996304,-0.397163176766012,0.798772494741808,FALSE
TSSC4,turquoise,0.468084032851044,0.00265546005285702,0.385386036407653,-0.585782123402165,0.424963557368969,FALSE
TST,brown,0.251052741596195,0.123165532035095,0.764018423792683,-0.414354074199838,0.901274304365491,FALSE
TTC1,blue,-0.0145593044637425,0.929901179930504,0.101350428267121,0.0379303440156365,0.459212578165623,FALSE
TTC17,yellow,-0.38668317212787,0.015028294711136,-0.765478449642631,0.572591611384592,0.875294624882206,FALSE
TTC19,blue,-0.109063985867435,0.50866346502538,-0.241741450919015,0.438091613959658,0.799312572257988,FALSE
TTC21B,yellow,-0.437260399676659,0.00537755841229557,-0.659656441492323,0.463053042877173,0.64118946286934,FALSE
TTC22,yellow,-0.0122101966347244,0.941189898195076,-0.173767519672412,-0.065111391963079,0.395848556479369,FALSE
TTC23,grey,0.0731364814220521,0.658148831714678,0.21895633882224,-0.104412838626114,,FALSE
TTC27,yellow,-0.0400961958943604,0.80850810310477,-0.209460330060971,0.106255508084203,0.318623439449005,FALSE
TTC28,blue,-0.357792497890642,0.025330460067371,-0.340222631914727,0.239489133016044,0.347453154176568,FALSE
TTC3,grey,0.0824039052081925,0.617977585683982,0.00688152628234563,0.0796304470476955,,FALSE
TTC31,turquoise,0.222289830767851,0.173791465829993,0.463764727983783,-0.33451782591542,0.407797298671019,FALSE
TTC38,turquoise,0.0113549539145781,0.945302726575173,0.201388849531009,0.143149249087319,0.511748491323367,FALSE
TTC9,green,0.265765557339291,0.101993548984592,0.465531480467098,-0.53613464027979,0.465531480467098,FALSE
TTI1,turquoise,-0.152783047049641,0.353120216384081,0.240699931850488,0.0087741597571867,0.311645304752653,FALSE
TTI2,red,-0.0769923819032805,0.641311257542642,0.0219432786076927,-0.00869678032510305,0.610315309820297,FALSE
TTLL12,turquoise,0.113427301109623,0.491748424866569,0.33993696233592,-0.396463804653274,0.555183454175217,FALSE
TTLL4,yellow,-0.0173044012055502,0.916726792436113,-0.285737269028687,0.0377958219459457,0.516331632813169,FALSE
TTLL5,grey,-0.115259735992168,0.484732076609379,0.0445652306747767,-0.168587037859049,,FALSE
TTPA,turquoise,0.123877553256805,0.452444292057797,0.328975969904826,-0.0541346171177566,0.510106219537402,FALSE
TTPAL,turquoise,0.243011572916058,0.136045725256278,0.583461372766607,-0.246640155457264,0.541542711185588,FALSE
TTR,blue,-0.327132534432533,0.0420741231340782,-0.397247812677263,0.562297407749239,0.345761641816277,FALSE
TUB,black,-0.180055086315847,0.272705257183216,-0.295031173743667,0.0264006480138263,0.546711916259489,FALSE
TUBA1A,tan,0.117703752461754,0.475455577993634,-0.0924451855535189,-0.107557554850846,0.757844418372981,FALSE
TUBA1B,brown,0.0778896650106347,0.637417940715543,0.274957077402388,-0.0994637620804633,0.35790450388794,FALSE
TUBA1C,brown,0.117963789096099,0.474474111858375,0.53002855426242,-0.210158458541882,0.455947954946462,FALSE
TUBA3C,turquoise,0.2591282176018,0.111171724646437,0.358648608010429,-0.349447056238828,0.587455029725408,FALSE
TUBA4A,brown,0.156264544687285,0.342125189304944,0.369197025378814,-0.017934856981779,0.613591851705508,FALSE
TUBB,cyan,-0.109633709490687,0.506438378270867,0.0767977607931344,0.288860451421518,0.65117249816302,FALSE
TUBB2A,grey,-0.0894814414032946,0.588012143976527,0.224934577997271,-0.213838478176579,,FALSE
TUBB4A,purple,-0.110294158782533,0.503865113660994,-0.343828237442947,0.0639304522167072,0.815915789764492,FALSE
TUBB4B,green,0.253566537431643,0.119332622970646,0.817900799037071,-0.527027238057894,0.817900799037071,TRUE
TUBB6,tan,-0.0528839678938325,0.749166240144195,-0.24936391358262,0.0676383192624952,0.790246793744585,FALSE
TUBG1,brown,0.226717757240963,0.165156436736003,0.767190340373033,-0.47731240190756,0.70437450867701,FALSE
TUBG2,grey,0.224121582853761,0.170180928229161,0.2396666634147,-0.483024661177394,,FALSE
TUBGCP2,turquoise,0.0946563435480368,0.566519094402073,0.654469269304625,-0.279772381217416,0.827350858077049,FALSE
TUBGCP4,blue,-0.400602868352894,0.0114975347257204,-0.54451405427165,0.465365297691734,0.628796571352381,FALSE
TUFM,turquoise,0.201446222911807,0.218788929109139,0.629352018498752,-0.285929649663842,0.896548636461,FALSE
TUG1,yellow,-0.162507086190865,0.32294305410578,-0.367137744017316,0.343465971692955,0.647155506655749,FALSE
TULP3,blue,-0.135297380592936,0.411516600209124,-0.118477415592841,0.085669549061586,0.386368846868838,FALSE
TULP4,grey,-0.013996128802978,0.932606390418537,0.345495810087491,-0.341859113379788,,FALSE
TUSC2,cyan,0.205750710396745,0.208897170288201,0.406773098405935,-0.17661371564135,0.579879191959075,FALSE
TUSC3,black,0.103828305032907,0.529339241420038,-0.00539823723876407,-0.314658991507721,0.610635558891782,FALSE
TUT4,blue,-0.296608804202545,0.066719132301279,-0.391237666845577,0.440371966684126,0.317036089012321,FALSE
TUT7,magenta,-0.506370418681563,0.00100496045718066,-0.749252705000674,0.761635038112981,0.761635038112981,FALSE
TWF1,blue,-0.0406575748406899,0.805878064016288,0.015758418883729,0.196684598906313,0.793832394445476,FALSE
TWF2,turquoise,0.200804956430045,0.220289708208207,0.347292348632999,-0.221486913901431,0.655700096559293,FALSE
TWNK,turquoise,0.330326700930945,0.0399928316726159,0.626318028630596,-0.56661591727332,0.653555123856072,FALSE
TXLNA,green,0.365608872240028,0.0220897186440059,0.854365051686905,-0.613471635949666,0.854365051686905,TRUE
TXN,blue,-0.0608445666515233,0.712908445716395,-0.236092756877501,0.409845428869773,0.357653911984966,FALSE
TXN2,pink,-0.305878348989656,0.0582608980451063,0.0488597882940714,0.144772832748161,0.324953329927368,FALSE
TXNDC15,blue,-0.288483404417399,0.0749051057280022,-0.186788211719522,0.422764731243371,0.742228718633286,FALSE
TXNDC9,blue,-0.114534253954037,0.487503693096708,-0.0719298903200914,0.220985206862237,0.712215600006649,FALSE
TXNIP,blue,0.0619039384661751,0.708127956484978,-0.0658562113110666,0.201489796862606,0.30653852391672,FALSE
TXNL1,pink,0.0244107414895984,0.882731855233362,0.0858947396907623,0.171040308797368,0.692918878093488,FALSE
TXNL4A,brown,0.228493997340448,0.161781047884323,0.710595425757042,-0.416575774232848,0.844524997817602,FALSE
TXNL4B,blue,-0.209752577104881,0.199983493618273,-0.023511883470899,0.0532157680897284,0.354595590947615,FALSE
TXNRD1,blue,0.00561373996791945,0.972943020158269,-0.0989201860721773,0.229336598214993,0.6418379261075,FALSE
TXNRD2,turquoise,0.0299891729057896,0.856187342717428,0.450047053537442,-0.214207727987895,0.755892577718733,FALSE
TXNRD3,blue,-0.370763810836415,0.0201476651162896,-0.357651539601024,0.358000268538436,0.473749311178222,FALSE
TYK2,turquoise,0.309003262660473,0.0556103057277994,0.523615966631252,-0.446240462602013,0.648442032801994,FALSE
TYMS,brown,0.218143014012071,0.182167166307911,0.250892869304518,-0.253117031861717,0.278394980232363,FALSE
TYRO3,black,-0.0704336199472891,0.670051963244674,-0.241802638097289,-0.0530009007219584,0.572331412987781,FALSE
TYROBP,greenyellow,0.22447321127395,0.169494051266958,0.437574402436093,-0.393264658451303,0.870980117067576,FALSE
TYW1,blue,0.056932711410861,0.730653562459257,-0.326979116564948,0.461595951878793,0.472997138458121,FALSE
TYW2,grey,0.0405180792303546,0.806531400312514,0.271828172600391,-0.316827259116302,,FALSE
U2AF2,lightcyan,0.338227764042192,0.0352024113145858,0.395285976407166,-0.455201027643034,0.810924356938467,FALSE
U2SURP,yellow,-0.384086955564,0.0157790697334377,-0.525507887181034,0.427277701386559,0.818449740573082,FALSE
UAP1,blue,-0.168428397038295,0.305382736997472,-0.129421296806218,0.402027321534155,0.428681263144798,FALSE
UAP1L1,turquoise,0.284458262177348,0.079241354585473,0.17598474385808,-0.221663917782747,0.265386830644687,FALSE
UBA1,brown,0.0767275577260791,0.642462147366638,0.602792904018239,-0.183282000327584,0.802440586206655,FALSE
UBA3,blue,-0.187872173283984,0.252075415695109,-0.254937430852535,0.373341471241619,0.856211909033708,FALSE
UBA5,blue,-0.334100938404456,0.0376422990436172,-0.268400195182659,0.39048854283409,0.679004978715656,FALSE
UBA52,cyan,-0.131410954678859,0.42520274281544,-0.14874615967539,0.216480599852116,0.615053885433471,FALSE
UBA7,green,0.312344207690259,0.0528839291025786,0.714967032953072,-0.541139932285795,0.714967032953072,FALSE
UBAC1,turquoise,0.228470656732683,0.161825075774752,0.491343521118992,-0.197537949355625,0.512463208583581,FALSE
UBAP1,blue,-0.0141659730221771,0.93179046486913,-0.0536749113638038,0.148818496679996,0.295988950846163,FALSE
UBAP2,red,-0.24203214823535,0.137680191945912,-0.0361854045752732,0.016357039135595,0.285263571493448,FALSE
UBAP2L,yellow,-0.0739999016584339,0.654363684067994,-0.337914804179393,0.0219553189546231,0.569901573599656,FALSE
UBB,purple,-0.164278495762609,0.317624848265963,-0.276133748251396,0.296489585458814,0.518463764119675,FALSE
UBC,blue,0.0946042538108523,0.566733627299935,0.227739918859163,-0.00716446755935889,0.223254897890176,FALSE
UBE2A,pink,-0.0376399614738065,0.820039517859888,0.102095807935995,0.0739464262337373,0.737811252100007,FALSE
UBE2B,blue,-0.117823533803878,0.47500335013572,-0.268912689973429,0.568396229393365,0.620029714913363,FALSE
UBE2C,purple,-0.217997753768943,0.182465673258959,-0.409360212489068,0.153615739416782,0.773474836007163,FALSE
UBE2D2,brown,0.00282641885018679,0.986375419439898,0.12595104500043,-0.0143954837954113,0.412346852106373,FALSE
UBE2D3,pink,0.156380387711733,0.341762990438803,0.0584362180932786,0.259224185826453,0.689213420094333,FALSE
UBE2D4,red,7.64157744450027e-05,0.999631625243008,-0.31754776388789,0.139206800224066,0.701879472372054,FALSE
UBE2E1,yellow,-0.255794500413446,0.116011058790374,-0.57846908101476,0.527028726396017,0.812093457105745,FALSE
UBE2G2,turquoise,0.149608527915652,0.363330219699009,0.557297847618646,-0.125001965258649,0.442316530271055,FALSE
UBE2H,red,-0.0592228772793418,0.720247367547543,0.0560315964902764,-0.00802340164868084,0.391621101668291,FALSE
UBE2I,brown,0.0607966890753536,0.713124753818551,0.534397801071862,-0.220485877203686,0.77069352288018,FALSE
UBE2J1,brown,0.307786368787982,0.0566308000170843,0.730125830570876,-0.384820346837495,0.769601335650085,FALSE
UBE2K,pink,-0.0534576925789784,0.746534196427363,0.323419447436038,-0.133772244941153,0.574075911776283,FALSE
UBE2L3,blue,0.00639161661267422,0.96919550539014,0.183109572512054,0.256097496938443,0.512604855266374,FALSE
UBE2L6,grey,-0.0884386412419942,0.592386573314751,-0.0978164230097759,0.208692166429872,,FALSE
UBE2M,turquoise,0.325137857448894,0.0434178090270096,0.37615785694237,-0.126903090197729,0.712856109950461,FALSE
UBE2N,blue,-0.273384074488458,0.0921842984238173,-0.391654277476007,0.441178171943511,0.827139214067645,FALSE
UBE2NL,red,-0.170685968797313,0.298850766236199,-0.353269120218382,0.148074550760344,0.760863016862906,FALSE
UBE2O,red,-0.00303171824651087,0.985385888680837,-0.0896595705851956,-0.0968455357954426,0.403951999859569,FALSE
UBE2Q1,blue,-0.0365210354199685,0.825305148152699,0.144446180204249,0.0985726312280879,0.477856981941827,FALSE
UBE2V2,blue,-0.25409066564667,0.118544873502788,-0.189573132474554,0.385020739436217,0.748217197772177,FALSE
UBE2Z,blue,-0.088568371855549,0.591841589092331,-0.129563635989121,0.178793573077885,0.735246046245891,FALSE
UBE3A,blue,-0.219745331134156,0.178897453716466,-0.422814399805042,0.474184438903806,0.716598329115164,FALSE
UBE3B,turquoise,0.107746300678694,0.513828513086148,0.394077408474064,-0.280455604111749,0.436773176523843,FALSE
UBE3C,turquoise,0.254274010165107,0.118270236946597,0.625806340333686,-0.329084742399272,0.612389674803242,FALSE
UBE4A,blue,-0.329597949140759,0.0404601496226983,-0.278412941487948,0.549942882970181,0.823168576672562,FALSE
UBE4B,red,-0.186942027057618,0.254473861085054,-0.0385079003887283,-0.173919753590492,0.534373041722255,FALSE
UBFD1,red,0.178889692732234,0.275872976475892,0.073064132408794,-0.0935697930363987,0.395814712019804,FALSE
UBIAD1,grey,-0.0449711831451933,0.785741189285851,0.129746525860408,0.0489031607232188,,FALSE
UBL3,blue,-0.29191213878512,0.0713598624314349,-0.503433604894202,0.552777111449666,0.805166376890971,FALSE
UBL4A,turquoise,0.280041428091454,0.0842221303953907,0.675557000736443,-0.557621260981519,0.768911994009084,FALSE
UBL5,brown,-0.00603030038447359,0.970936113707534,0.429462525183269,0.0223508974563901,0.531294489792694,FALSE
UBN1,yellow,-0.00276954019817342,0.98664957474367,-0.0624350490157661,-0.0151971169529723,0.456813213869287,FALSE
UBP1,blue,0.0491694833964836,0.766273595324152,0.0265701037753039,-0.0885764754564487,0.530892322837245,FALSE
UBQLN2,blue,-0.123650587616118,0.453279415074221,-0.0770903945073814,0.176305479860835,0.565341992666108,FALSE
UBQLN4,green,0.152247465810374,0.354830456864049,0.559665746596505,-0.392013628351238,0.559665746596505,FALSE
UBR2,magenta,-0.403543207121039,0.0108498437790071,-0.687377056537192,0.746075959368729,0.746075959368729,FALSE
UBR4,turquoise,-0.128056542173698,0.43721748500197,0.00154737636128198,0.360218128167238,0.423459066844047,FALSE
UBR5,yellow,-0.202389323946712,0.216594572259764,-0.447478141856709,0.407242866383827,0.815057124918807,FALSE
UBR7,blue,-0.228160492431913,0.162410968844455,-0.0685501306232628,0.226280186282445,0.639176101435782,FALSE
UBTD1,turquoise,0.102962219685583,0.532798474016074,0.157570977403597,-0.315495991531619,0.560662862279873,FALSE
UBTF,turquoise,0.336956241362874,0.0359399694439852,0.615911980512517,-0.487796535045417,0.837800264303358,FALSE
UBXN1,turquoise,0.196235643154776,0.231188448079812,0.554818268684654,-0.427977203676408,0.657289272275044,FALSE
UBXN2B,yellow,-0.201938676392344,0.217641212686257,-0.346733060992113,0.291856852781934,0.521038141424382,FALSE
UBXN4,brown,-0.11368397867522,0.49076247620972,0.314438763290432,-0.0234552263621349,0.324391411833071,FALSE
UBXN6,turquoise,0.23547347559183,0.149001138987256,0.638966957856218,-0.366189930099739,0.892478061843708,FALSE
UBXN7,lightgreen,-0.24080812571831,0.139743190814896,-0.450275543114235,0.269394979869119,0.529037395936726,FALSE
UBXN8,blue,-0.424302397832219,0.00710106070486853,-0.294505666196502,0.431667861682385,0.749406516920242,FALSE
UCHL3,pink,0.0486578955570453,0.768638542206631,0.327598787920772,0.085291012340979,0.750043692800696,FALSE
UCHL5,blue,-0.15329579894061,0.351487567644015,-0.00643784127778108,0.20833515048977,0.501313752460482,FALSE
UCK2,turquoise,0.135237027267883,0.411727200250018,0.438375571369057,-0.294978224515793,0.480364010467337,FALSE
UCKL1,turquoise,0.146795375420494,0.37252433468288,0.408780573573837,-0.249043807396355,0.740348413153466,FALSE
UCP2,lightyellow,0.0340638113276078,0.836894940135526,-0.102138151310815,-0.0256025032364388,0.80150876070404,FALSE
UCP3,turquoise,0.236867358456935,0.146539956945888,0.326088886455508,-0.298709184320226,0.368508236574581,FALSE
UFC1,blue,-0.213788870410071,0.191266367891083,-0.292968351163721,0.464627685987171,0.818927018880534,FALSE
UFD1,darkturquoise,0.00305226676345821,0.985286847226053,0.347483066335905,-0.0182229592545545,0.577174596327099,FALSE
UFM1,blue,-0.225264024729231,0.167956549181078,-0.247172519455155,0.466748484277881,0.905530298009524,FALSE
UFSP2,brown,0.0385064336406315,0.815967252341947,0.444451455105445,-0.124496912015951,0.529141937683121,FALSE
UGCG,cyan,-0.0144008879199188,0.930662055537229,0.175009862638801,0.0383444784471931,0.813565658427731,FALSE
UGDH,blue,-0.0866644518006062,0.59986178803634,-0.173823633462706,0.388700226748602,0.555868225386277,FALSE
UGGT1,red,-0.220464277293787,0.177444045370583,0.187777764298281,-0.285241581508449,0.662798524493203,FALSE
UGGT2,blue,-0.365634501747979,0.0220796903986415,-0.403201572618387,0.481706478990759,0.468190200892179,FALSE
UGP2,pink,0.144191449150276,0.38115659402939,0.318946690982187,0.00280018743673418,0.452218665621773,FALSE
UGT2B4,darkturquoise,-0.178650320721512,0.27652659314296,-0.122002907110709,0.309378363309624,0.401815590085004,FALSE
UIMC1,grey,-0.109436855353216,0.507206647562269,-0.0661026031764669,0.178577341184125,,FALSE
ULK1,turquoise,0.450679288729517,0.00398658340738249,0.633432851836162,-0.535459209371928,0.863079695660402,FALSE
ULK2,red,-0.0195382422005455,0.906022043734993,0.0472599852356114,-0.115534617267755,0.653498582327592,FALSE
UMPS,blue,-0.0719416635305551,0.663400664163567,0.257139488735122,0.157201600303573,0.26703600359541,FALSE
UNC119,green,0.103960790114212,0.528811050149659,0.434339224129704,-0.505186511817887,0.434339224129704,FALSE
UNC119B,grey,0.224237101760179,0.169955051397135,0.305464804825666,-0.22280311386766,,FALSE
UNC13B,blue,-0.11759789079294,0.475855441314813,0.264949917147108,-0.106239382292562,0.477485006254242,FALSE
UNC45A,turquoise,0.129159314166268,0.433247082777602,0.543413339599588,-0.554579108508242,0.43949508695537,FALSE
UNC50,blue,-0.0413586287081423,0.802596610269615,-0.00629014959657444,0.245626592691596,0.560467852911668,FALSE
UNC5B,black,0.161205356338329,0.326886433712321,0.142400021545656,-0.536786740919163,0.665779283756272,FALSE
UNC93A,grey,0.162655746428113,0.322494612220921,0.136967916400251,-0.166011061843219,,FALSE
UNC93B1,brown,0.287271760889099,0.0761903789369509,0.613142164509915,-0.426092095835686,0.781725363711297,FALSE
UNG,blue,-0.168026451021258,0.306555160417243,0.0982796802146388,0.234226680468618,0.473939573706661,FALSE
UNKL,lightcyan,0.301214862913816,0.0624026022093941,-0.00791922264115646,0.0189886472389039,0.534473549405227,FALSE
UPB1,grey,-0.0230413372319016,0.889268544571718,0.12847681437842,0.16288142580943,,FALSE
UPF1,turquoise,0.346440607586939,0.0307312788658287,0.735446870272002,-0.442375156528999,0.8914469822793,FALSE
UPF2,blue,-0.334486265409333,0.0374088005986947,-0.205026836736106,0.243291266177171,0.657184097153355,FALSE
UPF3A,grey,-0.105754005071055,0.521687264128096,-0.128920077070176,0.130093552630549,,FALSE
UPF3B,yellow,-0.270913111588255,0.0952827154254122,-0.438977725188239,0.231788318654157,0.597983775709665,FALSE
UPK1B,black,-0.213205851665426,0.192508656098836,-0.0791811507762483,-0.0739710553895498,0.566514929891871,FALSE
UPK2,purple,-0.124277311544771,0.450975405301634,-0.215083164696484,0.0478621746198789,0.402501306742534,FALSE
UPK3B,midnightblue,-0.0595914041169957,0.718577408063252,0.0591028027836034,-0.0884175300951662,0.537165766050128,FALSE
UPP1,turquoise,0.356322791648658,0.0259818247570734,0.455618540279469,-0.236118007720332,0.696053086291877,FALSE
UQCC1,blue,-0.144299332367988,0.380796630854094,-0.141206292920459,0.303222653035769,0.592044345367349,FALSE
UQCR10,blue,-0.170693309229203,0.2988296746799,-0.078398517089957,0.384719945879278,0.616459273961228,FALSE
UQCR11,brown,0.070295015111905,0.670664542611204,0.399762783792213,-0.0921678089252344,0.560426236529125,FALSE
UQCRB,blue,-0.115681388978982,0.483124972331272,-0.445454366855165,0.56589973125225,0.641710872031106,FALSE
UQCRC1,brown,0.119082511660676,0.470263871679701,0.556561292401278,-0.173473541381366,0.823840674857552,FALSE
UQCRC2,blue,-0.205294709581381,0.209930093421483,-0.0795280257653194,0.475612906240623,0.647693598801319,FALSE
UQCRFS1,green,0.165403116217948,0.314277198473006,0.695208186312053,-0.368136091431214,0.695208186312053,FALSE
UQCRH,blue,-0.179189848346182,0.275054816240195,-0.339857540405798,0.529110385192817,0.640988609646884,FALSE
UQCRQ,turquoise,0.179770312862769,0.273477103263164,0.461346154875962,-0.260625750300346,0.68722211504412,FALSE
URB1,red,0.0363542817460283,0.826090537129707,0.0396703939832805,-0.125291624933142,0.68838134950324,FALSE
URB2,red,-0.0113832002926789,0.945166867955541,0.188075302317875,-0.0867749688839723,0.567438058303469,FALSE
URI1,pink,0.0476119798424549,0.773479966321706,0.0128582575261778,0.225488418624029,0.487038903978352,FALSE
URM1,brown,0.0191015022979763,0.908113709403752,0.527556006736536,-0.205663577328631,0.642518767377421,FALSE
UROD,turquoise,0.0973070818287912,0.555651591699892,0.561943584754548,-0.0787648847870183,0.550786355508478,FALSE
UROS,brown,-0.026848334185775,0.871115487906621,0.452440861819162,-0.0922496285230803,0.778359656406311,FALSE
USB1,greenyellow,0.234353240778428,0.151000959831263,0.515569232624319,-0.586879102580188,0.684932592550978,FALSE
USE1,brown,0.044551703870033,0.787693614557151,0.55208810181925,-0.248548488510283,0.773792372671369,FALSE
USF2,lightcyan,0.220743181996537,0.176882492684588,0.353586445773416,-0.528116652530049,0.73993863331808,FALSE
USH1C,blue,-0.166825333021786,0.310075676816551,-0.54576590440597,0.210305080321416,0.344236241392463,FALSE
USO1,blue,0.102541180116365,0.534484100513457,0.533292112444332,-0.0317847181316814,0.335929585195811,FALSE
USP1,blue,-0.0102175899995773,0.950774413071269,-0.0969712959959259,0.185028379842843,0.665364935366854,FALSE
USP10,pink,-0.0844349935693623,0.60931274076515,0.145894687661796,0.123809725307977,0.667878413910183,FALSE
USP11,brown,0.172670519054419,0.293183167893032,0.304444683074132,-0.137171117197802,0.619097241905525,FALSE
USP12,blue,-0.197127587200649,0.229032663634333,-0.274582365656385,0.519819091665859,0.362003593154329,FALSE
USP13,grey,-0.0590066371974801,0.721227844442533,-0.106569574893243,0.11675917357543,,FALSE
USP14,blue,-0.00716604786308617,0.965465236880436,0.0322728204675202,0.24279707789806,0.701959593737196,FALSE
USP15,blue,-0.238110142441526,0.144370829716819,-0.493079428523159,0.631226761249736,0.645345490368114,FALSE
USP16,blue,-0.275746584463277,0.0892949885459318,-0.301821487532947,0.477449994045672,0.908275454239852,FALSE
USP18,grey,0.0894832375256387,0.588004621813808,0.34384793996849,-0.299616272016842,,FALSE
USP19,turquoise,0.250668883872521,0.123758837785284,0.520850830665,-0.396445388943883,0.824445332987109,FALSE
USP2,purple,0.0613829365165861,0.710477649474236,-0.00490858800579985,-0.118291287185649,0.505507162684398,FALSE
USP20,turquoise,0.187598061779365,0.252780654886413,0.530810030897515,-0.500241114768603,0.826327395314167,FALSE
USP21,turquoise,0.242510585862131,0.136879970119095,0.162968518832772,-0.253215057457988,0.492398276075981,FALSE
USP22,green,0.312905862431632,0.0524362892476782,0.766413848072497,-0.547914059926399,0.766413848072497,FALSE
USP25,lightgreen,-0.290452823965071,0.0728522962010288,-0.596176087392143,0.426895162222118,0.756300983125805,FALSE
USP3,yellow,-0.325785893111492,0.0429775106294255,-0.557223617537987,0.389429600612852,0.791668010780998,FALSE
USP32,turquoise,0.0420232643506225,0.799488698830176,0.17780871212244,-0.0726956677401508,0.361565619299632,FALSE
USP33,blue,-0.432804724257037,0.00592408952620143,-0.245818936468865,0.266901189923973,0.519260721202052,FALSE
USP34,cyan,-0.0781289996652758,0.63638107929259,0.0018007216697319,0.316835653978708,0.619978351198078,FALSE
USP39,blue,-0.0245940215164495,0.881857560770412,-0.016970328310053,-0.0373274030007867,0.456114093864173,FALSE
USP4,blue,-0.171820367391791,0.295602556359971,-0.227205883269274,0.184607247004864,0.605301644640685,FALSE
USP46,yellow,0.108557955623534,0.510643905464418,-0.0642919190155733,-0.0521101610219882,0.291651637130513,FALSE
USP47,blue,-0.263685635380307,0.104805184401427,-0.200343919705464,0.37772790212924,0.425103008647608,FALSE
USP48,yellow,-0.105031397223657,0.52455221607731,-0.290170438683195,0.376652359851427,0.721105553184522,FALSE
USP5,brown,0.187958438871358,0.251853742337614,0.738146588183565,-0.40784822175659,0.771985372375137,FALSE
USP7,brown,0.221860186263877,0.17464621556052,0.763967808491747,-0.39425768772413,0.770612389000738,FALSE
USP8,blue,-0.191155906992935,0.243729190253514,-0.292149496155215,0.485518478098608,0.78765548567951,FALSE
USP9X,yellow,-0.20245170579912,0.216449962938697,-0.394251054061185,0.516413476500333,0.766333691268372,FALSE
USPL1,yellow,-0.353115290890989,0.0274516579924114,-0.679857193289696,0.613295685795169,0.830300259761953,FALSE
UTP11,blue,-0.143839881267024,0.38233102452965,-0.124616891554927,0.233170047284741,0.716443379633833,FALSE
UTP18,pink,-0.0323553920577975,0.844973107962329,0.0194167757074575,0.205346116049022,0.734153054810658,FALSE
UTP20,red,-0.250291521654129,0.124344185797146,-0.293972704585596,0.112107115804659,0.825282111053505,FALSE
UTP25,red,-0.3177105163021,0.0487298372712112,-0.442944107564971,0.310174818889792,0.733665456804694,FALSE
UTP3,blue,0.220977932717951,0.176410825399502,0.296245815980362,-0.104998139941222,0.172916236374518,FALSE
UTP6,yellow,-0.23643293649014,0.14730379651241,-0.177796571837351,0.348741022020258,0.489977030619633,FALSE
UTRN,black,-0.131780362424154,0.42389101163142,-0.396821266010363,-0.00708943032058773,0.559909265867032,FALSE
UTY,turquoise,-0.119477407756564,0.468782444664139,0.0376710437310658,-0.0671767615245169,0.375161599130574,FALSE
UVRAG,blue,-0.0976462587754778,0.554268109810658,-0.125088805528732,0.334721025748538,0.481636067075115,FALSE
UXS1,blue,-0.158623379996998,0.334796398060449,-0.0341037064219328,0.080880148628791,0.686729429296179,FALSE
UXT,brown,-0.0740506352238925,0.654141536865481,0.271341790156572,0.0421992526756536,0.605397629206622,FALSE
VAC14,brown,0.126564590065472,0.442620905372047,0.722981984352658,-0.394262223331501,0.757132467988641,FALSE
VAMP1,tan,-0.171511966706012,0.296483371485951,-0.204907866832336,0.0366174697938749,0.404259003053864,FALSE
VAMP2,black,-0.134517749452031,0.414241800798602,0.0214867041269174,-0.217695668949311,0.454839846641673,FALSE
VAMP3,blue,-0.24738793813417,0.128917551386654,-0.199824978283867,0.455926556937101,0.627119671496261,FALSE
VAMP4,blue,-0.364823305796585,0.022398940028817,-0.572974513183767,0.559590195216972,0.799341521340826,FALSE
VAMP5,turquoise,0.189473570807619,0.247981607576788,0.457393940811745,-0.464198460779482,0.702644658062171,FALSE
VAMP7,blue,-0.23144098921355,0.156291484361848,-0.22771268651738,0.355848634679236,0.677334666264734,FALSE
VAMP8,blue,0.071204235629991,0.666649987014721,0.262749870072901,0.0897506178692015,0.438655788329805,FALSE
VAPA,blue,-0.0396929713320855,0.810398477681502,-0.213378278492089,0.384690718598706,0.714722429094904,FALSE
VAPB,pink,-0.0478103610405661,0.772561026716268,0.348884529380016,0.109071831474315,0.577718756796757,FALSE
VARS1,grey,0.183075842524332,0.264605842096166,0.288813775217097,-0.310783057801017,,FALSE
VASH1,midnightblue,0.200199624109019,0.221712871095446,0.218097964283753,-0.353320396744104,0.740837449013495,FALSE
VASP,turquoise,0.399220267898926,0.0118132813134889,0.659607122387967,-0.553578412821078,0.507632826629331,FALSE
VAT1,blue,-0.129949653473297,0.430413904843129,-0.273262530949299,0.141690160187,0.556785431519407,FALSE
VAV1,greenyellow,0.118588597465615,0.472120242393079,0.546288472802021,-0.29903563671497,0.807983104487771,FALSE
VAV2,green,0.437024045951229,0.0054054126939216,0.796296255957972,-0.658717896597567,0.796296255957972,FALSE
VAV3,blue,-0.00850570993082573,0.9590141288732,-0.116754544981045,-0.0955994749866538,0.34005460882872,FALSE
VAX2,turquoise,0.386157551754354,0.0151778090026623,0.0928940393680327,-0.282826505561385,0.317764003359943,FALSE
VBP1,blue,-0.320516238896636,0.0466648707508622,-0.272807669714692,0.443405590885436,0.830235723239415,FALSE
VCAM1,tan,-0.28380175726813,0.0799667930271028,-0.369961318286337,0.273063190550857,0.589121706586058,FALSE
VCAN,grey60,0.321958938658685,0.0456308857019824,-0.121195105414943,-0.0823333850788866,0.661215584611084,FALSE
VCL,blue,-0.0296376123435527,0.857855928814102,-0.165651606227388,0.0439337410934825,0.589255598085178,FALSE
VCP,brown,0.244326205351321,0.133874497753261,0.815423328020245,-0.450721178010716,0.851199999635036,FALSE
VDAC1,brown,0.135707709297384,0.410086403551261,0.333642749792553,0.100492950501724,0.4823865344756,FALSE
VDAC2,blue,-0.144495567678787,0.380142385476996,-0.122807984972399,0.326461762400752,0.524499657087673,FALSE
VDAC3,yellow,-0.196391761555072,0.230810123399279,-0.412477857492599,0.40969956494637,0.722270358979703,FALSE
VEGFA,grey,0.143264429385966,0.384257934898655,-0.123092878349396,0.169922558096806,,FALSE
VEGFB,turquoise,0.329273557264521,0.0406695910785437,0.264629879353926,-0.22928796487983,0.544230508250376,FALSE
VEGFC,black,-0.15616051703243,0.342450646348064,-0.396308052300655,0.151397195342396,0.621145261912804,FALSE
VENTX,black,-0.111494392757766,0.499205717930415,-0.216579353555081,-0.00474742505321548,0.378533862654492,FALSE
VEZF1,blue,0.0215845547603313,0.896230246598888,-0.0261965889794749,0.0376757118285689,0.327071263189878,FALSE
VGF,lightcyan,0.101768182190548,0.537585489224563,0.242159061221642,-0.374535832770395,0.822499238850977,FALSE
VGLL4,turquoise,0.325852180393995,0.0429326774066435,0.518528702107322,-0.365802380131922,0.690214326288761,FALSE
VIL1,blue,-0.415208375378097,0.0085773760721996,-0.557526204889409,0.523477741786956,0.34275515949382,FALSE
VIM,salmon,0.272701135351859,0.093032790109211,0.28868951967886,-0.310172855061532,0.869409190485195,FALSE
VIPAS39,blue,-0.352564394375112,0.0277108940721037,-0.247297719485266,0.0887167138420027,0.421929556268875,FALSE
VIPR1,tan,-0.171747645928873,0.295810102707837,-0.198587421203699,0.0372293781781499,0.492201163597132,FALSE
VIPR2,black,-0.335958537776975,0.0365274987229741,-0.377090195061618,0.207198733054722,0.526210319500136,FALSE
VKORC1,green,0.2388606204496,0.143072440293496,0.677905717885482,-0.398249541540919,0.677905717885482,FALSE
VNN1,blue,0.166829372417226,0.310063794494526,0.2351189328772,0.0728077257381383,0.420680088731739,FALSE
VNN2,grey60,-0.0746618667657415,0.651467448798875,-0.139512024378139,-0.227866743876912,0.639513829335703,FALSE
VNN3P,grey,0.0237226374075639,0.886015509103242,0.101663122142104,-0.0367139046333174,,FALSE
VOPP1,greenyellow,0.265214472942362,0.10273283544599,0.441030512758693,-0.441856226674965,0.633000195596372,FALSE
VPS11,grey,-0.129338797419062,0.432602772055246,-0.126179352486843,0.0986918397912896,,FALSE
VPS13A,yellow,-0.489791505962849,0.00155185574406357,-0.624588571457041,0.510633577395441,0.836539092931055,FALSE
VPS13B,yellow,-0.27032994115177,0.0960254999785801,-0.491405512868063,0.452405981105196,0.874989863388216,FALSE
VPS13C,yellow,-0.224441159342103,0.169556579371623,-0.378589575014106,0.34920477682098,0.79612660730035,FALSE
VPS13D,turquoise,0.273906150329299,0.091539693740613,0.654357209258687,-0.531512348859474,0.646896021998775,FALSE
VPS26A,blue,-0.0872029226416947,0.597588717738113,-0.0144103811641387,0.298202872348763,0.71066367802889,FALSE
VPS26C,blue,-0.0409000263331261,0.804742836813291,0.24284445689797,-0.0479192046046301,0.430126798437466,FALSE
VPS28,brown,0.0559528507540132,0.735120599038653,0.530748959222014,-0.214068599490582,0.789480995145279,FALSE
VPS33B,red,-0.0654293285198658,0.692299527296521,0.194440116855041,-0.323270695992271,0.398317167431821,FALSE
VPS35,blue,-0.370502849048138,0.0202424244472637,-0.32642593151402,0.392178829978241,0.851278784177927,FALSE
VPS35L,pink,-0.004571654177846,0.977964278059556,0.158314921010716,0.0414422071998773,0.473701628391621,FALSE
VPS37B,turquoise,0.204886516730356,0.21085772507748,0.478226341002213,-0.386582305636521,0.822590082026662,FALSE
VPS37C,turquoise,0.101053345429838,0.540461216985696,0.255223836522405,-0.296075130263151,0.247541033683538,FALSE
VPS39,turquoise,0.0122591518973848,0.940954518763053,0.18643014763002,-0.186170095031501,0.497312766406007,FALSE
VPS41,brown,0.229809334203108,0.159313889540666,0.430103714497328,-0.258980549912018,0.540471846741685,FALSE
VPS45,red,-0.174007114290484,0.289405280503553,-0.145414132129173,0.1018690021398,0.720711591528542,FALSE
VPS4A,brown,0.248077372988071,0.127820464278061,0.632756565359001,-0.262006786457919,0.765616752113918,FALSE
VPS4B,blue,-0.278466248063386,0.0860560224988649,-0.333581839305134,0.401981338138357,0.821477495576936,FALSE
VPS51,turquoise,0.162031404607323,0.324380591923536,0.393057835934944,-0.243273362077864,0.785527992157317,FALSE
VPS52,yellow,-0.406316663243571,0.0102676621268346,-0.470689042716225,0.235154257714118,0.617997247643434,FALSE
VPS54,blue,-0.100170796586372,0.544021778431116,-0.200568965613548,0.421985956490735,0.520282963453604,FALSE
VPS72,brown,0.126838528348989,0.4416260448041,0.24469378098545,-0.144243555326147,0.509349155648185,FALSE
VPS8,blue,-0.232215365338887,0.154871746925864,0.131506669515245,-0.005225350927931,0.402755506067878,FALSE
VPS9D1,turquoise,0.308343459777668,0.0561617816002082,0.578409218912104,-0.508609479937113,0.838496477279588,FALSE
VRK2,blue,-0.30672169404982,0.057535846089925,-0.33439482119337,0.388107036309822,0.621430683680389,FALSE
VRK3,brown,0.0611305051626492,0.711617053554785,0.590486153042089,-0.305108456698176,0.653573693749251,FALSE
VSIG4,lightyellow,-0.093960315009517,0.5693887849178,-0.0405081195919702,0.139790065652179,0.778686199188581,FALSE
VSNL1,yellow,-0.390440984373475,0.013995170696978,-0.700845461828444,0.589569240597813,0.575580253386921,FALSE
VSTM4,turquoise,-0.152116964262781,0.355247938225296,-0.0195569111076321,0.04912212554952,0.304965266967457,FALSE
VTCN1,red,0.0835924576725577,0.61290080741419,-0.10648561967258,-0.145534292924394,0.461667598614799,FALSE
VTI1B,brown,0.274596975468063,0.0906920799484621,0.551240951575405,-0.0592500994413662,0.698409890482812,FALSE
VTN,brown,0.274748944179478,0.0905064353623543,0.660716298963177,-0.468420353501901,0.795387017942581,FALSE
VWA1,turquoise,0.203825234011072,0.213282815593089,0.399315397176194,-0.364712746143083,0.661619510705432,FALSE
VWA5A,blue,-0.229722186317818,0.159476502452292,-0.233225627114926,0.0995761772934466,0.47142413029323,FALSE
VWA7,turquoise,0.264655418763053,0.103486981564416,0.0910814717620659,-0.16293654149715,0.295574119225875,FALSE
VWA8,yellow,-0.309324560480026,0.0553433292229174,-0.619545955168703,0.658208577556365,0.828131277337192,FALSE
VWF,tan,-0.0227537376634027,0.8906422994657,-0.120185387755009,-0.0528061301027663,0.529283076575326,FALSE
WAC,yellow,-0.257669479843359,0.11327012539229,-0.468465744289791,0.462303895437517,0.789026235574737,FALSE
WAPL,blue,0.0148176871049494,0.928660298672638,0.0238369358307009,0.362216781806885,0.641096220633952,FALSE
WARS1,greenyellow,0.104405668157581,0.527039295351051,0.385456105758032,-0.131617022698048,0.413336467796252,FALSE
WAS,grey60,0.139800980516009,0.395975168677192,-0.127457026466102,-0.184035252414567,0.713567703555216,FALSE
WASF2,salmon,-0.0370974339606318,0.822591678623671,0.0623925596413207,-0.0525026641179823,0.62421256750959,FALSE
WASF3,blue,-0.288679580672149,0.0746986144558399,-0.259297181513571,0.205862215610913,0.329613321614985,FALSE
WASHC3,blue,-0.341348362598204,0.0334446550384729,-0.30660029218655,0.539072706672133,0.83571011424993,FALSE
WASHC4,blue,-0.280101702861151,0.08415256311441,-0.190924141688487,0.450266550318381,0.792234042574942,FALSE
WASHC5,blue,-0.294759332541211,0.0685172814563466,-0.221957599573948,0.296525139300037,0.65951197510124,FALSE
WASL,magenta,-0.302850650078109,0.0609240569708076,-0.284486694859643,0.498467832641932,0.498467832641932,FALSE
WBP11,blue,0.015431558653128,0.925712856043861,0.0561231504118878,0.115768978288325,0.49751054674492,FALSE
WBP1L,darkred,-0.181295433059714,0.269360116454764,-0.012361451766951,0.314415816295426,0.820199704199609,FALSE
WBP2,brown,-0.0225503288509273,0.891614097119538,0.322986020249471,0.023981049536044,0.426275721672427,FALSE
WDFY3,yellow,-0.434001998307951,0.00577271595471309,-0.66721060218147,0.396111559706199,0.760278986271746,FALSE
WDR1,brown,0.281806319922392,0.0822035446921191,0.64439490324839,-0.323310461186006,0.643890899742063,FALSE
WDR11,blue,-0.129915484955517,0.430536177170707,-0.26466458362688,0.471812184459828,0.773770411984421,FALSE
WDR12,blue,-0.101984478673148,0.536716801412019,-0.241392734383827,0.26714871751617,0.542992174355107,FALSE
WDR13,turquoise,0.223584701906543,0.171233535053781,0.617896458095574,-0.410126608885793,0.881211067744834,FALSE
WDR18,brown,0.238885455159545,0.143029621508465,0.546274335116433,-0.256019670814608,0.788968795690867,FALSE
WDR19,magenta,-0.491368182574732,0.00149042043490693,-0.679447179738103,0.687276737626121,0.687276737626121,FALSE
WDR25,turquoise,0.397297052648924,0.0122647246023372,0.664007616390608,-0.353936673877782,0.754887165795934,FALSE
WDR26,blue,-0.207611947802192,0.204717765715378,-0.314310917718161,0.4226220548111,0.711839341881004,FALSE
WDR3,blue,-0.173128366483423,0.291885505333594,-0.150107463937349,0.418498398930351,0.778132926829458,FALSE
WDR37,grey,-0.107889078322317,0.513267593795269,-0.090232987307262,0.166982979280439,,FALSE
WDR4,turquoise,0.285839216271941,0.0777321519318717,0.47484819265542,-0.399952685631985,0.70359177069928,FALSE
WDR41,blue,-0.0760783763209124,0.645286880869362,-0.193654337835376,0.235280912215913,0.636534509432631,FALSE
WDR44,blue,-0.292706813378708,0.070557315368549,-0.213391942548366,0.147070522491627,0.597790854095025,FALSE
WDR45,brown,0.187976686103441,0.251806869833072,0.473329972899338,-0.15484176243685,0.734491474014994,FALSE
WDR45B,pink,0.303016107463275,0.060776067178208,0.637673478479712,-0.323074848458987,0.712705822337473,FALSE
WDR46,turquoise,0.245837760707323,0.131409916977539,0.750706079788533,-0.431328998711463,0.771088980037782,FALSE
WDR48,grey,-0.0548307189481825,0.740246792525271,0.174667539174836,-0.101854115322623,,FALSE
WDR55,brown,0.214701590504841,0.189332931638686,0.501764300007472,-0.299799032623952,0.697555527065282,FALSE
WDR59,magenta,-0.226414487056706,0.165737782292775,-0.299305306174198,0.372147414271917,0.372147414271917,FALSE
WDR5B,blue,-0.196628662958634,0.230236841807887,-0.33555415414673,0.276985231221657,0.536761127267624,FALSE
WDR6,turquoise,0.132085645776721,0.422808694862437,0.522296567847396,-0.407250448448937,0.702152804094036,FALSE
WDR62,turquoise,0.303947397292039,0.0599484136090953,0.577374710617547,-0.321625977154091,0.730185735611719,FALSE
WDR7,blue,-0.088120288041966,0.593724875000881,0.234534783923831,0.0845029966624923,0.469679927352471,FALSE
WDR70,blue,-0.250893802972803,0.123410935041595,-0.453152034997691,0.374262038969225,0.576658182852296,FALSE
WDR73,turquoise,0.0299676650784847,0.85628940611635,0.328288638373566,-0.398848933700598,0.495701573485697,FALSE
WDR74,brown,0.122012107818092,0.459332902579204,0.287273987878087,-0.0237907959343556,0.722023079389725,FALSE
WDR76,brown,-0.013732900788859,0.93387106224519,0.496558216232918,-0.363689739913956,0.504013677521319,FALSE
WDR77,red,0.214411866636005,0.189945158183921,0.16664557041995,-0.0689049568753016,0.269672489883594,FALSE
WDR82,blue,-0.109943861362669,0.505229129637852,-0.188575176300058,0.244539856530885,0.68982213302954,FALSE
WDR83OS,turquoise,-0.0135961938384888,0.934527930403176,0.254166686193883,-0.0132983926440538,0.363186441396527,FALSE
WDR91,turquoise,0.360939765026824,0.0239810949870953,0.531880498288633,-0.520538778393101,0.618354578657343,FALSE
WDTC1,turquoise,0.0983076460480534,0.551575009553022,0.403167192691196,-0.535854735129046,0.260081127517947,FALSE
WEE1,blue,-0.195449975231199,0.233098782132464,-0.137396941498855,0.255761311709067,0.390249062697756,FALSE
WFDC1,blue,0.0342404537412389,0.83606062124128,-0.131895205475581,-0.133711343261516,0.308328289735337,FALSE
WFDC2,turquoise,0.295826008107535,0.0674756044077904,0.19052139338201,-0.400890998120521,0.335242703177086,FALSE
WFS1,green,0.211789446832728,0.195550370098439,0.726591346365162,-0.641712835467225,0.726591346365162,FALSE
WHR1,turquoise,0.262041385602901,0.107069322961397,0.534425054319514,-0.62557743443343,0.402973167124419,FALSE
WHRN,grey,0.26559713909729,0.10221905205554,0.11388606011745,-0.250712336132107,,FALSE
WIPF1,black,-0.114469223079624,0.487752535596443,-0.318596255974918,-0.177321468329208,0.729580873985099,FALSE
WIPF2,blue,-0.437155470883769,0.0053899088997551,-0.455124066512294,0.403442680640979,0.663617430360011,FALSE
WIPI2,turquoise,0.128502090787306,0.435610926652478,0.38090745326698,-0.185227684655193,0.642839291224372,FALSE
WIZ,turquoise,0.316605602923672,0.0495629501120332,0.573965711967681,-0.479970884088143,0.693855214864089,FALSE
WLS,greenyellow,-0.199047104507712,0.224439924029387,-0.167511749070943,0.136718601586499,0.52614840007225,FALSE
WNK1,green,-0.169080962456686,0.303485371551641,0.0817723604684231,0.0805010272084414,0.0817723604684231,FALSE
WNT10B,yellow,-0.207138956274344,0.205774298176319,-0.538434588094448,0.199408414737452,0.542855975761988,FALSE
WNT11,turquoise,0.320720582060946,0.0465172791391216,0.342756808369015,-0.473518069706009,0.298092816535541,FALSE
WNT16,red,-0.157353878947057,0.338728539733898,-0.204317867133682,0.00426013338520606,0.426342032747552,FALSE
WNT2,red,-0.251175664148637,0.122975988909496,-0.334714193195121,0.197771968793717,0.665425788627373,FALSE
WNT2B,grey,0.0979648067189465,0.552970245840383,0.155101614721627,-0.166807759888765,,FALSE
WNT5A,grey,-0.274071866115596,0.091335813039608,-0.197512948318627,0.0349309769026465,,FALSE
WNT5B,grey,-0.0905463502353355,0.583559810642653,-0.0726218037980505,0.0725085348781231,,FALSE
WNT6,purple,-0.00454027534790192,0.978115489916447,-0.338890263095982,-0.130710291129521,0.649831910970306,FALSE
WRAP53,turquoise,0.0686300310122646,0.678039434378021,0.195549667335983,-0.364429206981916,0.504561684248219,FALSE
WRAP73,turquoise,0.312284209687883,0.0529319280369004,0.561164409332418,-0.37938545176079,0.598921859068717,FALSE
WRNIP1,red,-0.133466135756901,0.417933880646535,-0.036251895517429,-0.25328175001367,0.64613080437813,FALSE
WSB1,blue,-0.129468752873851,0.432136588849661,-0.224366329373271,0.244334478949543,0.292596157631756,FALSE
WSB2,blue,-0.0399694452751125,0.809102213236597,-0.224235500417077,0.221700290904942,0.76504273810061,FALSE
WT1,black,-0.156951752760729,0.339979983787703,-0.30552799755357,0.111749307524851,0.593759698019978,FALSE
WTAP,grey,0.19727241912265,0.228683911072242,-0.029247934632644,0.0616253256251459,,FALSE
WWC1,green,0.323772165374227,0.0443576718799683,0.808661822884531,-0.748777695697837,0.808661822884531,TRUE
WWC2,turquoise,-0.0801720369041618,0.627558048641187,0.193720940621308,-0.0652836949728385,0.488186111603842,FALSE
WWC3,yellow,-0.0411461423208656,0.803590854992456,-0.283095677880086,0.235566635681306,0.50968325475053,FALSE
WWOX,grey,-0.259821648201484,0.110184597878363,-0.320109453197441,0.26143704206842,,FALSE
WWP1,blue,-0.102065965051916,0.536389712254172,-0.167221378054287,0.32535514626582,0.468812476099104,FALSE
WWP2,red,0.191315355437061,0.243328718737844,0.218793875481944,-0.42051868287578,0.552864624136971,FALSE
WWTR1,black,-0.048222126871416,0.770654625853643,-0.372016980540873,0.0427592669398733,0.789009045721567,FALSE
XAB2,turquoise,0.0253573921858632,0.87821757557076,0.307856515512837,-0.122810208760067,0.642648609028056,FALSE
XBP1,green,0.405088772619429,0.0105220370709513,0.657680905155168,-0.325742293856349,0.657680905155168,FALSE
XCL1,grey60,0.0955134814962298,0.562994325195256,-0.114363704681912,0.00745327003138721,0.771666953402606,FALSE
XDH,grey,-0.0623173893611369,0.706265206253109,-0.0220315171867911,0.254737923585809,,FALSE
XKR8,red,-0.0227379489759375,0.89071772523553,0.107743228709734,-0.0427258024501267,0.433781070433777,FALSE
XPA,blue,-0.133829932470597,0.416654540072369,-0.0725370267625503,0.210722150791948,0.582064079793407,FALSE
XPC,turquoise,-0.186843992194517,0.25472753427762,-0.0604496885444999,0.154425658511925,0.339323106334496,FALSE
XPNPEP1,blue,-0.0114031887862797,0.945070728795713,-0.219431608017515,0.230213676800963,0.608753529966488,FALSE
XPNPEP2,grey,-0.0825345416565517,0.617418723555675,-0.0148469868968981,-0.0437874785779244,,FALSE
XPNPEP3,cyan,-0.149067309144922,0.36508840168959,0.0165427473239982,0.260417629026078,0.666052994595805,FALSE
XPO1,blue,-0.0688113781551639,0.67723472224847,-0.134368993844403,0.20914569182312,0.706635087166576,FALSE
XPO6,brown,-0.0842037490999718,0.610296638460826,0.281789002050746,-0.229300976961226,0.307679235248403,FALSE
XPO7,yellow,-0.252471359213926,0.120991327743874,-0.484279645631012,0.311712924915337,0.684001649118837,FALSE
XRCC1,brown,0.0272511404616542,0.869198408916513,0.323700811285461,-0.13964942276128,0.684889577606887,FALSE
XRCC2,grey,-0.0470925478636315,0.775887514045833,0.105843192179171,-0.0388392247364631,,FALSE
XRCC3,turquoise,0.287888608158536,0.0755339090099622,0.317887660043016,-0.48819649947873,0.384273006224041,FALSE
XRCC5,blue,-0.0958770819260264,0.561502178632439,-0.402191629986133,0.481079791220117,0.448142788361756,FALSE
XRCC6,brown,0.259819836053607,0.110187168863891,0.767779667241218,-0.471913642512714,0.89192053520787,FALSE
XYLB,turquoise,0.133021545698358,0.419500349883981,0.185873480534915,-0.0507013246735593,0.463075714801265,FALSE
XYLT2,turquoise,0.281867620862037,0.0821341140549227,0.468631749862144,-0.337947894744098,0.539889931952573,FALSE
YARS1,green,0.34774778570066,0.0300647873844667,0.706892003072258,-0.274984326970107,0.706892003072258,FALSE
YBX1,brown,0.0321405559432633,0.845990073802747,0.339800601258227,0.0507171951854654,0.739962546826028,FALSE
YBX2,blue,-0.0803041315400946,0.62698932286635,-0.315854598507195,0.142709948201248,0.226001569831452,FALSE
YBX3,brown,0.149131619770868,0.364879218427663,0.315312133883019,-0.243886723463568,0.525109260053616,FALSE
YES1,blue,-0.207810474519214,0.204275440722496,-0.11377689153556,0.538387286398057,0.45663107703083,FALSE
YIF1A,brown,0.248796257630114,0.126683942889911,0.77837726124114,-0.417724911495981,0.875647172516969,FALSE
YIPF1,green,-0.093281599707788,0.572193483394388,0.226347507511546,-0.0613384767811866,0.226347507511546,FALSE
YIPF2,brown,0.334664750407383,0.0373010443503401,0.578787677961571,-0.529505976380236,0.593920388956776,FALSE
YIPF3,brown,0.28615288860067,0.0773924972977866,0.653514974348828,-0.407931351908373,0.871732940468846,FALSE
YIPF4,blue,-0.232484404526004,0.154380696562067,-0.337867480916243,0.311012979839452,0.489618347298983,FALSE
YIPF5,cyan,0.0345319824588373,0.834684057522155,0.470126020609247,-0.22817564418907,0.673519917395625,FALSE
YIPF6,pink,-0.0131313106391049,0.93676198170491,0.222010390694948,0.0595556035090453,0.3438925373037,FALSE
YJU2,turquoise,0.305153577265749,0.0588898057676179,0.663259342920535,-0.445039306199371,0.78282304092252,FALSE
YJU2B,turquoise,0.101242215558223,0.53970069211744,0.244639172059969,-0.246002314360066,0.457005892542013,FALSE
YKT6,green,0.507932026978299,0.000963566720426451,0.803490475250647,-0.640317868010413,0.803490475250647,TRUE
YLPM1,grey,-0.066893230171566,0.685764065160548,-0.333587070726588,0.258821680245888,,FALSE
YME1L1,blue,-0.23521877418373,0.149454115191208,-0.316938495058512,0.32711043209304,0.83803375783315,FALSE
YPEL1,grey,-0.320122583854899,0.046950262093931,-0.194115089299042,0.306648836546297,,FALSE
YPEL5,blue,-0.211866927026119,0.195383114112778,-0.355510296554968,0.429792588382636,0.840968791525494,FALSE
YRDC,blue,0.0598990795749505,0.717184179318875,-0.215450265464329,0.0323509636313138,0.352098089731122,FALSE
YTHDC1,yellow,-0.141724169522039,0.389443473613915,-0.443805510970664,0.451347661751946,0.818947191623659,FALSE
YTHDC2,yellow,-0.180686882059665,0.270997952811808,-0.395580357324878,0.264039494745557,0.842582417544455,FALSE
YTHDF1,pink,-0.181853875751695,0.267862882587107,0.125855299280655,0.0632310017513882,0.575801424840482,FALSE
YTHDF2,blue,0.101916361307737,0.536990300670787,0.0857316099136856,-0.0157251178500609,0.530690515249589,FALSE
YTHDF3,blue,-0.0397939022423445,0.809925199156316,-0.0975209464459577,0.359733692764245,0.834766495081669,FALSE
YWHAB,blue,-0.0654959692969202,0.692001533281852,-0.133617544303283,0.110000571321311,0.6904545677427,FALSE
YWHAE,blue,-0.121342030872408,0.461821000608453,-0.0231357873669737,0.323845334515884,0.364934129051179,FALSE
YWHAH,green,0.285458677246094,0.0781457731308066,0.602809357066051,-0.37668284638296,0.602809357066051,FALSE
YWHAQ,blue,-0.0796175768151755,0.629947555873931,-0.00990095427347588,0.104605375233446,0.562133353124323,FALSE
YWHAZ,blue,0.125384124979002,0.446922023686232,0.139057273386274,-0.0292234198666914,0.540534540541828,FALSE
YY1,blue,0.00653827619647131,0.968489025777295,-0.28351124142846,0.258695309747372,0.477445447209739,FALSE
YY1AP1,turquoise,0.128204067016088,0.436685178394335,0.363909782374072,-0.0317562364254567,0.629243959776253,FALSE
ZAP70,turquoise,0.419198400727329,0.0079000992655796,0.484875109677712,-0.409256384523782,0.389259300715812,FALSE
ZBED5,blue,0.00188504841738216,0.990913003396707,-0.310235199897284,0.174414632649509,0.458903687477649,FALSE
ZBP1,turquoise,0.438321061879027,0.00525408331278134,0.459173388731165,-0.539503637406402,0.491458407078682,FALSE
ZBTB14,cyan,-0.232763560276132,0.153872381351962,-0.092431916952527,0.329859197660245,0.51954464944425,FALSE
ZBTB16,magenta,-0.188205038757664,0.251220783066491,-0.250421109440932,0.354857385851336,0.354857385851336,FALSE
ZBTB17,turquoise,0.371608075841722,0.0198436373300051,0.543442183254387,-0.343693795172843,0.783232382422669,FALSE
ZBTB18,blue,-0.173310980535306,0.29136896196333,-0.322316913461857,0.329849266039134,0.509608078061546,FALSE
ZBTB20,turquoise,-0.121078508548622,0.462801472049082,0.0470361622947647,0.177248909276137,0.397300077466848,FALSE
ZBTB22,turquoise,0.186267582559236,0.256222451013714,0.178095244917439,-0.343953999212695,0.430150887583205,FALSE
ZBTB25,red,-0.375616961652219,0.0184518913873354,-0.237620058085208,0.0354605530194531,0.475037296929454,FALSE
ZBTB38,grey,0.0914920806972241,0.579618432445105,0.352523224066338,-0.342072740427442,,FALSE
ZBTB39,red,0.0986468441944163,0.550196226161746,0.00478343368236562,-0.201036910367085,0.606291657115164,FALSE
ZBTB40,yellow,0.0314837377449738,0.849100761594955,-0.265036644677484,0.135065327365465,0.514163872923945,FALSE
ZBTB43,blue,-0.175988047299993,0.28386425486081,-0.00387641787210423,0.0601685223911307,0.355632163527191,FALSE
ZBTB44,yellow,-0.418122260185515,0.00807808202031767,-0.613142770888481,0.386444573816506,0.761927676773167,FALSE
ZBTB48,turquoise,0.10002814056157,0.544598359093891,0.388276992484937,-0.338853926550957,0.771861980338342,FALSE
ZBTB5,darkgreen,-0.127714387832146,0.438453441145018,0.157881021406235,0.102172798242794,0.313793468132155,FALSE
ZBTB7A,turquoise,0.213043529132025,0.19285554027126,0.183205361949663,-0.215551247961792,0.516507348678106,FALSE
ZBTB7B,turquoise,0.256165068411201,0.115465421390536,0.324041919198448,-0.301722787553061,0.518314920111905,FALSE
ZC2HC1C,green,0.141735962472583,0.389403616327247,0.402965014707942,-0.508226217378597,0.402965014707942,FALSE
ZC3H12A,yellow,0.0835162842308959,0.613225644162123,-0.269703947211772,-0.000383650361290215,0.340254035791428,FALSE
ZC3H13,blue,-0.0324599400434856,0.844478300530685,0.0910097131007758,0.14107497925074,0.246473938427861,FALSE
ZC3H14,royalblue,-0.284253875924817,0.0794666494039145,-0.544297499989386,0.445047282186497,0.532997960411861,FALSE
ZC3H15,cyan,-0.0764988052339699,0.643456937629102,0.226848930055472,0.0607530369621997,0.786256051101497,FALSE
ZC3H3,turquoise,0.322106340403745,0.0455262929983914,0.374491021291698,-0.293763290122348,0.534911971315307,FALSE
ZC3H4,yellow,-0.0158485057593441,0.923711481334436,-0.428132093283872,0.365897753718888,0.749240240381351,FALSE
ZC3H7B,turquoise,0.231366119883256,0.156429249510158,0.4799652511447,-0.433108425011554,0.635988217273102,FALSE
ZC3HAV1,blue,-0.134359559726352,0.414795999290909,0.1836892368957,0.0823725363213682,0.492504699372568,FALSE
ZC4H2,lightgreen,-0.0552197221260366,0.738468458001251,-0.197329430990037,-0.039161054835434,0.608253884972581,FALSE
ZCCHC14,turquoise,0.0650872624031254,0.693829844218651,0.0832677533440505,0.256934699383266,0.416095858257695,FALSE
ZCCHC2,yellow,-0.162594174161324,0.32268030112134,-0.409822775086988,0.383181206034568,0.815535282946953,FALSE
ZCCHC24,midnightblue,0.431904762897151,0.00604011889806392,0.475102884163603,-0.402589597301475,0.579148543391241,FALSE
ZCCHC4,yellow,-0.263979820018363,0.104403963315183,-0.440505581997374,0.293044679127008,0.566938020957015,FALSE
ZCCHC8,magenta,-0.359777056739813,0.0244724633411248,-0.528464640111822,0.650850884791313,0.650850884791313,FALSE
ZCWPW1,grey,-0.116013890221365,0.481859623516599,-0.214914987199577,0.0218789480285603,,FALSE
ZDHHC14,turquoise,0.0389480358813198,0.813893624801202,0.476439919451155,-0.299283976208198,0.464642821248498,FALSE
ZDHHC17,yellow,-0.196627997489515,0.230238450826791,-0.542473829966497,0.566951603163575,0.806152737540984,FALSE
ZDHHC18,turquoise,-0.0437613231520026,0.791375833407761,0.169661162564686,-0.154845267927535,0.422706937513373,FALSE
ZDHHC3,turquoise,0.102030896512781,0.536530466800621,0.59957942857883,-0.171496468627113,0.474292881209998,FALSE
ZDHHC4,turquoise,-0.0386425454575432,0.815327980913638,0.232425451798791,0.118523945628275,0.367171792371729,FALSE
ZDHHC6,blue,-0.305137623771858,0.0589037096548886,-0.423234437628213,0.595734139901168,0.800636338707161,FALSE
ZDHHC7,turquoise,0.0421688746977098,0.79880821303723,0.00437106234841607,0.0787884248151729,0.307090624755771,FALSE
ZEB1,lightgreen,-0.404206531171066,0.0107081057316926,-0.5554947698464,0.401358331305158,0.777605752199862,FALSE
ZER1,turquoise,0.0917493598890956,0.578548284522003,0.294330960530777,-0.388014376138298,0.677057274352799,FALSE
ZFAND1,blue,-0.227058470682855,0.164505072212824,-0.542573618164889,0.680539727652236,0.791885521018544,FALSE
ZFAND3,turquoise,0.407050146376239,0.0101182281697748,0.620290734802279,-0.338346814876426,0.785969799139511,FALSE
ZFAND5,blue,-0.0481259603979438,0.771099740696277,-0.235044568373831,0.453268106097838,0.318952788063724,FALSE
ZFAND6,blue,0.0867965879554391,0.599303648658423,0.141804855096877,0.124558864618129,0.47800594988091,FALSE
ZFC3H1,yellow,-0.227938661212429,0.162830942904052,-0.473592028210576,0.411244924723863,0.838838334865544,FALSE
ZFHX2,grey,-0.208115502042931,0.203597127561135,-0.0844102003437792,-0.178457845200369,,FALSE
ZFHX3,turquoise,0.0256593635501114,0.876778360475216,0.2123987158805,-0.202875611305475,0.397991090538349,FALSE
ZFHX4,yellow,-0.469045598044227,0.00259491178637262,-0.711696365053478,0.532405779517135,0.751794701022712,FALSE
ZFP36,grey,0.09001361990462,0.58578524846049,-0.00140491816552535,0.0611228884321104,,FALSE
ZFP36L1,grey,0.0132569543006996,0.936158138416089,-0.185191534002692,0.233194750433316,,FALSE
ZFP36L2,salmon,0.216542735841107,0.185474907319005,-0.00508287707228306,0.122582743108304,0.441451018529061,FALSE
ZFP64,blue,-0.184603410761903,0.260571206399978,-0.395757481970703,0.33294386697645,0.650259913273283,FALSE
ZFPL1,brown,0.190887065116933,0.244405419572358,0.413597797129425,-0.431943965149707,0.447397056044445,FALSE
ZFR,blue,-0.245712347212936,0.131613110699927,-0.264619518223306,0.373926008149195,0.852048546852734,FALSE
ZFTA,royalblue,-0.124542529653463,0.450002307979157,-0.260159600379174,0.0401767124565128,0.449176283866051,FALSE
ZFTRAF1,brown,0.247383481692654,0.128924665593691,0.726011520242167,-0.480948878605715,0.7277696842221,FALSE
ZFYVE16,blue,-0.231417755305056,0.156334227040163,-0.305254557082804,0.386651063304279,0.679823580704087,FALSE
ZFYVE26,yellow,-0.0883250271572624,0.592864034963983,-0.268548906918006,0.208017821659213,0.701840579587848,FALSE
ZFYVE9,blue,-0.259853638031525,0.110139219774135,-0.155199034994615,0.295423682603751,0.401331859921377,FALSE
ZG16,grey,-0.216248457149462,0.18608778045524,0.113356280417993,0.0313331265199526,,FALSE
ZHX2,grey,-0.0771814162467063,0.640490245069609,-0.0740014680938411,0.138018775750143,,FALSE
ZHX3,turquoise,-0.0520216664531287,0.753127437089717,-0.107150604044979,0.188220723876632,0.350573604927413,FALSE
ZIC1,grey,0.14065035136749,0.393082680378595,0.173237607763515,-0.137117879948993,,FALSE
ZKSCAN1,darkred,0.0378786917004348,0.81891705893888,-0.195475749154895,0.437013137618007,0.448272841266719,FALSE
ZKSCAN3,red,-0.0810568146504162,0.623752752482263,-0.320869846811841,0.00474819618527621,0.720715364726849,FALSE
ZKSCAN4,purple,-0.092431936576529,0.575713443521024,-0.282961034978457,-0.0545410549766539,0.632303761585657,FALSE
ZKSCAN5,turquoise,0.180887995247366,0.270455960483187,0.431780084691703,-0.447445656324761,0.331298594997707,FALSE
ZMAT3,green,0.431376292482184,0.00610916322127739,0.487065068390464,-0.413774787368905,0.487065068390464,FALSE
ZMAT5,brown,0.131526598353995,0.424791859118508,0.438670850496,-0.310985784690758,0.722120052207003,FALSE
ZMIZ1,tan,0.0365811786635471,0.825021922077135,-0.209550039564835,0.0820270697773824,0.679864022488604,FALSE
ZMIZ2,turquoise,0.0951082850615373,0.564659331392779,0.352492956736925,-0.431712576596355,0.399878894952515,FALSE
ZMPSTE24,blue,-0.250317778162087,0.124303390938179,-0.279462551289054,0.277732490284221,0.839883632960029,FALSE
ZMYM3,yellow,-0.123368242408312,0.454319471151956,-0.389880209504481,0.24433573214947,0.340323025830701,FALSE
ZMYM4,yellow,-0.195578468837685,0.232785620937391,-0.469587936855448,0.404752177119511,0.655646400284821,FALSE
ZMYND10,turquoise,0.192332743455824,0.24078388254013,0.281075394713848,-0.502162447451518,0.546450462155559,FALSE
ZMYND11,blue,-0.351342103301996,0.0282932998275551,-0.253637433023684,0.369038482837246,0.786272834222948,FALSE
ZMYND8,yellow,-0.27479839294462,0.0904460921180661,-0.455772575468073,0.396600480650114,0.652565020530958,FALSE
ZNF106,blue,-0.108802361663606,0.509686896209364,-0.336461742700297,0.336356392795974,0.7156756445584,FALSE
ZNF12,blue,-0.0332086189962853,0.840936663327072,-0.120572459270104,0.256706596569708,0.356146982121838,FALSE
ZNF131,blue,-0.198527088378301,0.22567786131123,-0.43803934150236,0.435607641484211,0.698029125121576,FALSE
ZNF133,turquoise,0.0136914213408937,0.93407036379888,0.310598405762083,-0.293362318774408,0.380126220876157,FALSE
ZNF136,red,-0.165961723400705,0.312622697268814,-0.185286528525679,0.150683236819748,0.457512839700432,FALSE
ZNF142,yellow,0.0564753114780806,0.732737699872939,-0.138241685179677,-0.100016590955157,0.330416675390908,FALSE
ZNF146,blue,0.0185076000639064,0.910959045819218,0.13421073086432,0.0913809917502755,0.613751765147932,FALSE
ZNF148,blue,-0.224389561592792,0.169657273017756,-0.180176210588818,0.236759085597362,0.5046648900976,FALSE
ZNF154,grey60,0.0205856080390146,0.901008497259824,-0.274721763784147,-0.000748572546905971,0.6168475738699,FALSE
ZNF16,grey,0.10668594440759,0.518003798537464,0.0515923528768103,-0.0234972779251422,,FALSE
ZNF160,grey,-0.0103840152362135,0.949973621385912,-0.0592166474853697,0.181085554575801,,FALSE
ZNF174,green,0.334424564333283,0.0374461102337556,0.535929199780627,-0.474024722712772,0.535929199780627,FALSE
ZNF175,blue,-0.285821300925372,0.0777515863301261,-0.274971242981345,0.325701744542269,0.63705857795997,FALSE
ZNF185,blue,-0.0656953901445273,0.691110066943919,-0.303815360001088,0.126836136455234,0.434409697004365,FALSE
ZNF197,yellow,-0.0092849979249782,0.955262645236095,-0.263714470569994,0.130016989403396,0.172369225969962,FALSE
ZNF202,yellow,0.135004688230422,0.412538508256456,-0.18222569824984,-0.102223443693781,0.31483340150233,FALSE
ZNF205,turquoise,0.120491954644999,0.464987817190831,0.476889848650422,-0.363563751355164,0.726708618791528,FALSE
ZNF211,yellow,-0.168308817314949,0.305731236853839,-0.541815539117452,0.28999033356099,0.694468900780929,FALSE
ZNF212,turquoise,0.417678614938194,0.00815245175961034,0.356093525716658,-0.358267375202017,0.561127445052571,FALSE
ZNF219,turquoise,0.369301796788497,0.0206833640967594,0.4944361288412,-0.427812047550341,0.737807292501414,FALSE
ZNF22,blue,-0.228134996432937,0.162459198344711,-0.386938121427124,0.517456974512015,0.823503454936192,FALSE
ZNF221,yellow,0.0489302913716881,0.767379063754103,0.140824040703444,-0.294584189675743,0.0216758278528571,FALSE
ZNF222,grey,0.211203556656134,0.196818385428602,-0.155571656454252,-0.0747543077205089,,FALSE
ZNF224,turquoise,0.106755219879274,0.517730505009278,0.40966390396382,-0.312111897213597,0.779998314739407,FALSE
ZNF232,blue,-0.183465780969965,0.263572029246319,-0.0246681560464302,-0.00407584458703773,0.400078351548264,FALSE
ZNF235,yellow,-0.320744416208755,0.0465000889261264,-0.568377486447996,0.383790046881018,0.752648339553528,FALSE
ZNF236,yellow,-0.131490338455718,0.42492066713206,-0.432918563111959,0.0146744693833523,0.481754398493891,FALSE
ZNF239,yellow,-0.179327628400736,0.274679789532471,-0.438301171815578,0.24150184255709,0.66514595701641,FALSE
ZNF24,blue,-0.340497129585261,0.0339168360015725,-0.347749824332866,0.399441648231947,0.785014624116357,FALSE
ZNF250,grey,-0.132437426668747,0.42156345756148,-0.279770582977158,0.052815723000855,,FALSE
ZNF253,blue,-0.481587544961834,0.00190898695327788,-0.469546218246967,0.265452789749793,0.503434102646768,FALSE
ZNF26,yellow,-0.246538024796124,0.130279639122378,-0.480942448826189,0.287665439266982,0.770121320783302,FALSE
ZNF263,blue,0.182867899777287,0.265158238202689,0.350654954577189,-0.25597607910547,0.122687359731958,FALSE
ZNF264,blue,-0.114057724960908,0.489328667306273,-0.32592509649937,0.164236201647117,0.373683144361909,FALSE
ZNF266,blue,-0.151813482283718,0.356219941641737,-0.381498950403337,0.319878150561267,0.540699965824008,FALSE
ZNF274,blue,0.0173139035195955,0.916681224554511,-0.206321032703921,0.392941272093841,0.432006650947159,FALSE
ZNF276,turquoise,0.339589620853873,0.0344262360475373,0.338343086116939,-0.391008006795921,0.664523091005255,FALSE
ZNF277,blue,-0.112368163330498,0.495827535418375,-0.406530259445649,0.439497075632234,0.243137955767786,FALSE
ZNF281,magenta,-0.363642955607331,0.0228703354209665,-0.546655681083879,0.723065569230905,0.723065569230905,FALSE
ZNF282,turquoise,0.29030978255764,0.0729998916991144,0.632077047027244,-0.47492475965176,0.851531774684432,FALSE
ZNF292,blue,-0.216960177488272,0.18460798847407,-0.298299936626763,0.332194195537561,0.427972168767389,FALSE
ZNF3,yellow,-0.184200017201679,0.261632667639352,-0.41122136158256,0.161276841270005,0.409278919542836,FALSE
ZNF318,red,0.211014623628686,0.197228512586642,-0.0894794315502104,-0.0743722133239186,0.493309102959994,FALSE
ZNF32,cyan,0.176351583363241,0.28285490986021,0.537958011386444,-0.125805445093315,0.666103333241992,FALSE
ZNF324,purple,0.248708211562125,0.12682273270047,-0.101608101132209,-0.126181908864655,0.413391513873527,FALSE
ZNF324B,purple,-0.072299595013455,0.6618256944803,-0.10992869708603,-0.049173941005712,0.620307643481281,FALSE
ZNF330,blue,-0.383247452275448,0.0160285021579775,-0.293518481642079,0.573749037003045,0.472332786752768,FALSE
ZNF331,yellow,0.0318788310091148,0.847229328718982,-0.208391232235624,0.163300291981802,0.388146701870445,FALSE
ZNF335,turquoise,0.292519528191023,0.0707458136513839,0.43878084819368,-0.414712391468113,0.831070074883094,FALSE
ZNF337,purple,-0.126103139886687,0.444299527265583,-0.466533573195763,0.15531017141135,0.536600284097427,FALSE
ZNF33B,blue,-0.274667650649068,0.0906057068392707,-0.567690886129756,0.342719613977568,0.514010792312051,FALSE
ZNF35,red,0.0610831242625455,0.711830986538648,-0.124119051168884,-0.133165850866761,0.592791864048377,FALSE
ZNF354A,blue,0.0325092305194591,0.844245037676488,-0.0711945570096329,0.00222507980747718,0.437932952132,FALSE
ZNF358,turquoise,0.0772409083006003,0.64023194684182,0.287215215552637,-0.159388500152371,0.732480123742353,FALSE
ZNF384,black,-0.107158045634738,0.516142765484248,-0.559244372183703,0.0975603654748801,0.764586749798358,FALSE
ZNF385D,grey,0.144667007483713,0.379571350379087,0.295055565903182,-0.377812682373991,,FALSE
ZNF394,cyan,-0.0666504619846163,0.686846340368817,-0.139054719598507,0.303330610118248,0.513333599274264,FALSE
ZNF395,turquoise,-0.0486040416066784,0.768887616548432,-0.075227791417222,0.0265931273993605,0.389028613828158,FALSE
ZNF408,turquoise,0.00630312753893667,0.969621780811839,0.169977377525252,-0.172111968821961,0.339807817440504,FALSE
ZNF410,red,0.00864127133685281,0.958361473010655,-0.116809116422512,-0.0543943503538721,0.686462355082514,FALSE
ZNF419,red,-0.172367530186461,0.294043957584067,-0.0790837139755737,-0.0359835734105571,0.575708749347346,FALSE
ZNF428,turquoise,0.221717343763716,0.174931056706706,0.396096089869698,-0.268376082997077,0.704834901224207,FALSE
ZNF430,tan,0.0586632643720188,0.722785669742912,-0.307561769233971,0.0179656859217818,0.432885890841825,FALSE
ZNF443,blue,-0.434148706087998,0.00575439933708232,-0.373015080018621,0.325719248472044,0.544015768818971,FALSE
ZNF444,turquoise,-0.0502345152995588,0.761356925854103,0.182157415987226,-0.344905739888573,0.511402043713513,FALSE
ZNF446,turquoise,0.273774774428659,0.0917015750032298,0.33454671813701,-0.338774552799319,0.750592461515121,FALSE
ZNF451,yellow,-0.372664458106854,0.0194686404002192,-0.429512704895272,0.519836385115591,0.794324467370465,FALSE
ZNF460,grey,0.181196627928949,0.2696255938317,-0.150914673466262,-0.075960919318298,,FALSE
ZNF467,grey,0.00236427963892859,0.988602973990391,-0.150669334200739,0.173715393316839,,FALSE
ZNF473,turquoise,0.217059447821849,0.184402253402645,0.279316623485009,-0.326615362706854,0.54068084809896,FALSE
ZNF500,turquoise,-0.0146261416996879,0.929580178675551,0.367778976332455,-0.393393084784886,0.56994362434327,FALSE
ZNF507,yellow,-0.369235500934576,0.020707935060748,-0.573387967113617,0.346030404071172,0.593006420591063,FALSE
ZNF510,grey,-0.109694030987375,0.506203077026346,-0.0337569140684976,0.244065622602088,,FALSE
ZNF518A,yellow,-0.464768339575383,0.00287383934976768,-0.331656332470376,0.0758867533812172,0.585580467659442,FALSE
ZNF532,black,-0.110617284867423,0.502608553952426,-0.499194239373322,0.00381442345224393,0.80511239276076,FALSE
ZNF544,grey,0.212888692295585,0.193186837585298,0.188695966462366,-0.0773665553044596,,FALSE
ZNF550,blue,-0.253397471410688,0.119587561189068,-0.234250955191156,0.218161404090715,0.414078869534943,FALSE
ZNF552,yellow,-0.0553196355302219,0.738011918244185,-0.42085958559491,0.162050065552221,0.525071819755804,FALSE
ZNF562,red,0.0321352228307983,0.84601532219749,-0.0149567698229872,0.0438751586674069,0.408380774671916,FALSE
ZNF574,brown,0.00304474012448722,0.985323124722785,0.14681340738494,-0.149301075849326,0.319202611045864,FALSE
ZNF576,turquoise,0.264731806491136,0.103383688877996,0.14875105812891,-0.3721432485747,0.295566579175328,FALSE
ZNF586,yellow,-0.151116922782882,0.358456979429448,-0.290294503582182,0.36757456639633,0.59450981044527,FALSE
ZNF587B,royalblue,-0.129511133659892,0.431984618562026,-0.126270372724838,0.150391257257936,0.653296007269846,FALSE
ZNF589,purple,0.0874584934611696,0.596511180722371,-0.121576552341906,-0.0331630680897984,0.582048062154862,FALSE
ZNF592,turquoise,-0.0603145624486371,0.715304204179725,0.00458493605811725,-0.0461842464183273,0.522033805259104,FALSE
ZNF593,turquoise,0.133461808592204,0.417949111046565,0.614176481538718,-0.38131302202506,0.702450529661456,FALSE
ZNF606,yellow,-0.144986476228943,0.378508607836047,-0.338073499900667,0.024245528689757,0.213384041342565,FALSE
ZNF609,grey,-0.0087599842162856,0.957789955780504,0.205911265522561,-0.259060089779705,,FALSE
ZNF611,brown,0.187044047922339,0.254210052759823,0.133183207958654,0.056675332138385,0.371765309771956,FALSE
ZNF614,blue,0.0388427908308409,0.81438771007501,-0.309000497898118,0.188832079218273,0.462081680610283,FALSE
ZNF629,grey,0.112779959217332,0.494239511058619,-0.00619812179130669,-0.058803778845208,,FALSE
ZNF638,yellow,-0.330976256088871,0.0395800077828226,-0.60507287715608,0.707831638507677,0.719366187206784,FALSE
ZNF646,turquoise,0.0809992734210937,0.623999937602147,0.218332079545981,-0.275898795146283,0.622000333010964,FALSE
ZNF652,blue,0.0372605853973381,0.821823990279883,-0.267364285544246,0.410621964021647,0.318582368855475,FALSE
ZNF668,turquoise,0.322689289737757,0.0451145421900601,0.219843232297844,-0.10116693920335,0.320601633233986,FALSE
ZNF669,blue,-0.0665405653026494,0.687336468999017,-0.219849954710615,0.421381019627355,0.492751546682442,FALSE
ZNF671,turquoise,0.121256111086948,0.462140554880562,0.204826743918196,-0.0321259749466579,0.311312702280346,FALSE
ZNF672,turquoise,0.252129751951267,0.121512231630339,0.554972406592802,-0.539489623121372,0.510105930653586,FALSE
ZNF688,brown,0.034369835796776,0.835449634985848,0.546599885771134,-0.184904795379425,0.831295449486183,FALSE
ZNF692,turquoise,0.448102774484827,0.00422629167806532,0.264692051884497,-0.448976746622561,0.553737662001621,FALSE
ZNF696,turquoise,0.170256939148795,0.300085169322556,0.319675190393752,-0.385623117619149,0.60893816185344,FALSE
ZNF706,turquoise,0.154381782207195,0.348044867737552,0.325782773913241,-0.0327883622837951,0.348810801518099,FALSE
ZNF710,greenyellow,0.326881876479269,0.0422410987866853,0.364584007509633,-0.458404712243903,0.359847714357162,FALSE
ZNF717,yellow,-0.0802183804149994,0.627358495170538,-0.479100488299446,0.225635671231827,0.699317995970295,FALSE
ZNF74,lightcyan,0.222631551198436,0.173113777726566,-0.12539189392688,-0.138980701150957,0.589869049639032,FALSE
ZNF747,purple,-0.0694273100042272,0.674504219011501,-0.168640050867747,-0.0735839053842253,0.581342989603001,FALSE
ZNF76,turquoise,0.179622742671898,0.273877638188784,0.485428916361904,-0.376263798166523,0.634642249575944,FALSE
ZNF764,yellow,-0.103696305538706,0.529865752472281,-0.369862159345015,0.0769367047325007,0.649515833619384,FALSE
ZNF767P,yellow,-0.188764544960635,0.24978862182615,-0.359971897869619,0.142223711370063,0.443914122003935,FALSE
ZNF770,blue,-0.144408619588849,0.380432187252792,-0.298483181506217,0.300008770212946,0.611386450992211,FALSE
ZNF771,grey,0.188809857405015,0.249672875994949,-0.109383513566992,0.0564303891082721,,FALSE
ZNF778,red,0.0659984648863059,0.689756025288703,-0.211100344687548,-0.0327273198767965,0.34902481943119,FALSE
ZNF787,turquoise,0.393191301461932,0.0132776885469887,0.331694497357703,-0.196633234859671,0.723057314906804,FALSE
ZNF79,green,0.366592551908123,0.0217075406833953,0.471607732204294,-0.470700546902646,0.471607732204294,FALSE
ZNF821,turquoise,0.0844252600539805,0.60935414123496,0.327153128430105,-0.563154726001459,0.456018927493663,FALSE
ZNF835,black,0.113114073126883,0.492952974125762,-0.160401631444023,-0.265132036578974,0.52694027103065,FALSE
ZNF839,royalblue,0.0570141382731016,0.730282741263656,-0.23746543164101,0.0790613642884822,0.508406920839368,FALSE
ZNF85,purple,-0.0399498109927043,0.809194253209215,-0.294503574177286,-0.0134498216103048,0.674660403312234,FALSE
ZNF862,yellow,-0.0319252759447792,0.84700938766803,-0.287770218708597,0.0447871198335824,0.385046800360116,FALSE
ZNF91,turquoise,-0.0143922935382022,0.930703336147792,0.0678178722735067,0.214751892379129,0.352938441204684,FALSE
ZNF93,yellow,-0.199020727452587,0.224502604329889,-0.620898260647021,0.387202200025113,0.644340460861649,FALSE
ZNHIT1,turquoise,0.089839338372206,0.586514114392694,0.531517311936197,-0.19911380191065,0.785756374717526,FALSE
ZNHIT3,blue,0.170062250988869,0.300646399104675,-0.106083685870171,0.393008901718252,0.48012055688099,FALSE
ZNRD2,brown,0.192184591914106,0.241153337879066,0.492261075938638,-0.115078078709852,0.813256038607217,FALSE
ZPR1,turquoise,0.17993193444454,0.273038870800714,0.460453531092707,-0.241604491835254,0.463790139944961,FALSE
ZRSR2,grey,-0.106442842458263,0.518963407663821,0.0152877336448029,-0.193431029325531,,FALSE
ZSCAN18,salmon,0.220861425190581,0.176644802899456,0.154674894301893,-0.224198300108059,0.56855315108333,FALSE
ZSCAN2,grey,0.0453284978876375,0.78407912073978,0.199948611910428,-0.326910363784651,,FALSE
ZSCAN26,yellow,-0.171414336254923,0.29676256171309,-0.47851815740735,0.398871041190852,0.795335842825197,FALSE
ZSCAN32,turquoise,0.467360652543235,0.00270182230498031,0.343896004627758,-0.300090820356563,0.556952118614257,FALSE
ZSCAN9,grey,0.0107989559785035,0.947977255226938,0.110438232371336,-0.208504372825969,,FALSE
ZSWIM1,blue,-0.0179230247837399,0.913760767297354,-0.19234493452966,0.126653974555346,0.317209989953504,FALSE
ZSWIM8,turquoise,0.203003291234588,0.215174214096757,0.498770246999132,-0.399455501300226,0.843743111322157,FALSE
ZW10,red,-0.17008693374703,0.300575208741169,-0.23450725103881,0.160120776066578,0.701361359451522,FALSE
ZWINT,purple,-0.0129948937533564,0.937417640575504,-0.00553290077344274,-0.183141294413628,0.471306292261385,FALSE
ZXDB,turquoise,0.0837016636774037,0.612435232601838,0.156253176613015,0.144410127144778,0.277026788421618,FALSE
ZXDC,turquoise,0.20341402333852,0.214227622238814,0.354821105043448,-0.216290884133081,0.58448264776473,FALSE
ZYX,salmon,0.474972413236664,0.00224772152489719,0.424627596719034,-0.506929818517592,0.574407931010366,FALSE
ZZEF1,turquoise,0.0881503131324132,0.59359859807953,0.331400490089641,-0.0621078048679911,0.571471852705074,FALSE
ZZZ3,blue,-0.160881787842171,0.327871264814001,-0.513740324946992,0.555861709415218,0.835606620061954,FALSE
