pathway,pval,padj,log2err,ES,NES,size,leadingEdge
REACTOME_IRE1ALPHA_ACTIVATES_CHAPERONES,3.71224997185173e-08,3.40042097421618e-05,0.719512826338911,0.644334600297505,2.54401265587954,39,EXTL3;PREB;HSPA5;ATP6V0D1;XBP1;KDELR3;HYOU1;ZBTB17;GFPT1;PPP2R5B;GOSR2;SHC1;CUL7;ADD1;YIF1A;ARFGAP1;CXXC1;WFS1;PDIA6;LMNA;MYDGF
REACTOME_HEMOSTASIS,2.71262222657596e-05,0.00566120647372761,0.575610261071129,0.285466430056635,1.60902097379765,388,HBB;GAS6;GPC1;VAV2;SERPINE1;ANXA5;GNA12;MANF;LGALS3BP;HSPA5;BSG;RAC2;HBD;KLC2;PPP2R1A;CRK;PICK1;PIK3R2;CTSW;GNB2;ACTN1;DOCK9;NOS3;PLCG1;ITGB2;PFN1;ABL1;DGKZ;ORAI2;AKT1;C1QBP;DGKQ;PPP2R5B;CFL1;AAMP;MFN2;SHC1;TGFB1;MGLL;GNA11;ABHD6;PRKCZ;HRAS;SDC1;ADRA2C;MAFG;PPIL2;PRKCE;SH2B1;PTPN6;LAT;STX4;SLC7A5;CLU;SDC4;CSK;DOCK6;GP9;PDPK1;GNAI2;PLAU;ADAMTS13;FLNA;CAPZB;STXBP2;ITPK1;MICAL1;RARRES2;PSAP;SH2B2;CYB5R1;APOA1;PLAUR;COL1A1;GNAS;VEGFB;INPP5D;PF4;RHOA;H3-3B;MAPK3;EHD1;SLC16A8;SERPING1;F2;TUBB4B;KIF5B;ITGAL;TUBA3C;AKAP1;SLC16A3;P2RX4;VAV1;GATA4;GP1BA;CEACAM3;IGLL1;QSOX1;CFD;CD36;ADRA2B;PDE11A;SERPINB6;PRKCD;KIF1C;GNG7;TEX264;FGR;LCK;WDR1;KIF22;GYPC;PIK3R5;HABP4;SLC7A8;ATP2A2;AHSG;HDAC1;TAGLN2;VTI1B;DOK2;CAP1;GNB5;PTK2;SDC3;PRKAR1A;CD74;SLC3A2
REACTOME_NEUTROPHIL_DEGRANULATION,1.81332911820029e-05,0.00566120647372761,0.575610261071129,0.299970514311593,1.65689706974238,333,HBB;MMP9;STK10;AGPAT2;PTGES2;EEF2;PYGB;TMC6;LPCAT1;PFKL;TOLLIP;TMBIM1;MVP;CTSZ;PYCARD;TMEM63A;PLEKHO2;CHI3L1;RHOF;HMOX2;ACLY;S100A9;ARHGAP45;ITGB2;XRCC6;CTSD;DGAT1;HSPA8;KCNAB2;GPI;BST2;ADGRE5;PSMD2;VCP;B4GALT1;ACAA1;TOM1;TCIRG1;DYNC1H1;PSMC3;ATP11A;RAB5C;PTPN6;CYBA;ACTR1B;FTH1;TSPAN14;FCN1;PTAFR;PLAU;CTSA;NEU1;FPR1;ATP6V0C;SLC27A2;TYROBP;CYB5R3;RAB3D;PSMD13;CAPN1;GRN;IMPDH1;PSAP;PGLYRP1;ADGRG3;IGF2R;PLAUR;RAB5B;ADAM8;LYZ;DOK3;RHOA;ARSA;S100A8;SLC11A1;CD14;TUBB4B;ITGAL;LILRB2;GSDMD;CST3;APRT;ARPC5;GM2A;GAA;CEACAM3;LAIR1;MLEC;PDAP1;ADA2;AP2A2;QSOX1;CFD;CD36;S100A11;SERPINB6;PRKCD;PKM;SERPINB1;MAN2B1;SPTAN1;FGR;GYG1;CSTB;PSMD3;AHSG;C1orf35;CMTM6;CAP1;LTF;PRDX4;SLC2A5;RNASET2;MMP25;ILF2;RHOG;LILRA3;PA2G4;CAB39;ANPEP;APEH;PLAC8;RAB31;CSNK2B;HK3;OSTF1;HEXB;CFP;GLA;ATP6V0A1;HSP90AB1;ITGAM;MANBA;CTSS;CAMP;PSMD7;GSTP1;DYNLL1;AMPD3;GMFG;TRPM2;JUP;LAMTOR2;ALOX5;ITGAX;LGALS3;ALDOC;DEGS1;P2RX1;ALAD;CD300A
REACTOME_PLATELET_ACTIVATION_SIGNALING_AND_AGGREGATION,2.3467411810869e-05,0.00566120647372761,0.575610261071129,0.341850739528407,1.75524257895257,187,GAS6;VAV2;SERPINE1;ANXA5;GNA12;MANF;LGALS3BP;HSPA5;RAC2;CRK;PIK3R2;CTSW;GNB2;ACTN1;PFN1;DGKZ;AKT1;DGKQ;CFL1;AAMP;SHC1;TGFB1;MGLL;GNA11;ABHD6;PRKCZ;ADRA2C;PRKCE;PTPN6;LAT;STX4;CLU;CSK;GP9;PDPK1;GNAI2;FLNA;STXBP2;RARRES2;PSAP;CYB5R1;APOA1;COL1A1;VEGFB;PF4;RHOA;MAPK3;SERPING1;F2;VAV1;GP1BA;QSOX1;CFD;CD36;ADRA2B;PRKCD;GNG7;TEX264;LCK;WDR1;PIK3R5;HABP4;AHSG;TAGLN2;VTI1B;CAP1;GNB5;PTK2
REACTOME_UNFOLDED_PROTEIN_RESPONSE_UPR,3.0901782061832e-05,0.00566120647372761,0.557332238758646,0.442454042135733,1.96315930211598,71,EXTL3;PREB;HSPA5;CREB3;ATP6V0D1;ATF4;XBP1;KDELR3;HYOU1;MBTPS1;EXOSC4;ZBTB17;GFPT1;PPP2R5B;GOSR2;SHC1;CUL7;ADD1;YIF1A;ARFGAP1;CXXC1;WFS1;PDIA6;LMNA;MYDGF
REACTOME_CELLULAR_RESPONSES_TO_MECHANICAL_STIMULI,0.000107887102693403,0.0164707643445263,0.538434096309916,0.434622432797318,1.93401041035654,72,IKBKG;MLST8;PPP2R1A;PIEZO1;PIK3R2;GNB2;TRPV4;SPP1;NOS3;CACNA1H;ABL1;AKT1;CAPNS1;MAPKAP1;P2RY2;GNA11;HSPG2;PIK3CD;PDPK1
REACTOME_ASPARAGINE_N_LINKED_GLYCOSYLATION,0.000168698205313257,0.0209892563989413,0.518848077743792,0.315267984818587,1.65304188776186,212,YKT6;STX5;SEC16A;ALG12;SLC35C1;PREB;CTSZ;ALG3;KDELR3;MVD;PMM2;GMPPB;GFUS;TMED9;NANS;MOGS;ACTR1A;COG4;NAPA;GFPT1;RPN1;ARF1;GOSR2;TMED3;MGAT4B;VCP;MAN2A2;B4GALT1;BET1L;GMPPA;COPZ2;DYNC1H1;LMAN2;ARFGAP1;MGAT1;KDELR1;ASGR1;CSNK1D;COPG1;CTSA;NEU1;DPM2;ARF4;GBF1;AMDHD2;DHDDS;CAPZB;DOLK;ARCN1;GORASP1;SPTBN4;PPP6R1;SEC24C;RENBP;CALR;GMDS;UBXN1;MAN1B1;MPDU1;ARF5;COPE;NAGK;TUBB4B;SLC17A5;TUBA3C;DERL1;MLEC;TRAPPC6A;AMFR;SEC13;SPTBN2;DPM3;DCTN2;ST3GAL4;EDEM2;SPTAN1;PPP6R3;SPTBN5;RAB1A;B4GALT2;ARFGAP3;MGAT2
REACTOME_INTERLEUKIN_4_AND_INTERLEUKIN_13_SIGNALING,0.000183312282960186,0.0209892563989413,0.518848077743792,0.411705590822533,1.86054747957691,78,CDKN1A;MMP9;HMOX1;LAMA5;CCND1;LBP;JUNB;STAT3;FSCN1;ITGB2;IL4R;AKT1;HSPA8;PIM1;TGFB1;BCL2L1;JAK3;BIRC5;POMC;BCL2;CCL22;BATF;TYK2;IL23A;VIM
REACTOME_SIGNALING_BY_INTERLEUKINS,0.000252291820355102,0.0256777008272526,0.49849310876659,0.2807904149014,1.54504206117126,317,CDKN1A;IKBKG;RPS6KA1;MMP9;HMOX1;LAMA5;CCND1;IL32;TXLNA;IL17RA;IL17RC;TOLLIP;PPP2R1A;CRK;PIK3R2;P4HB;LBP;LGALS9;JUNB;STAT3;FSCN1;ITGB2;IL4R;AKT1;DUSP3;HNRNPF;CFL1;ARF1;HSPA8;SHC1;PSMC4;IL18BP;PIM1;TGFB1;RAPGEF1;PSMD2;BCL2L1;SDC1;IL2RB;INPPL1;MSN;PSMC3;JAK3;BIRC5;PTPN6;IL22RA1;STX4;PSMA7;PIK3CD;PTAFR;POMC;SQSTM1;AGER;NFKB2;TRAF2;BCL2;PITPNA;CCL22;MAP2K7;MAP3K3;FPR1;CSF1;TNFRSF1A;BATF;TYK2;STXBP2;IL23A;AIP;PSMD13;NFKBIB;VIM;HCK;NLRX1;IL10RA;INPP5D;MAPK3;ADRM1;STAT2;GSDMD;VRK3;CISH;CASP1;CCL5;MAP2K3;OPRD1;VAV1;MAPK7;CD36;MAPK11;LCK;IL1RL2;TNF;PSMD8;FASLG;PTPN18;MAPKAPK2;PSMD3;TCP1;CSF3R;SMAD3;IL9R;NKIRAS2;SOCS3;IL10RB;HSPA9;TALDO1;ICAM1;SOCS1
REACTOME_VESICLE_MEDIATED_TRANSPORT,0.000780755300986682,0.0715171855703801,0.477270815362862,0.252577170867209,1.435473029576,438,HBB;YKT6;RAB32;STX5;SEC16A;CYTH2;ULK1;PREB;GALNT2;HIP1R;LDLRAP1;KLC2;FCHO1;CTSZ;CHMP6;HPS1;PIP5K1C;APOE;SLC2A8;KDELR3;S100A9;HYOU1;RIN3;DENND6B;SBF1;PLIN3;CTTN;AKT1;AP1B1;TMED9;ACTR1A;COG4;NAPA;ARF1;GOSR2;HSPA8;MYO1C;COPS7B;TMED3;AP2M1;MAN2A2;AKT2;BET1L;GPS1;TRAPPC12;AGPAT3;COPZ2;CFTR;DYNC1H1;LMAN2;AVP;ARFGAP1;RAB5C;GJC2;RIN1;RAB35;STX4;FTH1;LDLR;KDELR1;CSNK1D;COPG1;ARFRP1;SCARB1;MYH9;ARF4;GBF1;AMBP;ARFIP2;TSC2;AP1G2;CYTH4;CAPZB;GGA3;DNASE2;ARCN1;VPS4A;GORASP1;SNF8;SPTBN4;BIN1;PPP6R1;TOR1B;SEC24C;IGF2R;APOA1;COL1A1;TOR1A;GJA3;CALR;HGS;ARPC2;LRP1;RAB5B;MVB12B;PACSIN2;YWHAH;EXOC3;AP1S1;ARF5;CLTB;COPE;TUBB4B;KIF5B;VPS37B;OPTN;TUBA3C;GJA4;ARPC5;VPS51;ARPC1A;ASPSCR1;EPN1;TRAPPC6A;MARCO;AP2A2;SEC13;AP2S1;SPTBN2;CD36;DCTN2;DENND2B;TBC1D17;M6PR;KIF1C;GJB1;SYNJ2;SPTAN1;PPP6R3;KIF22;SPTBN5;RAB1A;RGP1;GGA1;DVL2;CHMP7;ARFGAP3;MADD;EPN2;STX10
REACTOME_TRANSPORT_OF_SMALL_MOLECULES,0.000880989522435776,0.0733624002319246,0.477270815362862,0.257520318203948,1.458312090194,406,HBB;ABCA7;SLC26A6;HMOX1;SLC35A2;DMTN;SLC35C1;SLC36A1;BSG;SLC4A2;ANGPTL8;SLC39A7;LDLRAP1;ATP6V0D1;CLCN7;SLCO4A1;CPTP;ABCA2;APOE;P4HB;SLC2A8;GNB2;ATP13A2;LETM1;HMOX2;SLC25A10;TRPV4;SLC12A4;SLC29A1;MBTPS1;TRPM4;SLC22A7;NR1H2;NIPAL3;CES3;ABCC5;SLC26A1;ARF1;ABCF1;SLC25A5;SLC12A7;PSMC4;CTNS;AP2M1;PSMD2;VCP;SLC13A2;SLC15A3;FURIN;TCIRG1;ADD1;CFTR;PSMC3;AVP;ATP11A;SCNN1D;CLN3;PMPCA;SLC7A5;SLC6A2;STEAP3;FTH1;LDLR;PSMA7;APOA4;SLC25A11;ABCB4;SCARB1;HDLBP;ATP6V0C;TRPM8;CAMK2B;ABCA3;ABCC10;TFR2;PARL;ATP6V0B;STOML2;PSMD13;SLC25A22;ARL2BP;CYB5R1;SLC22A1;APOA1;SLC39A1;GNAS;SPG7;SLC8B1;PLTP;LIPG;PHB1;SLC11A1;ADRM1;SLC25A6;MCOLN1;SGK1;SLC16A8;SLC22A6;SLC17A5;ATP6V1C1;DERL1;AKAP1;SLC16A3;SLC13A4;CLCN2;ATP8B1;TRPC4AP;BEST1;LSR;SLC1A7;LMF2;NGB;FGF21;PHB2;SLC43A1;AP2A2;AP2S1
REACTOME_CD28_DEPENDENT_PI3K_AKT_SIGNALING,0.00165644027686368,0.104368400408486,0.45505986738723,0.616606809157088,1.95460420214305,18,MLST8;PIK3R2;AKT1;TRIB3;MAPKAP1;AKT2;PIK3CD;PDPK1
REACTOME_DISEASES_ASSOCIATED_WITH_GLYCOSAMINOGLYCAN_METABOLISM,0.00151224735864409,0.104368400408486,0.45505986738723,0.555501399973998,1.94647453051229,25,GPC1;B4GALT7;AGRN;B4GALT1;SDC1;HSPG2;B3GAT3;SDC4;VCAN;SDC3;PRELP;HEXA;HEXB
REACTOME_SNRNP_ASSEMBLY,0.00169795954998482,0.104368400408486,0.45505986738723,-0.447023559407032,-1.85975733445123,41,NUP43;SNRPE;NUP107;NUP205;NUP88;NUP133;NUP50;NUP160;NUP153;GEMIN2;NUP54;GEMIN6;SEH1L;SNUPN;RANBP2;SNRPD2;TGS1;SNRPD3
REACTOME_SUMOYLATION_OF_UBIQUITINYLATION_PROTEINS,0.00170908952633983,0.104368400408486,0.45505986738723,-0.482932774244017,-1.88980397840602,31,NUP43;PIAS1;NUP107;NUP205;NUP88;NUP133;NUP50;NUP160;PIAS2;NUP153;NUP54;SEH1L;SUMO1;RANBP2
REACTOME_COPI_MEDIATED_ANTEROGRADE_TRANSPORT,0.00264417359506361,0.10527800060154,0.431707695803346,0.379807362440937,1.7016226565628,73,YKT6;STX5;KDELR3;TMED9;ACTR1A;COG4;NAPA;ARF1;GOSR2;TMED3;BET1L;COPZ2;DYNC1H1;ARFGAP1;KDELR1;COPG1;ARF4;GBF1;CAPZB;ARCN1;GORASP1;SPTBN4;ARF5;COPE;TUBB4B;TUBA3C;SPTBN2;DCTN2;SPTAN1;SPTBN5;RAB1A;ARFGAP3
REACTOME_DISEASES_OF_DNA_REPAIR,0.00298824019174677,0.10527800060154,0.431707695803346,-0.516888764501095,-1.87141123291541,25,RFC5;OGG1;NBN;RPA3;TOPBP1;RAD17;ATR;HUS1
REACTOME_ER_TO_GOLGI_ANTEROGRADE_TRANSPORT,0.00207355164542153,0.10527800060154,0.431707695803346,0.343182743763298,1.65114808638909,109,YKT6;STX5;SEC16A;PREB;CTSZ;KDELR3;TMED9;ACTR1A;COG4;NAPA;ARF1;GOSR2;TMED3;BET1L;COPZ2;DYNC1H1;LMAN2;ARFGAP1;KDELR1;CSNK1D;COPG1;ARF4;GBF1;CAPZB;ARCN1;GORASP1;SPTBN4;PPP6R1;SEC24C;ARF5;COPE;TUBB4B;TUBA3C;TRAPPC6A;SEC13;SPTBN2;DCTN2;SPTAN1;PPP6R3;SPTBN5;RAB1A;ARFGAP3
REACTOME_GLYCOSAMINOGLYCAN_PROTEIN_LINKAGE_REGION_BIOSYNTHESIS,0.00264922865625655,0.10527800060154,0.431707695803346,0.583057561526673,1.88469703278541,19,GPC1;B4GALT7;AGRN;SDC1;HSPG2;B3GAT3;SDC4;XYLT2;VCAN
REACTOME_HEPARAN_SULFATE_HEPARIN_HS_GAG_METABOLISM,0.00260660258561772,0.10527800060154,0.431707695803346,0.535214036646224,1.87451775017982,24,GPC1;EXTL3;IDUA;SGSH;HS6ST1;AGRN;SDC1;HSPG2;SDC4
REACTOME_HIGH_LAMINAR_FLOW_SHEAR_STRESS_ACTIVATES_SIGNALING_BY_PIEZO1_AND_PECAM1_CDH5_KDR_IN_ENDOTHELIAL_CELLS,0.00217274189294602,0.10527800060154,0.431707695803346,0.450605839439038,1.82391174492075,46,MLST8;PIEZO1;PIK3R2;GNB2;TRPV4;NOS3;AKT1;CAPNS1;MAPKAP1;P2RY2;GNA11;PIK3CD;PDPK1
REACTOME_NUCLEAR_ENVELOPE_BREAKDOWN,0.00292928642324306,0.10527800060154,0.431707695803346,-0.44731929757023,-1.82404158035384,38,NUP43;PRKCA;TMPO;NUP107;NUP205;NUP88;NUP133;NUP50;NEK7;NUP160;NUP153;NUP54
REACTOME_PLASMA_LIPOPROTEIN_CLEARANCE,0.00256918881841695,0.10527800060154,0.431707695803346,0.509343171944439,1.81902052998543,27,LDLRAP1;APOE;NR1H2;CES3;AP2M1;LDLR;SCARB1;HDLBP;APOA1;LSR;AP2A2;AP2S1;NR1H3;MYLIP;LIPC
REACTOME_RESPIRATORY_SYNCYTIAL_VIRUS_RSV_ATTACHMENT_AND_ENTRY,0.00291226842545188,0.10527800060154,0.431707695803346,0.58116652203418,1.87858436611996,19,GPC1;AGRN;SDC1;HSPG2;FURIN;RAB5C;SDC4;RAB5B;NCL;CD14
REACTOME_SUMOYLATION_OF_DNA_DAMAGE_RESPONSE_AND_REPAIR_PROTEINS,0.00273780120592306,0.10527800060154,0.431707695803346,-0.402573384295397,-1.7973327490631,57,NUP43;PIAS1;STAG2;NUP107;NUP205;SMC5;NUP88;STAG1;NUP133;NUP50;NUP160;PIAS2;NUP153;PHC3;NUP54;MDC1;SEH1L;SUMO1;CETN2;RANBP2;RAD21
REACTOME_TRANSPORT_TO_THE_GOLGI_AND_SUBSEQUENT_MODIFICATION,0.00212571646669,0.10527800060154,0.431707695803346,0.323955906798332,1.58895451084948,130,YKT6;STX5;SEC16A;PREB;CTSZ;KDELR3;TMED9;ACTR1A;COG4;NAPA;ARF1;GOSR2;TMED3;MGAT4B;MAN2A2;B4GALT1;BET1L;COPZ2;DYNC1H1;LMAN2;ARFGAP1;MGAT1;KDELR1;CSNK1D;COPG1;ARF4;GBF1;CAPZB;ARCN1;GORASP1;SPTBN4;PPP6R1;SEC24C;ARF5;COPE;TUBB4B;TUBA3C;TRAPPC6A;SEC13;SPTBN2;DCTN2;ST3GAL4;SPTAN1;PPP6R3;SPTBN5;RAB1A;B4GALT2;ARFGAP3;MGAT2
REACTOME_HDR_THROUGH_SINGLE_STRAND_ANNEALING_SSA,0.00371654379834551,0.121584075688732,0.431707695803346,-0.558485953217477,-1.88178016568552,19,RFC5;NBN;RPA3;TOPBP1;RAD17;ATR;HUS1;ERCC4
REACTOME_PLASMA_LIPOPROTEIN_ASSEMBLY_REMODELING_AND_CLEARANCE,0.00359817295309171,0.121584075688732,0.431707695803346,0.406920969050293,1.71947086948993,56,ANGPTL8;LDLRAP1;APOE;P4HB;MBTPS1;NR1H2;CES3;AP2M1;FURIN;LDLR;APOA4;SCARB1;HDLBP;APOA1;PLTP;LIPG;LSR;LMF2;FGF21;AP2A2;AP2S1;NR1H3;MYLIP;LIPC
REACTOME_ISG15_ANTIVIRAL_MECHANISM,0.00417505572194579,0.131874173838012,0.407017918923954,-0.375779137767352,-1.70579147873708,62,NUP43;UBE2E1;HERC5;NUP107;NUP205;NUP88;PPM1B;NUP133;NUP50;IFIT1;NUP160;NUP153;KPNA1;UBE2N;NEDD4;NUP54;JAK1;SEH1L;EIF4E;ARIH1;UBB;RANBP2
REACTOME_NUCLEAR_IMPORT_OF_REV_PROTEIN,0.00454380777663129,0.138737597446475,0.407017918923954,-0.486373876809572,-1.81482281202258,27,NUP43;NUP107;NUP205;NUP88;NUP133;NUP50;NUP160;NUP153;NUP54;SEH1L;NPM1;RANBP2
REACTOME_EXPRESSION_OF_BMAL_ARNTL_CLOCK_AND_NPAS2,0.00470319487260946,0.138971822687428,0.407017918923954,-0.484669119346299,-1.83498811169311,29,PPARGC1A;SIRT1;RORA;NCOR1;CHD9;CREBBP;TBL1X;NCOA2;MED1;TGS1;MEF2C;NCOA6;EP300
REACTOME_COPI_DEPENDENT_GOLGI_TO_ER_RETROGRADE_TRAFFIC,0.00529691563213352,0.150324599704291,0.407017918923954,0.40903184440924,1.69456437790472,52,KLC2;KDELR3;TMED9;NAPA;ARF1;TMED3;COPZ2;ARFGAP1;KDELR1;COPG1;ARF4;GBF1;ARCN1;ARF5;COPE;TUBB4B;KIF5B;TUBA3C;KIF1C;KIF22;RAB1A;ARFGAP3
REACTOME_MEMBRANE_TRAFFICKING,0.0054156242251546,0.150324599704291,0.407017918923954,0.240313594084635,1.35935459428368,405,YKT6;RAB32;STX5;SEC16A;CYTH2;ULK1;PREB;GALNT2;HIP1R;LDLRAP1;KLC2;FCHO1;CTSZ;CHMP6;HPS1;PIP5K1C;SLC2A8;KDELR3;RIN3;DENND6B;SBF1;PLIN3;CTTN;AKT1;AP1B1;TMED9;ACTR1A;COG4;NAPA;ARF1;GOSR2;HSPA8;MYO1C;COPS7B;TMED3;AP2M1;MAN2A2;AKT2;BET1L;GPS1;TRAPPC12;AGPAT3;COPZ2;CFTR;DYNC1H1;LMAN2;AVP;ARFGAP1;RAB5C;GJC2;RIN1;RAB35;STX4;FTH1;LDLR;KDELR1;CSNK1D;COPG1;ARFRP1;MYH9;ARF4;GBF1;ARFIP2;TSC2;AP1G2;CYTH4;CAPZB;GGA3;DNASE2;ARCN1;VPS4A;GORASP1;SNF8;SPTBN4;BIN1;PPP6R1;TOR1B;SEC24C;IGF2R;TOR1A;GJA3;HGS;ARPC2;RAB5B;MVB12B;PACSIN2;YWHAH;EXOC3;AP1S1;ARF5;CLTB;COPE;TUBB4B;KIF5B;VPS37B;OPTN;TUBA3C;GJA4;ARPC5;VPS51;ARPC1A;ASPSCR1;EPN1;TRAPPC6A;AP2A2;SEC13;AP2S1;SPTBN2;DCTN2;DENND2B;TBC1D17;M6PR;KIF1C;GJB1;SYNJ2;SPTAN1;PPP6R3;KIF22;SPTBN5;RAB1A;RGP1;GGA1;DVL2;CHMP7;ARFGAP3;MADD;EPN2;STX10
REACTOME_METABOLISM_OF_FAT_SOLUBLE_VITAMINS,0.00565591938844426,0.152377122347498,0.407017918923954,0.490233735986923,1.80973588100759,30,GPC1;APOE;AGRN;SDC1;HSPG2;SDC4;LDLR;APOA4;VKORC1;APOA1;LRP10;LRP1;TTPA
REACTOME_DENGUE_VIRUS_ATTACHMENT_AND_ENTRY,0.00617306150529706,0.161557838252917,0.407017918923954,0.468424374182335,1.74649211143923,32,GAS6;GPC1;HSPA5;UBA7;AP2M1;AGRN;SDC1;HSPG2;FURIN;SDC4;CD14;AP2A2;AP2S1;LY6E;SDC3;MAPRE3
REACTOME_BINDING_AND_UPTAKE_OF_LIGANDS_BY_SCAVENGER_RECEPTORS,0.0067485575542374,0.171713297768929,0.407017918923954,0.462641047890072,1.7773370060654,36,HBB;APOE;S100A9;HYOU1;FTH1;SCARB1;AMBP;APOA1;COL1A1;CALR;LRP1;MARCO;CD36;STAB2;STAB1;COL4A2;COL4A1;COL3A1;APOL1;COL1A2
REACTOME_EXPORT_OF_VIRAL_RIBONUCLEOPROTEINS_FROM_NUCLEUS,0.00730365918466918,0.172914896590124,0.407017918923954,-0.492133181305117,-1.82318044335022,26,NUP43;NUP107;NUP205;NUP88;NUP133;NUP50;NUP160;NUP153;NUP54;SEH1L;XPO1;RANBP2
REACTOME_EXTRA_NUCLEAR_ESTROGEN_SIGNALING,0.00712534395939205,0.172914896590124,0.407017918923954,0.40133335861398,1.64908518029489,49,MMP9;CCND1;PRMT1;PIK3R2;GNB2;NOS3;AKT1;SHC1;PRKCZ;AKT2;HRAS;PDPK1;GNAI2;BCL2
REACTOME_FORMATION_OF_INCISION_COMPLEX_IN_GG_NER,0.00736209712556204,0.172914896590124,0.407017918923954,-0.420635929233846,-1.71523435112444,38,PIAS1;CUL4B;RNF111;RPA3;UBE2V2;PARP2;UBE2N;ERCC4;SUMO1;UBB;GTF2H1;CETN2
REACTOME_CHOLESTEROL_BIOSYNTHESIS,0.00806757440321437,0.183431449429298,0.380730400722792,0.519788670283501,1.75833174152039,22,SREBF2;MVK;SQLE;MVD;TM7SF2;NSDHL;DHCR7;PMVK;SREBF1
REACTOME_VEGFR2_MEDIATED_VASCULAR_PERMEABILITY,0.00821035963602755,0.183431449429298,0.380730400722792,0.513211670343604,1.71157989586487,21,VAV2;MLST8;NOS3;AKT1;TRIB3;MAPKAP1;AKT2;PDPK1;CTNNA1;VAV1
REACTOME_SUMOYLATION_OF_CHROMATIN_ORGANIZATION_PROTEINS,0.00876057766167776,0.191064027097543,0.380730400722792,-0.40635802469292,-1.72437061437553,45,NUP43;PIAS1;NUP107;NUP205;NUP88;NUP133;NUP50;NUP160;PIAS2;NUP153;PHC3;SATB1;NUP54;SEH1L;SUMO1;RANBP2;SUZ12
REACTOME_HOMOLOGOUS_DNA_PAIRING_AND_STRAND_EXCHANGE,0.00950656233674285,0.193265385195415,0.380730400722792,-0.522390386486122,-1.76015862596204,19,RFC5;NBN;RPA3;TOPBP1;RAD17;ATR;HUS1
REACTOME_LYSOSOME_VESICLE_BIOGENESIS,0.00963821494774795,0.193265385195415,0.380730400722792,0.513634533106385,1.73751363724295,22,CTSZ;AP1B1;ARF1;HSPA8;AP1G2;DNASE2;HGS;AP1S1;CLTB;M6PR
REACTOME_NUCLEAR_PORE_COMPLEX_NPC_DISASSEMBLY,0.00919165379482704,0.193265385195415,0.380730400722792,-0.481319925502956,-1.78312113165098,26,NUP43;NUP107;NUP205;NUP88;NUP133;NUP50;NEK7;NUP160;NUP153;NUP54;SEH1L;RANBP2
REACTOME_ORGANELLE_BIOGENESIS_AND_MAINTENANCE,0.00990469979518286,0.193265385195415,0.380730400722792,-0.255125523867608,-1.41200879143667,180,LZTFL1;WDR19;IFT88;TTC21B;PPARGC1A;PKD2;IFT25;ATP5F1C;ATP5MJ;NCOR1;ATAT1;CEP43;CHD9;CALM1;CEP70;KIFAP3;CREBBP;CEP57;TBL1X;NCOA2;OFD1;DYNC1I2;SEPTIN2;CNTRL;EXOC1;CEP162;SSBP1;AHI1;ATP5PF;IQCB1;ATP5MG;ARL3;MKS1;MTX2;CCT8;MED1;PRKAB2;ATP5PO;APOO;CETN2;TGS1;ATP5PB;CKAP5;MEF2C;ATP5PD;HAUS4;TUBB6;ATP5MC1;TUBB4A;RAB11A
REACTOME_ZBP1_DAI_MEDIATED_INDUCTION_OF_TYPE_I_IFNS,0.0099164553539132,0.193265385195415,0.380730400722792,0.566737124661079,1.74379338333234,16,IKBKG;ZBP1;NFKB2;NFKBIB;TICAM1;IRF3;NKIRAS2;DHX9;RIPK1;RELA;MYD88;DTX4;IKBKB
REACTOME_INITIAL_TRIGGERING_OF_COMPLEMENT,0.0101443151290734,0.193587347046485,0.380730400722792,0.529651605341157,1.71206562587533,19,GZMM;CRP;FCN1;CFB;C1R;CFD;MASP2;FCN3;FCN2;C1QA;C2;CFP;C1QB
REACTOME_SYNTHESIS_OF_SUBSTRATES_IN_N_GLYCAN_BIOSYTHESIS,0.0106377161139077,0.198860162455907,0.380730400722792,0.414376982951729,1.63539806936082,41,SLC35C1;MVD;PMM2;GMPPB;GFUS;NANS;GFPT1;GMPPA;CTSA;NEU1;DPM2;AMDHD2;DHDDS;DOLK;RENBP;GMDS;NAGK;SLC17A5;DPM3;ST3GAL4
REACTOME_INTERACTIONS_OF_REV_WITH_HOST_CELLULAR_PROTEINS,0.0113918845272893,0.208699324539939,0.380730400722792,-0.444731854157936,-1.69804302135713,30,NUP43;NUP107;NUP205;NUP88;NUP133;NUP50;NUP160;NUP153;NUP54;SEH1L;NPM1;XPO1;RANBP2
REACTOME_SUMOYLATION_OF_SUMOYLATION_PROTEINS,0.0117334094946673,0.210741237198339,0.380730400722792,-0.45136841042162,-1.68420576621603,27,NUP43;NUP107;NUP205;NUP88;NUP133;NUP50;NUP160;NUP153;NUP54;SEH1L;SUMO1;RANBP2
REACTOME_BIOSYNTHESIS_OF_THE_N_GLYCAN_PRECURSOR_DOLICHOL_LIPID_LINKED_OLIGOSACCHARIDE_LLO_AND_TRANSFER_TO_A_NASCENT_PROTEIN,0.0127727808607828,0.213687518171594,0.380730400722792,0.39375931140147,1.60854996589549,48,ALG12;SLC35C1;ALG3;MVD;PMM2;GMPPB;GFUS;NANS;GFPT1;GMPPA;CTSA;NEU1;DPM2;AMDHD2;DHDDS;DOLK;RENBP;GMDS;MPDU1;NAGK;SLC17A5
REACTOME_DISEASES_OF_GLYCOSYLATION,0.0126778569810566,0.213687518171594,0.380730400722792,0.325050493430444,1.49263201045929,84,GPC1;ALG12;B4GALT7;ALG3;PMM2;POMGNT1;MOGS;GFPT1;AGRN;B4GALT1;SDC1;HSPG2;B3GAT3;SDC4;CTSA;NEU1;ADAMTS13;DPM2;DHDDS;DOLK;NOTCH1;SPON2;MAN1B1;MPDU1;GALT;POMT2;VCAN;GALK1;DPM3;ADAMTS7;MGAT2;SDC3;MUC6;ADAMTSL2;PRELP;HEXA;HEXB;CFP
REACTOME_EARLY_SARS_COV_2_INFECTION_EVENTS,0.0124615116181196,0.213687518171594,0.380730400722792,0.485674767099676,1.7018023074582,25,GPC1;CHMP6;VCP;AGRN;SDC1;HSPG2;FURIN;SDC4;BECN1;DDX5;TMPRSS2;NRP1;CHMP7;SDC3
REACTOME_HS_GAG_BIOSYNTHESIS,0.0128305824229669,0.213687518171594,0.380730400722792,0.541767036328823,1.71736690231899,18,GPC1;EXTL3;HS6ST1;AGRN;SDC1;HSPG2;SDC4;HS3ST1
REACTOME_NS1_MEDIATED_EFFECTS_ON_HOST_PATHWAYS,0.0132052713187952,0.216000509428865,0.380730400722792,-0.414725355800223,-1.63438778375488,32,NUP43;NUP107;NUP205;NUP88;NUP133;NUP50;NUP160;NUP153;KPNA1;NUP54
REACTOME_CONSTITUTIVE_SIGNALING_BY_AKT1_E17K_IN_CANCER,0.013821124887427,0.21905872494852,0.380730400722792,0.518486979819391,1.69624453471693,20,CDKN1A;MLST8;AKT1;RPS6KB2;MAPKAP1;AKT2;CASP9;PDPK1;TSC2
REACTOME_INTERACTIONS_OF_VPR_WITH_HOST_CELLULAR_PROTEINS,0.0138705306190111,0.21905872494852,0.380730400722792,-0.420921179641683,-1.64714130476529,31,NUP43;NUP107;NUP205;NUP88;NUP133;NUP50;NUP160;NUP153;KPNA1;NUP54
REACTOME_INFLUENZA_VIRAL_RNA_TRANSCRIPTION_AND_REPLICATION,0.0151879809574745,0.228317896896735,0.380730400722792,-0.279996139347144,-1.41882399381477,111,NUP43;RPL41;NUP107;RPL7;NUP205;NUP88;NUP133;NUP50;RPS13;RPL37A;POLR2K;RPS23;RPS3A;NUP160;NUP153;RPS6;IPO5;RPL24;NUP54;RPS15A;SEH1L;RPL12;RPS4X;RPL7A;RPL30;RPS17;RANBP2;RPL36AL;RPL22;RPS24;RPS3;RPS7;RPL9;NUP155;RPL26L1;RPL5;RPL10;TPR;RPL14;RPS27
REACTOME_TRANSPORT_OF_THE_SLBP_DEPENDANT_MATURE_MRNA,0.0152045761033852,0.228317896896735,0.380730400722792,-0.451744339566716,-1.69649583888576,28,NUP43;NUP107;NUP205;NUP88;NUP133;NUP50;NUP160;NUP153;NUP54;SEH1L;EIF4E;RANBP2
REACTOME_TRIGLYCERIDE_METABOLISM,0.0148150110540137,0.228317896896735,0.380730400722792,0.514252211005128,1.66228804862239,19,PLIN1;PLIN3;FABP4;DGAT1;ABHD5;MGLL;PPP1CA
REACTOME_PLASMA_LIPOPROTEIN_REMODELING,0.0185828368097366,0.274546427705141,0.352487857583619,0.479798241901309,1.68874074058538,26,ANGPTL8;APOE;P4HB;MBTPS1;FURIN;APOA4;APOA1;PLTP;LIPG;LMF2;FGF21;LIPC;APOC3;LMF1
REACTOME_SUMOYLATION,0.018961688697791,0.275696934082168,0.352487857583619,-0.274392613205222,-1.42163803240915,126,NR3C2;NUP43;PIAS1;PPARGC1A;STAG2;NUP107;RORA;NUP205;SMC5;DDX17;NUP88;STAG1;NUP133;NUP50;NR2C1;CREBBP;NUP160;PIAS2;NCOA2;NUP153;PHC3;SATB1;NUP54;SP3;ZNF131;MDC1;SEH1L;SUMO1;NPM1;THRB;CETN2;AR;RANBP2;SUZ12;RAD21;NR5A2;ESR1;SMC1A;MITF
REACTOME_RORA_B_C_AND_NR1D1_REV_ERBA_REGULATE_GENE_EXPRESSION,0.0201843160484702,0.288888023443729,0.352487857583619,-0.47615414963737,-1.62620266440229,21,PPARGC1A;RORA;NCOR1;CHD9;CREBBP;TBL1X;NCOA2;MED1;TGS1;NCOA6;EP300
REACTOME_GLUCONEOGENESIS,0.0205551229563328,0.289669117353859,0.352487857583619,0.527679193847964,1.67270934144992,18,FBP1;GAPDH;SLC37A1;GPI;ENO1;ENO3
REACTOME_CO_STIMULATION_BY_CD28,0.0211450847718217,0.293468146227101,0.352487857583619,0.412600519532707,1.57494714882867,35,MLST8;PPP2R1A;PIK3R2;AKT1;TRIB3;PPP2R5B;MAPKAP1;AKT2;PIK3CD;PDPK1
REACTOME_EFFECTS_OF_PIP2_HYDROLYSIS,0.0228259687189846,0.294487145726618,0.352487857583619,0.529775101132188,1.63006493806276,16,DGKZ;DGKQ;MGLL;ABHD6;PRKCE
REACTOME_GLYCOSAMINOGLYCAN_METABOLISM,0.021814781488169,0.294487145726618,0.352487857583619,0.331446544908165,1.49685126092022,77,GPC1;EXTL3;B4GALT7;IDUA;SGSH;HYAL2;CHPF;ABCC5;SLC26A1;HS6ST1;AGRN;B4GALT1;SDC1;HSPG2;B3GAT3;SDC4;XYLT2;HS3ST1;SLC17A5;VCAN;HYAL1;ST3GAL4;NAGLU;CHST11;B4GALT2;SDC3;B4GALT4;PRELP;HEXA;HEXB;STAB2
REACTOME_IMMUNOREGULATORY_INTERACTIONS_BETWEEN_A_LYMPHOID_AND_A_NON_LYMPHOID_CELL,0.0221929815706432,0.294487145726618,0.352487857583619,0.335233151179022,1.47231161102966,69,ICAM2;ITGB2;HLA-F;CD81;CDH1;CD247;IFITM1;LILRB1;TYROBP;NPDC1;COL1A1;ITGAL;LILRB2;NCR3;ITGB7;NCR2;LAIR1;NECTIN2;TREM2;CD40;LILRB5;FCGR2B;ICAM1;SIGLEC7;LILRA3;CD99;KLRD1;KLRB1;CD22;CD300C;COL3A1;CD8B;CD8A;CD300A;SIGLEC9
REACTOME_REGULATION_OF_GLUCOKINASE_BY_GLUCOKINASE_REGULATORY_PROTEIN,0.0225797151460462,0.294487145726618,0.352487857583619,-0.445438834411515,-1.65019430198569,26,NUP43;NUP107;NUP205;NUP88;NUP133;NUP50;NUP160;NUP153;NUP54;SEH1L;RANBP2
REACTOME_RESOLUTION_OF_SISTER_CHROMATID_COHESION,0.0221250230279991,0.294487145726618,0.352487857583619,-0.312155218598185,-1.46055629183618,69,NUP43;STAG2;PPP2R5A;NUP107;CLIP1;STAG1;NUP133;NUP160;DYNC1I2;PDS5B;SEH1L;BUB3;PPP2R5C;CLASP2;XPO1;RANBP2;ITGB3BP;CKAP5;RAD21;TUBB6;SMC1A;TUBB4A;PPP2CB
REACTOME_TRIGLYCERIDE_CATABOLISM,0.0249365616752921,0.317248479091216,0.352487857583619,0.54190064514097,1.63753272065564,15,PLIN1;PLIN3;FABP4;ABHD5;MGLL;PPP1CA;FABP3
REACTOME_DENGUE_VIRUS_INFECTION,0.0268723611769634,0.327893267986528,0.352487857583619,0.242226746716968,1.29669407511963,264,GAS6;GPC1;MMP9;HSPA5;MLST8;PQBP1;P4HB;HNRNPA0;VTN;HYOU1;PCBP1;PUF60;EIF4G1;UBA7;NRBP1;HNRNPF;RPN1;MAPKAP1;HSPA8;SYMPK;U2AF2;NPLOC4;PAF1;AP2M1;VCP;AGRN;SDC1;H2AC15;HSPG2;FURIN;PTBP1;POLR2D;HNRNPM;CLU;SDC4;FASN;KDELR1;POLR2E;DHX38;KPNA2;BECN1;DPM2;HDLBP;CPSF4;GBF1;TXNL4A;CAMK2B;CSTF1;SCAP;NMT1;H2BC12;NFKBIB;VIM;APOA1;DDX5;CALR;GTF2F1;TAL1;SF3B2;CD2BP2;SNRPB;NCL;CD14;STAT2;F2;PABPC1;POLR2L;SRSF9;DDX23;SNRNP40;AP2A2;AP2S1;EIF4A3;DPM3;PRPF6;DNAJA2;RPL18;RRBP1;HNRNPH1;SRSF5;SRSF1;DAXX;LY6E;SDC3;MAPRE3;DHX9;HNRNPR;FUS;CWC25;RIPK1;H2BC5;C1QA;POLR2J;DHX16;EIF4G3;CAMK2G;YBX1;BUD31;HSP90AB1;POLR2I
REACTOME_POSTMITOTIC_NUCLEAR_PORE_COMPLEX_NPC_REFORMATION,0.0271626611348615,0.327893267986528,0.352487857583619,-0.473654164223374,-1.61364551507496,20,NUP43;NUP107;NUP205;NUP133;NUP160;NUP54;SEH1L;SUMO1
REACTOME_SLC_MEDIATED_TRANSMEMBRANE_TRANSPORT,0.0271647292470411,0.327893267986528,0.352487857583619,0.288183702109186,1.41377693734432,124,SLC26A6;SLC35A2;SLC35C1;SLC36A1;BSG;SLC4A2;SLC39A7;SLCO4A1;SLC2A8;SLC25A10;SLC12A4;SLC29A1;SLC22A7;SLC26A1;SLC25A5;SLC12A7;CTNS;SLC13A2;SLC15A3;AVP;SLC7A5;SLC6A2;SLC25A11;SLC25A22;ARL2BP;SLC22A1;SLC39A1;SLC8B1;SLC11A1;SLC25A6;SLC16A8;SLC22A6;SLC17A5;SLC16A3;SLC13A4;SLC1A7;FGF21;SLC43A1
REACTOME_TURBULENT_OSCILLATORY_DISTURBED_FLOW_SHEAR_STRESS_ACTIVATES_SIGNALING_BY_PIEZO1_AND_INTEGRINS_IN_ENDOTHELIAL_CELLS,0.0272051183045591,0.327893267986528,0.352487857583619,0.463337268284863,1.63080322779743,26,IKBKG;PPP2R1A;PIEZO1;ABL1;CAPNS1;GNA11
REACTOME_ION_TRANSPORT_BY_P_TYPE_ATPASES,0.0275910416428193,0.328225897984708,0.352487857583619,-0.387198911610392,-1.52590904358413,32,CALM1;CUTC;ATP1A2;ATP10B;ATP1B2;ATP1B1;FXYD3;CAMK2A;FXYD7;ATP2C1;ATP10A;ATP2B2;ATP7B;ATP9B
REACTOME_TRANSPORT_OF_MATURE_MRNAS_DERIVED_FROM_INTRONLESS_TRANSCRIPTS,0.0300509897467745,0.352906494974942,0.352487857583619,-0.395036582869716,-1.54585015914844,31,NUP43;NUP107;NUP205;NUP88;NUP133;NUP50;NUP160;NUP153;NUP54;SEH1L;EIF4E;RANBP2
REACTOME_ACTIVATION_OF_ATR_IN_RESPONSE_TO_REPLICATION_STRESS,0.0308725332314324,0.353490505499901,0.352487857583619,-0.471719421835575,-1.58942628129657,19,RFC5;ORC3;RPA3;RAD17;ORC4;ATR;HUS1
REACTOME_INOSITOL_PHOSPHATE_METABOLISM,0.0306463729241189,0.353490505499901,0.352487857583619,0.419062934071704,1.52618573675364,29,IPPK;PLCH2;PPIP5K1;IP6K2;IP6K1;PLCG1;PLCB3;INPPL1;ISYNA1;ITPK1;IMPA2;INPP5D;ITPKC;INPP5A
REACTOME_GPVI_MEDIATED_ACTIVATION_CASCADE,0.0336941440577966,0.377632470183791,0.321775918075361,0.454468896134175,1.59958931318576,26,VAV2;RAC2;PIK3R2;PRKCZ;PTPN6;LAT;PDPK1;COL1A1;RHOA;VAV1;LCK;PIK3R5;RHOG
REACTOME_G_ALPHA_Q_SIGNALLING_EVENTS,0.0338055268068459,0.377632470183791,0.321775918075361,0.300166939394426,1.40584655888948,98,RPS6KA1;GPR132;PIK3R2;GNB2;DGKZ;RGS3;PLCB3;DGKQ;P2RY2;LPAR2;MGLL;AVPR1A;GNA11;ABHD6;HRAS;EDN2;AVP;PRKCE;PTAFR;PTGER1;MAPK3;F2;KISS1;GCGR;MAPK7;PRKCD;GNRH2;GNG7;EDN3;OXT;RGS19;NPFF
REACTOME_FCGAMMA_RECEPTOR_FCGR_DEPENDENT_PHAGOCYTOSIS,0.03568903490124,0.38918042820876,0.321775918075361,0.323716859681714,1.42173317143365,69,VAV2;MYO9B;CRK;PIK3R2;PLCG1;ABL1;ARPC1B;CFL1;MYO1C;NF2;PRKCE;CD247;PLD3;MYH9;HCK;ARPC2;PLD2;MAPK3;ARPC5;VAV1;ARPC1A;PRKCD;FGR
REACTOME_SARS_COV_2_MODULATES_HOST_TRANSLATION_MACHINERY,0.0356148417986226,0.38918042820876,0.321775918075361,-0.356618300239824,-1.48364327900367,41,SNRPE;RPS13;RPS23;RPS3A;GEMIN2;RPS6;GEMIN6;RPS15A;RPS4X;RPS17;SNRPD2;SNRPD3;RPS24;RPS3;RPS7
REACTOME_ANTIMICROBIAL_PEPTIDES,0.0379918800872058,0.390743214254117,0.321775918075361,0.457122053964014,1.5463442417772,22,PLA2G2A;GNLY;S100A9;CLU;PGLYRP1;LYZ;S100A8;SLC11A1
REACTOME_INFLUENZA_INFECTION,0.0379467207399242,0.390743214254117,0.321775918075361,-0.260403048575501,-1.3504785234535,127,NUP43;RPL41;NUP107;RPL7;NUP205;NUP88;NUP133;NUP50;RPS13;RPL37A;POLR2K;RPS23;RPS3A;NUP160;NUP153;KPNA1;CANX;RPS6;IPO5;RPL24;NUP54;RPS15A;SEH1L;RPL12;RPS4X;XPO1;RPL7A;RPL30;RPS17;RANBP2
REACTOME_LATE_ENDOSOMAL_MICROAUTOPHAGY,0.0375201439486956,0.390743214254117,0.321775918075361,0.43955967210291,1.5402152117505,25,HBB;PLIN2;CHMP6;PLIN3;HSPA8;CFTR;VIM;MVB12B;VPS37B
REACTOME_MITOTIC_PROMETAPHASE,0.0378407243132764,0.390743214254117,0.321775918075361,-0.261468534966889,-1.33349367360185,117,NUP43;TUBGCP4;STAG2;PPP2R5A;NUP107;CEP43;CLIP1;STAG1;NUP133;NEK7;CEP70;CEP57;NUP160;OFD1;DYNC1I2;PDS5B;CNTRL;NME7;SEH1L;BUB3;PPP2R5C;SMC4;CLASP2;XPO1;CETN2;RANBP2;ITGB3BP;CKAP5;RAD21;HAUS4;TUBB6;SMC1A;TUBB4A;NEK9;PPP2CB
REACTOME_MITOTIC_SPINDLE_CHECKPOINT,0.038818376088564,0.390743214254117,0.321775918075361,-0.316033160759557,-1.42949563641812,61,NUP43;UBE2E1;PPP2R5A;NUP107;CLIP1;CDC16;NUP133;NUP160;DYNC1I2;CDC23;SEH1L;BUB3;PPP2R5C;CLASP2;XPO1;RANBP2;ITGB3BP;CKAP5
REACTOME_NEUROTRANSMITTER_RELEASE_CYCLE,0.0386327674316573,0.390743214254117,0.321775918075361,-0.40180555737177,-1.53414493758153,30,MAOA;NAAA;ALDH5A1;SYN1;ARL6IP5;SLC6A13;GLS2;ABAT;SYN2;SLC38A2;SLC1A2
REACTOME_PLATELET_AGGREGATION_PLUG_FORMATION,0.0363745132999395,0.390743214254117,0.321775918075361,0.416376607005352,1.51640239940837,29,CRK;AKT1;SHC1;ADRA2C;CSK;GP9;PDPK1;COL1A1;F2;GP1BA;ADRA2B
REACTOME_CARGO_CONCENTRATION_IN_THE_ER,0.0416666666666667,0.401001991630932,0.287857117255149,0.43231990114218,1.49051895900374,23,STX5;PREB;CTSZ;GOSR2;LMAN2;SEC24C
REACTOME_MITOCHONDRIAL_BIOGENESIS,0.0410826738163184,0.401001991630932,0.321775918075361,-0.311399575892673,-1.44984733927923,68,PPARGC1A;ATP5F1C;ATP5MJ;NCOR1;CHD9;CALM1;CREBBP;TBL1X;NCOA2;SSBP1;ATP5PF;ATP5MG;MTX2;MED1;PRKAB2;ATP5PO;APOO;TGS1;ATP5PB;MEF2C;ATP5PD;ATP5MC1
REACTOME_RMTS_METHYLATE_HISTONE_ARGININES,0.0407258035064768,0.401001991630932,0.321775918075361,0.447578014421542,1.57533555051967,26,CCND1;PRMT1;SMARCB1;PRMT7;H2AC15;H2AX;RPS2;CARM1;SMARCC2;ARID1A;WDR77;H2AC6;SMARCA4;H3C6;CDK4;SMARCD3;H2AZ2;PBRM1
REACTOME_SLC_TRANSPORTER_DISORDERS,0.0411902200828533,0.401001991630932,0.321775918075361,-0.308400918187078,-1.42487117008764,66,SLC12A6;NUP43;NUP107;NUP205;NUP88;NUP133;NUP50;SLC7A9;NUP160;SLCO1B3;NUP153;NUP54;SLC16A1;SEH1L;SLC35A1;SLC4A4;RANBP2;SLC11A2;SLC2A1;SLC2A2;SLC22A5
REACTOME_THE_PHOTOTRANSDUCTION_CASCADE,0.0420264096032418,0.401001991630932,0.321775918075361,-0.476458425449493,-1.510670043181,16,PRKCA;CALM1;CNGA1;NMT2;METAP2;METAP1
REACTOME_DEGRADATION_OF_THE_EXTRACELLULAR_MATRIX,0.0451085588434443,0.405284959436404,0.321775918075361,0.317904739403605,1.42428494203292,73,MMP9;LAMA5;BSG;SPP1;TMPRSS6;CAPNS1;CTSD;MMP15;HSPG2;FURIN;CDH1;COL5A3;HTRA1;CAPN1;COL1A1;CAPN15;ADAM8;COL13A1;ADAM15;MMP14;COL18A1;MMP25;COL6A2;CAPN5;CASP3;CTSS;LAMA3;COL4A2;COL16A1;COL4A1;COL3A1
REACTOME_DISEASES_OF_IMMUNE_SYSTEM,0.0449050086355786,0.405284959436404,0.282013350011725,0.422105540177895,1.47905600810883,25,IKBKG;UNC93B1;S100A9;TRAF3;NFKB2;TICAM1;S100A8;CD14;CD36
REACTOME_GOLGI_TO_ER_RETROGRADE_TRANSPORT,0.0451299845660624,0.405284959436404,0.321775918075361,0.312622876576949,1.41184137890582,77,GALNT2;KLC2;KDELR3;TMED9;ACTR1A;NAPA;ARF1;TMED3;AGPAT3;COPZ2;DYNC1H1;ARFGAP1;KDELR1;COPG1;ARF4;GBF1;CAPZB;ARCN1;ARF5;COPE;TUBB4B;KIF5B;TUBA3C;DCTN2;KIF1C;KIF22;RAB1A;ARFGAP3;PAFAH1B1;BICD1;DCTN1;NBAS;DCTN5;DYNLL1;USE1;TUBA4A
REACTOME_INTERLEUKIN_RECEPTOR_SHC_SIGNALING,0.0433275563258232,0.405284959436404,0.287857117255149,0.493093670591646,1.5430575523649,17,PIK3R2;SHC1;IL2RB;INPPL1;JAK3;PTPN6;PIK3CD;INPP5D
REACTOME_SEPARATION_OF_SISTER_CHROMATIDS,0.044797035643101,0.405284959436404,0.321775918075361,-0.260125978153656,-1.32303869529202,114,NUP43;UBE2E1;STAG2;PPP2R5A;NUP107;CLIP1;CDC16;STAG1;NUP133;NUP160;DYNC1I2;PDS5B;CDC23;PSMD12;SEH1L;BUB3;PPP2R5C;PSMA1;UBB;CLASP2;XPO1;PSMA3;RANBP2;ITGB3BP;CKAP5;RAD21;SEM1;PSMB1;TUBB6;SMC1A;TUBB4A;PSMA2;CDC27;PPP2CB
REACTOME_SLC_MEDIATED_TRANSPORT_OF_ORGANIC_ANIONS,0.0439456895425262,0.405284959436404,0.321775918075361,0.437179559332202,1.50727371086079,23,BSG;SLCO4A1;SLC25A10;SLC22A7;SLC13A2;AVP;SLC25A11;SLC16A8;SLC22A6;SLC17A5;SLC16A3;SLC25A1
REACTOME_NUCLEAR_EVENTS_STIMULATED_BY_ALK_SIGNALING_IN_CANCER,0.0457627118644068,0.406977126871812,0.276500599254472,0.459768717256492,1.50414611019124,20,JUNB;STAT3;ZAP70;DNMT1;PTPN6;PRF1;NOTCH1;IL10RA;MAPK3
REACTOME_FATTY_ACID_METABOLISM,0.046583850931677,0.408293646798339,0.261663521711573,0.27839682171052,1.35583781730821,119,PTGES2;SLC25A20;GPX1;ACLY;CPT2;ELOVL1;PPARD;ACOX3;MCAT;ACAA1;CRAT;GGT5;ACOT7;MLYCD;FASN;CYP4F2;ACSL1;RXRA;ACOT9;SLC27A2;ACBD4;ECHS1;CYP2C9;TECR;FADS2;GPX2;ACADS;ECI1;ACADVL;HPGD;GPX4;HADH;DPEP1;PECR;MAPKAPK2;PTGDS;CPT1A;MID1IP1;HSD17B8;HACD3;HSD17B3;FADS1;CYP1B1;ABCC1;PRKAG2;ACOT8;SCD;ALOX5;TBXAS1;ACAD10;NUDT7;ABCD1;PCCB;ACSF2;HADHA;CBR1
REACTOME_INTRA_GOLGI_TRAFFIC,0.0475352112676056,0.408293646798339,0.276500599254472,0.395570410015799,1.4540567215078,31,YKT6;STX5;CYTH2;COG4;NAPA;ARF1;GOSR2;MAN2A2;BET1L
REACTOME_SELENOAMINO_ACID_METABOLISM,0.0476936901827755,0.408293646798339,0.321775918075361,-0.273502259182918,-1.34763493052871,93,DARS1;HNMT;RPL41;RPL7;RPS13;RPL37A;RPS23;RPS3A;RPS6;RPL24;AIMP1;RPS15A;RPL12;RPS4X;PAPSS2;RPL7A;RPL30;RPS17;CTH;RPL36AL;RPL22;RPS24;RPS3;RPS7;KARS1;RPL9;EPRS1;RPL26L1;GNMT;RPL5;RPL10;PAPSS1;RPL14;RARS1;RPS27
REACTOME_VIRAL_MESSENGER_RNA_SYNTHESIS,0.0470886062634885,0.408293646798339,0.321775918075361,-0.363933948602891,-1.47105757346594,37,NUP43;NUP107;NUP205;NUP88;NUP133;NUP50;POLR2K;NUP160;NUP153;NUP54
REACTOME_ROS_AND_RNS_PRODUCTION_IN_PHAGOCYTES,0.0483333333333333,0.409938271604938,0.266350657088526,0.42902455111101,1.4791575072523,23,RAC2;ATP6V0D1;NOS3;TCIRG1;CYBA;ATP6V0C;ATP6V0B;SLC11A1;ATP6V1C1
REACTOME_ECM_PROTEOGLYCANS,0.0498338870431894,0.418787527812491,0.261663521711573,0.357712433179559,1.44790824058693,46,SERPINE1;LAMA5;VTN;TGFB1;AGRN;HSPG2;COL5A3;LAMB2;COL1A1;VCAN;LAMA2;COL6A2;LAMA3;PTPRS;COL4A2;COL4A1;COL3A1;ITGAX
REACTOME_METABOLISM_OF_AMINO_ACIDS_AND_DERIVATIVES,0.0508583267454729,0.419695741431109,0.321775918075361,-0.210555653491829,-1.21669324489337,250,KMO;MCCC1;DARS1;AUH;HNMT;HAL;RPL41;DCT;RPL7;MTRR;SLC25A15;RPS13;RPL37A;KYNU;ARG2;RPS23;RPS3A;ACADSB;RPS6;SDS;RPL24;TAT;AIMP1;ASPA;ALDH9A1;AASS;CPS1;RPS15A;PSMD12;PRODH;RPL12;SUOX;ALDH7A1;GLS2;PSMA1;RPS4X;TDO2;PAPSS2;BCKDHB;RPL7A;RPL30;PSMA3;OAT;RPS17;ARG1;GOT1;CTH;MCCC2;SERINC1;SEM1;PAH;ASRGL1;RPL36AL;RPL22;PSMB1;RPS24;AZIN1;PSMA2;OTC;RPS3;DBH;RPS7;KARS1;RPL9;PSMA4;EPRS1;ALDH6A1;TXN2;BBOX1;RPL26L1;CKB;SRR;GNMT;ENOPH1;RPL5;GRHPR;RPL10;PAPSS1;DIO1;RPL14;RARS1;RPS27;ASS1;ADO;HAO1;PSMC2;GLS;IARS1;CAV1;LARS1;PSMD14
REACTOME_TNF_SIGNALING,0.0505050505050505,0.419695741431109,0.261663521711573,0.360629484676397,1.44632830047126,45,IKBKG;ULK1;RNF31;SMPD2;TRAF2;TNFRSF1A;TRADD;STUB1;USP21;FADD;RACK1;SHARPIN;OPTN;SPPL2B;TNF;MAPKAPK2;MADD
REACTOME_MITOTIC_METAPHASE_AND_ANAPHASE,0.051340346287246,0.419890689277833,0.321775918075361,-0.236790537143795,-1.25634829662823,140,NUP43;UBE2E1;STAG2;TMPO;PPP2R5A;NUP107;NUP205;CLIP1;CDC16;STAG1;NUP133;LBR;NUP160;DYNC1I2;PDS5B;NUP54;CDC23;PSMD12;SEH1L;BUB3;SUMO1;PPP2R5C;PSMA1;UBB;CLASP2;XPO1;PSMA3;RANBP2;ITGB3BP;CKAP5;RAD21;SEM1;PSMB1;TUBB6;SMC1A;TUBB4A;PSMA2;CDC27;PPP2CB;PSMA4;NUP155;PPP2R2A;PDS5A;UBE2C;LEMD3;RPS27;IST1;VRK2;PSMC2;PSMD14;CDCA8;NUP98;DYNC1I1;TUBB2A;ZW10;PSMA5;CHMP2B;PTTG1
REACTOME_DAP12_SIGNALING,0.0518394648829431,0.420220794980318,0.257206466468838,0.437168602379955,1.47884606553953,22,VAV2;PIK3R2;PLCG1;SHC1;HRAS;LAT;TYROBP;GRAP2;TREM2;LCK
REACTOME_DAP12_INTERACTIONS,0.0535405872193437,0.427940622409766,0.257206466468838,0.417453489069059,1.4627552409129,25,VAV2;PIK3R2;PLCG1;SHC1;HRAS;LAT;TYROBP;GRAP2;NCR2;TREM2;LCK
REACTOME_THROMBIN_SIGNALLING_THROUGH_PROTEINASE_ACTIVATED_RECEPTORS_PARS,0.0537261698440208,0.427940622409766,0.257206466468838,0.479505867867127,1.50053670315392,17,GNA12;GNB2;GNA11;MAPK3;F2;GNG7;GNB5
REACTOME_VISUAL_PHOTOTRANSDUCTION,0.0545454545454545,0.430721003134796,0.248911114434702,0.350031454502136,1.42991687535661,48,GPC1;RDH16;APOE;DHRS3;AGRN;SDC1;HSPG2;MYO7A;SDC4;LDLR;APOA4;NMT1;APOA1;LRP10;LRP1;GNAT1;HSD17B6
REACTOME_SUMOYLATION_OF_RNA_BINDING_PROTEINS,0.0579036758775584,0.453331342767893,0.321775918075361,-0.374978751163185,-1.51028240016952,36,NUP43;NUP107;NUP205;NUP88;NUP133;NUP50;NUP160;NUP153;PHC3;NUP54;SEH1L;SUMO1;RANBP2
REACTOME_INSERTION_OF_TAIL_ANCHORED_PROTEINS_INTO_THE_ENDOPLASMIC_RETICULUM_MEMBRANE,0.0598290598290598,0.454953822351727,0.241339976815091,0.462278702429299,1.49428693885232,19,STX5;HMOX1;GET3;SGTA;UBL4A;BAG6
REACTOME_INTERLEUKIN_2_FAMILY_SIGNALING,0.0593730445249603,0.454953822351727,0.321775918075361,0.417374106381341,1.49746131153378,28,PIK3R2;LGALS9;STAT3;SHC1;IL2RB;INPPL1;JAK3;PTPN6;PIK3CD
REACTOME_SARS_COV_2_HOST_INTERACTIONS,0.0600976119045404,0.454953822351727,0.321775918075361,-0.240491789791054,-1.27517115697233,139,NUP43;SNRPE;TOMM70;ATG14;NUP107;PIK3R4;NUP205;NUP88;NUP133;NUP50;RPS13;CREBBP;RPS23;RPS3A;NUP160;NUP153;GEMIN2;UBE2N;RPS6;NUP54;GEMIN6;JAK1;TRAF6;RPS15A;SEH1L;PIK3C3;TJP1;UBB;RPS4X;AKT3;RPS17;RANBP2;SNRPD2;SNRPD3;RPS24;PTPN11;MBL2;RPS3;NOD1;RPS7;STAT1;SAR1B;NUP155
REACTOME_SIGNALING_BY_FGFR1_IN_DISEASE,0.0591016548463357,0.454953822351727,0.287857117255149,-0.403828125849146,-1.46207180883629,25,GAB1;CEP43;CPSF6;CNTRL;TRIM24;SOS1;FRS2;KRAS;ERLIN2
REACTOME_CELL_SURFACE_INTERACTIONS_AT_THE_VASCULAR_WALL,0.0609951845906902,0.457963844959608,0.231126709673834,0.282631405219498,1.32089597732431,96,GAS6;GPC1;BSG;PICK1;PIK3R2;PLCG1;ITGB2;SHC1;TGFB1;HRAS;SDC1;PPIL2;PTPN6;SLC7A5;SDC4;COL1A1;INPP5D;PF4;SLC16A8;F2;ITGAL;SLC16A3;CEACAM3;IGLL1;LCK;GYPC;SLC7A8;DOK2;SDC3;CD74;SLC3A2;CD99;ITGA6;SELPLG;CD48
REACTOME_INTRA_GOLGI_AND_RETROGRADE_GOLGI_TO_ER_TRAFFIC,0.062111801242236,0.461067098524971,0.224966093540314,0.268549942059384,1.31963894680306,126,YKT6;STX5;CYTH2;GALNT2;KLC2;KDELR3;PLIN3;TMED9;ACTR1A;COG4;NAPA;ARF1;GOSR2;TMED3;MAN2A2;BET1L;AGPAT3;COPZ2;DYNC1H1;ARFGAP1;KDELR1;COPG1;ARFRP1;ARF4;GBF1;ARFIP2;CYTH4;CAPZB;ARCN1;IGF2R;ARF5;COPE;TUBB4B;KIF5B;TUBA3C;VPS51;DCTN2;M6PR;KIF1C;KIF22;RAB1A;RGP1;ARFGAP3;STX10;PAFAH1B1;BICD1
REACTOME_METABOLISM_OF_LIPIDS,0.062415196743555,0.461067098524971,0.208955027549354,0.208782089874417,1.2019356732423,476,AGPAT2;GPD1;PTGES2;LDLRAP1;LPCAT1;SLC25A20;GPX1;PI4K2A;SREBF2;MVK;LPCAT3;PLIN2;PLA2G2A;PIP5K1C;PIK3R2;PITPNM1;INPP5K;MED22;SQLE;MVD;ACLY;CPT2;TM7SF2;RXRB;SMPD2;MBTPS1;SBF1;FDXR;PNPLA3;PLIN1;PLIN3;ELOVL1;ACAT1;NR1H2;PPARD;ACOX3;FABP4;TRIB3;MED16;ARF1;DGAT1;ABHD5;MCAT;MGLL;PRKD2;PPP1CA;PIAS4;ACAA1;CYB5B;AGPAT3;OSBPL2;INPPL1;CRAT;GGT5;ACOT7;STARD5;MLYCD;NSDHL;PIK3CD;FASN;ME1;PLD3;POMC;PLEKHA4;DHCR7;STARD3;ABCB4;CTSA;NEU1;CYP4F2;PEMT;ACSL1;PTDSS2;GDE1;MED15;RXRA;ACOT9;SLC27A2;PMVK;SREBF1;SCAP;LGMN;PSAP;MED18;NRF1;TNFAIP8L1;FABP3;PNPLA6;SEC24C;APOA1;ACBD4;MTF1;TSPO;G0S2;SIN3B;GAL3ST1;ECHS1;INPP5D;CYP2C9;TECR;PLD2;VAC14;ARSA;CSNK1G2;CARM1;PLA2G15;SPHK2;PI4KA;GDPD5;SPTSSA;FADS2;HSD11B2;GPX2;ACADS;SMPD1;ECI1;GM2A
REACTOME_EXTRACELLULAR_MATRIX_ORGANIZATION,0.0637329286798179,0.463328275164391,0.219250346703755,0.241655155766648,1.25161405869294,196,MMP9;SERPINE1;CD151;LAMA5;BSG;EMILIN1;COLGALT1;P4HB;ACTN1;ICAM2;VTN;SPP1;PLEC;TMPRSS6;ITGB2;CAPNS1;CTSD;TGFB1;PLOD1;MMP15;AGRN;SNTA1;SDC1;HSPG2;FURIN;CDH1;ACTA1;LTBP3;COL5A3;SDC4;PPIB;HTRA1;CAPN1;SERPINH1;LAMB2;COL1A1;FBLN2;DTNB;CAPN15;ADAM8
REACTOME_G2_M_DNA_DAMAGE_CHECKPOINT,0.0635696821515893,0.463328275164391,0.282013350011725,-0.331823464441079,-1.40159678402882,43,RFC5;NBN;RPA3;TOPBP1;UBE2V2;UBE2N;RAD17;ATR;HUS1;MDC1
REACTOME_CRISTAE_FORMATION,0.0651629072681704,0.469993882343654,0.282013350011725,-0.404619425609794,-1.43297512688081,24,ATP5F1C;ATP5MJ;ATP5PF;ATP5MG;MTX2;ATP5PO;APOO;ATP5PB;ATP5PD;ATP5MC1
REACTOME_ABORTIVE_ELONGATION_OF_HIV_1_TRANSCRIPT_IN_THE_ABSENCE_OF_TAT,0.0666666666666667,0.476730490043006,0.227987202850442,0.458093964535753,1.48076003583043,19,SUPT5H;NELFB;POLR2D;POLR2E;CTDP1;NELFCD;GTF2F1;POLR2L
REACTOME_FORMATION_OF_THE_DYSTROPHIN_GLYCOPROTEIN_COMPLEX_DGC,0.0671378091872792,0.476730490043006,0.231126709673834,0.405601797298913,1.42759230804814,26,LAMA5;AGRN;SNTA1;HSPG2;ACTA1;LAMB2;DTNB;SNTB2;LAMA2;SNTB1;SGCB
REACTOME_FORMATION_OF_THE_EARLY_ELONGATION_COMPLEX,0.0685413005272408,0.48165944407173,0.227987202850442,0.395117435600773,1.41108542668636,27,SUPT5H;NELFB;POLR2D;ERCC2;POLR2E;CTDP1;NELFCD;GTF2F1;ERCC3;POLR2L
REACTOME_SUMOYLATION_OF_DNA_REPLICATION_PROTEINS,0.0688836104513064,0.48165944407173,0.266350657088526,-0.338256597730518,-1.36237849400513,36,NUP43;NUP107;NUP205;NUP88;NUP133;NUP50;NUP160;NUP153;NUP54;SEH1L;SUMO1;RANBP2
REACTOME_RHOBTB1_GTPASE_CYCLE,0.069594016771458,0.482940298201936,0.287805130535564,-0.431853952463884,-1.45510231284722,19,ROCK1;SRRM1;RBBP6;CPSF7;SPEN;ROCK2;CUL3;COPS2
REACTOME_ANTIMICROBIAL_MECHANISM_OF_IFN_STIMULATED_GENES,0.0726256983240224,0.486763285024155,0.282013350011725,-0.249694612759554,-1.28055145811065,119,NUP43;FANCL;UBE2E1;HERC5;PPP2R5A;NUP107;NUP205;NUP88;PPM1B;NUP133;NUP50;NCK1;MAP2K6;IFIT1;HSPA1L;NUP160;NUP153;KPNA1;UBE2N;NEDD4;NUP54;JAK1;SEH1L;EIF4E;ARIH1;SUMO1;NPM1;UBB;GBP2;RANBP2
REACTOME_HIV_LIFE_CYCLE,0.0732394366197183,0.486763285024155,0.282013350011725,-0.248253722362443,-1.26265466935325,114,NUP43;GTF2B;CCNT1;NUP107;NUP205;NUP88;NUP133;NUP50;CHMP5;PPIA;VPS4B;POLR2K;NUP160;NUP153;KPNA1;RNMT;TAF5;NUP54;ELOA;TAF9B;NMT2;SEH1L;UBB;GTF2H1;XPO1;GTF2A2;RANBP2;TCEA1;CD4;NEDD4L
REACTOME_INTRAFLAGELLAR_TRANSPORT,0.0707547169811321,0.486763285024155,0.261663521711573,-0.388708291644568,-1.45976815104733,28,WDR19;IFT88;TTC21B;IFT25;KIFAP3
REACTOME_RAB_GEFS_EXCHANGE_GTP_FOR_GDP_ON_RABS,0.0726072607260726,0.486763285024155,0.213927855492356,0.325155376038583,1.36138031196145,54,RAB32;ULK1;HPS1;RIN3;DENND6B;SBF1;AKT1;AKT2;TRAPPC12;RAB5C;RIN1;RAB35
REACTOME_SIGNALING_BY_ALK,0.0719063545150502,0.486763285024155,0.216542836735348,0.43444490765026,1.44888982999395,21,PIK3R2;STAT3;PLCG1;SHC1;JAK3;DNMT1;PTPN6
REACTOME_SYNDECAN_INTERACTIONS,0.0733333333333333,0.486763285024155,0.213927855492356,0.409414362588625,1.41154702319864,23,ACTN1;VTN;TGFB1;SDC1;COL5A3;SDC4;COL1A1
REACTOME_TNFR1_INDUCED_NF_KAPPA_B_SIGNALING_PATHWAY,0.0759717314487633,0.500648244655159,0.216542836735348,0.398316027879716,1.40194866334458,26,IKBKG;RNF31;TRAF2;TNFRSF1A;TRADD;USP21;RACK1;SHARPIN;OPTN
REACTOME_ACTIVATION_OF_MATRIX_METALLOPROTEINASES,0.0814558058925477,0.50146919166527,0.206587922696891,0.474764006267355,1.43465707565288,15,MMP9;MMP15;FURIN;MMP14;COL18A1;MMP25;TIMP2;TIMP1
REACTOME_AUTOPHAGY,0.0835913312693498,0.50146919166527,0.191892240384838,0.266873988625339,1.28813042890973,112,HBB;ULK1;MLST8;ATG101;PLIN2;CHMP6;ATG13;PLIN3;HSPA8;MFN2;HSF1;VCP;CFTR;TOMM40;DYNC1H1;ATG9A;WDR45B;SQSTM1;ATG4B;BECN1;TSC2;RRAGC;MAP1LC3C;VIM;MVB12B;AMBRA1;TUBB4B;VPS37B;OPTN;TUBA3C
REACTOME_COMPLEX_IV_ASSEMBLY,0.0802752293577982,0.50146919166527,0.241339976815091,-0.387782418528234,-1.43659754837258,26,COX6C;COX7C;COX7B;COX11;COX15;HIGD1A;COA1;TMEM223;COX7A2L;COX6B1;COQ10B;COX17;COX7A2;COX7A1
REACTOME_COPII_MEDIATED_VESICLE_TRANSPORT,0.0822147651006712,0.50146919166527,0.20207170902116,0.33575818886092,1.3601307416129,47,YKT6;STX5;SEC16A;PREB;CTSZ;NAPA;GOSR2;LMAN2;CSNK1D;GORASP1;PPP6R1;SEC24C
REACTOME_ERCC6_CSB_AND_EHMT2_G9A_POSITIVELY_REGULATE_RRNA_EXPRESSION,0.0819397993311037,0.50146919166527,0.20207170902116,0.430566706725603,1.43595588651927,21,GATAD2A;MBD3;H2AX;H2BC12;H3-3B;RBBP4;HDAC1;H2BC5;H2AC6;EHMT2;H3C6;H2AZ2;CHD4;CHD3;MTA1
REACTOME_FORMATION_OF_ATP_BY_CHEMIOSMOTIC_COUPLING,0.0784289616477593,0.50146919166527,0.287805130535564,-0.486148711971368,-1.5077239360358,15,ATP5F1C;ATP5MJ;ATP5PF;ATP5MG;ATP5PO;ATP5PB;ATP5PD;ATP5MC1
REACTOME_G_PROTEIN_BETA_GAMMA_SIGNALLING,0.0786324786324786,0.50146919166527,0.208955027549354,0.450144538053178,1.45506401284288,19,GNB2;AKT1;PLCB3;AKT2;PDPK1;RHOA;GNG7;PIK3R5;GNB5;PLCB2
REACTOME_HEME_SIGNALING,0.078239608801956,0.50146919166527,0.252961123069611,-0.338828699378264,-1.38164760527939,38,PPARGC1A;SIRT1;RORA;NCOR1;CHD9;CREBBP;TBL1X;NCOA2;MED1;XPO1;TGS1;MEF2C;NCOA6;EP300
REACTOME_INTEGRIN_CELL_SURFACE_INTERACTIONS,0.0810372771474878,0.50146919166527,0.199915231309662,0.313991730044761,1.33332862686595,57,BSG;ICAM2;VTN;SPP1;ITGB2;AGRN;HSPG2;CDH1;COL5A3;COL1A1;ITGAL;ITGB7;COL13A1;COL18A1;COL6A2;ICAM1;ITGA6;ITGAM;COL4A2;COL16A1;COL4A1;COL3A1;ITGAX
REACTOME_INTERLEUKIN_3_INTERLEUKIN_5_AND_GM_CSF_SIGNALING,0.0804020100502513,0.50146919166527,0.204294756516886,0.358114411742508,1.39192565148293,37,CRK;PIK3R2;SHC1;RAPGEF1;IL2RB;INPPL1;JAK3;PTPN6;PIK3CD;HCK;INPP5D
REACTOME_ION_HOMEOSTASIS,0.08274231678487,0.50146919166527,0.241339976815091,-0.372681375224401,-1.41099538982096,29,ASPH;CALM1;ATP1A2;ATP1B2;ATP1B1;FXYD3;CAMK2A;FXYD7
REACTOME_OTHER_INTERLEUKIN_SIGNALING,0.0837606837606838,0.50146919166527,0.20207170902116,0.446747154342284,1.44408218288017,19,IL32;TXLNA;SDC1;STX4;CSF1;TYK2;STXBP2;CSF3R;IL10RB;CASP3;CSF1R
REACTOME_REGULATION_OF_PYRUVATE_METABOLISM,0.08274231678487,0.50146919166527,0.241339976815091,-0.372676965350972,-1.41097869375968,29,MKLN1;DLAT;RANBP9;PDPR;WDR26;UBB;GID4;NEK1;ARMC8;PDHB
REACTOME_SUMOYLATION_OF_INTRACELLULAR_RECEPTORS,0.0776942355889724,0.50146919166527,0.257206466468838,-0.395540827769983,-1.4008229263981,24,NR3C2;PIAS1;RORA;NR2C1;PIAS2;SUMO1;THRB;AR;NR5A2;ESR1
REACTOME_INTRINSIC_PATHWAY_FOR_APOPTOSIS,0.0843170320404722,0.501522086682289,0.199915231309662,0.342417484125219,1.36095061814608,43,STAT3;BAX;AKT1;C1QBP;BCL2L1;AKT2;CASP9;BCL2;NMT1;YWHAH;MAPK3;GSDMD;BAD;PPP3CC;AVEN
REACTOME_PHASE_II_CONJUGATION_OF_COMPOUNDS,0.0855745721271394,0.505718116570708,0.241339976815091,-0.30398963258213,-1.34261879780786,52,MGST2;MTRR;ABHD10;NAT1;MAT2B;GSTA4;GCLC;GSTA3;ACSM1;SLC35D2;SULT1A2;UXS1;GLYAT;TPMT;TPST1;SULT1E1;GSTM3;BPNT2;MGST3
REACTOME_FORMATION_OF_RNA_POL_II_ELONGATION_COMPLEX,0.0876897133220911,0.508378337993895,0.195789002148949,0.33949045897527,1.34931705131076,43,CDK9;SUPT5H;PAF1;NELFB;POLR2D;ERCC2;POLR2E;CTDP1;NELFCD;ELOB;GTF2F1;SUPT6H;ERCC3;POLR2L
REACTOME_NOTCH_HLH_TRANSCRIPTION_PATHWAY,0.087378640776699,0.508378337993895,0.237793834423688,-0.402410424236051,-1.37093226521637,20,NCOR1;CREBBP;TBL1X;MAMLD1;NOTCH2;RBPJ;KAT2B
REACTOME_STRIATED_MUSCLE_CONTRACTION,0.0868794326241135,0.508378337993895,0.20207170902116,0.461846697847551,1.42105604305007,16,DES;ACTA1;TPM2;TCAP;TPM4;VIM;TNNI2;MYBPC3
REACTOME_SIGNALING_BY_ALK_IN_CANCER,0.0882825040128411,0.508596060853852,0.190023305279108,0.307954645460417,1.33825895801215,64,CDKN1A;PIK3R2;JUNB;STAT3;PLCG1;SHC1;ZAP70;MSN;DNMT1;PTPN6;PRF1;SQSTM1;MYH9;TPM4;TYK2;NOTCH1;IL10RA;MAPK3;KIF5B
REACTOME_RESPONSE_TO_ELEVATED_PLATELET_CYTOSOLIC_CA2,0.0889235569422777,0.50908736349454,0.186432558434075,0.268254021289155,1.27731448579155,105,GAS6;SERPINE1;ANXA5;MANF;LGALS3BP;HSPA5;CTSW;ACTN1;PFN1;CFL1;TGFB1;STX4;CLU;FLNA;STXBP2;RARRES2;PSAP;CYB5R1;APOA1;VEGFB;PF4;SERPING1;QSOX1;CFD;CD36;TEX264;WDR1;HABP4;AHSG;TAGLN2;VTI1B;CAP1
REACTOME_DENGUE_VIRUS_GENOME_TRANSLATION_AND_REPLICATION,0.09375,0.518542254122874,0.186432558434075,0.307952557218652,1.3149301702145,60,HSPA5;P4HB;HYOU1;EIF4G1;RPN1;HSPA8;NPLOC4;VCP;FASN;KPNA2;DPM2;HDLBP;SCAP;NMT1;VIM;APOA1;CALR;PABPC1;EIF4A3;DPM3;DNAJA2;RRBP1
REACTOME_PROCESSING_OF_CAPPED_INTRON_CONTAINING_PRE_MRNA,0.0937990310736611,0.518542254122874,0.287805130535564,-0.212727669917253,-1.20760154409175,220,NUP43;SNRPE;U2SURP;THOC2;LSM3;NUP107;NUP205;NUP88;NUP133;NUP50;PRPF18;GCFC2;SRSF7;SRRM1;RBMX2;CPSF6;POLR2K;RBBP6;CPSF7;NUP160;NUP153;AQR;THOC7;NUP54;PPIG;LSM6;METTL3;HNRNPU;HNRNPA1;SNRPB2;PRPF3;PPP1CB;WDR70;LUC7L3;SEH1L;RBM25;EIF4E;SNRPA1;UBB;UPF3B;CSTF3;PRP4K;DHX15;RANBP2;STEEP1;SNRPD2;SRSF11;SF3A3;RBM5;PRPF4;MTREX;SF3A2;LSM5;SNRPD3;DHX35;SMNDC1
REACTOME_REGULATION_OF_TP53_EXPRESSION_AND_DEGRADATION,0.0916955017301038,0.518542254122874,0.193813302725311,0.374070421523378,1.34209567736958,28,MLST8;PPP2R1A;AKT1;MAPKAP1;USP7;AKT2;PDPK1
REACTOME_SIGNALING_BY_GPCR,0.0922190201729107,0.518542254122874,0.175204047558551,0.219736646882974,1.1990289373388,303,ARHGEF16;RPS6KA1;VAV2;ABR;GNA12;GPR132;WNT11;SSTR3;PLXNB1;PPP2R1A;PIK3R2;GNB2;CXCR6;CAMKK2;DGKZ;AKT1;RGS3;PLCB3;DGKQ;SMO;P2RY2;SHC1;LPAR2;MGLL;ADGRE5;AVPR1A;GNA11;ABHD6;PPP1CA;AKT2;HRAS;EDN2;ADRA2C;AVP;PRKCE;PTAFR;PDPK1;POMC;GNAI2;GALR3;HTR7;KPNA2;PTGDR2;CCL22;FPR1;GRK6;CXCR3;CAMK2B;HEBP1;TAS2R3;PSAP;S1PR2;GNAS;PF4;PLPPR3;RHOA;GIPR;RGS12;PTGER1;MAPK3;F2;MCF2L;KISS1;ARHGEF18;GRM8;GNAT1;CCL5;GCGR;OPRD1;PTH1R;VAV1;ADORA1;MAPK7;GRM4;PPP3CC;ADRA2B;PDE11A;PRKCD;GNRH2;GNG7;DRD2;EDN3;OXT;RGS19;NPFF;OPRL1;PIK3R5
REACTOME_SLC_MEDIATED_TRANSPORT_OF_INORGANIC_ANIONS,0.0939716312056738,0.518542254122874,0.193813302725311,0.45497327380049,1.39990720551579,16,SLC26A6;SLC4A2;SLC12A4;SLC26A1;SLC12A7
REACTOME_TRNA_PROCESSING_IN_THE_NUCLEUS,0.0929095354523227,0.518542254122874,0.231126709673834,-0.315885981448936,-1.33427808206503,43,NUP43;NUP107;NUP205;NUP88;NUP133;NUP50;NUP160;NUP153;RPP30;NUP54
REACTOME_CELLULAR_RESPONSE_TO_HEAT_STRESS,0.0954907161803713,0.520651762031072,0.237793834423688,-0.270219029608513,-1.27905913052939,74,NUP43;SIRT1;NUP107;NUP205;NUP88;NUP133;NUP50;RPA3;CREBBP;HSPA1L;NUP160;NUP153;NUP54;ATR;CAMK2A;HSPA12A;SEH1L;UBB;CRYAB;RANBP2
REACTOME_REGULATION_OF_HSF1_MEDIATED_HEAT_SHOCK_RESPONSE,0.0951156812339332,0.520651762031072,0.234392647294686,-0.297896867476792,-1.3351814938415,58,NUP43;SIRT1;NUP107;NUP205;NUP88;NUP133;NUP50;RPA3;HSPA1L;NUP160;NUP153;NUP54;ATR;HSPA12A;SEH1L;UBB;RANBP2
REACTOME_CHAPERONE_MEDIATED_AUTOPHAGY,0.0966101694915254,0.523638551800221,0.186432558434075,0.425201327041273,1.39105793437549,20,HBB;PLIN2;PLIN3;HSPA8;CFTR
REACTOME_COLLAGEN_FORMATION,0.0975206611570248,0.525464268351969,0.183023938384487,0.321467524196196,1.32091519112404,49,MMP9;CD151;COLGALT1;P4HB;PLEC;PLOD1;COL5A3;PPIB;SERPINH1;COL1A1;COL13A1;COL18A1;COL6A2;ITGA6;PLOD3;CTSS;LAMA3;COL4A2;COL16A1;COL4A1;COL3A1;PCOLCE
REACTOME_CA2_PATHWAY,0.0985933007407295,0.52715145791524,0.287805130535564,-0.349768309137945,-1.40874361491007,36,PPP3CB;PRKCA;FZD5;TCF7L1;CALM1;FZD4;CAMK2A;PLCB1;KRAS;WNT5A;TCF7L2;PRKG1;ITPR3;AGO3
REACTOME_TRANSPORT_OF_MATURE_TRANSCRIPT_TO_CYTOPLASM,0.0989847715736041,0.52715145791524,0.227987202850442,-0.296198902765312,-1.33625448874321,59,NUP43;THOC2;NUP107;NUP205;NUP88;NUP133;NUP50;SRSF7;SRRM1;NUP160;NUP153;THOC7;NUP54;SEH1L;EIF4E;UPF3B;RANBP2;SRSF11
REACTOME_TRANS_GOLGI_NETWORK_VESICLE_BUDDING,0.101180438448567,0.53572995155426,0.181383128498408,0.315482320581929,1.3070011775953,52,HIP1R;CTSZ;AP1B1;NAPA;ARF1;HSPA8;RAB5C;STX4;FTH1;GBF1;AP1G2;DNASE2;IGF2R;HGS;AP1S1;CLTB
REACTOME_DENGUE_VIRUS_HOST_INTERACTIONS,0.102446483180428,0.539315968926852,0.170932335370056,0.238392445481047,1.21851711754611,184,GPC1;MMP9;MLST8;PQBP1;HNRNPA0;VTN;PCBP1;PUF60;NRBP1;HNRNPF;MAPKAP1;HSPA8;SYMPK;U2AF2;PAF1;AGRN;SDC1;H2AC15;HSPG2;PTBP1;POLR2D;HNRNPM;CLU;SDC4;FASN;POLR2E;DHX38;BECN1;CPSF4;GBF1;TXNL4A;CAMK2B;CSTF1;H2BC12;NFKBIB;VIM;APOA1;DDX5;GTF2F1;TAL1;SF3B2;CD2BP2;SNRPB;STAT2;F2;POLR2L;SRSF9;DDX23;SNRNP40;EIF4A3;PRPF6;RPL18;HNRNPH1;SRSF5;SRSF1;DAXX;SDC3;DHX9;HNRNPR;FUS;CWC25;RIPK1;H2BC5;C1QA;POLR2J;DHX16;CAMK2G;YBX1;BUD31;HSP90AB1;POLR2I;RBM17
REACTOME_FLT3_SIGNALING_IN_DISEASE,0.107023411371237,0.540276373441186,0.175204047558551,0.411273819782176,1.37161339523599,21,CDKN1A;PIM1;BCL2L1;HRAS
REACTOME_HCMV_EARLY_EVENTS,0.108527131782946,0.540276373441186,0.219250346703755,-0.276477485359284,-1.25881203185032,63,NUP43;NUP107;NCOR1;NUP205;NUP88;NUP133;NUP50;NUP160;TBL1X;NUP153;DYNC1I2;NUP54;SEH1L;RANBP2;SUZ12;ITGB1;TUBB6;TUBB4A;H2BC21;NUP155
REACTOME_HIV_ELONGATION_ARREST_AND_RECOVERY,0.107205623901582,0.540276373441186,0.179782316298324,0.368431446535832,1.31578158313667,27,CDK9;SUPT5H;NELFB;POLR2D;POLR2E;CTDP1;NELFCD;ELOB;GTF2F1;POLR2L
REACTOME_MITOTIC_PROPHASE,0.106770833333333,0.540276373441186,0.222056046145248,-0.272734202735309,-1.27610762873946,69,NUP43;PRKCA;TMPO;NUP107;NUP205;NUP88;NUP133;NUP50;NEK7;NUP160;NUP153;NUP54;NCAPD3;PHF8;SEH1L;SMC4;ARPP19;RANBP2
REACTOME_RNA_POLYMERASE_I_TRANSCRIPTION,0.10738255033557,0.540276373441186,0.175204047558551,0.328301392266785,1.3299238289653,47,GATAD2A;MBD3;UBTF;H2AX;ERCC2;POLR2E;H2BC12;H3-3B;MAPK3;ERCC3;POLR2L;RBBP4;KAT2A;POLR1C;HDAC1;H2BC5;POLR1E;GTF2H4;H2AC6;EHMT2;H3C6;GTF2H3;H2AZ2;POLR1B;CHD4
REACTOME_SIGNALING_BY_PDGF,0.104377104377104,0.540276373441186,0.178219874951973,0.326847455692321,1.3108432482414,45,CRK;PIK3R2;SPP1;STAT3;PLCG1;RAPGEF1;HRAS;FURIN;COL5A3
REACTOME_SIGNALING_BY_TYPE_1_INSULIN_LIKE_GROWTH_FACTOR_1_RECEPTOR_IGF1R,0.108173076923077,0.540276373441186,0.211400189384923,-0.35172613332832,-1.34293530032365,30,GAB1;IRS1;PIK3R4;PDE3B;IRS2;IGF1;SOS1;FRS2;CILP;KRAS;PIK3C3
REACTOME_SRP_DEPENDENT_COTRANSLATIONAL_PROTEIN_TARGETING_TO_MEMBRANE,0.107692307692308,0.540276373441186,0.219250346703755,-0.251546233858565,-1.239218014564,90,RPL41;RPL7;SRP72;RPS13;RPL37A;RPS23;RPS3A;RPS6;RPL24;SEC61A2;RPS15A;RPL12;RPS4X;RPL7A;RPL30;RPS17;SRP14;SRP54;RPL36AL;RPL22;SSR1;RPS24;RPS3;RPS7;RPL9;SPCS2;RPL26L1;RPL5;RPL10;SRP9;RPL14;RPS27
REACTOME_TNFR1_INDUCED_PROAPOPTOTIC_SIGNALING,0.108474576271186,0.540276373441186,0.175204047558551,0.41808057261689,1.36776218878197,20,RNF31;TRAF2;TNFRSF1A;TRADD;USP21;FADD;SHARPIN;OPTN;TNF;RIPK1
REACTOME_TNFR2_NON_CANONICAL_NF_KB_PATHWAY,0.104669887278583,0.540276373441186,0.173747838999571,0.30084114100532,1.31320616291787,65,TNFRSF12A;LTB;TNFRSF14;TRAF3;TNFSF14;PSMC4;PSMD2;PSMC3;PSMA7;RELB;NFKB2;TRAF2;TNFRSF1A;LTBR;PSMD13;UBE2M;ADRM1;CD40;TNF;PSMD8;FASLG;PSMD3
REACTOME_COLLAGEN_DEGRADATION,0.109565217391304,0.542495887191539,0.176694268938498,0.355502695386406,1.33870206157452,33,MMP9;TMPRSS6;CTSD;MMP15;FURIN;COL5A3;COL1A1;COL13A1;MMP14;COL18A1;COL6A2;COL4A2;COL16A1;COL4A1;COL3A1
REACTOME_NON_INTEGRIN_MEMBRANE_ECM_INTERACTIONS,0.110197368421053,0.542692416525184,0.170932335370056,0.303082517472294,1.29157198072338,59,LAMA5;ACTN1;VTN;TGFB1;AGRN;SNTA1;SDC1;HSPG2;ACTA1;COL5A3;SDC4;LAMB2;COL1A1;DTNB;SNTB2;LAMA2;SNTB1;SGCB;SDC3;ITGA6;LAMA3;COL4A2;LAMC3;COL4A1;COL3A1
REACTOME_DEVELOPMENTAL_LINEAGE_OF_PANCREATIC_DUCTAL_CELLS,0.110915492957746,0.54277367434682,0.176694268938498,0.361156059064385,1.32755479656545,31,LAMA5;VTN;CFTR;COL5A3;FOXA2;LAMB2;COL1A1;GATA4;SOX9;LAMA2;CD74;LAMA3;LAMC3;COL3A1;PDX1;KRT17;COL1A2
REACTOME_RHO_GTPASES_ACTIVATE_FORMINS,0.11139896373057,0.54277367434682,0.216542836735348,-0.257131547821777,-1.24122133461704,83,NUP43;DIAPH2;PFN2;PPP2R5A;NUP107;CLIP1;NUP133;DVL3;NUP160;DYNC1I2;DIAPH1;SEH1L;BUB3;DAAM1;PPP2R5C;CLASP2;XPO1;RANBP2;RAC1;ITGB3BP;CKAP5;ITGB1;TUBB6;TUBB4A;PPP2CB;CDC42
REACTOME_HDR_THROUGH_HOMOLOGOUS_RECOMBINATION_HRR,0.114832535885167,0.556542872332346,0.204294756516886,-0.328369132739993,-1.30514161726615,34,RFC5;NBN;RPA3;TOPBP1;RAD17;ATR;HUS1;SPIDR;UBB
REACTOME_ASSEMBLY_OF_COLLAGEN_FIBRILS_AND_OTHER_MULTIMERIC_STRUCTURES,0.118260869565217,0.570141876430206,0.169570644405628,0.350165582676685,1.31860431300585,33,MMP9;CD151;PLEC;COL5A3;COL1A1;COL18A1;COL6A2;ITGA6;CTSS;LAMA3;COL4A2;COL4A1;COL3A1;PCOLCE
REACTOME_ERK_MAPK_TARGETS,0.11965811965812,0.573857788517475,0.166933848713193,0.416436799189659,1.34610585912022,19,RPS6KA1;PPP2R1A;DUSP3;MAPK3;VRK3;MAPK7;MAPK11
REACTOME_DOWNSTREAM_SIGNAL_TRANSDUCTION,0.124352331606218,0.593264248704663,0.16440575583821,0.374926811832991,1.31374194569672,25,CRK;PIK3R2;STAT3;PLCG1;RAPGEF1;HRAS
REACTOME_COMPLEMENT_CASCADE,0.125838926174497,0.594167300906386,0.160801401070022,0.316480149809028,1.28203687995178,47,GZMM;CRP;VTN;CD81;C8G;CLU;FCN1;CFB;C1R;SERPING1;F2;CFD;MASP2;FCN3;FCN2;C1QA;C2;CFP;C1QB;C8A
REACTOME_TRANSCRIPTIONAL_REGULATION_OF_GRANULOPOIESIS,0.125645438898451,0.594167300906386,0.163180127180689,0.34328982800234,1.31882313058257,36,CDKN1A;SPI1;STAT3;CEBPA;H2AX;RXRA;H2BC12;TAL1;H3-3B
REACTOME_DRUG_ADME,0.126614987080103,0.59476578546346,0.20207170902116,-0.27039648449213,-1.23112501405458,63,ABCG2;CYP2C19;BCHE;PON1;SLCO1A2;NAT1;HSD11B1;NT5C2;SLCO1B3;SLC28A3;HPRT1;PNP
REACTOME_LEISHMANIA_INFECTION,0.128086419753086,0.5986079617032,0.152144922367565,0.253349263485701,1.22494966348871,113,VAV2;MYO9B;HMOX1;CRK;PYCARD;GNB2;PLCG1;ABL1;ARPC1B;MYO1C;FURIN;GGT5;CD247;CYBA;GNAI2;NFKB2;RHBDF2;MYH9;HCK;GNAS;ARPC2;MAPK3;GSDMD;CASP1;ARPC5;P2RX4;VAV1;ARPC1A;GNG7;FGR;DPEP1;DVL2;GNB5;PTK2;PRKAR1A
REACTOME_SARS_COV_2_ACTIVATES_MODULATES_INNATE_AND_ADAPTIVE_IMMUNE_RESPONSES,0.129770992366412,0.603402177703724,0.197822021315103,-0.255098232217133,-1.22709291134573,79,NUP43;TOMM70;ATG14;NUP107;PIK3R4;NUP205;NUP88;NUP133;NUP50;CREBBP;NUP160;NUP153;UBE2N;NUP54;JAK1;TRAF6;SEH1L;PIK3C3;UBB;RANBP2
REACTOME_SIGNALING_BY_WNT_IN_CANCER,0.132387706855792,0.612460300403563,0.188204146308491,-0.361981109607008,-1.31056343481481,25,FZD5;PPP2R5A;TNKS2;FZD4;APC;LRP6;PPP2R5C;GSK3B;TCF7L2;PPP2CB
REACTOME_RNA_POLYMERASE_III_TRANSCRIPTION_TERMINATION,0.134117647058824,0.617345551285841,0.186432558434075,-0.408513851241638,-1.31789162590851,17,POLR3B;POLR2K;NFIB;POLR1D;POLR3C
REACTOME_CELL_CYCLE,0.135036496350365,0.618467153284672,0.234392647294686,-0.183751008316819,-1.12446102138243,406,NUP43;RBL2;ANKRD28;POT1;RFC5;ORC3;UBE2E1;DYRK1A;TUBGCP4;STAG2;PRKCA;TMPO;PPP2R5A;NOP10;NUP107;NUP205;CEP43;CLIP1;CDC16;NUP88;NBN;STAG1;NUP133;LBR;NUP50;NEK7;RPA3;CEP70;TOPBP1;CEP57;UBE2V2;SMARCA5;POLR2K;NUP160;POLA1;NUP153;OFD1;UBE2N;CKS1B;RAD17;DYNC1I2;PDS5B;ATRX;ORC4;SYNE1;NUP54;ATR;CDC23;CNTRL;HUS1;NCAPD3;PHF8;NME7;PRIM1;PPP1CB;PPP6C;SKP2;MDC1;PSMD12;SEH1L;BUB3;PHLDA1;SUMO1;TERF2IP;PPP2R5C;NPM1;GMNN;PSMA1;UBB;SMC4;ARPP19;AKT3;CLASP2;XPO1;CETN2;PSMA3;RANBP2;CDKN1B;ITGB3BP;CKAP5;RAD21;CDKN1C;SEM1;GSK3B;E2F6;HAUS4;GINS3;PSMB1;TUBB6;SHQ1;SMC1A;TUBB4A;PSMA2;MLH1;CDC27;NEK9;BORA;PPP2CB;H2BC21;CCND2;REC8
REACTOME_COLLAGEN_CHAIN_TRIMERIZATION,0.136752136752137,0.621500728753078,0.155241966228839,0.408518461761457,1.32051032955287,19,COL5A3;COL1A1;COL13A1;COL18A1;COL6A2;COL4A2;COL16A1;COL4A1;COL3A1;COL1A2;COL11A2
REACTOME_TRANSCRIPTIONAL_REGULATION_OF_WHITE_ADIPOCYTE_DIFFERENTIATION,0.137055837563452,0.621500728753078,0.191892240384838,-0.277303408886245,-1.25101045752906,59,PPARGC1A;MED13;ZNF638;NCOR1;CHD9;CREBBP;CDK19;TBL1X;NCOA2;MED25;NCOA3;MED31;WNT10B;MED1;MED7;TGS1;MED6
REACTOME_FACTORS_INVOLVED_IN_MEGAKARYOCYTE_DEVELOPMENT_AND_PLATELET_PRODUCTION,0.139937106918239,0.625181292337093,0.14641623786055,0.277882587947801,1.24497667574787,73,HBB;HBD;KLC2;DOCK9;ABL1;MFN2;MAFG;SH2B1;DOCK6;CAPZB;ITPK1;MICAL1;SH2B2;H3-3B;EHD1;TUBB4B;KIF5B;TUBA3C;AKAP1;GATA4;KIF1C;KIF22;HDAC1;PRKAR1A;GATA1;IRF1;HMG20B;CDK5
REACTOME_GLYCOGEN_METABOLISM,0.139303482587065,0.625181292337093,0.188204146308491,-0.366386330366496,-1.28959102393462,23,AGL;CALM1;GYS2;GBE1;UBB;GYG2;PHKA1;GYS1;PHKB;EPM2A
REACTOME_MHC_CLASS_II_ANTIGEN_PRESENTATION,0.139871382636656,0.625181292337093,0.148261500475107,0.274288686357361,1.23660602191655,76,KLC2;IFI30;AP1B1;ACTR1A;CTSD;ARF1;AP2M1;DYNC1H1;ACTR1B;CTSA;CAPZB;LGMN;SEC24C;AP1S1;HLA-DQB2;TUBB4B;KIF5B;TUBA3C;AP2A2;SEC13;AP2S1;SPTBN2;DCTN2
REACTOME_REGULATION_OF_SIGNALING_BY_CBL,0.140597539543058,0.625181292337093,0.155241966228839,0.411448766828339,1.30426631147429,18,CRK;PIK3R2;RAPGEF1;PIK3CD;HCK;VAV1
REACTOME_ANTIGEN_PROCESSING_CROSS_PRESENTATION,0.146141215106732,0.628635760772339,0.14641623786055,0.270183339896552,1.22130245128591,79,IKBKG;SEC61A1;S100A9;HLA-F;TAP2;PSMC4;PSMD2;PSMC3;CYBA;STX4;PSMA7;PSMB9;PSMD13;TAPBP;PSMB10;CALR;S100A8;ADRM1;CD14;MRC2;CD36;PSMD8;PSMD3;SEC61B;PSMB3;PSMB8;MYD88;CTSS;PSMD7;PSMC5;NCF2
REACTOME_DEADENYLATION_OF_MRNA,0.145496535796767,0.628635760772339,0.176694268938498,-0.38981481555574,-1.30509992094318,18,TUT7;CNOT4;CNOT2;EIF4E;TUT4;PARN;CNOT6;CNOT9;CNOT8;CNOT7
REACTOME_GAMMA_CARBOXYLATION_HYPUSINYLATION_HYDROXYLATION_AND_ARYLSULFATASE_ACTIVATION,0.143338954468803,0.628635760772339,0.150169802128406,0.315687697970322,1.25471212076515,43,GAS6;KDM8;EEF2;TPST2;JMJD6;U2AF2;DOHH;FURIN;DHPS;RPL8;ARSA;JMJD4;F2
REACTOME_HIV_TRANSCRIPTION_ELONGATION,0.144578313253012,0.628635760772339,0.151148761385484,0.332569089898267,1.27763706494572,36,CDK9;SUPT5H;NELFB;POLR2D;ERCC2;POLR2E;CTDP1;NELFCD;ELOB;GTF2F1;ERCC3;POLR2L
REACTOME_PARASITE_INFECTION,0.146864686468647,0.628635760772339,0.14641623786055,0.303095392445904,1.25005722576957,50,VAV2;MYO9B;CRK;ABL1;ARPC1B;MYO1C;CD247;MYH9;HCK;ARPC2;MAPK3;ARPC5;VAV1;ARPC1A
REACTOME_PROCESSING_OF_DNA_DOUBLE_STRAND_BREAK_ENDS,0.146766169154229,0.628635760772339,0.183023938384487,-0.296349422925394,-1.25683432155152,44,RFC5;NBN;RPA3;TOPBP1;UBE2V2;UBE2N;RAD17;ATR;HUS1;MDC1;UBB
REACTOME_RHOBTB_GTPASE_CYCLE,0.145496535796767,0.628635760772339,0.176694268938498,-0.347790814881226,-1.2977232839861,27,PHIP;ROCK1;SRRM1;RBBP6;CPSF7;SPEN;ROCK2;CUL3;COPS2
REACTOME_XENOBIOTICS,0.143835616438356,0.628635760772339,0.176694268938498,-0.412419300234474,-1.30762611975246,16,CYP2C19;CYP3A5;AHR;CYP3A4;CYP3A43;CYP2C18;CYP2J2;CYP2B6;CYP1A1;ARNT;CYP2C8
REACTOME_NUCLEAR_RNA_DECAY,0.148514851485149,0.62981298129813,0.181383128498408,-0.369681404578866,-1.26256777466704,21,ZCCHC8;ZFC3H1;DIS3;YTHDC2;YTHDC1;ZC3H4
REACTOME_SIGNALING_BY_NUCLEAR_RECEPTORS,0.148484848484848,0.62981298129813,0.13880510939114,0.232040463882564,1.18102745294055,173,MMP9;RDH16;CCND1;PRMT1;APOE;PIK3R2;GNB2;CDK9;RXRB;NOS3;DHRS3;PLIN1;AKT1;NR1H2;PPARD;CTSD;SHC1;ARL4C;PRKCZ;AKT2;HRAS;H2AX;POLR2D;FASN;PDPK1;POLR2E;GNAI2;BCL2;KPNA2;RXRA;SREBF1;H2BC12;DDX5;USF2;GTF2F1;KDM4A;H3-3B;CARM1;PLTP;MAPK3
REACTOME_KEAP1_NFE2L2_PATHWAY,0.150641025641026,0.635885619756587,0.142056643575821,0.258675587289171,1.20473033354861,94,CDKN1A;HMOX1;ATF4;AKT1;BRCA1;PSMC4;NPLOC4;PSMD2;BCL2L1;VCP;AKT2;MAFG;PSMC3;PSMA7;ME1;SQSTM1;TKT;BCL2;PSMD13;NOTCH1;ADRM1;G6PD;MUL1;PRKCD;PSMD8;DPP3;PSMD3;PGD;GSR;TALDO1;PSMB3;CSNK2A2;RELA;CSNK2B;ABCC1;KEAP1;PSMD7;PSMC5;MAP1LC3B
REACTOME_SARS_COV_1_MODULATES_HOST_TRANSLATION_MACHINERY,0.153488372093023,0.644932792831235,0.172324344900946,-0.319695076970593,-1.25988373032829,32,RPS13;RPS23;RPS3A;RPS6;HNRNPA1;RPS15A;RPS4X;RPS17;RPS24;RPS3;RPS7
REACTOME_INTEGRIN_SIGNALING,0.157190635451505,0.655293858683689,0.142056643575821,0.389712255690468,1.29970478178209,21,CRK;AKT1;SHC1;CSK;PDPK1
REACTOME_IRS_MEDIATED_SIGNALLING,0.158256880733945,0.655293858683689,0.16823816568964,-0.34231958260462,-1.26817372225429,26,GAB1;IRS1;PIK3R4;PDE3B;IRS2;SOS1;FRS2;KRAS;PIK3C3
REACTOME_REGULATION_OF_TP53_ACTIVITY_THROUGH_PHOSPHORYLATION,0.159090909090909,0.655293858683689,0.176694268938498,-0.270031331838762,-1.20305090137034,54,RFC5;NBN;RPA3;TOPBP1;RAD17;TAF5;ATR;HUS1;TAF9B;PRKAB2;UBB
REACTOME_RUNX1_REGULATES_GENES_INVOLVED_IN_MEGAKARYOCYTE_DIFFERENTIATION_AND_PLATELET_FUNCTION,0.160211267605634,0.655293858683689,0.144630528034484,0.337471201279279,1.24049285818888,31,PRMT1;SETD1A;H2AX;H2BC12;SIN3B;PF4;H3-3B;GP1BA;HDAC1;GATA1;H2BC5;TNRC6B;KMT2B;H2AC6;H3C6;H2AZ2
REACTOME_SENSORY_PERCEPTION,0.160246533127889,0.655293858683689,0.134273452883202,0.248758291715696,1.19095789953631,106,GPC1;RDH16;APOE;EPS8L2;DHRS3;TRPM4;MYO1C;AGRN;SDC1;HSPG2;MYO7A;MSN;SCNN1D;SDC4;LDLR;APOA4;MYH9;TAS2R3;CAPZB;NMT1;CHRNA10;APOA1;LDB1;LRP10;LRP1
REACTOME_TRANSPORT_OF_VITAMINS_NUCLEOSIDES_AND_RELATED_MOLECULES,0.159445407279029,0.655293858683689,0.143758989039275,0.413242840621704,1.2931771876466,17,SLC35A2;SLC35C1;SLC29A1;SLC25A5;ARL2BP;SLC25A6;SLC5A6;SLC29A3;SLC28A1
REACTOME_M_PHASE,0.162650602409639,0.662168674698795,0.191892240384838,-0.197896465329514,-1.13438279256428,230,NUP43;UBE2E1;TUBGCP4;STAG2;PRKCA;TMPO;PPP2R5A;NUP107;NUP205;CEP43;CLIP1;CDC16;NUP88;STAG1;NUP133;LBR;NUP50;NEK7;CEP70;CEP57;NUP160;NUP153;OFD1;DYNC1I2;PDS5B;NUP54;CDC23;CNTRL;NCAPD3;PHF8;NME7;PSMD12;SEH1L;BUB3;SUMO1;PPP2R5C;PSMA1;UBB;SMC4;ARPP19;CLASP2;XPO1;CETN2;PSMA3;RANBP2;ITGB3BP;CKAP5;RAD21;SEM1;HAUS4;PSMB1;TUBB6;SMC1A;TUBB4A;PSMA2;CDC27;NEK9;PPP2CB;H2BC21
REACTOME_DISEASES_OF_HEMOSTASIS,0.164644714038128,0.667321053358077,0.141225119642531,0.409857790889347,1.28258421745419,17,TPST2;GP9;ADAMTS13;COL1A1;SERPING1;F2;GP1BA
REACTOME_CELL_CYCLE_CHECKPOINTS,0.166189111747851,0.670613331986923,0.184706471207739,-0.209279142255047,-1.1393927963396,165,NUP43;RFC5;ORC3;UBE2E1;PPP2R5A;NUP107;CLIP1;CDC16;NBN;NUP133;RPA3;TOPBP1;UBE2V2;NUP160;UBE2N;RAD17;DYNC1I2;ORC4;ATR;CDC23;HUS1;MDC1;PSMD12;SEH1L;BUB3;PPP2R5C;PSMA1;UBB;CLASP2;XPO1;PSMA3;RANBP2;CDKN1B;ITGB3BP;CKAP5;SEM1;GSK3B
REACTOME_EXTENSION_OF_TELOMERES,0.167901234567901,0.674550573965779,0.169570644405628,-0.302915959430568,-1.22441673263701,37,ANKRD28;POT1;RFC5;NOP10;RPA3;POLA1;PRIM1;PPP6C;TERF2IP
REACTOME_JNK_C_JUN_KINASES_PHOSPHORYLATION_AND_ACTIVATION_MEDIATED_BY_ACTIVATED_HUMAN_TAK1,0.169411764705882,0.677647058823529,0.16440575583821,-0.389536137470405,-1.25666831614318,17,MAPK8;UBE2N;MAP2K4;TRAF6;UBB;MAPK10;NOD1
REACTOME_FGFR1_MUTANT_RECEPTOR_ACTIVATION,0.170263788968825,0.678094046501929,0.165656695205483,-0.37022261871377,-1.24743975523487,19,CEP43;CPSF6;CNTRL;TRIM24;ERLIN2;STAT1;FGF4;LRRFIP1;PIK3R1;MYO18A
REACTOME_DEATH_RECEPTOR_SIGNALING,0.177469135802469,0.698402548052683,0.126875729929857,0.241580792052587,1.16804882658304,113,ARHGEF16;IKBKG;VAV2;ABR;ULK1;PSEN2;RNF31;SMPD2;AATF;SQSTM1;TRAF2;TNFRSF1A;TRADD;MAGED1;STUB1;ARHGDIA;USP21;FADD;RACK1;RHOA;SHARPIN;MCF2L;OPTN;ARHGEF18;BAD;VAV1;SPPL2B;CASP2;TNF;NGFR;FASLG;MAPKAPK2;HDAC1;MADD;APH1A;RIPK1;CASP3;OBSCN;RELA;NGF
REACTOME_REGULATION_OF_MECP2_EXPRESSION_AND_ACTIVITY,0.176470588235294,0.698402548052683,0.160801401070022,-0.385665556283019,-1.24418157543965,17,NCOR1;CALM1;LBR;TBL1X;CAMK2A
REACTOME_SIGNALING_BY_ROBO_RECEPTORS,0.177650429799427,0.698402548052683,0.178219874951973,-0.208303659131141,-1.13408190662382,165,PPP3CB;PRKCA;RPL41;PFN2;RPL7;USP33;NCK1;RPS13;RPL37A;RPS23;RPS3A;SOS2;UPF2;RPS6;RPL24;SOS1;NELL2;RPS15A;PSMD12;RPL12;PSMA1;UBB;RPS4X;CLASP2;UPF3B;CAP2;RPL7A;RPL30;PSMA3;RPS17;GSPT1;RAC1;PRKAR2A;SEM1;ENAH;RPL36AL;RPL22;PSMB1;RPS24;GSPT2;SRGAP3;PSMA2;RPS3;RPS7;RPL9;CDC42;PSMA4
REACTOME_BMAL1_CLOCK_NPAS2_ACTIVATES_CIRCADIAN_EXPRESSION,0.180693069306931,0.704318516958079,0.163180127180689,-0.35806142599566,-1.24530511896493,22,CHD9;CREBBP;TBL1X;NCOA2;NAMPT;MED1;TGS1;NOCT;F7;NCOA6
REACTOME_DISEASES_OF_PROGRAMMED_CELL_DEATH,0.180300500834725,0.704318516958079,0.131457611642763,0.305653916505324,1.21330357085887,42,C1QBP;CAPNS1;H2AX;DNMT1;TRAF2;LMNA;CAPN1;TRADD;H2BC12;FADD;H3-3B;PRDX2;RBBP4;FASLG;RIPK1;H2BC5;CDK5;GOLGA2;CDK5R1;H2AC6;CDC25B;H3C6
REACTOME_NR1H2_AND_NR1H3_MEDIATED_SIGNALING,0.183566433566434,0.709480393024697,0.133554954557592,0.329998533762053,1.23037968937457,32,APOE;RXRB;PLIN1;NR1H2;ARL4C;FASN;RXRA;SREBF1;KDM4A;PLTP;NR1H3;MYLIP;NCOR2
REACTOME_NUCLEOTIDE_BINDING_DOMAIN_LEUCINE_RICH_REPEAT_CONTAINING_RECEPTOR_NLR_SIGNALING_PATHWAYS,0.183333333333333,0.709480393024697,0.130105630751129,0.310750678395587,1.22693032206637,39,IKBKG;HMOX1;PYCARD;AAMP;CASP4;BCL2L1;CASP9;NFKB2;BCL2
REACTOME_SIGNALING_BY_NOTCH1,0.184343434343434,0.70948985654868,0.163180127180689,-0.261516015382071,-1.16511323291936,54,NCOR1;CREBBP;TBL1X;MAMLD1;ADAM10;ADAM17;RBPJ;UBB;KAT2B;TLE4;HIF1A;APH1B;EP300;ITCH;FBXW7;SKP1;PSEN1;SNW1
REACTOME_NEGATIVE_REGULATION_OF_MET_ACTIVITY,0.185882352941176,0.712419394536057,0.156312403073186,-0.380892983356308,-1.22878495210599,17,MET;STAM2;EPS15;UBB;USP8
REACTOME_ANTIGEN_PROCESSING_UBIQUITINATION_PROTEASOME_DEGRADATION,0.191176470588235,0.716320750729171,0.173747838999571,-0.204433565722176,-1.12486848238501,176,BLMH;UBE2E1;HERC5;KLHL2;NPEPPS;UBR2;FBXW2;CDC16;RNF111;DET1;KLHL11;CUL5;UBE4A;UBE2V2;RBBP6;UBE2N;NEDD4;TPP2;UBE3A;CDC23;KLHL9;UBA5;FBXO11;UBA3;SKP2;PSMD12;PSMA1;UBB;ASB9;HERC1;PSMA3;BTBD1;CUL3;SEM1;MKRN1;NEDD4L;SIAH1;PSMB1;ANAPC13;PSMA2;ZBTB16;CDC27;ASB8;HERC6;RNF138;PSMA4;UBE2B;ITCH;FBXO21;FBXW7;SKP1;UBE2C;KLHL22
REACTOME_APOPTOTIC_FACTOR_MEDIATED_RESPONSE,0.192374350086655,0.716320750729171,0.129442887745046,0.413382669147607,1.24917298576952,15,BAX;C1QBP;CASP9;MAPK3;GSDMD;AVEN;CASP3;DIABLO;BAK1;MAPK1
REACTOME_INTERLEUKIN_12_FAMILY_SIGNALING,0.19,0.716320750729171,0.127505315300183,0.305716632468339,1.20705450514876,39,P4HB;STAT3;HNRNPF;CFL1;ARF1;MSN;PITPNA;TYK2;IL23A;AIP
REACTOME_METABOLISM_OF_VITAMINS_AND_COFACTORS,0.190625,0.716320750729171,0.122679189568808,0.233821737341196,1.15174098992745,131,GPC1;CD320;NADK;LDLRAP1;APOE;FLAD1;PARP6;NOS3;PANK4;AKT1;SHMT1;AGRN;SDC1;HSPG2;SDC4;LDLR;FASN;APOA4;HLCS;CYB5R3;NADSYN1;VKORC1;TCN2;APOA1;ACP5;SLC19A1;LRP10;COQ6;LRP1
REACTOME_PEROXISOMAL_LIPID_METABOLISM,0.192307692307692,0.716320750729171,0.126875729929857,0.376340876140717,1.255110736596,21,ACOX3;ACAA1;CRAT;MLYCD;SLC27A2;ACBD4
REACTOME_REGULATION_OF_ENDOGENOUS_RETROELEMENTS_BY_PIWI_INTERACTING_RNAS_PIRNAS,0.189328743545611,0.716320750729171,0.130105630751129,0.31767738264018,1.22042730694002,36,GATAD2A;MBD3;SMARCB1;BCL7B;H2AX;H2BC12;BCL7C;H3-3B;SMARCC2;ARID1A;DPF2;RBBP4;HDAC1;H2BC5;H2AC6;SMARCA4;H3C6;SMARCD3;H2AZ2;CHD4;BCL7A
REACTOME_RHO_GTPASES_ACTIVATE_NADPH_OXIDASES,0.18974358974359,0.716320750729171,0.129442887745046,0.385687182891646,1.24670965123226,19,RAC2;S100A9;PRKCZ;CYBA;S100A8;MAPK3;PIN1;PRKCD;MAPK11
REACTOME_REPRODUCTION,0.194444444444444,0.721097615834458,0.158514105424824,-0.258096431548641,-1.14987821043102,54,POT1;STAG2;NBN;STAG1;RPA3;ACR;SYNE1;ATR;ADAM20;TERF2IP;OVGP1;RAD21;SMC1A;MLH1;H2BC21;REC8;IZUMO4;CBFA2T2
REACTOME_CILIUM_ASSEMBLY,0.202247191011236,0.73153346444961,0.16440575583821,-0.225900221877601,-1.14388673374773,112,LZTFL1;WDR19;IFT88;TTC21B;PKD2;IFT25;ATAT1;CEP43;CEP70;KIFAP3;CEP57;OFD1;DYNC1I2;SEPTIN2;CNTRL;EXOC1;CEP162;AHI1;IQCB1;ARL3;MKS1;CCT8
REACTOME_FATTY_ACYL_COA_BIOSYNTHESIS,0.203333333333333,0.73153346444961,0.122679189568808,0.360141498148572,1.24166787024203,23,ACLY;ELOVL1;FASN;ACSL1;SLC27A2;TECR;HSD17B8;HACD3;HSD17B3
REACTOME_ION_CHANNEL_TRANSPORT,0.200527704485488,0.73153346444961,0.159646701919906,-0.239387878564652,-1.15488846386686,84,ASPH;MCOLN3;CLCN3;CALM1;SLC17A3;CUTC;TRPM3;ATP1A2;ATP10B;ATP1B2;ATP1B1;FXYD3;CAMK2A;FXYD7;ATP6V1A;ATP2C1;ATP6V1H;ATP6V1D;UBB;ATP6V0E1;ATP10A;NEDD4L;ATP2B2;TSC22D3;ATP7B;ATP9B
REACTOME_METABOLISM_OF_CARBOHYDRATES_AND_CARBOHYDRATE_DERIVATIVES,0.203647416413374,0.73153346444961,0.116234148779716,0.219771375756328,1.13695236458693,194,GPC1;EXTL3;B4GALT7;IDUA;PYGB;PFKL;PPP2R1A;SGSH;HYAL2;FBP1;KHK;RAE1;GAPDH;CHPF;NUP188;SLC37A1;ABCC5;PFKP;SLC26A1;GPI;HS6ST1;AGRN;B4GALT1;SDC1;HSPG2;B3GAT3;ENO1;MAN2C1;SDC4;TKT;ENO3;NUP93;NUP210;XYLT2;TKFC;PFKFB4;HS3ST1;XYLB;GALT;G6PD;SLC17A5;VCAN;AAAS;HYAL1;GAA;SEC13;GALK1;FUT6;PKM;ST3GAL4;NAGLU;GNPDA1;MAN2B1;GYG1;CHST11;B4GALT2;GCKR;AKR1A1;PGD;SDC3;TALDO1;B4GALT4;PRELP;PC;HK2
REACTOME_NOTCH1_INTRACELLULAR_DOMAIN_REGULATES_TRANSCRIPTION,0.202469135802469,0.73153346444961,0.153158808683073,-0.291503363013967,-1.17828587164973,37,NCOR1;CREBBP;TBL1X;MAMLD1;RBPJ;UBB;KAT2B;TLE4;HIF1A;EP300;FBXW7;SKP1;SNW1
REACTOME_RHO_GTPASES_ACTIVATE_IQGAPS,0.202970297029703,0.73153346444961,0.153158808683073,-0.350447490186554,-1.19687845356066,21,CLIP1;CALM1;IQGAP2;IQGAP1;RAC1;TUBB6;TUBB4A;CDC42
REACTOME_SIGNALING_BY_NOTCH1_PEST_DOMAIN_MUTANTS_IN_CANCER,0.200992555831266,0.73153346444961,0.154190966581424,-0.282509725261755,-1.18480113671344,42,NCOR1;CREBBP;TBL1X;MAMLD1;ADAM10;ADAM17;RBPJ;UBB;KAT2B;APH1B;EP300;FBXW7;SKP1;PSEN1;SNW1
REACTOME_SUMOYLATION_OF_TRANSCRIPTION_COFACTORS,0.201900237529691,0.73153346444961,0.150169802128406,-0.290669439735677,-1.17071417443834,36,PIAS1;PPARGC1A;DDX17;CREBBP;PIAS2;NCOA2;PHC3;ZNF131;SUMO1;NPM1
REACTOME_GLYCOGEN_STORAGE_DISEASES,0.204705882352941,0.732463235294118,0.148261500475107,-0.39192482600223,-1.21550140263465,15,GYS2;GBE1;UBB;GYG2;G6PC1;GYS1;EPM2A
REACTOME_INSULIN_RECEPTOR_SIGNALLING_CASCADE,0.207373271889401,0.738614913775725,0.14551614609036,-0.305722929427292,-1.19634955243214,31,GAB1;IRS1;PIK3R4;PDE3B;IRS2;SOS1;FRS2;GRB10;KRAS;PIK3C3
REACTOME_TRANSCRIPTIONAL_REGULATION_BY_MECP2,0.208037825059102,0.738614913775725,0.147331213699377,-0.31963435262663,-1.21015598837753,29,MET;NCOR1;CALM1;LBR;TBL1X;PTPN4;CAMK2A
REACTOME_INTERLEUKIN_10_SIGNALING,0.209507042253521,0.739227644965404,0.124434168630393,0.320373160508456,1.17764305831018,31,STAT3;PTAFR;CCL22;FPR1;CSF1;TNFRSF1A;TYK2;IL10RA;CCL5;TNF;IL10RB;ICAM1;IL1B;CXCL8;CSF3;TIMP1
REACTOME_NEF_MEDIATES_DOWN_MODULATION_OF_CELL_SURFACE_RECEPTORS_BY_RECRUITING_THEM_TO_CLATHRIN_ADAPTERS,0.211438474870017,0.739227644965404,0.122679189568808,0.407908170774113,1.232629971296,15,AP1B1;ARF1;AP2M1;AP1S1;AP2A2;AP2S1;LCK
REACTOME_ROLE_OF_PHOSPHOLIPIDS_IN_PHAGOCYTOSIS,0.210992907801418,0.739227644965404,0.124434168630393,0.40670922227994,1.25140355182507,16,PIK3R2;PLCG1;PRKCE;CD247;PLD3;PLD2;PRKCD
REACTOME_SIGNALING_BY_EGFR,0.210268948655257,0.739227644965404,0.149207542435322,-0.28520828875509,-1.16299873619732,38,SPRY1;GAB1;PTPRK;ADAM10;SOS1;STAM2;ADAM17;KRAS;EPS15;UBB;PTPN3;PTPN11;CDC42
REACTOME_DISEASES_OF_METABOLISM,0.213636363636364,0.744071897684065,0.112843355675562,0.222046908290124,1.13016277481643,173,GPC1;ALG12;B4GALT7;IDUA;CD320;SGSH;ALG3;FDXR;PMM2;POMGNT1;ACAT1;KHK;MOGS;GFPT1;AGRN;B4GALT1;SDC1;HSPG2;B3GAT3;SDC4;POMC;IVD;HLCS;CTSA;NEU1;ADAMTS13;DPM2;BCKDK;ABCA3;DHDDS;DOLK;NOTCH1;SPON2;TCN2;ECHS1;MAN1B1;MPDU1;GALT;POMT2;VCAN;APRT;HYAL1;GAA;GALK1;DPM3;OPLAH;NAGLU;SFTPC;GSS;ADAMTS7;GYG1;BCKDHA;MGAT2;SDC3;MUC6;TALDO1;ADAMTSL2;ASL;PRELP;PC;CYP27A1;HEXA;ADA;CYP1B1;HEXB;CFP
REACTOME_POLYMERASE_SWITCHING_ON_THE_C_STRAND_OF_THE_TELOMERE,0.214780600461894,0.745223598572328,0.142901149386948,-0.356444094886794,-1.1933747551237,18,POT1;RFC5;POLA1;PRIM1;TERF2IP
REACTOME_SELECTIVE_AUTOPHAGY,0.218241042345277,0.754372810521787,0.116234148779716,0.271136632805917,1.16292745949993,61,ULK1;PLIN2;PLIN3;HSPA8;MFN2;HSF1;VCP;CFTR;TOMM40;DYNC1H1;ATG9A;SQSTM1;VIM;TUBB4B;OPTN;TUBA3C;CSNK2A2;CSNK2B;EPAS1;TOMM22;VDAC1;DYNLL1;PRKAG2;TUBA4A;PARK7;MAP1LC3B;PRKAB1
REACTOME_G_ALPHA_12_13_SIGNALLING_EVENTS,0.222591362126246,0.765886287625418,0.116234148779716,0.290029787254881,1.17395002250656,46,ARHGEF16;VAV2;ABR;GNA12;PLXNB1;GNB2
REACTOME_RNA_POLYMERASE_I_TRANSCRIPTION_INITIATION,0.223776223776224,0.765886287625418,0.119348440591015,0.3149985972349,1.17445332802223,32,GATAD2A;MBD3;UBTF;ERCC2;POLR2E;ERCC3;POLR2L;RBBP4;KAT2A;POLR1C;HDAC1;POLR1E;GTF2H4;EHMT2;GTF2H3;POLR1B;CHD4
REACTOME_TRANSFERRIN_ENDOCYTOSIS_AND_RECYCLING,0.224080267558528,0.765886287625418,0.116234148779716,0.360318428105959,1.21887868169171,22,ATP6V0D1;TCIRG1;STEAP3;ATP6V0C;TFR2;ATP6V0B;MCOLN1;ATP6V1C1
REACTOME_DEFECTS_IN_VITAMIN_AND_COFACTOR_METABOLISM,0.225882352941176,0.767229420232954,0.140406238523342,-0.369124086397966,-1.19081774315962,17,MCCC1;MTRR;LMBRD1;MMUT;PCCA;MCCC2;MMACHC
REACTOME_G_ALPHA_Z_SIGNALLING_EVENTS,0.226148409893993,0.767229420232954,0.119348440591015,0.341917948429632,1.20344494628069,26,GNB2;ADRA2C;PRKCE;GNAI2;GNAS;ADRA2B;PRKCD;GNG7;RGS19;GNB5;RGS16
REACTOME_RNA_POLYMERASE_II_TRANSCRIBES_SNRNA_GENES,0.2275,0.768966789667897,0.144630528034484,-0.269952106195248,-1.14527330995464,46,GTF2B;RPRD2;INTS6;CCNT1;POLR2K;TAF5;INTS12;ELL2;ICE1;ELL3;SNAPC5;GTF2A2
REACTOME_HOST_INTERACTIONS_OF_HIV_FACTORS,0.229508196721311,0.770071458596049,0.151148761385484,-0.225589395222728,-1.13045048388676,104,NUP43;CCNT1;NUP107;NUP205;NUP88;NUP133;NUP50;CUL5;PPIA;NUP160;NUP153;KPNA1;NUP54;PSMD12;ATP6V1H;ELMO1;SEH1L;NPM1;PSMA1;UBB;XPO1;PSMA3;RANBP2;CD4;RAC1;AP2B1;SEM1
REACTOME_TRANSCRIPTIONAL_ACTIVATION_OF_MITOCHONDRIAL_BIOGENESIS,0.228855721393035,0.770071458596049,0.143758989039275,-0.279746710497263,-1.14358170115341,39,PPARGC1A;NCOR1;CHD9;CALM1;CREBBP;TBL1X;NCOA2;SSBP1;MED1;TGS1;MEF2C
REACTOME_DEVELOPMENTAL_CELL_LINEAGES_OF_THE_EXOCRINE_PANCREAS,0.232441471571906,0.775013501350135,0.11378726182188,0.295827094359158,1.16752396702485,41,LAMA5;VTN;CFTR;COL5A3;FOXA2;LAMB2;COL1A1;GATA4;SOX9;KLK1;LAMA2;CD74;LAMA3;LAMC3;COL3A1;PDX1;KRT17;COL1A2;RNASE1;SERPINA4;COL11A2
REACTOME_POST_TRANSLATIONAL_MODIFICATION_SYNTHESIS_OF_GPI_ANCHORED_PROTEINS,0.232673267326733,0.775013501350135,0.142056643575821,-0.274677324474971,-1.1295864377558,40,PIGF;PIGN;ART4;PIGP;MELTF;PIGL;PIGK;PIGV
REACTOME_FORMATION_OF_THE_CORNIFIED_ENVELOPE,0.23458904109589,0.778563629144332,0.114750719227023,0.310177539090928,1.18001071763473,34,PRSS8;CAPNS1;KRT16;FURIN;KRT18;KRT8;CAPN1;PERP;KLK5;KRT33A
REACTOME_DDX58_IFIH1_MEDIATED_INDUCTION_OF_INTERFERON_ALPHA_BETA,0.236087689713322,0.780708750098928,0.11331290842208,0.276724481780366,1.1464326206592,52,IKBKG;RNF216;TRAF3;UBA7;IRF7;AGER;NFKB2;TRAF2;TKFC;DHX58;NFKBIB;NLRX1;FADD;IRF3
REACTOME_ACTIVATION_OF_THE_PRE_REPLICATIVE_COMPLEX,0.240291262135922,0.780874722016309,0.138022242496643,-0.347080356306784,-1.18243373040617,20,ORC3;RPA3;POLA1;ORC4;PRIM1;GMNN
REACTOME_CARDIAC_CONDUCTION,0.241558441558442,0.780874722016309,0.142901149386948,-0.249754413601564,-1.11505579926704,57,KCND3;ASPH;MME;CALM1;ATP1A2;ATP1B2;ATP1B1;FXYD3;CAMK2A;FXYD7;SCN8A;CACNB2;KAT2B;ATP2B2;CACNB1;ITPR3;SCN4A;AKAP9;KCNJ2;PRKACA;ATP2B4
REACTOME_CASPASE_ACTIVATION_VIA_EXTRINSIC_APOPTOTIC_SIGNALLING_PATHWAY,0.239130434782609,0.780874722016309,0.111918316325105,0.358076208253381,1.19419739388171,21,DAPK3;CASP9;TRAF2;TRADD;MAGED1;TICAM1;FADD;CD14;FASLG;RIPK1;CASP3;UNC5B
REACTOME_EUKARYOTIC_TRANSLATION_ELONGATION,0.242105263157895,0.780874722016309,0.143758989039275,-0.238778307040099,-1.13637451342758,75,RPL41;RPL7;RPS13;RPL37A;RPS23;RPS3A;RPS6;RPL24;RPS15A;RPL12;RPS4X;RPL7A;RPL30;RPS17;RPL36AL;RPL22;RPS24;RPS3;RPS7;RPL9;RPL26L1;RPL5;RPL10;EEF1B2;RPL14;RPS27
REACTOME_INTERLEUKIN_12_SIGNALING,0.23951048951049,0.780874722016309,0.114750719227023,0.312017487137753,1.16333843828771,32,P4HB;HNRNPF;CFL1;ARF1;MSN;PITPNA;TYK2;AIP
REACTOME_REGULATION_OF_CHOLESTEROL_BIOSYNTHESIS_BY_SREBP_SREBF,0.239669421487603,0.780874722016309,0.11101149245045,0.280411022135691,1.1522133684384,49,SREBF2;MVK;SQLE;MVD;TM7SF2;MBTPS1;FASN;DHCR7;RXRA;PMVK;SREBF1;SCAP;SEC24C;MTF1;CARM1
REACTOME_TELOMERE_C_STRAND_LAGGING_STRAND_SYNTHESIS,0.241293532338309,0.780874722016309,0.139599673451922,-0.332795069913771,-1.1713579339633,23,POT1;RFC5;RPA3;POLA1;PRIM1;TERF2IP
REACTOME_ACTIVATION_OF_IRF3_IRF7_MEDIATED_BY_TBK1_IKK_IKBKE,0.247833622183709,0.788248603889852,0.111918316325105,0.381136512833186,1.19270558452638,17,TRAF3;IRF7;TICAM1;IRF3;CD14;OPTN
REACTOME_CELLULAR_RESPONSE_TO_CHEMICAL_STRESS,0.246951219512195,0.788248603889852,0.103958471559957,0.222194426957026,1.11708548976661,152,CDKN1A;HBB;HMOX1;ATF4;GPX1;P4HB;HMOX2;STAT3;AKT1;BRCA1;PSMC4;NPLOC4;PSMD2;BCL2L1;VCP;AKT2;MAFG;PSMC3;CYBA;PSMA7;ME1;SQSTM1;TKT;BCL2;RXRA;PSMD13;NOTCH1;SIN3B;CARM1;GPX3;PRDX2;ADRM1;G6PD;GPX2;MUL1;CCS;PRKCD;PSMD8;DPP3;PSMD3;NCOR2;PGD;GSR;TALDO1;TXNRD2;PSMB3;CSNK2A2;RELA;CSNK2B;ABCC1;COX5A;STAP2;KEAP1;PSMD7;GSTP1;PSMC5;BLVRA;NCF2;MAP1LC3B
REACTOME_CITRIC_ACID_CYCLE_TCA_CYCLE,0.247349823321555,0.788248603889852,0.11331290842208,0.33439313134555,1.17695992806765,26,IDH2;ACAT1;OGDH;MDH2;ACO2;SDHA;IDH3G;IDH3B;ISCA1;SDHB;TRAP1;SUCLG2;FXN
REACTOME_PROGRAMMED_CELL_DEATH,0.247261345852895,0.788248603889852,0.105520936843198,0.224317786867606,1.11737940899206,149,DAPK3;CHMP6;STAT3;PLEC;BAX;AKT1;C1QBP;FLOT1;FLOT2;PSMC4;CASP4;PSMD2;BCL2L1;AKT2;ADD1;PSMC3;CDH1;CASP9;PSMA7;TRAF2;BCL2;LMNA;NMT1;PSMD13;TRADD;MAGED1;VIM;STUB1;TICAM1;FADD;YWHAH;MAPK3;ADRM1;CD14;GSDMD;BAD;CASP1;PPP3CC;H1-2;PRKCD;AVEN;SPTAN1;PSMD8;FASLG;PSMD3;CHMP7
REACTOME_CLATHRIN_MEDIATED_ENDOCYTOSIS,0.248847926267281,0.788735987753735,0.103958471559957,0.232637311770977,1.11528641506924,107,HIP1R;LDLRAP1;FCHO1;PIP5K1C;SLC2A8;CTTN;HSPA8;COPS7B;AP2M1;GPS1;CFTR;AVP;ARFGAP1;RAB5C;LDLR;BIN1;TOR1B;IGF2R;TOR1A;HGS;ARPC2;RAB5B;PACSIN2;CLTB;ARPC5;ARPC1A;EPN1;AP2A2;AP2S1;M6PR;SYNJ2
REACTOME_EGFR_DOWNREGULATION,0.25,0.789655172413793,0.136490437780413,-0.336821477229881,-1.17143450625922,22,SPRY1;PTPRK;STAM2;EPS15;UBB;PTPN3;CDC42;EPS15L1
REACTOME_SIGNALING_BY_CSF1_M_CSF_IN_MYELOID_CELLS,0.251318101933216,0.791090657631705,0.111918316325105,0.33091593745116,1.18180220542683,27,STAT3;SHC1;INPPL1;THOC5;PIK3CD;CSF1;HCK;INPP5D;GRAP2
REACTOME_EUKARYOTIC_TRANSLATION_INITIATION,0.256,0.792216216216216,0.140406238523342,-0.223246376573455,-1.11099028966762,100,RPL41;RPL7;EIF5B;RPS13;RPL37A;RPS23;RPS3A;RPS6;RPL24;RPS15A;EIF3E;RPL12;EIF4E;RPS4X;RPL7A;RPL30;RPS17;EIF5;RPL36AL;RPL22;EIF3H;RPS24;RPS3;EIF2S1;RPS7;RPL9;EIF3M;RPL26L1;RPL5;RPL10;RPL14;RPS27
REACTOME_LAMININ_INTERACTIONS,0.255932203389831,0.792216216216216,0.108394255853397,0.356716587488619,1.16700820950454,20,LAMA5;HSPG2;LAMB2;LAMA2;COL18A1;ITGA6;LAMA3;COL4A2;LAMC3;COL4A1
REACTOME_RNA_POLYMERASE_III_TRANSCRIPTION_INITIATION_FROM_TYPE_1_PROMOTER,0.254854368932039,0.792216216216216,0.133554954557592,-0.344339304050876,-1.17309551063862,20,POLR3B;GTF3C2;POLR2K;POLR1D;POLR3C;GTF3C4;GTF3A
REACTOME_RUNX2_REGULATES_BONE_DEVELOPMENT,0.255932203389831,0.792216216216216,0.108394255853397,0.356757073170386,1.16714065953531,20,ABL1;RBM14;SMAD1;COL1A1;MAPK3;SMAD6
REACTOME_THE_ROLE_OF_NEF_IN_HIV_1_REPLICATION_AND_DISEASE_PATHOGENESIS,0.255852842809365,0.792216216216216,0.107554375265169,0.34739409694034,1.1751584872634,22,AP1B1;ARF1;AP2M1;CD247;HCK;AP1S1;AP2A2;AP2S1;LCK
REACTOME_RET_SIGNALING,0.259130434782609,0.799203630507979,0.109250039480711,0.302767534622708,1.14011940848073,33,PDLIM7;PIK3R2;RET;RAP1GAP;PLCG1;DOK1;SHC1;PIK3CD
REACTOME_TP53_REGULATES_TRANSCRIPTION_OF_DNA_REPAIR_GENES,0.261157024793388,0.802751123190415,0.105520936843198,0.280072540766847,1.14412704120016,48,CDK9;SUPT5H;BRCA1;NELFB;POLR2D;ERCC2;DDB2;POLR2E;CTDP1;NELFCD;ELOB;GTF2F1;ERCC3;POLR2L
REACTOME_MEIOSIS,0.264058679706602,0.808955687663033,0.131457611642763,-0.262712556678999,-1.10967762688361,43,POT1;STAG2;NBN;STAG1;RPA3;SYNE1;ATR;TERF2IP;RAD21;SMC1A;MLH1;H2BC21;REC8
REACTOME_RESOLUTION_OF_AP_SITES_VIA_THE_MULTIPLE_NUCLEOTIDE_PATCH_REPLACEMENT_PATHWAY,0.269417475728155,0.822621359223301,0.129442887745046,-0.338911218985182,-1.15460310461056,20,RFC5;RPA3;POLB;PARP2
REACTOME_REGULATION_OF_ENDOGENOUS_RETROELEMENTS_BY_KRAB_ZFP_PROTEINS,0.271304347826087,0.825630507005634,0.106323255932708,0.299945881377614,1.12949402345474,33,GATAD2A;MBD3;TRIM28;H2AX;H2BC12;ZNF224;H3-3B;RBBP4;HDAC1;H2BC5;H2AC6;H3C6;UBE2I;H2AZ2;CHD4
REACTOME_CALNEXIN_CALRETICULIN_CYCLE,0.273381294964029,0.829196245652485,0.127505315300183,-0.338079622107277,-1.13913612981452,19,MARCHF6;UGGT2;CANX;RNF139;UBB
REACTOME_RESPIRATORY_SYNCYTIAL_VIRUS_INFECTION_PATHWAY,0.275693311582382,0.83344908715994,0.101350743797099,0.24510324677187,1.1129301979548,80,GPC1;MED22;MED16;HSPA8;PPP1CA;AGRN;SDC1;HSPG2;FURIN;RAB5C;SDC4;BECN1;MED15;TYK2;MED18;ELOB;RAB5B;IRF3;NCL;CD14;STAT2
REACTOME_S_PHASE,0.277142857142857,0.835075187969925,0.139599673451922,-0.216669533813602,-1.08918716622773,108,RBL2;RFC5;ORC3;UBE2E1;STAG2;CDC16;STAG1;RPA3;POLA1;CKS1B;PDS5B;ORC4;CDC23;PRIM1;SKP2;PSMD12;GMNN;PSMA1;UBB;AKT3;PSMA3;CDKN1B;RAD21;SEM1;GSK3B;GINS3;PSMB1;SMC1A;PSMA2
REACTOME_AEROBIC_RESPIRATION_AND_RESPIRATORY_ELECTRON_TRANSPORT,0.28023598820059,0.839205349106339,0.141225119642531,-0.195464797926156,-1.07656225028375,175,NDUFS5;COX6C;ATP5F1C;ATP5MJ;MKLN1;DLAT;COX7C;RANBP9;NDUFS4;UQCRH;PDPR;SUCLA2;NDUFA5;TMEM126B;COX7B;SLC25A14;WDR26;COX11;NDUFB3;ATP5PF;NDUFS1;ATP5MG;NDUFB1;COX15;HIGD1A;ATP5PO;UBB;UQCRB;NDUFC1;MDH1;ATP5PB;GOT1;GID4;NEK1;NDUFB4;ATP5PD;ARMC8;TTC19;COA1;ATP5MC1;PDHB;TMEM223;IDH3A;NDUFA9;COX7A2L;COX6B1;ISCU;COQ10B;UQCR10;NDUFAF1;LYRM4;ATP5ME;UQCRC2;NDUFAF4;NDUFB5
REACTOME_ANTI_INFLAMMATORY_RESPONSE_FAVOURING_LEISHMANIA_PARASITE_INFECTION,0.281879194630873,0.839205349106339,0.101713902282311,0.277080889995948,1.12243349201845,47,GNB2;PLCG1;FURIN;GGT5;CD247;GNAI2;RHBDF2;MYH9;HCK;GNAS;GNG7;FGR;DPEP1;GNB5;PRKAR1A
REACTOME_CYTOPROTECTION_BY_HMOX1,0.282178217821782,0.839205349106339,0.127505315300183,-0.262898817915918,-1.09374102225448,41,COX6C;NCOR1;COX7C;CHD9;CREBBP;TBL1X;NCOA2;COX7B
REACTOME_DISEASES_ASSOCIATED_WITH_O_GLYCOSYLATION_OF_PROTEINS,0.281030444964871,0.839205349106339,0.12384217120105,-0.279139519504103,-1.10776733132639,33,ADAMTSL3;SEMA5A;LARGE1;C1GALT1C1
REACTOME_MITOCHONDRIAL_TRANSLATION,0.283505154639175,0.840423047409335,0.130105630751129,-0.241584746248085,-1.09274716538231,61,MRPS33;MRPL33;MRPL48;MRPL40;MRPS35;MRPS31;MTIF2;MRPL22;MRPL52;MRPL35;MRPL39;MRPL13;MRPL42;MRPS30;MRPS17;MRPL24;MIEF1;MRPS14
REACTOME_SIGNALING_BY_VEGF,0.285016286644951,0.842177156667017,0.0992333343771191,0.238473919849615,1.09834888117986,89,VAV2;MLST8;CRK;PIK3R2;NOS3;PLCG1;AKT1;TRIB3;MAPKAP1;AAMP;PRKCZ;AKT2;HRAS;CYBA;PDPK1;VEGFB;RHOA;CTNNA1;SHB;VAV1;SHC2;NRP1;PRKCD;MAPK11
REACTOME_APOPTOTIC_EXECUTION_PHASE,0.291764705882353,0.845850203456219,0.121543282035469,-0.273170988267784,-1.10057354008295,35,GAS2;HMGB1;ROCK1;KPNA1;BIRC2;SATB1;APC
REACTOME_CELL_CYCLE_MITOTIC,0.296416938110749,0.845850203456219,0.144630528034484,-0.177730573108264,-1.06007763832625,323,NUP43;RBL2;RFC5;ORC3;UBE2E1;DYRK1A;TUBGCP4;STAG2;PRKCA;TMPO;PPP2R5A;NUP107;NUP205;CEP43;CLIP1;CDC16;NUP88;STAG1;NUP133;LBR;NUP50;NEK7;RPA3;CEP70;CEP57;NUP160;POLA1;NUP153;OFD1;CKS1B;DYNC1I2;PDS5B;ORC4;NUP54;CDC23;CNTRL;NCAPD3;PHF8;NME7;PRIM1;PPP1CB;SKP2;PSMD12;SEH1L;BUB3;PHLDA1;SUMO1;PPP2R5C;GMNN;PSMA1;UBB;SMC4;ARPP19;AKT3;CLASP2;XPO1;CETN2;PSMA3;RANBP2;CDKN1B;ITGB3BP;CKAP5;RAD21;CDKN1C;SEM1;GSK3B;E2F6;HAUS4;GINS3;PSMB1;TUBB6;SMC1A;TUBB4A;PSMA2;CDC27;NEK9;BORA;PPP2CB;H2BC21;CCND2;PSMA4;EP300;NUP155;PCM1;PPP2R2A;TFDP1;DHFR;SKP1;EML4;CDC14A;PDS5A;UBE2C;AKAP9;LEMD3;TPR
REACTOME_E3_UBIQUITIN_LIGASES_UBIQUITINATE_TARGET_PROTEINS,0.288056206088993,0.845850203456219,0.122107920287081,-0.277245847400148,-1.10025227900871,33,UBE2E1;WAC;PEX2;UBE2V2;UBE2N;UBB;HLTF;BCL10;PEX12
REACTOME_ESR_MEDIATED_SIGNALING,0.290171606864275,0.845850203456219,0.0956031492204301,0.224888149078153,1.09724882125707,122,MMP9;CCND1;PRMT1;PIK3R2;GNB2;CDK9;NOS3;AKT1;CTSD;SHC1;PRKCZ;AKT2;HRAS;H2AX;POLR2D;PDPK1;POLR2E;GNAI2;BCL2;KPNA2;H2BC12;DDX5;USF2;GTF2F1;H3-3B;CARM1;MAPK3;POLR2L;FOXA1;GNG7;PPP5C;TLE3;HDAC1;GNB5;PTK2;SRF;AXIN1;H2BC5;POLR2J;TNRC6B;SPHK1;HBEGF;HSP90AB1;POLR2I
REACTOME_FCERI_MEDIATED_MAPK_ACTIVATION,0.295053003533569,0.845850203456219,0.102080107662747,0.321887488070563,1.13294394918034,26,VAV2;PLCG1;SHC1;HRAS;LAT;MAP2K7;MAPK3;GRAP2;VAV1
REACTOME_KERATINIZATION,0.296041308089501,0.845850203456219,0.10027910675413,0.290752069918745,1.11698781552883,36,PRSS8;CAPNS1;KRT16;FURIN;KRT18;KRT8;CAPN1;PERP;KLK5;KRT33A;KRTAP5-8
REACTOME_REGULATION_OF_TLR_BY_ENDOGENOUS_LIGAND,0.296360485268631,0.845850203456219,0.100633389423036,0.3673736260039,1.14963683769215,17,LBP;S100A9;S100A8;CD14;GSDMD;CD36
REACTOME_SIGNALING_BY_NTRK2_TRKB,0.292565947242206,0.845850203456219,0.122679189568808,-0.332611378653818,-1.12071125804724,19,TIAM1;GAB1;SOS1;FRS2;KRAS;RAC1;PTPN11
REACTOME_SIGNAL_AMPLIFICATION,0.289007092198582,0.845850203456219,0.103576326612592,0.377347839039762,1.16106151564678,16,GNB2;AAMP;GNA11;GNAI2
REACTOME_TP53_REGULATES_TRANSCRIPTION_OF_CELL_DEATH_GENES,0.293609671848014,0.845850203456219,0.100990587455923,0.30725124024135,1.1189786123532,29,BAX;TP53I3;BIRC5;STEAP3;IGFBP3;CASP1;PERP;CASP2;TRIAP1;BBC3;CASP6;RABGGTA
REACTOME_TRANSCRIPTIONAL_REGULATION_BY_RUNX1,0.289922480620155,0.845850203456219,0.0952879846194844,0.222019217553296,1.09323414332468,127,CCND1;PRMT1;SPI1;PHC2;SMARCB1;ABL1;BLK;SETD1A;LMO2;PSMC4;PSMD2;PSMC3;H2AX;PSMA7;CCND3;PSMD13;H2BC12;SIN3B;LDB1;PF4;TAL1;H3-3B;ADRM1;TCF3;SMARCC2;SCMH1;CLDN5;FOXP3;ARID1A;GP1BA;CBX4;CBX6;PSMD8;PSMD3;HDAC1;SOCS3;GATA1;AXIN1;PSMB3;H2BC5;CSNK2A2;TNRC6B;CSNK2B
REACTOME_RNA_POLYMERASE_I_PROMOTER_ESCAPE,0.297391304347826,0.845995139076424,0.100633389423036,0.29705367953879,1.11860297645462,33,UBTF;H2AX;ERCC2;POLR2E;H2BC12;H3-3B;ERCC3;POLR2L;POLR1C;H2BC5;POLR1E;GTF2H4;H2AC6;H3C6;GTF2H3;H2AZ2;POLR1B
REACTOME_SYNTHESIS_OF_PIPS_AT_THE_GOLGI_MEMBRANE,0.298823529411765,0.847437625204881,0.119887845115423,-0.363124644520335,-1.1261815671334,15,PIK3C2G;PIK3R4;OCRL;PIK3C2A;PIK3C3;SACM1L;PIKFYVE;ARF3
REACTOME_ACTIVATION_OF_GENE_EXPRESSION_BY_SREBF_SREBP,0.30820770519263,0.849336787418072,0.096240602328129,0.285512274492928,1.10973433530983,37,SREBF2;MVK;SQLE;MVD;TM7SF2;FASN;DHCR7;RXRA;PMVK;SREBF1;MTF1;CARM1
REACTOME_CELL_JUNCTION_ORGANIZATION,0.301972685887709,0.849336787418072,0.0916795246008379,0.214050584328468,1.08951893002306,172,VASP;CD151;TESK1;PIP5K1C;ACTN1;CDH15;PLEC;CLDN7;MOGS;RPN1;PSMC4;PSMD2;FURIN;PSMC3;H2AX;CDH1;ACTA1;PSMA7;CLDN9;FLNA;CLDN4;CTBP1;PSMD13;CLDN3;FOXA2;H2BC12;RACK1;PRDM8;CTNNA1;H3-3B;MAPK3;ADRM1;POMT2;TCF3;CLDN5;BANP;ARID1A;ILK;PARD6A;RBBP4;NECTIN2;PKM;PSMD8;PSMD3;HDAC1;PCSK7;CLDN11;PSMB3;ITGA6;H2BC5;CSNK2A2;CLDN16;CDH4;TNRC6B;CSNK2B;SDK2;CTSS;LAMA3;H2AC6;PXN;PSMD7;SMARCA4;PSMC5;JUP
REACTOME_COLLAGEN_BIOSYNTHESIS_AND_MODIFYING_ENZYMES,0.304647160068847,0.849336787418072,0.0985499803531691,0.288345974029073,1.1077442707021,36,COLGALT1;P4HB;PLOD1;COL5A3;PPIB;SERPINH1;COL1A1;COL13A1;COL18A1;COL6A2;PLOD3;COL4A2;COL16A1;COL4A1;COL3A1;PCOLCE
REACTOME_CYTOSOLIC_SENSORS_OF_PATHOGEN_ASSOCIATED_DNA,0.303986710963455,0.849336787418072,0.0965629554309422,0.273321734266549,1.10632104078249,46,IKBKG;XRCC6;IRF7;ZBP1;POLR2E;NFKB2;NFKBIB;TICAM1;IRF3;POLR2L;DDX41;POLR1C;NKIRAS2;DHX9;TRIM56;RIPK1;RELA;MYD88
REACTOME_DEADENYLATION_DEPENDENT_MRNA_DECAY,0.308641975308642,0.849336787418072,0.120985142145252,-0.269712023570737,-1.09020308891679,37,TUT7;LSM3;CNOT4;DIS3;LSM6;CNOT2;EIF4E;TUT4;LSM5;PARN
REACTOME_PLASMA_LIPOPROTEIN_ASSEMBLY,0.306737588652482,0.849336787418072,0.0999276973731092,0.372931177864046,1.14747189146389,16,APOE;P4HB;APOA4;APOA1
REACTOME_PYRUVATE_METABOLISM,0.309405940594059,0.849336787418072,0.120985142145252,-0.258580905321235,-1.06339132388083,40,MKLN1;DLAT;RANBP9;PDPR;WDR26;UBB;GID4;NEK1;ARMC8;PDHB
REACTOME_RESOLUTION_OF_ABASIC_SITES_AP_SITES,0.304147465437788,0.849336787418072,0.117249716749792,-0.280834656814094,-1.09895720486637,31,RFC5;OGG1;RPA3;POLB;PARP2
REACTOME_RHOD_GTPASE_CYCLE,0.304347826086957,0.849336787418072,0.0992333343771191,0.29515804684241,1.11146466939938,33,RHOD;PLXNA1;PLXNB1;PIK3R2;ACTN1;ANKFY1;STEAP3;EFHD2;CAPZB
REACTOME_RNA_POLYMERASE_III_TRANSCRIPTION,0.309692671394799,0.849336787418072,0.11776578836269,-0.291139826964688,-1.10227390191714,29,POLR3B;GTF3C2;POLR2K;NFIB;POLR1D;POLR3C;SNAPC5;GTF3C4
REACTOME_SIGNALING_BY_HEDGEHOG,0.30952380952381,0.849336787418072,0.12563992130984,-0.217042160314501,-1.0659077950191,92,WDR19;IFT88;TTC21B;OFD1;IHH;ADAM17;GAS1;PSMD12;MKS1;PSMA1;UBB;PSMA3;PRKAR2A;CUL3;SEM1;GSK3B;PSMB1;TUBB6;TUBB4A;PSMA2;PSMA4;ITCH;SKP1;PRKACB;PSMC2;PRKACA;CDON;PSMD14;GLI1;TUBB2A;PSMA5;PSMB5;TULP3;IFT52
REACTOME_ADIPOGENESIS,0.310704960835509,0.849406528189911,0.124434168630393,-0.228027126981108,-1.07066673016893,71,PPARGC1A;MED13;ZNF638;NCOR1;CHD9;CREBBP;CDK19;TBL1X;NCOA2;MED25;HNRNPU;NCOA3;MED31;WNT10B;MED1;MED7;TGS1;MED6
REACTOME_METABOLISM_OF_STEROIDS,0.311728395061728,0.849406528189911,0.0908241419007155,0.22352712149048,1.07752739483536,110,LDLRAP1;SREBF2;MVK;SQLE;MVD;TM7SF2;MBTPS1;FDXR;PIAS4;OSBPL2;STARD5;NSDHL;FASN;POMC;DHCR7;STARD3;RXRA;SLC27A2;PMVK;SREBF1;SCAP;LGMN;SEC24C;MTF1;TSPO
REACTOME_PHOSPHOLIPID_METABOLISM,0.3125,0.849406528189911,0.0913924325943768,0.219537459576554,1.07657420421179,125,AGPAT2;GPD1;LPCAT1;PI4K2A;LPCAT3;PLA2G2A;PIP5K1C;PIK3R2;PITPNM1;INPP5K;SBF1;PNPLA3;ARF1;DGAT1;MGLL;AGPAT3;INPPL1;PIK3CD;PLD3;PLEKHA4;PEMT;PTDSS2;GDE1;TNFAIP8L1;PNPLA6;INPP5D;PLD2;VAC14;PLA2G15;PI4KA;GDPD5
REACTOME_INSULIN_RECEPTOR_RECYCLING,0.321070234113712,0.857435377399885,0.0937465422491719,0.332699362260136,1.10956467422158,21,ATP6V0D1;CTSD;TCIRG1;ATP6V0C;ATP6V0B;PTPRF;ATP6V1C1
REACTOME_METABOLISM_OF_STEROID_HORMONES,0.320388349514563,0.857435377399885,0.117249716749792,-0.3247634580327,-1.10640449741208,20,HSD17B11;STS;HSD11B1;SRD5A1;HSD3B2
REACTOME_SYNTHESIS_OF_PA,0.318890814558059,0.857435377399885,0.096240602328129,0.359927347963631,1.12633490491078,17,AGPAT2;GPD1;LPCAT1;PLA2G2A;AGPAT3
REACTOME_TELOMERE_EXTENSION_BY_TELOMERASE,0.3189448441247,0.857435377399885,0.116739204791222,-0.322037127709841,-1.08508204377834,19,ANKRD28;POT1;NOP10;PPP6C;TERF2IP
REACTOME_TRANSCRIPTIONAL_REGULATION_BY_SMALL_RNAS,0.319516407599309,0.857435377399885,0.0959206777921745,0.320026021640047,1.12136981158407,25,H2AX;POLR2D;POLR2E;H2BC12;H3-3B;POLR2L;H2BC5;POLR2J;POLR2I;H2AC6;H3C6;H2AZ2;POLR2C;POLR2A;POLR2F;H2BC7
REACTOME_TRNA_PROCESSING,0.318421052631579,0.857435377399885,0.123257226381337,-0.226256398376645,-1.07678125287972,75,NUP43;TRMT11;TRIT1;NUP107;NUP205;NUP88;NUP133;NUP50;NUP160;NUP153;RPP30;NUP54;PRORP;TRMT61B;SEH1L
REACTOME_DISORDERS_OF_TRANSMEMBRANE_TRANSPORTERS,0.326923076923077,0.866421439831844,0.124434168630393,-0.206057159960316,-1.0586018941375,121,SLC12A6;NUP43;NUP107;NUP205;NUP88;LMBRD1;NUP133;NUP50;SLC7A9;NUP160;SLCO1B3;NUP153;NUP54;SLC16A1;PSMD12;SEH1L;PSMA1;UBB;SLC35A1;SLC4A4;PSMA3;RANBP2;SLC11A2;ERLIN2;ERLIN1;SLC2A1;SLC2A2;SEM1;SLC22A5
REACTOME_HEDGEHOG_OFF_STATE,0.326259946949602,0.866421439831844,0.122107920287081,-0.224592051441553,-1.06308765321535,74,WDR19;IFT88;TTC21B;OFD1;PSMD12;MKS1;PSMA1;UBB;PSMA3;PRKAR2A;SEM1;GSK3B;PSMB1;TUBB6;TUBB4A;PSMA2;PSMA4;ITCH;SKP1;PRKACB;PSMC2;PRKACA;PSMD14;GLI1;TUBB2A;PSMA5;PSMB5;TULP3;IFT52
REACTOME_SENESCENCE_ASSOCIATED_SECRETORY_PHENOTYPE_SASP,0.327272727272727,0.866421439831844,0.0919686140000427,0.267199931537336,1.09154102091427,48,CDKN1A;RPS6KA1;STAT3;H2AX;FZR1;H2BC12;H3-3B;MAPK3;CDKN2D;MAPK7;ANAPC5;H2BC5;RELA;ANAPC2;H2AC6;EHMT2;H3C6;CEBPB;CDK4;CXCL8;H2AZ2;IGFBP7;MAPK1
REACTOME_MEIOTIC_SYNAPSIS,0.328605200945626,0.867441971372317,0.11378726182188,-0.285109079114353,-1.07944110698911,29,POT1;STAG2;STAG1;SYNE1;ATR;TERF2IP;RAD21;SMC1A;H2BC21;REC8
REACTOME_ABC_FAMILY_PROTEINS_MEDIATED_TRANSPORT,0.354066985645933,0.868503703703704,0.0855356947987884,0.239073777105281,1.06384562524524,72,ABCA7;ABCA2;ABCC5;ABCF1;PSMC4;PSMD2;VCP;CFTR;PSMC3;PSMA7;ABCB4;ABCA3;ABCC10;PSMD13;APOA1
REACTOME_AZATHIOPRINE_ADME,0.332755632582322,0.868503703703704,0.0937465422491719,0.371868681344946,1.12372468818708,15,VAV2;SLC29A1;ABCC5;IMPDH1;VAV1;GUK1
REACTOME_CDC42_GTPASE_CYCLE,0.341384863123994,0.868503703703704,0.0880945010398517,0.228494407615495,1.06020204614526,91,ARHGEF16;VAV2;YKT6;MYO9B;ABR;WDR91;ARAP1;PIK3R2;DOCK9;FMNL1;ARHGAP45
REACTOME_CELL_EXTRACELLULAR_MATRIX_INTERACTIONS,0.35528596187175,0.868503703703704,0.0899860794997137,0.347127395114448,1.0862795055175,17,VASP;TESK1;ACTN1
REACTOME_CIRCADIAN_CLOCK,0.353562005277045,0.868503703703704,0.116234148779716,-0.212440469547771,-1.04676355608831,93,PPARGC1A;SIRT1;RORA;NCOR1;CHD9;CREBBP;TBL1X;NCOA2;NAMPT;PPP1CB;PSMD12;MED1;PSMA1;UBB;PSMA3;TGS1;NOCT;SEM1;MEF2C;PSMB1;PER2;PSMA2;F7;NCOA6;PSMA4;EP300
REACTOME_CO_INHIBITION_BY_CTLA4,0.355555555555556,0.868503703703704,0.0891647117820678,0.333667197237378,1.07855830721843,19,PPP2R1A;AKT1;PPP2R5B;AKT2
REACTOME_DEFECTIVE_INTRINSIC_PATHWAY_FOR_APOPTOSIS,0.351493848857645,0.868503703703704,0.0913924325943768,0.343985182170878,1.09041105703205,18,C1QBP;CAPNS1;LMNA;CAPN1;PRDX2;FASLG;CDK5;GOLGA2;CDK5R1;CDC25B
REACTOME_DETOXIFICATION_OF_REACTIVE_OXYGEN_SPECIES,0.333919156414763,0.868503703703704,0.0943563635421779,0.307491241727022,1.09814543965886,27,GPX1;P4HB;CYBA;GPX3;PRDX2;GPX2;CCS;GSR;TXNRD2;GSTP1;NCF2;CAT
REACTOME_DOWNREGULATION_OF_TGF_BETA_RECEPTOR_SIGNALING,0.340852130325815,0.868503703703704,0.115240003147781,-0.307007199699682,-1.0872777061555,24,MTMR4;PPP1CB;USP15;UBB;XPO1;ZFYVE9;NEDD4L;BAMBI
REACTOME_FORMATION_OF_WDR5_CONTAINING_HISTONE_MODIFYING_COMPLEXES,0.347150259067358,0.868503703703704,0.0911073131586733,0.293429976383158,1.06864293708999,29,AKAP8L;SETD1A;MCRS1;CXXC1;HCFC1;SGF29;DR1;PAGR1;KAT8;KAT2A
REACTOME_GAP_JUNCTION_ASSEMBLY,0.338652482269504,0.868503703703704,0.0940503465727813,0.360630230220656,1.10962310729948,16,GJC2;GJA3;TUBB4B;TUBA3C;GJA4;GJB1
REACTOME_GLUCOSE_METABOLISM,0.351706036745407,0.868503703703704,0.116234148779716,-0.227328331988342,-1.04042066696596,65,NUP43;PFKFB1;PFKFB3;NUP107;NUP205;NUP88;NUP133;NUP50;NUP160;NUP153;NUP54
REACTOME_G_ALPHA_I_SIGNALLING_EVENTS,0.338533541341654,0.868503703703704,0.086794975677172,0.216720764186345,1.07000984510435,135,SSTR3;PPP2R1A;GNB2;CXCR6;CAMKK2;RGS3;PLCB3;LPAR2;GNA11;PPP1CA;ADRA2C;POMC;GNAI2;GALR3;KPNA2;PTGDR2;FPR1;CXCR3;CAMK2B;HEBP1;TAS2R3;PSAP;S1PR2;GNAS;PF4;RGS12;GRM8;GNAT1;CCL5;OPRD1;ADORA1;GRM4;PPP3CC;ADRA2B;PRKCD;GNG7;RGS19;OPRL1;GNB5;RGS14;PRKAR1A;GPER1;PLCB2;RGS16;HTR1B;CDK5;CAMK2G;FPR3
REACTOME_HCMV_LATE_EVENTS,0.335012594458438,0.868503703703704,0.116739204791222,-0.246236518131681,-1.05488202442068,48,NUP43;NUP107;NUP205;NUP88;NUP133;NUP50;NUP160;NUP153;NUP54
REACTOME_MITOCHONDRIAL_CALCIUM_ION_TRANSPORT,0.351493848857645,0.868503703703704,0.0913924325943768,0.344232935933707,1.09119642063611,18,LETM1;PMPCA;PARL;STOML2;SPG7;SLC8B1;PHB1;AKAP1;PHB2
REACTOME_MRNA_POLYADENYLATION,0.341397849462366,0.868503703703704,0.119887845115423,-0.210994890024908,-1.05271954262929,102,SNRPE;U2SURP;SRSF7;CPSF6;POLR2K;RBBP6;CPSF7;HNRNPU;HNRNPA1;SNRPB2;PPP1CB;RBM25;SNRPA1;UBB;CSTF3;DHX15;SNRPD2;SRSF11;SF3A3;RBM5;SF3A2;SNRPD3;SMNDC1;SRRM2;SRSF2;HNRNPK;PAPOLA;DNAJC8;SRSF3;DDX46;CLP1;SNRPF;HNRNPD;SF3B1;POLR2B;SNRPG;TRA2B;HNRNPL;PPP1R8
REACTOME_NCAM_SIGNALING_FOR_NEURITE_OUT_GROWTH,0.35,0.868503703703704,0.0886261133285098,0.26962441959294,1.07757045347025,44,CACNA1H;AGRN;HRAS;COL5A3;SPTBN4;MAPK3;SPTBN2;SPTAN1;SPTBN5;PTK2;COL6A2;PSPN;CACNA1D;COL4A2;CNTN2;COL4A1;COL3A1;CACNA1I;CACNA1C;MAPK1
REACTOME_PI3K_AKT_SIGNALING_IN_CANCER,0.347334410339257,0.868503703703704,0.0873098257637931,0.244507453287374,1.0712975541747,68,CDKN1A;MLST8;RAC2;PIK3R2;AKT1;RPS6KB2;FGFR4;MAPKAP1;AKT2;CASP9;PIK3CD;PDPK1;TSC2;ERBB2;FGFR3;BAD;VAV1;PDGFRB;LCK;PIK3R5;FGF18;RHOG;HBEGF;GSK3A;NR4A1;FOXO4;NTF3
REACTOME_PURINERGIC_SIGNALING_IN_LEISHMANIASIS_INFECTION,0.353846153846154,0.868503703703704,0.0894366833718621,0.334825744803352,1.08230323962993,19,HMOX1;PYCARD;NFKB2;GSDMD;CASP1;P2RX4
REACTOME_RAB_GERANYLGERANYLATION,0.340869565217391,0.868503703703704,0.0925528864684773,0.28773662066534,1.08351810625936,33,RAB32;RAB40C;RAB15;RAB5C;RAB35;RAB3D;RAB26;RAB5B;RAB20;RAB40B;RAB1A
REACTOME_RAB_REGULATION_OF_TRAFFICKING,0.3536,0.868503703703704,0.0857844408075645,0.238188109722711,1.06800671960134,74,RAB32;ULK1;HPS1;RIN3;DENND6B;SBF1;AKT1;AKT2;TRAPPC12;RAB5C;RIN1;RAB35;TSC2;GGA3;RAB5B;OPTN;TRAPPC6A;DENND2B;TBC1D17;RAB1A;RGP1;GGA1;MADD
REACTOME_REGULATION_OF_PTEN_GENE_TRANSCRIPTION,0.340567612687813,0.868503703703704,0.0902635484340068,0.271959946435523,1.07955421580557,42,GATAD2A;MLST8;PHC2;MBD3;HDAC5;RRAGC;MAPK3;SCMH1;CBX4;RBBP4;CBX6;HDAC1
REACTOME_RHOA_GTPASE_CYCLE,0.347619047619048,0.868503703703704,0.0862865626267245,0.22718759536613,1.06525975920399,97,VAV2;YKT6;STK10;MYO9B;ABR;STX5;ARAP1;PIK3R2;HMOX2;ARHGAP45;C1QBP;FLOT1;FLOT2;DEF6;PKN1
REACTOME_RHOC_GTPASE_CYCLE,0.341584158415842,0.868503703703704,0.0894366833718621,0.260816693567602,1.07568706262567,50,VAV2;STK10;MYO9B;ABR;STX5;C1QBP;FLOT1;FLOT2;PKN1
REACTOME_RHOF_GTPASE_CYCLE,0.33256351039261,0.868503703703704,0.11146266692298,-0.291742017590822,-1.08858656682462,27,DIAPH2;TMPO;SNAP23;ADD3;TOR1AIP1;ARHGAP32;DIAPH1
REACTOME_SIGNALING_BY_ERYTHROPOIETIN,0.342372881355932,0.868503703703704,0.0908241419007155,0.338485496591258,1.10736468999447,20,PLCG1;SHC1;RAPGEF1;HRAS;EPO;PIK3CD
REACTOME_SIGNALING_BY_INSULIN_RECEPTOR,0.33,0.868503703703704,0.0919686140000427,0.257833759490349,1.06507337533979,51,ATP6V0D1;PIK3R2;TRIB3;FGFR4;CTSD;SHC1;AKT2;HRAS;TCIRG1;PDPK1;ATP6V0C;ATP6V0B;PTPRF;MAPK3;FGFR3;ATP6V1C1
REACTOME_TCF_DEPENDENT_SIGNALING_IN_RESPONSE_TO_WNT,0.352777777777778,0.868503703703704,0.119887845115423,-0.204405936043501,-1.05088209893869,120,FZD5;PPP2R5A;LGR4;TNKS2;CBY1;TCF7L1;DVL3;CREBBP;TCF4;FZD4;APC;LRP6;LGR5;PSMD12;PPP2R5C;ASH2L;PSMA1;UBB;XPO1;SFRP1;PSMA3;SOX13;TLE4;CUL3;SEM1;GSK3B;WNT5A;TCF7L2;PSMB1;PSMA2;USP8;PPP2CB;H2BC21;PSMA4;EP300
REACTOME_REGULATION_OF_T_CELL_ACTIVATION_BY_CD28_FAMILY,0.357910906298003,0.871931888747263,0.0828962134571565,0.209672794074317,1.05666941793395,159,CCND1;MLST8;PPP2R1A;PIK3R2;TNFRSF14;STAT3;AKT1;TRIB3;PPP2R5B;RPN1;MAPKAP1;PSMC4;PSMD2;VCP;AKT2;PSMC3;H2AX;TEAD3;CD247;PTPN6;CSK;PSMA7;PIK3CD;PDPK1;NFKB2
REACTOME_GENERATION_OF_SECOND_MESSENGER_MOLECULES,0.359240069084629,0.872848549818355,0.0891647117820678,0.311817494849332,1.09260716880423,25,VASP;PLCG1;ZAP70;CD247;LAT;HLA-DQB2;GRAP2;LCK;EVL;CD101
REACTOME_APC_C_MEDIATED_DEGRADATION_OF_CELL_CYCLE_PROTEINS,0.361111111111111,0.875073486184597,0.111918316325105,-0.231314090261671,-1.03055679833157,54,UBE2E1;CDC16;CDC23;SKP2;PSMD12;BUB3;PSMA1;UBB;PSMA3;SEM1;PSMB1;PSMA2;CDC27;PSMA4;SKP1;CDC14A;UBE2C;PSMC2;PSMD14;CCNA2;PSMA5;PTTG1;PSMB5
REACTOME_UCH_PROTEINASES,0.363486842105263,0.878506457436467,0.0857844408075645,0.249171364259971,1.0618321213668,59,TFPT;FOXK2;MCRS1;PSMC4;TGFB1;PSMD2;H2AC15;ASXL2;PSMC3;PSMA7;HCFC1;PSMD13
REACTOME_MATURATION_OF_DENV_PROTEINS,0.365159128978224,0.880225689852773,0.0865399737444125,0.272680946709501,1.05986129558089,37,HSPA5;P4HB;HYOU1;RPN1;KPNA2;DPM2;SCAP;NMT1;APOA1;CALR
REACTOME_GPCR_LIGAND_BINDING,0.366306027820711,0.880672759799925,0.0819778796501272,0.209024647809446,1.0513404811735,158,GPR132;WNT11;SSTR3;GNB2;CXCR6;SMO;P2RY2;LPAR2;ADGRE5;AVPR1A;EDN2;ADRA2C;AVP;PTAFR;POMC;GALR3;HTR7;PTGDR2;CCL22;FPR1;CXCR3;HEBP1;TAS2R3;PSAP;S1PR2;GNAS;PF4;PLPPR3;GIPR;PTGER1;F2;KISS1;GRM8;CCL5;GCGR;OPRD1;PTH1R;ADORA1;GRM4;ADRA2B;GNRH2;GNG7;DRD2;EDN3;OXT;NPFF;OPRL1
REACTOME_DEACTIVATION_OF_THE_BETA_CATENIN_TRANSACTIVATING_COMPLEX,0.370192307692308,0.883062900641026,0.107140237276725,-0.277502874728695,-1.05954141902384,30,CBY1;TCF7L1;APC;ASH2L;UBB;XPO1;SOX13;TLE4;TCF7L2
REACTOME_ER_QUALITY_CONTROL_COMPARTMENT_ERQC,0.369411764705882,0.883062900641026,0.105920292736253,-0.341886258521798,-1.06031360915217,15,MARCHF6;UGGT2;RNF139;UBB
REACTOME_SYNTHESIS_OF_PIPS_AT_THE_PLASMA_MEMBRANE,0.369150779896014,0.883062900641026,0.0878312634480124,0.280642247382001,1.07124612410992,35,PI4K2A;PIP5K1C;PIK3R2;INPP5K;ARF1;INPPL1;PIK3CD;PLEKHA4
REACTOME_RUNX1_REGULATES_TRANSCRIPTION_OF_GENES_INVOLVED_IN_DIFFERENTIATION_OF_HSCS,0.376221498371336,0.895114006514658,0.0833634065110386,0.248601884426661,1.0662740585487,61,SPI1;ABL1;LMO2;PSMC4;PSMD2;PSMC3;H2AX;PSMA7;PSMD13;H2BC12;LDB1;TAL1;H3-3B;ADRM1;TCF3
REACTOME_NUCLEAR_SIGNALING_BY_ERBB4,0.382943143812709,0.895167022032694,0.0838361057159929,0.320506575665527,1.06890128011768,21,MXD4;PSEN2;APOE
REACTOME_NUCLEOTIDE_CATABOLISM,0.381188118811881,0.895167022032694,0.107140237276725,-0.300119441557267,-1.04378815962345,22,NT5E;DPYD;NT5C2;PNP;ENTPD5;SAMHD1;ADPRM
REACTOME_OTHER_SEMAPHORIN_INTERACTIONS,0.379549393414211,0.895167022032694,0.0862865626267245,0.357172598825298,1.07931559547394,15,PLXNA1;PLXND1;CD72;TYROBP;PLXNB3
REACTOME_REGULATION_OF_TP53_ACTIVITY_THROUGH_ACETYLATION,0.383084577114428,0.895167022032694,0.0833634065110386,0.304268931796849,1.06566247226145,24,GATAD2A;MBD3;AKT1;AKT2;PIN1;RBBP4;HDAC1;BRD1
REACTOME_RHOJ_GTPASE_CYCLE,0.37799043062201,0.895167022032694,0.105520936843198,-0.262260505031873,-1.04238512562435,34,WIPF2;TMPO;SNAP23;ARHGAP32;OCRL;TFRC;GIT2;VAMP3;CDC42;WASL;FNBP1
REACTOME_TCR_SIGNALING,0.379585326953748,0.895167022032694,0.0817515582532145,0.224514985742584,1.03620676145943,87,IKBKG;VASP;PIK3R2;PLCG1;PSMC4;PSMD2;ZAP70;PSMC3;CD247;LAT;CSK;PSMA7;PDPK1;CDC34
REACTOME_TRANSCRIPTIONAL_REGULATION_BY_RUNX2,0.382495948136143,0.895167022032694,0.0822054920415869,0.226007714835592,1.03351173682874,82,CDKN1A;CCND1;BAX;ABL1;AKT1;RBM14;PSMC4;PSMD2;AKT2;PSMC3;SMAD1;PSMA7;PSMD13;STUB1;COL1A1;MAPK3;ADRM1;SMAD6
REACTOME_CHONDROITIN_SULFATE_DERMATAN_SULFATE_METABOLISM,0.389830508474576,0.899131224636301,0.0835990603684159,0.323069043255761,1.05692933533202,20,IDUA;CHPF;VCAN;HYAL1;CHST11;HEXA;HEXB
REACTOME_INFECTION_WITH_ENTEROBACTERIA,0.39,0.899131224636301,0.0826646449123753,0.307201751654462,1.05914632629772,23,HBB;LAMA5;CASP4;COL5A3;LAMB2;LAMA2;LAMA3;COL4A2;LAMC3;COL4A1
REACTOME_RHO_GTPASE_CYCLE,0.39067055393586,0.899131224636301,0.0755015292281669,0.190109116080876,1.03225992575038,287,ARHGEF16;VAV2;YKT6;STK10;MYO9B;ABR;STX5;IL32;RHOD;STIP1;WDR91;PLXNA1;RAC2;PLXNB1;ARAP1;PIK3R2;ACTN1;DOCK9;PLXND1;LETM1;RHOF;HMOX2;FMNL1;ARHGAP45;ANKLE2;ANKFY1;C1QBP;FLOT1;FLOT2;RAPGEF1;DEF6;ZAP70;VCP;CCT7;GPS1;PKN1;CFTR;CYBA;CSK;STEAP3;DOCK6;GOLGA3
REACTOME_SIGNALING_BY_RETINOIC_ACID,0.386643233743409,0.899131224636301,0.0860347242455604,0.294163632882454,1.0505484648897,27,RDH16;RXRB;DHRS3;PPARD
REACTOME_SYNTHESIS_OF_IP3_AND_IP4_IN_THE_CYTOSOL,0.388214904679376,0.899131224636301,0.0850427463764322,0.33801643694754,1.05776822328616,17,PLCH2;PLCG1;PLCB3;INPPL1;ITPK1;INPP5D;ITPKC
REACTOME_TRANSLATION,0.39016393442623,0.899131224636301,0.124434168630393,-0.176164613900273,-1.02902306513213,273,MRPS33;DARS1;KLHDC10;MRPL33;RPL41;RPL7;MRPL48;SRP72;EIF5B;RPS13;RPL37A;MRPL40;RPS23;RPS3A;RPS6;MRPS35;RPL24;MRPS31;AIMP1;DARS2;MTIF2;SEC61A2;MRPL22;MRPL52;NARS2;MRPL35;RPS15A;EIF3E;PSMD12;RPL12;EIF4E;MRPL39;IARS2;PSMA1;UBB;RPS4X;RPL7A;RPL30;PSMA3;RPS17;ASCC3;EIF5;SRP14;MRPL13;MRPL42;GSPT1;SRP54;SEM1;RPL36AL;RPL22;EIF3H;PSMB1;SSR1;RPS24;GSPT2;PSMA2;RPS3;MRPS30;EIF2S1;RPS7;KARS1;RPL9;MRPS17;PSMA4;MRPL24;TRIP4;EIF3M;SPCS2;MIEF1;MRPS14;EPRS1
REACTOME_METABOLISM_OF_PORPHYRINS,0.392976588628763,0.901382978723404,0.0824344091527096,0.319573050923274,1.06578794058652,21,HMOX1;HMOX2;HMBS;PPOX
REACTOME_PRE_NOTCH_PROCESSING_IN_GOLGI,0.393617021276596,0.901382978723404,0.0855356947987884,0.344416855930639,1.05973617810751,16,B4GALT1;FURIN;NOTCH1;MFNG;ST3GAL4;ATP2A2;RFNG;ATP2A1;LFNG
REACTOME_ACTIVATION_OF_APC_C_AND_APC_C_CDC20_MEDIATED_DEGRADATION_OF_MITOTIC_PROTEINS,0.408866995073892,0.903320265234016,0.102449405629826,-0.23030179530275,-0.988145938315496,47,UBE2E1;CDC16;CDC23;PSMD12;BUB3;PSMA1;UBB;PSMA3;SEM1;PSMB1;PSMA2;CDC27;PSMA4;UBE2C;PSMC2;PSMD14;CCNA2;PSMA5;PTTG1;PSMB5
REACTOME_ACTIVATION_OF_THE_MRNA_UPON_BINDING_OF_THE_CAP_BINDING_COMPLEX_AND_EIFS_AND_SUBSEQUENT_BINDING_TO_43S,0.416666666666667,0.903320265234016,0.102821842840815,-0.228865426188867,-1.01704297410637,53,RPS13;RPS23;RPS3A;RPS6;RPS15A;EIF3E;EIF4E;RPS4X;RPS17;EIF3H;RPS24;RPS3;EIF2S1;RPS7;EIF3M
REACTOME_APOPTOSIS,0.4,0.903320265234016,0.0778840111977068,0.210876708791873,1.0387201468022,131,DAPK3;STAT3;PLEC;BAX;AKT1;C1QBP;PSMC4;PSMD2;BCL2L1;AKT2;ADD1;PSMC3;CDH1;CASP9;PSMA7;TRAF2;BCL2;LMNA;NMT1;PSMD13;TRADD;MAGED1;VIM;TICAM1;FADD;YWHAH;MAPK3;ADRM1;CD14;GSDMD;BAD;PPP3CC;H1-2;PRKCD;AVEN;SPTAN1;PSMD8;FASLG;PSMD3
REACTOME_CELLULAR_RESPONSE_TO_STARVATION,0.417827298050139,0.903320265234016,0.108820126769161,-0.200283032034045,-1.02132463172323,115,RPL41;LAMTOR3;RPL7;LAMTOR5;RPS13;RPL37A;RPS23;RPS3A;RPS6;RPL24;ATP6V1A;RPS15A;ATP6V1H;SEH1L;RPL12;ATP6V1D;RPS4X;RPL7A;RPL30;RPS17;ATP6V0E1;RPL36AL;MIOS;RPL22;RRAGD;RPS24;RPS3;EIF2S1;RPS7;RPL9;SH3BP4;RPL26L1;RPL5;RPL10;RPL14;WDR59;RPS27
REACTOME_CELL_CELL_COMMUNICATION,0.411229135053111,0.903320265234016,0.0749278818393739,0.198776278405695,1.0295298016628,196,VASP;CD151;TESK1;PIP5K1C;PIK3R2;ACTN1;CDH15;PLEC;CLDN7;MOGS;RPN1;PSMC4;PSMD2;SKAP2;FURIN;PSMC3;H2AX;CDH1;ACTA1;PTPN6;PSMA7;CLDN9;FLNA;TYROBP;CLDN4;CTBP1;PSMD13;CLDN3;FOXA2;H2BC12;RACK1;PRDM8;CTNNA1;H3-3B;MAPK3;ADRM1;POMT2;TCF3;CLDN5;BANP;ARID1A;ILK;PARD6A;RBBP4;NECTIN2;PKM;SPTAN1;PSMD8;PSMD3;HDAC1;PCSK7;PTK2;CLDN11;PSMB3;ITGA6;H2BC5;CSNK2A2;CLDN16;CDH4;TNRC6B;CSNK2B;SDK2;CTSS;LAMA3;H2AC6;PXN;PSMD7;SMARCA4;PSMC5;JUP
REACTOME_CYCLIN_D_ASSOCIATED_EVENTS_IN_G1,0.417391304347826,0.903320265234016,0.0813027345384498,0.274172455746654,1.03244008132217,33,CDKN1A;CCND1;PPP2R1A;ABL1
REACTOME_FOXO_MEDIATED_TRANSCRIPTION,0.409090909090909,0.903320265234016,0.103958471559957,-0.234778175905826,-1.01773143728724,50,RBL2;PPARGC1A;SIRT1;NFYB;IGFBP1;NFYC;CREBBP;FOXO3;ABCA6;AKT3;CDKN1B;KAT2B;NPY;G6PC1;TXN;EP300
REACTOME_GLOBAL_GENOME_NUCLEOTIDE_EXCISION_REPAIR_GG_NER,0.416666666666667,0.903320265234016,0.104732821580651,-0.215010373065962,-1.00602115384067,69,PIAS1;RFC5;CUL4B;RNF111;RPA3;UBE2V2;PARP2;UBE2N;ERCC4;SUMO1;UBB;GTF2H1;CETN2;COPS2;YY1
REACTOME_GLYCOSPHINGOLIPID_CATABOLISM,0.414715719063545,0.903320265234016,0.0795564677235957,0.309033933723192,1.04539441880491,22,SMPD2;CTSA;NEU1;PSAP;ARSA;SMPD1;GM2A;M6PR;HEXA;HEXB;GLA
REACTOME_HCMV_INFECTION,0.411917098445596,0.903320265234016,0.105125131597001,-0.211319954656792,-1.01035954219733,78,NUP43;NUP107;NCOR1;NUP205;NUP88;NUP133;NUP50;NUP160;TBL1X;NUP153;DYNC1I2;NUP54
REACTOME_HIV_INFECTION,0.405882352941176,0.903320265234016,0.114266502484433,-0.186800495629179,-1.02784486140951,176,NUP43;GTF2B;CCNT1;NUP107;NUP205;NUP88;NUP133;NUP50;CHMP5;CUL5;PPIA;VPS4B;POLR2K;NUP160;NUP153;KPNA1;RNMT;TAF5;NUP54;ELOA;TAF9B;NMT2;PSMD12;ATP6V1H;ELMO1;SEH1L;NPM1;PSMA1;UBB;GTF2H1;XPO1;GTF2A2;PSMA3;RANBP2;TCEA1;CD4;RAC1;AP2B1;SEM1;NEDD4L
REACTOME_KIDNEY_DEVELOPMENT,0.414715719063545,0.903320265234016,0.0795564677235957,0.30910467653077,1.04563372629882,22,WNT11;RET;HNF4A
REACTOME_MAPK6_MAPK4_SIGNALING,0.420103092783505,0.903320265234016,0.103576326612592,-0.224525175375865,-1.01558253473914,61,CDC14B;FOXO3;NCOA3;PSMD12;MAPK6;PSMA1;UBB;XPO1;PSMA3;KALRN;RAC1;SEM1;SEPTIN7;PSMB1;PSMA2;CDC42;PSMA4;AGO3;CDC14A;PRKACB;PSMC2;PRKACA;PSMD14;PSMA5;PSMB5;MYC;PAK2;UBA52;FOXO1
REACTOME_MAPK_TARGETS_NUCLEAR_EVENTS_MEDIATED_BY_MAP_KINASES,0.406360424028269,0.903320265234016,0.0835990603684159,0.297125711882859,1.04579019035928,26,RPS6KA1;PPP2R1A;DUSP3;MAPK3;VRK3;MAPK7;MAPK11;MAPKAPK2
REACTOME_MYD88_INDEPENDENT_TLR4_CASCADE,0.412140575079872,0.903320265234016,0.0774767547848578,0.221834095791093,1.02181073363846,86,IKBKG;RPS6KA1;PPP2R1A;TRAF3;DUSP3;IRF7;AGER;NFKB2;TRAF2;MAP2K7;NFKBIB;TICAM1;NLRX1;FADD;IRF3;MAPK3;CD14;OPTN;VRK3;MAP2K3;MAPK7
REACTOME_MYOGENESIS,0.419902912621359,0.903320265234016,0.0999276973731092,-0.298113578191413,-1.01561365816402,20,CDH2;MAP2K6;TCF4;MEF2A;TCF12;MEF2C;CDC42;SPAG9
REACTOME_NEURONAL_SYSTEM,0.412462908011869,0.903320265234016,0.11378726182188,-0.182537962928255,-1.01654328422454,189,MAOA;BCHE;KCND3;NAAA;PDLIM5;RPS6KA6;PRKCA;PTPRD;DLG1;EPB41L5;CALM1;KCNJ8;ALDH5A1;NPTN;EPB41L2;CAMK2A;KCNMB4;IL1RAP;ARHGEF9;SYN1;PLCB1;GNAI3;KCNN2;ARL6IP5;NRXN1;KRAS;KCNA1;SLC6A13;GLS2;PRKAB2;CACNB2;NCALD;KCNMA1;GABBR1;RAC1;PRKAR2A;AP2B1;ABAT;SYN2;KCNJ3;SLC38A2;SLC1A2
REACTOME_NUCLEAR_RECEPTOR_TRANSCRIPTION_PATHWAY,0.406698564593301,0.903320265234016,0.100990587455923,-0.2574904125434,-1.02342583376592,34,NR3C2;RORA;NCOR1;RARB;NR2C1;MED1;THRB;NR0B2;AR;NR5A2;ESR1
REACTOME_N_GLYCAN_ANTENNAE_ELONGATION_IN_THE_MEDIAL_TRANS_GOLGI,0.41421143847487,0.903320265234016,0.0815265143256594,0.334840711887106,1.0478303010799,17,MGAT4B;MAN2A2;B4GALT1;ST3GAL4;B4GALT2;MGAT2;B4GALT4
REACTOME_RHOB_GTPASE_CYCLE,0.40495867768595,0.903320265234016,0.0802023444698144,0.253415354249351,1.03522951110501,48,VAV2;STK10;MYO9B;ABR;PIK3R2;FLOT1;FLOT2;PKN1
REACTOME_RNA_POLYMERASE_III_TRANSCRIPTION_INITIATION_FROM_TYPE_3_PROMOTER,0.407673860911271,0.903320265234016,0.100990587455923,-0.305424221956647,-1.02910599574945,19,POLR3B;POLR2K;POLR1D;POLR3C;SNAPC5
REACTOME_SARS_COV_2_INFECTION,0.419062027231468,0.903320265234016,0.0738052724171275,0.19793073800221,1.0276499971296,199,IKBKG;GPC1;PRMT1;IL17RA;IL17RC;CHMP6;PARP6;HLA-F;TRAF3;AKT1;RAE1;NUP188;MOGS;RPN1;VPS41;IRF7;MGAT4B;VCP;AKT2;AGRN;SDC1;HSPG2;FURIN;PTPN6;MGAT1;SDC4;PDPK1;TUFM;KPNA2;NUP93;BECN1;RPS5;NUP210;TYK2;TKFC;RPS2;SEC24C;RPS19;DDX5;IRF3;YWHAH;SNRPB;MAN1B1;STAT2;RPS26;RPS9;AAAS;TMPRSS2;LARP1;SEC13;NRP1;MASP2;ST3GAL4;EDEM2;FAU
REACTOME_SEMAPHORIN_INTERACTIONS,0.419141914191419,0.903320265234016,0.0782955249944794,0.244888273528382,1.0253131234472,54,PLXNA1;PLXNB1;PIP5K1C;PLXND1;CFL1;CD72;MYH9;TYROBP;PLXNB3;RHOA;ERBB2;NRP1;RRAS;TREM2;DPYSL2;CDK5;HSP90AB1;FES;ARHGAP35;ARHGEF11;CDK5R1;LIMK1
REACTOME_SIGNALING_BY_RHO_GTPASES_MIRO_GTPASES_AND_RHOBTB3,0.415512465373961,0.903320265234016,0.0697792517076235,0.178679144580695,1.0183357303311,440,ARHGEF16;VAV2;YKT6;STK10;MYO9B;ABR;STX5;IL32;RHOD;STIP1;WDR91;PLXNA1;RAC2;PLXNB1;KLC2;PPP2R1A;ARAP1;PIK3R2;ACTN1;DOCK9;PLXND1;LETM1;RHOF;HMOX2;S100A9;FMNL1;ARHGAP45;ANKLE2;RANGAP1;PFN1;PLIN3;CTTN;ABL1;ANKFY1;C1QBP;ARPC1B;PPP2R5B;CFL1;FLOT1;FLOT2;MFN2;RAPGEF1;LIN7B;NF2;DEF6;ZAP70;VCP;CCT7;PRKCZ;GPS1;CENPM;PKN1;CFTR;DYNC1H1;H2AX;CDH1;BIRC5;CYBA;CSK;STEAP3;DOCK6;GOLGA3;PDPK1;HTR7;EFHD2;MYH9;FLNA;TPM4;CAPZB;H2BC12;ARHGAP25;VIM;LRRC41;DLC1;MAP3K11;ARHGDIA;HGS;ARPC2;PLD2;RHOA;YWHAH;CTNNA1;H3-3B;S100A8;MAPK3;TUBB4B;MCF2L;KIF5B;ARHGEF18;TUBA3C;ARPC5;AAAS;CENPO;VAV1;PIN1;B9D2;NDE1;ARPC1A
REACTOME_SIGNALING_BY_WNT,0.409356725146199,0.903320265234016,0.11331290842208,-0.183478152220428,-1.02083327338758,182,PPP3CB;PRKCA;FZD5;PPP2R5A;LGR4;TNKS2;CBY1;TCF7L1;CALM1;DVL3;VPS35;CREBBP;TCF4;FZD4;APC;CAMK2A;LRP6;LGR5;PLCB1;PSMD12;KRAS;WNT10B;DAAM1;PPP2R5C;ASH2L;PSMA1;UBB;XPO1;SFRP1;PSMA3;SOX13;RAC1;TLE4;CUL3;AP2B1;SEM1;GSK3B;WNT5A;ROR1;TCF7L2;WNT2;PSMB1;PSMA2;USP8;PRKG1;PPP2CB;H2BC21;PSMA4;EP300;ITPR3
REACTOME_TOLL_LIKE_RECEPTOR_CASCADES,0.418096723868955,0.903320265234016,0.0755015292281669,0.207470076333833,1.0178105387747,124,IKBKG;RPS6KA1;PPP2R1A;UNC93B1;LBP;S100A9;ITGB2;TRAF3;DUSP3;IRF7;ECSIT;AGER;NFKB2;TRAF2;MAP2K7;LGMN;NFKBIB;TICAM1;NLRX1;FADD;IRF3;S100A8;MAPK3;CD14;OPTN;GSDMD;VRK3;MAP2K3
REACTOME_MITOCHONDRIAL_TRANSLATION_ELONGATION,0.423376623376623,0.908227135861796,0.103576326612592,-0.226734648382377,-1.01228154861308,57,MRPS33;MRPL33;MRPL48;MRPL40;MRPS35;MRPS31;MRPL22;MRPL52;MRPL35;MRPL39;MRPL13;MRPL42;MRPS30;MRPS17;MRPL24;MRPS14
REACTOME_IRON_UPTAKE_AND_TRANSPORT,0.427378964941569,0.910935814455232,0.0778840111977068,0.255667321472148,1.0148800893532,42,HMOX1;ATP6V0D1;HMOX2;TCIRG1;STEAP3;FTH1;ATP6V0C;TFR2;ATP6V0B;MCOLN1;ATP6V1C1
REACTOME_LAGGING_STRAND_SYNTHESIS,0.426940639269406,0.910935814455232,0.0952879846194844,-0.319371844038196,-1.01260771486791,16,RFC5;RPA3;POLA1;PRIM1
REACTOME_PROCESSING_OF_CAPPED_INTRONLESS_PRE_MRNA,0.429611650485437,0.910935814455232,0.0985499803531691,-0.296758078955584,-1.01099574191246,20,SNRPE;CPSF6;CPSF7;CSTF3;SNRPD3;PAPOLA;CLP1;SNRPF;SNRPG
REACTOME_RESPONSE_OF_EIF2AK4_GCN2_TO_AMINO_ACID_DEFICIENCY,0.429305912596401,0.910935814455232,0.102080107662747,-0.209526153079094,-1.00708330738926,80,RPL41;RPL7;RPS13;RPL37A;RPS23;RPS3A;RPS6;RPL24;RPS15A;RPL12;RPS4X;RPL7A;RPL30;RPS17;RPL36AL;RPL22;RPS24;RPS3;EIF2S1;RPS7;RPL9;RPL26L1;RPL5;RPL10;RPL14;RPS27
REACTOME_TRNA_MODIFICATION_IN_THE_NUCLEUS_AND_CYTOSOL,0.429519071310116,0.910935814455232,0.077274697304471,0.293988842546375,1.02965779291074,24,LAGE3;TRMT61A;WDR4;QTRT1;OSGEP;FTSJ1
REACTOME_PROTEIN_LOCALIZATION,0.432558139534884,0.915065255921371,0.0734381410838857,0.206440272297178,1.01652260880678,127,STX5;HMOX1;PEX16;ACOX3;GET3;SGTA;ACAA1;TIMM13;TOMM40;CRAT;UBL4A;PMPCA;MLYCD;ACO2;PEX6;SLC27A2;ECH1;BAG6;CYC1;GFER;PAOX;TIMM44;IDH3G;SLC25A6;TIMM10B;AGXT;ATP5F1A;PXMP2;HMGCL;PEX10;PECR;SERP1;ATP5F1B;PEX13;HSPA9;DDO;SEC61B;NDUFB8;TOMM22;TIMM17B;CHCHD2;VDAC1;TIMM50;PEX7;ACOT8
REACTOME_FGFR2_ALTERNATIVE_SPLICING,0.434494195688226,0.917043048964089,0.0766746872490091,0.292821518451597,1.02556939166181,24,HNRNPF;PTBP1;POLR2D;HNRNPM;POLR2E;GTF2F1;POLR2L;HNRNPH1;POLR2J;POLR2I
REACTOME_GENE_AND_PROTEIN_EXPRESSION_BY_JAK_STAT_SIGNALING_AFTER_INTERLEUKIN_12_STIMULATION,0.43585237258348,0.917794881118316,0.0795564677235957,0.286799329679196,1.02424828172512,27,HNRNPF;CFL1;ARF1;MSN;PITPNA;AIP
REACTOME_ANTIGEN_PRESENTATION_FOLDING_ASSEMBLY_AND_PEPTIDE_LOADING_OF_CLASS_I_MHC,0.444444444444444,0.91804008908686,0.0770736734944102,0.311786338331198,1.00782980187618,19,HSPA5;HLA-F;TAP2;BECN1;TAPBP;SEC24C;CALR
REACTOME_CLASS_A_1_RHODOPSIN_LIKE_RECEPTORS,0.449922958397535,0.91804008908686,0.0711327399327894,0.206759511685493,1.0062631213746,118,GPR132;SSTR3;CXCR6;P2RY2;LPAR2;AVPR1A;EDN2;ADRA2C;AVP;PTAFR;POMC;GALR3;HTR7;PTGDR2;CCL22;FPR1;CXCR3;HEBP1;PSAP;S1PR2;PF4;PLPPR3;PTGER1;F2;KISS1;CCL5;OPRD1;ADORA1;ADRA2B;GNRH2;DRD2;EDN3;OXT;NPFF;OPRL1
REACTOME_DISASSEMBLY_OF_THE_DESTRUCTION_COMPLEX_AND_RECRUITMENT_OF_AXIN_TO_THE_MEMBRANE,0.445273631840796,0.91804008908686,0.0978773277424561,-0.284840619443883,-1.00256989860777,23,FZD5;PPP2R5A;DVL3;APC;LRP6;PPP2R5C;GSK3B;PPP2CB
REACTOME_ELASTIC_FIBRE_FORMATION,0.440273037542662,0.91804008908686,0.0774767547848578,0.272959598274799,1.00765154007373,30,EMILIN1;VTN;TGFB1;FURIN;LTBP3
REACTOME_FORMATION_OF_THE_EMBRYONIC_STEM_CELL_BAF_ESBAF_COMPLEX,0.447140381282496,0.91804008908686,0.0774767547848578,0.331636835026817,1.00215080679562,15,SMARCB1;BCL7B;BCL7C;SMARCC2;ARID1A;DPF2
REACTOME_HOMOLOGY_DIRECTED_REPAIR,0.443864229765013,0.91804008908686,0.100990587455923,-0.213800337479629,-0.995434401422171,68,RFC5;NBN;RPA3;TOPBP1;UBE2V2;PARP2;UBE2N;RAD17;ATR;HUS1;SPIDR;ERCC4;MDC1
REACTOME_METABOLISM_OF_POLYAMINES,0.448160535117057,0.91804008908686,0.0755015292281669,0.252537131546708,0.99667393307296,41,OAZ1;PSMC4;PSMD2;PSMC3;SRM;PSMA7;PSMD13;PAOX;ADRM1;PSMD8;PSMD3;SMOX;PSMB3;ODC1;PSMD7;PSMC5
REACTOME_MITOCHONDRIAL_FATTY_ACID_BETA_OXIDATION,0.446996466431095,0.91804008908686,0.0785029047348687,0.29073142857536,1.02328429978864,26,MCAT;ACOT7;ACOT9;ECHS1;ACADS;ECI1;ACADVL;HADH
REACTOME_NUCLEAR_ENVELOPE_NE_REASSEMBLY,0.45,0.91804008908686,0.09754492162472,-0.228894290786615,-0.97108530003209,46,NUP43;TMPO;NUP107;NUP205;NUP133;LBR;NUP160;NUP54;SEH1L;SUMO1
REACTOME_PROTEIN_PROTEIN_INTERACTIONS_AT_SYNAPSES,0.447236180904523,0.91804008908686,0.0756946307932749,0.259320916287549,1.0079332847577,37,LRFN3;FLOT1;FLOT2;LIN7B;NRXN2;PPFIA1;PTPRF;APBA3;SHARPIN;SYT12;LRFN4;STXBP1;DLG4
REACTOME_RECRUITMENT_OF_MITOTIC_CENTROSOME_PROTEINS_AND_COMPLEXES,0.446982055464927,0.91804008908686,0.0743625384422526,0.236427879365588,0.994604125591917,55,PPP2R1A;SSNA1;SFI1;ACTR1A;CDK5RAP2;DYNC1H1;CDK11B;CSNK1D;TUBG2;TUBB4B;HAUS5;TUBG1;NDE1;HAUS2;TUBGCP2;DCTN2;MZT2B
REACTOME_REGULATION_OF_INSULIN_LIKE_GROWTH_FACTOR_IGF_TRANSPORT_AND_UPTAKE_BY_INSULIN_LIKE_GROWTH_FACTOR_BINDING_PROTEINS_IGFBPS,0.4446227929374,0.91804008908686,0.0738052724171275,0.217480326385169,0.998669755525537,84,GAS6;GOLM1;APOE;P4HB;SPP1;MBTPS1;WFS1;PDIA6;IGFBP3;CSF1;APOA1;LAMB2;LGALS1;F2;VCAN;CST3;QSOX1;KLK1;NUCB1;AHSG;SERPINA10;VWA1;CCN1;TMEM132A
REACTOME_RHO_GTPASES_ACTIVATE_ROCKS,0.449771689497717,0.91804008908686,0.0922597260527354,-0.316090343876189,-1.0022033149735,16,ROCK1;MYH10;ROCK2;PPP1CB
REACTOME_SYNTHESIS_OF_PC,0.442352941176471,0.91804008908686,0.0949751525905595,-0.327126816334414,-1.01453921189373,15,BCHE;CEPT1
REACTOME_PI_METABOLISM,0.45114006514658,0.918320665942815,0.0738052724171275,0.236272052861817,0.998382838610288,56,PI4K2A;PIP5K1C;PIK3R2;INPP5K;SBF1;ARF1;INPPL1;PIK3CD;PLEKHA4;GDE1;TNFAIP8L1;PNPLA6;INPP5D;VAC14;PI4KA;GDPD5
REACTOME_ESTROGEN_DEPENDENT_NUCLEAR_EVENTS_DOWNSTREAM_OF_ESR_MEMBRANE_SIGNALING,0.453427065026362,0.920665458088226,0.0774767547848578,0.32027466485518,1.01525023154003,18,CCND1;AKT1;AKT2;BCL2;MAPK3;PTK2;SRF;HBEGF
REACTOME_SARS_COV_1_ACTIVATES_MODULATES_INNATE_IMMUNE_RESPONSES,0.45518453427065,0.920665458088226,0.077274697304471,0.283725870139941,1.01327201600109,27,PYCARD;TRAF3;BST2;PPIB;KPNA2;TKFC;IRF3;CASP1
REACTOME_SIGNALING_BY_RECEPTOR_TYROSINE_KINASES,0.455307262569832,0.920665458088226,0.0656813601934011,0.179787035463324,1.00924811015137,377,RPS6KA1;VAV2;MMP9;MXD4;LAMA5;MLST8;ATP6V0D1;PPP2R1A;CRK;LTK;PSEN2;APOE;PIK3R2;JUNB;SPP1;NOS3;STAT3;PLCG1;BAX;AKT1;DUSP3;HNRNPF;TRIB3;FGFR4;CTSD;MAPKAP1;AAMP;SHC1;MATK;RAPGEF1;AP2M1;PRKCZ;AKT2;HRAS;FURIN;TCIRG1;NELFB;PTBP1;PRKCE;POLR2D;JAK3;RALGDS;DNMT1;PTPN6;CYBA;COL5A3;HNRNPM;CSK;PDPK1;POLR2E;HGFAC;ATP6V0C;ATP6V0B;GGA3;PTPRF;GIPC1;HPN;ID1;SH2B2;STUB1;LAMB2;COL1A1;VEGFB;HGS;GTF2F1;MAP2K2;RHOA;ERBB2;CTNNA1;MAPK3;FGFR3;SGK1;SHB;ATP6V1C1;VRK3;POLR2L;GRAP2;MDK;VAV1;EPN1;PTPRU;TNK2;SHC2;MAPK7;PDGFRB;AP2A2;AP2S1;NRP1
REACTOME_EPHB_MEDIATED_FORWARD_SIGNALING,0.45679012345679,0.921629412084625,0.0959206777921745,-0.244948572459026,-0.990106732303503,37,TIAM1;ROCK1;RASA1;ARHGEF28;ROCK2;EPHB1;KALRN;RAC1;CDC42;WASL;ARPC3;ITSN1;ACTR3;YES1;EPHB6;ACTR2
REACTOME_NUCLEAR_EVENTS_KINASE_AND_TRANSCRIPTION_FACTOR_ACTIVATION,0.45959595959596,0.924943007235603,0.0745500777420554,0.249073910875327,0.998927324345921,45,RPS6KA1;PPP2R1A;JUNB;DUSP3;ID1;MAPK3;SGK1;VRK3;MAPK7;MAPK11;MAPKAPK2;SRF;VGF;NAB2;CDK5;CDK5R1;ID2;PPP2R5D;MAPK1;CHD4
REACTOME_RAC1_GTPASE_CYCLE,0.46045197740113,0.924943007235603,0.103576326612592,-0.198155838155781,-1.00403211211701,113,TIAM1;WIPF2;ARHGAP29;TMPO;FERMT2;PLD1;DOCK4;SNAP23;LBR;ARHGAP32;SOS2;IQGAP2;KTN1;SOS1;GARRE1;FAM13A;NCKAP1;IQGAP1;TFRC;DOCK1;KALRN;RAC1;ITGB1;PKN2;GIT2;MCAM;CHN2
REACTOME_INTERLEUKIN_17_SIGNALING,0.462046204620462,0.926114493287403,0.0732558655828455,0.238120111517768,0.996975770943079,54,IKBKG;RPS6KA1;IL17RA;IL17RC;PPP2R1A;DUSP3
REACTOME_MITOCHONDRIAL_PROTEIN_DEGRADATION,0.464696223316913,0.927367626488654,0.0727141077934447,0.218470648442288,0.993147967912038,81,ALDH18A1;IDH2;TWNK;ACAT1;ALDH2;MRPL12;SLC25A5;OGDH;MDH2;PMPCA;ACO2;ECH1;HSD17B10;LONP1;MRPS2;NDUFV1;SPG7;ALDH1B1;SLC25A6;ECI1;ATP5F1A;TFAM;TRIAP1;HADH
REACTOME_SIGNALING_BY_KIT_IN_DISEASE,0.464539007092199,0.927367626488654,0.0766746872490091,0.327049622027958,1.00629893842714,16,PIK3R2;STAT3;HRAS
REACTOME_REGULATED_NECROSIS,0.465776293823038,0.927502359004137,0.0734381410838857,0.248030284446367,0.984564612293056,42,CHMP6;BAX;FLOT1;FLOT2;CASP4;TRAF2;TRADD;STUB1;FADD;GSDMD;CASP1;FASLG;CHMP7;RIPK1;CASP3;IRF1
REACTOME_SIGNALING_BY_FGFR_IN_DISEASE,0.466992665036675,0.927907334432959,0.0940503465727813,-0.232107550754821,-0.980404436541976,43,GAB1;CEP43;CPSF6;POLR2K;CNTRL;TRIM24;SOS1;FRS2;KRAS
REACTOME_BASE_EXCISION_REPAIR,0.468137254901961,0.928168236991766,0.0940503465727813,-0.230547443908372,-0.978322595684951,45,POT1;RFC5;OGG1;RPA3;POLB;PARP2
REACTOME_EPIGENETIC_REGULATION_BY_WDR5_CONTAINING_HISTONE_MODIFYING_COMPLEXES,0.471246006389776,0.932313913289493,0.0706196247122591,0.216076567181808,0.995290443728926,86,AGPAT2;PLIN2;AKAP8L;PLIN1;ABL1;SETD1A;FABP4;MED16;CEBPA;MCRS1;MGLL;H2AX;CXXC1;HCFC1;ACSL1;RXRA;SGF29;H2BC12;DR1;H3-3B
REACTOME_BILE_ACID_AND_BILE_SALT_METABOLISM,0.475409836065574,0.93249552427423,0.0905428948469474,-0.2483409468005,-0.985542958535526,33,SLCO1A2;SLC10A1;SLCO1B3;NCOA2;OSBPL9
REACTOME_CYTOCHROME_P450_ARRANGED_BY_SUBSTRATE_TYPE,0.474074074074074,0.93249552427423,0.0937465422491719,-0.24291670076482,-0.981893702836075,37,CYP2C19;NCOA2;CYP4F3;CYP26A1;CYP3A5;PTGIS;AHR;CYP39A1;CYP3A4;CYP3A43;CYP2C18;CYP2J2;NR1H4;CYP2B6;CYP1A1;ARNT;CYP2C8;CYP46A1;CYP4A11
REACTOME_GOLGI_ASSOCIATED_VESICLE_BIOGENESIS,0.473861720067454,0.93249552427423,0.0730744399126987,0.250813263778157,0.979517239746334,38,HIP1R;AP1B1;NAPA;ARF1;HSPA8;RAB5C;FTH1;IGF2R;AP1S1
REACTOME_RAF_ACTIVATION,0.474956822107081,0.93249552427423,0.0741758965588009,0.269709174745107,0.982254124859313,29,PPP2R1A;PPP2R5B;MRAS;HRAS;ARAF;CAMK2B;MAP3K11;MAP2K2;PHB1
REACTOME_MITF_M_DEPENDENT_GENE_EXPRESSION,0.476683937823834,0.932996767193658,0.096240602328129,-0.203947603115549,-0.975110974497105,78,MET;CDH2;PPARGC1A;SIRT1;DCT;MLPH;TCF7L1;ZEB1;CEACAM1;SMARCE1;SS18;ATP6V1A;DIAPH1;ATP6V1H;ATP6V1D;ATP6V0E1;SS18L1;ATP6AP2;TCF7L2;MITF;DICER1;SMARCC1;DPF3;AGO3;SMARCA2;SMARCD1;GPR143
REACTOME_CROSS_PRESENTATION_OF_SOLUBLE_EXOGENOUS_ANTIGENS_ENDOSOMES,0.48397976391231,0.941206403883039,0.072003313661988,0.249581480793542,0.974706678092293,38,PSMC4;PSMD2;PSMC3;PSMA7;PSMB9;PSMD13;PSMB10;ADRM1;MRC2;PSMD8;PSMD3;PSMB3;PSMB8;PSMD7;PSMC5
REACTOME_PCNA_DEPENDENT_LONG_PATCH_BASE_EXCISION_REPAIR,0.484988452655889,0.941206403883039,0.0886261133285098,-0.293620567656902,-0.983041599098793,18,RFC5;RPA3;POLB
REACTOME_RAF_INDEPENDENT_MAPK1_3_ACTIVATION,0.484042553191489,0.941206403883039,0.0745500777420554,0.319287750539427,0.982416437078619,16,DUSP8;DUSP9;TYK2;MAP2K2;MAPK3
REACTOME_SIGNALING_BY_PTK6,0.483277591973244,0.941206403883039,0.0716527366829457,0.24790026863789,0.981267159539803,40,CCND1;CRK;ARAP1;STAT3;AKT1;DOK1;HRAS
REACTOME_CELLULAR_SENESCENCE,0.488993710691824,0.942413951882123,0.0679922591544058,0.206306912935647,0.980566252720323,104,CDKN1A;RPS6KA1;PHC2;STAT3;CABIN1;KDM6B;H2AX;ETS2;HIRA;MAP2K7;EP400;FZR1;ID1;H2BC12;H3-3B;MAPK3;SCMH1;CDKN2D;MAP2K3;TINF2;MAPK7;H1-2;CBX4;RBBP4;MAPK11;CBX6;ANAPC5;MAPKAPK2;H2BC5;RELA;TNRC6B;ANAPC2;MAPKAPK3;H2AC6;ACD;EHMT2;H3C6;CEBPB;CDK4;CXCL8;H1-0;H2AZ2;IGFBP7;E2F1
REACTOME_DUAL_INCISION_IN_GG_NER,0.489411764705882,0.942413951882123,0.0891647117820678,-0.239294764514592,-0.964090249023708,35,RFC5;CUL4B;RPA3;PARP2;ERCC4;UBB;GTF2H1
REACTOME_NEGATIVE_REGULATION_OF_MAPK_PATHWAY,0.48972602739726,0.942413951882123,0.0721797965581253,0.259648561065037,0.98778295092915,34,PPP2R1A;DUSP8;PPP2R5B;DUSP9;HRAS;ARAF;MAP2K2;MAPK3;PPP5C;KSR1;BRAP
REACTOME_NR1H3_NR1H2_REGULATE_GENE_EXPRESSION_LINKED_TO_CHOLESTEROL_TRANSPORT_AND_EFFLUX,0.487562189054726,0.942413951882123,0.0707899094502623,0.283817147677379,0.994032750823237,24,APOE;RXRB;NR1H2;ARL4C;RXRA;KDM4A;PLTP;NR1H3;NCOR2
REACTOME_SIGNALING_BY_NOTCH2,0.492574257425743,0.945907798327002,0.0916795246008379,-0.28000235160374,-0.973822747883992,22,MAMLD1;ADAM10;NOTCH2;RBPJ;UBB;APH1B;EP300;PSEN1
REACTOME_EPIGENETIC_REGULATION_OF_GENE_EXPRESSION_BY_MLL3_AND_MLL4_COMPLEXES,0.501291989664083,0.951200996891874,0.0931454575337804,-0.215122217520182,-0.976514150607626,62,PPARGC1A;MED13;SIRT1;NCOR1;CREBBP;TBL1X;NCOA2;NCOA3;MED31;PHLDA1;ASH2L;MED1;MED7;MED6;NR5A2;H2BC21;NCOA6;KDM6A;EP300
REACTOME_GLYCOSPHINGOLIPID_METABOLISM,0.501760563380282,0.951200996891874,0.0723570851036907,0.266145137090696,0.978309084008292,31,SMPD2;CTSA;NEU1;PSAP;GAL3ST1;ARSA;SMPD1;GM2A;M6PR;B3GALT4;HEXA;HEXB;GLA;GLB1;A4GALT;SMPD3
REACTOME_HSF1_DEPENDENT_TRANSACTIVATION,0.496466431095406,0.951200996891874,0.0730744399126987,0.279970592937115,0.985409501679675,26,MLST8;DNAJB1;HSPA8;HSF1;CAMK2B;SERPINH1
REACTOME_MRNA_SPLICING_MINOR_PATHWAY,0.497495826377296,0.951200996891874,0.070113215764256,0.243153607559111,0.96520647826722,42,POLR2D;POLR2E;SNRNP35;TXNL4A;ZMAT5;GTF2F1;SF3B2;SNRPB;POLR2L;DDX23;SNRNP40;PRPF6;SRSF1;POLR2J;YBX1;POLR2I;PRPF8
REACTOME_RESPIRATORY_ELECTRON_TRANSPORT,0.501333333333333,0.951200996891874,0.0949751525905595,-0.195946366341332,-0.975131214410753,100,NDUFS5;COX6C;COX7C;NDUFS4;UQCRH;NDUFA5;TMEM126B;COX7B;COX11;NDUFB3;NDUFS1;NDUFB1;COX15;HIGD1A;UQCRB;NDUFC1;MDH1;GOT1;NDUFB4;TTC19;COA1;TMEM223;NDUFA9;COX7A2L;COX6B1;ISCU;COQ10B;UQCR10;NDUFAF1;LYRM4;UQCRC2;NDUFAF4;NDUFB5;SDHC;COX17;COX7A2;COX7A1;NDUFA6
REACTOME_RESPIRATORY_SYNCYTIAL_VIRUS_RSV_GENOME_REPLICATION_TRANSCRIPTION_AND_TRANSLATION,0.500866551126516,0.951200996891874,0.0716527366829457,0.314547442994872,0.95050953476661,15,HSPA8;PPP1CA;FURIN
REACTOME_SIGNALING_BY_FGFR2_IIIA_TM,0.502599653379549,0.951200996891874,0.0714786287425507,0.313040035070081,0.945954401233638,15,POLR2D;POLR2E;GTF2F1;POLR2L;POLR2J;POLR2I
REACTOME_SIGNALING_BY_ERBB2,0.503667481662592,0.951256522067905,0.0897104652742981,-0.23541036550972,-0.959936889529364,38,PRKCA;GAB1;ERBB3;CUL5;SOS1;DIAPH1;KRAS;UBB;AKT3
REACTOME_AMYLOID_FIBER_FORMATION,0.52,0.951495181162162,0.0678338263479455,0.232837797648135,0.961818729781442,51,APOE;HSPG2;FURIN;H2AX;TSPAN14;APOA4;GGA3;H2BC12;APOA1;SORL1;LYZ;H3-3B;CST3
REACTOME_CREB1_PHOSPHORYLATION_THROUGH_NMDA_RECEPTOR_MEDIATED_ACTIVATION_OF_RAS_SIGNALING,0.511415525114155,0.951495181162162,0.0850427463764322,-0.305142313501803,-0.967491238042936,16,RPS6KA6;DLG1;CALM1;CAMK2A;KRAS
REACTOME_DNA_DAMAGE_TELOMERE_STRESS_INDUCED_SENESCENCE,0.517064846416382,0.951495181162162,0.0692836467392548,0.259142512675584,0.956644696308658,30,CDKN1A;CABIN1;H2AX;HIRA;EP400;H2BC12;TINF2;H1-2
REACTOME_DOWNSTREAM_SIGNALING_OF_ACTIVATED_FGFR4,0.521276595744681,0.951495181162162,0.0707899094502623,0.306686486915055,0.943643610712342,16,PLCG1;FGFR4;SHC1;HRAS
REACTOME_FANCONI_ANEMIA_PATHWAY,0.507462686567164,0.951495181162162,0.0902635484340068,-0.270025305563686,-0.950423586878383,23,FANCL;RPA3;ATR;DCLRE1A;ERCC4;UBB
REACTOME_GAP_JUNCTION_TRAFFICKING_AND_REGULATION,0.522491349480969,0.951495181162162,0.0694481442003175,0.269402946174262,0.966568081107986,28,AP2M1;GJC2;GJA3;CLTB;TUBB4B;TUBA3C;GJA4;GJB1
REACTOME_GLYCEROPHOSPHOLIPID_BIOSYNTHESIS,0.509646302250804,0.951495181162162,0.0670512579829467,0.218905025466357,0.967218890820497,70,AGPAT2;GPD1;LPCAT1;LPCAT3;PLA2G2A;PITPNM1;PNPLA3;DGAT1;MGLL;AGPAT3;PLD3;PEMT;PTDSS2
REACTOME_INTERFERON_SIGNALING,0.517543859649123,0.951495181162162,0.0985499803531691,-0.174406868024226,-0.980441630467887,198,NUP43;FANCL;PIAS1;UBE2E1;HERC5;TRIM2;PPP2R5A;NUP107;NUP205;IRF6;NUP88;PPM1B;NUP133;NUP50;NCK1;MAP2K6;IFIT1;HSPA1L;NUP160;NUP153;KPNA1;UBE2N;NEDD4;NUP54;CAMK2A;JAK1;TRIM29;IRF2;SEH1L;EIF4E;ARIH1;SUMO1;NPM1;UBB;IFIT2;GBP2;RANBP2;VCAM1;SAMHD1;ATF6
REACTOME_MTORC1_MEDIATED_SIGNALLING,0.505882352941176,0.951495181162162,0.0873098257637931,-0.297197469862115,-0.958777910668204,17,LAMTOR3;LAMTOR5;RPS6;EIF4E;RRAGD
REACTOME_MTOR_SIGNALLING,0.51877133105802,0.951495181162162,0.069119845655101,0.258661341842853,0.954868416838344,30,MLST8;EIF4G1;AKT1;STK11;AKT2;TSC2;RRAGC
REACTOME_NEUROTRANSMITTER_RECEPTORS_AND_POSTSYNAPTIC_SIGNAL_TRANSMISSION,0.510433386837881,0.951495181162162,0.0668966276500666,0.209942193355321,0.975863166060689,93,RPS6KA1;PICK1;GNB2;CAMKK2;PLCB3;CAMK1;AP2M1;LIN7B;HRAS;PDPK1;GNAI2;KPNA2;GRIK5;CAMK2B;PPM1F;KCNJ4;MAPK3;TUBB4B;TUBA3C;AP2A2;AP2S1;CHRNG;GNG7;GIT1;DLG4;CHRNE;GNB5;PRKAR1A;MYO6;PLCB2;CHRNB2;CAMK2G;CHRNA4;ARHGEF7;PRKAG2;TUBA4A;KIF17
REACTOME_PLATELET_SENSITIZATION_BY_LDL,0.519930675909879,0.951495181162162,0.0697792517076235,0.307660605792983,0.929698669599639,15,PPP2R1A;PPP2R5B;PTPN6
REACTOME_PROTEIN_FOLDING,0.511400651465798,0.951495181162162,0.0675188953767744,0.225716155775678,0.968115274162141,61,KIFC3;GNB2;STAT3;PFDN2;DCAF7;GNA11;CCT7;SKIC2;PFDN4;TBCC;TUBB4B;TBCD;TUBA3C;WRAP53;GNG7;TCP1;GNB5;PFDN6;CCT5;CSNK2A2;CSNK2B;SPHK1;FBXW4;TUBA4A;CCT4;USP11
REACTOME_RECRUITMENT_OF_NUMA_TO_MITOTIC_CENTROSOMES,0.513157894736842,0.951495181162162,0.0678338263479455,0.225491895740142,0.962830442213378,60,PPP2R1A;SSNA1;SFI1;ACTR1A;CDK5RAP2;DYNC1H1;CSNK1D;TUBG2;TUBB4B;HAUS5;TUBA3C;TUBG1;NDE1;HAUS2;TUBGCP2;NUMA1;DCTN2;MZT2B
REACTOME_REGULATION_OF_CDH1_POSTTRANSLATIONAL_PROCESSING_AND_TRAFFICKING_TO_PLASMA_MEMBRANE,0.512953367875648,0.951495181162162,0.0702812841717392,0.276125926814342,0.96754406700573,25,PIP5K1C;MOGS;RPN1;FURIN;CDH1
REACTOME_SARS_COV_INFECTIONS,0.517492711370262,0.951495181162162,0.0615706755421678,0.181770704118883,0.986441268888839,286,IKBKG;GPC1;SERPINE1;PRMT1;IL17RA;GATAD2A;IL17RC;CHMP6;PYCARD;MBD3;PARP6;HLA-F;TRAF3;AKT1;IFNGR2;RAE1;NUP188;MOGS;RPN1;BRMS1;BST2;VPS41;IRF7;AP2M1;MGAT4B;ZBP1;BCL2L1;VCP;AKT2;AGRN;SDC1;HSPG2;FURIN;JAK3;PTPN6;MGAT1;SDC4;PPIB;PDPK1;TUFM;KPNA2;NUP93;BECN1;RPS5;NUP210;TYK2;TKFC;IMPDH1;RPS2;SEC24C;RPS19;DDX5;IRF3;YWHAH;SNRPB;MAN1B1;STAT2;RPS26;RPS9;CASP1;AAAS;VAV1;TMPRSS2;LARP1;AP2A2;SEC13;AP2S1;NRP1;MASP2;RBBP4;ST3GAL4;CD79B;EDEM2;FAU
REACTOME_SIGNALING_BY_FGFR4,0.52076124567474,0.951495181162162,0.0696133438850965,0.269726008729182,0.96772716996808,28,PPP2R1A;PLCG1;FGFR4;SHC1;HRAS
REACTOME_TRANSMISSION_ACROSS_CHEMICAL_SYNAPSES,0.521857923497268,0.951495181162162,0.0940503465727813,-0.1864890475749,-0.976820684842703,130,MAOA;BCHE;NAAA;RPS6KA6;PRKCA;DLG1;CALM1;ALDH5A1;NPTN;CAMK2A;ARHGEF9;SYN1;PLCB1;GNAI3;ARL6IP5;KRAS;SLC6A13;GLS2;PRKAB2;CACNB2;NCALD;GABBR1;RAC1;PRKAR2A;AP2B1;ABAT;SYN2;KCNJ3;SLC38A2;SLC1A2;TUBB6;TUBB4A
REACTOME_ATF4_ACTIVATES_GENES_IN_RESPONSE_TO_ENDOPLASMIC_RETICULUM_STRESS,0.53960396039604,0.953558529849161,0.0865399737444125,-0.270459605402113,-0.940633943307168,22,NFYB;IGFBP1;DIS3;NFYC
REACTOME_BACTERIAL_INFECTION_PATHWAYS,0.541195476575121,0.953558529849161,0.0643583367917361,0.215438626916937,0.955896667652847,71,HBB;LAMA5;EEF2;CORO1A;CASP4;FURIN;CDH1;ENO1;COL5A3;MAP2K7;LAMB2;HGS;MAP2K2;MAPK3
REACTOME_CLASS_I_PEROXISOMAL_MEMBRANE_PROTEIN_IMPORT,0.534117647058824,0.953558529849161,0.0843144320642653,-0.308221593182239,-0.955907240316456,15,PEX11B;PEX2;ALDH3A2
REACTOME_CONSTITUTIVE_SIGNALING_BY_LIGAND_RESPONSIVE_EGFR_CANCER_VARIANTS,0.543529411764706,0.953558529849161,0.0833634065110386,-0.304155880782616,-0.943297987733866,15,GAB1;SOS1;KRAS;UBB
REACTOME_DEVELOPMENTAL_CELL_LINEAGES_OF_THE_INTEGUMENTARY_SYSTEM,0.53953488372093,0.953558529849161,0.083129129135339,-0.243266144594132,-0.958685571945881,32,ABCG2;MME;ALDH1A1;TFRC;SLPI;KRT5;ITGB1;ESR1
REACTOME_DNA_DOUBLE_STRAND_BREAK_REPAIR,0.535897435897436,0.953558529849161,0.088894528862045,-0.194604745240555,-0.958701318332304,90,RFC5;MAPK8;NBN;RPA3;TOPBP1;UBE2V2;SMARCA5;PARP2;UBE2N;RAD17;ATR;HUS1;SPIDR;ERCC4;MDC1;SUMO1;UBB
REACTOME_DOWNSTREAM_SIGNALING_OF_ACTIVATED_FGFR1,0.527058823529412,0.953558529849161,0.0850427463764322,-0.291887727069039,-0.941648343233822,17,GAB1;SOS1;FRS2;KRAS;FLRT1;PTPN11
REACTOME_FGFR2_MUTANT_RECEPTOR_ACTIVATION,0.543589743589744,0.953558529849161,0.0668966276500666,0.288977092530578,0.934100344071125,19,POLR2D;POLR2E;GTF2F1;POLR2L;FGF18;POLR2J;POLR2I
REACTOME_GENE_SILENCING_BY_RNA,0.542608695652174,0.953558529849161,0.0678338263479455,0.255080286756644,0.960545475968831,33,H2AX;POLR2D;POLR2E;H2BC12;ELAC2;TARBP2;H3-3B;POLR2L;H2BC5;POLR2J;TNRC6B;POLR2I;H2AC6;H3C6;H2AZ2
REACTOME_MAPK_FAMILY_SIGNALING_CASCADES,0.529585798816568,0.953558529849161,0.0978773277424561,-0.173911748422066,-0.981464324428998,203,MET;ERBB3;RAP1A;IRS1;DLG1;LAMTOR3;PPP2R5A;CALM1;CDC14B;RANBP9;IRS2;SPRED2;LYPLA1;IL2RA;CAMK2A;RASA1;FOXO3;SOS1;JAK1;NCOA3;FRS2;PPP1CB;PSMD12;IL6ST;KRAS;PPP2R5C;IQGAP1;MAPK6;PSMA1;PDGFRA;UBB;SHC3;XPO1;PSMA3;KALRN;RAPGEF2;PTPN3;RAC1;CUL3;SEM1;SEPTIN7;ABHD17B;PSMB1;PTPN11;PSMA2;GFRA4;GFRA3;PPP2CB;CDC42;PSMA4;VCL
REACTOME_MRNA_CAPPING,0.544041450777202,0.953558529849161,0.0673623868166279,0.268940615432467,0.942366766643796,25,SUPT5H;POLR2D;ERCC2;POLR2E;GTF2F1;ERCC3;POLR2L;POLR2J;GTF2H4;POLR2I
REACTOME_PHOSPHORYLATED_BMAL1_CLOCK_ARNTL_CLOCK_ACTIVATES_EXPRESSION_OF_CORE_CLOCK_GENES,0.536470588235294,0.953558529849161,0.0840745577910723,-0.290657157430537,-0.937678447435308,17,RORA;CREBBP
REACTOME_RIBOSOME_ASSOCIATED_QUALITY_CONTROL,0.544444444444444,0.953558529849161,0.0925528864684773,-0.188433387939525,-0.968764792554138,120,KLHDC10;RPL41;RPL7;RPS13;RPL37A;RPS23;RPS3A;RPS6;RPL24;RPS15A;PSMD12;RPL12;PSMA1;UBB;RPS4X;RPL7A;RPL30;PSMA3;RPS17;ASCC3;SEM1;RPL36AL;RPL22;PSMB1;RPS24;PSMA2;RPS3;RPS7;RPL9;PSMA4;TRIP4
REACTOME_RSV_HOST_INTERACTIONS,0.537828947368421,0.953558529849161,0.0655321029282414,0.223716575514082,0.953357729001269,59,GPC1;MED22;MED16;AGRN;SDC1;HSPG2;SDC4;BECN1;MED15;TYK2;MED18;ELOB;IRF3;CD14;STAT2
REACTOME_SIGNALING_BY_FGFR1,0.529274004683841,0.953558529849161,0.0845557442441281,-0.240924439210408,-0.95611049108902,33,GAB1;TGFBR3;SPRED2;SOS1;FRS2;KRAS;UBB;FLRT1;PTPN11;PPP2CB
REACTOME_SIGNALING_BY_NTRKS,0.542857142857143,0.953558529849161,0.0633597010643758,0.205517743410938,0.963652005318604,97,RPS6KA1;PPP2R1A;CRK;PIK3R2;JUNB;STAT3;PLCG1;BAX;DUSP3;SHC1;RAPGEF1;AP2M1;HRAS;FURIN;NELFB;RALGDS;ID1;MAP2K2;RHOA;MAPK3;SGK1;VRK3;SHC2;MAPK7;AP2A2;AP2S1;MAPK11;MAPKAPK2;SRF;VGF;NAB2;NGF;CDK5;FRS3;MAPKAPK3;NTF3;CDK5R1;PTPRS
REACTOME_SIGNALING_BY_SCF_KIT,0.537671232876712,0.953558529849161,0.0675188953767744,0.250175469158441,0.951744396971683,34,MMP9;PIK3R2;STAT3;HRAS;PTPN6;SH2B2;GRAP2;VAV1;PTPRU;LCK
REACTOME_TELOMERE_MAINTENANCE,0.536082474226804,0.953558529849161,0.0891647117820678,-0.210020430290284,-0.949974008857357,61,ANKRD28;POT1;RFC5;NOP10;RPA3;POLR2K;POLA1;ATRX;PRIM1;PPP6C;TERF2IP
REACTOME_TP53_REGULATES_TRANSCRIPTION_OF_CELL_CYCLE_GENES,0.543252595155709,0.953558529849161,0.0675188953767744,0.264622443218183,0.949416518236809,28,CDKN1A;PRMT1;BAX;PLK3
REACTOME_TRANSCRIPTIONAL_REGULATION_OF_BROWN_AND_BEIGE_ADIPOCYTE_DIFFERENTIATION,0.538994800693241,0.953558529849161,0.0679922591544058,0.301683451029308,0.944069971483762,17,GATAD2A;MBD3;SMAD1;RXRA;RBBP4;HDAC1;PPARG;CHD4;CHD3;PPARA;CIDEA;MTA1
REACTOME_BIOLOGICAL_OXIDATIONS,0.547486033519553,0.955232774674115,0.0925528864684773,-0.187851309336188,-0.973264413610317,126,MAOA;CYP2C19;MGST2;MTRR;ADH5;ABHD10;NAT1;MAT2B;GSTA4;NCOA2;GCLC;CYP4F3;CYP26A1;GSTA3;CYP3A5;PTGIS;ACSM1;ALDH1A1;AHR;SLC35D2;SULT1A2;CYP39A1;UXS1;MTARC1;CYP3A4;CYP3A43;GLYAT;CYP2C18;TPMT;TPST1;CYP2J2;AOC1;SULT1E1;NR1H4;GSTM3;CYP2B6;BPNT2;CYP1A1;MGST3;ARNT;ADH1B;MAOB;NQO2;AADAC;CYP2C8;UGDH;CYP46A1;UGT2B4;CYP4A11
REACTOME_COMPLEX_I_BIOGENESIS,0.547029702970297,0.955232774674115,0.0857844408075645,-0.227009898828012,-0.944431933069575,41,NDUFS5;NDUFS4;NDUFA5;TMEM126B;NDUFB3;NDUFS1;NDUFB1;NDUFC1;NDUFB4;COA1;NDUFA9;NDUFAF1;NDUFAF4;NDUFB5
REACTOME_SIGNALING_BY_FGFR,0.549342105263158,0.955544856363345,0.0645031249656493,0.220487871634064,0.941463702060316,60,PPP2R1A;PLCG1;HNRNPF;FGFR4;SHC1;HRAS;PTBP1;POLR2D;HNRNPM;POLR2E;GIPC1;GTF2F1;MAPK3;FGFR3;POLR2L
REACTOME_TGF_BETA_RECEPTOR_SIGNALING_ACTIVATES_SMADS,0.549751243781095,0.955544856363345,0.0857844408075645,-0.230537076548201,-0.942416737302456,39,TGFBR3;MTMR4;PPP1CB;USP15;UBB;XPO1;ZFYVE9;ITGB1;NEDD4L;BAMBI
REACTOME_BETA_CATENIN_INDEPENDENT_WNT_SIGNALING,0.563492063492063,0.956777960226236,0.0878312634480124,-0.190477133657472,-0.941307899037596,94,PPP3CB;PRKCA;FZD5;TCF7L1;CALM1;DVL3;FZD4;CAMK2A;PLCB1;PSMD12;KRAS;DAAM1;PSMA1;UBB;PSMA3;RAC1;AP2B1;SEM1;WNT5A;ROR1;TCF7L2;PSMB1;PSMA2;PRKG1
REACTOME_CONSTITUTIVE_SIGNALING_BY_ABERRANT_PI3K_IN_CANCER,0.564039408866995,0.956777960226236,0.0838361057159929,-0.214889556813681,-0.92201731416255,47,MET;GAB1;ERBB3;IRS1;IRS2;FRS2;PDGFRA;RAC1;STRN;ESR1;PTPN11
REACTOME_DENGUE_VIRUS_ACTIVATES_MODULATES_INNATE_AND_ADAPTIVE_IMMUNE_RESPONSES,0.551839464882943,0.956777960226236,0.0650877566917313,0.280507690996814,0.935503520845853,21,VTN;PAF1;CLU;APOA1;STAT2
REACTOME_DEPOSITION_OF_NEW_CENPA_CONTAINING_NUCLEOSOMES_AT_THE_CENTROMERE,0.561872909698997,0.956777960226236,0.0642140881844605,0.275151896494052,0.930778874193521,22,CENPM;H2AX;H2BC12;CENPO;CENPX;RBBP4;H2BC5;RUVBL1;H2AC6;CENPT;H2AZ2;CENPA
REACTOME_DISEASES_OF_MITOTIC_CELL_CYCLE,0.555555555555556,0.956777960226236,0.0824344091527096,-0.257533683419831,-0.932408404100518,25,UBE2E1;CDC16;ATRX;CDC23;SKP2;CDKN1B;CDKN1C;CDC27;CCND2;TFDP1;UBE2C
REACTOME_INTRACELLULAR_SIGNALING_BY_SECOND_MESSENGERS,0.555891238670695,0.956777960226236,0.0598603117764473,0.183544964653369,0.956636824265891,207,CDKN1A;GATAD2A;MLST8;RAC2;PPP2R1A;PIP5K1C;PIK3R2;PHC2;MBD3;PLCG1;CAMKK2;AKT1;HDAC5;TRIB3;RPS6KB2;PPP2R5B;FGFR4;MAPKAP1;PSMC4;USP7;PSMD2;AKT2;PSMC3;PRKCE;CASP9;PSMA7;PIK3CD;PDPK1;KPNA2;CAMK2B;TSC2;RRAGC;PSMD13;STUB1;ERBB2;MAPK3;FGFR3;ADRM1;SGK1;SCMH1;BAD;IER3;VAV1;PDGFRB;PRKCD;CBX4;RBBP4;CBX6;LCK;PSMD8;PIK3R5;PSMD3;HDAC1;FGF18
REACTOME_MET_ACTIVATES_PTK2_SIGNALING,0.555932203389831,0.956777960226236,0.0653834195468773,0.28347449443946,0.927394670724567,20,LAMA5;COL5A3;LAMB2;COL1A1;LAMA2;PTK2;LAMA3;LAMC3;COL3A1;COL1A2;COL11A2
REACTOME_MRNA_3_END_PROCESSING,0.563739376770538,0.956777960226236,0.0916795246008379,-0.187196851674717,-0.955863491569261,118,SNRPE;U2SURP;THOC2;SRSF7;SRRM1;CPSF6;POLR2K;RBBP6;CPSF7;THOC7;HNRNPU;HNRNPA1;SNRPB2;PPP1CB;RBM25;SNRPA1;UBB;UPF3B;CSTF3;DHX15;SNRPD2;SRSF11;SF3A3;RBM5;SF3A2;SNRPD3;SMNDC1;SRRM2;SRSF2;HNRNPK;PAPOLA;DNAJC8;SRSF3;DDX46;CLP1;SNRPF;HNRNPD;SF3B1;POLR2B;SNRPG;TRA2B;HNRNPL;PPP1R8;CASC3;HTATSF1
REACTOME_PRE_NOTCH_EXPRESSION_AND_PROCESSING,0.560330578512397,0.956777960226236,0.0637845390312975,0.227305388678593,0.934001472405841,49,CCND1;B4GALT1;FURIN;H2AX;ELF3;NOTCH1;MFNG;H2BC12;H3-3B;SIRT6;ST3GAL4;KAT2A;ATP2A2;H2BC5;TNRC6B;RFNG;H2AC6;H3C6;ATP2A1;LFNG;H2AZ2;E2F1;MAML3
REACTOME_SIGNALING_BY_BMP,0.562390158172232,0.956777960226236,0.0665892104103933,0.293296505665698,0.9297311900135,18,GDF2;SMAD1;INHBA;ACVRL1;SMAD9;SMAD6
REACTOME_SIGNALING_BY_ERBB2_IN_CANCER,0.561643835616438,0.956777960226236,0.0799858801499946,-0.295379243431585,-0.936536223509105,16,GAB1;ERBB3;SOS1;KRAS
REACTOME_SIGNALING_BY_PDGFR_IN_DISEASE,0.559792027729636,0.956777960226236,0.066132620475844,0.29850129382009,0.902020767407066,15,PIK3R2;STAT3;HRAS
REACTOME_THE_ROLE_OF_GTSE1_IN_G2_M_PROGRESSION_AFTER_G2_CHECKPOINT,0.553333333333333,0.956777960226236,0.0647943366000727,0.226422105167602,0.935316446841883,51,CDKN1A;FKBPL;PSMC4;PSMD2;PSMC3;PSMA7;PSMD13;ADRM1;TUBB4B;TUBA3C;PSMD8;PSMD3;PSMB3;HSP90AB1;PSMD7;TUBA4A;PSMC5
REACTOME_ACTIVATION_OF_NMDA_RECEPTORS_AND_POSTSYNAPTIC_EVENTS,0.588429752066116,0.967168858821706,0.0614364107201271,0.222318843478483,0.913511678537794,49,RPS6KA1;CAMKK2;CAMK1;LIN7B;HRAS;PDPK1;KPNA2;CAMK2B;PPM1F;MAPK3;TUBB4B;TUBA3C;GIT1;DLG4;PRKAR1A;CAMK2G;ARHGEF7;PRKAG2;TUBA4A;KIF17;PRKAB1
REACTOME_CHROMATIN_MODIFICATIONS_DURING_THE_MATERNAL_TO_ZYGOTIC_TRANSITION_MZT,0.582322357019064,0.967168858821706,0.0642140881844605,0.29139607762271,0.911877286450913,17,KDM6B;H2AX;H2BC12;H3-3B;H2BC5;H2AC6;H3C6;H2AZ2
REACTOME_CHROMOSOME_MAINTENANCE,0.579234972677596,0.967168858821706,0.0880945010398517,-0.19898906022281,-0.934793138987546,73,ANKRD28;POT1;RFC5;NOP10;RPA3;SMARCA5;POLR2K;POLA1;ATRX;PRIM1;PPP6C;TERF2IP;NPM1
REACTOME_DNA_STRAND_ELONGATION,0.595,0.967168858821706,0.0613026075396207,0.266156786499639,0.917634685095731,23,MCM7;MCM3;POLD2;POLD1;MCM5;FEN1
REACTOME_DOWNREGULATION_OF_SMAD2_3_SMAD4_TRANSCRIPTIONAL_ACTIVITY,0.576832151300236,0.967168858821706,0.080419996876154,-0.254579534529554,-0.921712819679552,25,NCOR1;RNF111;PPM1A;USP9X;UBB;TRIM33;NEDD4L
REACTOME_ENERGY_DEPENDENT_REGULATION_OF_MTOR_BY_LKB1_AMPK,0.597087378640777,0.967168858821706,0.0799858801499946,-0.270405047263516,-0.921216205257786,20,LAMTOR3;LAMTOR5;PPM1A;TSC1;PRKAB2;RRAGD
REACTOME_EPHRIN_SIGNALING,0.575342465753425,0.967168858821706,0.0787113806986485,-0.291620232791575,-0.924617817909489,16,MYL12A;EPHB1;RAC1;SDCBP
REACTOME_GLUTATHIONE_CONJUGATION,0.596534653465347,0.967168858821706,0.0810802057550866,-0.260953254164077,-0.907571717108167,22,MGST2;GSTA4;GCLC;GSTA3
REACTOME_MITOPHAGY,0.590509666080844,0.967168858821706,0.0642140881844605,0.258247325635562,0.922280326938715,27,ULK1;MFN2;TOMM40;ATG9A;SQSTM1
REACTOME_NCAM1_INTERACTIONS,0.588752196836555,0.967168858821706,0.0643583367917361,0.258509209036841,0.923215592805873,27,CACNA1H;AGRN;COL5A3;COL6A2;PSPN;CACNA1D;COL4A2;CNTN2;COL4A1;COL3A1;CACNA1I;CACNA1C
REACTOME_NEDDYLATION,0.572769953051643,0.967168858821706,0.0601186142531851,0.190827308535463,0.950555496326953,149,CDKN1A;CCDC22;BRCA1;KLHL25;CUL9;FBXO17;DCAF7;PSMC4;COPS7B;CUL7;NPLOC4;PSMD2;VCP;GPS1;FBXO2;PSMC3;BIRC5;PSMA7;CCNF;SQSTM1;DDB2;PSMD13;ASB6;LRRC41;UBE2M;ELOB;FBXL18;ADRM1;CISH;MUL1;WDTC1;ASB13;FBXO41;DDA1;KLHL21;FBXL12;FBXL15;PSMD8;FBXO31;DPP3;PSMD3;SOCS3;NAE1;PSMB3;SPSB1;HIF3A;COPS6;EPAS1;DCAF10;COMMD4;FBXW4;KEAP1;CUL4A;ASB1;PSMD7;CUL2;DCUN1D2;PSMC5
REACTOME_NEGATIVE_REGULATORS_OF_DDX58_IFIH1_SIGNALING,0.588946459412781,0.967168858821706,0.0635007968065945,0.25944774882709,0.90910380264446,25,RNF216;TRAF3;UBA7;NLRX1;IRF3;PIN1
REACTOME_NETRIN_1_SIGNALING,0.596330275229358,0.967168858821706,0.0770736734944102,-0.242482324006702,-0.898311773684371,26,NCK1;DSCAM;DOCK1;RAC1;SIAH1;PTPN11;CDC42;WASL
REACTOME_NUCLEAR_EVENTS_MEDIATED_BY_NFE2L2,0.584,0.967168858821706,0.0602484086158019,0.207299452149523,0.929505709261089,74,HMOX1;ATF4;PSMC4;PSMD2;BCL2L1;MAFG;PSMC3;PSMA7;ME1;SQSTM1;TKT;BCL2;PSMD13;NOTCH1
REACTOME_NUCLEOTIDE_EXCISION_REPAIR,0.587628865979382,0.967168858821706,0.0840745577910723,-0.190673568154577,-0.936700247058505,89,PIAS1;RFC5;CUL4B;RNF111;RPA3;UBE2V2;POLR2K;PARP2;UBE2N;AQR;ERCC4;SUMO1;UBB;GTF2H1;CETN2;TCEA1;COPS2;YY1
REACTOME_OPIOID_SIGNALLING,0.595709570957096,0.967168858821706,0.0607719451853533,0.219450905288752,0.918810402405196,54,PPP2R1A;GNB2;CAMKK2;PLCB3;GNA11;PPP1CA;POMC;GNAI2;KPNA2;CAMK2B
REACTOME_OVARIAN_TUMOR_DOMAIN_PROTEASES,0.595317725752508,0.967168858821706,0.0614364107201271,0.268432039669809,0.908047063694275,22,IKBKG;TRAF3;VCP;TNIP1;RHOA
REACTOME_PYROPTOSIS,0.572934973637961,0.967168858821706,0.0656813601934011,0.290991629803596,0.922424880743836,18,CHMP6;BAX;CASP4;GSDMD;CASP1;CHMP7;CASP3;IRF1;IL1B;BAK1
REACTOME_RECOGNITION_OF_DNA_DAMAGE_BY_PCNA_CONTAINING_REPLICATION_COMPLEX,0.581560283687943,0.967168858821706,0.0799858801499946,-0.252781768495567,-0.915203953979202,25,RFC5;CUL4B;RPA3
REACTOME_REGULATION_OF_RUNX2_EXPRESSION_AND_ACTIVITY,0.591687041564792,0.967168858821706,0.0808589150280032,-0.209218108153937,-0.9240452131978,52,PPARGC1A;BMP2;SKP2;PSMD12;PSMA1;UBB;PSMA3;SEM1;GSK3B;ESR1;PSMB1;PSMA2;PSMA4;STAT1;CBFB;SKP1
REACTOME_RHOG_GTPASE_CYCLE,0.579119086460033,0.967168858821706,0.0615706755421678,0.220950148128487,0.929492450164587,55,ARHGEF16;VAV2;YKT6;STX5;LETM1;ANKLE2
REACTOME_RIPK1_MEDIATED_REGULATED_NECROSIS,0.598673300165838,0.967168858821706,0.0607719451853533,0.256684784073464,0.899005166160897,24,FLOT1;FLOT2;TRAF2;TRADD;STUB1;FADD
REACTOME_RND1_GTPASE_CYCLE,0.590673575129534,0.967168858821706,0.0633597010643758,0.258531566140275,0.905893502426916,25,STIP1;PLXNA1;PIK3R2;FLOT2
REACTOME_SEMA4D_IN_SEMAPHORIN_SIGNALING,0.59452736318408,0.967168858821706,0.0815265143256594,-0.257893902344252,-0.907723989751314,23,MET;ROCK1;MYH10;ROCK2;ARHGEF12;RAC1
REACTOME_SIGNALING_BY_FGFR2,0.598333333333333,0.967168858821706,0.0610363728309177,0.221349284108641,0.914361368428405,51,PPP2R1A;PLCG1;HNRNPF;SHC1;HRAS;PTBP1;POLR2D;HNRNPM;POLR2E
REACTOME_SIGNALING_BY_MET,0.592105263157895,0.967168858821706,0.0609039347452418,0.214925573758704,0.915895285952986,59,LAMA5;CRK;STAT3;SHC1;RAPGEF1;HRAS;COL5A3;HGFAC;GGA3;HPN;LAMB2;COL1A1;HGS
REACTOME_SYNTHESIS_OF_DNA,0.586118251928021,0.967168858821706,0.0840745577910723,-0.194146758772981,-0.933162553078477,80,RFC5;ORC3;UBE2E1;CDC16;RPA3;POLA1;ORC4;CDC23;PRIM1;SKP2;PSMD12;GMNN;PSMA1;UBB;PSMA3;SEM1;GINS3;PSMB1;PSMA2;CDC27;PSMA4
REACTOME_SEALING_OF_THE_NUCLEAR_ENVELOPE_NE_BY_ESCRT_III,0.601386481802426,0.969841579808138,0.0626618230932492,0.289527420743973,0.874903230410353,15,CHMP6;VPS4A;TUBB4B;TUBA3C;CHMP7
REACTOME_CLASS_B_2_SECRETIN_FAMILY_RECEPTORS,0.608318890814558,0.977579129800237,0.0621124188949471,0.234666292413958,0.895750224895829,35,WNT11;GNB2;SMO;ADGRE5;GNAS;GIPR;GCGR;PTH1R;GNG7;GNB5;FZD9;FZD1
REACTOME_FORMATION_OF_THE_POLYBROMO_BAF_PBAF_COMPLEX,0.608318890814558,0.977579129800237,0.0621124188949471,0.287448150250534,0.868620024256919,15,SMARCB1;BCL7B;BCL7C;SMARCC2
REACTOME_ASSOCIATION_OF_TRIC_CCT_WITH_TARGET_PROTEINS_DURING_BIOSYNTHESIS,0.613074204946997,0.980062777890836,0.0626618230932492,0.25588299182222,0.900628629652095,26,KIFC3;STAT3;DCAF7;CCT7;SKIC2;WRAP53;TCP1;CCT5;SPHK1;FBXW4;CCT4;USP11;CCT3
REACTOME_PARACETAMOL_ADME,0.611872146118721,0.980062777890836,0.0755015292281669,-0.283477449158438,-0.898800120822738,16,ABCG2;NAT1
REACTOME_TRANSLESION_SYNTHESIS_BY_Y_FAMILY_DNA_POLYMERASES_BYPASSES_LESIONS_ON_DNA_TEMPLATE,0.613074204946997,0.980062777890836,0.0626618230932492,0.256772794187401,0.903760457520398,26,UBA7;NPLOC4;VCP;POLD2;POLD1
REACTOME_GPER1_SIGNALING,0.616871704745167,0.982941720629047,0.0621124188949471,0.2534035008796,0.90498154458514,27,GNB2;SHC1;GNAI2;GNAS;GNG7;GNB5;PRKAR1A;GPER1;GNAZ;ADCY3;GNB1;ITGA5
REACTOME_REGULATION_OF_MITF_M_DEPENDENT_GENES_INVOLVED_IN_PIGMENTATION,0.617021276595745,0.982941720629047,0.0768736734126542,-0.239704186021879,-0.907535293906238,29,DCT;MLPH;SMARCE1;SS18;SS18L1;MITF;SMARCC1;DPF3;SMARCA2;SMARCD1;GPR143
REACTOME_SIGNALING_BY_TGFB_FAMILY_MEMBERS,0.618238021638331,0.983170187188734,0.0559428593065705,0.191180933326818,0.924870393122479,114,SERPINE1;GDF2;PSEN2;JUNB;CDK9;TGFB1;PPP1CA;PRKCZ;FURIN;SMAD1;LTBP3;INHBA;SKIL;RXRA;GIPC1;UBE2M;STUB1;DRAP1;PPP1R15A;ACVRL1;RHOA;SMAD9;MAPK3;TCF3;ARHGEF18;SMAD6
REACTOME_REGULATION_OF_LIPID_METABOLISM_BY_PPARALPHA,0.621359223300971,0.986021240997163,0.0578529757032509,0.201497012962132,0.927776456417972,88,SREBF2;PLIN2;MED22;CPT2;RXRB;NR1H2;TRIB3;MED16;ME1;ABCB4;ACSL1;MED15;RXRA;SREBF1;MED18;NRF1;APOA1;MTF1;G0S2;SIN3B
REACTOME_SIGNAL_TRANSDUCTION_BY_L1,0.622183708838822,0.986021240997163,0.0610363728309177,0.280889022452258,0.878997142573933,17,VAV2;MAP2K2;MAPK3;NRP1;CSNK2A2;CSNK2B
REACTOME_TRANSCRIPTIONAL_REGULATION_BY_RUNX3,0.623586429725363,0.986537425955843,0.057609110864425,0.203607916495503,0.90340405372538,71,CDKN1A;CCND1;SPP1;PSMC4;TGFB1;PSMD2;PSMC3;TEAD3;PSMA7;RUNX3;PSMD13;NOTCH1
REACTOME_PCP_CE_PATHWAY,0.627642276422764,0.988756203015301,0.057609110864425,0.206445888263804,0.893928754497856,63,WNT11;RAC2;PFN1;PSMC4;AP2M1;PSMD2;PSMC3;PSMA7;PSMD13;RHOA;CLTB;ADRM1;AP2A2;AP2S1;PARD6A;SCRIB;PSMD8;PSMD3;DVL2;FZD1
REACTOME_REGULATION_OF_CDH1_GENE_TRANSCRIPTION,0.628227194492255,0.988756203015301,0.0602484086158019,0.234596875556473,0.901255325992849,36,H2AX;CDH1;CTBP1;FOXA2;H2BC12;H3-3B;MAPK3;TCF3;ARID1A;RBBP4;PKM;HDAC1;H2BC5;H2AC6;SMARCA4;H3C6;SNAI1;H2AZ2;MAPK1
REACTOME_REGULATION_OF_EXPRESSION_OF_SLITS_AND_ROBOS,0.626740947075209,0.988756203015301,0.0847985102819124,-0.181320666758961,-0.94312973153185,128,RPL41;RPL7;USP33;RPS13;RPL37A;RPS23;RPS3A;UPF2;RPS6;RPL24;RPS15A;PSMD12;RPL12;PSMA1;UBB;RPS4X;UPF3B;RPL7A;RPL30;PSMA3;RPS17;GSPT1;SEM1;RPL36AL;RPL22;PSMB1;RPS24;GSPT2;PSMA2;RPS3;RPS7;RPL9;PSMA4
REACTOME_APC_C_CDH1_MEDIATED_DEGRADATION_OF_CDC20_AND_OTHER_APC_C_CDH1_TARGETED_PROTEINS_IN_LATE_MITOSIS_EARLY_G1,0.633004926108374,0.994566916492746,0.0776798560117236,-0.205945724185224,-0.883642398877306,47,UBE2E1;CDC16;CDC23;SKP2;PSMD12;PSMA1;UBB;PSMA3;SEM1;PSMB1;PSMA2;CDC27;PSMA4;UBE2C;PSMC2;PSMD14;PSMA5;PTTG1;PSMB5
REACTOME_AUF1_HNRNP_D0_BINDS_AND_DESTABILIZES_MRNA,0.638795986622074,0.995672402933826,0.0580983576873206,0.224938149718625,0.890375877603214,40,EIF4G1;HSPA8;PSMC4;PSMD2;PSMC3;PSMA7;PSMD13;ADRM1;PABPC1;PSMD8;PSMD3;PSMB3;HSPB1;PSMD7;PSMC5
REACTOME_CLASS_I_MHC_MEDIATED_ANTIGEN_PROCESSING_PRESENTATION,0.644578313253012,0.995672402933826,0.0875697115548511,-0.163373725461437,-0.939655474376967,234,BLMH;UBE2E1;HERC5;ATG14;KLHL2;NPEPPS;HMGB1;ERAP1;UBR2;FBXW2;PIK3R4;CDC16;SNAP23;RNF111;DET1;KLHL11;CUL5;UBE4A;UBE2V2;RBBP6;UBE2N;CANX;NEDD4;TPP2;UBE3A;CDC23;KLHL9;UBA5;FBXO11;SEC61A2;UBA3;SKP2;PSMD12;PIK3C3;PSMA1;UBB;ASB9;HERC1;PSMA3;BTBD1;CUL3;SEM1;MKRN1;NEDD4L;SIAH1;PSMB1;ANAPC13;PSMA2;VAMP3;ZBTB16;CDC27;ASB8;HERC6;RNF138;PSMA4;SAR1B;UBE2B;ITCH;FBXO21;FBXW7;SKP1
REACTOME_COOPERATION_OF_PDCL_PHLP1_AND_TRIC_CCT_IN_G_PROTEIN_BETA_FOLDING,0.638333333333333,0.995672402933826,0.0579754757571486,0.254376707054751,0.877020242631282,23,GNB2;GNA11;CCT7;GNG7;TCP1;GNB5;CCT5;CSNK2A2;CSNK2B;CCT4;CCT3
REACTOME_FLT3_SIGNALING,0.644230769230769,0.995672402933826,0.0755015292281669,-0.230332464254819,-0.879438767120537,30,FOXO3;SOS1;GRB10;KRAS;SOCS2;UBB;AKT3;CDKN1B;PTPN11
REACTOME_PEPTIDE_HORMONE_METABOLISM,0.635,0.995672402933826,0.0582216241124161,0.222223267401876,0.88812885489898,44,INHBE;CTSZ;INHBC;P4HB;CTSD;INHBA;POMC
REACTOME_PROTEIN_HYDROXYLATION,0.641476274165202,0.995672402933826,0.0602484086158019,0.271986376777036,0.862179442521564,18,KDM8;JMJD6;U2AF2;RPL8;JMJD4
REACTOME_REGULATION_OF_MRNA_STABILITY_BY_PROTEINS_THAT_BIND_AU_RICH_ELEMENTS,0.638709677419355,0.995672402933826,0.0564118388217596,0.20743542654482,0.904951990816156,66,EXOSC4;EIF4G1;AKT1;HSPA8;PSMC4;PSMD2;PSMC3;PSMA7;PSMD13;EXOSC7;ADRM1;PABPC1;PRKCD;MAPK11;PSMD8;MAPKAPK2;PSMD3;EXOSC5;EXOSC2;PSMB3
REACTOME_RHOV_GTPASE_CYCLE,0.642201834862385,0.995672402933826,0.0732558655828455,-0.233975231254455,-0.866795985428575,26,NCK1;USP9X;MYO9A;IQGAP1;GIT2;DST;CDC42;WASL;PEAK1;TXNL1
REACTOME_RNA_POLYMERASE_I_TRANSCRIPTION_TERMINATION,0.640468227424749,0.995672402933826,0.0579754757571486,0.25701629635461,0.869430093045,22,UBTF;ERCC2;POLR2E;ERCC3;POLR2L;POLR1C;POLR1E;GTF2H4;GTF2H3;POLR1B
REACTOME_STIMULI_SENSING_CHANNELS,0.643031784841076,0.995672402933826,0.0764767053228531,-0.21768840555093,-0.887671749112247,38,ASPH;MCOLN3;CLCN3;CALM1;SLC17A3;TRPM3
REACTOME_MOLECULES_ASSOCIATED_WITH_ELASTIC_FIBRES,0.648409893992933,0.998224307390801,0.059989249649033,0.248035148803029,0.873006660510005,26,EMILIN1;VTN;TGFB1;LTBP3
REACTOME_TRANSCRIPTIONAL_REGULATION_BY_THE_AP_2_TFAP2_FAMILY_OF_TRANSCRIPTION_FACTORS,0.648333333333333,0.998224307390801,0.0572461135202885,0.250918607937089,0.865097677226885,23,CDKN1A;APOE;KCTD15
REACTOME_APOPTOTIC_CLEAVAGE_OF_CELLULAR_PROTEINS,0.672055427251732,0.998732871666421,0.0713052987340038,-0.228490960924096,-0.852575822834259,27,GAS2;ROCK1;BIRC2;SATB1;APC;TJP1
REACTOME_ATTENUATION_PHASE,0.65982905982906,0.998732871666421,0.057609110864425,0.267846869722361,0.865798222880095,19,DNAJB1;HSPA8;HSF1
REACTOME_AURKA_ACTIVATION_BY_TPX2,0.672727272727273,0.998732871666421,0.0551351763385257,0.213286601657802,0.876398052641442,49,PPP2R1A;SSNA1;SFI1;ACTR1A;CDK5RAP2;DYNC1H1;CSNK1D;TUBB4B;HAUS5;TUBG1;NDE1;HAUS2;DCTN2
REACTOME_CYCLIN_A_CDK2_ASSOCIATED_EVENTS_AT_S_PHASE_ENTRY,0.672638436482085,0.998732871666421,0.0544555953940371,0.202347125891382,0.867883570784103,61,CDKN1A;CCND1;AKT1;PSMC4;PSMD2;AKT2;PSMC3;PSMA7;FZR1;PSMD13
REACTOME_DISEASES_OF_SIGNAL_TRANSDUCTION_BY_GROWTH_FACTOR_RECEPTORS_AND_SECOND_MESSENGERS,0.667146974063401,0.998732871666421,0.0491927521045191,0.169973382742296,0.935108348117594,324,CDKN1A;MLST8;RAC2;PPP2R1A;PSEN2;PIK3R2;SND1;JUNB;DUSP8;STAT3;PLCG1;AKT1;HDAC5;RPS6KB2;PPP2R5B;FGFR4;MAPKAP1;SHC1;PSMC4;PIM1;TGFB1;PSMD2;ZAP70;MRAS;BCL2L1;VCP;AKT2;DUSP9;HRAS;MSN;PSMC3;ARAF;POLR2D;CASP9;DNMT1;PTPN6;PRF1;CSK;PSMA7;PIK3CD;PDPK1;SQSTM1;POLR2E;LMNA;PORCN;MYH9;CAMK2B;TPM4;TSC2;CTBP1;TYK2;PSMD13;NOTCH1;MAP3K11;IL10RA;GTF2F1;MAP2K2;ERBB2;KREMEN2;MAPK3;FGFR3;PHB1;ADRM1
REACTOME_EPHA_MEDIATED_GROWTH_CONE_COLLAPSE,0.655339805825243,0.998732871666421,0.0751181635276302,-0.259862535868873,-0.885299966122665,20,ROCK1;MYH10;ROCK2
REACTOME_EVASION_BY_RSV_OF_HOST_INTERFERON_RESPONSES,0.670588235294118,0.998732871666421,0.0723570851036907,-0.26554814207879,-0.856675169415971,17,CUL5;CREBBP;JAK1;UBB
REACTOME_FOXO_MEDIATED_TRANSCRIPTION_OF_OXIDATIVE_STRESS_METABOLIC_AND_NEURONAL_GENES,0.666666666666667,0.998732871666421,0.0736212741014394,-0.259165430570666,-0.873240166685652,19,PPARGC1A;IGFBP1;FOXO3;ABCA6;NPY;G6PC1
REACTOME_GLUCAGON_SIGNALING_IN_METABOLIC_REGULATION,0.671353251318102,0.998732871666421,0.0580983576873206,0.265024205972688,0.840109805747979,18,GNB2;GNAS;GCGR;GNG7;PRKAR1A
REACTOME_MEIOTIC_RECOMBINATION,0.666666666666667,0.998732871666421,0.0557104226766671,0.245094068679906,0.858410188722238,24,BRCA1;H2AX;H2BC12;H3-3B;PSMC3IP;H2BC5;RPA2;H2AC6;MLH3;H3C6;CDK4;H2AZ2
REACTOME_O_GLYCOSYLATION_OF_TSR_DOMAIN_CONTAINING_PROTEINS,0.649880095923261,0.998732871666421,0.0749278818393739,-0.263881877665868,-0.889131912118329,19,ADAMTSL3;SEMA5A
REACTOME_POSITIVE_EPIGENETIC_REGULATION_OF_RRNA_EXPRESSION,0.663299663299663,0.998732871666421,0.0566484183613995,0.217146119657716,0.870878814804321,45,GATAD2A;MBD3;MYO1C;H2AX;POLR2E;H2BC12;H3-3B;POLR2L;RBBP4;KAT2A;POLR1C;HDAC1;MYBBP1A;H2BC5;POLR1E;H2AC6;EHMT2;H3C6;H2AZ2;POLR1B;CHD4
REACTOME_PTEN_REGULATION,0.66347687400319,0.998732871666421,0.0541200569620232,0.193070438647621,0.899912853498111,95,GATAD2A;MLST8;PHC2;MBD3;AKT1;HDAC5;PSMC4;USP7;PSMD2;AKT2;PSMC3;PSMA7;RRAGC;PSMD13;STUB1;MAPK3;ADRM1;SCMH1;CBX4;RBBP4;CBX6;PSMD8;PSMD3;HDAC1
REACTOME_RECOGNITION_AND_ASSOCIATION_OF_DNA_GLYCOSYLASE_WITH_SITE_CONTAINING_AN_AFFECTED_PURINE,0.670588235294118,0.998732871666421,0.0723570851036907,-0.265228770400187,-0.85564485609978,17,POT1;OGG1
REACTOME_RHO_GTPASES_ACTIVATE_PAKS,0.666080843585237,0.998732871666421,0.0584693210386381,0.265802314133353,0.842576358919256,18,CTTN;NF2;MYH9;FLNA
REACTOME_RHO_GTPASE_EFFECTORS,0.671709531013616,0.998732871666421,0.0511147954416412,0.17696585195018,0.908636321197018,187,RHOD;RAC2;KLC2;PPP2R1A;S100A9;FMNL1;RANGAP1;PFN1;CTTN;ABL1;ARPC1B;PPP2R5B;CFL1;LIN7B;NF2;PRKCZ;CENPM;PKN1;CFTR;DYNC1H1;H2AX;CDH1;BIRC5;CYBA;PDPK1;MYH9;FLNA;H2BC12;ARPC2;RHOA;YWHAH;CTNNA1;H3-3B;S100A8;MAPK3;TUBB4B;KIF5B;TUBA3C;ARPC5;CENPO;PIN1;B9D2;NDE1;ARPC1A
REACTOME_RRNA_MODIFICATION_IN_THE_NUCLEUS_AND_CYTOSOL,0.665036674816626,0.998732871666421,0.0747385227439092,-0.208852916025519,-0.88217864860605,43,NOP10;RCL1;RPS6;EMG1;MPHOSPH10;UTP25;THUMPD1;DIMT1;UTP6;WDR3;UTP20;HEATR1;RPS7;NOL11
REACTOME_SIGNALING_BY_EGFR_IN_CANCER,0.662045060658579,0.998732871666421,0.0580983576873206,0.271530369179736,0.849710738238622,17,PLCG1;SHC1;HRAS
REACTOME_TAK1_DEPENDENT_IKK_AND_NF_KAPPA_B_ACTIVATION,0.672535211267606,0.998732871666421,0.0580983576873206,0.235587047149917,0.865982188594012,31,IKBKG;AGER;NFKB2;TRAF2;NFKBIB;NLRX1
REACTOME_TRANSLOCATION_OF_SLC2A4_GLUT4_TO_THE_PLASMA_MEMBRANE,0.655,0.998732871666421,0.0766746872490091,-0.208441606392947,-0.884314672889616,46,RAB13;CALM1;SNAP23;C2CD5;KIFAP3;EXOC1;PRKAB2;RAC1;TUBB6;TUBB4A;RAB11A
REACTOME_UB_SPECIFIC_PROCESSING_PROTEASES,0.651933701657459,0.998732871666421,0.0822054920415869,-0.179742083428012,-0.930034499672128,125,TOMM70;RHOT1;TNKS2;USP3;USP33;MAT2B;POLB;BIRC2;USP9X;STAM2;TAF9B;USP16;ADRB2;VDAC3;TRAF6;USP15;SKP2;PSMD12;USP25;PSMA1;UBB;USP48;PSMA3;AR;USP4;SEM1;HIF1A;PSMB1;PSMA2;USP8;PTRH2;H2BC21;USP47;PSMA4;USP12;VDAC2
REACTOME_VEGFR2_MEDIATED_CELL_PROLIFERATION,0.655536028119508,0.998732871666421,0.059221919380382,0.269469643829779,0.854201559823342,18,PLCG1;PRKCZ;HRAS;PDPK1
REACTOME_ABC_TRANSPORTER_DISORDERS,0.792822185970636,1,0.0469758727821845,0.192059719485803,0.807956277716415,55,PSMC4;PSMD2;VCP;CFTR;PSMC3;PSMA7;ABCB4;ABCA3;PSMD13;APOA1;ADRM1;DERL1
REACTOME_ACTIVATED_NOTCH1_TRANSMITS_SIGNAL_TO_THE_NUCLEUS,0.98019801980198,1,0.0564118388217596,-0.167641004503544,-0.58304018780067,22,ADAM10;ADAM17;UBB;APH1B;ITCH;PSEN1;NCSTN;UBA52;DLK1;RPS27A;ARRB2
REACTOME_ACTIVATED_PKN1_STIMULATES_TRANSCRIPTION_OF_AR_ANDROGEN_RECEPTOR_REGULATED_GENES_KLK2_AND_KLK3,0.729636048526863,1,0.0535669384770951,0.253827968912933,0.79431391597988,17,PKN1;H2AX;H2BC12;H3-3B;H2BC5;H2AC6;H3C6;H2AZ2;KDM4C
REACTOME_ACTIVATED_TAK1_MEDIATES_P38_MAPK_ACTIVATION,0.808314087759815,1,0.062249042949858,-0.229935941307992,-0.769825483403532,18,MAP2K6;UBE2N;TRAF6;UBB
REACTOME_ACTIVATION_OF_AMPK_DOWNSTREAM_OF_NMDARS,0.957647058823529,1,0.0551351763385257,-0.192054319982997,-0.59563028375255,15,CALM1;PRKAB2;TUBB6;TUBB4A
REACTOME_ACTIVATION_OF_ANTERIOR_HOX_GENES_IN_HINDBRAIN_DEVELOPMENT_DURING_EARLY_EMBRYOGENESIS,0.696103896103896,1,0.0755015292281669,-0.196648035991135,-0.877956588571839,57,MEIS1;NCOR1;RARB;CREBBP;POLR2K;PIAS2;NCOA3;ASH2L;SUZ12;YY1;H2BC21;NCOA6;KDM6A;EP300;CNOT6;CNOT9;HOXB2;POLR2B
REACTOME_ACTIVATION_OF_BH3_ONLY_PROTEINS,0.686567164179104,1,0.0543434390269162,0.239356359309028,0.838314605787831,24,AKT1;AKT2;BCL2;YWHAH;BAD;PPP3CC
REACTOME_ACTIVATION_OF_KAINATE_RECEPTORS_UPON_GLUTAMATE_BINDING,0.760831889081456,1,0.0516355964484201,0.257756100400645,0.778895637307935,15,GNB2;PLCB3;GRIK5;GNG7;DLG4;GNB5;PLCB2
REACTOME_ACTIVATION_OF_NF_KAPPAB_IN_B_CELLS,0.846534653465347,1,0.0445070537769277,0.185135298834805,0.763554061927094,50,IKBKG;PSMC4;PSMD2;PSMC3;PSMA7;NFKBIE;PSMD13;NFKBIB
REACTOME_ADHERENS_JUNCTIONS_INTERACTIONS,0.79375,1,0.0449543067640062,0.16990676437948,0.837185563413512,134,PIP5K1C;CDH15;MOGS;RPN1;PSMC4;PSMD2;FURIN;PSMC3;H2AX;CDH1;ACTA1;PSMA7;CTBP1;PSMD13;FOXA2;H2BC12;RACK1;PRDM8;CTNNA1;H3-3B;MAPK3;ADRM1;POMT2;TCF3;BANP;ARID1A;RBBP4;NECTIN2;PKM;PSMD8;PSMD3;HDAC1;PCSK7;PSMB3;H2BC5;CSNK2A2;CDH4;TNRC6B;CSNK2B;CTSS;H2AC6;PSMD7;SMARCA4;PSMC5;JUP;H3C6;POMT1;PSMB4;SNAI1;H2AZ2;PCSK6
REACTOME_ADORA2B_MEDIATED_ANTI_INFLAMMATORY_CYTOKINES_PRODUCTION,0.885,1,0.0429311093452583,0.193325013310591,0.666530957348454,23,GNB2;GNAI2;GNAS;GNG7;GNB5;PRKAR1A
REACTOME_AGGREPHAGY,0.795847750865052,1,0.0494904866135495,0.219962965056673,0.789186547767473,28,HSF1;VCP;CFTR;DYNC1H1;VIM;TUBB4B;TUBA3C
REACTOME_AMINO_ACIDS_REGULATE_MTORC1,0.790588235294118,1,0.0642140881844605,-0.201029267241915,-0.809923095097605,35,LAMTOR3;LAMTOR5;ATP6V1A;ATP6V1H;SEH1L;ATP6V1D;ATP6V0E1;MIOS;RRAGD;SH3BP4
REACTOME_AMPK_INDUCED_ERAD_AND_LYSOSOME_MEDIATED_DEGRADATION_OF_PD_L1_CD274,0.988372093023256,1,0.0376923295943841,0.141995093813716,0.574751804482546,46,PSMC4;PSMD2;VCP;PSMC3;PSMA7;PSMD13;ADRM1;DERL1;PSMD8;PSMD3;PSMB3;PSMD7;PRKAG2;PSMC5;PRKAB1;PSMB4;OS9;PSMD11;DERL2
REACTOME_ANCHORING_OF_THE_BASAL_BODY_TO_THE_PLASMA_MEMBRANE,0.746770025839793,1,0.0716527366829457,-0.188166539858648,-0.854153006421127,62,CEP43;CEP70;CEP57;OFD1;DYNC1I2;SEPTIN2;CNTRL;CEP162;AHI1;IQCB1;MKS1;CETN2;CKAP5;HAUS4;TUBB4A;RAB11A
REACTOME_ANTIGEN_ACTIVATES_B_CELL_RECEPTOR_BCR_LEADING_TO_GENERATION_OF_SECOND_MESSENGERS,0.860103626943005,1,0.0458620343117985,0.204963748969079,0.71819210008346,25,ORAI2;BLK;PTPN6;PIK3CD;DAPP1;VAV1;CD79B
REACTOME_ANTIGEN_PROCESSING_UB_ATP_INDEPENDENT_PROTEASOMAL_DEGRADATION,0.986143187066975,1,0.0529129848430584,-0.155267812093005,-0.519836602410066,18,PSMA1;PSMA3;PSMB1;PSMA2;PSMA4
REACTOME_AQUAPORIN_MEDIATED_TRANSPORT,0.942906574394464,1,0.0417397034728504,0.181183132248989,0.650051660362174,28,GNB2;AVP;GNAS;GNG7;GNB5;PRKAR1A;AVPR2;ADCY3;AQP3;GNB1
REACTOME_ARACHIDONATE_METABOLISM,0.844856661045531,1,0.0455878202571231,0.190992516075558,0.745895409757954,38,PTGES2;GPX1;GGT5;CYP4F2;CYP2C9;GPX2;HPGD;GPX4;DPEP1;MAPKAPK2;PTGDS
REACTOME_ASPIRIN_ADME,0.690531177829099,1,0.0699458736501659,-0.253333659617133,-0.848161039408445,18,CYP2C19;BCHE
REACTOME_ASSEMBLY_AND_CELL_SURFACE_PRESENTATION_OF_NMDA_RECEPTORS,0.797227036395147,1,0.0494904866135495,0.237286173557468,0.742549020635962,17,LIN7B;CAMK2B;TUBB4B;TUBA3C;DLG4;CAMK2G;TUBA4A;KIF17
REACTOME_ASSEMBLY_OF_THE_ORC_COMPLEX_AT_THE_ORIGIN_OF_REPLICATION,0.708235294117647,1,0.0696133438850965,-0.259896454079537,-0.838442465031961,17,ORC3;KPNA1;ORC4
REACTOME_ASYMMETRIC_LOCALIZATION_OF_PCP_PROTEINS,0.973018549747049,1,0.0391155247681459,0.158969768834433,0.63183106935814,43,PSMC4;PSMD2;PSMC3;PSMA7;PSMD13;ADRM1;PARD6A;SCRIB;PSMD8;PSMD3;DVL2;FZD1;PSMB3
REACTOME_ATP_DEPENDENT_CHROMATIN_REMODELERS,0.729096989966555,1,0.0519512476197082,0.237092727386944,0.80203300318325,22,SMARCB1;BCL7B;BCL7C;SMARCC2;ARID1A;DPF2;BICRA;BRD9;SMARCA4;SMARCD3;PBRM1;BCL7A
REACTOME_BASE_EXCISION_REPAIR_AP_SITE_FORMATION,0.752475247524752,1,0.069119845655101,-0.235598689210293,-0.819390843007368,22,POT1;OGG1
REACTOME_BASIGIN_INTERACTIONS,0.71039603960396,1,0.072003313661988,-0.247933554299942,-0.84676402989317,21,PPIA;SLC7A9;ATP1B2;ATP1B1;SLC16A1
REACTOME_BETA_CATENIN_PHOSPHORYLATION_CASCADE,0.764705882352941,1,0.0658311958368866,-0.250891775514984,-0.778106628657985,15,PPP2R5A;APC;PPP2R5C;GSK3B;PPP2CB
REACTOME_BRANCHED_CHAIN_AMINO_ACID_CATABOLISM,0.683602771362587,1,0.0704500850658419,-0.254325388900335,-0.851481348841164,18,MCCC1;AUH;ACADSB;BCKDHB;MCCC2
REACTOME_BUDDING_AND_MATURATION_OF_HIV_VIRION,0.75,1,0.0683110858318647,-0.236040610329378,-0.804143404625346,20,CHMP5;PPIA;VPS4B;UBB;NEDD4L
REACTOME_B_WICH_COMPLEX_POSITIVELY_REGULATES_RRNA_EXPRESSION,0.961871750433276,1,0.0409055783172035,0.163626454976229,0.624582390321801,35,MYO1C;H2AX;POLR2E;H2BC12;H3-3B;POLR2L;KAT2A;POLR1C;MYBBP1A;H2BC5;POLR1E;H2AC6;H3C6;H2AZ2;POLR1B
REACTOME_CARBOXYTERMINAL_POST_TRANSLATIONAL_MODIFICATIONS_OF_TUBULIN,0.969411764705882,1,0.0545680646670941,-0.182615913672477,-0.589130534142485,17,TPGS2;TUBB6;TUBB4A;LRRC49;TUBB2A;TTLL4;TUBA1A;TUBA1B;TTLL5;AGTPBP1;TTLL12;TUBA1C;TUBA4A;AGBL5;VASH1;TUBA3C;TUBB4B
REACTOME_CARGO_RECOGNITION_FOR_CLATHRIN_MEDIATED_ENDOCYTOSIS,0.880837359098229,1,0.0415717899246479,0.169161507702084,0.763953101919309,77,LDLRAP1;FCHO1;SLC2A8;COPS7B;AP2M1;GPS1;CFTR;AVP;LDLR;TOR1B;IGF2R;TOR1A;HGS;CLTB;EPN1;AP2A2;AP2S1;M6PR;DVL2;EPN2;SH3GL1;COPS6;AVPR2;HBEGF
REACTOME_CARGO_TRAFFICKING_TO_THE_PERICILIARY_MEMBRANE,0.797530864197531,1,0.066132620475844,-0.198473835515469,-0.802251177695007,37,LZTFL1;PKD2;ATAT1;EXOC1;ARL3;CCT8;TUBB6;TUBB4A;RAB11A;BBS9
REACTOME_CA_DEPENDENT_EVENTS,0.915841584158416,1,0.0596037042575973,-0.195108293100405,-0.678568922845625,22,PRKCA;CALM1;CAMK2A
REACTOME_CD209_DC_SIGN_SIGNALING,0.74523396880416,1,0.0525898950623616,0.249565914820798,0.780976501310642,17,ICAM2;HRAS;RELB
REACTOME_CDK_MEDIATED_PHOSPHORYLATION_AND_REMOVAL_OF_CDC6,0.8225,1,0.0652353056017703,-0.18940134524939,-0.803536259230894,46,UBE2E1;CDC16;CDC23;PSMD12;PSMA1;UBB;PSMA3;SEM1;PSMB1;PSMA2;CDC27;PSMA4;UBE2C;PSMC2;PSMD14;CCNA2;PSMA5;PSMB5
REACTOME_CELLULAR_RESPONSE_TO_HYPOXIA,0.987373737373737,1,0.0570059526582387,-0.138892401648071,-0.618797188675784,54,CREBBP;PSMD12;CA9;PSMA1;HIGD1A;UBB;PSMA3;SEM1;HIF1A;PSMB1;PSMA2;PSMA4;EP300
REACTOME_CELL_DEATH_SIGNALLING_VIA_NRAGE_NRIF_AND_NADE,0.920792079207921,1,0.0406579344155557,0.169341360007472,0.709008709385731,54,ARHGEF16;VAV2;ABR;PSEN2;AATF;SQSTM1;MAGED1;MCF2L;ARHGEF18;BAD;VAV1;CASP2
REACTOME_CHEMOKINE_RECEPTORS_BIND_CHEMOKINES,0.745412844036697,1,0.0658311958368866,-0.215945450459247,-0.800001985364324,26,ACKR2;CCL25;CCL11;CCR4;CXCL2;CCR5;CX3CR1;CCL16;CCL2;CXCR4;CXCL9
REACTOME_CHROMATIN_ORGANIZATION,0.721286370597244,1,0.0484087618816951,0.176123824583772,0.887930236456989,163,CCND1;PRMT1;GATAD2A;JMJD6;MBD3;SMARCB1;USP22;SETD1A;BCL7B;BRMS1;MCRS1;KDM6B;PRMT7;H2AC15;H2AX;MRGBP;NFKB2;HCFC1;EP400;SGF29;RPS2;H2BC12;BCL7C;DR1;KDM4A;CARM1;SMARCC2;RUVBL2;ELP5;ARID1A;ATXN7;ING4;DPF2;NSD2;RBBP4;BICRA;KAT8;KAT2A;HDAC1;JADE2;NCOR2;BRD1;TAF6L;TADA3;H2BC5;WDR77;BRD9;HMG20B;RUVBL1;RELA
REACTOME_CLEC7A_DECTIN_1_SIGNALING,0.819935691318328,1,0.044774889329693,0.180215148852392,0.808989335725136,75,IKBKG;PYCARD;PSMC4;PSMD2;PSMC3;PSMA7;RELB;PDPK1;CDC34;NFKB2;CCL22;PSMD13;UBE2M
REACTOME_COMMON_PATHWAY_OF_FIBRIN_CLOT_FORMATION,0.88,1,0.0590954798717342,-0.218785172389308,-0.705814859614804,17,F5;SERPINC1;F8;PROS1;F13B
REACTOME_COMPLEX_III_ASSEMBLY,0.960739030023095,1,0.0541200569620232,-0.177209697866187,-0.593298031389102,18,UQCRH;UQCRB;TTC19;ISCU;UQCR10;LYRM4;UQCRC2
REACTOME_CONDENSATION_OF_PROPHASE_CHROMOSOMES,0.859618717504333,1,0.0460457683018055,0.220562747605085,0.690215741471625,17,NCAPH2;H2AX;H2BC12;H3-3B;H2BC5;H2AC6;H3C6;H2AZ2
REACTOME_COOPERATION_OF_PREFOLDIN_AND_TRIC_CCT_IN_ACTIN_AND_TUBULIN_FOLDING,0.92573402417962,1,0.0425023180036553,0.181779157035042,0.636953389070247,25,PFDN2;CCT7;PFDN4;TUBB4B;TUBA3C;TCP1;PFDN6;CCT5;TUBA4A;CCT4;CCT3
REACTOME_COPI_INDEPENDENT_GOLGI_TO_ER_RETROGRADE_TRAFFIC,0.88013698630137,1,0.0444181153081573,0.186160799371947,0.708212912856818,34,GALNT2;ACTR1A;AGPAT3;DYNC1H1;CAPZB;TUBB4B;TUBA3C;DCTN2;PAFAH1B1;BICD1;DCTN1;DCTN5;DYNLL1;TUBA4A
REACTOME_CO_INHIBITION_BY_PD_1,0.990639625585023,1,0.0346410167413251,0.134411944695726,0.659400604973906,124,CCND1;STAT3;RPN1;PSMC4;PSMD2;VCP;PSMC3;H2AX;TEAD3;CD247;PTPN6;CSK;PSMA7;NFKB2;PSMD13;H2BC12;H3-3B;ADRM1;HLA-DQB2;DERL1;RBBP4;LCK;PSMD8;PSMD3;PSMB3;H2BC5;CSNK2A2;IRF1;RELA;TNRC6B;CSNK2B;EPAS1;PDCD1;H2AC6;PSMD7;PRKAG2;PSMC5;H3C6;PRKAB1;CDK4;PSMB4;H2AZ2;OS9
REACTOME_CYCLIN_A_B1_B2_ASSOCIATED_EVENTS_DURING_G2_M_TRANSITION,0.989601386481802,1,0.0395979123961192,0.162631847391992,0.508930281080596,17,PPP2R1A;FZR1
REACTOME_CYTOSOLIC_TRNA_AMINOACYLATION,0.692307692307692,1,0.0543434390269162,0.245186938565861,0.829413954812489,22,MARS1;FARSA;YARS1;SARS1;QARS1;AARS1;GARS1;TARS1;VARS1;PPA1;CARS1
REACTOME_C_TYPE_LECTIN_RECEPTORS_CLRS,0.800637958532695,1,0.0454967810085007,0.176685713795236,0.823542671719002,95,IKBKG;PYCARD;ICAM2;PSMC4;PSMD2;HRAS;PSMC3;PSMA7;RELB;PDPK1;CDC34;NFKB2;CCL22;PSMD13;CLEC10A;UBE2M
REACTOME_DAG_AND_IP3_SIGNALING,0.769771528998243,1,0.0517405459873163,0.223718235331658,0.798966365735022,27,PLCG1;CAMKK2;PRKCE;KPNA2;CAMK2B
REACTOME_DARPP_32_EVENTS,0.805755395683453,1,0.0642140881844605,-0.229562226081476,-0.773494196840647,19,PPP3CB;CALM1;PDE4D;PRKAR2A;PPP2CB;PRKACB;PRKACA;PPP3CA
REACTOME_DECTIN_1_MEDIATED_NONCANONICAL_NF_KB_SIGNALING,0.714285714285714,1,0.0525898950623616,0.209156397803046,0.846599793187771,46,PSMC4;PSMD2;PSMC3;PSMA7;RELB;NFKB2;CCL22;PSMD13;UBE2M;ADRM1
REACTOME_DEFECTIVE_PYROPTOSIS,0.902564102564103,1,0.0431901998334182,0.206062912913214,0.666085453926297,19,H2AX;DNMT1;H2BC12;H3-3B;RBBP4;H2BC5;H2AC6;H3C6;H2AZ2
REACTOME_DEGRADATION_OF_AXIN,0.993254637436762,1,0.0381628909049257,0.139331891597473,0.544141836082906,38,PSMC4;PSMD2;PSMC3;PSMA7;PSMD13;ADRM1;PSMD8;PSMD3;AXIN1;PSMB3
REACTOME_DEGRADATION_OF_BETA_CATENIN_BY_THE_DESTRUCTION_COMPLEX,0.941935483870968,1,0.0385579101998489,0.158928507778924,0.693337063526623,66,PPP2R1A;PPP2R5B;PSMC4;PSMD2;PSMC3;TLE5;PSMA7;CTBP1;PSMD13;FRAT1;ADRM1;FRAT2;TLE3;PSMD8;PSMD3;HDAC1;AXIN1;PSMB3
REACTOME_DEGRADATION_OF_CRY_AND_PER_PROTEINS,0.997512437810945,1,0.055826471778749,-0.119542513499268,-0.50698642287635,44,PSMD12;PSMA1;UBB;PSMA3;SEM1;PSMB1;PER2;PSMA2;PSMA4;SKP1;PSMC2;PSMD14;PSMA5;PSMB5;FBXW11;UBA52;BTRC;RBX1;PER1;RPS27A;PSMC6
REACTOME_DEGRADATION_OF_DVL,0.981605351170569,1,0.0383205781976994,0.148297049865492,0.587006321893924,40,PSMC4;PSMD2;PSMC3;PSMA7;PSMD13;ADRM1;KLHL12;PSMD8;PSMD3;DVL2
REACTOME_DEGRADATION_OF_GLI1_BY_THE_PROTEASOME,0.967661691542289,1,0.0572461135202885,-0.153882269801263,-0.652623231910826,44,PSMD12;PSMA1;UBB;PSMA3;SEM1;PSMB1;PSMA2;PSMA4;ITCH;SKP1;PRKACB;PSMC2;PRKACA;PSMD14;GLI1;PSMA5;PSMB5
REACTOME_DEUBIQUITINATION,0.797546012269939,1,0.0438879842863647,0.168379044642218,0.852262613769479,166,IKBKG;TFPT;FOXK2;TRAF3;USP22;BRCA1;MCRS1;PSMC4;USP7;TGFB1;PSMD2;USP5;VCP;BABAM1;H2AC15;ASXL2;CFTR;PSMC3;USP19;SMAD1;PSMA7;RNF123;DDB2;TNIP1;TRAF2;HCFC1;BECN1
REACTOME_DEVELOPMENTAL_CELL_LINEAGES,0.911949685534591,1,0.038875878582578,0.166455825261898,0.745759644473849,73,LAMA5;VTN;CFTR;KRT18;CDH1;KRT8;COL5A3;FOXA2;VIM;LAMB2;COL1A1;ERBB2;GATA4;SOX9;KLK1;LAMA2;KLK5;CD74;ITGA6;LAMA3;LAMC3;COL3A1;CD24;PDX1;KRT17;MUC1;COL1A2;AQP3;RNASE1;SERPINA4;COL11A2
REACTOME_DEVELOPMENTAL_LINEAGES_OF_THE_MAMMARY_GLAND,0.930348258706468,1,0.0404114482034376,0.182793613282053,0.640210923584588,24,KRT18;CDH1;KRT8;VIM;ERBB2
REACTOME_DEVELOPMENTAL_LINEAGE_OF_MAMMARY_GLAND_LUMINAL_EPITHELIAL_CELLS,0.87001733102253,1,0.0454967810085007,0.218004281933399,0.682209433517146,17,KRT18;CDH1;KRT8;ERBB2
REACTOME_DEVELOPMENTAL_LINEAGE_OF_MAMMARY_GLAND_MYOEPITHELIAL_CELLS,0.771764705882353,1,0.0653834195468773,-0.24936423088539,-0.773369157294411,15,MME;ALDH1A1;KRT5;ITGB1
REACTOME_DISEASES_OF_CARBOHYDRATE_METABOLISM,0.885665529010239,1,0.0439759278026345,0.191674065997727,0.707579689505408,30,IDUA;SGSH;KHK
REACTOME_DNA_DAMAGE_BYPASS,0.916521739130435,1,0.0432768714901103,0.18319450842631,0.689848120090538,33,UBA7;NPLOC4;VCP;POLD2;POLD1
REACTOME_DNA_DAMAGE_RECOGNITION_IN_GG_NER,0.786713286713287,1,0.0504983044100709,0.20924284470462,0.780149364109466,32,TFPT;MCRS1;COPS7B;GPS1;DDB2
REACTOME_DNA_DOUBLE_STRAND_BREAK_RESPONSE,0.873524451939292,1,0.0440640346597561,0.188435932453449,0.748945397483477,43,ABL1;BRCA1;PIAS4;BABAM1;H2AX;KPNA2;H2BC12;KDM4A;UBXN1;NSD2;PPP5C;TP53BP1;H2BC5;BAP1
REACTOME_DNA_REPAIR,0.725146198830409,1,0.0795564677235957,-0.161428828151556,-0.907484580569652,198,FANCL;POT1;PIAS1;RFC5;FTO;OGG1;MAPK8;NBN;CUL4B;RNF111;RPA3;TOPBP1;UBE2V2;SMARCA5;POLB;POLR2K;PARP2;UBE2N;RAD17;AQR;ATR;DCLRE1A;REV3L;HUS1;SPIDR;ERCC4;MDC1;SUMO1;TERF2IP;UBB;GTF2H1;CETN2;ASCC3;TCEA1
REACTOME_DNA_REPLICATION,0.9375,1,0.0629394692018967,-0.151622302021076,-0.759203149796307,103,RFC5;ORC3;UBE2E1;CDC16;RPA3;POLA1;KPNA1;ORC4;CDC23;PRIM1;SSBP1;SKP2;PSMD12;GMNN;PSMA1;UBB;PSMA3;SEM1;GINS3;PSMB1;PSMA2;CDC27;H2BC21;PSMA4
REACTOME_DNA_REPLICATION_PRE_INITIATION,0.735751295336788,1,0.0725351864394589,-0.182733668093547,-0.873683252198734,78,ORC3;UBE2E1;CDC16;RPA3;POLA1;KPNA1;ORC4;CDC23;PRIM1;PSMD12;GMNN;PSMA1;UBB;PSMA3;SEM1;PSMB1;PSMA2;CDC27;H2BC21;PSMA4
REACTOME_DOWNREGULATION_OF_ERBB2_SIGNALING,0.804347826086957,1,0.0474483193656297,0.225957599948675,0.753576950288559,21,AKT1;MATK;AKT2;STUB1;ERBB2
REACTOME_DOWNSTREAM_SIGNALING_EVENTS_OF_B_CELL_RECEPTOR_BCR,0.84010152284264,1,0.0649407684612899,-0.175124324682642,-0.792635384506298,60,PPP3CB;CALM1;PPIA;MALT1;NFATC3;PSMD12;KRAS;PSMA1;UBB;PSMA3;SEM1;BCL10;PSMB1;PSMA2
REACTOME_DOWNSTREAM_SIGNALING_OF_ACTIVATED_FGFR2,0.780821917808219,1,0.0633597010643758,-0.249181253754519,-0.790059814797289,16,GAB1;SOS1;FRS2;KRAS
REACTOME_DOWNSTREAM_SIGNALING_OF_ACTIVATED_FGFR3,0.828235294117647,1,0.0619762736001998,-0.236162948800076,-0.73242718111252,15,GAB1;SOS1;FRS2;KRAS
REACTOME_DOWNSTREAM_TCR_SIGNALING,0.762057877813505,1,0.0481183992657975,0.189898619011605,0.839055801745298,70,IKBKG;PIK3R2;PSMC4;PSMD2;PSMC3;CD247;PSMA7;PDPK1;CDC34;PSMD13;INPP5D;ADRM1;HLA-DQB2
REACTOME_DUAL_INCISION_IN_TC_NER,0.872860635696821,1,0.0613026075396207,-0.175555012692657,-0.775366771848311,52,RFC5;CUL4B;RPA3;POLR2K;AQR;ERCC4;UBB;GTF2H1;TCEA1
REACTOME_EGR2_AND_SOX10_MEDIATED_INITIATION_OF_SCHWANN_CELL_MYELINATION,0.785095320623917,1,0.0501934252649434,0.239792152098424,0.750391078533494,17,PRX;SREBF2
REACTOME_ENDOSOMAL_SORTING_COMPLEX_REQUIRED_FOR_TRANSPORT_ESCRT,0.694915254237288,1,0.0547939500773363,0.257614613351379,0.842793352521039,20,CHMP6;VPS4A;SNF8;HGS;MVB12B;VPS37B
REACTOME_EPH_EPHRIN_MEDIATED_REPULSION_OF_CELLS,0.809364548494983,1,0.0471642455670861,0.198254147437694,0.782438367239497,41,VAV2;MMP9;PSEN2;AP2M1
REACTOME_EPH_EPHRIN_SIGNALING,0.963022508038585,1,0.0373806494758473,0.149447797416088,0.673772034498426,76,VAV2;MMP9;PSEN2;ARPC1B;CFL1;AP2M1;HRAS;MYH9;ARPC2;RHOA;CLTB;ARPC5;ARPC1A;AP2A2;AP2S1;GIT1;EPHA1;PTK2
REACTOME_EPIGENETIC_REGULATION_OF_GENE_EXPRESSION,0.755882352941176,1,0.0776798560117236,-0.160439967646239,-0.887910732206588,179,ZCCHC8;PPARGC1A;MED13;SIRT1;NCOR1;EZH1;SAP130;CREBBP;SMARCA5;POLR2K;TBL1X;MTF2;NCOA2;ARID4B;ZNF93;ZZZ3;SMARCE1;SS18;DEK;OGT;NCOA3;POLR1D;MED31;PHLDA1;ASH2L;MED1;MED7;GTF2H1;MED6;KAT2B;SS18L1;SUV39H1;SUZ12;NR5A2;MTREX;GSK3B;TET3;DDX21;H2BC21;SMARCC1;NCOA6;DPF3;CBX3;KDM6A;EP300;WDR82;ATF7IP;SMARCA2;SMARCD1;ZNF331;SAP18;ZNF669;MPHOSPH8;PHF1;SF3B1
REACTOME_ESTROGEN_DEPENDENT_GENE_EXPRESSION,0.900974025974026,1,0.0409055783172035,0.165292329499403,0.746976076834656,78,CCND1;PRMT1;CDK9;CTSD;H2AX;POLR2D;POLR2E;BCL2;KPNA2;H2BC12;DDX5;USF2;GTF2F1;H3-3B;CARM1;POLR2L;FOXA1;TLE3;HDAC1;AXIN1;H2BC5;POLR2J;TNRC6B;HSP90AB1;POLR2I
REACTOME_FBXL7_DOWN_REGULATES_AURKA_DURING_MITOTIC_ENTRY_AND_IN_EARLY_MITOSIS,0.979933110367893,1,0.0383995813369433,0.149551140587537,0.591970407037472,40,PSMC4;PSMD2;PSMC3;PSMA7;PSMD13;FBXL18;ADRM1
REACTOME_FCERI_MEDIATED_CA_2_MOBILIZATION,0.763385146804836,1,0.0513223330421143,0.227968905245193,0.798802069318474,25,VAV2;PLCG1;SHC1;LAT
REACTOME_FCERI_MEDIATED_NF_KB_ACTIVATION,0.927066450567261,1,0.0395172228473919,0.164924194424719,0.70033102355255,57,IKBKG;PSMC4;PSMD2;PSMC3;PSMA7;PDPK1;CDC34;PSMD13
REACTOME_FCGR3A_MEDIATED_IL10_SYNTHESIS,1,1,0.0400031517498194,0.118058994424174,0.415530980035676,26,PLCG1;CD247;HCK;FGR;PRKAR1A
REACTOME_FC_EPSILON_RECEPTOR_FCERI_SIGNALING,0.796147672552167,1,0.0460457683018055,0.1774550848065,0.831119579111423,98,IKBKG;VAV2;PIK3R2;PLCG1;SHC1;PSMC4;PSMD2;HRAS;PSMC3;LAT;PSMA7;PDPK1;CDC34;MAP2K7
REACTOME_FORMATION_OF_FIBRIN_CLOT_CLOTTING_CASCADE,0.836405529953917,1,0.0605092988656667,-0.193186987075807,-0.755975896072986,31,TFPI;F5;SERPINC1;F9;F8;KNG1;F7;PROS1
REACTOME_FORMATION_OF_NEURONAL_PROGENITOR_AND_NEURONAL_BAF_NPBAF_AND_NBAF,0.729349736379613,1,0.0542315935495841,0.247489658134144,0.78452640903728,18,SMARCB1;BCL7B;BCL7C;SMARCC2;ARID1A;DPF2
REACTOME_FORMATION_OF_PARAXIAL_MESODERM,0.9725,1,0.0572461135202885,-0.151971299828211,-0.644739083630194,46,CREBBP;MAMLD1;PSMD12;RBPJ;PSMA1;PSMA3;KAT2B;SEM1;PSMB1;PSMA2;PSMA4;EP300;SNW1;PSMC2;PSMD14;PSMA5;PSMB5
REACTOME_FORMATION_OF_TC_NER_PRE_INCISION_COMPLEX,0.983164983164983,1,0.0385579101998489,0.148154020755416,0.594181458122993,45,USP7;COPS7B;GPS1;POLR2D;ERCC2;POLR2E
REACTOME_FORMATION_OF_THE_BETA_CATENIN_TCF_TRANSACTIVATING_COMPLEX,0.971896955503513,1,0.0542315935495841,-0.15696823883037,-0.622929663778998,33,TCF7L1;CREBBP;TCF4;ASH2L;TLE4;TCF7L2;H2BC21;EP300
REACTOME_FORMATION_OF_THE_CANONICAL_BAF_CBAF_COMPLEX,0.844020797227037,1,0.0468819856878333,0.233944301739049,0.706940381680064,15,SMARCB1;BCL7B;BCL7C;ARID1A;DPF2
REACTOME_FORMATION_OF_TUBULIN_FOLDING_INTERMEDIATES_BY_CCT_TRIC,0.9701230228471,1,0.0411544018789903,0.17378687281283,0.550893286990476,18,CCT7;TUBB4B;TUBA3C;TCP1;CCT5;TUBA4A;CCT4;CCT3
REACTOME_G1_S_DNA_DAMAGE_CHECKPOINTS,0.828711256117455,1,0.0449543067640062,0.187864109456912,0.790306197466543,55,CDKN1A;PLK3;PSMC4;PSMD2;PSMC3;PSMA7;PSMD13;ADRM1;MAPK11;PSMD8;PCBP4;PSMD3
REACTOME_G2_M_CHECKPOINTS,0.675257731958763,1,0.0766746872490091,-0.18122341260759,-0.890275547918099,89,RFC5;ORC3;NBN;RPA3;TOPBP1;UBE2V2;UBE2N;RAD17;ORC4;ATR;HUS1;MDC1;PSMD12;PSMA1;UBB;PSMA3
REACTOME_GABA_B_RECEPTOR_ACTIVATION,0.91864406779661,1,0.0419926218968594,0.197702288171113,0.646788519025297,20,GNB2;GNAI2;KCNJ4;GNG7;GNB5
REACTOME_GABA_RECEPTOR_ACTIVATION,0.937810945273632,1,0.0587185879555941,-0.183751800917344,-0.646761774266506,23,NPTN;ARHGEF9;GNAI3;GABBR1;KCNJ3
REACTOME_GAP_FILLING_DNA_REPAIR_SYNTHESIS_AND_LIGATION_IN_GG_NER,0.908415841584158,1,0.059989249649033,-0.196061664372148,-0.669606683532958,21,RFC5;RPA3
REACTOME_GASTRIN_CREB_SIGNALLING_PATHWAY_VIA_PKC_AND_MAPK,0.81629116117851,1,0.0484087618816951,0.244265958981863,0.73813069602653,15,RPS6KA1;HRAS;MAPK3;MAPK7
REACTOME_GASTRULATION,0.987240829346092,1,0.0358449292332649,0.136500891471064,0.607410306524831,72,CLDN7;PSMC4;PSMD2;PSMC3;CDH1;PSMA7;PSMD13;NOTCH1;FOXA2;ADRM1;GATA4;FOXA1;KAT2A;PSMD8;PSMD3;SMAD3;PSMB3;ZIC1;EPHA4;LHX1;TBX6;PSMD7;PSMC5;PSMB4;FOXC1;SNAI1;LFNG;MAML3
REACTOME_GLUCAGON_LIKE_PEPTIDE_1_GLP1_REGULATES_INSULIN_SECRETION,0.81592039800995,1,0.0653834195468773,-0.221002047463166,-0.777873607878833,23,RAP1A;IQGAP1;RAPGEF3;PRKAR2A;ITPR3;KCNB1;PRKACB;PRKACA
REACTOME_GLUTAMATE_NEUROTRANSMITTER_RELEASE_CYCLE,0.771689497716895,1,0.0639271933359996,-0.251602102383612,-0.797735413144817,16,ARL6IP5;GLS2;SLC38A2;SLC1A2
REACTOME_GROWTH_HORMONE_RECEPTOR_SIGNALING,0.772881355932204,1,0.0498907356726307,0.239256495097675,0.782734259491588,20,STAT3;SH2B1;PTPN6;MAPK3;CISH;SOCS3;GHR;SOCS1
REACTOME_GSK3B_MEDIATED_PROTEASOMAL_DEGRADATION_OF_PD_L1_CD274,0.992574257425743,1,0.055826471778749,-0.137972835817405,-0.574010000069847,41,PSMD12;PSMA1;UBB;PSMA3;SEM1;GSK3B;PSMB1;PSMA2;PSMA4;SKP1;PSMC2;PSMD14;COPS5;PSMA5;PSMB5
REACTOME_G_ALPHA_S_SIGNALLING_EVENTS,0.975845410628019,1,0.0368389606870506,0.142467810141419,0.62188836829274,65,GNB2;SHC1;AVP;POMC;GNAI2;HTR7;GRK6;GNAS;GIPR;GCGR;PTH1R;PDE11A;GNG7;GNB5;PRKAR1A;GPER1;GPR27;AVPR2;PTGER4;MC1R;GRK5;GNAZ;ADCY3;LHB;GNB1;ITGA5;RAMP2
REACTOME_G_PROTEIN_MEDIATED_EVENTS,0.856164383561644,1,0.0456790414930062,0.192004435171522,0.730443899967173,34,CAMKK2;PLCB3;GNA11;GNAI2;KPNA2;CAMK2B
REACTOME_HATS_ACETYLATE_HISTONES,0.906005221932115,1,0.0626618230932492,-0.162584605119021,-0.756978735323713,68,ENY2;JADE3;SAP130;KAT7;CREBBP;NCOA2;ZZZ3;OGT;ING3;KAT2B;ELP4;MSL2;JADE1;H2BC21;EP300;KAT6A
REACTOME_HDACS_DEACETYLATE_HISTONES,0.694300518134715,1,0.0557104226766671,0.233670442069139,0.851004626731835,29,GATAD2A;MBD3;BRMS1;H2AC15;H2BC12;RBBP4;HDAC1;NCOR2;H2BC5;HMG20B;H2AC6;H3C6;CHD4;PHF21A
REACTOME_HDMS_DEMETHYLATE_HISTONES,0.86318407960199,1,0.0626618230932492,-0.209470288600854,-0.737284613458269,23,KDM3A;ARID5B;PHF8
REACTOME_HEDGEHOG_LIGAND_BIOGENESIS,0.911519198664441,1,0.0416556773979467,0.180948749975952,0.718282189865045,42,P4HB;PSMC4;PSMD2;VCP;PSMC3;PSMA7;PSMD13
REACTOME_HEDGEHOG_ON_STATE,0.901515151515152,1,0.0613026075396207,-0.165869842973745,-0.73710023056676,53,IHH;GAS1;PSMD12;PSMA1;UBB;PSMA3;CUL3;SEM1;PSMB1;PSMA2;PSMA4;ITCH;PSMC2;CDON;PSMD14;GLI1;PSMA5;PSMB5
REACTOME_HH_MUTANTS_ABROGATE_LIGAND_SECRETION,0.979933110367893,1,0.0383995813369433,0.152588183958632,0.603991979012878,40,PSMC4;PSMD2;VCP;PSMC3;PSMA7;PSMD13
REACTOME_HIV_TRANSCRIPTION_INITIATION,0.88,1,0.0590954798717342,-0.186784842850708,-0.752533997235916,35,GTF2B;POLR2K;TAF5;TAF9B;GTF2H1;GTF2A2
REACTOME_HSF1_ACTIVATION,0.711666666666667,1,0.0529129848430584,0.234932949052824,0.809983564792521,23,DNAJB1;HSF1;VCP;SERPINH1
REACTOME_HSP90_CHAPERONE_CYCLE_FOR_STEROID_HORMONE_RECEPTORS_SHR_IN_THE_PRESENCE_OF_LIGAND,0.741989881956155,1,0.051530912208539,0.211776652424613,0.827065039946031,38,STIP1;DNAJB1;ACTR1A;HSPA8;DYNC1H1;CAPZB;DNAJA1;TUBB4B;TUBA3C;DCTN2;DNAJA2;HSP90AB1;DCTN1;DCTN5;DYNLL1;TUBA4A
REACTOME_IKK_COMPLEX_RECRUITMENT_MEDIATED_BY_RIP1,0.856470588235294,1,0.0603786357920401,-0.22720306678453,-0.732971521494265,17,UBE2N;BIRC2;TRAF6;UBB
REACTOME_INACTIVATION_OF_CSF3_G_CSF_SIGNALING,0.750836120401338,1,0.0506004243853618,0.234179549316836,0.792178356935229,22,STAT3;TYK2;HCK;ELOB;CSF3R;SOCS3;SOCS1
REACTOME_INFECTION_WITH_MYCOBACTERIUM_TUBERCULOSIS,0.954849498327759,1,0.0395979123961192,0.178957210328224,0.605373224319094,22,CORO1A;ENO1;HGS;MAPK3
REACTOME_INHIBITION_OF_DNA_RECOMBINATION_AT_TELOMERE,0.715025906735751,1,0.0543434390269162,0.23048452894238,0.839401846392012,29,H2AX;POLR2D;POLR2E;H2BC12;H3-3B;POLR2L;TINF2;DAXX;H2BC5;POLR2J;POLR2I;H2AC6;ACD
REACTOME_INTEGRATION_OF_ENERGY_METABOLISM,0.919614147909968,1,0.0395172228473919,0.163171892933192,0.72096534540354,70,PPP2R1A;GNB2;ACLY;PLCB3;STK11;GNA11;ADRA2C;FASN;GNAI2;TKT
REACTOME_INTERCONVERSION_OF_NUCLEOTIDE_DI_AND_TRIPHOSPHATES,0.707692307692308,1,0.0543434390269162,0.252514765487804,0.816238156663707,19,NME3;DTYMK;TYMS;GUK1;GSR;NME4;DUT;DCTPP1
REACTOME_INTERFERON_ALPHA_BETA_SIGNALING,0.884176182707994,1,0.0419926218968594,0.176256639018652,0.74147592408018,55,IP6K2;HLA-F;BST2;IRF7;IFI35;IFI27;PTPN6;IFITM1;TYK2;IRF3;STAT2
REACTOME_INTERFERON_GAMMA_SIGNALING,0.983870967741936,1,0.0365314928349125,0.143344827872337,0.625352137371012,66,HLA-F;IFI30;IFNGR2;IRF7;TRIM8;PTPN6;PTAFR;CAMK2B;IRF3;MAPK3;HLA-DQB2;PRKCD;SOCS3;TRIM45;ICAM1;SOCS1;IRF1;CAMK2G;YBX1
REACTOME_INTERLEUKIN_1_FAMILY_SIGNALING,0.960254372019078,1,0.036993251998507,0.151671722528757,0.716826519391221,101,IKBKG;TOLLIP;STAT3;PSMC4;IL18BP;PSMD2;PSMC3;PTPN6;PSMA7;SQSTM1;AGER;NFKB2;TRAF2;MAP3K3;PSMD13;NFKBIB;NLRX1;ADRM1;GSDMD;CASP1;IL1RL2;PSMD8;PTPN18;PSMD3;SMAD3;NKIRAS2
REACTOME_INTERLEUKIN_1_SIGNALING,0.901134521880065,1,0.0408229003677776,0.163338488373116,0.746931337862875,82,IKBKG;TOLLIP;PSMC4;PSMD2;PSMC3;PSMA7;SQSTM1;AGER;NFKB2;TRAF2;MAP3K3;PSMD13;NFKBIB;NLRX1
REACTOME_INTERLEUKIN_6_FAMILY_SIGNALING,0.872941176470588,1,0.059476028695732,-0.225733616886141,-0.700082030387472,15,JAK1;IL6ST;PTPN11;STAT1;IL6R;CNTFR
REACTOME_INTERLEUKIN_7_SIGNALING,0.807058823529412,1,0.0632191170859458,-0.236079119103971,-0.761606229931599,17,IRS1;IRS2;JAK1;SOCS2
REACTOME_INTRINSIC_PATHWAY_OF_FIBRIN_CLOT_FORMATION,0.857627118644068,1,0.0451344222209097,0.218779049495513,0.715741728262103,20,C1QBP;GP9;SERPING1;F2;GP1BA
REACTOME_INWARDLY_RECTIFYING_K_CHANNELS,0.977168949771689,1,0.052805004567129,-0.168723565231366,-0.534958816885772,16,KCNJ8;GABBR1;KCNJ3;KCNJ2;KCNJ10
REACTOME_IRAK4_DEFICIENCY_TLR2_4,0.81629116117851,1,0.0484087618816951,0.243505717313406,0.735833373410535,15,S100A9;S100A8;CD14;CD36
REACTOME_KERATAN_SULFATE_BIOSYNTHESIS,0.709006928406467,1,0.0686325631836726,-0.249118456161011,-0.834048539119039,18,ST3GAL6;B3GNT2;SLC35D2;B4GALT5
REACTOME_KERATAN_SULFATE_KERATIN_METABOLISM,0.964912280701754,1,0.0577308549299813,-0.172169135126572,-0.609743558113013,24,ST3GAL6;B3GNT2
REACTOME_KINESINS,0.904682274247492,1,0.042077210988939,0.195081995469653,0.650605667769616,21,KLC2;TUBB4B;KIF5B;TUBA3C;KIF1C;KIF22
REACTOME_L1CAM_INTERACTIONS,0.855191256830601,1,0.0676760401641789,-0.16929764080196,-0.795311425116771,73,RPS6KA6;DLG1;ANK2;RANBP9;ANK3;SHTN1;RDX;ALCAM;SCN8A;DNM1;RAC1;AP2B1;ITGB1;CNTNAP1;TUBB6;TUBB4A;SDCBP
REACTOME_LATE_SARS_COV_2_INFECTION_EVENTS,0.76510067114094,1,0.0498907356726307,0.200794808806725,0.813404412088485,47,PRMT1;PARP6;MOGS;RPN1;MGAT4B;FURIN;MGAT1
REACTOME_MAP2K_AND_MAPK_ACTIVATION,0.993023255813953,1,0.0529129848430584,-0.146154225616061,-0.575977999778028,32,RAP1A;LAMTOR3;KRAS;IQGAP1
REACTOME_MAPK1_MAPK3_SIGNALING,0.827380952380952,1,0.0736212741014394,-0.156544846266689,-0.862439320518618,177,MET;ERBB3;RAP1A;IRS1;DLG1;LAMTOR3;PPP2R5A;CALM1;RANBP9;IRS2;SPRED2;LYPLA1;IL2RA;CAMK2A;RASA1;SOS1;JAK1;FRS2;PPP1CB;PSMD12;IL6ST;KRAS;PPP2R5C;IQGAP1;PSMA1;PDGFRA;UBB;SHC3;PSMA3;RAPGEF2;PTPN3;CUL3;SEM1;ABHD17B;PSMB1;PTPN11;PSMA2;GFRA4;GFRA3
REACTOME_MATERNAL_TO_ZYGOTIC_TRANSITION_MZT,0.895522388059702,1,0.0609039347452418,-0.172161033744807,-0.730144482510892,44,TUT7;CNOT4;CREBBP;CNOT2;EIF4E;TUT4;TET3;DICER1;H2BC21;KDM6A;EP300;CNOT6;CNOT9
REACTOME_MATURATION_OF_SARS_COV_2_SPIKE_PROTEIN,0.822107081174439,1,0.047925896705813,0.213815142390634,0.749207344789249,25,MOGS;RPN1;MGAT4B;MGAT1;MAN1B1;ST3GAL4;EDEM2;MGAT2;ZDHHC3;ST6GALNAC4
REACTOME_METABOLIC_DISORDERS_OF_BIOLOGICAL_OXIDATION_ENZYMES,0.882352941176471,1,0.0589694466690997,-0.223513249834879,-0.693195864760503,15,MAOA;GCLC
REACTOME_METABOLISM_OF_COFACTORS,0.901694915254237,1,0.042845050912155,0.202167646110572,0.661397061370951,20,NOS3;AKT1
REACTOME_METABOLISM_OF_NUCLEOTIDES,0.813915857605178,1,0.0454059226590179,0.184130681444187,0.808684162898636,69,CAD;DHODH;NUDT18;UPP1;TK1;ENTPD7;ENTPD2;IMPDH1;NME3;AMPD2;ENTPD6;APRT;DTYMK;TYMS;GUK1;GSR;UCKL1;DPYS;ADA;NME4;NUDT1;AMPD3;TK2
REACTOME_METABOLISM_OF_WATER_SOLUBLE_VITAMINS_AND_COFACTORS,0.688311688311688,1,0.0760837160951725,-0.184866276963216,-0.889519238314145,82,MCCC1;ENPP1;SLC19A2;MTRR;LMBRD1;NT5E;MOCS2;TPK1;ENPP3;NAMPT;MMUT;NMRK1
REACTOME_METALLOPROTEASE_DUBS,0.721631205673759,1,0.0551351763385257,0.258522243465623,0.795447056462339,16,BRCA1;BABAM1;H2AC15
REACTOME_METAL_ION_SLC_TRANSPORTERS,0.919732441471572,1,0.0413209506074822,0.190715686113,0.63604386462712,21,SLC39A7;SLC39A1;SLC8B1;SLC11A1
REACTOME_MET_PROMOTES_CELL_MOTILITY,0.797927461139896,1,0.0492917662312669,0.215326126161422,0.784196443491105,29,LAMA5;CRK;RAPGEF1;COL5A3;LAMB2;COL1A1;LAMA2;PTK2;LAMA3;CRKL;LAMC3;COL3A1
REACTOME_MICRORNA_MIRNA_BIOGENESIS,0.944540727902946,1,0.0417397034728504,0.191666801638184,0.599790513333014,17,POLR2D;POLR2E;TARBP2;POLR2L;POLR2J;POLR2I
REACTOME_MITF_M_REGULATED_MELANOCYTE_DEVELOPMENT,0.712290502793296,1,0.0780892306943345,-0.174644328423499,-0.890688843736666,117,DARS1;MET;CDH2;PPARGC1A;SIRT1;DCT;MLPH;TCF7L1;ZEB1;CREBBP;CEACAM1;AIMP1;SMARCE1;SS18;ATP6V1A;DIAPH1;ATP6V1H;ATP6V1D;SUMO1;AKT3;XPO1;ATP6V0E1;SS18L1;ATP6AP2;GSK3B;TCF7L2;MITF;DICER1;KARS1;SMARCC1;DPF3;EP300;EPRS1;AGO3;SMARCA2;SMARCD1;GPR143
REACTOME_MITOCHONDRIAL_PROTEIN_IMPORT,0.798657718120805,1,0.047925896705813,0.194915859373175,0.789589237602093,47,TIMM13;TOMM40;PMPCA;ACO2;CYC1;GFER;TIMM44;IDH3G;SLC25A6;TIMM10B;ATP5F1A;ATP5F1B;HSPA9;NDUFB8;TOMM22;TIMM17B;CHCHD2;VDAC1;TIMM50
REACTOME_MITOTIC_G1_PHASE_AND_G1_S_TRANSITION,0.75,1,0.048701086452153,0.181446738218351,0.852794783769678,99,CDKN1A;CCND1;PPP2R1A;MCM7;ABL1;AKT1;TK1;PSMC4;PSMD2;MCM3;AKT2;PSMC3;PSMA7;CCND3;MCM5
REACTOME_MITOTIC_G2_G2_M_PHASES,0.71875,1,0.0494904866135495,0.177366427110506,0.873657798727498,131,CDKN1A;PPP2R1A;SSNA1;SFI1;ACTR1A;FKBPL;CDK5RAP2;PSMC4;PSMD2;DYNC1H1;PSMC3;CDK11B;PSMA7;CSNK1D;FZR1;TUBG2;PSMD13;FBXL18;ADRM1;TUBB4B;OPTN;HAUS5;TUBA3C;TUBG1;NDE1;HAUS2;TUBGCP2;DCTN2;RBBP4;MZT2B
REACTOME_MRNA_SPLICING,0.895953757225434,1,0.0681513438679483,-0.152747542624763,-0.825285501895799,161,SNRPE;U2SURP;LSM3;PRPF18;GCFC2;SRSF7;SRRM1;RBMX2;POLR2K;AQR;PPIG;LSM6;HNRNPU;HNRNPA1;SNRPB2;PRPF3;WDR70;LUC7L3;RBM25;SNRPA1;UPF3B;PRP4K;DHX15;STEEP1;SNRPD2;SRSF11;SF3A3;RBM5;PRPF4;MTREX;SF3A2;LSM5;SNRPD3;DHX35;SMNDC1;SRRM2;SRSF2;HNRNPK;DNAJC8;SRSF3;DDX46;SAP18;SNRPF;HNRNPD;SF3B1;SNW1;SNRNP27;BCAS2
REACTOME_MUSCLE_CONTRACTION,0.926630434782609,1,0.0635007968065945,-0.154432659514767,-0.773275171080931,103,KCND3;DMD;ASPH;MME;CALM1;ATP1A2;ATP1B2;ATP1B1;FXYD3;CAMK2A;FXYD7;MYL12A;GUCY1B1;SCN8A;CACNB2;TPM1;KAT2B
REACTOME_M_DECAY_DEGRADATION_OF_MATERNAL_MRNAS_BY_MATERNALLY_STORED_FACTORS,0.938461538461539,1,0.0414044273760278,0.193173697375699,0.624421872349752,19,EIF4G1;POLR2D;RPS2;PABPC1;EIF4A3
REACTOME_NEGATIVE_EPIGENETIC_REGULATION_OF_RRNA_EXPRESSION,0.835016835016835,1,0.0460457683018055,0.192574979071343,0.772334637151129,45,UBTF;H2AX;ERCC2;DNMT1;POLR2E;H2BC12;SIN3B;H3-3B;ERCC3;POLR2L;POLR1C;HDAC1;H2BC5;POLR1E;GTF2H4;SAP30BP;H2AC6;H3C6;GTF2H3;H2AZ2;POLR1B;RRP8
REACTOME_NEGATIVE_REGULATION_OF_FGFR1_SIGNALING,0.966426858513189,1,0.0555947097758869,-0.172591291516421,-0.581534535066772,19,FRS2;UBB;PTPN11;PPP2CB
REACTOME_NEGATIVE_REGULATION_OF_FGFR2_SIGNALING,0.998305084745763,1,0.0381628909049257,0.141163200051848,0.46181932413136,20,PPP2R1A
REACTOME_NEGATIVE_REGULATION_OF_FGFR3_SIGNALING,0.991452991452991,1,0.038875878582578,0.153576887706951,0.496427666263046,19,PPP2R1A;MAPK3;FGFR3
REACTOME_NEGATIVE_REGULATION_OF_FGFR4_SIGNALING,0.891525423728814,1,0.0433636987883266,0.206125840327555,0.674346403532337,20,PPP2R1A;FGFR4
REACTOME_NEGATIVE_REGULATION_OF_NOTCH4_SIGNALING,0.974916387959866,1,0.03863723737086,0.15857367125469,0.625833688864874,41,AKT1;PSMC4;PSMD2;PSMC3;PSMA7;PSMD13
REACTOME_NEGATIVE_REGULATION_OF_THE_PI3K_AKT_NETWORK,0.7,1,0.0758886900606117,-0.184590952100697,-0.878890450494027,76,MET;GAB1;ERBB3;IRS1;PPP2R5A;PHLPP1;IRS2;IL1RAP;PIP5K1A;TRAF6;FRS2;PPP2R5C;PDGFRA;AKT3;RAC1;STRN;ESR1;PTPN11;PPP2CB;PIP4K2C
REACTOME_NERVOUS_SYSTEM_DEVELOPMENT,0.681003584229391,1,0.0943563635421779,-0.154019782989601,-0.944172367181851,407,TIAM1;ADGRG6;MET;SEMA5A;RPS6KA6;PPP3CB;PRKCA;GAB1;RPL41;DLG1;PFN2;RPL7;ANK2;USP33;NCK1;RANBP9;ROCK1;RPS13;RPL37A;RPS23;RPS3A;ANK3;SHTN1;SOS2;IRS2;UPF2;RPS6;RDX;RPL24;ADAM10;MYH10;RASA1;SOS1;NELL2;NAB1;ARHGEF28;ROCK2;MYL12A;FRS2;RPS15A;DSCAM;ALCAM;PSMD12;GRB10;SCN8A;RPL12;EPHB1;KRAS;SEMA6D;PSMA1;UBB;RPS4X;CLASP2;UPF3B;CACNB2;SHC3;CAP2;DOCK1;RPL7A;RPL30;PSMA3;KALRN;RPS17;DAB1;DNM1;ARHGEF12;GSPT1;RAC1;PRKAR2A;AP2B1;ITGB1;SEM1;ENAH;GSK3B;SIAH1;CNTNAP1;RPL36AL;RPL22;APH1B;RELN;PSMB1;RPS24;TUBB6;GSPT2;PTPN11;TUBB4A;SRGAP3;PSMA2;PMP22;GFRA4;GFRA3;RPS3;SDCBP;RPS7;RPL9;COL9A3;CACNB1;CDC42;PSMA4
REACTOME_NEUREXINS_AND_NEUROLIGINS,0.753731343283582,1,0.0692836467392548,-0.230521975284355,-0.811381444960064,23,PDLIM5;EPB41L5;EPB41L2;NRXN1
REACTOME_NGF_STIMULATED_TRANSCRIPTION,0.99469964664311,1,0.0402477565068868,0.142381710527824,0.501139383774627,26,JUNB;ID1;SGK1;SRF;VGF;NAB2;CDK5;CDK5R1;ID2
REACTOME_NICOTINATE_METABOLISM,0.81629116117851,1,0.0484087618816951,0.244455555955705,0.738703626232811,15,NADK;PARP6;NADSYN1;NNMT;NAXD;QPRT
REACTOME_NOD1_2_SIGNALING_PATHWAY,0.752886836027714,1,0.0656813601934011,-0.214853208530078,-0.801688829659932,27,MAPK13;MAP2K6;UBE2N;BIRC2;TRAF6;UBB
REACTOME_NONHOMOLOGOUS_END_JOINING_NHEJ,0.785837651122625,1,0.0499913914024592,0.218669689242923,0.796373369365559,29,XRCC6;BRCA1;PIAS4;BABAM1;H2AX
REACTOME_NONSENSE_MEDIATED_DECAY_NMD,0.685185185185185,1,0.077274697304471,-0.180550318664044,-0.892251147782606,94,RPL41;RPL7;RPS13;RPL37A;RPS23;RPS3A;UPF2;RPS6;RPL24;RPS15A;RPL12;RPS4X;UPF3B;RPL7A;RPL30;RPS17;GSPT1;RPL36AL;RPL22;RPS24;GSPT2;RPS3;RPS7;RPL9;RPL26L1;PPP2R2A;RPL5;RPL10;RPL14;RPS27;DCP1A;ETF1;UPF3A
REACTOME_NOTCH2_ACTIVATION_AND_TRANSMISSION_OF_SIGNAL_TO_THE_NUCLEUS,0.885844748858447,1,0.0573667426768556,-0.215990669733886,-0.68482498565485,16,ADAM10;NOTCH2;UBB;APH1B
REACTOME_NOTCH3_ACTIVATION_AND_TRANSMISSION_OF_SIGNAL_TO_THE_NUCLEUS,0.994800693240901,1,0.0393561959521291,0.145242937473074,0.454514476583279,17,PSEN2
REACTOME_NOTCH3_INTRACELLULAR_DOMAIN_REGULATES_TRANSCRIPTION,0.940047961630695,1,0.0568864160475701,-0.189189691599299,-0.637461707233104,19,CREBBP;MAMLD1;RBPJ;KAT2B;STAT1;EP300;SNW1
REACTOME_NRAGE_SIGNALS_DEATH_THROUGH_JNK,0.792294807370184,1,0.0482149710025565,0.203324696996733,0.790286154507624,37,ARHGEF16;VAV2;ABR
REACTOME_NRIF_SIGNALS_CELL_DEATH_FROM_THE_NUCLEUS,0.808219178082192,1,0.0617054053637523,-0.241007172047991,-0.764142883319128,16,MAPK8;TRAF6;UBB;ITGB3BP;APH1B
REACTOME_NUCLEOTIDE_SALVAGE,0.719237435008666,1,0.0542315935495841,0.257631613967305,0.806216813091947,17,UPP1;TK1;AMPD2;APRT;UCKL1;ADA;AMPD3;TK2
REACTOME_N_GLYCAN_TRIMMING_IN_THE_ER_AND_CALNEXIN_CALRETICULIN_CYCLE,0.858131487889273,1,0.0460457683018055,0.207688516487339,0.745148090249469,28,MOGS;VCP;CALR;UBXN1;MAN1B1;DERL1;MLEC;AMFR;EDEM2
REACTOME_ONCOGENE_INDUCED_SENESCENCE,0.750847457627119,1,0.0512184348540341,0.245565476188318,0.803374266109233,20,ETS2;ID1;MAPK3;CDKN2D;TNRC6B;CDK4;E2F1;MAPK1
REACTOME_ONCOGENIC_MAPK_SIGNALING,0.820224719101124,1,0.0446854397644147,0.181252084434922,0.787655679915982,64,SND1;DUSP8;MRAS;DUSP9;HRAS;ARAF;CSK;LMNA;CAMK2B;MAP3K11;MAP2K2;MAPK3;PHB1
REACTOME_ORC1_REMOVAL_FROM_CHROMATIN,0.940594059405941,1,0.0396787203613389,0.159798594184198,0.659057815811002,50,MCM7;PSMC4;PSMD2;MCM3;PSMC3;PSMA7;MCM5;PSMD13
REACTOME_OXIDATIVE_STRESS_INDUCED_SENESCENCE,0.876019575856444,1,0.0424170054438747,0.176077546404666,0.750462349221697,58,PHC2;KDM6B;H2AX;MAP2K7;H2BC12;H3-3B;MAPK3;SCMH1;CDKN2D;MAP2K3;CBX4;RBBP4;MAPK11;CBX6;MAPKAPK2;H2BC5;TNRC6B;MAPKAPK3;H2AC6;H3C6;CDK4;H2AZ2;E2F1;MAPK1
REACTOME_O_LINKED_GLYCOSYLATION,0.791773778920309,1,0.0684714904492088,-0.182947277144683,-0.816280055935885,55,ADAMTSL3;SEMA5A;LARGE1;C1GALT1C1;B3GNT2
REACTOME_O_LINKED_GLYCOSYLATION_OF_MUCINS,0.921985815602837,1,0.0571258510018113,-0.185058501654895,-0.670009840662214,25,C1GALT1C1;B3GNT2;B4GALT5;GALNT14;GALNT1;ST6GAL1;ST6GALNAC2
REACTOME_P53_DEPENDENT_G1_DNA_DAMAGE_RESPONSE,0.82,1,0.0464154956843849,0.196536019743385,0.78546820142571,44,CDKN1A;PSMC4;PSMD2;PSMC3;PSMA7;PSMD13;ADRM1;PSMD8;PCBP4;PSMD3
REACTOME_P75NTR_SIGNALS_VIA_NF_KB,1,1,0.0401660980049421,0.128684561890573,0.395949511329432,16,SQSTM1;NGFR;RELA;NGF;MYD88
REACTOME_P75_NTR_RECEPTOR_MEDIATED_SIGNALLING,0.82475884244373,1,0.0445070537769277,0.180945404123749,0.799496551999152,70,ARHGEF16;VAV2;ABR;PSEN2;SMPD2;AATF;SQSTM1;MAGED1;ARHGDIA;RHOA;MCF2L;ARHGEF18;BAD;VAV1;CASP2;NGFR;HDAC1;APH1A;CASP3;OBSCN;RELA;NGF;MYD88;ARHGEF11;ARHGEF7
REACTOME_PEPTIDE_LIGAND_BINDING_RECEPTORS,0.722402597402597,1,0.051011413203915,0.192225735292545,0.868691402984921,78,SSTR3;CXCR6;AVPR1A;EDN2;AVP;POMC;GALR3;CCL22;FPR1;CXCR3;HEBP1;PSAP;PF4;F2;KISS1;CCL5;OPRD1;EDN3;OXT;NPFF;OPRL1
REACTOME_PERK_REGULATES_GENE_EXPRESSION,0.76605504587156,1,0.0645031249656493,-0.21359394795332,-0.791290495173953,26,NFYB;IGFBP1;DIS3;NFYC
REACTOME_PEROXISOMAL_PROTEIN_IMPORT,0.866779089376054,1,0.0444181153081573,0.186805940785532,0.773912097952514,52,ACOX3;ACAA1;CRAT;MLYCD;PEX6;SLC27A2;ECH1;PAOX;AGXT;HMGCL;PEX10;PECR;PEX13
REACTOME_PHASE_I_FUNCTIONALIZATION_OF_COMPOUNDS,0.770597738287561,1,0.0478299633114229,0.187090645755545,0.830117269990292,71,FDXR;CES3;ALDH2;CYP2W1;CYB5B;POR;POMC;CYP4F2;RXRA;CYB5R3;AIP;CES2;PAOX;ALDH3A1;CYP2C9;AOC3;ALDH1B1
REACTOME_PINK1_PRKN_MEDIATED_MITOPHAGY,0.823333333333333,1,0.0462302524077616,0.212101692551225,0.731267732873604,23,MFN2;TOMM40;ATG9A;SQSTM1
REACTOME_PKMTS_METHYLATE_HISTONE_LYSINES,0.938534278959811,1,0.0562940749700968,-0.16941515662804,-0.641416558109527,29,SETD3;ASH2L;SUV39H1;SUZ12;SETD2;NSD3;MECOM;ATF7IP;SMYD2
REACTOME_PKR_MEDIATED_SIGNALING,0.780856423173804,1,0.0681513438679483,-0.190518456166141,-0.822842569244256,49,FANCL;HERC5;PPP2R5A;NCK1;MAP2K6;HSPA1L;ARIH1;SUMO1;NPM1;TUBB6;TUBB4A;PPP2CB;EIF2S1;STAT1
REACTOME_PLATELET_CALCIUM_HOMEOSTASIS,0.993067590987868,1,0.0394366509525593,0.160855115269834,0.503370282883221,17,ORAI2;P2RX4;ATP2A2;P2RX2;P2RX1;ATP2A1;SRI;STIM1
REACTOME_PLATELET_HOMEOSTASIS,0.920065252854812,1,0.0401660980049421,0.169072989645975,0.711255768479061,55,PPP2R1A;GNB2;NOS3;ORAI2;PPP2R5B;PTPN6;GNAS;P2RX4;PDE11A;GNG7;FGR;ATP2A2;GNB5;PDE9A;PAFAH2;P2RX2;P2RX1;PPP2R5D;ATP2A1
REACTOME_POTASSIUM_CHANNELS,0.930521091811414,1,0.0589694466690997,-0.171742362039854,-0.72026032228851,42,KCND3;KCNJ8;KCNMB4;KCNN2;KCNA1;KCNMA1;GABBR1;KCNJ3;KCNC1;KCNB1;KCNAB1;KCNJ2;KCNJ10
REACTOME_POTENTIAL_THERAPEUTICS_FOR_SARS,0.910526315789474,1,0.0628003977812234,-0.159126114354572,-0.757300204590744,75,NCK1;ROCK1;ARID4B;ATP1A2;ATP1B2;ATP1B1;FXYD3;SOS1;FXYD7;ROCK2;JAK1;PLCG2;CUL3;AP2B1;ITGB1
REACTOME_PRC2_METHYLATES_HISTONES_AND_DNA,0.912820512820513,1,0.0426733861156084,0.202727151369069,0.655302813756314,19,H2AX;DNMT1;H2BC12;H3-3B;RBBP4;H2BC5;H2AC6;H3C6;H2AZ2
REACTOME_PROCESSIVE_SYNTHESIS_ON_THE_C_STRAND_OF_THE_TELOMERE,0.781629116117851,1,0.0503964322442957,0.252805650710284,0.763936209924681,15,POLD2;POLD1;FEN1;TINF2;POLD4;RPA2;ACD;LIG1;PCNA
REACTOME_PROTEASOME_ASSEMBLY,0.848993288590604,1,0.0451344222209097,0.185906561389109,0.753093260571565,47,PSMC4;PSMD2;PSMC3;PSMA7;PSMB9;PSMD13;PSMB10;PSMD4;ADRM1;PSMF1;PSMD9;PSMD8;PSMD3
REACTOME_PROTEIN_UBIQUITINATION,0.733830845771144,1,0.0706196247122591,-0.1990290626969,-0.844093281891315,44,UBE2E1;WAC;PEX2;UBE2V2;UBE2N;USP9X;UBB;HLTF;BCL10;PEX12
REACTOME_RAC2_GTPASE_CYCLE,0.83756345177665,1,0.0650877566917313,-0.17545824436832,-0.794146748269906,60,TIAM1;TMPO;DOCK4;LBR;ARHGAP32;GARRE1;NCKAP1;IQGAP1;TFRC;DOCK1;ITGB1;GIT2;MCAM
REACTOME_RAC3_GTPASE_CYCLE,0.705592105263158,1,0.0526973085708419,0.200484710016119,0.854356220147011,59,VAV2;YKT6;ABR;IL32;PIK3R2
REACTOME_RAS_PROCESSING,0.707762557077626,1,0.0681513438679483,-0.266043033312704,-0.8435221609175,16,CALM1;LYPLA1;KRAS;UBB;ABHD17B
REACTOME_RECYCLING_PATHWAY_OF_L1,0.950704225352113,1,0.0421619430092452,0.177101290741971,0.650997434769666,31,RPS6KA1;AP2M1;MSN;TUBB4B;TUBA3C;AP2A2;AP2S1
REACTOME_REGULATION_OF_APOPTOSIS,0.997555012224939,1,0.0550211117163117,-0.138321272538352,-0.564035028061355,38,OPA1;PSMD12;PSMA1;UBB;PSMA3;SEM1;PSMB1;PSMA2;PSMA4;PSMC2;PSMD14;PSMA5;PSMB5;PAK2;UBA52
REACTOME_REGULATION_OF_BETA_CELL_DEVELOPMENT,0.854636591478697,1,0.0635007968065945,-0.211330452308814,-0.748434856419981,24,CREBBP;MAMLD1;RBPJ;AKT3;KAT2B;SLC2A2;NR5A2;HNF1B
REACTOME_REGULATION_OF_CDH1_FUNCTION,0.795379537953795,1,0.0473534245254193,0.19558381906583,0.815245770264312,53,PSMC4;PSMD2;PSMC3;CDH1;ACTA1;PSMA7;PSMD13;RACK1;CTNNA1;ADRM1;BANP;PSMD8;PSMD3;PSMB3;CTSS;PSMD7;PSMC5;JUP
REACTOME_REGULATION_OF_ENDOGENOUS_RETROELEMENTS,0.778140293637847,1,0.0478299633114229,0.193634775232258,0.825293237434416,58,GATAD2A;MBD3;SMARCB1;BCL7B;TRIM28;H2AX;H2BC12;BCL7C;ZNF224;H3-3B;SMARCC2;ARID1A;DPF2;RBBP4;HDAC1;H2BC5;H2AC6;SMARCA4;EHMT2;H3C6;SMARCD3;UBE2I;H2AZ2;CHD4;MORC2;BCL7A
REACTOME_REGULATION_OF_ENDOGENOUS_RETROELEMENTS_BY_THE_HUMAN_SILENCING_HUB_HUSH_COMPLEX,0.997524752475248,1,0.0555947097758869,-0.12900062991934,-0.440574062505114,21,ZCCHC8
REACTOME_REGULATION_OF_EXPRESSION_AND_FUNCTION_OF_TYPE_II_CLASSICAL_CADHERINS,0.984402079722704,1,0.0398406946073899,0.171310017783047,0.517670096928678,15,PRDM8;CTNNA1;TNRC6B;JUP;SNAI1;HEYL;CTNNB1;ILF3;ADAM19;ANGPTL4;ZC3H12A;FOXF1;AGO3;CDH11;AMOT
REACTOME_REGULATION_OF_HOMOTYPIC_CELL_CELL_ADHESION,0.776911076443058,1,0.0458620343117985,0.173344697050633,0.847700351491041,123,PIP5K1C;MOGS;RPN1;PSMC4;PSMD2;FURIN;PSMC3;H2AX;CDH1;ACTA1;PSMA7;CTBP1;PSMD13;FOXA2;H2BC12;RACK1;PRDM8;CTNNA1;H3-3B;MAPK3;ADRM1;POMT2;TCF3;BANP;ARID1A;RBBP4;PKM;PSMD8;PSMD3;HDAC1;PCSK7;PSMB3;H2BC5;CSNK2A2;TNRC6B;CSNK2B;CTSS;H2AC6;PSMD7;SMARCA4;PSMC5;JUP;H3C6;POMT1;PSMB4;SNAI1;H2AZ2;PCSK6
REACTOME_REGULATION_OF_INSULIN_SECRETION,0.716748768472906,1,0.0713052987340038,-0.198342475118116,-0.851019467415626,47,PRKCA;RAP1A;MARCKS;PLCB1;IQGAP1;CACNB2;RAPGEF3;SLC2A1;PRKAR2A;SLC2A2;GNA14;ITPR3;KCNB1;ACSL3;PRKACB;PRKACA
REACTOME_REGULATION_OF_MITF_M_DEPENDENT_GENES_INVOLVED_IN_LYSOSOME_BIOGENESIS_AND_AUTOPHAGY,0.767058823529412,1,0.0656813601934011,-0.247746295598751,-0.79924528220298,17,ATP6V1A;ATP6V1H;ATP6V1D;ATP6V0E1;ATP6AP2;MITF
REACTOME_REGULATION_OF_ORNITHINE_DECARBOXYLASE_ODC,0.733218588640275,1,0.0530212512043078,0.214591185605987,0.824399082382318,36,OAZ1;PSMC4;PSMD2;PSMC3;PSMA7;PSMD13;ADRM1;PSMD8;PSMD3;PSMB3;ODC1;PSMD7;PSMC5
REACTOME_REGULATION_OF_PD_L1_CD274_EXPRESSION,0.994350282485876,1,0.0619762736001998,-0.124737904372942,-0.631755401675062,110,MAGT1;TCF7L1;CREBBP;JAK1;TMEM258;PSMD12;ASH2L;PSMA1;PRKAB2;UBB;PSMA3;ERLIN2;ERLIN1;SUZ12;CUL3;SEM1;GSK3B;HIF1A;TCF7L2;PSMB1;PSMA2;H2BC21;PSMA4;STAT1;EP300;AGO3;SKP1
REACTOME_REGULATION_OF_PD_L1_CD274_POST_TRANSLATIONAL_MODIFICATION,0.981432360742706,1,0.0596037042575973,-0.13816438714262,-0.63826226265125,67,MAGT1;JAK1;TMEM258;PSMD12;PSMA1;PRKAB2;UBB;PSMA3;ERLIN2;ERLIN1;CUL3;SEM1;GSK3B;PSMB1;PSMA2
REACTOME_REGULATION_OF_PD_L1_CD274_TRANSCRIPTION,0.998327759197324,1,0.037536290520292,0.140191046657419,0.553284029947975,41,STAT3;H2AX;TEAD3;NFKB2;H2BC12;H3-3B;RBBP4;H2BC5;IRF1;RELA;EPAS1;H2AC6;H3C6
REACTOME_REGULATION_OF_PLK1_ACTIVITY_AT_G2_M_TRANSITION,0.921052631578947,1,0.0404934829859503,0.16892524683187,0.721295856661599,60,PPP2R1A;SSNA1;SFI1;ACTR1A;CDK5RAP2;DYNC1H1;CSNK1D;TUBB4B;OPTN;HAUS5;TUBG1;NDE1;HAUS2;DCTN2
REACTOME_REGULATION_OF_PTEN_STABILITY_AND_ACTIVITY,0.96039603960396,1,0.0387166740042594,0.153333436435646,0.63239354653888,50,AKT1;PSMC4;PSMD2;AKT2;PSMC3;PSMA7;PSMD13;STUB1;ADRM1;PSMD8;PSMD3;PSMB3;CSNK2A2;CSNK2B;WWP2;PSMD7;PSMC5
REACTOME_REGULATION_OF_RAS_BY_GAPS,0.833740831295844,1,0.0635007968065945,-0.186109807711875,-0.78611350889414,43,SPRED2;RASA1;PSMD12;KRAS;PSMA1;UBB;PSMA3;CUL3;SEM1;PSMB1;PSMA2;PSMA4
REACTOME_REGULATION_OF_RUNX3_EXPRESSION_AND_ACTIVITY,0.826086956521739,1,0.0462302524077616,0.195132478629039,0.770118254509075,41,PSMC4;TGFB1;PSMD2;PSMC3;PSMA7;RUNX3;PSMD13
REACTOME_REGULATION_OF_TP53_ACTIVITY,0.906349206349206,1,0.0395979123961192,0.159607910580792,0.755623313198099,102,GATAD2A;MLST8;PPP2R1A;MBD3;AKT1;BRCA1;MAPKAP1;PLK3;USP7;STK11;AKT2
REACTOME_RESPONSE_OF_MTB_TO_PHAGOCYTOSIS,0.875219683655536,1,0.0458620343117985,0.213506135232421,0.676800811977889,18,CORO1A;ENO1;HGS;MAPK3
REACTOME_RETROGRADE_TRANSPORT_AT_THE_TRANS_GOLGI_NETWORK,0.84641638225256,1,0.0460457683018055,0.202467849336038,0.747425778350842,30,PLIN3;COG4;NAPA;ARFRP1;ARFIP2;IGF2R;VPS51;M6PR;RGP1;STX10
REACTOME_RHOBTB2_GTPASE_CYCLE,0.875294117647059,1,0.0593487680335629,-0.220465844859257,-0.71123681573039,17,PHIP;SRRM1;CUL3;CCT6A;TRA2B;TXNL1
REACTOME_RHOH_GTPASE_CYCLE,0.865248226950355,1,0.0601186142531851,-0.199302289604833,-0.721579900991358,25,ROCK1;RALGAPA1;ROCK2;TFRC;WDR11;VAMP3;OSBPL11
REACTOME_RHOQ_GTPASE_CYCLE,0.987775061124694,1,0.0554793308704233,-0.143791059217758,-0.607362371166772,43,SNAP23;ARHGAP32;ARHGEF9;IQGAP1;TFRC;GIT2;VAMP3;CDC42;WASL;FNBP1;ITSN1
REACTOME_RHOU_GTPASE_CYCLE,0.786046511627907,1,0.0639271933359996,-0.197538940632722,-0.778479605528442,32,NCK1;ITSN2;USP9X;STAM2;IQGAP1;GIT2;DST;CDC42;PEAK1;TXNL1;PTK2B
REACTOME_RHO_GTPASES_ACTIVATE_PKNS,0.68676716917923,1,0.0547939500773363,0.219650283371942,0.853740742499722,37,PKN1;H2AX;PDPK1;MYH9;H2BC12;RHOA;YWHAH;H3-3B
REACTOME_RHO_GTPASES_ACTIVATE_WASPS_AND_WAVES,0.933179723502304,1,0.0553642837725362,-0.166594991921127,-0.651916571634435,31,WIPF2;NCK1;NCKAP1;RAC1;CDC42;WASL;ARPC3;WASF3;ACTR3
REACTOME_RIBOSOME_QUALITY_CONTROL_RQC_COMPLEX_EXTRACTS_AND_DEGRADES_NASCENT_PEPTIDE,0.933862433862434,1,0.0618406035753285,-0.151183220802445,-0.73012349766561,85,KLHDC10;RPL41;RPL7;RPL37A;RPL24;PSMD12;RPL12;PSMA1;UBB;RPL7A;RPL30;PSMA3;SEM1;RPL36AL;RPL22;PSMB1;PSMA2;RPL9;PSMA4;RPL26L1;RPL5;RPL10;RPL14;PSMC2;PSMD14;PSMA5;ANKZF1;PSMB5;RPL35A;RPL3L
REACTOME_RNA_POLYMERASE_II_TRANSCRIPTION_TERMINATION,0.6975,1,0.0734381410838857,-0.204672220574573,-0.868323032618497,46,SNRPE;THOC2;SRSF7;SRRM1;CPSF6;CPSF7;THOC7;UPF3B;CSTF3;SRSF11;SNRPD3;SRSF2;PAPOLA;SRSF3;CLP1;SNRPF
REACTOME_RND2_GTPASE_CYCLE,0.900709219858156,1,0.0582216241124161,-0.179631042267881,-0.680094550891095,29,KIDINS220;ALDH3A2;KTN1;RND2;FRS2;TFRC;DST;FNBP1;LEMD3;CAV1;TXNL1
REACTOME_RND3_GTPASE_CYCLE,0.958549222797927,1,0.0409055783172035,0.164370201171057,0.575952482153278,25,PIK3R2;FLOT2;TNFAIP1;SCRIB;NISCH;KCTD13;WDR6;DLG5;ARHGAP35
REACTOME_RRNA_PROCESSING,0.754946727549467,1,0.0460457683018055,0.171502522765984,0.862183191854422,153,BOP1;DDX49;RPP25;WDR46;EXOSC4;WDR18;RCC1L;RRP9;MRM3;NOC4L;TBL3;RRP1;RPL13;CSNK1D;TSR1;NGRN;RPP14;RPS5;RPS2;HSD17B10;RPL18A;RPS19;RPL8;PES1;FTSJ3;EXOSC7;RPLP1;ELAC2;DKC1;NCL;IMP4;MRM2;RPS26;NOL6;RPS9;RPLP2;RPL28
REACTOME_RUNX1_INTERACTS_WITH_CO_FACTORS_WHOSE_PRECISE_EFFECT_ON_RUNX1_TARGETS_IS_NOT_KNOWN,0.846289752650177,1,0.0476387259290825,0.205039650172698,0.721675863817011,26,PHC2;SMARCB1;SMARCC2;SCMH1;ARID1A;CBX4;CBX6;CSNK2A2;CSNK2B;SMARCA4;SMARCD3;PBRM1
REACTOME_RUNX2_REGULATES_OSTEOBLAST_DIFFERENTIATION,0.774696707105719,1,0.0508054139066364,0.255296263083736,0.771462422141934,15,ABL1;COL1A1;MAPK3
REACTOME_SARS_COV_1_HOST_INTERACTIONS,0.773311897106109,1,0.0474483193656297,0.184403171523528,0.827789451588311,75,SERPINE1;PYCARD;TRAF3;BST2;BCL2L1;PPIB;PDPK1;KPNA2;RPS5;TKFC;RPS2;RPS19;IRF3;YWHAH;RPS26;RPS9;CASP1
REACTOME_SARS_COV_1_INFECTION,0.737730061349693,1,0.0474483193656297,0.182514121325051,0.875988340005304,108,SERPINE1;CHMP6;PYCARD;PARP6;TRAF3;MOGS;BST2;BCL2L1;VCP;MGAT1;PPIB;PDPK1;KPNA2;BECN1;RPS5;TKFC;RPS2;RPS19;DDX5;IRF3;YWHAH;RPS26;RPS9;CASP1
REACTOME_SCF_BETA_TRCP_MEDIATED_DEGRADATION_OF_EMI1,0.961666666666667,1,0.0391155247681459,0.15945673648939,0.629579655518969,39,PSMC4;PSMD2;PSMC3;PSMA7;FZR1;PSMD13
REACTOME_SCF_SKP2_MEDIATED_DEGRADATION_OF_P27_P21,0.734006734006734,1,0.0519512476197082,0.207842239270096,0.833564989727348,45,CDKN1A;CCND1;PSMC4;PSMD2;PSMC3;PSMA7
REACTOME_SEMA4D_INDUCED_CELL_MIGRATION_AND_GROWTH_CONE_COLLAPSE,0.936752136752137,1,0.041488040200221,0.194053650550813,0.627266265849746,19,PLXNB1;MYH9;RHOA;ERBB2
REACTOME_SENSORY_PROCESSING_OF_SOUND,0.738805970149254,1,0.0702812841717392,-0.198147526737148,-0.840354639045443,44,EPS8;PLS1;RDX;SYN1;KCNN2;USH1C;CACNB2;KCNMA1;CAPZA1;ATP2B2
REACTOME_SENSORY_PROCESSING_OF_SOUND_BY_OUTER_HAIR_CELLS_OF_THE_COCHLEA,0.869718309859155,1,0.0462302524077616,0.200147811154471,0.73571294195794,31,EPS8L2;MYO1C;MYO7A;MSN;MYH9;CHRNA10
REACTOME_SIALIC_ACID_METABOLISM,0.781176470588235,1,0.0647943366000727,-0.244894808184323,-0.790046202726393,17,ST3GAL6;GNE
REACTOME_SIGNALING_BY_ACTIVIN,0.938823529411765,1,0.0560595875032335,-0.20441599686189,-0.633968338880312,15,TGFBR3;ACVR2A;FST;ACVR2B
REACTOME_SIGNALING_BY_BRAF_AND_RAF1_FUSIONS,0.746268656716418,1,0.0697792517076235,-0.196349111793712,-0.857996579109894,51,RAP1A;CALM1;FAM114A2;TRIM24;CAMK2A;KRAS;QKI;IQGAP1;AP3B1;VCL;AGK;MAP2K1;AKAP9;PAPSS1;FXR1;YWHAB;MPRIP;TRAK1
REACTOME_SIGNALING_BY_CSF3_G_CSF,0.873462214411248,1,0.0459538081039063,0.197520213795091,0.705405203742623,27,STAT3;SHC1;TYK2;HCK;ELOB;CSF3R;SOCS3;SOCS1
REACTOME_SIGNALING_BY_ERBB4,0.773869346733668,1,0.0492917662312669,0.206805035995601,0.803813599842229,37,MXD4;PSEN2;APOE;SHC1;HRAS
REACTOME_SIGNALING_BY_FGFR2_IN_DISEASE,0.831408775981524,1,0.0609039347452418,-0.197499109223386,-0.736934909259267,27,GAB1;POLR2K;SOS1;FRS2;KRAS
REACTOME_SIGNALING_BY_FGFR3,0.859861591695502,1,0.0459538081039063,0.206100660964263,0.739451157503144,28,PPP2R1A;PLCG1;SHC1;HRAS
REACTOME_SIGNALING_BY_MODERATE_KINASE_ACTIVITY_BRAF_MUTANTS,0.839195979899498,1,0.0455878202571231,0.193249840114446,0.751127016339349,37,HRAS;ARAF;CSK;CAMK2B;MAP3K11;MAP2K2;MAPK3;PHB1
REACTOME_SIGNALING_BY_NOTCH,0.794348508634223,1,0.0451344222209097,0.170995219259377,0.845820679393709,140,CCND1;PSEN2;PLXND1;AKT1;HDAC5;PSMC4;PSMD2;WWC1;B4GALT1;FURIN;PSMC3;H2AX;PSMA7;ELF3;PSMD13;NOTCH1;MFNG;H2BC12;H3-3B;SIRT6;ADRM1;IKZF1;MDK;ST3GAL4;DTX2;KAT2A;TLE3;PSMD8;ATP2A2;PSMD3;HDAC1;PTCRA;NCOR2;SMAD3;APH1A;PSMB3;H2BC5;TNRC6B;YBX1;RFNG;WWP2;H2AC6;PSMD7;PSMC5;H3C6;ATP2A1;DTX4;PSMB4;LFNG;H2AZ2;E2F1;HES1;JAG1;MAML3
REACTOME_SIGNALING_BY_NOTCH3,0.952941176470588,1,0.0553642837725362,-0.16312898401531,-0.65722734528408,35,CREBBP;MAMLD1;ADAM10;RBPJ;UBB;KAT2B;APH1B;STAT1;EP300;PSEN1;SNW1
REACTOME_SIGNALING_BY_NOTCH4,0.909560723514212,1,0.0619762736001998,-0.167240787300291,-0.761453378368761,63,CREBBP;MAMLD1;ADAM10;NOTCH2;PSMD12;RBPJ;PSMA1;UBB;PSMA3;KAT2B;SEM1;APH1B;PSMB1;PSMA2;PSMA4;EP300;FBXW7;SKP1;PSEN1;SNW1;PSMC2;PSMD14;PSMA5;PSMB5;ACTA2;NCSTN
REACTOME_SIGNALING_BY_TGFBR3,0.87542662116041,1,0.0445070537769277,0.194238308058355,0.717045788070339,30,PSEN2;TGFB1;INHBA;RXRA;GIPC1;TCF3;MMP14;SMAD3;APH1A;TNRC6B
REACTOME_SIGNALING_BY_TGF_BETA_RECEPTOR_COMPLEX,0.866352201257862,1,0.0412376090540066,0.172343311941702,0.772136912834793,73,SERPINE1;JUNB;CDK9;TGFB1;PPP1CA;PRKCZ;FURIN;LTBP3;SKIL;UBE2M;STUB1;PPP1R15A;RHOA;MAPK3;ARHGEF18;PARD6A;E2F4;HDAC1;NCOR2;SMAD3
REACTOME_SIGNALING_BY_THE_B_CELL_RECEPTOR_BCR,0.963081861958267,1,0.0373029764832679,0.150515376601056,0.691166676321772,84,IKBKG;ORAI2;BLK;PSMC4;PSMD2;HRAS;PSMC3;PTPN6;PSMA7;PIK3CD;NFKBIE;PSMD13;NFKBIB
REACTOME_SIGNALLING_TO_ERKS,0.773672055427252,1,0.0643583367917361,-0.210644806951944,-0.785985882708404,27,MAPK13;RAP1A;KIDINS220;SOS1;FRS2;KRAS;SHC3
REACTOME_SIGNALLING_TO_RAS,0.785460992907801,1,0.0512184348540341,0.246047642280591,0.757063957738787,16,SHC1;HRAS;RALGDS;SHC2;MAPK11;MAPKAPK2;NGF;MAPKAPK3
REACTOME_SIRT1_NEGATIVELY_REGULATES_RRNA_EXPRESSION,0.897163120567376,1,0.0451344222209097,0.213616622253542,0.657276956540116,16,H2AX;H2BC12;H3-3B;H2BC5;H2AC6;H3C6;H2AZ2;RRP8
REACTOME_SLC_MEDIATED_TRANSPORT_OF_AMINO_ACIDS,0.843283582089552,1,0.0637845390312975,-0.215256045838016,-0.757649075724767,23,SLC16A10;SLC7A9;SLC1A4;SLC38A2;SLC1A2
REACTOME_SMAD2_SMAD3_SMAD4_HETEROTRIMER_REGULATES_TRANSCRIPTION,0.759226713532513,1,0.0523759084097997,0.226032153306928,0.807230075810198,27,SERPINE1;JUNB;CDK9;FURIN
REACTOME_SMOOTH_MUSCLE_CONTRACTION,0.979452054794521,1,0.0395172228473919,0.156640751799041,0.595909576441138,34,CACNA1H;ALDH2;TPM2;TPM4
REACTOME_SOMITOGENESIS,0.705192629815745,1,0.0535669384770951,0.21655691703192,0.841717389579742,37,PSMC4;PSMD2;PSMC3;PSMA7;PSMD13;NOTCH1;ADRM1;PSMD8;PSMD3;PSMB3;EPHA4;TBX6;PSMD7;PSMC5;PSMB4;LFNG
REACTOME_SPHINGOLIPID_DE_NOVO_BIOSYNTHESIS,0.702970297029703,1,0.0725351864394589,-0.25139213253961,-0.858576064194824,21,ABCG2;KDSR;CERT1;PRKD3;SPTLC1
REACTOME_SPHINGOLIPID_METABOLISM,0.687196110210697,1,0.0532386494755899,0.203148227602271,0.862644845202054,57,SMPD2;PRKD2;CYB5B;CTSA;NEU1;PSAP;GAL3ST1;ARSA;CSNK1G2;SPHK2;SPTSSA;SMPD1;GM2A;M6PR;CERS2;B3GALT4;HEXA;SPHK1;HEXB;GLA;CERS4;ABCC1;SPTLC2;DEGS1;GLB1;A4GALT;SMPD3;OSBP
REACTOME_SPOP_MEDIATED_PROTEASOMAL_DEGRADATION_OF_PD_L1_CD274,0.841402337228715,1,0.0453152441270267,0.191522351327027,0.760254458445071,42,CCND1;PSMC4;PSMD2;PSMC3;PSMA7;PSMD13;ADRM1;PSMD8;PSMD3;PSMB3;CSNK2A2;CSNK2B;PSMD7;PSMC5;CDK4;PSMB4
REACTOME_STABILIZATION_OF_P53,0.995,1,0.037536290520292,0.132498578428553,0.52314133099891,39,PSMC4;PSMD2;PSMC3;PSMA7;PSMD13;ADRM1;PSMD8;PSMD3
REACTOME_SULFUR_AMINO_ACID_METABOLISM,0.97029702970297,1,0.0568864160475701,-0.170332899075666,-0.581735588198001,21,MTRR;SUOX;GOT1;CTH;TXN2;ENOPH1;ADO;SQOR;BHMT;AHCY
REACTOME_SWITCHING_OF_ORIGINS_TO_A_POST_REPLICATIVE_STATE,0.705583756345178,1,0.0736212741014394,-0.192818521529988,-0.872721612088003,60,ORC3;UBE2E1;CDC16;ORC4;CDC23;SKP2;PSMD12;GMNN;PSMA1;UBB;PSMA3;SEM1;PSMB1;PSMA2;CDC27;PSMA4;SKP1;UBE2C;PSMC2;ORC5;PSMD14;CCNA2;PSMA5
REACTOME_SYNTHESIS_OF_ACTIVE_UBIQUITIN_ROLES_OF_E1_AND_E2_ENZYMES,0.928813559322034,1,0.041488040200221,0.193005492695425,0.631422822360948,20,USP7;USP5;CDC34
REACTOME_SYNTHESIS_OF_BILE_ACIDS_AND_BILE_SALTS,0.997706422018349,1,0.0520570030732099,-0.136542976093175,-0.505843729190803,26,NCOA2;OSBPL9;CYP39A1;BAAT;NR1H4;AKR1C1
REACTOME_SYNTHESIS_OF_BILE_ACIDS_AND_BILE_SALTS_VIA_7ALPHA_HYDROXYCHOLESTEROL,0.897435897435897,1,0.0434506826723125,0.207454508576859,0.670583699710539,19,RXRA;SLC27A2;CYP7A1;CYP27A1;SLC27A5;ACOT8
REACTOME_TBC_RABGAPS,0.780276816608997,1,0.0503964322442957,0.223010357687421,0.800120030453216,28,ULK1;RAB5C;RAB35;TSC2;GGA3;RAB5B;OPTN;TBC1D17;GGA1
REACTOME_TERMINATION_OF_TRANSLESION_DNA_SYNTHESIS,0.923267326732673,1,0.059221919380382,-0.19007553194454,-0.661065436642108,22,RFC5;RPA3
REACTOME_TOLL_LIKE_RECEPTOR_9_TLR9_CASCADE,0.838499184339315,1,0.0444181153081573,0.177425765124861,0.80562984988315,80,IKBKG;RPS6KA1;PPP2R1A;DUSP3;IRF7;ECSIT;AGER;NFKB2;TRAF2;MAP2K7;NFKBIB;TICAM1;NLRX1;MAPK3;CD14;VRK3;MAP2K3;MAPK7
REACTOME_TOLL_LIKE_RECEPTOR_TLR1_TLR2_CASCADE,0.759170653907496,1,0.047925896705813,0.184677739944466,0.852345433373028,87,IKBKG;RPS6KA1;PPP2R1A;S100A9;DUSP3;ECSIT;AGER;NFKB2;TRAF2;MAP2K7;NFKBIB;NLRX1;S100A8;MAPK3;CD14;VRK3;MAP2K3;MAPK7;CD36;MAPK11;MAPKAPK2;NKIRAS2;SOCS1;SIGIRR;RELA;MYD88;MAPKAPK3
REACTOME_TP53_REGULATES_METABOLIC_GENES,0.835051546391753,1,0.065981614400873,-0.176685305947174,-0.788866334516681,56,COX6C;LAMTOR3;COX7C;LAMTOR5;COX7B;TSC1;GLS2;PRKAB2;AKT3;RRAGD;COX7A2L;TXN;COX6B1;AGO3;TP63;GLS;YWHAB;COX7A2;COX7A1;TXNRD1;YWHAQ;PRDX1;PRKAG1
REACTOME_TRAFFICKING_OF_AMPA_RECEPTORS,0.76063829787234,1,0.0526973085708419,0.251736324968199,0.774567464742073,16,PICK1;AP2M1;CAMK2B;AP2A2;AP2S1;DLG4;MYO6;CAMK2G
REACTOME_TRANSCRIPTIONAL_ACTIVITY_OF_SMAD2_SMAD3_SMAD4_HETEROTRIMER,0.924205378973105,1,0.0585937568945671,-0.173390120208346,-0.707035870351467,38,CCNT1;NCOR1;RNF111;PPM1A;USP9X;UBB;TRIM33;NEDD4L;STAT1;EP300;TFDP1;SNW1;TGIF1;MYC;CCNC;SMAD2;UBA52;WWTR1
REACTOME_TRANSCRIPTIONAL_AND_POST_TRANSLATIONAL_REGULATION_OF_MITF_M_EXPRESSION_AND_ACTIVITY,0.888704318936877,1,0.0425877779273254,0.180926383876414,0.732333511099286,46,RPS6KA1;TFE3;MARS1;CDH1;POMC;CSF1;QARS1;ID1;YWHAH;MAPK3
REACTOME_TRANSCRIPTIONAL_REGULATION_BY_E2F6,0.992718446601942,1,0.0549073703290958,-0.149411434579007,-0.509015035695176,20,PHC3;SUZ12;E2F6;CBX3;TFDP1
REACTOME_TRANSCRIPTIONAL_REGULATION_BY_NPAS4,0.970940170940171,1,0.0398406946073899,0.176038236265937,0.569032568034041,19,RET;MAGED1;MAPK3;SRF;TNRC6B;CDK5;CDK5R1
REACTOME_TRANSCRIPTIONAL_REGULATION_BY_TP53,0.749253731343284,1,0.0454967810085007,0.169157848827869,0.894512544046701,234,CDKN1A;PRMT1;GATAD2A;MLST8;PPP2R1A;MBD3;CDK9;SCO2;BAX;AKT1;SUPT5H;TP53I3;BRCA1;MAPKAP1;PLK3;USP7;GPI;STK11;AKT2;NELFB;POLR2D;BIRC5;ERCC2;STEAP3;IGFBP3;PDPK1;DDB2;POLR2E;CTDP1;TSC2;RRAGC;NELFCD;GADD45A;ELOB;DYRK2;GTF2F1;YWHAH;CARM1;PRDX2;G6PD;SGK1;NOC2L;ERCC3;GPX2;CASP1;POLR2L;PERP;PIN1;BANP;CASP2;L3MBTL1;E2F4;TRIAP1;RBBP4
REACTOME_TRANSCRIPTIONAL_REGULATION_BY_VENTX,0.774752475247525,1,0.0676760401641789,-0.229861641190894,-0.799437911058783,22,UBE2E1;CDC16;CDC23;TCF7L2;CDC27;AGO3;UBE2C
REACTOME_TRANSCRIPTION_COUPLED_NUCLEOTIDE_EXCISION_REPAIR_TC_NER,0.980676328502416,1,0.0366082221336689,0.139886743635957,0.610621716296451,65,USP7;COPS7B;GPS1;POLD2;POLR2D;ERCC2;POLR2E;POLD1;ERCC3;POLR2L;LIG3;POLD4;COPS6;POLR2J;GTF2H4;POLR2I;ERCC1;XRCC1;CUL4A;RPA2;PRPF19;LIG1;PCNA;GTF2H3
REACTOME_TRANSCRIPTION_OF_THE_HIV_GENOME,0.80440097799511,1,0.0652353056017703,-0.184014265490527,-0.812728413840363,52,GTF2B;CCNT1;POLR2K;RNMT;TAF5;ELOA;TAF9B;GTF2H1;GTF2A2;TCEA1
REACTOME_TRANSLATION_OF_SARS_COV_1_STRUCTURAL_PROTEINS,0.960199004975124,1,0.0389556479965885,0.168117743562504,0.588810593240105,24,PARP6;MOGS;MGAT1
REACTOME_TRANSLATION_OF_SARS_COV_2_STRUCTURAL_PROTEINS,0.841402337228715,1,0.0453152441270267,0.191455382809218,0.759988624646104,42,PRMT1;PARP6;MOGS;RPN1;MGAT4B;MGAT1
REACTOME_TRNA_AMINOACYLATION,0.842657342657343,1,0.0473534245254193,0.198472962194303,0.739994504793637,32,MARS1;FARSA;HARS2;YARS1;CARS2;SARS1;QARS1;AARS1;GARS1;TARS1;TARS2;VARS1;PPA1;CARS1;WARS1;LARS2
REACTOME_UBIQUITIN_DEPENDENT_DEGRADATION_OF_CYCLIN_D,0.890387858347386,1,0.0431901998334182,0.182078670262511,0.711083591934624,38,CCND1;PSMC4;PSMD2;PSMC3;PSMA7;PSMD13
REACTOME_UBIQUITIN_MEDIATED_DEGRADATION_OF_PHOSPHORYLATED_CDC25A,0.983221476510067,1,0.0383995813369433,0.147615114468281,0.597977537930381,47,PLK3;PSMC4;PSMD2;PSMC3;PSMA7;PSMD13;ADRM1;MAPK11;PSMD8;PSMD3
REACTOME_UPTAKE_AND_ACTIONS_OF_BACTERIAL_TOXINS,0.849498327759197,1,0.0449543067640062,0.216590622932359,0.732678853907927,22,EEF2;FURIN;MAP2K7;MAP2K2;MAP2K3
REACTOME_VASOPRESSIN_REGULATES_RENAL_WATER_HOMEOSTASIS_VIA_AQUAPORINS,0.737478411053541,1,0.0529129848430584,0.233095423754138,0.816765368255845,25,GNB2;AVP;GNAS;GNG7;GNB5;PRKAR1A;AVPR2;ADCY3;AQP3;GNB1
REACTOME_VIF_MEDIATED_DEGRADATION_OF_APOBEC3G,0.983277591973244,1,0.0382416816260774,0.143116503336593,0.5665000908793,40,PSMC4;PSMD2;PSMC3;PSMA7;PSMD13;ELOB;ADRM1
REACTOME_VITAMIN_B5_PANTOTHENATE_METABOLISM,0.785882352941177,1,0.0645031249656493,-0.245090866637612,-0.760115900821414,15,ENPP1;ENPP3;PANK3;SLC25A16
REACTOME_VOLTAGE_GATED_POTASSIUM_CHANNELS,0.95662100456621,1,0.05378728077603,-0.183798574179252,-0.582755987009844,16,KCND3;KCNA1;KCNC1;KCNB1;KCNAB1
